t,th,om,th_meas,th_hat,om_hat,duty,mode,valid,E
0.0,0.17454579990857677,0.006739245813265754,0.17333982903107745,0.17411534154050853,-0.2087918294622071,0.0,BALANCE,1,-0.00017886460627946865
0.002,0.17456044467834636,0.0072935576563850175,0.1718058482431918,0.17330701888644767,-0.4041613270304306,2.194146464183214,BALANCE,1,-0.00017889371663502236
0.004,0.17457438320997476,0.006997675313395385,0.17487380981896308,0.17385539571282807,0.27418841319019893,1.862933934405288,BALANCE,1,-0.00017892266620666086
0.006,0.17458619872506534,0.0060893058354149834,0.17333982903107745,0.17367494737421535,-0.09022416930636046,3.408704383038645,BALANCE,1,-0.0001789480938429106
0.008,0.17459625450328134,0.0052647806008756445,0.17487380981896308,0.17409454922987705,0.20980092783084991,2.715636976640571,BALANCE,1,-0.00017896965510870907
0.01,0.1746042561106104,0.004354587248294116,0.17640779060684875,0.17490418371181715,0.40481724097005123,3.5159833091674324,BALANCE,1,-0.00017898695204930006
0.012,0.17460999117682785,0.003353723841874031,0.17487380981896308,0.17489355284931823,-0.0053154312494585465,4.1198366851408315,BALANCE,1,-0.00017899950345636137
0.014,0.17461427483309133,0.002568892194045878,0.17487380981896308,0.17488664278869392,-0.003455030312154994,3.239837813498662,BALANCE,1,-0.00017900875979555926
0.016,0.17461728754308933,0.0018976622155984467,0.17333982903107745,0.17434525797352815,-0.27069240758288704,3.3489786639438064,BALANCE,1,-0.00017901524102583794
0.018000000000000002,0.1746196272729335,0.001443976260138597,0.17487380981896308,0.17453025111943038,0.09249657295111458,2.737408151857036,BALANCE,1,-0.00017902018790214754
0.02,0.17462071841729743,0.0008882099829099313,0.17333982903107745,0.17411360338850684,-0.20832386546176807,3.812007801263411,BALANCE,1,-0.0001790225577642659
0.022,0.17462116082397083,0.00047777023126087506,0.17487380981896308,0.17437967563916654,0.13303612532984677,3.073078847865693,BALANCE,1,-0.00017902352238030283
0.024,0.17462034463411624,-7.153190012222898e-05,0.17487380981896308,0.17455262260209534,0.0864734814643997,4.149745034755956,BALANCE,1,-0.0001790218769075168
0.026000000000000002,0.17461837079021106,-0.0006462584475750038,0.17333982903107745,0.17412814485223907,-0.21223887492813343,4.131029726901139,BALANCE,1,-0.00017901779602138898
0.028,0.17461589785610038,-0.0010169703422684754,0.17333982903107745,0.1738522343148325,-0.1379552687032909,3.3249155228495253,BALANCE,1,-0.00017901267270066436
0.03,0.17461283291982385,-0.001343618947599255,0.17333982903107745,0.17367289246551823,-0.08967092465712867,3.637721844612812,BALANCE,1,-0.000179006322257162
0.032,0.17460908721337692,-0.001683710359872896,0.17333982903107745,0.17355632026346396,-0.05828610102713572,3.8812024602696256,BALANCE,1,-0.00017899855212591276
0.034,0.1746045932408734,-0.002052374716266567,0.17640779060684875,0.17455433488364863,0.49900731009233645,4.078307067112209,BALANCE,1,-0.00017898921483922847
0.036000000000000004,0.17459807116406428,-0.002905782135569431,0.17333982903107745,0.1741292578352487,-0.21253852419995944,6.075433800978197,BALANCE,1,-0.0001789754259848992
0.038,0.17459111240020853,-0.003310069175046142,0.17333982903107745,0.17385295775378878,-0.13815004072996462,3.761402328901556,BALANCE,1,-0.00017896092794789792
0.04,0.1745836865009484,-0.0035977379781461623,0.17487380981896308,0.17421025597659978,0.17864911140549888,4.103429941330549,BALANCE,1,-0.00017894553137256836
0.042,0.17457504594388698,-0.0041404484968313865,0.17487380981896308,0.17444249982142693,0.11612192241357289,5.34681371242799,BALANCE,1,-0.00017892741585492686
0.044,0.1745652802710287,-0.004722915780228553,0.17333982903107745,0.1740565650448046,-0.19296738831116322,5.2419416695533325,BALANCE,1,-0.00017890689810448566
0.046,0.17455518465743206,-0.004979256696809213,0.17487380981896308,0.17434260071576008,0.14301783547773783,4.182837754213516,BALANCE,1,-0.00017888599230616247
0.048,0.1745439939770433,-0.005489508827681747,0.17794177139473438,0.17560231045340108,0.6298548688205008,5.570255388848404,BALANCE,1,-0.00017886254452578054
0.05,0.17453032177607275,-0.006737447182204622,0.17794177139473438,0.17642112178286773,0.4094056647333255,7.631739013106356,BALANCE,1,-0.00017883296775633546
0.052000000000000005,0.17451449396391927,-0.007917245864585871,0.17333982903107745,0.17534266931974113,-0.5392262315633001,6.930256312419334,BALANCE,1,-0.0001787987704660204
0.054,0.1744991823780164,-0.007665173642296151,0.17640779060684875,0.1757154617702288,0.18639622524382893,3.1654426564058142,BALANCE,1,-0.00017876789433734822
0.056,0.17448306423572474,-0.008060712558693789,0.17640779060684875,0.17595777686304578,0.12115754640849852,6.257730704245467,BALANCE,1,-0.00017873429017406596
0.058,0.1744659439197669,-0.008581809434112993,0.17487380981896308,0.17557838839761683,-0.18969423271447683,6.1091653010168905,BALANCE,1,-0.00017869837960092302
0.06,0.17444865219417602,-0.00864917827318754,0.17487380981896308,0.17533178589508802,-0.12330125126440439,4.8692606987562455,BALANCE,1,-0.00017866292343025154
0.062,0.17443122238773137,-0.008718645447660517,0.17333982903107745,0.17463460099268432,-0.34859245120184845,5.243423428974526,BALANCE,1,-0.00017862718375511745
0.064,0.1744142898851512,-0.008459637036373837,0.17333982903107745,0.17418143080612192,-0.22658509328120358,4.306028411969913,BALANCE,1,-0.0001785930667851356
0.066,0.17439759788296896,-0.008344187252466016,0.1718058482431918,0.17334997690909637,-0.4157269485127735,4.923776908207082,BALANCE,1,-0.00017855917672808072
0.068,0.17438158427265488,-0.008009960955780245,0.17640779060684875,0.1744202117033097,0.5351173971066686,4.103606155337285,BALANCE,1,-0.00017852705157312304
0.07,0.17436325026763982,-0.00927844916333109,0.17487380981896308,0.1745789710437884,0.07937967023934067,8.700229608640642,BALANCE,1,-0.00017848726835125947
0.07200000000000001,0.17434317997746895,-0.010153904954124836,0.17487380981896308,0.17468216461509953,0.051596785655569355,6.665865374725218,BALANCE,1,-0.00017844446812220958
0.074,0.17432172315555416,-0.010846984507615984,0.17333982903107745,0.1742123471606918,-0.23490872720385858,6.645159538911822,BALANCE,1,-0.00017839910368499466
0.076,0.17429997632678232,-0.010879549741241867,0.17333982903107745,0.17390696581532678,-0.1526906726825178,5.315552027446596,BALANCE,1,-0.000178354629634204
0.078,0.1742781013271285,-0.01095060605086856,0.17487380981896308,0.17424536121659948,0.16919770063635042,5.804122317499462,BALANCE,1,-0.00017830980945138225
0.08,0.17425490089065468,-0.011774543664779442,0.17333982903107745,0.17392842495166677,-0.15846813246635227,7.557314097975534,BALANCE,1,-0.00017826045785873757
0.082,0.17423098246759583,-0.012013211883064062,0.17333982903107745,0.1737224163794605,-0.10300428610313106,5.959174284289973,BALANCE,1,-0.0001782110389691297
0.084,0.1742065809728909,-0.012258632473379657,0.17333982903107745,0.17358851080752644,-0.06695278596703658,6.335545058002105,BALANCE,1,-0.00017816061124431183
0.08600000000000001,0.1741815309742177,-0.012612774178339833,0.17333982903107745,0.17350147218576928,-0.04351931087857863,6.619391201679246,BALANCE,1,-0.00017810856327223252
0.088,0.1741556355862728,-0.013067065965477376,0.17487380981896308,0.17398179035738712,0.2401590858089192,6.842115013999918,BALANCE,1,-0.0001780544932677585
0.09,0.17412770705414132,-0.014339447533890909,0.1718058482431918,0.17322021061741877,-0.3807898699841744,8.528524274461061,BALANCE,1,-0.00017799380919694818
0.092,0.17409947447362362,-0.01402250180378901,0.17333982903107745,0.17326207706219932,0.02093322239027362,5.142825574020212,BALANCE,1,-0.00017793719264438273
0.094,0.1740707286743863,-0.014527281866735615,0.17487380981896308,0.17382618352706664,0.28205323243366,7.499865186026446,BALANCE,1,-0.00017787704290728442
0.096,0.1740396196340857,-0.016070272000206505,0.1718058482431918,0.17311906617771045,-0.353558674678095,9.133917747187162,BALANCE,1,-0.00017780858662373722
0.098,0.17400781068894314,-0.015819471158180262,0.1718058482431918,0.17265943990062893,-0.22981313854075758,5.517832438463644,BALANCE,1,-0.00017774460411744167
0.1,0.17397650861267647,-0.015566727741479203,0.17640779060684875,0.17397136264780586,0.6559613735884623,6.30558535142664,BALANCE,1,-0.00017768165923806462
0.10200000000000001,0.1739418046078091,-0.018389907309235055,0.17487380981896308,0.1742872191577109,0.15792825495251905,11.764479560682037,BALANCE,1,-0.00017760072296815903
0.10400000000000001,0.1739026713914481,-0.02034316489334217,0.1718058482431918,0.17341873933762922,-0.4342399100408373,8.907700983702934,BALANCE,1,-0.00017751293451367952
0.106,0.17386274090461618,-0.019712045604489074,0.17333982903107745,0.1733911207303361,-0.01380930364655586,5.3370279115469135,BALANCE,1,-0.00017743430666691877
0.108,0.17382299118909927,-0.019984521577862405,0.17333982903107745,0.17337316863559557,-0.008976047370268248,8.028534395425222,BALANCE,1,-0.00017735221511161277
0.11,0.17378226495786506,-0.020622664026121187,0.17487380981896308,0.1738983930497742,0.2626122070893133,8.161159573947135,BALANCE,1,-0.00017726654386313655
0.112,0.1737387271188663,-0.02259615456485201,0.17487380981896308,0.1742397889189903,0.17069793460805505,10.027840991760767,BALANCE,1,-0.00017716883650441812
0.114,0.1736910995152986,-0.024748788230955734,0.17487380981896308,0.17446169623398078,0.11095365749523578,9.574176357723127,BALANCE,1,-0.00017706105743483733
0.116,0.1736393204850489,-0.026809801215699404,0.17027186745530618,0.17299525616144468,-0.7332200362680508,9.311371447880603,BALANCE,1,-0.0001769443976503739
0.11800000000000001,0.1735881375707871,-0.024615627885058628,0.17333982903107745,0.17311585666581614,0.060300252185729875,3.7465827160200877,BALANCE,1,-0.00017685235157734956
0.12,0.1735389360294028,-0.02458998181098503,0.17640779060684875,0.17426803354517756,0.5760884396807109,9.130256870645239,BALANCE,1,-0.0001767524620515933
0.122,0.17348564323737348,-0.02832845987826026,0.17487380981896308,0.1744800552410025,0.10601084791246607,12.80507110063289,BALANCE,1,-0.00017662304995177172
0.124,0.17342545538899654,-0.031622979570247296,0.17487380981896308,0.1746178693432887,0.06890705114311058,9.732525484073495,BALANCE,1,-0.00017647969874153217
0.126,0.17335894790253845,-0.0347205921276791,0.17333982903107745,0.17417055523401476,-0.2236570546369776,9.59464585567572,BALANCE,1,-0.0001763227039554263
0.128,0.1732881158184507,-0.03605520466342072,0.17487380981896308,0.17441669433874668,0.12306955236596195,7.621659651711656,BALANCE,1,-0.00017616882764797352
0.13,0.17321344598653549,-0.038527073742967426,0.17487380981896308,0.17457668475682242,0.07999520903786972,10.190106690534721,BALANCE,1,-0.00017599763380840057
0.132,0.1731331723404835,-0.041661878033629945,0.17640779060684875,0.17521757180433165,0.3204435237546127,10.003106481941073,BALANCE,1,-0.00017580799144955827
0.134,0.17304425835898676,-0.04715375745457124,0.1718058482431918,0.17402346855793271,-0.5970516231994655,11.89970827345009,BALANCE,1,-0.00017557569533288578
0.136,0.1729489056280597,-0.04818717349828917,0.1718058482431918,0.1732473014477734,-0.3880835550796602,5.211795517649819,BALANCE,1,-0.00017537196561510782
0.138,0.17285353883773408,-0.04719432592032682,0.17027186745530618,0.17220589955040988,-0.5207009486817571,6.779857770993084,BALANCE,1,-0.000175188923655109
0.14,0.17276273499130204,-0.04366903446165861,0.17640779060684875,0.1736765614201635,0.7353309348768072,5.796741600556303,BALANCE,1,-0.00017503928708575178
0.14200000000000002,0.17267156040617937,-0.047446107938802266,0.17487380981896308,0.17409559835974336,0.20951846978993494,15.488079106013055,BALANCE,1,-0.00017481811964629245
0.14400000000000002,0.1725707064063771,-0.05334988321749623,0.16873788666742054,0.17222039926743038,-0.9375995461564923,11.63700831350792,BALANCE,1,-0.0001745507160830207
0.146,0.17246497566571725,-0.05239030071264915,0.17027186745530618,0.1715384131331869,-0.3409930671217365,2.7474547591900675,BALANCE,1,-0.00017434787626520362
0.148,0.17236225928386562,-0.05034656755118039,0.17333982903107745,0.1721689086974486,0.3152477821308508,7.413073045996977,BALANCE,1,-0.00017416282544899933
0.15,0.17225929275337265,-0.05260150579447727,0.17487380981896308,0.1731156240899787,0.4733576962650393,12.723595611104786,BALANCE,1,-0.0001739302340209614
0.152,0.17214681029735973,-0.05984140559496922,0.17333982903107745,0.17319409581936326,0.03923586469228857,14.173799015519037,BALANCE,1,-0.0001736165030485252
0.154,0.17201902480505477,-0.06792454681145194,0.1718058482431918,0.17270820916770327,-0.24294332582999734,10.705532666700105,BALANCE,1,-0.0001732487559777174
0.156,0.1718765649547088,-0.07452932134963426,0.1718058482431918,0.17239238284412425,-0.15791316178950798,8.418945943422218,BALANCE,1,-0.00017286145188872803
0.158,0.17172147948631078,-0.08055476770943984,0.17027186745530618,0.17165020245803791,-0.37109019304316926,9.080237676331391,BALANCE,1,-0.00017244967007871664
0.16,0.17155657919030554,-0.08434689351837826,0.17027186745530618,0.1711677852070818,-0.241208625478051,7.330290603136921,BALANCE,1,-0.0001720514152163398
0.162,0.17138501080152288,-0.08722371174354368,0.16873788666742054,0.17031732071820035,-0.42523224444072916,8.340398108600501,BALANCE,1,-0.00017165414146870847
0.164,0.17120999966555087,-0.08779044722743394,0.1718058482431918,0.17083830535194736,0.2604923168735007,6.817181287566188,BALANCE,1,-0.00017129237248272484
0.166,0.1710303371958309,-0.0918744089429773,0.17640779060684875,0.17278762519116284,0.9746599196077399,12.334236856104846,BALANCE,1,-0.0001708539532498392
0.168,0.17083362888532352,-0.10483610336957301,0.17027186745530618,0.171907109983613,-0.4402576037749184,18.164536868331687,BALANCE,1,-0.0001701880910731726
0.17,0.17061467002490188,-0.11412631624652414,0.16873788666742054,0.17079788182294564,-0.5546140803336791,6.792365768817433,BALANCE,1,-0.0001695331877411427
0.17200000000000001,0.17038128707962932,-0.11926071005045971,0.1718058482431918,0.1711506700700318,0.17639412354307493,5.810960266707306,BALANCE,1,-0.0001689392117364668
0.17400000000000002,0.17013536298548165,-0.12666767241084143,0.1718058482431918,0.1713799824306378,0.1146561803029994,11.680193192546508,BALANCE,1,-0.0001682543865501505
0.176,0.16987313096989337,-0.13556892901744413,0.17027186745530618,0.17099214218927172,-0.19392012068303321,11.200048388262264,BALANCE,1,-0.00016748312341930693
0.178,0.16959428810090318,-0.14327886397254638,0.1718058482431918,0.17127693930814375,0.14239855943601332,8.708167565892037,BALANCE,1,-0.00016669931492599286
0.18,0.16929834486188636,-0.15266958824485966,0.16720390587953488,0.16985137760813065,-0.7127808500065475,11.41580483397673,BALANCE,1,-0.00016581536644610665
0.182,0.1689890847470163,-0.15659607145714774,0.16873788666742054,0.16946165577888211,-0.19486091462427024,4.48883585643546,BALANCE,1,-0.0001650729840208028
0.184,0.16867258186059628,-0.1599125014478575,0.1718058482431918,0.17028212314139052,0.4102336812542018,8.608812029738765,BALANCE,1,-0.00016433496034066788
0.186,0.16834507975132526,-0.16759542559241428,0.17027186745530618,0.170278533651261,-0.0017947450647592955,13.498796838517045,BALANCE,1,-0.00016341997254690614
0.188,0.16800171832465843,-0.17577209956051168,0.16720390587953488,0.16920241393115687,-0.5380598600520647,10.202354058557585,BALANCE,1,-0.00016244392904253706
0.19,0.1676459240593719,-0.18002855165089554,0.17027186745530618,0.16957672266460913,0.1871543667261305,5.847665955452895,BALANCE,1,-0.0001615827678319159
0.192,0.16727918417130677,-0.186717883245273,0.16720390587953488,0.16874623678983314,-0.4152429373879968,11.671838293685592,BALANCE,1,-0.00016060147844961198
0.194,0.1669018199156584,-0.19065315546755798,0.16720390587953488,0.16820642097122873,-0.26990790930220276,6.802830708286014,BALANCE,1,-0.0001597042499289811
0.196,0.16651783537568837,-0.19333830764654833,0.16566992509164924,0.1673186474133759,-0.4438867789264139,7.933121983856102,BALANCE,1,-0.00015884418150157966
0.198,0.1661310029543049,-0.1935011284262911,0.16720390587953488,0.16727848787653155,-0.02007976842217929,6.488024613391242,BALANCE,1,-0.0001580835436650134
0.2,0.16574263705851633,-0.19487179144625058,0.16566992509164924,0.16671549090182275,-0.281498487354398,9.876071125214459,BALANCE,1,-0.0001572716015567043
0.202,0.1653526023926108,-0.19516994604337717,0.16566992509164924,0.16634954286826203,-0.1829740167803573,7.750941555274181,BALANCE,1,-0.00015650255425516847
0.20400000000000001,0.16496212889750636,-0.19531063152952946,0.16260196351587797,0.16503789009492761,-0.6558263866672104,8.517180437852863,BALANCE,1,-0.00015574096987857982
0.20600000000000002,0.16457536626759567,-0.1914590763830891,0.16566992509164924,0.1652591023437802,0.11060612442628792,4.655662312357975,BALANCE,1,-0.0001551530701907577
0.20800000000000002,0.1641936166830669,-0.19029745357980227,0.1641359443037636,0.1648659970297744,-0.19655265700289914,10.800395136037114,BALANCE,1,-0.0001544649581587829
0.21,0.16381433475368298,-0.18899137915359013,0.1641359443037636,0.16461047857567063,-0.12775922705188236,8.31953856576327,BALANCE,1,-0.00015378881439476628
0.212,0.1634372498367289,-0.18810039521887892,0.1641359443037636,0.16444439158050317,-0.08304349758372909,8.854554898125178,BALANCE,1,-0.00015310154729368313
0.214,0.1630612340821734,-0.18792218663006113,0.1641359443037636,0.1643364350336443,-0.05397827342942807,9.202315514160357,BALANCE,1,-0.00015238928463666372
0.216,0.16268472559037217,-0.18859312855268756,0.16260196351587797,0.1637293700024261,-0.3035325156091062,9.428359914583234,BALANCE,1,-0.00015164363091575123
0.218,0.16230816661382627,-0.18797269290627625,0.1641359443037636,0.16387167100789424,0.07115050273406864,7.3955020752727165,BALANCE,1,-0.00015095139508043297
0.22,0.16193095625779397,-0.18924449069765084,0.16106798272799233,0.16289038010992857,-0.4906454489828349,10.401504282346204,BALANCE,1,-0.00015018347651769013
0.222,0.1615541100376225,-0.1876085963225483,0.16260196351587797,0.16278943430201087,-0.05047290395884807,5.8482592147330354,BALANCE,1,-0.0001495348323836048
0.224,0.16117953486380207,-0.18697338788795514,0.16106798272799233,0.16218692625110437,-0.3012540254532514,9.363582826449868,BALANCE,1,-0.00014885174957516084
0.226,0.16080739995794296,-0.18516830276494128,0.1595340019401067,0.1612584027422552,-0.46426175442458584,7.3211833714402506,BALANCE,1,-0.0001482211696615588
0.228,0.1604412436451129,-0.18099472376904463,0.15800002115222103,0.16011796918574323,-0.5702167782559858,5.961410129138625,BALANCE,1,-0.00014769479825887426
0.23,0.160086398365708,-0.173857110805317,0.15800002115222103,0.15937668737401045,-0.3706409058663873,5.045343925096707,BALANCE,1,-0.00014729836495717098
0.232,0.15974684073028114,-0.16570681869190912,0.1595340019401067,0.15943174747214414,0.02753004906684564,6.597473995509528,BALANCE,1,-0.00014695706053931696
0.234,0.15942126894379663,-0.1598709722728854,0.16106798272799233,0.160004429811691,0.28634116977342694,9.786145240863412,BALANCE,1,-0.0001465506955003507
0.23600000000000002,0.1591032545381724,-0.15814923614486714,0.15800002115222103,0.1593028867808765,-0.3507715154072444,11.890995146888876,BALANCE,1,-0.00014601539314790097
0.23800000000000002,0.1587902529573276,-0.1548580817559211,0.15800002115222103,0.15884688381084708,-0.2280014850147144,6.752001083594635,BALANCE,1,-0.0001455420754339752
0.24,0.1584842348860705,-0.15116560675650978,0.15800002115222103,0.15855048188032797,-0.14820096525955395,7.706801148533109,BALANCE,1,-0.00014509351919603187
0.242,0.15818532505051316,-0.147749713307705,0.16106798272799233,0.1594316071770105,0.44056264834126113,8.327421190743246,BALANCE,1,-0.00014464761444385552
0.244,0.15788824059281295,-0.14934011515790832,0.16106798272799233,0.16000433861985414,0.2863657214218218,13.090397617350717,BALANCE,1,-0.00014404681446960365
0.246,0.1575848316017785,-0.15407431161862292,0.1595340019401067,0.15983972078194253,-0.0823089189558035,11.891186088565822,BALANCE,1,-0.00014333253691747595
0.248,0.15727218395344789,-0.15857894491839986,0.15800002115222103,0.15919582591154,-0.3219474352012669,8.931911895270124,BALANCE,1,-0.00014260528546104298
0.25,0.15695267644628688,-0.16093432967307247,0.16106798272799233,0.15985108079729832,0.3276274428791609,6.9761700730822644,BALANCE,1,-0.00014193650083692692
0.252,0.15662507981669233,-0.16666816155014777,0.15800002115222103,0.15920320992152126,-0.3239354378885284,12.212084390871187,BALANCE,1,-0.0001411339593669275
0.254,0.15628833347499496,-0.17008424498834224,0.15493205957644976,0.15770830730074623,-0.7474513103875174,6.960709092183048,BALANCE,1,-0.00014039355782885775
0.256,0.15595023583791676,-0.16801956786179967,0.1564660403643354,0.15727351387300242,-0.21739671387190074,3.4828879549446343,BALANCE,1,-0.00013984917215480885
0.258,0.15561679819813612,-0.16542417171642182,0.1564660403643354,0.15699089814496897,-0.14130786401672646,7.69723712140494,BALANCE,1,-0.00013933246797612366
0.26,0.15528841506910457,-0.16296496349852232,0.1564660403643354,0.15680719792174722,-0.09185011161087775,8.288990976564326,BALANCE,1,-0.00013882008974293325
0.262,0.15496444330812906,-0.16101271587135338,0.15493205957644976,0.15615089950089311,-0.3281492104270506,8.673630982417812,BALANCE,1,-0.00013829830424682676
0.264,0.15464586205413308,-0.15757438243892832,0.15493205957644976,0.15572430552733793,-0.2132969867775919,6.743860286637182,BALANCE,1,-0.00013783689220136207
0.266,0.15433454797003993,-0.15374542066944297,0.1564660403643354,0.15598391272028705,0.12980359647456197,7.637082437419541,BALANCE,1,-0.00013740011765916998
0.268,0.15402846604014356,-0.15234209496092413,0.1564660403643354,0.15615265739570397,0.08437233770845765,10.39746353501372,BALANCE,1,-0.0001368925875031431
0.27,0.15372343783471612,-0.1526916492951793,0.1518640980006785,0.15465166160744506,-0.7504978941294538,10.0441381454099,BALANCE,1,-0.000136330855432694
0.272,0.1534229559440746,-0.14779578219680092,0.15033011721279282,0.1531391210693168,-0.7562702690641354,3.275116543411073,BALANCE,1,-0.00013594668024284758
0.274,0.1531369446790104,-0.1382208412865838,0.15493205957644976,0.15376664954681332,0.3137642387482653,3.1381851116459245,BALANCE,1,-0.00013572473321252316
0.276,0.1528655375753527,-0.1331912850760517,0.1518640980006785,0.15310075650566612,-0.33294652057359875,11.736112882794922,BALANCE,1,-0.00013538340738426764
0.278,0.15260546100361919,-0.12689013583323955,0.15033011721279282,0.15213103275316048,-0.4848618762528234,6.522473225751177,BALANCE,1,-0.00013509241169992327
0.28,0.15236035923212474,-0.11821629386376495,0.15339807878856412,0.15257449886555174,0.22173305619563322,5.248966955167042,BALANCE,1,-0.00013488092478963672
0.28200000000000003,0.15212897955041801,-0.11316774888442913,0.15493205957644976,0.15339964511436605,0.41257312440715066,10.92833438149817,BALANCE,1,-0.00013459244357441258
0.28400000000000003,0.1519029765880072,-0.11283933418244206,0.15339807878856412,0.15339909690033537,-0.00027410701533558957,12.504563702119167,BALANCE,1,-0.0001341974771431237
0.28600000000000003,0.15167683982112215,-0.11330152835867097,0.1518640980006785,0.15286184728545546,-0.2686248074399572,9.201752957897439,BALANCE,1,-0.00013378380093470807
0.28800000000000003,0.1514512691771637,-0.11227325358359642,0.15339807878856412,0.1530495283115435,0.09384051304402174,7.022712377607671,BALANCE,1,-0.0001334076158289127
0.29,0.15122613260111692,-0.11286739503458262,0.15339807878856412,0.15317152097850073,0.06099633347861344,9.933695803044785,BALANCE,1,-0.00013299378270364095
0.292,0.15099865398191556,-0.114615302014174,0.1518640980006785,0.15271392293626296,-0.22879902111888617,9.678261926538951,BALANCE,1,-0.00013254824776522348
0.294,0.15076902194381933,-0.1150208990879307,0.1487961364249072,0.15134269765728844,-0.6856126394872569,7.332443207224689,BALANCE,1,-0.00013213198523111418
0.296,0.15054347503488444,-0.1105302712896986,0.1518640980006785,0.15152518777747495,0.0912450600932535,3.595660743539251,BALANCE,1,-0.00013184152263477094
0.298,0.1503249237395955,-0.1080251082513518,0.15033011721279282,0.1511069130798362,-0.2091373488193743,9.821471747394526,BALANCE,1,-0.0001315143475994842
0.3,0.1501120874452116,-0.1048152274686836,0.1487961364249072,0.15029814125061106,-0.40438591461257334,7.393315994235178,BALANCE,1,-0.0001312122615487139
0.302,0.14990788894219464,-0.09938739012850531,0.1487961364249072,0.1497724395616147,-0.26285084449817475,5.782801158136077,BALANCE,1,-0.0001309712417734424
0.304,0.1497153639248096,-0.09314188064734005,0.1487961364249072,0.14943073346376706,-0.17085304892382192,6.8835396177114845,BALANCE,1,-0.00013076123728793704
0.306,0.14953531874245393,-0.08690789228309004,0.1487961364249072,0.14920862450016611,-0.11105448180047384,7.599019616435448,BALANCE,1,-0.00013056501524404888
0.308,0.14936726080753288,-0.08115523137009094,0.15339807878856412,0.15067493350110542,0.7331545004696516,8.064081615606177,BALANCE,1,-0.00013037356995765806
0.31,0.14920344887215428,-0.08265900854184852,0.15033011721279282,0.15055424780019602,-0.06034285045469767,14.905732013823538,BALANCE,1,-0.0001300604807818543
0.312,0.14903670133768868,-0.08409100087771873,0.1487961364249072,0.14993890881884492,-0.30766949067555227,8.55051206437418,BALANCE,1,-0.00012974337850151115
0.314,0.14886916345733522,-0.08345016740215377,0.15033011721279282,0.15007583175672667,0.06846146894087801,6.534978603726278,BALANCE,1,-0.00012946214268925793
0.316,0.14870168268894363,-0.08403342826531615,0.1487961364249072,0.14962793839058985,-0.22394668306841004,9.552241656930624,BALANCE,1,-0.0001291594609782101
0.318,0.14853433857356915,-0.08331400366676771,0.1487961364249072,0.1493368077026009,-0.14556534399447207,7.186102838888111,BALANCE,1,-0.0001288806058102994
0.32,0.14836894841144319,-0.08207968062433961,0.14726215563702155,0.14861067947964812,-0.36306411147639384,7.795685710200279,BALANCE,1,-0.00012861441082677626
0.322,0.1482082511405484,-0.07862232517595735,0.14726215563702155,0.14813869613472883,-0.23599167245964836,6.012127876967736,BALANCE,1,-0.0001283941804716545
0.324,0.1480553973604923,-0.07423761217258379,0.14726215563702155,0.14783190696053128,-0.15339458709877352,7.0003883884065425,BALANCE,1,-0.00012820009960293414
0.326,0.14791146210332748,-0.06970567455365485,0.1487961364249072,0.14816938727306284,0.16874015626577865,7.642757720841689,BALANCE,1,-0.00012801985293695443
0.328,0.14777411279156794,-0.06764951143190294,0.14726215563702155,0.14785185620044838,-0.158765536307226,10.24008448651,BALANCE,1,-0.00012781180462960825
0.33,0.1476413675464788,-0.06510340197249044,0.1487961364249072,0.14818235427900897,0.16524903928029355,7.6009870815690945,BALANCE,1,-0.00012761787724415363
0.332,0.14751152445948523,-0.06474290399919998,0.14572817484913592,0.1473233914785534,-0.4294814002277908,10.212933570982887,BALANCE,1,-0.00012739811564202634
0.334,0.1473853116300457,-0.06148153610313359,0.14726215563702155,0.14730195893401724,-0.010716272268077032,5.403552286890878,BALANCE,1,-0.00012722374393242061
0.336,0.14726475483861887,-0.0590864836775141,0.14726215563702155,0.14728802778006875,-0.006965576974243826,8.752387357896417,BALANCE,1,-0.0001270462183581281
0.338,0.1471482035019123,-0.05747438092331401,0.14572817484913592,0.14674207925424226,-0.272974262913242,8.781557051010175,BALANCE,1,-0.0001268650170290118
0.34,0.14703633713403563,-0.05441181444238947,0.14572817484913592,0.14638721271245503,-0.1774332708936177,6.620730651948599,BALANCE,1,-0.00012670856059077945
0.342,0.1469310469699426,-0.05090846882328456,0.14572817484913592,0.14615654946029333,-0.11533162608085012,7.36376659559836,BALANCE,1,-0.00012656639029479702
0.34400000000000003,0.146832592672586,-0.04758507883391647,0.14726215563702155,0.1465435116221482,0.19348108092744065,7.846739958970799,BALANCE,1,-0.0001264316806051447
0.34600000000000003,0.1467381308967752,-0.04688794424613793,0.14419419406125028,0.14572125047583392,-0.4111305731571424,10.340459344748417,BALANCE,1,-0.00012627606531428787
0.34800000000000003,0.14664765857055959,-0.04364017704693408,0.14726215563702155,0.1462605672822496,0.2696584032078342,5.4542304432928965,BALANCE,1,-0.00012615175272723042
0.35000000000000003,0.14656035188618335,-0.04366756656553948,0.14572817484913592,0.1460742299306598,-0.09316867579489685,10.93290126259765,BALANCE,1,-0.00012600136098582355
0.352,0.1464732034869673,-0.043485971337554746,0.14572817484913592,0.14595311065212643,-0.06055963926668295,8.019104389480413,BALANCE,1,-0.00012585327321890186
0.354,0.1463863345141653,-0.043386555016502334,0.14726215563702155,0.14641127639683973,0.2290828723566507,8.272709524994122,BALANCE,1,-0.00012570498676098694
0.356,0.14629733831038677,-0.045572111015872795,0.14572817484913592,0.1461721908551434,-0.11954277084816334,10.61733956266359,BALANCE,1,-0.00012553147786457342
0.358,0.1462048818009973,-0.0468665391143339,0.14726215563702155,0.14655367852880075,0.19074383682866902,7.8139892845232986,BALANCE,1,-0.00012536010207672563
0.36,0.14610810942117747,-0.0498707852781575,0.14266021327336462,0.1451909656893981,-0.6813564197013233,10.319171406357398,BALANCE,1,-0.00012516319234986829
0.362,0.14601083783244806,-0.04743165897412612,0.14419419406125028,0.14484209561954636,-0.17443503492586832,3.260606583753299,BALANCE,1,-0.00012502185194930674
0.364,0.14591890631828483,-0.04454628395113241,0.1487961364249072,0.14622600990142265,0.6919571409381431,7.295045457765836,BALANCE,1,-0.0001248927548596643
0.366,0.14582624162525024,-0.04806720636149264,0.14726215563702155,0.14658866090888226,0.18132550372980394,14.309217721590503,BALANCE,1,-0.0001246994112828857
0.368,0.14572532470121344,-0.052803951411731956,0.14419419406125028,0.14575059751221106,-0.41903169833559795,10.245923684371366,BALANCE,1,-0.00012447587780128067
0.37,0.14561866354391523,-0.05385129780270163,0.14572817484913592,0.14574274958013475,-0.003923966038155147,5.392782264047881,BALANCE,1,-0.00012428170084908996
0.372,0.14550969732517538,-0.05510849531851064,0.1487961364249072,0.1468114349758051,0.5343426978351717,8.713173246502844,BALANCE,1,-0.00012408102543455876
0.374,0.14539371646134217,-0.06084699285947092,0.14419419406125028,0.1458954006557109,-0.4580171600470917,13.08342768122968,BALANCE,1,-0.00012381215872595455
0.376,0.14527037947251487,-0.06248685592784806,0.14726215563702155,0.14637376489916964,0.23918212172936715,5.089586758965922,BALANCE,1,-0.0001235803164022817
0.378,0.14514166923899777,-0.06621629179640556,0.14419419406125028,0.14561091510589785,-0.38142489663589574,10.695882867785116,BALANCE,1,-0.00012330987698458743
0.38,0.14500869591326676,-0.0667583510186159,0.14266021327336462,0.1445781694645112,-0.5163728206933199,5.685255733266706,BALANCE,1,-0.00012307588902773524
0.382,0.14487850454920762,-0.06344315848483222,0.14419419406125028,0.1444437780733699,-0.06719569557066263,4.543707602324113,BALANCE,1,-0.00012290056554957324
0.384,0.14475466559008288,-0.060407799842749146,0.14419419406125028,0.14435642366912801,-0.04367720212093695,8.12906111983689,BALANCE,1,-0.00012273028383639865
0.386,0.14463645500297576,-0.05781592568786003,0.14572817484913592,0.14483653658213078,0.24005645650138074,8.311967803180185,BALANCE,1,-0.0001225623159019338
0.388,0.1445207532736967,-0.05788756675089119,0.14419419406125028,0.1446117166998226,-0.11240994115409297,10.610643846938892,BALANCE,1,-0.00012236519510338406
0.39,0.1444054570091616,-0.05741311442935157,0.14572817484913592,0.14500247705208225,0.19538017612982794,7.777423472756612,BALANCE,1,-0.00012217563646294246
0.392,0.14428910608109236,-0.05893287756844222,0.14726215563702155,0.145793364556811,0.39544375236437446,10.263190032163559,BALANCE,1,-0.00012195975167399928
0.394,0.14416638931779122,-0.06376959646058628,0.14112623248547898,0.1441598683318448,-0.8167481124830983,11.911151892323655,BALANCE,1,-0.00012168881448325225
0.396,0.1440409037418837,-0.06172430367470845,0.14419419406125028,0.1441718823371367,0.006007002645955217,2.1156072000459014,BALANCE,1,-0.00012150405654561649
0.398,0.14391883049145043,-0.060355949954177125,0.14266021327336462,0.14364279816481648,-0.2645420861601133,8.698368961395843,BALANCE,1,-0.00012131568349224788
0.4,0.1438010869630559,-0.05740254428304708,0.14419419406125028,0.1438357867285683,0.09649428187591402,6.502231200608083,BALANCE,1,-0.00012115406706856525
0.402,0.14368769960367062,-0.05599444498470787,0.14572817484913592,0.14449812257076697,0.331167921099329,9.402101458721411,BALANCE,1,-0.00012097988961167101
0.404,0.14357391393786842,-0.05778385728441229,0.14112623248547898,0.14331796104091618,-0.5900807649253936,11.31923072304065,BALANCE,1,-0.00012076644220027008
0.406,0.14346121886801283,-0.05492917446717583,0.14419419406125028,0.14362464259803312,0.1533407785584695,3.8784315430518213,BALANCE,1,-0.00012061101914266541
0.40800000000000003,0.14335222991258648,-0.05406751834535474,0.14266021327336462,0.14328709233439915,-0.1687751318169839,9.844204784349744,BALANCE,1,-0.00012043767362520419
0.41000000000000003,0.14324584207882307,-0.05233541456604596,0.14419419406125028,0.14360457793879705,0.15874280219894954,7.247024485528078,BALANCE,1,-0.00012027847860974189
0.41200000000000003,0.14314102979989743,-0.05247760602378354,0.14112623248547898,0.14273715703013573,-0.43371045433066024,9.88621709391942,BALANCE,1,-0.00012010081282313284
0.41400000000000003,0.1430390824208392,-0.04949986354249277,0.14266021327336462,0.14271022671526584,-0.013465157434944253,5.094545787162861,BALANCE,1,-0.00011996206302470789
0.41600000000000004,0.14294233204545737,-0.04727942870862206,0.14572817484913592,0.14376650856212037,0.5281409234272616,8.454892343436397,BALANCE,1,-0.00011982268064912493
0.418,0.14284507263084817,-0.04994983482578349,0.14419419406125028,0.14391619848681583,0.07484496234773375,12.851117901145315,BALANCE,1,-0.00011963193733203218
0.42,0.14274201770781708,-0.0530788267720497,0.14112623248547898,0.14293971038634792,-0.4882440502339547,9.23373160799082,BALANCE,1,-0.0001194249068919322
0.422,0.14263680532260153,-0.05214300532731364,0.14266021327336462,0.14284188639680376,-0.048911994772082856,4.670430221309237,BALANCE,1,-0.000119259279909333
0.424,0.1425333826166113,-0.05128909056619735,0.14572817484913592,0.14385208735512,0.5051004791581243,8.179217225631563,BALANCE,1,-0.00011909569233757221
0.426,0.1424271727699732,-0.05489490677043568,0.14419419406125028,0.1439718247022656,0.05986867357279935,12.671929074572194,BALANCE,1,-0.00011887731051142089
0.428,0.1423135320768903,-0.05872740008892639,0.14266021327336462,0.14351276070215027,-0.22953200005766672,9.11725887071833,BALANCE,1,-0.00011864104459790182
0.43,0.14219433848643195,-0.06046136784120558,0.14266021327336462,0.1432143691020753,-0.14919580003748545,6.774509641667682,BALANCE,1,-0.0001184200691987218
0.432,0.14207283204797883,-0.06104518621320251,0.14112623248547898,0.1424835212862666,-0.36542390790435253,7.399295745824634,BALANCE,1,-0.00011820988218155908
0.434,0.14195289590212717,-0.058901479058426,0.14419419406125028,0.14308225675751088,0.29936773562214136,5.625620013941176,BALANCE,1,-0.00011803747641291924
0.436,0.14183424392958743,-0.0597491462068605,0.14266021327336462,0.14293454153805968,-0.07385760972559996,10.979877290427783,BALANCE,1,-0.0001178292198473586
0.438,0.14171432720857413,-0.060168130408601694,0.14266021327336462,0.1428385266454164,-0.04800744632163512,7.985211614478781,BALANCE,1,-0.00011762439329370064
0.44,0.14159373634713582,-0.06042396564313383,0.14266021327336462,0.1427761169651983,-0.031204840109058662,8.186252028151904,BALANCE,1,-0.00011742068283974628
0.442,0.141472641684896,-0.060671992747142765,0.14419419406125028,0.1432724439488165,0.24816349180910302,8.316928297039428,BALANCE,1,-0.00011721639272640902
0.444,0.14134880692463023,-0.06315704928340637,0.13959225169759334,0.1419843766608884,-0.6440336439640509,10.581654571401813,BALANCE,1,-0.00011697810927085702
0.446,0.14122526610296998,-0.06039501604770416,0.14266021327336462,0.14222091947525506,0.11827140718333184,3.3667934479408954,BALANCE,1,-0.00011680971581185194
0.448,0.1411056392112952,-0.05923861443949892,0.14112623248547898,0.14183777902883343,-0.19157022321081296,9.47942642598196,BALANCE,1,-0.00011662633622688984
0.45,0.14098943134129732,-0.05698192877113701,0.13959225169759334,0.1410518444628994,-0.3929672829670189,6.977704956043503,BALANCE,1,-0.0001164619982894771
0.452,0.14088028583268067,-0.05219753586642687,0.14419419406125028,0.1421516668223222,0.5499111797113987,5.319372404037813,BALANCE,1,-0.00011633723358993877
0.454,0.14077527085828007,-0.05281433871184012,0.14266021327336462,0.14232965808018705,0.0889956289324284,12.92838944703052,BALANCE,1,-0.00011615680309799315
0.456,0.14066813490225055,-0.05431259429857267,0.1380582709097077,0.1408346725705193,-0.7474927548338783,9.251744516270652,BALANCE,1,-0.00011596278905798247
0.458,0.1405639512836551,-0.049910453247234095,0.13959225169759334,0.1403998252649952,-0.21742365276204711,2.4701383155601313,BALANCE,1,-0.00011583983749842387
0.46,0.1404692536624965,-0.044857761130257426,0.14112623248547898,0.14065406779216452,0.12712126358466191,6.684600293803334,BALANCE,1,-0.00011573478301861044
0.462,0.14038233004255823,-0.04212163772084617,0.13959225169759334,0.1402824321590646,-0.18581781654995744,9.456214176207167,BALANCE,1,-0.00011561694724455122
0.464,0.14030134318180992,-0.03895058610960281,0.13959225169759334,0.14004086899754967,-0.12078158075747025,6.930403397144217,BALANCE,1,-0.0001155110096156756
0.466,0.1402263881338353,-0.03610642813636958,0.14266021327336462,0.1409576394940849,0.4583852482676204,7.436199493793217,BALANCE,1,-0.00011541042085804993
0.468,0.14015236669881082,-0.037851707304803715,0.13959225169759334,0.14047975376531285,-0.23894286438602697,12.124540355786056,BALANCE,1,-0.00011527489405273469
0.47000000000000003,0.14007680292041805,-0.03771803863950157,0.13959225169759334,0.14016912804161102,-0.15531286185091475,6.5172423108305555,BALANCE,1,-0.00011515174186063177
0.47200000000000003,0.14000225763666815,-0.036859532117147646,0.14266021327336462,0.14104100787272478,0.4359399155568766,7.167644787689344,BALANCE,1,-0.000115036081226277
0.47400000000000003,0.1399254627714032,-0.039839843708439904,0.1380582709097077,0.1399970499356688,-0.5219789685279863,11.9499797968185,BALANCE,1,-0.00011488557981015735
0.47600000000000003,0.13984719272907328,-0.03847277997117853,0.13959225169759334,0.1398553705523424,-0.07083969166320203,4.2239912479162385,BALANCE,1,-0.00011476852876092079
0.47800000000000004,0.13977145513203923,-0.037305889657782046,0.13959225169759334,0.13976327895318022,-0.04604579958109034,7.824604699834928,BALANCE,1,-0.00011465371487792135
0.48,0.13969767612039477,-0.03650442454078178,0.1380582709097077,0.13916652613796485,-0.2983764076076867,8.01743034054209,BALANCE,1,-0.00011453905628213449
0.482,0.13962709801833334,-0.03417646658531792,0.14112623248547898,0.1398524233595948,0.34294861081497763,5.962980307416398,BALANCE,1,-0.00011444094645301958
0.484,0.13955739268830591,-0.03547119068418056,0.13959225169759334,0.1397613632778943,-0.04553004085025569,11.134734288095508,BALANCE,1,-0.0001143171541138671
0.486,0.13948547323069926,-0.0364111207439262,0.14112623248547898,0.14023906750054893,0.2388521113273201,8.021441469871611,BALANCE,1,-0.0001141922062675523
0.488,0.13940978743557184,-0.039181107542888824,0.13959225169759334,0.14001268196951447,-0.11319276551723101,10.325160940651497,BALANCE,1,-0.00011404602956800802
0.49,0.1393298911851678,-0.04067495789096845,0.1380582709097077,0.1393286380985821,-0.34202193546618853,7.495218794033019,BALANCE,1,-0.00011390264620378636
0.492,0.13924973807138039,-0.03951158765431948,0.13652429012182207,0.1383471163067161,-0.4907608959330012,5.623542802185418,BALANCE,1,-0.0001137815927160015
0.494,0.13917503479169016,-0.035342713099628116,0.13959225169759334,0.13878291369352314,0.2178986934035232,4.374739810938955,BALANCE,1,-0.00011369284962408607
0.496,0.1391053381703204,-0.034398117755854676,0.1380582709097077,0.13852928871918774,-0.126812487167699,10.070164368839574,BALANCE,1,-0.0001135860843320921
0.498,0.139037735088557,-0.0332632090778267,0.13959225169759334,0.1389013257616297,0.18601852122097917,7.297257425809672,BALANCE,1,-0.00011348395522880362
0.5,0.1389701856624795,-0.03423826992451622,0.1380582709097077,0.138606256563457,-0.1475345990863547,9.822227715465615,BALANCE,1,-0.000113366755438433
0.502,0.1389017328901356,-0.03421679685651304,0.13959225169759334,0.13895135486040472,0.17254914847386615,7.136098601116582,BALANCE,1,-0.00011325531386325583
0.504,0.1388316402054323,-0.035806096878475115,0.13652429012182207,0.13810188220190078,-0.4247363292519679,9.717474479415213,BALANCE,1,-0.00011312922790378426
0.506,0.1387617271351921,-0.03418134503260315,0.13959225169759334,0.13862351152539318,0.2608146617461976,4.888222298098304,BALANCE,1,-0.00011302749164203134
0.508,0.13869218025568578,-0.03531482360917821,0.1380582709097077,0.13842567730990327,-0.09891710774495577,10.403927985493173,BALANCE,1,-0.00011290587662970218
0.51,0.13862113921100697,-0.03571064175797983,0.13959225169759334,0.1388339783455948,0.20415051784576643,7.514203776634551,BALANCE,1,-0.00011278729120020311
0.512,0.13854756209720792,-0.037789097760573966,0.14112623248547898,0.13963626729455425,0.40114447447972545,9.96324284350182,BALANCE,1,-0.00011265134521264401
0.514,0.13846708375023994,-0.04256009127920323,0.13652429012182207,0.138547075284098,-0.5445960052281318,11.587331833511058,BALANCE,1,-0.00011247965358501138
0.516,0.138382264019637,-0.042267594070289655,0.13652429012182207,0.1378391004773014,-0.35398740339828705,3.9560564752208247,BALANCE,1,-0.0001123445244231917
0.518,0.13830048856332547,-0.03957778208779602,0.13959225169759334,0.13845270340440358,0.30680146355108184,5.4384468014517875,BALANCE,1,-0.00011223525553375358
0.52,0.1382207915533992,-0.040105840663117266,0.13959225169759334,0.13885154530701999,0.19942095130820459,10.76157391267287,BALANCE,1,-0.00011210146493971653
0.522,0.13813839616358206,-0.042238330852257165,0.1380582709097077,0.13857389926796068,-0.13882301952965193,9.926460328886836,BALANCE,1,-0.00011194913210348014
0.524,0.13805312098206596,-0.043021613634576364,0.13652429012182207,0.13785653606681217,-0.3586816005742566,7.203849799840426,BALANCE,1,-0.00011180382008929653
0.526,0.13796905417741567,-0.04109063030879522,0.1380582709097077,0.13792714326182562,0.03530359750672507,5.401939359414678,BALANCE,1,-0.00011168499745929884
0.528,0.13788788682289732,-0.040104015644289344,0.13652429012182207,0.1374361446628244,-0.245499299500615,8.558057375763338,BALANCE,1,-0.00011156216882513067
0.53,0.13781008786366136,-0.037768350189928274,0.1380582709097077,0.13765388884923355,0.10887209320457891,6.282174283764543,BALANCE,1,-0.00011145572031585339
0.532,0.1377351981345625,-0.03714483964257833,0.1380582709097077,0.1377954225703995,0.07076686058297976,9.130210076590643,BALANCE,1,-0.00011133962588638506
0.534,0.13766055261709392,-0.03748967531779694,0.13652429012182207,0.1373505262133974,-0.22244817850104737,8.833860238887809,BALANCE,1,-0.00011121626380739038
0.536,0.13758673454354817,-0.03637146086507706,0.1380582709097077,0.137598236857106,0.12385532185429926,6.461446144795466,BALANCE,1,-0.00011110585777777886
0.538,0.13751358250001658,-0.03676668972290292,0.1380582709097077,0.1377592487755166,0.08050595920529313,9.246736786260755,BALANCE,1,-0.00011098469685166769
0.54,0.137438874849413,-0.0379016956217872,0.13652429012182207,0.1373270132467235,-0.21611776439654784,8.90960260017334,BALANCE,1,-0.00011085513280352686
0.542,0.13736362258970347,-0.03737043772917374,0.1380582709097077,0.13758295342876797,0.12797009102223644,6.5106786796310265,BALANCE,1,-0.0001107380613298089
0.544,0.13728804432170977,-0.03818138793239432,0.1380582709097077,0.13774931454709688,0.083180559164453,9.278737933903969,BALANCE,1,-0.00011060972984533963
0.546,0.1372102015184607,-0.03961858922460136,0.1380582709097077,0.13785744927401067,0.054067363456894446,8.930403346141437,BALANCE,1,-0.00011047242712707666
0.548,0.13712924244072647,-0.041297500768001344,0.1380582709097077,0.13792773684650464,0.03514378624698555,8.703985864095795,BALANCE,1,-0.00011032761629114861
0.55,0.13704488530465708,-0.04302244578902702,0.13652429012182207,0.13743653049286575,-0.245603176819445,8.556814500766162,BALANCE,1,-0.0001101763932970498
0.552,0.13695923007487198,-0.04264234075845126,0.1380582709097077,0.13765413963876044,0.10880457294734636,6.281366415016385,BALANCE,1,-0.0001100421545345799
0.554,0.1368732340100933,-0.04334083668985891,0.1349903093339364,0.13672179903207204,-0.46617030334419884,9.129684961904397,BALANCE,1,-0.00010989757434532965
0.556,0.13678947211744458,-0.040488494739016466,0.1380582709097077,0.13718956418924452,0.23388257858623918,4.4739455151707315,BALANCE,1,-0.00010978857815747662
0.558,0.13670871437297313,-0.0402763853367346,0.13652429012182207,0.13695671826564668,-0.1164229617989232,10.102434480044586,BALANCE,1,-0.00010966080562151801
0.56,0.13662902737637114,-0.03943569421597779,0.1380582709097077,0.13734226169106803,0.1927717127106765,7.286019401547415,BALANCE,1,-0.00010954014674477386
0.562,0.13654911216671037,-0.040452673112873094,0.13345632854605077,0.13598218509031199,-0.6800383003780219,9.782709403149493,BALANCE,1,-0.0001094033820310264
0.5640000000000001,0.13647245614405018,-0.03633916789326176,0.13345632854605077,0.13509813529982057,-0.4420248952457101,2.7186247023945445,BALANCE,1,-0.00010931427192264313
0.5660000000000001,0.13640578461105837,-0.030635427560383975,0.13345632854605077,0.13452350293600113,-0.2873161819097192,4.569688956023554,BALANCE,1,-0.00010924826589384945
0.5680000000000001,0.1363497675673622,-0.02580542289418412,0.1349903093339364,0.13468688517527846,0.08169111963866882,5.7728807208823145,BALANCE,1,-0.0001091876908048201
0.5700000000000001,0.13629963104256215,-0.024485036180724982,0.1349903093339364,0.13479308363080875,0.05309922776514098,8.734742067626058,BALANCE,1,-0.00010911456294602153
0.5720000000000001,0.1362502948198425,-0.024812627390873518,0.13652429012182207,0.1353990059026634,0.3029611359273293,8.512378839969653,BALANCE,1,-0.00010903393848494079
0.5740000000000001,0.136197814205155,-0.02739990463215506,0.13652429012182207,0.13579285537936894,0.1969247383527689,10.54762944157844,BALANCE,1,-0.00010893562965087851
0.5760000000000001,0.13613967904284893,-0.03049078769256688,0.13652429012182207,0.13604885753922755,0.12800107992930188,9.722969229584287,BALANCE,1,-0.00010882364172974032
0.578,0.13607547099518041,-0.03353724163290197,0.13652429012182207,0.13621525894313563,0.08320070195404206,9.186940091788069,BALANCE,1,-0.00010870027495995645
0.58,0.13600544099617345,-0.036366708816526795,0.1349903093339364,0.1357865265799159,-0.21436618160985965,8.838521152220473,BALANCE,1,-0.0001085673720499025
0.582,0.13593209067896322,-0.03696221244425692,0.1380582709097077,0.13658163709534304,0.3975552577135666,6.432262141916077,BALANCE,1,-0.00010844566929151197
0.584,0.13585451721950498,-0.04050164313725107,0.13652429012182207,0.1365615656546107,-0.01003572036617495,11.375340287429115,BALANCE,1,-0.00010829270818734641
0.586,0.1357707562601989,-0.043198372898880226,0.1349903093339364,0.1360116259423747,-0.27496985611799585,8.113408176347242,BALANCE,1,-0.00010813512720208408
0.588,0.1356842870180555,-0.043270979602577406,0.13652429012182207,0.13619105840518128,0.08971623140328899,5.960938707598515,BALANCE,1,-0.00010799672212011467
0.59,0.13559690110696415,-0.044100482122486566,0.1349903093339364,0.13577079623024557,-0.2101310874678547,8.889193355537188,BALANCE,1,-0.00010784988452279374
0.592,0.13550960409631407,-0.04321530458787549,0.13652429012182207,0.13603451909229736,0.13186143102589254,6.465199074071896,BALANCE,1,-0.00010771925229100016
0.594,0.13542276330385433,-0.043619055998260534,0.13652429012182207,0.136205938952631,0.08570993016682182,9.21696259374498,BALANCE,1,-0.00010757745008452496
0.596,0.1353344510719642,-0.04467525758226203,0.1349903093339364,0.1357804685860879,-0.21273518327155627,8.858035778492434,BALANCE,1,-0.00010742719105371344
0.598,0.13524584892321795,-0.04394186458447251,0.13345632854605077,0.1349670195720749,-0.40672450700648954,6.444946648992824,BALANCE,1,-0.00010729344258070482
0.6,0.13516164362759467,-0.04034640624091466,0.1349903093339364,0.13497517098872644,0.004075708325765315,4.844225118272577,BALANCE,1,-0.00010719215368808873
0.602,0.13508357539242044,-0.03780072189191134,0.13652429012182207,0.13551736268530992,0.2710958482917414,8.13111592592971,BALANCE,1,-0.00010708957099007204
0.604,0.13500764748030156,-0.03811788539843938,0.13345632854605077,0.13479600073656922,-0.3606809743703504,10.299808547452526,BALANCE,1,-0.00010696666224045306
0.606,0.13493374940246705,-0.03586530367664432,0.13652429012182207,0.13540090202140773,0.30245064241925246,5.20231224923135,BALANCE,1,-0.00010686737993473365
0.608,0.1348611682337764,-0.03668471761095721,0.1349903093339364,0.13525719458079277,-0.07185372030747705,10.543659260638485,BALANCE,1,-0.00010674612818265921
0.61,0.1347875579844158,-0.036918083371048245,0.13652429012182207,0.13570067802015304,0.22174171968013245,7.540601912387751,BALANCE,1,-0.00010662781898090002
0.612,0.13471168890953292,-0.03888566789885577,0.13345632854605077,0.13491515570421725,-0.3927611579678941,9.915974438650242,BALANCE,1,-0.00010649192445963987
0.614,0.13463530170693871,-0.03754705942366417,0.13652429012182207,0.13547835275037895,0.2815985230808504,4.952820078509881,BALANCE,1,-0.00010638210117180459
0.616,0.13455889692050155,-0.038817217420509136,0.1349903093339364,0.13530753755462405,-0.08540759787745156,10.38148934966954,BALANCE,1,-0.00010625105864207603
0.618,0.13448082234038047,-0.039245761828146535,0.13345632854605077,0.1346596144016234,-0.3239615765003173,7.435191470257831,BALANCE,1,-0.0001061242264253887
0.62,0.13440435114163882,-0.03729103797974302,0.1349903093339364,0.13477535762793297,0.05787161315477796,5.487884252094866,BALANCE,1,-0.00010601952114337413
0.622,0.13433060866396462,-0.03648303979216048,0.1349903093339364,0.13485059072503416,0.03761654855059804,8.549494362914203,BALANCE,1,-0.00010590958621598838
0.624,0.13425776310967838,-0.036368334460824686,0.13192234775816514,0.13382570568663,-0.5124425192020859,8.391967831906832,BALANCE,1,-0.00010579566106570989
0.626,0.13418875358046337,-0.03280996638275623,0.13345632854605077,0.13369642368742726,-0.06464099960136471,3.9300021875811124,BALANCE,1,-0.00010571320513081824
0.628,0.13412573279584925,-0.030364799333194477,0.13345632854605077,0.13361239038794548,-0.04201664974089192,7.5046574244347175,BALANCE,1,-0.00010563045185610569
0.63,0.13406648851756803,-0.02898382040870747,0.13652429012182207,0.13463155529480228,0.5095824534284005,7.680610225349594,BALANCE,1,-0.00010554595240122194
0.632,0.13400534387948354,-0.03195735074863114,0.13192234775816514,0.1336833326569793,-0.4741113189114937,12.154552945115341,BALANCE,1,-0.00010543043357319739
0.634,0.13394265707714348,-0.030803827525555872,0.1349903093339364,0.1341407744939143,0.2287209184674982,4.228109408126808,BALANCE,1,-0.00010533958537221789
0.636,0.13387981508455446,-0.031965930662145606,0.1349903093339364,0.13443811168792202,0.1486685970038676,9.878213817374842,BALANCE,1,-0.00010523303607775043
0.638,0.13381375545773275,-0.0339852888420231,0.13192234775816514,0.1335575943125071,-0.44025868770745935,9.255635477306264,BALANCE,1,-0.00010511505433118919
0.64,0.13374743468602482,-0.03242026724120137,0.13345632854605077,0.13352215129424738,-0.01772150912986159,4.491386157090752,BALANCE,1,-0.00010502200478340949
0.642,0.13368350287869155,-0.031563952572371004,0.1349903093339364,0.13403600660813855,0.2569276569455853,7.86955700461595,BALANCE,1,-0.00010492751377623078
0.644,0.1336187824907036,-0.03307055443625882,0.13345632854605077,0.13383311928640784,-0.10144366086535517,10.097581652052995,BALANCE,1,-0.00010481560236309844
0.646,0.1335521406813303,-0.03354738227790618,0.1349903093339364,0.13423813580304284,0.20250825831749641,7.218437870261629,BALANCE,1,-0.0001047077266977433
0.648,0.13348300363986737,-0.03549946455151057,0.13345632854605077,0.1339645032630956,-0.13681626997361085,9.674354214722541,BALANCE,1,-0.00010458500474926419
0.65,0.1334114859738855,-0.035998698945008775,0.13345632854605077,0.13378664211212993,-0.08893057548284289,6.943340035996849,BALANCE,1,-0.00010446918048273773
0.652,0.13333964751218821,-0.03584729306125879,0.1349903093339364,0.1342079256397622,0.21064176381613287,7.315753922865053,BALANCE,1,-0.00010435788154419312
0.654,0.13326632510609365,-0.03741636390644128,0.13345632854605077,0.1339448666569632,-0.13152949139949577,9.737609648914795,BALANCE,1,-0.00010423089939306746
0.656,0.13319122309242756,-0.03767785048643885,0.13192234775816514,0.13323698504238388,-0.3539408072896627,6.984456068221826,BALANCE,1,-0.00010411136533715806
0.658,0.13311824083015494,-0.035394470087967665,0.13192234775816514,0.1327768619929073,-0.23006152473828423,5.162692644225731,BALANCE,1,-0.00010401510111414916
0.66,0.1330506228557474,-0.03237642234263373,0.13345632854605077,0.1330146752865075,0.11890664680010155,6.126119521668165,BALANCE,1,-0.00010393129565168223
0.662,0.13298678324985364,-0.031516062779508185,0.1303883669702795,0.1320954673758277,-0.4596039553399073,8.932133691591263,BALANCE,1,-0.00010383748751751455
0.664,0.13292731740203412,-0.02819673458175533,0.13192234775816514,0.1320348755096458,-0.030295933090951355,4.248896399830404,BALANCE,1,-0.00010376582932467883
0.666,0.13287269686539682,-0.02657592928499655,0.13345632854605077,0.13253238407238754,0.24875428137087485,7.6797250658511365,BALANCE,1,-0.00010369009630849196
0.668,0.1328182768391502,-0.02773566423236771,0.13345632854605077,0.13285576463816967,0.1616902828910638,9.941977295310252,BALANCE,1,-0.00010359852264736458
0.67,0.1327606098320433,-0.02976786598653419,0.13345632854605077,0.13306596200592805,0.1050986838791873,9.264868141418692,BALANCE,1,-0.00010349617748796127
0.672,0.13269877000511265,-0.03192956587734966,0.1303883669702795,0.13212880374345107,-0.46857913123848904,8.824747191389182,BALANCE,1,-0.00010338561031778547
0.674,0.13263666793836149,-0.03028122223540379,0.1303883669702795,0.131519650872841,-0.304576435305029,4.179095174699151,BALANCE,1,-0.00010329984389085379
0.676,0.132578995551571,-0.02760773493065817,0.13192234775816514,0.13166059478270445,0.07047195493171954,5.454567569930229,BALANCE,1,-0.00010322658580674551
0.678,0.13252444318065115,-0.027002314185951715,0.13345632854605077,0.13228910159987567,0.31425340858561024,8.463411326416022,BALANCE,1,-0.00010314523802017669
0.68,0.13246818995036452,-0.029072607187636233,0.13192234775816514,0.13216073775527698,-0.0641819222993445,10.451373364677423,BALANCE,1,-0.00010304537063184027
0.682,0.13240894600075803,-0.030095774301425553,0.1303883669702795,0.13154040798052785,-0.3101648873745644,7.416188886921863,BALANCE,1,-0.00010294681762450495
0.684,0.13235004456439808,-0.028897794263188017,0.13192234775816514,0.1316740869027009,0.06683946108652916,5.411105379835156,BALANCE,1,-0.00010286283363462039
0.686,0.13229217623987022,-0.028966153385943084,0.1349903093339364,0.13283476475363334,0.5803389254662172,8.435160902854289,BALANCE,1,-0.00010277253395505004
0.6880000000000001,0.13222975948821594,-0.0331777038716209,0.13192234775816514,0.13251541880521947,-0.15967297420693694,12.612797288947739,BALANCE,1,-0.00010264771863518769
0.6900000000000001,0.13216162786299693,-0.03487193098300502,0.13192234775816514,0.13230784393875045,-0.10378743323451178,6.673541334657672,BALANCE,1,-0.00010252970245734259
0.6920000000000001,0.1320913660073221,-0.03536919667041262,0.13345632854605077,0.13270981355130557,0.20098480627755988,7.108171170448933,BALANCE,1,-0.00010241700963757059
0.6940000000000001,0.13201867226649938,-0.037251524274372616,0.13345632854605077,0.1329710937994664,0.13064012408041392,9.570467263298813,BALANCE,1,-0.00010228975071224718
0.6960000000000001,0.13194174745344098,-0.039598990886695565,0.13192234775816514,0.13260403268501095,-0.1835305572277235,9.023386620611294,BALANCE,1,-0.00010215133843130976
0.6980000000000001,0.13186217730785726,-0.03996233514429335,0.13192234775816514,0.13236544296061492,-0.11929486219801333,6.487997503278869,BALANCE,1,-0.00010202506031182496
0.7000000000000001,0.13178289240601945,-0.03934179902907326,0.13192234775816514,0.1322103596397575,-0.07754166042871213,6.987567680052789,BALANCE,1,-0.0001019076300287097
0.7020000000000001,0.13170526237713565,-0.038321329324019576,0.13345632854605077,0.13264644875696013,0.21804455860131855,7.312288294955753,BALANCE,1,-0.00010179603590606852
0.704,0.13162769137490177,-0.03922298849795499,0.1349903093339364,0.13346679995890182,0.41017560097084127,9.703143394228157,BALANCE,1,-0.00010166869169356521
0.706,0.13154538848402425,-0.04298746667344779,0.13192234775816514,0.13292624168864398,-0.2702791351289202,11.28941280530084,BALANCE,1,-0.00010150855794575807
0.708,0.1314586004245407,-0.043786270053370754,0.13192234775816514,0.1325748788129764,-0.17568143783379397,5.813341420287276,BALANCE,1,-0.00010136719969716234
0.71,0.13137181291258448,-0.043018113106410134,0.13192234775816514,0.13234649294379244,-0.11419293459197233,6.549041226108232,BALANCE,1,-0.00010124043628121519
0.712,0.13128731327264712,-0.04151648862915498,0.13345632854605077,0.13273493540458287,0.19422123039521122,7.027246099891768,BALANCE,1,-0.00010112371424398365
0.714,0.13120396817233027,-0.04182292051823853,0.13192234775816514,0.13245052972833665,-0.14220283812310663,9.517865967436663,BALANCE,1,-0.0001009925894209517
0.716,0.13112120416543338,-0.04096340560463596,0.12732040539450823,0.1306549862114967,-0.8977717584199713,6.809409078715346,BALANCE,1,-0.0001008727540697857
0.718,0.1310468108641488,-0.0336990897977861,0.1303883669702795,0.13056166947707068,-0.04665836721301497,0.6571251053300324,BALANCE,1,-0.00010081613769651588
0.72,0.13098465158991743,-0.028782804867310084,0.1303883669702795,0.13050101359969377,-0.030327938688456957,7.460433230920121,BALANCE,1,-0.00010075330815064327
0.722,0.1309299502291257,-0.02616295927348642,0.1303883669702795,0.13046158727939877,-0.019713160147497022,7.58743730647397,BALANCE,1,-0.00010068457436399116
0.724,0.13087873976922426,-0.02515887128050962,0.1349903093339364,0.13204663999848695,0.7925263595440907,7.66998995558395,BALANCE,1,-0.00010061138063753519
0.726,0.13082307230408688,-0.0300676125124276,0.13192234775816514,0.13200313771437433,-0.021751142056311568,14.263009276261943,BALANCE,1,-0.00010049695971553471
0.728,0.1307598707046419,-0.03295506795439849,0.1303883669702795,0.13143796795394114,-0.28258488021659645,7.746179126411968,BALANCE,1,-0.00010038051616809278
0.73,0.13069396385408683,-0.032953105703890984,0.12885438618239387,0.1305337143338996,-0.4521268100207698,5.625599035503697,BALANCE,1,-0.00010027939341059945
0.732,0.13063118903224905,-0.030009123829238628,0.13345632854605077,0.1315566293081525,0.5114574871264571,4.215008379867817,BALANCE,1,-0.00010020288191325586
0.734,0.13056912463645887,-0.031930290189328865,0.13192234775816514,0.13168463076565692,0.06400072875220597,11.985057655500807,BALANCE,1,-0.00010009504067928757
0.736,0.13050336653563369,-0.03372996329184188,0.12885438618239387,0.13069404516151487,-0.495292802071029,8.413083675957063,BALANCE,1,-9.998167425190751e-05
0.738,0.13043819973741813,-0.031560450878547724,0.12885438618239387,0.1300501645188225,-0.32194032134617856,3.87930029312266,BALANCE,1,-9.989697731484438e-05
0.74,0.13037859578298142,-0.028285563260058752,0.13345632854605077,0.1312423219283524,0.5960787047649407,5.227487300359922,BALANCE,1,-9.982663987414747e-05
0.742,0.13031949300475745,-0.030640109839100014,0.1303883669702795,0.13094343769302688,-0.14944211766275417,12.64316895382067,BALANCE,1,-9.972140581979459e-05
0.744,0.13025759850002216,-0.0312174372658287,0.1303883669702795,0.1307491629400653,-0.09713737648078813,6.661069320279579,BALANCE,1,-9.96229337682339e-05
0.746,0.13019529717375156,-0.03109308833923704,0.1303883669702795,0.13062288435064026,-0.063139294712522,7.067850764557614,BALANCE,1,-9.952852043861228e-05
0.748,0.13013344493274936,-0.030780925437120864,0.1303883669702795,0.130540803267514,-0.04104054156313375,7.33225870333824,BALANCE,1,-9.943607220372056e-05
0.75,0.1300721663734534,-0.03051671288368719,0.12885438618239387,0.12995055728772195,-0.29512298989602115,7.50412386354577,BALANCE,1,-9.93442118632018e-05
0.752,0.13001317718053165,-0.028617313428971888,0.13192234775816514,0.13064068395237707,0.3450633323275609,5.436049518095148,BALANCE,1,-9.926614254683674e-05
0.754,0.12995437024852352,-0.03007879160634093,0.13192234775816514,0.1310892662844029,0.2242911660129132,10.598947695763112,BALANCE,1,-9.916726098781733e-05
0.756,0.12989147581495175,-0.03265398735676227,0.13192234775816514,0.1313808448002197,0.14578925790839636,9.659685305167478,BALANCE,1,-9.905410541367745e-05
0.758,0.1298232608524491,-0.0354261712155379,0.1303883669702795,0.13103347755974062,-0.1736836202395342,9.049164751280353,BALANCE,1,-9.892998805201618e-05
0.76,0.1297517107386163,-0.0360973112818393,0.13192234775816514,0.1313445821291892,0.15555228472428906,6.472539691668164,BALANCE,1,-9.881585602466059e-05
0.762,0.1296778289609495,-0.03772512607302975,0.13192234775816514,0.13154680009933079,0.10110898507079136,9.125093205545664,BALANCE,1,-9.86905364392519e-05
0.764,0.12960041052975843,-0.03963465476261885,0.12885438618239387,0.13060445522840286,-0.47117243546396237,8.701679886526179,BALANCE,1,-9.85569610511698e-05
0.766,0.12952334363085494,-0.03750173793866493,0.1303883669702795,0.13052882433805968,-0.037815445171590634,4.0668878299924724,BALANCE,1,-9.845729639308459e-05
0.768,0.1294502019966155,-0.03571028546340265,0.12885438618239387,0.12994277098357665,-0.29302667724151465,7.529205898910856,BALANCE,1,-9.836010651837972e-05
0.77,0.12938219360040498,-0.032459765817888855,0.13192234775816514,0.1306356228546826,0.34642593555297974,5.452352841082481,BALANCE,1,-9.828042161854917e-05
0.772,0.12931679965358245,-0.03291022336514925,0.12885438618239387,0.13001219001938155,-0.3117164176505288,10.609544855704794,BALANCE,1,-9.81779825961174e-05
0.774,0.12925282382216136,-0.031170643350917814,0.13192234775816514,0.1306807452279558,0.33427760428712816,5.307000059958662,BALANCE,1,-9.809277672170884e-05
0.776,0.12918901457087278,-0.0325561789645483,0.12732040539450823,0.12950462628624915,-0.5880594708533304,10.515065547974373,BALANCE,1,-9.798656250520372e-05
0.778,0.12912711398433718,-0.029544195831395538,0.12578642460662257,0.12820325569837984,-0.6506852939346525,3.0658018103483053,BALANCE,1,-9.791265878804489e-05
0.78,0.12907411905012892,-0.02401245097940445,0.12732040539450823,0.1278942580920248,-0.1544988031775274,2.4867129904255707,BALANCE,1,-9.786394333579863e-05
0.782,0.12902937602976094,-0.02116432488883129,0.1303883669702795,0.12876719619941393,0.43646905369457145,6.437665060101268,BALANCE,1,-9.780988309420586e-05
0.784,0.12898485979612298,-0.023060616636244095,0.12885438618239387,0.1287977126934569,0.0152582470214907,11.217784201521408,BALANCE,1,-9.773351948614954e-05
0.786,0.12893720859001512,-0.024413778007513966,0.12885438618239387,0.12881754841458484,0.009917860563965486,7.84992873777934,BALANCE,1,-9.765452682148213e-05
0.788,0.12888717909229278,-0.025490942329236946,0.12732040539450823,0.12829354835755802,-0.2620000285134122,7.808395789386815,BALANCE,1,-9.757308052059613e-05
0.79,0.12883698859626858,-0.024782411788341757,0.1303883669702795,0.12902673487201055,0.36659325722626646,5.6016126733461835,BALANCE,1,-9.750095335143614e-05
0.792,0.12878490055316932,-0.027064905833285104,0.1303883669702795,0.12950330610640468,0.2382856171970621,10.674350150130765,BALANCE,1,-9.740956417901954e-05
0.794,0.1287275527375972,-0.030038781686101863,0.12732040539450823,0.12873929085724092,-0.382007624581876,9.676483303960778,BALANCE,1,-9.730476696126292e-05
0.796,0.1286682118736173,-0.029354148760470104,0.12885438618239387,0.12877957422104444,0.02014168190175858,4.668296454779448,BALANCE,1,-9.721944897751853e-05
0.798,0.12860957981440183,-0.02928438155844258,0.12885438618239387,0.12880575840751673,0.01309209323614724,7.887907908476735,BALANCE,1,-9.713134133053067e-05
0.8,0.12855076230544188,-0.02951649890282577,0.12732040539450823,0.12828588485296377,-0.25993677727648157,7.8330822503401825,BALANCE,1,-9.704110170918362e-05
0.802,0.12849322872459837,-0.028130562034173107,0.1303883669702795,0.1290217535940243,0.36793437053025957,5.617658872965974,BALANCE,1,-9.69628172410045e-05
0.804,0.12843496868283863,-0.029984686755623338,0.12732040539450823,0.12842628172419368,-0.29773593491530526,10.684780179883534,BALANCE,1,-9.686346027157138e-05
0.806,0.12837581680924362,-0.02922532094963473,0.12885438618239387,0.12857611828456375,0.0749182801850351,5.323689424129179,BALANCE,1,-9.677908844946279e-05
0.808,0.1283171065157779,-0.029467480421883244,0.1303883669702795,0.12921040532456426,0.31714352000025703,8.313913338554105,BALANCE,1,-9.668911066850433e-05
0.81,0.12825558919383187,-0.03188767060466072,0.12885438618239387,0.12908579862480463,-0.062303349879819225,10.289772479475912,BALANCE,1,-9.658062357416587e-05
0.812,0.1281906187273896,-0.03301941016207151,0.12885438618239387,0.12900480426996086,-0.04049717742188319,7.246721118449724,BALANCE,1,-9.647498739595513e-05
0.8140000000000001,0.1281240735147516,-0.03350153292455192,0.1303883669702795,0.12948905121507237,0.24212347255575528,7.416310836822586,BALANCE,1,-9.637144640322629e-05
0.8160000000000001,0.12805492233685598,-0.03555475358230671,0.12885438618239387,0.1292669184536349,-0.1110663807187412,9.706330853350384,BALANCE,1,-9.625233630875683e-05
0.8180000000000001,0.12798322164206002,-0.0361237399596923,0.12732040539450823,0.12858563888294056,-0.340639785347166,6.867484061468164,BALANCE,1,-9.61402250648717e-05
0.8200000000000001,0.12791315581879464,-0.034036602307294724,0.12732040539450823,0.12814280716198925,-0.22141586047565165,4.990020050199106,BALANCE,1,-9.60505988620191e-05
0.8220000000000001,0.12784813125979366,-0.03115307441140984,0.12885438618239387,0.12839185981913087,0.12452632857080925,5.917241545914142,BALANCE,1,-9.59730275649862e-05
0.8240000000000001,0.12778668763868153,-0.030346036924509642,0.12732040539450823,0.12801685077051295,-0.18750452430896236,8.699722217714326,BALANCE,1,-9.588612102412616e-05
0.8260000000000001,0.12772768441063892,-0.028776944580960702,0.12885438618239387,0.12830998816467126,0.14656869707915798,6.180974851759078,BALANCE,1,-9.580751927527858e-05
0.8280000000000001,0.12766983667768397,-0.029050028190099005,0.12732040539450823,0.1279636341951142,-0.1731769847785336,8.87114886651354,BALANCE,1,-9.571911023946103e-05
0.8300000000000001,0.1276125912980371,-0.028261293077691322,0.12732040539450823,0.12773850411490212,-0.11256504010603852,6.292402173478583,BALANCE,1,-9.563814884742468e-05
0.8320000000000001,0.12755708100307234,-0.027332988970554344,0.12578642460662257,0.12705527628700428,-0.34161391394892104,6.763789926045819,BALANCE,1,-9.556050724287231e-05
0.834,0.12750499140180782,-0.025003048342103103,0.12885438618239387,0.12768496475039062,0.3148442316931732,4.890405265628888,BALANCE,1,-9.549552409371224e-05
0.836,0.12745371523767685,-0.02614828483099087,0.12732040539450823,0.12755736897583178,-0.06379788727942093,10.179851738568823,BALANCE,1,-9.541253429853155e-05
0.838,0.12740091975487536,-0.02660195924762668,0.12578642460662257,0.12693753844660854,-0.3099152646116182,7.143059040314539,BALANCE,1,-9.53309986170656e-05
0.84,0.12734927187806522,-0.025197987452815356,0.12425244381873693,0.12599775532685348,-0.4698915598775333,5.136930189903567,BALANCE,1,-9.526152135896694e-05
0.842,0.12730232137388578,-0.022165325040815094,0.12732040539450823,0.12646068285053264,0.23146376183957873,3.8007328405909426,BALANCE,1,-9.520665948699368e-05
0.844,0.12725737032004772,-0.022705423220653553,0.12732040539450823,0.12676158574092408,0.1504514451957234,9.439351065748589,BALANCE,1,-9.513690427900089e-05
0.846,0.12721023621482858,-0.02422474917208533,0.12578642460662257,0.12642027934391856,-0.17065319850276262,8.809306706021232,BALANCE,1,-9.505889174057743e-05
0.848,0.1271617672336516,-0.0242428998146052,0.12732040539450823,0.12673532346162494,0.15752205885319337,6.219991172613012,BALANCE,1,-9.49864240083821e-05
0.85,0.12711183656576888,-0.025536881390995032,0.12732040539450823,0.1269401021381341,0.10238933825457153,8.864295878523045,BALANCE,1,-9.490502536782926e-05
0.852,0.12705908467250024,-0.027060100582141075,0.12578642460662257,0.12653631500210505,-0.20189356801451896,8.435520834324617,BALANCE,1,-9.481777237371918e-05
0.854,0.1270052771242697,-0.02677602665423873,0.1227184630308513,0.12520006681216622,-0.6681240949694134,5.977030356010151,BALANCE,1,-9.473915487628197e-05
0.856,0.12695611556384404,-0.022862979996955753,0.12578642460662257,0.12540529204022594,0.10261261402985666,2.1670112489746662,BALANCE,1,-9.468658358602356e-05
0.858,0.12691113885175398,-0.022212279456278416,0.12732040539450823,0.12607558171422473,0.3351448369993959,8.34521843465241,BALANCE,1,-9.46226854803651e-05
0.86,0.12686435496669307,-0.024287428395752,0.12732040539450823,0.12651127000232396,0.21784414404961427,10.24569359884865,BALANCE,1,-9.454269803390839e-05
0.862,0.1268129525790847,-0.02683664048442476,0.12885438618239387,0.12733136066534842,0.4100453315122321,9.333429352536353,BALANCE,1,-9.445225101533967e-05
0.864,0.12675482598737003,-0.030961865919087152,0.12885438618239387,0.12786441959631434,0.2665294654829592,10.920244292018761,BALANCE,1,-9.43402965770772e-05
0.866,0.12668835387472943,-0.035279806377825226,0.12732040539450823,0.1276740146256822,-0.09520248531606768,9.804100899642535,BALANCE,1,-9.421089127269303e-05
0.868,0.12661561114514452,-0.03738139611553414,0.12885438618239387,0.12808714467053128,0.20656502242454022,6.89882099501239,BALANCE,1,-9.408643699607114e-05
0.87,0.126537898181986,-0.0402439969027213,0.12885438618239387,0.1283556791996832,0.13426726457595184,9.3377488596282,BALANCE,1,-9.394724640574669e-05
0.872,0.1264544012361025,-0.043185405198108706,0.12578642460662257,0.12745644009211196,-0.4496195537856129,8.775478868588607,BALANCE,1,-9.379706537716041e-05
0.874,0.12636947144194943,-0.04177664126029876,0.12578642460662257,0.12687193467219068,-0.2922527099606387,4.050429975241815,BALANCE,1,-9.368378296839887e-05
0.876,0.1262895097856025,-0.038283645059753284,0.12885438618239387,0.1275657927007618,0.34692901428555467,5.2742944006463315,BALANCE,1,-9.35950133375742e-05
0.878,0.1262131029723008,-0.03812964043650025,0.12732040539450823,0.12747990714357305,-0.042942778594373676,10.429379676330145,BALANCE,1,-9.348301189804311e-05
0.88,0.12613744468792948,-0.03754982614066776,0.12732040539450823,0.12742408153140036,-0.0279128060863415,7.305252199859393,BALANCE,1,-9.337561245557942e-05
0.882,0.12606312846387796,-0.036795241613949134,0.12578642460662257,0.12685090160772813,-0.2865899618361145,7.42214244319329,BALANCE,1,-9.327156964323857e-05
0.884,0.12599236048795445,-0.03409092239085566,0.12732040539450823,0.12701522793310116,0.08216316268651325,5.318334401774772,BALANCE,1,-9.318730395501913e-05
0.886,0.12592550265357008,-0.03283357998964934,0.12885438618239387,0.1276589333203536,0.3218526936262234,8.278218977478176,BALANCE,1,-9.30974055408825e-05
0.888,0.12585833090237541,-0.0342657794747961,0.12425244381873693,0.12646666199478776,-0.5961356627829234,10.234357548231003,BALANCE,1,-9.29878691436198e-05
0.89,0.12579324939336078,-0.031002056720044247,0.12732040539450823,0.12676547218468992,0.14940509495108,2.818914417423878,BALANCE,1,-9.291444492090089e-05
0.892,0.1257322246261096,-0.03008672399424646,0.12885438618239387,0.1274965920838863,0.36555994959819316,8.801169090690035,BALANCE,1,-9.283030143874783e-05
0.894,0.1256699134131691,-0.03209528501636403,0.12732040539450823,0.12743492674260398,-0.03083267064116213,10.574275121818724,BALANCE,1,-9.272501658402248e-05
0.896,0.12560461803565087,-0.03314246584083282,0.12578642460662257,0.1268579509950105,-0.28848787379674723,7.399434239426942,BALANCE,1,-9.262141144672487e-05
0.898,0.1255397535954944,-0.03179999598330679,0.12425244381873693,0.12594602348331474,-0.4559637558478741,5.303574069326651,BALANCE,1,-9.253507785572442e-05
0.9,0.1254802535900356,-0.027983540449993058,0.12732040539450823,0.12642705715223246,0.2405168344588593,3.909051362215892,BALANCE,1,-9.247173419574943e-05
0.902,0.12542468722356048,-0.027616586434813708,0.12578642460662257,0.126202835761269,-0.11211069548172636,9.509758104804822,BALANCE,1,-9.239206368457608e-05
0.904,0.12537022504713702,-0.02691275632176848,0.1227184630308513,0.12498330530562281,-0.6097652278230988,6.675284581822329,BALANCE,1,-9.23159721056882e-05
0.906,0.12532064221302042,-0.0231229424461403,0.12425244381873693,0.12472750378521275,-0.1279007602050311,2.6208764957525776,BALANCE,1,-9.226322754330545e-05
0.908,0.1252765818475703,-0.021235324468508475,0.12732040539450823,0.12563501934846616,0.4537577816267069,6.4604441454725166,BALANCE,1,-9.220733910800908e-05
0.91,0.12523149472274722,-0.023511769468495713,0.12425244381873693,0.12515111791306094,-0.24195071770261034,11.168163413921626,BALANCE,1,-9.213016673840334e-05
0.912,0.1251845656935701,-0.02342939148565906,0.12732040539450823,0.12591036853156748,0.3796253092532703,5.573461333162774,BALANCE,1,-9.206158880850719e-05
0.914,0.12513484080583556,-0.025991767321644384,0.12425244381873693,0.12533009488207678,-0.29013682474535174,10.591624585920211,BALANCE,1,-9.197500848540553e-05
0.916,0.12508321792834903,-0.025667102705023072,0.12578642460662257,0.1254898102856678,0.07985770179551321,5.1987110949617925,BALANCE,1,-9.190096633973e-05
0.918,0.1250312439454857,-0.02624641535829017,0.12578642460662257,0.12559362529800197,0.05190750616708428,8.168250231504175,BALANCE,1,-9.182144298145252e-05
0.92,0.12497784808194444,-0.02706895995267944,0.1227184630308513,0.12458731850449924,-0.503153396751367,7.950877567216793,BALANCE,1,-9.173839479866205e-05
0.922,0.12492647417542029,-0.024577678980757203,0.12578642460662257,0.1250070056402424,0.20984356787157737,3.450011936259018,BALANCE,1,-9.167674791807224e-05
0.924,0.12487688212447286,-0.024968745924000148,0.1227184630308513,0.12420601572695551,-0.4004949566434393,9.179168881387163,BALANCE,1,-9.16019532875281e-05
0.926,0.12482908231855748,-0.023077902799472336,0.12578642460662257,0.12475915883483898,0.276571553941736,4.2484012904698165,BALANCE,1,-9.154157150790575e-05
0.928,0.1247816251753764,-0.024227725099346856,0.12732040539450823,0.12565559513072322,0.4482181479421171,9.698121961624228,BALANCE,1,-9.146622600494814e-05
0.93,0.12472927810656864,-0.02775044789071974,0.12425244381873693,0.12516449217152803,-0.24555147959759438,11.12508089138033,BALANCE,1,-9.137001608918455e-05
0.932,0.12467337823186057,-0.028118192856938458,0.12578642460662257,0.12538216852381112,0.10883817614154578,5.545457693510927,BALANCE,1,-9.128597696795248e-05
0.934,0.12461605218918352,-0.029126163262901374,0.12425244381873693,0.12498676487703515,-0.1977018233879843,8.393635520561034,BALANCE,1,-9.119592436309523e-05
0.936,0.12455851483774297,-0.028465828325204168,0.12578642460662257,0.12526664578239075,0.13994045267779615,5.9175913055182345,BALANCE,1,-9.111581236819508e-05
0.9380000000000001,0.1245008951238985,-0.02910338077734825,0.12578642460662257,0.12544856837087187,0.09096129424056298,8.635522368365814,BALANCE,1,-9.102764708023891e-05
0.9400000000000001,0.12444159461111316,-0.03012210488611069,0.12578642460662257,0.12556681805338463,0.059124841256377736,8.254604456176816,BALANCE,1,-9.093454401563966e-05
0.9420000000000001,0.12438027301892109,-0.03113207148369605,0.12578642460662257,0.1256436803470179,0.03843114681663373,8.007007813254098,BALANCE,1,-9.083836712869601e-05
0.9440000000000001,0.12431710254937767,-0.03198647246593539,0.12425244381873693,0.12515674756211956,-0.24346639244916812,7.846069995354143,BALANCE,1,-9.07403818709492e-05
0.9460000000000001,0.12425437824763004,-0.03081332026038461,0.1227184630308513,0.12430334797617566,-0.42669979297194766,5.561673714133828,BALANCE,1,-9.065670507530952e-05
0.9480000000000001,0.12419651198602086,-0.02733228376056519,0.12118448224296566,0.12321174496955216,-0.5458015033117519,4.044602534794958,BALANCE,1,-9.059389005704478e-05
0.9500000000000001,0.12414733004411542,-0.022446126012748854,0.12425244381873693,0.12357598956676683,0.18212229860733314,3.026292671679114,BALANCE,1,-9.054812688317634e-05
0.9520000000000001,0.1241031500104243,-0.021830988103225573,0.12425244381873693,0.12381274855495636,0.11837949409476689,8.871537762864675,BALANCE,1,-9.048664178734527e-05
0.9540000000000001,0.12405853025544072,-0.022662453044327322,0.12425244381873693,0.12396664189727956,0.07694667116159987,8.375800866055517,BALANCE,1,-9.041768762542135e-05
0.9560000000000001,0.12401191431109108,-0.023797453429219323,0.12425244381873693,0.12406667256978963,0.05001533625503818,8.053571883129573,BALANCE,1,-9.034417134480082e-05
0.9580000000000001,0.12396310954329488,-0.024874702389677355,0.12118448224296566,0.12305790595540124,-0.5043833071941978,7.8441230442276835,BALANCE,1,-9.026752645700663e-05
0.96,0.12391586641924869,-0.022664901184497963,0.1227184630308513,0.12293910093180876,-0.0594025117962374,3.348407899770492,BALANCE,1,-9.020997999351906e-05
0.962,0.12387154193686233,-0.021795408065777507,0.12425244381873693,0.12339877094223362,0.2298350052124254,6.901125961538627,BALANCE,1,-9.014962253814815e-05
0.964,0.12382642080714155,-0.023127795000562557,0.12425244381873693,0.12369755644900977,0.14939275338807928,9.24260629823342,BALANCE,1,-9.007762167892648e-05
0.966,0.12377821358755181,-0.024858990192833778,0.11965050145508001,0.12228108720113436,-0.7082346239377091,8.61699541404522,BALANCE,1,-8.999868249044942e-05
0.968,0.12373202273966082,-0.021768930369297092,0.1227184630308513,0.12243416874153529,0.07654077020046585,1.6709882405663885,BALANCE,1,-8.994693007060131e-05
0.97,0.12368895179073562,-0.021369151630222207,0.1227184630308513,0.12253367174279589,0.04975150063030176,7.958376286095843,BALANCE,1,-8.988620440387981e-05
0.972,0.12364560564210493,-0.021892393194932115,0.12425244381873693,0.12313524196937525,0.30078511328968105,7.750032309610168,BALANCE,1,-8.982084678732117e-05
0.974,0.12359924312051503,-0.024153597386551606,0.12425244381873693,0.12352626261665184,0.19551032363829268,9.794395424479964,BALANCE,1,-8.974244184355488e-05
0.976,0.12354827595022798,-0.026546850115198844,0.12425244381873693,0.12378042603738162,0.12708171036489302,8.975658346105451,BALANCE,1,-8.965554510554445e-05
0.978,0.12349289848639701,-0.028642328958033175,0.12118448224296566,0.12287184570933604,-0.45429016402279143,8.443479245162042,BALANCE,1,-8.956289044734708e-05
0.98,0.12343753630827173,-0.026879490105105274,0.12732040539450823,0.1244288415991463,0.7784979449051294,3.737989430377831,BALANCE,1,-8.949306963992247e-05
0.982,0.12337928046770133,-0.031046885885187614,0.12578642460662257,0.124903995651763,0.2375770263083471,13.693714055189812,BALANCE,1,-8.938290275902015e-05
0.984,0.12331293356176563,-0.03508362453068293,0.12578642460662257,0.12521284578596384,0.15442506710042214,9.394855949572555,BALANCE,1,-8.925833429939148e-05
0.986,0.12323901667985233,-0.03869926250161492,0.11965050145508001,0.1232660252701545,-0.9734102579046707,8.748171283961208,BALANCE,1,-8.912288155128028e-05
0.988,0.12316663146171762,-0.03388092929250452,0.12425244381873693,0.12361127176215835,0.1726232460019239,-0.39132054702809604,BALANCE,1,-8.905546649001741e-05
0.99,0.12310113642023293,-0.03173455119014592,0.12425244381873693,0.12383568198196085,0.11220510990125193,8.797662273744892,BALANCE,1,-8.897579151712747e-05
0.992,0.12303836430184086,-0.031080109099739923,0.1227184630308513,0.12344465534907251,-0.1955133164441708,8.327781798127667,BALANCE,1,-8.888946302087126e-05
0.994,0.12297808751342154,-0.02932287388042629,0.12578642460662257,0.12426427458921503,0.40980962007126226,5.842572789390984,BALANCE,1,-8.881372083591573e-05
0.996,0.12291761528150294,-0.031029667432975354,0.1227184630308513,0.12372324054378772,-0.27051702271365524,10.734333435923,BALANCE,1,-8.871542950478568e-05
0.998,0.12285648420168839,-0.030161863662772466,0.12425244381873693,0.12390846169001994,0.09261057311611004,5.2592582509180215,BALANCE,1,-8.863288232160459e-05
1.0,0.12279607216288742,-0.03024538937199328,0.1227184630308513,0.12349196215931091,-0.2082497653545165,8.175392286330077,BALANCE,1,-8.854521316724671e-05
1.002,0.12273703560834419,-0.028894276020844444,0.1227184630308513,0.12322123746435004,-0.1353623474804333,5.743519606722522,BALANCE,1,-8.846863036628746e-05
1.004,0.1226809670439704,-0.02731288656144026,0.11965050145508001,0.12197147986110553,-0.624878801622257,6.310375468017536,BALANCE,1,-8.839732183854461e-05
1.006,0.12263132755792233,-0.022857917440349006,0.1227184630308513,0.12223292397051655,0.13072205470551074,2.319258378688276,BALANCE,1,-8.834966756406095e-05
1.008,0.12258654807017039,-0.022045602474409405,0.12118448224296566,0.12186596936587374,-0.18347730232140536,8.37975187587508,BALANCE,1,-8.828908754910462e-05
1.01,0.12254355748302188,-0.021102747531074793,0.12118448224296566,0.12162744887285591,-0.11926024650891348,5.844139743381182,BALANCE,1,-8.823155385564463e-05
1.012,0.12250201585095835,-0.020540772801138512,0.12425244381873693,0.12254619710391426,0.459374115529175,6.343564960300046,BALANCE,1,-8.817428284736136e-05
1.014,0.12245777697430255,-0.02327142778878592,0.1227184630308513,0.12260649017834223,0.03014653721398336,11.027764750468256,BALANCE,1,-8.8097895943517e-05
1.016,0.12240946455262731,-0.024842190445584004,0.1227184630308513,0.1226456806767204,0.019595249189083286,7.597561708412401,BALANCE,1,-8.802037629426645e-05
1.018,0.12235864930180834,-0.02585974169664778,0.1227184630308513,0.12267115450066621,0.012736911972906217,7.51550283411589,BALANCE,1,-8.794184599295035e-05
1.02,0.12230615705905333,-0.026560941490435284,0.1227184630308513,0.12268771248623099,0.00827899278239147,7.4621645658232225,BALANCE,1,-8.786251968817987e-05
1.022,0.12225248721950063,-0.027061041350717803,0.1227184630308513,0.12269847517684809,0.005381345308551333,7.427494691432992,BALANCE,1,-8.778259541864727e-05
1.024,0.12219796775806643,-0.027425286106545523,0.12118448224296566,0.12216857764998924,-0.2649487634294248,7.404959273079296,BALANCE,1,-8.770222911184112e-05
1.026,0.12214466043716385,-0.026022364122655465,0.1227184630308513,0.12236103753329096,0.09622994165085774,5.210524551563957,BALANCE,1,-8.763375123590079e-05
1.028,0.12209258593560157,-0.026050201044907892,0.12425244381873693,0.12302302973319705,0.3309960999530459,8.11150178520432,BALANCE,1,-8.755892126236333e-05
1.03,0.12203808393818215,-0.028245884322663853,0.12118448224296566,0.12237953811161606,-0.3217458107904955,10.02935058361619,BALANCE,1,-8.746808230747783e-05
1.032,0.1219825482416119,-0.027369104022342577,0.12118448224296566,0.12196126855758842,-0.20913477701382105,4.7688058003729985,BALANCE,1,-8.739371513741487e-05
1.034,0.12192966656606169,-0.025684350614931042,0.11965050145508001,0.12115250007171047,-0.4043842429389752,5.644597897344736,BALANCE,1,-8.732751678206679e-05
1.036,0.12188170583340732,-0.022666883445552347,0.11811652066719437,0.12008990728012983,-0.5312963957903177,4.034076060790827,BALANCE,1,-8.72744224222066e-05
1.038,0.12184076439960577,-0.018964825536632483,0.1227184630308513,0.12100990179288235,0.4599972563762572,2.955023270485248,BALANCE,1,-8.723227491267044e-05
1.04,0.12180090919587318,-0.020573912057333443,0.11965050145508001,0.12053411167465153,-0.23789505911540887,10.940572158582999,BALANCE,1,-8.71684745614774e-05
1.042,0.12176010152715518,-0.02028808884664896,0.1227184630308513,0.12129863464932145,0.3822614873349589,5.328886227555821,BALANCE,1,-8.711136297078571e-05
1.044,0.12171676864611067,-0.022657225742826956,0.12425244381873693,0.12233246785861687,0.516916604647713,10.336009977638959,BALANCE,1,-8.70385630639846e-05
1.046,0.12166669113864607,-0.026920087687314513,0.1227184630308513,0.12246756616889892,0.06754915514102511,11.475280908698718,BALANCE,1,-8.694445814292895e-05
1.048,0.12161004136905887,-0.02951022174022337,0.11965050145508001,0.1214815935190623,-0.49298632491830835,7.888447211262136,BALANCE,1,-8.684794908498145e-05
1.05,0.12155301655389496,-0.027668686275615355,0.12425244381873693,0.12245139112394843,0.4848988024430609,3.3450050117972716,BALANCE,1,-8.677776448440373e-05
1.052,0.1214953684880452,-0.02980709696937592,0.1227184630308513,0.12254486629136443,0.04673758370800363,11.226273886981392,BALANCE,1,-8.668238693038444e-05
1.054,0.12143421015647449,-0.03125334741887517,0.11965050145508001,0.12153183859866488,-0.506513846349775,7.726592647145895,BALANCE,1,-8.658573292184149e-05
1.056,0.12137455045591038,-0.028601895535537374,0.1227184630308513,0.12194715714993012,0.20765927563261982,3.239799545121693,BALANCE,1,-8.651760657518756e-05
1.058,0.12131751544345593,-0.02844705919057163,0.11965050145508001,0.12114332765673258,-0.40191474659877213,8.978103634056765,BALANCE,1,-8.643727490137445e-05
1.06,0.1212635006206549,-0.02582092154682902,0.12118448224296566,0.12115773176191416,0.007202052590790653,4.0532816866137775,BALANCE,1,-8.637554139773418e-05
1.062,0.12121310250736055,-0.02470572281789812,0.12118448224296566,0.12116709443028219,0.0046813341840132305,7.327080326441175,BALANCE,1,-8.630979879401196e-05
1.064,0.12116404100407625,-0.024394744003056395,0.1227184630308513,0.12171007344048138,0.27148950509959385,7.307476339289037,BALANCE,1,-8.624160600606016e-05
1.066,0.12111340606773752,-0.02605300599507334,0.11965050145508001,0.1209892232455909,-0.36042509744523693,9.474520447225633,BALANCE,1,-8.616065151655612e-05
1.068,0.1210627465627357,-0.024754145478970202,0.1227184630308513,0.12159445717043203,0.30261696242056546,4.375952615173558,BALANCE,1,-8.609565440510372e-05
1.07,0.12101171513003595,-0.0261257129204478,0.12118448224296566,0.1214509659458188,-0.0717456123066132,9.716603129590446,BALANCE,1,-8.601567591273133e-05
1.072,0.12095912665648831,-0.026432215342802958,0.12118448224296566,0.1213576966498202,-0.04663464799930378,6.713093058296224,BALANCE,1,-8.59392415654305e-05
1.074,0.12090633516900426,-0.026366934391278105,0.11811652066719437,0.12022328505590116,-0.5672057969595203,6.908384614994782,BALANCE,1,-8.586463725173116e-05
1.076,0.12085734227093198,-0.02303563162969806,0.12118448224296566,0.12055970407137373,0.16820950773628607,2.675750727677907,BALANCE,1,-8.581264365239721e-05
1.078,0.12081150716240598,-0.02282994450389761,0.12118448224296566,0.1207783764314309,0.10933618002858386,8.579258306172711,BALANCE,1,-8.574860974719821e-05
1.08,0.12076494457513824,-0.023623578261132885,0.1227184630308513,0.12145740674122804,0.3395151548985717,8.121392026114524,BALANCE,1,-8.567862990765683e-05
1.082,0.12071484712409333,-0.026176739442541775,0.12118448224296566,0.1213618831668362,-0.04776178719591989,10.003565643662256,BALANCE,1,-8.559403429647168e-05
1.084,0.12066139342374882,-0.027178917636098702,0.12118448224296566,0.12129979284348151,-0.0310451616773455,6.899618692442813,BALANCE,1,-8.551257101730534e-05
1.086,0.12060666790630878,-0.027516301541080947,0.12118448224296566,0.12125943413330097,-0.0201793550902718,7.029626277190126,BALANCE,1,-8.543307510824516e-05
1.088,0.1205515765992368,-0.027571054287524356,0.12118448224296566,0.12123320097168361,-0.013116580808679446,7.114131207275884,BALANCE,1,-8.535474297455103e-05
1.09,0.12049648898352516,-0.027522074157325282,0.11965050145508001,0.12067925614087235,-0.2769724154056269,7.169059411831581,BALANCE,1,-8.52770610966102e-05
1.092,0.12044335700513714,-0.0257848870129029,0.11965050145508001,0.12031919200084504,-0.18003207001365817,5.024976045207326,BALANCE,1,-8.521177072157096e-05
1.094,0.12039380727759262,-0.02398090466620159,0.11965050145508001,0.12008515030982728,-0.11702084550888059,5.778894959941437,BALANCE,1,-8.515127643871901e-05
1.096,0.12034728273869204,-0.022719458642649827,0.12118448224296566,0.12046991648642572,0.19238308829921946,6.268942254518592,BALANCE,1,-8.509179388769693e-05
1.098,0.12030090255130782,-0.023546032681197218,0.12118448224296566,0.1207200145012147,0.12504900739448988,8.767259695579298,BALANCE,1,-8.502217770534024e-05
1.1,0.12025236725004358,-0.02482895668007141,0.11965050145508001,0.12034568493506756,-0.18716478307356788,8.2435929292288,BALANCE,1,-8.49470024253585e-05
1.102,0.1202031562419978,-0.02443125412969764,0.12118448224296566,0.1206392639928319,0.14678952888216856,5.723422831515511,BALANCE,1,-8.487961041150576e-05
1.104,0.12015335123323706,-0.025275157220573347,0.11965050145508001,0.12029319710461873,-0.1730334441065809,8.412672070627263,BALANCE,1,-8.480484445111805e-05
1.106,0.1201034010336752,-0.024738748646630383,0.11811652066719437,0.1195313603515202,-0.3809183765492649,5.833324273424477,BALANCE,1,-8.473723872516846e-05
1.108,0.1200565343148205,-0.022441968062525894,0.12118448224296566,0.12010995301352612,0.2892963310029556,4.124534608697093,BALANCE,1,-8.468270670156914e-05
1.11,0.1200105673262502,-0.023390442037960174,0.11965050145508001,0.11994914496806998,-0.08040402272806862,9.52096782883521,BALANCE,1,-8.461327271119511e-05
1.112,0.11996363154579939,-0.023527628830996884,0.11811652066719437,0.11930772646276351,-0.320709252653234,6.55371651625965,BALANCE,1,-8.454644887627556e-05
1.114,0.11991835808100208,-0.02197602450559068,0.11811652066719437,0.11889080443431431,-0.20846101422460073,4.592789566539938,BALANCE,1,-8.449020942970685e-05
1.116,0.1198760853997829,-0.020544916099639505,0.11965050145508001,0.1191566983915823,0.13294697863399513,5.465760152262053,BALANCE,1,-8.443717823127127e-05
1.118,0.11983434735975534,-0.021095963990682042,0.11965050145508001,0.1193295294638065,0.08641553611209857,8.212977732566898,BALANCE,1,-8.437598185154982e-05
1.12,0.11979100423539286,-0.022086149129958862,0.12118448224296566,0.1199787629365122,0.3246167363528535,7.8510960567251775,BALANCE,1,-8.431043447156663e-05
1.122,0.11974401043736371,-0.024570488126410897,0.11811652066719437,0.11932697814225096,-0.3258923971306213,9.79565966701356,BALANCE,1,-8.423197222747224e-05
1.124,0.11969567348659932,-0.02385767980878156,0.11965050145508001,0.11944021130174112,0.05661657974508072,4.552479511490088,BALANCE,1,-8.416769368383525e-05
1.1260000000000001,0.11964776336240253,-0.024030960438611967,0.11965050145508001,0.11951381285540973,0.036800776834301774,7.619345316065113,BALANCE,1,-8.409947492427108e-05
1.1280000000000001,0.11959921580339922,-0.02446331335087973,0.1227184630308513,0.12063544041681427,0.560813780702274,7.465234985998999,BALANCE,1,-8.402903636678304e-05
1.1300000000000001,0.11954619055550686,-0.028184504456183354,0.11965050145508001,0.12029071178020728,-0.1723643183034959,11.72463667062705,BALANCE,1,-8.393367789457295e-05
1.1320000000000001,0.11948899962068824,-0.028944710892578045,0.11811652066719437,0.11952974489065277,-0.3804834447772576,5.83852816038447,BALANCE,1,-8.384877136998723e-05
1.1340000000000001,0.11943342381516313,-0.026821255180022045,0.11658253987930872,0.11849822313668235,-0.5157608769852107,4.1279171352211055,BALANCE,1,-8.378343212116754e-05
1.1360000000000001,0.11938440899020526,-0.022700178547482,0.11504855909142309,0.1172908407208416,-0.6036912079203718,2.983806372319256,BALANCE,1,-8.373646519856351e-05
1.1380000000000001,0.11934445501906064,-0.018150927356653163,0.11811652066719437,0.11757982870206507,0.144493990611734,2.2079207798875222,BALANCE,1,-8.370027991465835e-05
1.1400000000000001,0.11930844676504679,-0.017915911351142035,0.12118448224296566,0.11884145744138028,0.6308143696576035,8.210741647017777,BALANCE,1,-8.365072281237312e-05
1.1420000000000001,0.11926828811217295,-0.021538746773520107,0.12118448224296566,0.11966151612193517,0.41002934027744437,12.177002403743645,BALANCE,1,-8.357921647238276e-05
1.1440000000000001,0.11922074878545652,-0.025477519958292366,0.12118448224296566,0.12019455426429584,0.2665190711803392,10.459925689535664,BALANCE,1,-8.349288813004239e-05
1.1460000000000001,0.1191659393540294,-0.029004013468953344,0.11965050145508001,0.1200041357810703,-0.09520924161277033,9.343825825300463,BALANCE,1,-8.339567083759965e-05
1.1480000000000001,0.1191066856553495,-0.03016389118786226,0.11965050145508001,0.1198803637669737,-0.06188600704830349,6.438574213962055,BALANCE,1,-8.33054453182218e-05
1.1500000000000001,0.11904627763194298,-0.030239879436752,0.11811652066719437,0.11926301868205093,-0.30867254246138426,6.697733769631994,BALANCE,1,-8.322047763538019e-05
1.1520000000000001,0.11898812461798411,-0.02808400423415358,0.11658253987930872,0.11832485110109116,-0.469083790479885,4.686400781231981,BALANCE,1,-8.315260554254347e-05
1.154,0.11893648978351722,-0.02399324089677525,0.11811652066719437,0.11825193544922728,-0.03645782593193758,3.346820742226389,BALANCE,1,-8.310318910956497e-05
1.156,0.11889064231210636,-0.022123472895693243,0.11811652066719437,0.11820454027551576,-0.02369758685576151,6.803453519498136,BALANCE,1,-8.304835825746113e-05
1.158,0.1188471167432836,-0.021503318329294748,0.11965050145508001,0.11871062668836324,0.2530432064237406,6.902691721684853,BALANCE,1,-8.29904811005567e-05
1.16,0.11880246558747191,-0.02293053071238359,0.11965050145508001,0.11903958285671411,0.16447808417543314,9.146983252691719,BALANCE,1,-8.292140526441088e-05
1.162,0.11875467280196517,-0.024640051230532204,0.11811652066719437,0.1187165110903822,-0.1615358831659544,8.458199644806312,BALANCE,1,-8.284606104523392e-05
1.164,0.11870551934337074,-0.02452800276012625,0.11811652066719437,0.11850651444226645,-0.1049983240578728,5.830703600095296,BALANCE,1,-8.277810866045921e-05
1.166,0.118657107454868,-0.023956897120762776,0.11965050145508001,0.11890690989675119,0.20019772724236967,6.270404274073004,BALANCE,1,-8.271358388506355e-05
1.168,0.1186080235168023,-0.02500039601145277,0.11811652066719437,0.1186302736664063,-0.13831811517244635,8.73599641174403,BALANCE,1,-8.263974748280407e-05
1.17,0.11855834307438909,-0.024714861472934727,0.11965050145508001,0.1189873533924421,0.1785398630178986,6.011271498604808,BALANCE,1,-8.25720721129223e-05
1.172,0.11850778632068208,-0.02572766104947781,0.11811652066719437,0.1186825619386054,-0.15239572691835152,8.567560107689715,BALANCE,1,-8.249624234754636e-05
1.174,0.11845679887236273,-0.02530748678310061,0.11965050145508001,0.11902134076937151,0.16938941538306024,5.901787900969511,BALANCE,1,-8.242757999811113e-05
1.176,0.11840521928901739,-0.026178812988827252,0.11658253987930872,0.11816776045784953,-0.4267901557609907,8.496395769226773,BALANCE,1,-8.235105207098969e-05
1.178,0.11835525812236392,-0.024033966526758745,0.11811652066719437,0.11814982653112023,-0.008966963364651082,3.6757443813830464,BALANCE,1,-8.229307794547876e-05
1.18,0.11830818245306754,-0.02316044276812168,0.11658253987930872,0.1176012762029862,-0.27427516406701435,7.017253884950005,BALANCE,1,-8.223205180138911e-05
1.182,0.11826383783378712,-0.021450206268116567,0.11811652066719437,0.11778161176545907,0.09016778123643182,4.861875259643058,BALANCE,1,-8.217858556335686e-05
1.184,0.11822081544761975,-0.021555568600243755,0.11811652066719437,0.11789882988106642,0.05860905780367964,7.788238955818999,BALANCE,1,-8.211835673026867e-05
1.186,0.11817699447139253,-0.02216858117305068,0.11658253987930872,0.11743812838045123,-0.230350750307598,7.542802255293423,BALANCE,1,-8.20546654241875e-05
1.188,0.11813359634322501,-0.021361824788976733,0.11504855909142309,0.11660177912929137,-0.41817462557992846,5.203481700366289,BALANCE,1,-8.199818824090035e-05
1.19,0.11809350455273157,-0.019159645017127015,0.11658253987930872,0.11659504539179745,-0.0033668687469609604,3.650709743118054,BALANCE,1,-8.195209128774969e-05
1.192,0.11805559974706872,-0.018820589872159264,0.11965050145508001,0.11766445501394635,0.5347048110744476,6.968767773532159,BALANCE,1,-8.190090053366681e-05
1.194,0.11801433522484853,-0.021883869227010504,0.11965050145508001,0.11835957126834312,0.3475581271983885,11.337505789432361,BALANCE,1,-8.183039603819418e-05
1.196,0.11796677241148845,-0.02523541550134146,0.11811652066719437,0.11827450355794106,-0.04253385520103237,9.882039293687695,BALANCE,1,-8.174764013204825e-05
1.198,0.11791488862238446,-0.026513051377710945,0.11811652066719437,0.11821920954617972,-0.02764700588066965,6.756199371868204,BALANCE,1,-8.16687192528311e-05
1.2,0.11786141944863933,-0.026917257971411913,0.11658253987930872,0.11764637516277487,-0.2864171917024219,6.871976525725426,BALANCE,1,-8.159238392584878e-05
1.202,0.11780938307138207,-0.025291761802291073,0.11504855909142309,0.11673713953780175,-0.4546178124865616,4.767444976147118,BALANCE,1,-8.152942048658579e-05
1.204,0.11776260514515306,-0.021945680513027754,0.11811652066719437,0.11721992293308917,0.24139169764370721,3.367285872375612,BALANCE,1,-8.14815689423249e-05
1.206,0.11771847457880508,-0.02215324100741243,0.11811652066719437,0.11753373214002599,0.1569046034684135,8.964328957135008,BALANCE,1,-8.141956702558256e-05
1.208,0.11767285094746448,-0.023303971113172985,0.11811652066719437,0.11773770812453492,0.10198799225446392,8.307260756148867,BALANCE,1,-8.135092108842287e-05
1.21,0.11762490139549621,-0.024492720932963518,0.12118448224296566,0.11894407906598568,0.6031854707253814,7.880166425507806,BALANCE,1,-8.127860522388925e-05
1.212,0.11757121641532257,-0.02877084452966197,0.12118448224296566,0.11972822017792867,0.3920705559714924,11.962128509762191,BALANCE,1,-8.118015089842538e-05
1.214,0.11750858458399276,-0.03355332519079474,0.11658253987930872,0.11862723207341169,-0.5504940522584878,10.320257658447659,BALANCE,1,-8.106189440786305e-05
1.216,0.1174427236242858,-0.03237325271124109,0.11811652066719437,0.11844848308123564,-0.089374496088028,2.7136815063367994,BALANCE,1,-8.097932156289105e-05
1.218,0.11737973331614776,-0.030721556784436263,0.11811652066719437,0.11833229623632119,-0.0580934224572241,6.391913016169914,BALANCE,1,-8.09035745602314e-05
1.22,0.11732000652456501,-0.02912312995327759,0.12118448224296566,0.11933056133864675,0.49913255116278143,6.635190394521478,BALANCE,1,-8.08314581146355e-05
1.222,0.11725938699350882,-0.031341396945573904,0.11811652066719437,0.11890564710363842,-0.21245711750416535,11.152894089621057,BALANCE,1,-8.073364360059197e-05
1.224,0.11719709984621901,-0.030970884855992153,0.11965050145508001,0.11916634612664298,0.13034951150227986,5.434681886184983,BALANCE,1,-8.065034606271613e-05
1.226,0.11713471264385375,-0.03139043217982876,0.11811652066719437,0.11879890721583597,-0.18371945540350543,8.192776859616817,BALANCE,1,-8.056170279394406e-05
1.228,0.11707324760280599,-0.030158611154061384,0.11351457830353745,0.11694939209653149,-0.9247575596522395,5.658178789722115,BALANCE,1,-8.048525099941845e-05
1.23,0.11702030789173123,-0.023464935372562667,0.11811652066719437,0.1173578870962635,0.20424749986600738,-0.3810969514260263,BALANCE,1,-8.045075994176513e-05
1.232,0.11697525521569586,-0.02183260904399218,0.11504855909142309,0.11654962229456936,-0.4041324008470723,8.675453224703869,BALANCE,1,-8.039673742667319e-05
1.234,0.11693455075834852,-0.01934178142527861,0.11658253987930872,0.11656114344922813,0.005760577329386174,3.759918130897583,BALANCE,1,-8.03517630359387e-05
1.236,0.11689635668712713,-0.018940057588226047,0.11811652066719437,0.11710552547551632,0.27219101314409494,7.039753225588777,BALANCE,1,-8.03009555141942e-05
1.238,0.11685648560062295,-0.02060401191119527,0.11811652066719437,0.11745937379260364,0.17692415854365928,9.20385963368374,BALANCE,1,-8.023920430471623e-05
1.24,0.11681314203457825,-0.022439894579340383,0.11658253987930872,0.11715248192295041,-0.153445934826614,8.462955695905492,BALANCE,1,-8.017129680838332e-05
1.242,0.11676821611139533,-0.022480787799554938,0.11504855909142309,0.11641610893191585,-0.3681864955172795,5.801581436764113,BALANCE,1,-8.010947433936979e-05
1.244,0.11672535788125521,-0.0206801019476499,0.11658253987930872,0.11647435976350336,0.029125415793751497,4.039474571776715,BALANCE,1,-8.005899618411946e-05
1.246,0.11668424085770783,-0.020475440111190985,0.11965050145508001,0.11758600935555519,0.5558247960259152,7.221464912160213,BALANCE,1,-8.000353419850477e-05
1.248,0.11663954280925477,-0.02372573583436506,0.11811652066719437,0.1177716883146289,0.09283947953685895,11.501758929540632,BALANCE,1,-7.992696309128423e-05
1.25,0.1165898510165868,-0.02572880518704148,0.11658253987930872,0.11735548636226684,-0.20810097618103457,7.809017135172606,BALANCE,1,-7.984833479772023e-05
1.252,0.11653877286415736,-0.025388053723694463,0.11504855909142309,0.11654806181747153,-0.40371227239765356,5.376521372287733,BALANCE,1,-7.978026215563791e-05
1.254,0.11649083436166884,-0.022875930781210797,0.11658253987930872,0.11656012913911455,0.006033660821511133,3.7631855298670636,BALANCE,1,-7.972759059717183e-05
1.256,0.11644606309185034,-0.02202524152642415,0.11504855909142309,0.11603107962242254,-0.26452475834600614,7.041877034918962,BALANCE,1,-7.967041923099068e-05
1.258,0.11640382667685421,-0.02047973722935137,0.11811652066719437,0.11676098398809268,0.36495218283506825,4.845666710577303,BALANCE,1,-7.961966971756471e-05
1.26,0.11636090775988925,-0.022159048351423176,0.11658253987930872,0.11669852855001829,-0.031227719037192625,9.925276501966106,BALANCE,1,-7.955336343204537e-05
1.262,0.11631584394320856,-0.022808561968813208,0.11658253987930872,0.11665793251526994,-0.02029801737417347,6.752089960703556,BALANCE,1,-7.948867064426788e-05
1.264,0.1162699011868181,-0.02309428377772441,0.11658253987930872,0.11663154509268352,-0.01319371129321345,6.837091811922809,BALANCE,1,-7.942451771527358e-05
1.266,0.11622352771786544,-0.023257319143298573,0.11811652066719437,0.11715128654376232,0.2598707255394017,6.892343015215303,BALANCE,1,-7.936039440303806e-05
1.268,0.11617512082749683,-0.024937768723628774,0.11658253987930872,0.11695222521120356,-0.09953066627937934,9.108042996940952,BALANCE,1,-7.928568873198871e-05
1.27,0.11612505123785041,-0.025112468713665542,0.11811652066719437,0.11735972862080035,0.20375170479839527,6.220888182437179,BALANCE,1,-7.921644879985218e-05
1.272,0.11607337274638972,-0.026425507860507867,0.11658253987930872,0.11708771256127828,-0.13600802976103388,8.671597355635184,BALANCE,1,-7.913875905910763e-05
1.274,0.11602081457454236,-0.02616093046133131,0.11504855909142309,0.11637400884682897,-0.3568518572246576,5.937198515588426,BALANCE,1,-7.906860412363234e-05
1.276,0.11597107636478972,-0.023851156812730617,0.11658253987930872,0.11644699470819689,0.036492930683959535,4.127625673012477,BALANCE,1,-7.901316036041009e-05
1.278,0.11592418913548282,-0.02313457249897977,0.11658253987930872,0.11649443551808603,0.02372040494456884,7.278763127963489,BALANCE,1,-7.895289700070533e-05
1.28,0.11587797011183469,-0.023091453590025707,0.11504855909142309,0.115988378768754,-0.25302837466601585,7.179429370641713,BALANCE,1,-7.889019003998024e-05
1.282,0.11583329029123468,-0.021787868856242842,0.11658253987930872,0.11619633515744815,0.10397819434707772,4.935075728797113,BALANCE,1,-7.883563001179143e-05
1.284,0.11578940969222966,-0.0220517140157118,0.11658253987930872,0.11633150681009935,0.06758582632560017,7.803605664223511,BALANCE,1,-7.877470606212168e-05
1.286,0.11574455424441414,-0.022705791932468897,0.11811652066719437,0.1169562616600826,0.3123774249916278,7.520577019210762,BALANCE,1,-7.87105904536881e-05
1.288,0.11569666636086648,-0.024897924734776148,0.11658253987930872,0.11682545903681174,-0.06540131163543239,9.516395099537979,BALANCE,1,-7.863436900361768e-05
1.29,0.11564620475053922,-0.025496324267267948,0.11504855909142309,0.11620354405592571,-0.3109574904430132,6.486317049125246,BALANCE,1,-7.856259272603882e-05
1.292,0.11559699618929956,-0.023906031367254027,0.11811652066719437,0.11687308586986975,0.33477090697201645,4.484552719811438,BALANCE,1,-7.850414439073128e-05
1.294,0.11554770201202975,-0.025228920760529128,0.11504855909142309,0.11623450149741342,-0.31929218622816363,9.690552407968317,BALANCE,1,-7.843029464478986e-05
1.296,0.11549869975586094,-0.023933041435570384,0.11351457830353745,0.11528252837955683,-0.47598655892829717,4.419732600019497,BALANCE,1,-7.837059820302051e-05
1.298,0.11545444970516681,-0.02080566376821967,0.11504855909142309,0.11520063912871002,-0.04094462542340166,3.109059231347032,BALANCE,1,-7.832550296387861e-05
1.3,0.11541413516960457,-0.019718641013847363,0.11351457830353745,0.11461051783989962,-0.2950606444052026,6.584481344335389,BALANCE,1,-7.827554018449915e-05
1.302,0.11537653353229894,-0.018219676384428153,0.11504855909142309,0.11476383227793283,0.07665721901660427,4.5161459151523555,BALANCE,1,-7.823064007481929e-05
1.304,0.11533969865858786,-0.01854091446703651,0.11351457830353745,0.11432659338689445,-0.21861944551918727,7.499087688808804,BALANCE,1,-7.817946972686398e-05
1.306,0.11530333295341791,-0.01796435990991086,0.11351457830353745,0.1140423881077195,-0.14210263958747832,5.1106400390601685,BALANCE,1,-7.813245531963097e-05
1.308,0.11526794349859659,-0.017535338991854655,0.11658253987930872,0.11493144122777572,0.4445265600281148,5.705722169763343,BALANCE,1,-7.808615764945714e-05
1.31,0.11522984008109599,-0.020026852801923962,0.11504855909142309,0.1149724324800523,0.02049562613828937,10.452098953891461,BALANCE,1,-7.802459414302719e-05
1.312,0.11518836698549224,-0.02122989446870429,0.11351457830353745,0.1144621835182721,-0.255124480890101,7.062310957909453,BALANCE,1,-7.796317670535625e-05
1.314,0.11514677145365193,-0.020497734196926107,0.11504855909142309,0.11466741496887495,0.10261572530142343,4.826735163975518,BALANCE,1,-7.791016684047597e-05
1.316,0.11510517007711807,-0.021012301822062672,0.11504855909142309,0.1148008154117668,0.06670022144592697,7.700970700543884,BALANCE,1,-7.785163212949619e-05
1.318,0.11506228205708334,-0.02175266331954336,0.11504855909142309,0.1148875256996465,0.04335514393984802,7.421650696273424,BALANCE,1,-7.779027985486807e-05
1.32,0.11501800988548254,-0.02241695395560222,0.11504855909142309,0.1149438873867683,0.028180843560904334,7.240092693497575,BALANCE,1,-7.772732655254314e-05
1.322,0.11497257765176402,-0.022939527675950554,0.11811652066719437,0.11605430903491742,0.555210824074559,7.122079991693333,BALANCE,1,-7.766343105722003e-05
1.324,0.11492274922402669,-0.026470791718659133,0.11658253987930872,0.11623918983045438,0.09244039776847707,11.404945134691518,BALANCE,1,-7.757754211850256e-05
1.326,0.11486745039121635,-0.02863295786598552,0.11504855909142309,0.11582246907179343,-0.20836037933047447,7.713874571975079,BALANCE,1,-7.74902037659958e-05
1.328,0.11481064474729519,-0.028209343211451375,0.11504855909142309,0.11555160057866382,-0.13543424656480701,5.28246510966381,BALANCE,1,-7.741614618783357e-05
1.33,0.11475564164611636,-0.026913415773210523,0.1119805975156518,0.11430174950660961,-0.624925536027103,5.849622062201373,BALANCE,1,-7.734960733977017e-05
1.332,0.11470686633957212,-0.022421025141815036,0.11504855909142309,0.11456313286129433,0.13069167734235804,1.8587006821797525,BALANCE,1,-7.73075155335248e-05
1.334,0.11466317583872093,-0.021429406249375175,0.11351457830353745,0.11419613876607942,-0.18349704760745045,7.919321390416524,BALANCE,1,-7.725329760366593e-05
1.336,0.11462168499034608,-0.020271101630053266,0.11504855909142309,0.1144944858799497,0.14917355693513934,5.383791945105162,BALANCE,1,-7.720257754750973e-05
1.338,0.11458040873775979,-0.020892660045140975,0.11504855909142309,0.11468841150396539,0.09696281200784196,8.063057608278097,BALANCE,1,-7.714428510489315e-05
1.34,0.114537520287051,-0.021838332636417063,0.11504855909142309,0.11481446315957558,0.06302582780509658,7.657007186300659,BALANCE,1,-7.708226232715161e-05
1.342,0.11449286911692717,-0.022684484382166546,0.11811652066719437,0.11597018328724215,0.5778600638332854,7.393074412015308,BALANCE,1,-7.70181823093007e-05
1.344,0.1144432498006928,-0.026480262403867225,0.1119805975156518,0.11457382826718553,-0.6981775100283124,11.581091507900812,BALANCE,1,-7.693155933924186e-05
1.346,0.11439314748083172,-0.02392019384945908,0.1119805975156518,0.11366619750414872,-0.45381538151840345,1.2890096158046322,BALANCE,1,-7.687798517206098e-05
1.348,0.11434945289914612,-0.02034900854258165,0.11658253987930872,0.11468691733545472,0.5103599156529998,3.189448798101696,BALANCE,1,-7.68361471887484e-05
1.35,0.11430683342294158,-0.02199205622614608,0.11351457830353745,0.11427659867428368,-0.20515933058552066,10.964094365351281,BALANCE,1,-7.677149112488202e-05
1.352,0.1142632847497735,-0.021617965757224397,0.11504855909142309,0.11454678482028247,0.13509307299939405,5.215321275772855,BALANCE,1,-7.67147699456563e-05
1.354,0.11421918570580833,-0.022364634708991523,0.11504855909142309,0.11472240581518169,0.08781049744960995,7.9535516732121,BALANCE,1,-7.665208937993684e-05
1.356,0.11417344359053447,-0.023250416351811427,0.11351457830353745,0.11429966618610621,-0.2113698145377388,7.58582832850778,BALANCE,1,-7.658642108422619e-05
1.358,0.11412783838993246,-0.0224692051086366,0.11044661672776616,0.11295109887568719,-0.6742836552095094,5.167021454864463,BALANCE,1,-7.652908045008034e-05
1.36,0.1140873584978536,-0.018726496376693044,0.11504855909142309,0.11368520995119476,0.367055537753784,1.382796690865156,BALANCE,1,-7.649126900172175e-05
1.362,0.11404876666039875,-0.01966725129573945,0.11351457830353745,0.1136254888745147,-0.029860538340031884,9.757556899101958,BALANCE,1,-7.643570712763716e-05
1.364,0.11400892769292122,-0.020089330405349593,0.1119805975156518,0.11304977689891268,-0.28785598780100424,6.578645025750626,BALANCE,1,-7.638055529005345e-05
1.366,0.11397005510241945,-0.01900908750326491,0.11351457830353745,0.11321245739053135,0.08134024580933041,4.4801387115267275,BALANCE,1,-7.633301081202936e-05
1.368,0.11393159758611705,-0.019371968022583595,0.11351457830353745,0.11331819971008349,0.05287115977607032,7.443469409906524,BALANCE,1,-7.628004872500742e-05
1.37,0.11389206037774713,-0.02003342834483569,0.11351457830353745,0.11338693221779238,0.03436625385444536,7.222061260813572,BALANCE,1,-7.622436482021415e-05
1.372,0.11385124705930466,-0.020663018570163522,0.11504855909142309,0.11396850162356313,0.29078470288537717,7.078145963903106,BALANCE,1,-7.616703982131646e-05
1.374,0.11380762682076405,-0.022639147193317454,0.11504855909142309,0.11434652173731412,0.18901005687549377,9.164387720496805,BALANCE,1,-7.609958730484263e-05
1.3760000000000001,0.1137601762524884,-0.02455752779253074,0.11351457830353745,0.11405534153549228,-0.1455901009109195,8.372871759242798,BALANCE,1,-7.602650830334212e-05
1.3780000000000001,0.11371114883641081,-0.02448030436099013,0.11351457830353745,0.11386607440430808,-0.09463356559209768,5.6785996848421805,BALANCE,1,-7.596141104588452e-05
1.3800000000000001,0.11366290998977167,-0.023840866906703145,0.11504855909142309,0.11427994404479834,0.20693482024512766,6.074895939521704,BALANCE,1,-7.590028665809102e-05
1.3820000000000001,0.11361420548640316,-0.024751193255844708,0.1119805975156518,0.11347517275959705,-0.40238564260064447,8.512275204648923,BALANCE,1,-7.583055383770501e-05
1.3840000000000001,0.11356696441937106,-0.02275745989888147,0.1119805975156518,0.11295207142421622,-0.2615506676904161,3.5894252247706673,BALANCE,1,-7.57776228130687e-05
1.3860000000000001,0.11352397040251233,-0.020597001241326424,0.11351457830353745,0.11314894883197865,0.0984387038812165,4.684718943929644,BALANCE,1,-7.573026894401304e-05
1.3880000000000001,0.11348285650900633,-0.02053008122796324,0.1119805975156518,0.11274002587126425,-0.20446148035720146,7.576446560968451,BALANCE,1,-7.56757455634723e-05
1.3900000000000001,0.11344285367124181,-0.019646380931933907,0.11658253987930872,0.11408490577407981,0.6724399514077828,5.128709709418243,BALANCE,1,-7.562621604219447e-05
1.3920000000000001,0.11339946069342638,-0.023169948281484085,0.11504855909142309,0.11442218443514995,0.16863933053506974,12.224613957707051,BALANCE,1,-7.555230975052854e-05
1.3940000000000001,0.11335039837261564,-0.025595481893439985,0.1119805975156518,0.1135676290133256,-0.42727771091218003,8.214445710389555,BALANCE,1,-7.547435216395349e-05
1.3960000000000001,0.11330095456052018,-0.02403618771679687,0.1119805975156518,0.11301216798913977,-0.27773051209291355,3.3958360535020953,BALANCE,1,-7.541678673423341e-05
1.3980000000000001,0.11325547836490268,-0.02177211490861473,0.11351457830353745,0.11318801159917896,0.08792180501959734,4.558885982605077,BALANCE,1,-7.536733608667574e-05
1.4000000000000001,0.11321226722752004,-0.0214868408506661,0.1119805975156518,0.11276541666994445,-0.21129746461725357,7.494655136107516,BALANCE,1,-7.531117545760149e-05
1.4020000000000001,0.11317058719365139,-0.020389801787189115,0.1119805975156518,0.11249072996594203,-0.137343352001211,5.075545283258638,BALANCE,1,-7.526065607033896e-05
1.4040000000000001,0.1131308691756112,-0.019504838663658746,0.11351457830353745,0.11284907688410042,0.17917345907919602,5.650696981946833,BALANCE,1,-7.521162997405938e-05
1.4060000000000001,0.11309081647392569,-0.02037840567313896,0.11351457830353745,0.11308200238090338,0.11646274840147741,8.204332285679595,BALANCE,1,-7.515469547507989e-05
1.408,0.11304875871745593,-0.021486348186333996,0.11351457830353745,0.1132334039538253,0.07570078646096379,7.716622130066022,BALANCE,1,-7.509388579073615e-05
1.41,0.11300470068497305,-0.022424757883867212,0.1119805975156518,0.11279492170046458,-0.2192411266803626,7.399610528917229,BALANCE,1,-7.503099371048754e-05
1.412,0.11296076135016256,-0.02163975400104705,0.11351457830353745,0.11304680151154009,0.12593990553775442,5.013766288584973,BALANCE,1,-7.497636689898936e-05
1.414,0.11291691179801194,-0.022132303291665895,0.11044661672776616,0.11213673683721921,-0.4550323371604395,7.790327334994441,BALANCE,1,-7.491589235231507e-05
1.416,0.11287520127193013,-0.0199653230663531,0.1119805975156518,0.11208208807467061,-0.027324381274299037,3.0879455129496365,BALANCE,1,-7.487030686451513e-05
1.418,0.11283606884633804,-0.0193037165673097,0.11044661672776616,0.11150967310325406,-0.2862074857082758,6.506330234285844,BALANCE,1,-7.482119956508357e-05
1.42,0.11279913170850157,-0.017949576955227142,0.1119805975156518,0.11167449664759327,0.08241177216960355,4.400920500529037,BALANCE,1,-7.477762868610505e-05
1.422,0.11276282557468056,-0.018278139731969744,0.11351457830353745,0.11231852522717373,0.32201428979022895,7.359763976212424,BALANCE,1,-7.472825902680796e-05
1.424,0.11272382739376381,-0.020302209691988565,0.1119805975156518,0.11220025052814105,-0.059137349516340254,9.315225831952255,BALANCE,1,-7.466828013201033e-05
1.426,0.11268257781353751,-0.020848474476986345,0.11351457830353745,0.11266026524952978,0.23000736069436756,6.2589162355577415,BALANCE,1,-7.461127058396484e-05
1.428,0.11263905546409135,-0.022419993761870687,0.11351457830353745,0.11295927481843246,0.1495047844513389,8.599674800526728,BALANCE,1,-7.454641835532541e-05
1.43,0.11259251876049807,-0.023910545120185877,0.11044661672776616,0.11207984448669926,-0.4397151658665985,7.973594764716658,BALANCE,1,-7.447748817030901e-05
1.432,0.11254690312263327,-0.021985551379276755,0.11351457830353745,0.11258200132259263,0.251078417946686,3.207069342269168,BALANCE,1,-7.442659122002675e-05
1.434,0.11250214022990429,-0.02267374322257861,0.11351457830353745,0.11290840326592332,0.1632009716653407,8.763547422929046,BALANCE,1,-7.436414330074487e-05
1.436,0.11245541088586415,-0.023889350909324092,0.1119805975156518,0.11258367125332829,-0.1623660062975152,8.080111969278125,BALANCE,1,-7.429636175869477e-05
1.438,0.11240817495346044,-0.023411464982558205,0.11351457830353745,0.1129094887209015,0.1629087337866042,5.456092224819575,BALANCE,1,-7.423638554721899e-05
1.44,0.11236055550861665,-0.024116290730460146,0.11351457830353745,0.11312127007482407,0.10589067696128995,8.077839193546923,BALANCE,1,-7.416994488752995e-05
1.442,0.11231136378581166,-0.024972304445085674,0.11504855909142309,0.11379582123063373,0.33727557790482615,7.634401620179764,BALANCE,1,-7.410054736795168e-05
1.444,0.11225886049839422,-0.02729126211787402,0.11044661672776616,0.11262359965463008,-0.5861107880018243,9.525953897076633,BALANCE,1,-7.401836551469484e-05
1.446,0.112207260928233,-0.024599723181446827,0.11351457830353745,0.11293544218174766,0.1559212635587892,2.0685296752632105,BALANCE,1,-7.39652325746335e-05
1.448,0.1121585178354754,-0.024194614833079043,0.1119805975156518,0.1126012465486141,-0.16709781656677747,8.023496639375173,BALANCE,1,-7.390310503146681e-05
1.45,0.1121114901851202,-0.022995994656076324,0.1119805975156518,0.1123840193870773,-0.10861358076839911,5.419292260382626,BALANCE,1,-7.38471894982283e-05
1.452,0.11206674267510432,-0.02191633229933387,0.10737865515199488,0.11063214190479845,-0.8759387411394273,5.874132517077445,BALANCE,1,-7.379344041819776e-05
1.454,0.112028685064337,-0.01718152686528752,0.11351457830353745,0.1116409946443571,0.5044263697793274,-0.36958141482751117,BALANCE,1,-7.376309263879215e-05
1.456,0.1119926314399561,-0.018540375816070903,0.11351457830353745,0.11229674892507023,0.3278771403565639,10.733870636896047,BALANCE,1,-7.371047438462476e-05
1.458,0.11195270454094226,-0.02091960691596052,0.1119805975156518,0.11218609593177378,-0.05532649664822392,9.360822058356725,BALANCE,1,-7.364794062206203e-05
1.46,0.11191008488137784,-0.021587536525106327,0.1119805975156518,0.11211417148613109,-0.0359622228213452,6.288553782720635,BALANCE,1,-7.358887128985733e-05
1.462,0.11186674847398675,-0.021726978913334697,0.11044661672776616,0.11153052732070337,-0.2918220827138607,6.439152506597104,BALANCE,1,-7.353126549218554e-05
1.464,0.1118249696888736,-0.020305062503795976,0.11044661672776616,0.11115115861317534,-0.1896843537640136,4.3572549775313165,BALANCE,1,-7.348274713826892e-05
1.466,0.11178590126074198,-0.019027420443069036,0.11044661672776616,0.11090456895328213,-0.12329482994660745,5.151594686678412,BALANCE,1,-7.343679367115639e-05
1.468,0.11174877369249946,-0.018274305514961703,0.11044661672776616,0.11074428567435154,-0.08014163946529207,5.667915497624068,BALANCE,1,-7.339104217075822e-05
1.47,0.11171261280842704,-0.017963178664568206,0.11044661672776616,0.11064010154304667,-0.05209206565243846,6.0035240247387565,BALANCE,1,-7.334478149275764e-05
1.472,0.11167671678152212,-0.017939542264282047,0.11351457830353745,0.11164616840921844,0.5030334330858865,6.221669567363293,BALANCE,1,-7.32977714949916e-05
1.474,0.11163744111619833,-0.020761592434424814,0.1119805975156518,0.11176321859647012,0.05852509362583996,10.723037569240198,BALANCE,1,-7.32346039340499e-05
1.476,0.11159427337417409,-0.02217386302421557,0.1119805975156518,0.11183930121818371,0.03804131085679424,7.173993864794927,BALANCE,1,-7.317153383603456e-05
1.478,0.1115490333854678,-0.022951750751757937,0.11044661672776616,0.11135186164653757,-0.2437197858230697,7.014688559945377,BALANCE,1,-7.310849357878263e-05
1.48,0.11150436040585406,-0.021884747431267903,0.11351457830353745,0.11210881247648753,0.3784754149749811,4.731353412207696,BALANCE,1,-7.305506728563838e-05
1.482,0.11145861002584019,-0.023616132761531523,0.11044661672776616,0.11152704396443505,-0.2908842560262401,9.7543320683891,BALANCE,1,-7.298674745104752e-05
1.484,0.11141252305926208,-0.022613843960078657,0.11044661672776616,0.11114889443160095,-0.18907476641705223,4.364548589656183,BALANCE,1,-7.293135720277372e-05
1.486,0.11136895487042212,-0.02118575378744109,0.10891263593988053,0.1103662039594988,-0.3913452360510758,5.156335534559639,BALANCE,1,-7.28810166427729e-05
1.488,0.11132949532770614,-0.018763386874861024,0.1119805975156518,0.11093124170415235,0.28251887232677575,3.4912103491613213,BALANCE,1,-7.283972206130769e-05
1.49,0.1112909025761506,-0.01964400520109879,0.10737865515199488,0.10968783641089723,-0.6217026466275588,8.916025480863347,BALANCE,1,-7.278564894845074e-05
1.492,0.11125477900727253,-0.01710256595572268,0.11044661672776616,0.10995340952180135,0.13278655545206214,1.607649011633363,BALANCE,1,-7.274838964386211e-05
1.494,0.11122026641140723,-0.017345579707888956,0.11044661672776616,0.11012603204388904,0.0863112610438449,7.659497014924579,BALANCE,1,-7.270239600870777e-05
1.496,0.11118455523496384,-0.01816238843202466,0.1119805975156518,0.11077512995900601,0.3245489575584848,7.298052010984102,BALANCE,1,-7.265265002077849e-05
1.498,0.11114563975885025,-0.020308013720736953,0.1119805975156518,0.11119704360383204,0.21095682241301095,9.242899458008239,BALANCE,1,-7.25930240757002e-05
1.5,0.11110270530717847,-0.022294932023303196,0.11044661672776616,0.11093439419720898,-0.13132470331152918,8.359477195534009,BALANCE,1,-7.25279455516615e-05
1.502,0.11105808532125952,-0.02232184963612477,0.1119805975156518,0.11130056535866396,0.18308558072749337,5.605466025340306,BALANCE,1,-7.246959055461053e-05
1.504,0.11101226860525688,-0.023348044873674687,0.11044661672776616,0.11100168333784974,-0.14944101040711283,8.142718567339784,BALANCE,1,-7.240482716186607e-05
1.506,0.11096614048162069,-0.022851292203553447,0.10891263593988053,0.11027051674856052,-0.36558329464461,5.464572917014081,BALANCE,1,-7.234712939884842e-05
1.508,0.1109230285071401,-0.020629118161702643,0.11044661672776616,0.1103321517412825,0.03081749636098946,3.6915646477567514,BALANCE,1,-7.230124513281172e-05
1.51,0.11088239023632325,-0.020108332966308227,0.11044661672776616,0.11037221448655178,0.02003137263464211,6.866469075364865,BALANCE,1,-7.225056164623184e-05
1.512,0.11084209234334014,-0.02017719081356676,0.11044661672776616,0.11039825527097681,0.013020392212514942,6.782583850270244,BALANCE,1,-7.219778183490073e-05
1.514,0.11080146869159276,-0.02040440859578858,0.10891263593988053,0.10987828850509311,-0.2599833829418502,6.728058453958728,BALANCE,1,-7.214390931837617e-05
1.516,0.11076201868927392,-0.01927430614399038,0.11044661672776616,0.11007720338302868,0.09945743896778297,4.512830246770785,BALANCE,1,-7.209734988485363e-05
1.518,0.11072307650148562,-0.019601007713602292,0.11044661672776616,0.11020649805368679,0.0646473353290572,7.400291714723984,BALANCE,1,-7.204533143366493e-05
1.52,0.11068314885640741,-0.02020829657042252,0.10891263593988053,0.1097536463138546,-0.22642586991609287,7.129568565853665,BALANCE,1,-7.19908253134091e-05
1.522,0.11064372366884236,-0.019384125731592726,0.1119805975156518,0.11053307923448362,0.389716460314507,4.773811819502534,BALANCE,1,-7.194305033713062e-05
1.524,0.11060268198706392,-0.021303438952095133,0.11044661672776616,0.11050281735713251,-0.015130938675556038,9.749716436585073,BALANCE,1,-7.188138265650347e-05
1.526,0.11055931069152206,-0.02196137221203103,0.11351457830353745,0.11155693368837424,0.527058165620868,6.509121532023502,BALANCE,1,-7.182200235068702e-05
1.528,0.11051171015081095,-0.02521020950493343,0.10891263593988053,0.11063142947640145,-0.46275210598639704,10.9098813462694,BALANCE,1,-7.174384247104033e-05
1.53,0.11046296365032471,-0.02372188734816483,0.11044661672776616,0.1105667450143791,-0.03234223101117317,2.9358689206929105,BALANCE,1,-7.168833709965267e-05
1.532,0.11041657257751426,-0.022798951652419058,0.11044661672776616,0.11052470011406458,-0.021022450157261174,6.375266852773361,BALANCE,1,-7.16327265506856e-05
1.534,0.11037158843359834,-0.022266041040642046,0.11044661672776616,0.11049737092886014,-0.013664592602220804,6.463302405585786,BALANCE,1,-7.157694732910465e-05
1.536,0.11032739386673522,-0.02197492049119832,0.11044661672776616,0.11047960695847725,-0.008881985191444564,6.520525514913842,BALANCE,1,-7.152102732647775e-05
1.538,0.11028361732281974,-0.021826265620828792,0.1119805975156518,0.11100495365348834,0.26267334750554316,6.5577205359770785,BALANCE,1,-7.146499250418717e-05
1.54,0.11023834005524961,-0.02324225060670374,0.11044661672776616,0.11080953572948557,-0.09770896200138324,8.761683999253645,BALANCE,1,-7.139953489493016e-05
1.542,0.11019191261293051,-0.023192989616980426,0.10737865515199488,0.10960872752736382,-0.6004041010608737,5.866900447758068,BALANCE,1,-7.133966336990251e-05
1.544,0.11014943218032114,-0.019859240039999365,0.11044661672776616,0.10990198874750465,0.14663061007041261,1.7732908431548395,BALANCE,1,-7.129999001312864e-05
1.546,0.11011000687683974,-0.019616018371198016,0.11044661672776616,0.11009260854059617,0.095309896545763,7.7671642054135805,BALANCE,1,-7.12500045846232e-05
1.548,0.11007008581669364,-0.020192674504220038,0.10737865515199488,0.10914272485458572,-0.4749418430052277,7.368035684801875,BALANCE,1,-7.119592349952663e-05
1.55,0.11003220196312466,-0.018143919965869795,0.10891263593988053,0.1090621937344389,-0.040265560073408924,2.7490287472333215,BALANCE,1,-7.115532098243785e-05
1.552,0.10999659048491686,-0.017604219506816142,0.11044661672776616,0.10954674178210344,0.24227402383227015,6.221607143479062,BALANCE,1,-7.111135185939399e-05
1.554,0.10995976815143446,-0.01891277273232979,0.10891263593988053,0.10932480473732542,-0.11096852238901,8.510996697584368,BALANCE,1,-7.105867837967376e-05
1.556,0.10992186907584549,-0.01897374849805339,0.11044661672776616,0.10971743893397969,0.19631709832713257,5.671740105127445,BALANCE,1,-7.100948084646372e-05
1.558,0.10988246812069027,-0.020183509899181867,0.10891263593988053,0.10943575788604498,-0.14084052396735186,8.153583122655842,BALANCE,1,-7.095355479460027e-05
1.56,0.10984234822381538,-0.019977304853682373,0.10891263593988053,0.10925266520488743,-0.09154634057877836,5.4394212814238845,BALANCE,1,-7.090265538088184e-05
1.562,0.10980288362919255,-0.01957015271903256,0.1119805975156518,0.11020744151365496,0.4773881543837649,5.822789187663018,BALANCE,1,-7.085345432444614e-05
1.564,0.1097607867982323,-0.022087088055087415,0.1119805975156518,0.11082804611435385,0.3103023003494451,10.431551725889417,BALANCE,1,-7.078797577598177e-05
1.566,0.10971354767593676,-0.024789472351815233,0.1119805975156518,0.11123143910480814,0.20169649522714522,9.132101169656792,BALANCE,1,-7.07135610868849e-05
1.568,0.10966149873225203,-0.02702346727170356,0.10891263593988053,0.11041985799708347,-0.4057905538623341,8.28745830810565,BALANCE,1,-7.0634141365211e-05
1.57,0.10960934574646897,-0.025310391958105954,0.1119805975156518,0.11096611682858239,0.2731294157494596,3.3788670489263355,BALANCE,1,-7.057652887746756e-05
1.572,0.10955804276284956,-0.025926091268914774,0.10737865515199488,0.10971050524177677,-0.6278057934028108,8.843002335710619,BALANCE,1,-7.05071144847665e-05
1.574,0.10951029766640755,-0.02229425890517291,0.11044661672776616,0.10996814426187305,0.12881951004814485,1.560183967284119,BALANCE,1,-7.046435360237645e-05
1.576,0.10946659820878918,-0.021528804641229294,0.11044661672776616,0.11013560962493564,0.08373268153129276,7.6286447360975425,BALANCE,1,-7.041172000946252e-05
1.578,0.10942330935655424,-0.021728263669708862,0.10737865515199488,0.10917067555940638,-0.4824670327646316,7.27799802974648,BALANCE,1,-7.035513821327566e-05
1.58,0.10938274246276075,-0.019300181235833314,0.10891263593988053,0.10908036169257233,-0.045156933417021816,2.6905042714473297,BALANCE,1,-7.031362275865709e-05
1.582,0.1093451520347706,-0.0184757920246963,0.10737865515199488,0.10848476440337022,-0.297798644601055,6.183566234218166,BALANCE,1,-7.026864586250889e-05
1.584,0.10930997874502275,-0.01706369388021069,0.10737865515199488,0.10809762616538886,-0.19356911899068296,4.126696707393774,BALANCE,1,-7.022882091110421e-05
1.586,0.10927705823046639,-0.016134088691688066,0.11044661672776616,0.10891977286222092,0.41107334841603005,4.937304617997868,BALANCE,1,-7.018984136361195e-05
1.588,0.10924222049608028,-0.018169237960009212,0.11044661672776616,0.10945416821516175,0.26719767647041814,9.823773159061496,BALANCE,1,-7.013767535702243e-05
1.59,0.10920323872209867,-0.020359782434617283,0.10891263593988053,0.10926463191881333,-0.09476814817421103,8.70483150467305,BALANCE,1,-7.007865074143046e-05
1.592,0.10916212555764922,-0.020692962688686804,0.10891263593988053,0.10914143332618685,-0.06159929631324029,5.797732729735111,BALANCE,1,-7.002445399440989e-05
1.594,0.10912090352520679,-0.020555151887316714,0.11044661672776616,0.1095982475167396,0.22840709527637698,6.055691629065288,BALANCE,1,-6.997220277832024e-05
1.596,0.10907834189138217,-0.021795925454280114,0.11044661672776616,0.1098951767405989,0.14846461192964677,8.403151613215393,BALANCE,1,-6.991204323297393e-05
1.598,0.10903328076778122,-0.023074703294709065,0.10737865515199488,0.1090143941845875,-0.4403912780057001,7.781427499873108,BALANCE,1,-6.984818765089668e-05
1.6,0.10898946024819026,-0.02106666304752536,0.11044661672776616,0.10951567207470003,0.2506389450562668,3.0177334270296488,BALANCE,1,-6.980151956483447e-05
1.602,0.10894658048848327,-0.02170678740842222,0.10891263593988053,0.1093046094275132,-0.10553132359341494,8.576051884932138,BALANCE,1,-6.974370285177282e-05
1.604,0.10890355411325148,-0.021375503554254445,0.11351457830353745,0.11077809853412168,0.7367445533042402,5.714025976903473,BALANCE,1,-6.9690163028291e-05
1.606,0.10885622419622278,-0.025412477726677533,0.10737865515199488,0.1095882933503773,-0.5949025918721914,12.540642338481224,BALANCE,1,-6.960947105206803e-05
1.608,0.10880760083173308,-0.023456054195616104,0.10891263593988053,0.10935181325670343,-0.11824004683693573,1.8160768660451065,BALANCE,1,-6.955749733075206e-05
1.61,0.10876251400596977,-0.021868527264153025,0.10737865515199488,0.10866120792005543,-0.34530266832399903,5.615188420706719,BALANCE,1,-6.950754725147276e-05
1.612,0.10872163486295006,-0.01946058248113246,0.10737865515199488,0.10821231445123423,-0.22444673441059798,3.7572511286113333,BALANCE,1,-6.946593572946787e-05
1.614,0.10868482641520881,-0.017750186194425695,0.10891263593988053,0.10845742697226043,0.12255626051310003,4.69716499178927,BALANCE,1,-6.942571516135645e-05
1.616,0.10864889025101086,-0.018100455170879,0.10891263593988053,0.10861675011092747,0.07966156933351953,7.487895702440426,BALANCE,1,-6.937849564427326e-05
1.618,0.10861178058364925,-0.01883988577831363,0.10737865515199488,0.10818341687530107,-0.21666661781320068,7.154297561323805,BALANCE,1,-6.932821963682489e-05
1.62,0.10857488502071674,-0.018204679476515623,0.10737865515199488,0.10790175027214391,-0.14083330157858148,4.757672070012459,BALANCE,1,-6.928365641170983e-05
1.622,0.10853925497958429,-0.0175825961852124,0.1119805975156518,0.10932934680737168,0.713798267613884,5.347438603699983,BALANCE,1,-6.924058763989692e-05
1.624,0.10849970355416423,-0.021235143936414548,0.10737865515199488,0.1086466047279898,-0.34137103969093807,12.270146949353371,BALANCE,1,-6.917503656088292e-05
1.6260000000000001,0.10845785854012459,-0.020704575738545814,0.10737865515199488,0.10820282237639157,-0.22189117579911322,3.787827966151884,BALANCE,1,-6.912407824320798e-05
1.6280000000000001,0.10841796957123866,-0.019435059189235618,0.1043106935762236,0.10684057729633278,-0.6811225400293954,4.717039936190589,BALANCE,1,-6.907869397877564e-05
1.6300000000000001,0.10838347450413223,-0.015993266212900765,0.10891263593988053,0.1075657978215745,0.36261026262085494,0.9614543175448036,BALANCE,1,-6.904776782234323e-05
1.6320000000000001,0.10835012728577606,-0.017050049419067324,0.10891263593988053,0.1080371911629816,0.2356966707035557,9.35482997026131,BALANCE,1,-6.900158543028444e-05
1.6340000000000001,0.10831388992055757,-0.01877142222240249,0.10737865515199488,0.10780670355913625,-0.11524380192267508,8.367804835407341,BALANCE,1,-6.894888553025832e-05
1.6360000000000001,0.10827618809791595,-0.018902170820452136,0.10891263593988053,0.10819377989239676,0.1935381666302513,5.546451798166775,BALANCE,1,-6.890038986926355e-05
1.6380000000000001,0.10823696515226948,-0.020080972969373046,0.11044661672776616,0.10898227278477605,0.3942464461896486,8.039932126585816,BALANCE,1,-6.884560016732218e-05
1.6400000000000001,0.10819379164535436,-0.022665864020092193,0.11044661672776616,0.10949479316482259,0.25626019002326916,9.692907936603753,BALANCE,1,-6.877892199464267e-05
1.6420000000000001,0.10814575889514083,-0.025058691215177425,0.10891263593988053,0.10929103813609287,-0.10187751436486342,8.61976911007551,BALANCE,1,-6.870569654526293e-05
1.6440000000000001,0.10809540317288878,-0.02527337739792176,0.10891263593988053,0.10915859736741855,-0.0662203843371581,5.7424421732466655,BALANCE,1,-6.864057621359453e-05
1.6460000000000001,0.10804547564804981,-0.024719919980241246,0.10891263593988053,0.10907251086778025,-0.04304324981915103,6.019752767347848,BALANCE,1,-6.858013310148919e-05
1.6480000000000001,0.10799684617512036,-0.024000321380253396,0.10737865515199488,0.10847966136725537,-0.296424750262439,6.200004653513606,BALANCE,1,-6.852215446227773e-05
1.6500000000000001,0.10795130424736461,-0.021855234030156368,0.10737865515199488,0.10809430919191419,-0.1926760876705888,4.13738167993581,BALANCE,1,-6.847487203824653e-05
1.6520000000000001,0.1079097837432777,-0.020000113432580145,0.10737865515199488,0.10784383027794243,-0.1252394569858789,4.9442498501501415,BALANCE,1,-6.843050249371703e-05
1.6540000000000001,0.10787117897316925,-0.018848931247863854,0.10891263593988053,0.10821791225962077,0.1870409908391671,5.4687141607895144,BALANCE,1,-6.838633653700827e-05
1.6560000000000001,0.10783257990882493,-0.01959358591398832,0.10737865515199488,0.10792417227195171,-0.14686999383452942,7.989402662290583,BALANCE,1,-6.833437138705753e-05
1.6580000000000001,0.107793844164499,-0.019221153676450962,0.10891263593988053,0.1082701345557268,0.17298114188754599,5.300490385640867,BALANCE,1,-6.828684601090309e-05
1.6600000000000001,0.10775431700888097,-0.020125376804812193,0.1119805975156518,0.10956879659170055,0.6493310179868719,7.880057208443976,BALANCE,1,-6.823299929142948e-05
1.6620000000000001,0.10770954370297918,-0.02404902401364012,0.11044661672776616,0.10987603363932351,0.1536185238114815,11.768775939397008,BALANCE,1,-6.815783867581698e-05
1.6640000000000001,0.10765878084476913,-0.02644421356765821,0.10891263593988053,0.10953884444451846,-0.16859459740252436,7.821510208851263,BALANCE,1,-6.808071266820692e-05
1.666,0.1076061196274209,-0.026239047841863643,0.10891263593988053,0.10931967146789519,-0.10958648831163598,5.223573887450913,BALANCE,1,-6.801527000946336e-05
1.668,0.10755482594962634,-0.02517240422456736,0.10891263593988053,0.10917720903309006,-0.07123121740256616,5.682488381580623,BALANCE,1,-6.795628436671366e-05
1.67,0.10750576685072298,-0.0240275170655574,0.10891263593988053,0.10908460845046672,-0.04630029131166835,5.980782802764875,BALANCE,1,-6.790031103689914e-05
1.672,0.10745875749829996,-0.023107286888057264,0.10737865515199488,0.10848752479600157,-0.2985418272325735,6.174674176534657,BALANCE,1,-6.784557209732623e-05
1.674,0.10741498721708316,-0.02100048043871957,0.10737865515199488,0.10809942042059922,-0.19405218770117416,4.1209168698995065,BALANCE,1,-6.780023237040557e-05
1.676,0.10737503047162639,-0.019292126047934482,0.10584467436410924,0.10731025930082773,-0.3945805598857474,4.93354772362656,BALANCE,1,-6.775715624114473e-05
1.678,0.10733927555868597,-0.01702961224103126,0.10584467436410924,0.10679730457297626,-0.2564773639257348,3.2819710789636845,BALANCE,1,-6.772082133289244e-05
1.68,0.10730711313818471,-0.015585158513988043,0.10891263593988053,0.10753767055139275,0.3701829892082467,4.356019362972697,BALANCE,1,-6.768529013689853e-05
1.682,0.10727377630455741,-0.017267515210264105,0.10584467436410924,0.10694512188584353,-0.29627433277461257,9.413724146749539,BALANCE,1,-6.763737022178257e-05
1.684,0.10724002409599559,-0.01665754597250628,0.10737865515199488,0.1070968585289965,0.07586832157648743,4.046512650953711,BALANCE,1,-6.759704267312203e-05
1.686,0.10720606435236794,-0.01716268183034892,0.10584467436410924,0.10665859407128596,-0.2191322288552719,7.0327580843516895,BALANCE,1,-6.755243749157612e-05
1.688,0.10717247583236643,-0.016589863278414833,0.10891263593988053,0.10744750872529406,0.3944573270040497,4.646457813434983,BALANCE,1,-6.751219783528188e-05
1.69,0.10713677797260653,-0.01860522983340363,0.10891263593988053,0.10796030325039932,0.2563972625526309,9.60250913955004,BALANCE,1,-6.745968783797945e-05
1.692,0.10709706017211905,-0.020697484559744597,0.10737865515199488,0.10775672641595777,-0.10178841722077725,8.528796295445007,BALANCE,1,-6.740092885502713e-05
1.694,0.10705541826125232,-0.020907719386168623,0.10737865515199488,0.10762440147357076,-0.06616247119350244,5.651096247191248,BALANCE,1,-6.73476064100915e-05
1.696,0.10701391053642777,-0.02064770848011833,0.10737865515199488,0.1075383902610192,-0.04300560627577832,5.9281643188662265,BALANCE,1,-6.729655849976967e-05
1.698,0.10697295166583412,-0.020364562573223964,0.10737865515199488,0.10748248297286069,-0.027953644079259377,6.108258565454926,BALANCE,1,-6.724630674349623e-05
1.7,0.10693244996788522,-0.020174210924635817,0.10737865515199488,0.10744614323555765,-0.018169868651517207,6.225319825737566,BALANCE,1,-6.719623346332487e-05
1.702,0.10689221429383766,-0.020080432879275883,0.10737865515199488,0.10742252240631069,-0.011810414623482368,6.301409644921321,BALANCE,1,-6.714609305367961e-05
1.704,0.10685208059922549,-0.020058408326678392,0.10737865515199488,0.10740716886730016,-0.007676769505263192,6.350868027390781,BALANCE,1,-6.709579125591438e-05
1.706,0.10681193570189977,-0.020082658583367958,0.10737865515199488,0.10739718906694332,-0.004989900178421769,6.383015975995904,BALANCE,1,-6.704529612165247e-05
1.708,0.1067717101725228,-0.020133858276803335,0.10737865515199488,0.10739070219671136,-0.003243435115977966,6.403912142589224,BALANCE,1,-6.699460289400001e-05
1.71,0.10673136581782915,-0.020198894694117973,0.1043106935762236,0.10631269917954064,-0.5390015085853586,6.417494650874858,BALANCE,1,-6.694371942959887e-05
1.712,0.10669413469649518,-0.017623554669981088,0.10891263593988053,0.1072226770456596,0.4549889330594803,2.06674988208957,BALANCE,1,-6.690742751229965e-05
1.714,0.10665684929064066,-0.019284334542194963,0.10737865515199488,0.10727726938287695,0.027296168608671734,10.073272087215418,BALANCE,1,-6.685415562642805e-05
1.716,0.10661734018471558,-0.020068162423514113,0.10737865515199488,0.10731275440206822,0.017742509595637668,6.65500551184199,BALANCE,1,-6.68013623356934e-05
1.718,0.1065767085289073,-0.020485542962266914,0.10737865515199488,0.10733581966454256,0.0115326312371683,6.580705340889194,BALANCE,1,-6.674866631972042e-05
1.72,0.10653545762546031,-0.020722898161207554,0.10584467436410924,0.1068139188093909,-0.26095042757583176,6.5324102297699,BALANCE,1,-6.669597663808445e-05
1.722,0.10649550020881232,-0.01947917864181039,0.10584467436410924,0.10647468325354231,-0.16961777792429134,4.3212317079568,BALANCE,1,-6.665130205599732e-05
1.724,0.106457928848505,-0.018347027181663745,0.10584467436410924,0.10625418014224074,-0.11025155565078798,5.031538771818208,BALANCE,1,-6.660886539880124e-05
1.726,0.10642208737176134,-0.01766468702241119,0.10737865515199488,0.10664774639565469,0.19678312670697723,5.493238363328141,BALANCE,1,-6.656666139790602e-05
1.728,0.1063855571668834,-0.018635330505616374,0.10737865515199488,0.10690356446037376,0.12790903235953416,7.973129797395099,BALANCE,1,-6.651723214205501e-05
1.73,0.10634696436428921,-0.019727387710110914,0.10584467436410924,0.10653295292668118,-0.18530576684629152,7.437486126498699,BALANCE,1,-6.646453075610133e-05
1.732,0.10630811823188241,-0.019224466280180263,0.1043106935762236,0.10575516215402103,-0.3888953863300723,4.909531040830538,BALANCE,1,-6.641808866274426e-05
1.734,0.10627205155124958,-0.017312249618187957,0.10891263593988053,0.10686027797907185,0.5525579125254115,3.234146638600683,BALANCE,1,-6.638049765246084e-05
1.736,0.10623454694871744,-0.019663947824143446,0.10891263593988053,0.10757860326535489,0.3591626431415154,10.832079978947604,BALANCE,1,-6.632439919822033e-05
1.738,0.10619200551551605,-0.02240890494616357,0.029343318328084456,0.08019625353731023,-13.691174864022326,9.328017341053416,BALANCE,1,-6.625898904397664e-05
1.74,0.10622012467471902,0.03642353334698534,0.10737865515199488,0.08971009410244986,4.756920282569813,-104.71762369993999,BALANCE,1,-6.620613094612476e-05
1.742,0.10626852223084578,0.015027581914761282,0.1043106935762236,0.09482030391827068,2.555104907910409,43.437967906705495,BALANCE,1,-6.638397187830412e-05
1.744,0.10627193001407194,8.190828162567797e-05,0.10584467436410924,0.09867883357431417,1.9292648280217484,26.130057498379514,BALANCE,1,-6.641231466767603e-05
1.746,0.10625277764139736,-0.012200073988113094,0.10891263593988053,0.10226066440226239,1.790915413974109,21.354848638632838,BALANCE,1,-6.637252589225544e-05
1.748,0.10621558001866374,-0.022578513820815223,0.10124273200045232,0.10190438806162887,-0.178138170316762,20.462963175928614,BALANCE,1,-6.628759334940121e-05
1.75,0.10616794129113347,-0.02477227460445304,0.1043106935762236,0.10274659499173702,0.42110346505407764,4.689157921163636,BALANCE,1,-6.621707240490215e-05
1.752,0.10611509250349484,-0.027770767023269374,0.10737865515199488,0.10436781604782727,0.8106105280451248,9.533623419936843,BALANCE,1,-6.61343565509414e-05
1.754,0.10605294319807995,-0.03396720882192611,0.10277671278833796,0.10381092990700601,-0.27844307041063193,12.746953187230634,BALANCE,1,-6.601608273292662e-05
1.756,0.1059840285843072,-0.03490438653512382,0.10737865515199488,0.10505963374275211,0.6243519178730506,4.0011112311353045,BALANCE,1,-6.592335011535283e-05
1.758,0.1059099966718626,-0.03897700633740053,0.10277671278833796,0.10426061140870715,-0.3995111670224774,11.298393367549531,BALANCE,1,-6.579909452308684e-05
1.76,0.10583328037488655,-0.037779549839784175,0.10891263593988053,0.10588881999461784,0.8141042929553435,3.0595473483426097,BALANCE,1,-6.571346392927461e-05
1.762,0.10575357299718634,-0.04181493752213765,0.10737865515199488,0.1064102622996998,0.26072115254097833,12.866163543319818,BALANCE,1,-6.558012065250768e-05
1.764,0.10566602090764317,-0.04566437800506264,0.10277671278833796,0.10513851997072315,-0.6358711644883219,8.470384958309815,BALANCE,1,-6.543545263745361e-05
1.766,0.10557786843592465,-0.042547886781887694,0.10584467436410924,0.10538567400840829,0.12357701884256611,1.221341882336814,BALANCE,1,-6.53553731911554e-05
1.768,0.10549549819409357,-0.03988956404452117,0.10737865515199488,0.1060832174086636,0.34877170012765496,7.311756591245026,BALANCE,1,-6.527660359427562e-05
1.77,0.10541623129283527,-0.039393032933223264,0.10737865515199488,0.10653662061882954,0.2267016050829726,9.155166645541055,BALANCE,1,-6.518258092619846e-05
1.772,0.10533720158286543,-0.03963121391473266,0.10584467436410924,0.10629443942967744,-0.12109059457605237,8.205810077793553,BALANCE,1,-6.508271863690061e-05
1.774,0.10525978703649624,-0.0378409317037821,0.1043106935762236,0.10560012838096859,-0.34715552435442276,5.408941609172228,BALANCE,1,-6.50017291689102e-05
1.776,0.10518907764237516,-0.033077145709079825,0.10277671278833796,0.10461193292354787,-0.4940977287103618,3.558763508022733,BALANCE,1,-6.495033895313052e-05
1.778,0.10513053346869872,-0.026019851975351668,0.10584467436410924,0.10504339242774435,0.21572975209824263,2.3239341457299774,BALANCE,1,-6.49224851295919e-05
1.78,0.10508146019592418,-0.02337710911367933,0.1043106935762236,0.1047869478297121,-0.12822229901612858,8.028441562450602,BALANCE,1,-6.487580275741637e-05
1.782,0.10503708305708963,-0.021319434481812383,0.1043106935762236,0.10462025884099113,-0.08334449436048219,5.261438477653697,BALANCE,1,-6.483083012836701e-05
1.784,0.1049959768428018,-0.020025758356543084,0.10737865515199488,0.10558569754984244,0.482719354425655,5.610459575575611,BALANCE,1,-6.478581104858692e-05
1.786,0.1049534861090508,-0.022109061601753185,0.1043106935762236,0.10513944615907585,-0.22312569538329718,10.196896688395787,BALANCE,1,-6.472403581820852e-05
1.788,0.10490995892414309,-0.021515102068513935,0.1043106935762236,0.10484938275507756,-0.14503170199914317,4.523361206478174,BALANCE,1,-6.46731310447904e-05
1.79,0.10486822176199728,-0.020418068573681076,0.10277671278833796,0.1041239482667187,-0.36271724417943213,5.130709349311508,BALANCE,1,-6.46265972351855e-05
1.792,0.10483007978778684,-0.018205655910936765,0.10737865515199488,0.10526309567656536,0.5695737049233318,3.345698942567665,BALANCE,1,-6.458872024822353e-05
1.794,0.10479093416153859,-0.020475095670658236,0.10277671278833796,0.10439286166568577,-0.4351170054397932,10.872375379980575,BALANCE,1,-6.453114602111452e-05
1.796,0.10475179261319875,-0.018975100032263405,0.10277671278833796,0.10382720955861403,-0.2828260535358701,2.782635656422801,BALANCE,1,-6.448927035441497e-05
1.798,0.10471601516938757,-0.0172369944220183,0.1043106935762236,0.10399642896477738,0.08460970308167559,3.967024145229881,BALANCE,1,-6.445195360631942e-05
1.8,0.10468142377394776,-0.017330294022917695,0.1043106935762236,0.10410642157878357,0.054996307003091216,6.9166633625400475,BALANCE,1,-6.440905308732834e-05
1.802,0.1046461683117195,-0.01780429523888846,0.10124273200045232,0.10310413022636764,-0.501145676207966,6.686355750751744,BALANCE,1,-6.436391760930204e-05
1.804,0.10461312789720408,-0.01582306592464241,0.10277671278833796,0.10298953412305725,-0.05729805165519131,2.1770824039183303,BALANCE,1,-6.433040244316182e-05
1.806,0.10458211313464337,-0.015351125598068343,0.10584467436410924,0.10398883320742545,0.499649542184101,5.720987634141904,BALANCE,1,-6.42938521627975e-05
1.808,0.10454826958049081,-0.017807452518479223,0.10277671278833796,0.10356459106074484,-0.21212107334030866,10.236526329918336,BALANCE,1,-6.42435807852797e-05
1.81,0.10451287074300261,-0.01763593153321092,0.10737865515199488,0.10489951349268235,0.6674612159687578,4.516906876922221,BALANCE,1,-6.420074905681313e-05
1.812,0.10447348114656897,-0.021060074936995115,0.10584467436410924,0.10523031979768177,0.16540315249970877,11.633660537311004,BALANCE,1,-6.413825088496455e-05
1.814,0.10442904809942162,-0.023063747435530604,0.10277671278833796,0.10437155734441143,-0.4293812266351685,7.637044407858577,BALANCE,1,-6.407428492143197e-05
1.816,0.1043850293250419,-0.02124301834100089,0.1043106935762236,0.1043502550255457,-0.010651159432870094,2.827243627583338,BALANCE,1,-6.402888544734671e-05
1.818,0.10434352533424156,-0.02041159693639496,0.1043106935762236,0.10433640851828296,-0.006923253631364867,6.175806026069781,BALANCE,1,-6.398168128060018e-05
1.82,0.10430314353694317,-0.020041854403326908,0.1043106935762236,0.10432740828856218,-0.004500114860389592,6.204798482046058,BALANCE,1,-6.393377398453473e-05
1.822,0.10426325980930928,-0.01987547871807545,0.1043106935762236,0.10432155813924368,-0.0029250746592518473,6.2236435784306146,BALANCE,1,-6.388560894707022e-05
1.824,0.10422360142028511,-0.01979901329752211,0.1043106935762236,0.10431775554218665,-0.0019012985285130068,6.235892891080606,BALANCE,1,-6.383735370070774e-05
1.826,0.10418404651681733,-0.019763812204792224,0.10277671278833796,0.10377839057833961,-0.2696824819235222,6.243854944303095,BALANCE,1,-6.378906851184605e-05
1.828,0.10414616078784461,-0.018419091415244063,0.10277671278833796,0.10342780335183903,-0.1752936132502908,4.069243579312199,BALANCE,1,-6.374817263696004e-05
1.83,0.10411074062702644,-0.017289661376224875,0.10277671278833796,0.10319992165461365,-0.11394084861268694,4.8033192951080155,BALANCE,1,-6.37091349427607e-05
1.832,0.1040769999493408,-0.016636263553729557,0.10277671278833796,0.10305179855141716,-0.07406155159824651,5.280468510375324,BALANCE,1,-6.36702284709942e-05
1.834,0.10404409157820878,-0.016356181622163225,0.10124273200045232,0.10241862525857946,-0.31658664641884965,5.590615500299057,BALANCE,1,-6.363097407030674e-05
1.836,0.10401297501772164,-0.015161006744417968,0.10277671278833796,0.10254395589399494,0.06266531770773853,3.6124243441639705,BALANCE,1,-6.359695465877501e-05
1.838,0.10398226853554875,-0.015448095123209828,0.10124273200045232,0.10208852753125502,-0.22771418136995764,6.653959895301605,BALANCE,1,-6.355849233301488e-05
1.84,0.10395216770029932,-0.01486271147010273,0.1043106935762236,0.10286628564699403,0.38887905786950255,4.303598200915641,BALANCE,1,-6.352361082590916e-05
1.842,0.10391996700232473,-0.016753741886278546,0.10277671278833796,0.1028349351464644,-0.015675250264815532,9.283009601775662,BALANCE,1,-6.347790567763922e-05
1.844,0.10388565162535876,-0.01738963645689524,0.1043106935762236,0.10335145059688013,0.25825772520786383,6.04469410666934,BALANCE,1,-6.343369261237648e-05
1.846,0.1038489335335511,-0.018959697495518013,0.10277671278833796,0.10315029236389037,-0.10057911649487966,8.267148837475718,BALANCE,1,-6.338278959976812e-05
1.848,0.10381099689516946,-0.018974541843607785,0.10124273200045232,0.10248264623668706,-0.33382306360165565,5.384384609874385,BALANCE,1,-6.333644337016115e-05
1.85,0.10377499752839382,-0.01741071187501205,0.1043106935762236,0.10312246280552485,0.31990828441889885,3.4783742653879783,BALANCE,1,-6.32986058066771e-05
1.852,0.10373867857932782,-0.01861813443900215,0.1043106935762236,0.10353834357526942,0.20794038487228356,8.746614043682682,BALANCE,1,-6.324968424998972e-05
1.854,0.10369967750027459,-0.020081317936898536,0.10277671278833796,0.10327177279984341,-0.1332853877130044,7.875823693494434,BALANCE,1,-6.31961100255203e-05
1.856,0.10365982113284891,-0.01982619260030278,0.10277671278833796,0.1030985017958165,-0.08663550201345321,5.130023266286569,BALANCE,1,-6.314863773453457e-05
1.858,0.10362084021102029,-0.019270567151386333,0.1043106935762236,0.103522768918959,0.21213356157124413,5.492826091641364,BALANCE,1,-6.310348113753939e-05
1.86,0.10358122265953129,-0.020168518953454558,0.1043106935762236,0.1037985425490016,0.13788681502130418,7.908434627707493,BALANCE,1,-6.305147276540343e-05
1.862,0.10353974960267864,-0.021131565763794127,0.1043106935762236,0.1039777954085293,0.08962642976385188,7.33100707311053,BALANCE,1,-6.299676015482284e-05
1.864,0.10349667585059157,-0.02182767915488295,0.10277671278833796,0.10355741649146233,-0.21018945853348847,6.955679162622573,BALANCE,1,-6.294117365795853e-05
1.866,0.10345424415902492,-0.020783800629644203,0.10584467436410924,0.10435795674688875,0.40027012771320925,4.531929321219832,BALANCE,1,-6.28943239070673e-05
1.868,0.10341073894057837,-0.02245163839897562,0.1043106935762236,0.10434141463715595,-0.008271054866400285,9.463638426519,BALANCE,1,-6.283375433629806e-05
1.87,0.1033653995027533,-0.022832572204298827,0.10277671278833796,0.10379376899006965,-0.2738228235431503,6.194316439298154,BALANCE,1,-6.27768306403879e-05
1.872,0.10332157741230752,-0.02124353655247186,0.10277671278833796,0.10343779931946355,-0.17798483530304804,4.037043551058977,BALANCE,1,-6.273108407606723e-05
1.874,0.10328101891378906,-0.019623175741818235,0.10124273200045232,0.10266952575780962,-0.3841367808269658,4.782389276743428,BALANCE,1,-6.26889134052976e-05
1.8760000000000001,0.10324472089092056,-0.017250366244904607,0.10584467436410924,0.10378082777001449,0.5556510061024352,3.0870772988528508,BALANCE,1,-6.265420020505617e-05
1.8780000000000001,0.10320759175116863,-0.019388124850145756,0.10124273200045232,0.10289249425066772,-0.44416675967338254,10.672057715020351,BALANCE,1,-6.260080717816349e-05
1.8800000000000001,0.1031706662845522,-0.01788783315711532,0.10277671278833796,0.1028519707388523,-0.02026175590771201,2.620215577653003,BALANCE,1,-6.256199712047423e-05
1.8820000000000001,0.10313540938160286,-0.017475819234134146,0.10277671278833796,0.10282563045617228,-0.01317014134000899,6.009024197069442,BALANCE,1,-6.252081409661918e-05
1.8840000000000001,0.103100490983391,-0.017450156009802074,0.10277671278833796,0.10280850927243027,-0.008560591871008272,6.064176696650264,BALANCE,1,-6.247859718246662e-05
1.8860000000000001,0.10306545794443993,-0.017556136821674923,0.1043106935762236,0.10333427377875794,0.2628822531638361,6.10002582137775,BALANCE,1,-6.243576436003334e-05
1.8880000000000001,0.10302857301339605,-0.018994338110880582,0.10124273200045232,0.10260223415635097,-0.36601981120348154,8.303114452036166,BALANCE,1,-6.238549238116926e-05
1.8900000000000001,0.10299219403332845,-0.017697528275415885,0.10277671278833796,0.10266330167754642,0.030533760597722948,3.227975559753206,BALANCE,1,-6.234653126834713e-05
1.8920000000000001,0.10295693073570712,-0.017593369416999537,0.1043106935762236,0.10323988884208343,0.2882935822685062,6.404068185434569,BALANCE,1,-6.230425211312648e-05
1.8940000000000001,0.10291990372056885,-0.01908871901840409,0.10124273200045232,0.10254088394751254,-0.3495024472854463,8.500741988673056,BALANCE,1,-6.225361136845788e-05
1.8960000000000001,0.10288323103321421,-0.01787241728704793,0.10277671278833796,0.10262342404180144,0.04127004714445104,3.3564334585671816,BALANCE,1,-6.22140612950779e-05
1.8980000000000001,0.10284754848992662,-0.017823281177650644,0.10124273200045232,0.10214018182732924,-0.24162110723609936,6.487565819663695,BALANCE,1,-6.217111543291107e-05
1.9000000000000001,0.10281319291597618,-0.01680888457127002,0.10584467436410924,0.10343675421520224,0.6482861939364967,4.195442051750959,BALANCE,1,-6.213334788769144e-05
1.9020000000000001,0.10277587737186865,-0.0198217749549575,0.10124273200045232,0.10266884644003976,-0.38395388758123705,11.392494804404109,BALANCE,1,-6.207649975457748e-05
1.9040000000000001,0.10273746434796502,-0.01880865457672071,0.10124273200045232,0.10216970638618415,-0.24957002692780478,3.088499685752489,BALANCE,1,-6.203428975357126e-05
1.9060000000000001,0.10270166817676551,-0.017351478925714717,0.10124273200045232,0.10184526535117801,-0.16222051750307276,4.1336221677486105,BALANCE,1,-6.19967010195276e-05
1.9080000000000001,0.10266824902729017,-0.016355515492019336,0.10277671278833796,0.10217127195418399,0.16300330150299108,4.812951781046098,BALANCE,1,-6.195995556168446e-05
1.9100000000000001,0.10263465911421034,-0.017040542549290473,0.10124273200045232,0.1018462829703779,-0.1624944919030452,7.434302729274968,BALANCE,1,-6.191699609008315e-05
1.9120000000000001,0.1026010734997114,-0.016655566826112002,0.10277671278833796,0.10217193340666392,0.162825218143009,4.810821042998312,BALANCE,1,-6.187787894819272e-05
1.9140000000000001,0.10256670315235047,-0.017489710936315787,0.10277671278833796,0.10238360619024983,0.10583639179295723,7.432917749543907,BALANCE,1,-6.183340738517509e-05
1.9160000000000001,0.10253064298510019,-0.01835867047924704,0.10277671278833796,0.10252119349958068,0.06879365466542359,6.9897075057586475,BALANCE,1,-6.178662895111411e-05
1.9180000000000001,0.10249312079072928,-0.019016531411927884,0.10277671278833796,0.10261062525064572,0.04471587553252221,6.70162084729823,BALANCE,1,-6.173880487597515e-05
1.92,0.1024545560086919,-0.019456031663147542,0.10277671278833796,0.102668755888838,0.02906531909614013,6.514364519298921,BALANCE,1,-6.169056111205385e-05
1.922,0.10241532421863493,-0.019722303966139575,0.1043106935762236,0.10324343407942296,0.2873390952924798,6.392647906099402,BALANCE,1,-6.164222283644369e-05
1.924,0.10237406323788562,-0.021258830771121926,0.1043106935762236,0.10361697490330318,0.1867704119401098,8.493318807105215,BALANCE,1,-6.158585746178859e-05
1.926,0.10232990719478559,-0.02267586525800369,0.10124273200045232,0.10278598988730538,-0.4154925079989033,7.7111817897190695,BALANCE,1,-6.152610649313047e-05
1.928,0.10228684421321617,-0.02071338267938438,0.10277671278833796,0.10278274290266678,-0.0016234923192956496,2.843219329247096,BALANCE,1,-6.148341571382474e-05
1.93,0.10224638210006677,-0.019903895308293954,0.09970875121256667,0.10170684581113175,-0.5379485457675178,6.153976635605641,BALANCE,1,-6.143829605662972e-05
1.932,0.10221018200315564,-0.017004169179899567,0.10277671278833796,0.10208129925315393,0.18722672101108978,1.7988223825277627,BALANCE,1,-6.140622338146965e-05
1.934,0.10217591610609836,-0.017207189973148868,0.1043106935762236,0.10286158726622832,0.3901440065371964,7.6226917232779545,BALANCE,1,-6.136433178664833e-05
1.936,0.10213893126289819,-0.01929459138488327,0.10277671278833796,0.10283188119896669,-0.014853033630815582,9.29284728827127,BALANCE,1,-6.131180389447327e-05
1.938,0.10209964963202495,-0.019870697828248483,0.10277671278833796,0.10281257225524663,-0.009654471860028047,6.051088602891476,BALANCE,1,-6.126225682155714e-05
1.94,0.10205979570473686,-0.019965430902680385,0.10124273200045232,0.10226312816606863,-0.2747220445890042,6.091518560434574,BALANCE,1,-6.121404564708035e-05
1.942,0.10202155604057303,-0.018575277113764745,0.10124273200045232,0.10190598950810292,-0.17856932898285133,3.938011333252084,BALANCE,1,-6.117390589599676e-05
1.944,0.10198592566031218,-0.017361363113760596,0.10277671278833796,0.10221074265618518,0.1523765740411298,4.685804738623364,BALANCE,1,-6.113584874252634e-05
1.946,0.10195056750910556,-0.017868269902522965,0.1043106935762236,0.10294572547819864,0.3674914110067262,7.35165715170015,BALANCE,1,-6.109157451514973e-05
1.948,0.10191232663428368,-0.019928768881765035,0.09970875121256667,0.10181278448522744,-0.5664704964855951,9.116674816745729,BALANCE,1,-6.103746001293361e-05
1.95,0.1018751596054517,-0.017742049820734945,0.09970875121256667,0.10107637283979617,-0.3682058227156351,1.5770030972288858,BALANCE,1,-6.100174223985622e-05
1.952,0.10184248191159007,-0.0155887480648416,0.09970875121256667,0.10059770527026585,-0.23933378476516387,3.11893578866269,BALANCE,1,-6.097028232640877e-05
1.954,0.10181305072404626,-0.014319110704274208,0.10277671278833796,0.10136035790159109,0.3813263156626223,4.12119203809464,BALANCE,1,-6.093911397525501e-05
1.956,0.10178220425134976,-0.015970614646550724,0.10277671278833796,0.10185608211195249,0.24786210518069896,9.132231999396444,BALANCE,1,-6.0896876704488216e-05
1.958,0.10174796722592157,-0.017775066364675907,0.09970875121256667,0.10110451629716745,-0.37578290739252035,8.094261768162742,BALANCE,1,-6.084943704271153e-05
1.96,0.10171386737670904,-0.016639350850551005,0.10277671278833796,0.10168978506907712,0.2926343859548375,3.0600077186898837,BALANCE,1,-6.0812839336907085e-05
1.962,0.10167905597409735,-0.017853006444188153,0.10277671278833796,0.10207020977081842,0.19021235087064714,8.442462191783328,BALANCE,1,-6.0766770679045274e-05
1.964,0.10164167703278788,-0.019217583421266667,0.09817477042468103,0.10070680599967033,-0.6817018855740444,7.645911393214282,BALANCE,1,-6.0716718793249225e-05
1.966,0.1016068077497195,-0.016397857783364618,0.1043106935762236,0.10196816665146398,0.6306803258968249,0.5887932753878644,BALANCE,1,-6.068578779918534e-05
1.968,0.101571094584723,-0.018733147538200014,0.09970875121256667,0.10117737124784992,-0.3953977018070279,11.163532606262438,BALANCE,1,-6.063440061843664e-05
1.97,0.10153511397713673,-0.017541803886925562,0.10277671278833796,0.10173714078702073,0.2798847695854034,2.9074606604147726,BALANCE,1,-6.0596070004481575e-05
1.972,0.10149868014704892,-0.01863193942910151,0.09970875121256667,0.1010272044359618,-0.35496817552946314,8.343306603904471,BALANCE,1,-6.054839792766866e-05
1.974,0.10146309524446584,-0.017291936054623657,0.10124273200045232,0.10110263908353348,0.03771732378583803,3.2218868619220036,BALANCE,1,-6.05110946885261e-05
1.976,0.10142861774612098,-0.01720880400511527,0.10277671278833796,0.10168856488021505,0.2929628983407845,6.367896935298713,BALANCE,1,-6.047029746678395e-05
1.978,0.10139234337049802,-0.018704972352319195,0.09970875121256667,0.10099563009653811,-0.34646739183846753,8.445017079539179,BALANCE,1,-6.042133562610845e-05
1.98,0.10135642851655476,-0.017507018862842713,0.10124273200045232,0.10108211576290808,0.043242833184985174,3.287998671084546,BALANCE,1,-6.03831761866078e-05
1.982,0.10132146434919542,-0.017468158370203875,0.10124273200045232,0.10113833144604857,0.028107841570243486,6.410869611254366,BALANCE,1,-6.0341681592807196e-05
1.984,0.10128624348214142,-0.017695134486908796,0.10124273200045232,0.10117487164008988,0.018270097020656184,6.293162619324862,BALANCE,1,-6.0298899458093765e-05
1.986,0.10125055431463076,-0.01793488233130802,0.09970875121256667,0.10066172949045676,-0.2565710748165598,6.216653074570642,BALANCE,1,-6.025551478720286e-05
1.988,0.10121602103525193,-0.01688227812431203,0.09970875121256667,0.10032818709319523,-0.16677119863076767,3.9871351708949274,BALANCE,1,-6.0218340297202884e-05
1.99,0.10118340577479072,-0.0160010024189994,0.10124273200045232,0.10064827781073521,0.16004535876999043,4.685521636545573,BALANCE,1,-6.018264239300625e-05
1.992,0.10115051158599409,-0.016689614271522674,0.10124273200045232,0.1008563367771362,0.10402948320049205,7.319259538804037,BALANCE,1,-6.0141133073259415e-05
1.994,0.10111608670115368,-0.017513671783570182,0.10124273200045232,0.10099157510529684,0.06761916408032365,6.883616072232108,BALANCE,1,-6.0097212207365806e-05
1.996,0.1010802521568097,-0.018161134518386725,0.10277671278833796,0.10161637329436123,0.3123990945321925,6.6004478189604,BALANCE,1,-6.005217333922179e-05
1.998,0.10104177169218484,-0.019941227795103524,0.10277671278833796,0.10202249211725309,0.20305941144593137,8.596175153919214,BALANCE,1,-5.999923664632292e-05
2.0,0.1010000544178745,-0.02149915689338664,0.10124273200045232,0.10174957607637282,-0.13645802044013472,7.745824818602637,BALANCE,1,-5.994282351770885e-05
2.0020000000000002,0.10095749651493521,-0.021123577309233588,0.10124273200045232,0.10157218064980064,-0.08869771328608861,5.013310401061291,BALANCE,1,-5.9894027471107846e-05
2.004,0.10091616737731482,-0.020347534770823676,0.10124273200045232,0.10145687362252873,-0.05765351363595794,5.38474913269933,BALANCE,1,-5.984843525267571e-05
2.0060000000000002,0.10087628185279532,-0.019671808499550653,0.09970875121256667,0.100845030779042,-0.3059214217433631,5.62618430826406,BALANCE,1,-5.9804026037137905e-05
2.008,0.10083912256059112,-0.017896572681145802,0.09817477042468103,0.09991043965501566,-0.46729556201317163,3.603330472795615,BALANCE,1,-5.976709557822837e-05
2.0100000000000002,0.10080661407044117,-0.015383181954594495,0.10124273200045232,0.10037674197591849,0.23315116045141693,2.2562618831955663,BALANCE,1,-5.9737499152323e-05
2.012,0.10077504763836855,-0.01598848527032836,0.10124273200045232,0.10067983848450533,0.151548254293421,7.887813802166445,BALANCE,1,-5.969808312461813e-05
2.0140000000000002,0.1007417132028807,-0.017042580232567148,0.10124273200045232,0.10087685121508677,0.09850636529071949,7.253176343417688,BALANCE,1,-5.965489718918871e-05
2.016,0.1007065192006021,-0.01792493273720279,0.10124273200045232,0.10100490948996471,0.0640291374389701,6.8406619952309615,BALANCE,1,-5.96099462729591e-05
2.0180000000000002,0.10066989613602045,-0.018550798586428063,0.09817477042468103,0.10001436081711543,-0.495274336424642,6.572527668909643,BALANCE,1,-5.956417512344148e-05
2.02,0.1006354735649988,-0.016444134006765736,0.09817477042468103,0.0993705041797634,-0.32192831867601523,2.0386669576297898,BALANCE,1,-5.9531320965911865e-05
2.0220000000000002,0.10060494680749167,-0.014693563226540788,0.10277671278833796,0.10056267719276449,0.5960865065005455,3.3868037013776817,BALANCE,1,-5.950103723748511e-05
2.024,0.10057236471046227,-0.01714852979952354,0.09970875121256667,0.10026380309969525,-0.1494370465346187,10.802452683570234,BALANCE,1,-5.945418256966632e-05
2.0260000000000002,0.10053796005780552,-0.0172338795031075,0.10124273200045232,0.10060642821496023,0.17131255763248865,4.820331813704765,BALANCE,1,-5.9413212146731824e-05
2.028,0.10050232426366314,-0.018168295490034316,0.10277671278833796,0.10136602781564244,0.379799800341106,7.406886153957523,BALANCE,1,-5.9367585894560043e-05
2.0300000000000002,0.1004633296395094,-0.020371312942404976,0.09970875121256667,0.10078598100456593,-0.2900234055382561,9.120360071667394,BALANCE,1,-5.931248099981439e-05
2.032,0.10042365664521598,-0.019480008224110237,0.09970875121256667,0.1004089505773662,-0.18851521359986717,3.7269716159679067,BALANCE,1,-5.926943842983679e-05
2.0340000000000003,0.10038626086346177,-0.018205519827579928,0.09970875121256667,0.10016388079968636,-0.12253488883991887,4.516415325843035,BALANCE,1,-5.923043524669401e-05
2.036,0.10035100790886678,-0.017285089332587204,0.10124273200045232,0.10054147871995445,0.18879896013404562,5.02955373726183,BALANCE,1,-5.919233682639929e-05
2.0380000000000003,0.10031553202697459,-0.01800838203942753,0.09817477042468103,0.09971313081660875,-0.4141739516728485,7.542880404269631,BALANCE,1,-5.914778276942172e-05
2.04,0.10028162877726737,-0.016357768663722138,0.09970875121256667,0.09971159795519402,-0.0007664307073648735,2.669396235613737,BALANCE,1,-5.9113870470751945e-05
2.0420000000000003,0.1002492759438047,-0.016081089587626343,0.09970875121256667,0.09971060159527445,-0.0004981799597847392,5.976564431652722,BALANCE,1,-5.907670491629902e-05
2.044,0.10021696453497007,-0.01619578917191943,0.10277671278833796,0.10078374051284668,0.5365694587861138,5.978650656038189,BALANCE,1,-5.903824816579308e-05
2.0460000000000003,0.10018117465142123,-0.018918311100260713,0.10124273200045232,0.10094438753350865,0.080323510330986,10.339580101059711,BALANCE,1,-5.89859058308195e-05
2.048,0.1001418911965545,-0.02012123877784721,0.10124273200045232,0.10104880809693893,0.05221028171514125,6.699251334658408,BALANCE,1,-5.893465480321526e-05
2.05,0.10010099882824272,-0.020669848905369485,0.09970875121256667,0.10057978818740865,-0.23450995476514275,6.480610739537466,BALANCE,1,-5.888415129883971e-05
2.052,0.10006106872073055,-0.01949229102374519,0.09970875121256667,0.10027492524621395,-0.1524314705973473,4.158707653123377,BALANCE,1,-5.884223059266375e-05
2.054,0.10002355059395161,-0.018295932206911066,0.09817477042468103,0.09953987105867743,-0.3675270937682634,4.797043749994058,BALANCE,1,-5.880294145025464e-05
2.056,0.0999895367382072,-0.01627972188361746,0.10277671278833796,0.10067276566405861,0.5664473026905925,3.032175513374538,BALANCE,1,-5.877040035837685e-05
2.058,0.0999541689026091,-0.018518515972754303,0.09970875121256667,0.10033536060603643,-0.16870252901109162,10.571944361368256,BALANCE,1,-5.872053637702089e-05
2.06,0.0999173247040896,-0.018362920922258694,0.10124273200045232,0.10065294059408199,0.1587899940227802,4.670501404273453,BALANCE,1,-5.8677875482134685e-05
2.062,0.09987969097392545,-0.019105781787763905,0.09970875121256667,0.10032247431055162,-0.16523314176518367,7.309496387827162,BALANCE,1,-5.86307226310323e-05
2.064,0.09984224154054862,-0.01848475380045335,0.09817477042468103,0.09957077795049692,-0.3758481800273522,4.697483324511628,BALANCE,1,-5.858926169431564e-05
2.066,0.09980771326413757,-0.01656230945481695,0.10124273200045232,0.10015596186798131,0.2925919587421985,2.9674612368109976,BALANCE,1,-5.855594028042251e-05
2.068,0.09977337494425656,-0.017517647860439987,0.09817477042468103,0.09946254486282621,-0.34670850257755015,8.350093382016468,BALANCE,1,-5.851219595294266e-05
2.07,0.09973992768170478,-0.01628516609783426,0.09970875121256667,0.09954871708523537,0.043086111204578004,3.194084671149172,BALANCE,1,-5.8477426642589444e-05
2.072,0.09970731712212351,-0.016316695706068387,0.09970875121256667,0.09960472902980133,0.028005972282980907,6.317611914750746,BALANCE,1,-5.8439097366989235e-05
2.074,0.09967429458803814,-0.01661791807188457,0.10124273200045232,0.10017803006952918,0.28665051986392215,6.200331520051927,BALANCE,1,-5.839934939374362e-05
2.076,0.09963909923876063,-0.01817684853821264,0.10124273200045232,0.10055067574535227,0.18632283791154836,8.303885963083127,BALANCE,1,-5.835234209673802e-05
2.078,0.09960104283645753,-0.019575499701346505,0.09970875121256667,0.10025600215887731,-0.14733679323748056,7.523623248013523,BALANCE,1,-5.830215383799087e-05
2.08,0.0995623524261932,-0.019195663978191977,0.09817477042468103,0.09952757105190861,-0.3642155534843497,4.836665783632794,BALANCE,1,-5.825844377841285e-05
2.082,0.09952634935294241,-0.017280069328176266,0.10124273200045232,0.10012787738389892,0.30015316599515257,3.0579298352397193,BALANCE,1,-5.822377680992959e-05
2.084,0.0994906075521901,-0.01822657308757193,0.09817477042468103,0.09944428994817266,-0.34179371786313,8.408897970995156,BALANCE,1,-5.817839266837968e-05
2.086,0.0994558051977376,-0.016921858990740436,0.10124273200045232,0.10007374466647054,0.3147273591489405,3.2323076539853193,BALANCE,1,-5.8142597925926904e-05
2.088,0.09942043656582203,-0.018137697019557673,0.09817477042468103,0.09940910368184422,-0.3323204923131595,8.522243553179756,BALANCE,1,-5.809671726011473e-05
2.09,0.0993856535305517,-0.016958503765917135,0.09817477042468103,0.09897708704183711,-0.21600832000355508,3.3059822824053766,BALANCE,1,-5.8060496521686854e-05
2.092,0.0993532588635686,-0.01579501666834969,0.10124273200045232,0.09977006277735244,0.39648786775766526,4.210558662481786,BALANCE,1,-5.802672919560323e-05
2.094,0.09931952360043443,-0.017469943489141156,0.09817477042468103,0.09921171045391745,-0.2791761617174926,9.15810670870247,BALANCE,1,-5.798140135151977e-05
2.096,0.09928554327137984,-0.016719830419286534,0.09970875121256667,0.09938567471944468,0.08698213276361194,3.7192933334951066,BALANCE,1,-5.794447955245569e-05
2.098,0.0992516994168382,-0.017036280948617106,0.10277671278833796,0.10057253804355733,0.5934316620563248,6.658997545275577,BALANCE,1,-5.790385545049658e-05
2.1,0.09921387763564794,-0.020107148321574418,0.0966407896367954,0.09919642610119066,-0.6880559711833351,10.781805579064038,BALANCE,1,-5.7847579045669056e-05
2.102,0.09917681241467652,-0.017550764999127656,0.09970875121256667,0.09937573989017226,0.08965689449080133,0.44733779660475914,BALANCE,1,-5.7814636502972595e-05
2.104,0.09914204756078637,-0.017285239837308466,0.0966407896367954,0.09841850730149036,-0.4786162943409486,6.679799549336746,BALANCE,1,-5.777510844131906e-05
2.106,0.09911023716716466,-0.015195531558112436,0.10124273200045232,0.09940698594612704,0.49423932231833917,2.0761800833618334,BALANCE,1,-5.774528927727564e-05
2.108,0.0990774250100449,-0.017061773012506377,0.10124273200045232,0.1000494970651409,0.32125555950692636,9.918333735314336,BALANCE,1,-5.770065411470657e-05
2.11,0.09904064156352727,-0.019217031106663368,0.10124273200045232,0.10046712929249989,0.20881611367949693,8.573014299963864,BALANCE,1,-5.76494899239469e-05
2.112,0.09900021360440772,-0.02089169375385525,0.10124273200045232,0.10073859024028324,0.13573047389167647,7.698556666985969,BALANCE,1,-5.759527665135253e-05
2.114,0.0989571316367169,-0.022006369623803018,0.0966407896367954,0.0993043600290625,-0.717115105610372,7.130159205550406,BALANCE,1,-5.754005993296424e-05
2.116,0.09891741252478603,-0.018426713537653443,0.09970875121256667,0.09944589694328895,0.07076845711322804,0.2213407568607746,BALANCE,1,-5.750931349489299e-05
2.118,0.09888152024850186,-0.01765694598142011,0.09970875121256667,0.09953789593753615,0.04599949712359719,6.532901473503161,BALANCE,1,-5.7470556973383115e-05
2.12,0.09884614439872899,-0.01770698916595945,0.10124273200045232,0.10013458855955681,0.2983463110103335,6.340269733240946,BALANCE,1,-5.742926393893469e-05
2.122,0.09880887783211183,-0.019216224784772994,0.09970875121256667,0.09998554548811027,-0.0745215357232723,8.394845801656077,BALANCE,1,-5.738003456218156e-05
2.124,0.098770403780939,-0.019251235662346863,0.09817477042468103,0.09935177421591004,-0.31688563610011294,5.402960443500438,BALANCE,1,-5.733522018701093e-05
2.126,0.09873386488173563,-0.017666408467964273,0.09817477042468103,0.09893982288897989,-0.20597566346507862,3.426021364153699,BALANCE,1,-5.729905321452291e-05
2.128,0.09870024128974812,-0.016336602800645125,0.09817477042468103,0.09867205452647529,-0.13388418125229867,4.2885840656181635,BALANCE,1,-5.7264865955108916e-05
2.13,0.0986685959905119,-0.015560108885870092,0.09817477042468103,0.0984980050908473,-0.08702471781399379,4.849249821570128,BALANCE,1,-5.723080471862236e-05
2.132,0.09863795239268326,-0.015206177702162675,0.09817477042468103,0.0983848729576891,-0.05656606657909735,5.213682562938888,BALANCE,1,-5.7196436095624956e-05
2.134,0.0986076618055732,-0.01511674688956794,0.09510680884890975,0.09723755051961633,-0.5736612190363893,5.450563844828568,BALANCE,1,-5.71616153367571e-05
2.136,0.09858035974286464,-0.013076552526397623,0.10124273200045232,0.09863936403790892,0.7009067591462955,1.2449632788858649,BALANCE,1,-5.7136113993660977e-05
2.138,0.09855046772799633,-0.015830477683925537,0.09817477042468103,0.09847675627327916,-0.08130388231487873,11.525615915444899,BALANCE,1,-5.709299456299581e-05
2.14,0.0985181368233826,-0.01634341614503209,0.09357282806102411,0.09676038139898989,-0.8581874371446363,5.25817431787772,BALANCE,1,-5.705379277674282e-05
2.142,0.09848997501878286,-0.013140142396149369,0.0966407896367954,0.09671852428222182,-0.020928558384036844,-1.059876613217697,BALANCE,1,-5.703126343893576e-05
2.144,0.09846442504442675,-0.012651050591267997,0.09817477042468103,0.09722821043208255,0.2548430749303651,5.635682989861015,BALANCE,1,-5.700303739984652e-05
2.146,0.09843730004513558,-0.013922482924541854,0.09970875121256667,0.09809639970525198,0.4340946365847184,7.872437225367873,BALANCE,1,-5.696804738574119e-05
2.148,0.09840615133938262,-0.016406477935672795,0.09970875121256667,0.09866072273281212,0.2821615137800701,9.358541074992866,BALANCE,1,-5.69239801470187e-05
2.15,0.09837071372683179,-0.01850058533849625,0.09817477042468103,0.09849063942496625,-0.08504165392293761,8.176935474209289,BALANCE,1,-5.6875204237037764e-05
2.152,0.09833352666934636,-0.01865251104774151,0.09817477042468103,0.09838008527486643,-0.05527707504991014,5.229105134114474,BALANCE,1,-5.6831616317287026e-05
2.154,0.09829657382157259,-0.01836743734898224,0.09817477042468103,0.09830822507730154,-0.03593009878244402,5.460588516092704,BALANCE,1,-5.679004295528225e-05
2.156,0.09826020845797435,-0.018070260829371267,0.10124273200045232,0.09933530250040432,0.5135387115513881,5.61105271437854,BALANCE,1,-5.6749193384594994e-05
2.158,0.09822112310485351,-0.020512899268114664,0.09817477042468103,0.09892911627390116,-0.2030931132515762,10.068427842435364,BALANCE,1,-5.669401150371123e-05
2.16,0.09818062323796124,-0.020071748411004578,0.09817477042468103,0.09866509522667412,-0.13201052361352245,4.31100207042146,BALANCE,1,-5.664917778734609e-05
2.162,0.09814166280185979,-0.019092469427316225,0.0966407896367954,0.09795658827021657,-0.35425347822877484,4.863821524692268,BALANCE,1,-5.6608320159392024e-05
2.164,0.09810607180077692,-0.017022223632075256,0.09817477042468103,0.09803295202427913,0.03818187703127918,3.0433674703827958,BALANCE,1,-5.657524950173687e-05
2.166,0.09807245562495838,-0.016689402586769084,0.09817477042468103,0.09808258846441979,0.024818220070332853,6.187432137706981,BALANCE,1,-5.6537691684074055e-05
2.168,0.098038922522226,-0.016810089573691078,0.0966407896367954,0.09757795887475125,-0.2523147948342713,6.08350106842785,BALANCE,1,-5.649861478592492e-05
2.17,0.09800660561689951,-0.01581519893088045,0.09970875121256667,0.09832373619298665,0.3728886591176997,3.8361591738109047,BALANCE,1,-5.646484547392281e-05
2.172,0.09797295593997914,-0.017389958224259715,0.0966407896367954,0.09773470489831972,-0.29451564733346675,8.882533444520796,BALANCE,1,-5.6420513845348567e-05
2.174,0.09793929674342702,-0.016517633757052418,0.0966407896367954,0.0973518345567862,-0.1914351707667586,3.507957115231449,BALANCE,1,-5.63849171697964e-05
2.176,0.09790752901684438,-0.015558222655970922,0.09817477042468103,0.0976398621105494,0.1440137768815991,4.309628707273104,BALANCE,1,-5.635163783289961e-05
2.178,0.09787568116567344,-0.01611405904604512,0.09510680884890975,0.09675329346897552,-0.4432843207869408,7.010501941685757,BALANCE,1,-5.631311777007111e-05
2.18,0.09784561882459039,-0.014521511521129182,0.0966407896367954,0.09671391712771248,-0.019688170631519675,2.258923041843005,BALANCE,1,-5.6283744853321176e-05
2.182,0.09781688688895306,-0.014298572124221658,0.09510680884890975,0.09615142923013152,-0.2812439487904772,5.645329662610591,BALANCE,1,-5.6251393264615955e-05
2.184,0.09778957083798837,-0.013405608018716535,0.09817477042468103,0.09685959864822385,0.35408470904616657,3.5191341634840736,BALANCE,1,-5.622263213770224e-05
2.186,0.09776062632821195,-0.014948722194133901,0.0966407896367954,0.0967830154942239,-0.03829157699997837,8.644253591262764,BALANCE,1,-5.6184702729013946e-05
2.188,0.09773015192259718,-0.015377593577274133,0.09970875121256667,0.09780702299564387,0.5120037507099842,5.500648313653606,BALANCE,1,-5.61483055827375e-05
2.19,0.09769607287794235,-0.017984780068641282,0.0966407896367954,0.0973988413200469,-0.20409083779848042,9.964451385418506,BALANCE,1,-5.609988945918533e-05
2.192,0.09766043500632804,-0.017720355514619035,0.0966407896367954,0.09713352323090887,-0.1326590445690154,4.211203776814971,BALANCE,1,-5.605998280255814e-05
2.194,0.09762588264184541,-0.017020663101107027,0.09970875121256667,0.0980348530244891,0.45066489679011085,4.766739037302409,BALANCE,1,-5.602292234200599e-05
2.196,0.09758938670443006,-0.01900331463002644,0.09357282806102411,0.09647314428727635,-0.780854368606372,9.487410355790233,BALANCE,1,-5.597343526019028e-05
2.198,0.09755540973610805,-0.015854848027319728,0.09817477042468103,0.09706871343536799,0.29778457404582015,-0.4584462916143952,BALANCE,1,-5.594617709413912e-05
2.2,0.09752292143320224,-0.016452300588272878,0.09970875121256667,0.09799272665738754,0.4620066110097715,8.20639939848864,BALANCE,1,-5.5906873259964736e-05
2.202,0.09748699709669409,-0.018875409305737938,0.0966407896367954,0.09751954870018029,-0.2365889786036246,9.575616487521424,BALANCE,1,-5.585657262016878e-05
2.204,0.0974499030520504,-0.018342368010242104,0.09510680884890975,0.0966750897522356,-0.42222947397234367,3.9584610931818203,BALANCE,1,-5.581619444211287e-05
2.206,0.09741597205482476,-0.01619125197310796,0.09510680884890975,0.09612619143607155,-0.2744491580820227,2.422669593355386,BALANCE,1,-5.578526161676431e-05
2.208,0.09738576418032266,-0.014588055132461747,0.0966407896367954,0.0963063008063249,0.09005468512666981,3.5719782215081115,BALANCE,1,-5.575594341362927e-05
2.21,0.09735631493681257,-0.01478771492424033,0.09970875121256667,0.09749715844850952,0.5954288210923142,6.498815529392852,BALANCE,1,-5.572161486177182e-05
2.212,0.09732297777404258,-0.017709331325850414,0.09817477042468103,0.09773432264016955,0.11858209583001655,10.613260075649084,BALANCE,1,-5.567334734314431e-05
2.214,0.0972858624031142,-0.01908939711172177,0.09970875121256667,0.09842537264050855,0.34552500016949567,6.812716125050306,BALANCE,1,-5.5625482913124416e-05
2.216,0.09724521483467823,-0.021166519717676562,0.09817477042468103,0.09833766186496892,-0.04385538776981168,8.669722359786478,BALANCE,1,-5.557009530421203e-05
2.218,0.09720263648055374,-0.021376935263140082,0.0966407896367954,0.09774375658510819,-0.29695263993036874,5.549416609739642,BALANCE,1,-5.552048540149471e-05
2.22,0.09716198401998417,-0.019609878162391573,0.09510680884890975,0.09682082487743873,-0.4614658538347263,3.489004275663541,BALANCE,1,-5.548177637649142e-05
2.222,0.0971264080805701,-0.016702953415681846,0.0966407896367954,0.09675781254321357,-0.03150616711258131,2.1175226619685135,BALANCE,1,-5.545241594143037e-05
2.224,0.0970941268407901,-0.0158448924858201,0.0966407896367954,0.0967168545259672,-0.02047900862318236,5.553419415692163,BALANCE,1,-5.54185495722397e-05
2.226,0.09706266375861973,-0.015674562942453712,0.09970875121256667,0.09776401836627702,0.5235819201549058,5.639179202572574,BALANCE,1,-5.5383222456470584e-05
2.228,0.09702814756635006,-0.018172793589516102,0.0966407896367954,0.09737088831095846,-0.19656502765928036,10.054496463215866,BALANCE,1,-5.533483281025775e-05
2.23,0.09699213745083217,-0.01790416187708248,0.09817477042468103,0.09765224705076136,0.1406793699014544,4.269733077383265,BALANCE,1,-5.5294807358769665e-05
2.232,0.09695562418029759,-0.018474135084529934,0.09203884727313846,0.09568755712859335,-0.982344961084007,6.984569782257317,BALANCE,1,-5.525097826929e-05
2.234,0.0969242789854343,-0.014269742457880461,0.09970875121256667,0.097094975057984,0.7037089646953278,-2.117506260956455,BALANCE,1,-5.5229948447813914e-05
2.236,0.09689288257929571,-0.016425845861674972,0.09970875121256667,0.09800979671208794,0.45741082705196695,11.455370221041663,BALANCE,1,-5.518712771236649e-05
2.238,0.09685650639279281,-0.019268429293403375,0.09510680884890975,0.09699375095997557,-0.5080228760561828,9.539874419141013,BALANCE,1,-5.5134886018514597e-05
2.24,0.09682012638664547,-0.017530777249832735,0.0966407896367954,0.09687021449686252,-0.061768231556527664,1.7554420491490719,BALANCE,1,-5.5100299020283724e-05
2.242,0.09678605239742909,-0.01675778296029705,0.0966407896367954,0.09678991579583902,-0.04014935051174784,5.31806701735953,BALANCE,1,-5.506435726281223e-05
2.244,0.09675295645460555,-0.016434073491368783,0.0966407896367954,0.09673772164017376,-0.026097077832631932,5.486200143656359,BALANCE,1,-5.502786023422217e-05
2.246,0.09672023373425757,-0.016322905641936853,0.0966407896367954,0.09670379543899134,-0.016963100591210756,5.59548667574937,BALANCE,1,-5.499104267139709e-05
2.248,0.0966875963026687,-0.01631711877911802,0.09817477042468103,0.09721863668398273,0.25742062249569514,5.666522921609794,BALANCE,1,-5.495396629826916e-05
2.25,0.09665334490266403,-0.017588466163128598,0.0966407896367954,0.09701639021746716,-0.10112323325778272,7.8924831810045255,BALANCE,1,-5.4910450773272483e-05
2.2520000000000002,0.09661831825854461,-0.017469913900733255,0.09357282806102411,0.09581114346271209,-0.6026233773775355,5.011997546985768,BALANCE,1,-5.4871109889278866e-05
2.254,0.09658690060321697,-0.014820953096027534,0.09510680884890975,0.09556462634788127,-0.12325855741541353,0.9276815887424421,BALANCE,1,-5.484456106202408e-05
2.2560000000000002,0.09655857964391412,-0.013880809290480701,0.10124273200045232,0.09755196332628113,0.9936684891999337,4.747809121549567,BALANCE,1,-5.4815292550872094e-05
2.258,0.09652511195987204,-0.01832122622903037,0.09817477042468103,0.0977699458107211,0.10899124221998291,13.802465713176337,BALANCE,1,-5.4762063582789805e-05
2.2600000000000002,0.09648635808233431,-0.02006742749144335,0.09357282806102411,0.09630095459832716,-0.7344956061969693,6.738126686403129,BALANCE,1,-5.47109546199997e-05
2.262,0.09645021369374764,-0.01686247524349952,0.0966407896367954,0.09641989686179105,0.05947113173194324,-0.09790757367612457,BALANCE,1,-5.4682596709925614e-05
2.2640000000000002,0.09641723600259992,-0.016286559317159555,0.0966407896367954,0.09649720933304257,0.03865623562575998,6.260962865563009,BALANCE,1,-5.464725422386158e-05
2.266,0.09638451587088134,-0.016400253824770283,0.09817477042468103,0.09708435571511603,0.2935731910367334,6.099082444988634,BALANCE,1,-5.4609783478980835e-05
2.2680000000000002,0.09634985975928018,-0.017866640872764183,0.0966407896367954,0.09692910758770382,-0.07762406370610819,8.17364687120083,BALANCE,1,-5.45651693684418e-05
2.27,0.09631410276054496,-0.01788630583459525,0.09510680884890975,0.09629130302912589,-0.31890227928896286,5.194753945613363,BALANCE,1,-5.452460790444464e-05
2.2720000000000002,0.09628023218991626,-0.016401465713549005,0.0966407896367954,0.09641362334181022,0.06116015634216598,3.2262599474358504,BALANCE,1,-5.449170179097393e-05
2.274,0.09624748690133242,-0.016357778094061325,0.0966407896367954,0.09649313154505504,0.03975410162240789,6.274098651245941,BALANCE,1,-5.445480417837426e-05
2.2760000000000002,0.09621444252050607,-0.016612486100669135,0.09203884727313846,0.09493413204988424,-0.7794997475853993,6.1076207056825655,BALANCE,1,-5.4416532466273346e-05
2.278,0.09618549103482979,-0.013538514779503396,0.09357282806102411,0.0944576756537832,-0.23822819805052048,-0.5399500576901399,BALANCE,1,-5.439368265958626e-05
2.2800000000000002,0.09616039070821784,-0.012230427592550074,0.0966407896367954,0.09522176554783747,0.3820449470271353,3.7616349548228283,BALANCE,1,-5.436890468711506e-05
2.282,0.09613372691848873,-0.013752501971522824,0.0966407896367954,0.09571842397897275,0.24832921556763865,8.76966550908733,BALANCE,1,-5.4334553486444216e-05
2.2840000000000003,0.09610392990246365,-0.015436410574823327,0.09510680884890975,0.0955043586834507,-0.10703264776102533,7.729739163279474,BALANCE,1,-5.429564690861226e-05
2.286,0.09607291879517499,-0.015540586695707622,0.0966407896367954,0.09590210951712135,0.19887541683532434,4.874000338918838,BALANCE,1,-5.426027833826449e-05
2.2880000000000003,0.09604048673176392,-0.01657605358371544,0.0966407896367954,0.09616064755900726,0.129269020942957,7.345129905709875,BALANCE,1,-5.422011392018456e-05
2.29,0.09600616429183834,-0.017497081089984497,0.09510680884890975,0.09579180401047313,-0.18442177426706424,6.803791021084091,BALANCE,1,-5.417802844434238e-05
2.2920000000000003,0.09597195589530266,-0.01688103413546471,0.0966407896367954,0.09608894897968592,0.14857248460639627,4.272134046491875,BALANCE,1,-5.41416919070484e-05
2.294,0.09593751452446184,-0.01741668532614458,0.0966407896367954,0.09628209320967424,0.09657211499415619,6.953916815632326,BALANCE,1,-5.410088768715844e-05
2.2960000000000003,0.09590194677233747,-0.018003926208517783,0.09510680884890975,0.09587074368340666,-0.20567476313378824,6.549502512533704,BALANCE,1,-5.4058568597366595e-05
2.298,0.09586701897564666,-0.017149030340672937,0.09357282806102411,0.09506647321557277,-0.4021352339169462,4.106846515934093,BALANCE,1,-5.402240971467162e-05
2.3000000000000003,0.09583534052703499,-0.015169730934301148,0.09510680884890975,0.09508059068724072,0.007058735833974372,2.486906521598796,BALANCE,1,-5.399354303343286e-05
2.302,0.09580542706460077,-0.014857447622397815,0.09510680884890975,0.09508976704382488,0.004588178292082301,5.761305327906237,BALANCE,1,-5.396085254351052e-05
2.3040000000000003,0.09577554301814319,-0.014982300093404495,0.0966407896367954,0.09563262495136456,0.27142895376983805,5.742091448966152,BALANCE,1,-5.392680804833017e-05
2.306,0.09574375884323665,-0.016363442091851293,0.09510680884890975,0.09544858931550537,-0.0920178179295919,7.909389127240578,BALANCE,1,-5.388641512325199e-05
2.308,0.09571101620369715,-0.01637621009439072,0.0966407896367954,0.09586585942795688,0.2086350562257519,4.990772815493587,BALANCE,1,-5.384952908982624e-05
2.31,0.09567697407491077,-0.017387401680733487,0.09510680884890975,0.09560019172529038,-0.13283385133324582,7.421032015483428,BALANCE,1,-5.380759704531913e-05
2.312,0.09564264988066173,-0.01703382961991166,0.09817477042468103,0.09650129427007711,0.45055127239336523,4.673340692851456,BALANCE,1,-5.377030141744918e-05
2.314,0.09560605155521057,-0.019080225107136993,0.09510680884890975,0.09601322437266854,-0.24403494870428588,9.394487835351548,BALANCE,1,-5.3721282756654024e-05
2.316,0.09556878853624863,-0.01835029575612389,0.09510680884890975,0.09569597893935297,-0.15862271665778582,3.8085138727258254,BALANCE,1,-5.3682330485554374e-05
2.318,0.09553341742973825,-0.017292041338574805,0.09817477042468103,0.0965635559592178,0.4337885099324132,4.472777003098892,BALANCE,1,-5.364662792716253e-05
2.32,0.09549667281213733,-0.019042080777522452,0.09510680884890975,0.09605369447060998,-0.2549307443039106,9.264121437012374,BALANCE,1,-5.359859243532228e-05
2.322,0.09545964854040558,-0.01818214722729439,0.09817477042468103,0.09679607105453485,0.37118829196243486,3.7237757138053134,BALANCE,1,-5.3560455941218044e-05
2.324,0.09542148806023196,-0.01965909406472737,0.09510680884890975,0.09620482928256606,-0.2956208859843934,8.777270598971569,BALANCE,1,-5.351168514861379e-05
2.326,0.09538362472496473,-0.018467887338920255,0.0966407896367954,0.09635741540654633,0.07629306199013336,3.407322669078816,BALANCE,1,-5.347407060469612e-05
2.328,0.09534680456869443,-0.018374897705589456,0.09510680884890975,0.09591970311137353,-0.21885614758639788,6.391789420313847,BALANCE,1,-5.3433162916026164e-05
2.33,0.09531149236477271,-0.017231398195930937,0.0966407896367954,0.09617208339527118,0.12619014194882594,4.00433300599123,BALANCE,1,-5.339793805059326e-05
2.332,0.09527669627918757,-0.01749572945643078,0.09510680884890975,0.09579923730404469,-0.18642304561324735,6.779846139306878,BALANCE,1,-5.33579836378835e-05
2.334,0.09524272027108582,-0.016701945408882642,0.09510680884890975,0.09555688734474746,-0.1211749796486139,4.256569873336703,BALANCE,1,-5.332283615924216e-05
2.336,0.09521023291713278,-0.01600055165028499,0.09357282806102411,0.09486246659544428,-0.3472103746515881,4.7640134034959365,BALANCE,1,-5.328891930217938e-05
2.338,0.09518031595235374,-0.014471973892680142,0.09357282806102411,0.09441109310839722,-0.2256867435235302,2.914064998513952,BALANCE,1,-5.326041229830513e-05
2.34,0.09515285872990618,-0.013432663785813656,0.09510680884890975,0.09465459361757661,0.12175025458969341,3.859171638315592,BALANCE,1,-5.323279185382523e-05
2.342,0.09512525965786352,-0.013949225338801321,0.0966407896367954,0.09534976222430319,0.3475843033632908,6.653277653772143,BALANCE,1,-5.3200419397856707e-05
2.344,0.09509487542669338,-0.015794260520409886,0.09357282806102411,0.09472783526715552,-0.3109634785738377,8.50166016036452,BALANCE,1,-5.3160597763929006e-05
2.346,0.09506430952513463,-0.01503541812505474,0.0966407896367954,0.09539736929652948,0.3347670146869805,3.1959622874386295,BALANCE,1,-5.3128933030057495e-05
2.348,0.09503237021117414,-0.01645707552363455,0.09357282806102411,0.0947587798641026,-0.31929471621344047,8.401978275287613,BALANCE,1,-5.308847399693039e-05
2.35,0.09500074677839467,-0.015482356843557019,0.0966407896367954,0.09541748328454508,0.3293517102212415,3.1311690621386323,BALANCE,1,-5.30564760251964e-05
2.352,0.0949680630736213,-0.01680484541461083,0.09357282806102411,0.09477185395631274,-0.32281466411616944,8.359862678842637,BALANCE,1,-5.3015430850094005e-05
2.354,0.09493584065047735,-0.015747360375324176,0.0966407896367954,0.09542598144448167,0.32706374408446315,3.103793924449409,BALANCE,1,-5.2983139384986786e-05
2.356,0.0949026949137727,-0.017025980166133776,0.09357282806102411,0.09477737776027152,-0.32430184210507224,8.342068839344606,BALANCE,1,-5.294168844405427e-05
2.358,0.0948700808570968,-0.015923394121540087,0.09510680884890975,0.0948926786412949,0.057650440511688994,3.092227928775713,BALANCE,1,-5.290918824932384e-05
2.36,0.09483816839239281,-0.015973924171789965,0.09510680884890975,0.0949676242139601,0.03747278633259993,6.154764242571206,BALANCE,1,-5.287343555383948e-05
2.362,0.0948058778634548,-0.016236414737687596,0.09357282806102411,0.0944794455604325,-0.24408932676379946,5.997839743498405,BALANCE,1,-5.2836543549091736e-05
2.364,0.09477463373259587,-0.015314205353034469,0.0966407896367954,0.09523591598715951,0.378235213363505,3.7160521195155543,BALANCE,1,-5.2804834923056024e-05
2.366,0.09474197921743584,-0.016872346920278558,0.0966407896367954,0.09572762176453208,0.24585288868628208,8.74003666613761,BALANCE,1,-5.27631140076443e-05
2.368,0.09470624690207442,-0.018463876275935327,0.09357282806102411,0.09497344396830429,-0.3770888981138934,7.7104804153621815,BALANCE,1,-5.2717329950435284e-05
2.37,0.0946711217526402,-0.017033338648275297,0.0966407896367954,0.09555701495227617,0.29178549198594084,2.68169545318711,BALANCE,1,-5.2683651843187714e-05
2.372,0.09463586554388101,-0.01798058384059761,0.09510680884890975,0.09539944281609793,-0.07878606808912197,8.067704833024097,BALANCE,1,-5.264088807261992e-05
2.374,0.09460012739000724,-0.017802801796059767,0.09203884727313846,0.09422323437606211,-0.5881042200179056,5.093678024252899,BALANCE,1,-5.260181932221129e-05
2.376,0.094568083176435,-0.015097391616461214,0.0966407896367954,0.09506937871731877,0.42307217062832747,0.9485603024204821,BALANCE,1,-5.257568729917755e-05
2.378,0.094536214303031,-0.016369736029524982,0.09510680884890975,0.09508247926337561,0.006550273028420317,9.088740088065746,BALANCE,1,-5.253599729407509e-05
2.38,0.09450293749727799,-0.01678694398023706,0.09510680884890975,0.09509099461831255,0.0042576774684707774,5.7573509400299,BALANCE,1,-5.249755027291812e-05
2.382,0.0944691714093434,-0.016937599397783765,0.09357282806102411,0.0945596363232616,-0.2656791475254758,5.73952109684652,BALANCE,1,-5.245950650466069e-05
2.384,0.09443677361764899,-0.015808397017837678,0.09203884727313846,0.09367736015571851,-0.4411380837715459,3.5481449991918894,BALANCE,1,-5.242748112412226e-05
2.386,0.09440791940512452,-0.013823031536698812,0.09510680884890975,0.09417766719833544,0.25015352130846463,2.091536939170743,BALANCE,1,-5.2401731269400755e-05
2.388,0.0943792183527966,-0.014582225676509714,0.0966407896367954,0.09503976005179643,0.4310464267304956,7.651888202367843,BALANCE,1,-5.2367585691093235e-05
2.39,0.0943470915077294,-0.01684317283933181,0.09203884727313846,0.09398944057926614,-0.5251597362651433,9.15075701695175,BALANCE,1,-5.232437195686987e-05
2.392,0.09431566437905504,-0.015142845282224551,0.0966407896367954,0.09491741274940138,0.4639860850676192,1.4380885446348222,BALANCE,1,-5.229532608852343e-05
2.394,0.09428312887824337,-0.016870078721214696,0.09357282806102411,0.09444680810846934,-0.2353023204660215,9.406933445505036,BALANCE,1,-5.225336417309649e-05
2.396,0.09425016170511862,-0.01627441071235103,0.0966407896367954,0.09521470164338346,0.3839467674570593,3.7843899227799884,BALANCE,1,-5.221894036187369e-05
2.398,0.0942155292044339,-0.017920509144653422,0.09357282806102411,0.09464004588955768,-0.28732787691288647,8.784456238259482,BALANCE,1,-5.217457497264422e-05
2.4,0.09418089951355613,-0.016965311957152937,0.09510680884890975,0.09480341292533091,0.0816835178866146,3.379779738070369,BALANCE,1,-5.21397852620378e-05
2.402,0.09414683984328427,-0.017067082612575786,0.09357282806102411,0.09437270822282354,-0.21535235125368785,6.341672918612771,BALANCE,1,-5.210171654719377e-05
2.404,0.09411393609668552,-0.016119570273569958,0.09203884727313846,0.09355585689043376,-0.4084256661948879,3.939543683339909,BALANCE,1,-5.206866373706497e-05
2.406,0.09408426723581753,-0.014243432483530747,0.09203884727313846,0.0930249035243804,-0.2654766830266775,2.3459460838669224,BALANCE,1,-5.204192327829835e-05
2.408,0.09405761845097571,-0.01298139162560111,0.09203884727313846,0.09267978383644572,-0.17255984396734314,3.4576807472494044,BALANCE,1,-5.201612077944303e-05
2.41,0.09403262202864247,-0.012342956697386337,0.09357282806102411,0.09299234931504816,0.1562827393012181,4.180308278447998,BALANCE,1,-5.1990212617527475e-05
2.412,0.09400679750441315,-0.01311406117492703,0.09203884727313846,0.09265862360037977,-0.16686285733419348,6.829802873312634,BALANCE,1,-5.1959578256322005e-05
2.414,0.09398082079894829,-0.01294424792086029,0.09357282806102411,0.0929785951616053,0.1599857806127633,4.224614557349239,BALANCE,1,-5.19313494681266e-05
2.416,0.09395368161540116,-0.013816397825592148,0.09510680884890975,0.09372346995216185,0.3724373952782786,6.858601954598424,BALANCE,1,-5.189888321443467e-05
2.418,0.0939233467512514,-0.0158205142895789,0.0966407896367954,0.0947445318417836,0.5105309448108705,8.60290735935594,BALANCE,1,-5.185905134185026e-05
2.42,0.09388799469112998,-0.018778148903736445,0.09357282806102411,0.09433443551851778,-0.2050481616329078,9.768919468993978,BALANCE,1,-5.180911332947646e-05
2.422,0.09385082009747231,-0.01846836618340381,0.09203884727313846,0.09353097963263501,-0.40172794294138225,4.019680838047805,BALANCE,1,-5.176932531964963e-05
2.424,0.09381655541584237,-0.01637158487523392,0.09357282806102411,0.09354562658257119,0.007323474968089216,2.3980352344270432,BALANCE,1,-5.173932390893316e-05
2.426,0.09378448279009972,-0.01586178260408111,0.09203884727313846,0.09301825382426973,-0.26368637915073073,5.671325394698986,BALANCE,1,-5.170571340962017e-05
2.428,0.09375435483947075,-0.014686838645777054,0.09357282806102411,0.09321235480713376,0.09705049143201444,3.4716041962503383,BALANCE,1,-5.167633385567323e-05
2.43,0.09372462611712495,-0.014947527141520707,0.09357282806102411,0.09333852044599539,0.0630828194308139,6.369145219884141,BALANCE,1,-5.1642752159700285e-05
2.432,0.09369410732904446,-0.015411479269312406,0.09357282806102411,0.09342052811125544,0.041003832630025216,6.104973782206235,BALANCE,1,-5.160763229909271e-05
2.434,0.09366276998033003,-0.015799402389113107,0.09510680884890975,0.09401072636943444,0.29509912908950303,5.933262347715528,BALANCE,1,-5.1571833081480534e-05
2.436,0.09362925974273546,-0.017287220146085757,0.09510680884890975,0.0943943552372508,0.1918144339081787,8.00143661488209,BALANCE,1,-5.152969447048136e-05
2.438,0.09359311537330174,-0.018550464564632264,0.09203884727313846,0.09356992744981148,-0.4122138937196623,7.198176785500477,BALANCE,1,-5.148509286477568e-05
2.44,0.09355819403416687,-0.016825250957013392,0.09050486648525283,0.09249715611221596,-0.5363856687977605,2.3164844972313903,BALANCE,1,-5.1453190528081644e-05
2.442,0.09352824960729171,-0.014108182525419314,0.09203884727313846,0.09233674801853883,-0.0802040468385612,1.2587440163508736,BALANCE,1,-5.142922921639694e-05
2.444,0.09350115122812085,-0.013332511365023303,0.09203884727313846,0.0922324827576487,-0.05213263044506755,4.89857250640384,BALANCE,1,-5.140171168417317e-05
2.446,0.09347468379679646,-0.013197660604430119,0.09357282806102411,0.09270160361383009,0.23456042809069655,5.116887921898382,BALANCE,1,-5.137300724754517e-05
2.448,0.09344665443095762,-0.01435853458205947,0.09203884727313846,0.09246963889458802,-0.11598235962103493,7.4385796415553775,BALANCE,1,-5.1338801493486484e-05
2.45,0.09341797069732051,-0.014335205751167394,0.09357282806102411,0.09285575510284065,0.19305810412631463,4.620319456707001,BALANCE,1,-5.1307369962978074e-05
2.452,0.09338798891578619,-0.015301381541429621,0.09357282806102411,0.09310673063820486,0.1254877676821059,7.115810139180956,BALANCE,1,-5.127139740143009e-05
2.454,0.0933562279489826,-0.016180173644147797,0.0966407896367954,0.09434365128771155,0.6184603247533434,6.590305979749139,BALANCE,1,-5.123358618735157e-05
2.456,0.09331993734144074,-0.01934679612393471,0.09510680884890975,0.09461075643413092,0.13355257320968317,10.60830167528944,BALANCE,1,-5.118176876224019e-05
2.458,0.0932795499814119,-0.020769046068311214,0.09050486648525283,0.09317369495202359,-0.7185307410536648,6.74506597172532,BALANCE,1,-5.113138881896245e-05
2.46,0.09324223061231968,-0.0173356156108992,0.09357282806102411,0.09331339154017378,0.06984829407509496,-0.15782423130790324,BALANCE,1,-5.1104431643056514e-05
2.462,0.09320850285643843,-0.01660061748193856,0.09203884727313846,0.09286730104671141,-0.2230452467311822,6.157589845011186,BALANCE,1,-5.1070131336424155e-05
2.464,0.09317685280270746,-0.015428733384929672,0.09050486648525283,0.0920404489502009,-0.4134260482552554,3.7876760889532273,BALANCE,1,-5.103946313313575e-05
2.466,0.09314861440639209,-0.013569272451143219,0.09510680884890975,0.09311367491474899,0.5366129822740456,2.2150185509700107,BALANCE,1,-5.10142900697624e-05
2.468,0.09311879639809995,-0.015539006928360556,0.09203884727313846,0.09273748524018531,-0.18809483728184084,9.879724353077304,BALANCE,1,-5.097552994525598e-05
2.47,0.09308804352374674,-0.01529729449748619,0.09510680884890975,0.09356674850323886,0.41463163152677396,4.059490416156392,BALANCE,1,-5.094266809648395e-05
2.472,0.09305503443875135,-0.017163674716925856,0.09510680884890975,0.09410576962422366,0.2695105604924031,8.931057962408524,BALANCE,1,-5.0900091926551593e-05
2.474,0.09301855312033035,-0.01890329256982504,0.09203884727313846,0.09338234680134384,-0.3617114114399106,7.802430661392645,BALANCE,1,-5.0853501581086983e-05
2.476,0.09298251063456911,-0.01748762627241206,0.09050486648525283,0.09237522869071199,-0.503559055315926,2.7092495165613455,BALANCE,1,-5.081959423199919e-05
2.478,0.09295106346142601,-0.014832950089128204,0.09050486648525283,0.09172060191880128,-0.3273133859553537,1.514041278915311,BALANCE,1,-5.079437991253349e-05
2.48,0.09292396716992558,-0.01305206594331191,0.09357282806102411,0.09236888106857927,0.32413957488899164,2.8847290274852475,BALANCE,1,-5.0770074654453074e-05
2.482,0.09289631189334709,-0.014145680597436826,0.09357282806102411,0.09279026251593496,0.2106907236778463,8.135249463226689,BALANCE,1,-5.073669784424792e-05
2.484,0.0928662150532054,-0.015478784400245657,0.09203884727313846,0.09252726718095619,-0.13149766748938446,7.252941540378869,BALANCE,1,-5.069962477564294e-05
2.486,0.09283546549622962,-0.015324370941481065,0.09203884727313846,0.09235632021321999,-0.08547348386810094,4.499654690942295,BALANCE,1,-5.066656990215337e-05
2.488,0.09280524171679026,-0.015011134667239688,0.0966407896367954,0.09385588451147138,0.7497821491256953,4.857591341848392,BALANCE,1,-5.063460591374468e-05
2.49,0.0927708763422029,-0.018430521703194567,0.09203884727313846,0.09321992147805486,-0.3179815167082614,11.629610263693845,BALANCE,1,-5.058492509046313e-05
2.492,0.09273491267693813,-0.017711258608796257,0.09203884727313846,0.09280654550633412,-0.20668798586036957,3.0493431550172,BALANCE,1,-5.054848595766605e-05
2.494,0.09270109904272843,-0.016456225215926865,0.09050486648525283,0.09200095784895566,-0.40279382868922686,3.9148888434970908,BALANCE,1,-5.051620604024274e-05
2.496,0.09267093455961291,-0.014432495438659466,0.09050486648525283,0.09147732587165967,-0.2618159886479954,2.2977068414235253,BALANCE,1,-5.049000846085804e-05
2.498,0.0926440137407419,-0.01308958944339414,0.09357282806102411,0.09221075163793722,0.3667128831387756,3.3941116431156173,BALANCE,1,-5.046462856029865e-05
2.5,0.09261589942752803,-0.014467012341812304,0.09510680884890975,0.0932243716617776,0.5068100119201904,8.466348163386439,BALANCE,1,-5.0429966658357595e-05
2.5020000000000002,0.09258341919316974,-0.017188055545964566,0.09203884727313846,0.0928094381257539,-0.20746676801185193,9.64794239506818,BALANCE,1,-5.038542336593596e-05
2.504,0.09254942468209505,-0.016890038398325397,0.09203884727313846,0.0925397313273385,-0.1348533992076989,3.908832143450419,BALANCE,1,-5.034951599214147e-05
2.5060000000000002,0.09251659284404454,-0.016160659012748334,0.09203884727313846,0.0923644219083685,-0.08765470948500498,4.473556685978719,BALANCE,1,-5.031637469237379e-05
2.508,0.09248501063035885,-0.015602989015820886,0.09203884727313846,0.09225047078603799,-0.05697556116525393,4.8406276386220695,BALANCE,1,-5.0283922682375057e-05
2.5100000000000002,0.09245424345705734,-0.015276499553598723,0.09203884727313846,0.09217640255652315,-0.037034114757417136,5.079223757840247,BALANCE,1,-5.025155410423111e-05
2.512,0.09242389987719352,-0.01512211201327895,0.09203884727313846,0.09212825820733851,-0.02407217459231975,5.2343112353320524,BALANCE,1,-5.0219082050348586e-05
2.5140000000000002,0.09239371667368333,-0.015077690296717133,0.09510680884890975,0.09317075093188845,0.5212463622749699,5.335118095701752,BALANCE,1,-5.0186437467359305e-05
2.516,0.09236046254531564,-0.017481432653397876,0.09203884727313846,0.09277458465132596,-0.19808314028124663,9.760215954113066,BALANCE,1,-5.014197810782802e-05
2.5180000000000002,0.0923259585729324,-0.017120501823826642,0.09050486648525283,0.09198018329320036,-0.3972006790627994,3.9818099568295846,BALANCE,1,-5.010585550609933e-05
2.52,0.09229422779309286,-0.015222184935773068,0.09203884727313846,0.0920007156861787,0.010266196489167045,2.3412055650896266,BALANCE,1,-5.007797240621639e-05
2.5220000000000002,0.09226426305689346,-0.014870197441292003,0.09357282806102411,0.09255095501737459,0.27511966559794904,5.602172513084058,BALANCE,1,-5.0046597382039616e-05
2.524,0.09223292509525031,-0.01607431586983546,0.09203884727313846,0.09237171730689195,-0.08961885524132185,7.754014625826068,BALANCE,1,-5.000863966323477e-05
2.5260000000000002,0.09220086501223253,-0.016007547307113276,0.08897088569736719,0.09118142624355828,-0.5951455316668338,4.8253521964829424,BALANCE,1,-4.9974113758845795e-05
2.528,0.09217222254520853,-0.013594828306794714,0.08897088569736719,0.0904077370523914,-0.386844595583441,0.7097213212788267,BALANCE,1,-4.995069275805542e-05
2.5300000000000002,0.09214771761367233,-0.011846311609444375,0.09203884727313846,0.09097862562965287,0.2854442886307332,2.329707458475956,BALANCE,1,-4.992888978764388e-05
2.532,0.09212261553216901,-0.012784963217255977,0.09050486648525283,0.09081280992911285,-0.0829078502700073,7.742271846825037,BALANCE,1,-4.989923603937245e-05
2.5340000000000003,0.09209678808273464,-0.0129595960144703,0.09203884727313846,0.09124192299952182,0.2145565352044826,4.785505793586713,BALANCE,1,-4.9870790964561984e-05
2.536,0.09206925342390304,-0.014095801925387926,0.09203884727313846,0.09152084649528765,0.13946174788291577,7.19096766160717,BALANCE,1,-4.9837706534211376e-05
2.5380000000000003,0.09203967707540238,-0.015108728974254937,0.09510680884890975,0.09277593331905538,0.6275434118838685,6.606944772780585,BALANCE,1,-4.9802545503429674e-05
2.54,0.0920054132492856,-0.01829034031516729,0.09050486648525283,0.0919810599272245,-0.39743669591544434,10.58690329421427,BALANCE,1,-4.9754145523032425e-05
2.5420000000000003,0.091970301189127,-0.017125059540903282,0.09203884727313846,0.09200128549829438,0.01011278553494227,2.3393700283099146,BALANCE,1,-4.972057895242123e-05
2.544,0.09193652404721235,-0.01675661915135687,0.09357282806102411,0.09255132539524978,0.2750199484777005,5.600979414177202,BALANCE,1,-4.968539908588495e-05
2.5460000000000003,0.09190161306481937,-0.0178648335301428,0.09050486648525283,0.09183506477675085,-0.3581303092494645,7.753239111536591,BALANCE,1,-4.9643583502278815e-05
2.548,0.09186777441664955,-0.016389241447613147,0.09050486648525283,0.09136949537472655,-0.23278470101215087,2.6450614126093357,BALANCE,1,-4.961242431972585e-05
2.5500000000000003,0.09183687596973965,-0.014986427869475195,0.09050486648525283,0.09106687526341074,-0.15131005565790362,3.619892114386386,BALANCE,1,-4.9583756083914535e-05
2.552,0.0918081129854713,-0.014117752744317747,0.09357282806102411,0.09194395874257542,0.43854173958234044,4.253532070541416,BALANCE,1,-4.955540561098921e-05
2.5540000000000003,0.09177748292224852,-0.015902338734637634,0.09203884727313846,0.09197716972827248,0.016605492848528747,9.02497144121325,BALANCE,1,-4.951663919114205e-05
2.556,0.09174497013205314,-0.01644594041424527,0.09050486648525283,0.0914618635932156,-0.25765306752843775,5.651474126484579,BALANCE,1,-4.9479692025018424e-05
2.5580000000000003,0.09171341403393223,-0.015438277546507695,0.09050486648525283,0.09112691460542863,-0.1674744938934894,3.4264872753654343,BALANCE,1,-4.944909142360645e-05
2.56,0.091683762466318,-0.014543875958824308,0.09357282806102411,0.09198298431488705,0.42803485472921177,4.127818925177802,BALANCE,1,-4.941998849557388e-05
2.562,0.09165238726169996,-0.016269295718210973,0.09357282806102411,0.09253942962603502,0.27822265557398557,8.943257896726916,BALANCE,1,-4.9380507386645914e-05
2.564,0.0916176749373646,-0.017988264226551365,0.09050486648525283,0.09182733252676126,-0.3560485496368823,7.778147022153986,BALANCE,1,-4.9336833276039617e-05
2.566,0.09158338264244548,-0.016665942775500053,0.09050486648525283,0.0913644694122333,-0.23143155726397524,2.6612515545106166,BALANCE,1,-4.930479474328231e-05
2.568,0.09155190892366469,-0.015266207341320271,0.09357282806102411,0.09213739493931009,0.3864627635383894,3.6304157066221965,BALANCE,1,-4.927568316520235e-05
2.57,0.09151956256384862,-0.01665485462593814,0.09050486648525283,0.09156600998039005,-0.2856924794600174,8.61994580466572,BALANCE,1,-4.9236148494350165e-05
2.572,0.09148748927436551,-0.01571452197334215,0.09050486648525283,0.09119460975709202,-0.1857001116490134,3.2084207631432635,BALANCE,1,-4.920489471416257e-05
2.574,0.09145739794016726,-0.014730061330304777,0.08897088569736719,0.09041630633618833,-0.38915171045184743,3.9860756922334146,BALANCE,1,-4.917573408330752e-05
2.576,0.09143030246382339,-0.013090980511067003,0.09050486648525283,0.0904473023883609,0.015498026086288585,2.3117646965565206,BALANCE,1,-4.9151471158831816e-05
2.578,0.09140427563055677,-0.012986290682029855,0.09357282806102411,0.09154123637379302,0.5469669927160581,5.550822351991963,BALANCE,1,-4.9123792208350844e-05
2.58,0.09137493651037278,-0.015441334122024425,0.09357282806102411,0.0922522934643239,0.35552854526543776,9.868210124156047,BALANCE,1,-4.908482759518636e-05
2.582,0.09134114325276557,-0.017715693529595275,0.09357282806102411,0.09271448057316897,0.23109355442253732,8.379365969982935,BALANCE,1,-4.904049076178804e-05
2.584,0.09130372577034743,-0.019336232162986217,0.09203884727313846,0.0924780089181583,-0.11823582750533634,7.411617269770437,BALANCE,1,-4.899391637067892e-05
2.586,0.09126549406180709,-0.01897443890165542,0.09357282806102411,0.09286119561816134,0.19159335000151767,4.602793915046807,BALANCE,1,-4.8954367975821816e-05
2.588,0.0912268316653196,-0.019564531155096824,0.09050486648525283,0.09203648042164336,-0.4123575982589861,7.104418537101822,BALANCE,1,-4.891047060791024e-05
2.59,0.09119029987063135,-0.017468504675211532,0.09357282806102411,0.09257420209542662,0.26886083689162815,2.223328039226713,BALANCE,1,-4.887958022157044e-05
2.592,0.09115469174383171,-0.018005471690426888,0.08897088569736719,0.09131304135610582,-0.6305803696603981,7.705338820858623,BALANCE,1,-4.8839383738161646e-05
2.594,0.09112235507065033,-0.015201768350879608,0.09050486648525283,0.09103018015130727,-0.14143060239927424,0.4341395240831645,BALANCE,1,-4.881466930302138e-05
2.596,0.09109361210728384,-0.014010173225462429,0.09203884727313846,0.09138321364394819,0.17651674632045838,4.330365989884243,BALANCE,1,-4.8787597378321606e-05
2.598,0.09106477045096738,-0.01460280906627795,0.09203884727313846,0.09161268541416479,0.11473588510829691,6.8951267892005585,BALANCE,1,-4.875490779016256e-05
2.6,0.09103454534557001,-0.015357116913385142,0.09050486648525283,0.0912249487890456,-0.19386831255958914,6.414648205716262,BALANCE,1,-4.872014559866494e-05
2.602,0.09100459425585808,-0.014796947979929451,0.09203884727313846,0.09150981325847811,0.14243223471625127,3.9225504268660236,BALANCE,1,-4.86898995731789e-05
2.604,0.09097423925652645,-0.015361407619782275,0.09357282806102411,0.09223186843936922,0.36102759044555344,6.630046673238697,BALANCE,1,-4.865561454179077e-05
2.606,0.09094117557285965,-0.01717225449214238,0.09203884727313846,0.09216431103118845,-0.03377870409038142,8.42213282992658,BALANCE,1,-4.861397615788175e-05
2.608,0.09090651848722962,-0.017419760149337687,0.09357282806102411,0.09265729199163093,0.24649048022123976,5.259629029148256,BALANCE,1,-4.8576018595723076e-05
2.61,0.09087027812392912,-0.018548256112299173,0.08897088569736719,0.09136704978863862,-0.6451211014961572,7.531361361267774,BALANCE,1,-4.853296743389148e-05
2.612,0.09083681204565901,-0.01573140883995567,0.08743690490948154,0.08999149908093364,-0.6877753538524906,0.3210541753490599,BALANCE,1,-4.850752354463576e-05
2.614,0.09081014764825673,-0.012443680789399354,0.08897088569736719,0.08963428439668539,-0.17860734212412493,-0.10271288596390615,BALANCE,1,-4.8488934592558225e-05
2.616,0.0907870293598486,-0.011332665576701812,0.08897088569736719,0.08940209485192402,-0.11609477238068433,3.949198326808124,BALANCE,1,-4.846707552792063e-05
2.618,0.09076487116904,-0.011022472170238913,0.09203884727313846,0.09032495819934908,0.46143167371252847,4.435367512069966,BALANCE,1,-4.844416914154693e-05
2.62,0.09073981910930562,-0.013028189594209236,0.09203884727313846,0.09092481937517537,0.2999305879131456,9.110950881661172,BALANCE,1,-4.84122963566243e-05
2.622,0.09071107736732638,-0.014964089346857216,0.08743690490948154,0.08970404931218252,-0.6103850314964215,7.854933865815687,BALANCE,1,-4.837586140318501e-05
2.624,0.09068384313103638,-0.013091584173125096,0.09203884727313846,0.0905212285985171,0.40858964316729113,0.49916270675957897,BALANCE,1,-4.8352427185764946e-05
2.626,0.0906557346623738,-0.014461837936781009,0.09203884727313846,0.09105239513463458,0.2655832680587347,8.699990861249356,BALANCE,1,-4.8318439068648884e-05
2.628,0.09062469675313296,-0.01604791938277662,0.09050486648525283,0.09086076010735096,-0.09581751364180768,7.587809852547952,BALANCE,1,-4.828020473023047e-05
2.63,0.09059264507611121,-0.016014946017360136,0.09050486648525283,0.09073619733961662,-0.062281383867171525,4.685105497306596,BALANCE,1,-4.824617649128238e-05
2.632,0.09056100461430451,-0.015721091238614326,0.08897088569736719,0.09011833826482932,-0.30892953739364987,4.945920769439625,BALANCE,1,-4.8213480066616716e-05
2.634,0.09053140545262388,-0.014377020913899852,0.09050486648525283,0.09025362314197755,0.06764243857411423,2.93566399674056,BALANCE,1,-4.818628821096267e-05
2.636,0.09050256996272728,-0.014436298004017408,0.08897088569736719,0.08980466503636392,-0.22447905280681413,5.956356897111567,BALANCE,1,-4.815542185149051e-05
2.638,0.09047478067541295,-0.013673552271775465,0.09203884727313846,0.09058662881923502,0.39098189143554896,3.592447479727322,BALANCE,1,-4.812814718034268e-05
2.64,0.09044526485024536,-0.01525882330687791,0.09050486648525283,0.09055801200234125,-0.014308408446885024,8.563052860638493,BALANCE,1,-4.8091866427061686e-05
2.642,0.09041424782476819,-0.015633484185913902,0.09050486648525283,0.09053941107136029,-0.009300465490476306,5.319013452565395,BALANCE,1,-4.805765799985204e-05
2.644,0.090382893951632,-0.01569955445137422,0.09050486648525283,0.09052732046622268,-0.0060453025688064765,5.357960940357808,BALANCE,1,-4.802411669253554e-05
2.646,0.09035150097892071,-0.015695568060132517,0.09050486648525283,0.09051946157288324,-0.003929446669721781,5.383276807422909,BALANCE,1,-4.7990779549283936e-05
2.648,0.09032012706674837,-0.015683232252205085,0.09050486648525283,0.0905143532922126,-0.0025541403353215864,5.399732121015219,BALANCE,1,-4.7957502137941126e-05
2.65,0.0902887712351971,-0.015675862540967724,0.09203884727313846,0.09104792618553664,0.26678644666202483,5.4104280748501825,BALANCE,1,-4.792423882085294e-05
2.652,0.09025588183540763,-0.01686237731033056,0.08897088569736719,0.09032096201467733,-0.3634820854296547,7.597167144428397,BALANCE,1,-4.7885217081532735e-05
2.654,0.09022396668862395,-0.015489585605848292,0.09050486648525283,0.09038532857937875,0.032183282350710385,2.511401037443402,BALANCE,1,-4.7856096810539664e-05
2.656,0.09019324516548673,-0.015298271591323817,0.09203884727313846,0.09096406012219466,0.28936577140795117,5.680585973568409,BALANCE,1,-4.7824145039787263e-05
2.658,0.09016100807206745,-0.016552111984617666,0.08743690490948154,0.08972955579774507,-0.6172521622247947,7.772769778595289,BALANCE,1,-4.7785709862879094e-05
2.66,0.09013109430897376,-0.014213658235717585,0.08897088569736719,0.08946402126261281,-0.1327672675661279,0.445756050066346,BALANCE,1,-4.776168243669355e-05
2.662,0.090104039646591,-0.01326232731419956,0.08897088569736719,0.08929142381477684,-0.0862987239179866,4.305703135227746,BALANCE,1,-4.773580808551418e-05
2.664,0.09007803762565414,-0.012908620725563287,0.09050486648525283,0.08971612874944343,0.21235246733329605,4.667095637542717,BALANCE,1,-4.770925628222741e-05
2.666,0.09005083780865705,-0.013874074056958147,0.08897088569736719,0.08945529368121674,-0.13041753411334456,7.081787463632974,BALANCE,1,-4.767769883192052e-05
2.668,0.09002328562602455,-0.013737144553710511,0.08897088569736719,0.0892857508868694,-0.08477139717367327,4.323977347966248,BALANCE,1,-4.7648938549570414e-05
2.67,0.08999610951032513,-0.013530169408069212,0.08897088569736719,0.08917554807054362,-0.05510140816288728,4.678973875822777,BALANCE,1,-4.762078375285638e-05
2.672,0.08996918402794524,-0.013437373910320887,0.09203884727313846,0.09017770279145182,0.5010773604540997,4.9097216189295185,BALANCE,1,-4.759256764656574e-05
2.674,0.08993928326409854,-0.01566554651755307,0.09203884727313846,0.09082910336004214,0.325700284295162,9.419281051119906,BALANCE,1,-4.755403023731145e-05
2.676,0.08990534863151554,-0.017703772135482056,0.1096764171386091,0.09742566318254058,3.298279911249216,8.055348475963825,BALANCE,1,-4.75109017493711e-05
2.678,0.08984823622140621,-0.03748882860512753,0.09203884727313846,0.09554027761424984,-0.9426927841453686,32.23177908094616,BALANCE,1,-4.733407765176756e-05
2.68,0.08976879137538299,-0.04183265298255362,0.08897088569736719,0.09324099044334092,-1.1496435854544615,-1.8091256163079583,BALANCE,1,-4.721344645372078e-05
2.682,0.0896922342121268,-0.03495409639728893,0.09050486648525283,0.09228334705801008,-0.4788216926654154,-3.6026892570352373,BALANCE,1,-4.71890264292123e-05
2.684,0.08963202292172052,-0.02591756235974826,0.09050486648525283,0.09166087885754505,-0.31123410023251724,1.7064272821572821,BALANCE,1,-4.718423238365945e-05
2.686,0.08958804511602624,-0.019142222651441526,0.08897088569736719,0.0907193812514828,-0.4707488030311277,3.009779929592565,BALANCE,1,-4.717046756583506e-05
2.688,0.08955554630201243,-0.014720907364198605,0.09050486648525283,0.0906443010833023,-0.037540084090244286,1.677172450839946,BALANCE,1,-4.7152215435292705e-05
2.69,0.0895276860980418,-0.013605923561261998,0.08743690490948154,0.08952171242246504,-0.5612943304186337,5.138337392276185,BALANCE,1,-4.712625662505648e-05
2.692,0.0895036670021833,-0.011554208230393135,0.08897088569736719,0.08932892306868079,-0.09639467689212533,0.8809481019988326,BALANCE,1,-4.71064858921342e-05
2.694,0.08948134762887573,-0.011069302144898655,0.09050486648525283,0.089740503264481,0.205790097900109,4.588577968983845,BALANCE,1,-4.708417383976032e-05
2.696,0.08945767156740689,-0.012057245987390216,0.09203884727313846,0.09054492366751112,0.4022102015150547,7.030750979069733,BALANCE,1,-4.705683354550458e-05
2.698,0.08943050680455618,-0.01418953577207823,0.08897088569736719,0.08999401037796075,-0.27545664477518494,8.650377032171104,BALANCE,1,-4.702229923720568e-05
2.7,0.08940277310418646,-0.013735708082049932,0.09203884727313846,0.09070970329127295,0.35784645665610376,3.1959874644761648,BALANCE,1,-4.6994497091147214e-05
2.702,0.08937320049288665,-0.01527312409754013,0.09050486648525283,0.09063801040916591,-0.035846441053519196,8.305353850725208,BALANCE,1,-4.6958662795790176e-05
2.704,0.08934227829082177,-0.015554880617449812,0.08897088569736719,0.09005451676003637,-0.2917468245647731,5.151509096121801,BALANCE,1,-4.692525189921166e-05
2.706,0.08931269095915936,-0.014444704579390507,0.08743690490948154,0.08913835261234218,-0.45808207384709365,3.0692964090839974,BALANCE,1,-4.689773282636121e-05
2.708,0.08928657308815703,-0.012566410266539308,0.09203884727313846,0.09015352574362089,0.5075865656393521,1.6836445659637818,BALANCE,1,-4.687572499018492e-05
2.71,0.08925893065228734,-0.014336916324182474,0.08897088569736719,0.08973960172743209,-0.2069620080943982,9.46990406973207,BALANCE,1,-4.684163280423013e-05
2.712,0.08923066746130687,-0.01404516943538699,0.08743690490948154,0.0889336578411494,-0.40297194314134477,3.7286800388907397,BALANCE,1,-4.681286242586124e-05
2.714,0.08920471951865999,-0.012598186346549998,0.08743690490948154,0.08840979431506565,-0.2619317630418727,2.1122439253382055,BALANCE,1,-4.678975846687959e-05
2.716,0.08918111713093618,-0.011583373628365026,0.08897088569736719,0.08860617629887119,0.09819099190276626,3.2091335545689574,BALANCE,1,-4.6767626873735634e-05
2.718,0.08915730944886475,-0.01199617291254858,0.09050486648525283,0.08927071786410476,0.33227078261678644,6.101898513154401,BALANCE,1,-4.674163080217043e-05
2.72,0.08913089378136899,-0.013661967996717863,0.08743690490948154,0.08862888332998663,-0.32091726705906626,8.014409332780577,BALANCE,1,-4.6709387723534915e-05
2.722,0.08910457723079404,-0.012975101449294561,0.08897088569736719,0.08874858415856983,0.059850414291601206,2.7503948633266675,BALANCE,1,-4.668376730381605e-05
2.724,0.08907823454406896,-0.013244165386144056,0.08897088569736719,0.0888263896971489,0.03890276928953523,5.803718363847,BALANCE,1,-4.66554235514342e-05
2.726,0.08905116929182975,-0.013645828319602123,0.08743690490948154,0.08834007002146532,-0.24315983784178874,5.640805536145216,BALANCE,1,-4.6625931881300616e-05
2.728,0.08902487782035617,-0.012964261258650434,0.08897088569736719,0.08856085550803097,0.110392743282825,3.355125498553609,BALANCE,1,-4.660034529157811e-05
2.73,0.08899828436800539,-0.013422418201323212,0.08897088569736719,0.08870436607429864,0.07175528313383556,6.196793276744458,BALANCE,1,-4.6571226756771006e-05
2.732,0.08897064749265475,-0.013980444093265883,0.08897088569736719,0.08879764794237263,0.04664093403699415,5.896304229528603,BALANCE,1,-4.654068353198624e-05
2.734,0.08894207197192033,-0.014421755165510286,0.08743690490948154,0.08832138788086075,-0.23813003075594252,5.7009863488383115,BALANCE,1,-4.650946187912054e-05
2.736,0.08891430440635444,-0.01366453506242346,0.08897088569736719,0.088548712116638,0.1136621178886299,3.394243026804104,BALANCE,1,-4.6482699884727355e-05
2.738,0.0888864049630293,-0.014068628407326592,0.08743690490948154,0.08815957959413324,-0.19456626125238102,6.22221967010732,BALANCE,1,-4.645234519533306e-05
2.74,0.0888590703257216,-0.013508896723774134,0.08743690490948154,0.08790664345450515,-0.126468069814048,3.7330446856289465,BALANCE,1,-4.642543156733933e-05
2.742,0.08883273619623888,-0.013042568340931624,0.0859029241215959,0.08720534168798691,-0.3506508832591196,4.262654048757925,BALANCE,1,-4.6399245795741956e-05
2.744,0.0888084828592737,-0.011856185962300246,0.09050486648525283,0.08836017536702997,0.5774168395215329,2.4271134352062576,BALANCE,1,-4.637707080275308e-05
2.746,0.08878162805231912,-0.014038957123715869,0.09050486648525283,0.08911081725840797,0.37532094568899776,9.920945238194061,BALANCE,1,-4.6343007332124925e-05
2.748,0.08875057727654648,-0.016270371532628183,0.09050486648525283,0.08959873448780367,0.24395861469785063,8.349216601016462,BALANCE,1,-4.6303389123972025e-05
2.75,0.08871599302840294,-0.017883745903048365,0.09050486648525283,0.08991588068691088,0.1585730995536036,7.327592986851025,BALANCE,1,-4.626143321112885e-05
2.7520000000000002,0.0886789984330754,-0.018880726615663347,0.08897088569736719,0.08958513244057059,-0.1653741231701436,6.663537637643481,BALANCE,1,-4.6218946344042426e-05
2.754,0.08864223563018452,-0.01807285478068564,0.09203884727313846,0.09044393263196934,0.42940009569937543,4.052114961073087,BALANCE,1,-4.6183811186716765e-05
2.7560000000000002,0.08860412797210065,-0.019685161538133846,0.08743690490948154,0.08939147292909862,-0.5262298514353627,8.861836723513164,BALANCE,1,-4.613761295135533e-05
2.758,0.0885677486982568,-0.0172757241233849,0.09050486648525283,0.0897811606737526,0.19484387232698852,1.1536495642630156,BALANCE,1,-4.610922421299439e-05
2.7600000000000002,0.0885331387505469,-0.017322558700745054,0.08897088569736719,0.0894975644320177,-0.14179812086744653,6.945620619041064,BALANCE,1,-4.607302054410133e-05
2.762,0.0884995068482787,-0.016534244440535893,0.08743690490948154,0.08877633359913005,-0.3606154164438255,4.235468898981489,BALANCE,1,-4.6040868283769326e-05
2.7640000000000002,0.08846889492404116,-0.01471061000118577,0.09050486648525283,0.08938132010927302,0.30249325507148567,2.441656684397199,BALANCE,1,-4.6015101174279735e-05
2.766,0.08843830513782054,-0.015580608804671995,0.09050486648525283,0.08977456134086595,0.19662061579646395,7.782825247128267,BALANCE,1,-4.598047926904541e-05
2.7680000000000002,0.08840573597559141,-0.016661989191026273,0.08897088569736719,0.08949327486564139,-0.14064323761227987,6.959438606823668,BALANCE,1,-4.594290296101662e-05
2.77,0.08837298392121093,-0.01622277574452508,0.08897088569736719,0.08931043865674541,-0.09141810444798781,4.244450591040245,BALANCE,1,-4.591040879850267e-05
2.7720000000000002,0.088341294220108,-0.01565148594657418,0.08743690490948154,0.08865470184520306,-0.3278684057711756,4.6272814838208225,BALANCE,1,-4.587943227736159e-05
2.774,0.0883120604161585,-0.014152931005266892,0.08743690490948154,0.08822847291770053,-0.2131144637512669,2.696334864542779,BALANCE,1,-4.585383912576822e-05
2.7760000000000002,0.08828530333913842,-0.013086694146315045,0.0859029241215959,0.0874145308390639,-0.4069710393183115,3.5887926650518964,BALANCE,1,-4.582916056843654e-05
2.778,0.08826146833521117,-0.01158994230767755,0.0859029241215959,0.0868854684879501,-0.26453117555690076,1.9891035357973421,BALANCE,1,-4.58083641877199e-05
2.7800000000000002,0.08823985117070685,-0.010650534318999453,0.08743690490948154,0.08707847123548611,0.0965013737680015,3.0968787048218003,BALANCE,1,-4.578816411512979e-05
2.782,0.08821783621228026,-0.01108797647978879,0.08897088569736719,0.08774081629714449,0.33117253082919074,5.996719264273178,BALANCE,1,-4.576431404403283e-05
2.7840000000000003,0.08819315109469739,-0.01274526218020983,0.08743690490948154,0.08763444731146246,-0.053184492841015785,7.913829224462195,BALANCE,1,-4.5734502179224e-05
2.786,0.08816708871917174,-0.013134628236595086,0.08897088569736719,0.08810220074652911,0.23387671753332534,4.832590895959621,BALANCE,1,-4.5706408158258574e-05
2.7880000000000003,0.08813913685245525,-0.014328198534183646,0.0859029241215959,0.08733245392780249,-0.384873409363308,7.157145785058349,BALANCE,1,-4.567394257854592e-05
2.79,0.08811213782601698,-0.01318116420665334,0.08897088569736719,0.08790590504715014,0.28672555967382274,2.160959960761686,BALANCE,1,-4.564933540277881e-05
2.7920000000000003,0.08808435197204512,-0.014187384066115971,0.09050486648525283,0.08881554155048609,0.45481825166797385,7.56815878021959,BALANCE,1,-4.5617618692538824e-05
2.794,0.08805295682967133,-0.016466934190655383,0.08743690490948154,0.0883330187261345,-0.24126141217579306,8.967478506372956,BALANCE,1,-4.55776583604126e-05
2.7960000000000003,0.08802080005985034,-0.015875282623024237,0.0859029241215959,0.087482485614546,-0.42526655579425143,3.369889826161726,BALANCE,1,-4.554641617828943e-05
2.798,0.08799174594585756,-0.01392984175816793,0.08897088569736719,0.08800342564353342,0.26047001449371054,1.8468166905187484,BALANCE,1,-4.5522539641552244e-05
2.8000000000000003,0.08796296246135572,-0.014595677517626061,0.08897088569736719,0.08834203666237524,0.16930550942090977,7.36396565456169,BALANCE,1,-4.549074195420495e-05
2.802,0.08793252718204586,-0.015519362717034704,0.09050486648525283,0.0890990271003824,0.3784952190035787,6.654966275109793,BALANCE,1,-4.54563051530326e-05
2.8040000000000003,0.08789904565924161,-0.017420083351122273,0.08897088569736719,0.08905417760932707,-0.022424745527660495,8.373903378051573,BALANCE,1,-4.541501999159038e-05
2.806,0.08786392419488122,-0.01764419729862088,0.08743690490948154,0.08848813216438113,-0.28302272247297117,5.163852692338341,BALANCE,1,-4.537789392515726e-05
2.8080000000000003,0.0878304738329347,-0.016217659460993943,0.08743690490948154,0.08812020262516627,-0.18396476960742814,3.0451061500790986,BALANCE,1,-4.534849869241645e-05
2.81,0.08779969735470855,-0.014982356821365405,0.08897088569736719,0.0884179417004366,0.14886953763516148,3.8154940006505518,BALANCE,1,-4.5320835189627255e-05
2.8120000000000003,0.08776928472085252,-0.015315070674268804,0.08283496254582462,0.08646389899632241,-0.9770213520570933,6.496032803107488,BALANCE,1,-4.5288371913058026e-05
2.814,0.0877440198226298,-0.011761000521780628,0.08436894333371027,0.08573066451440817,-0.36661724095712195,-2.628336876677402,BALANCE,1,-4.527256952025323e-05
2.816,0.08772346574774773,-0.010039635720017998,0.08743690490948154,0.08632784865268385,0.2985920691378416,2.210901943207514,BALANCE,1,-4.525537132479963e-05
2.818,0.08770192093438337,-0.010926710597820091,0.08897088569736719,0.08725291161832302,0.46253148281958506,7.568407472263763,BALANCE,1,-4.523116979621391e-05
2.82,0.08767666344313504,-0.01320990520893333,0.08743690490948154,0.0873173092702285,0.03219882595274087,8.935426559656062,BALANCE,1,-4.519925218635068e-05
2.822,0.08764909186080479,-0.014020338414649943,0.08743690490948154,0.08735916774396707,0.020929236869283996,5.496629163835637,BALANCE,1,-4.516848168949239e-05
2.824,0.08762054719137606,-0.01438206511476867,0.08743690490948154,0.08738637575189713,0.013604003965030087,5.408983959592296,BALANCE,1,-4.513797574410243e-05
2.826,0.0875915148997831,-0.014576586076997234,0.08897088569736719,0.08794095423281165,0.2772892404572583,5.352014576834069,BALANCE,1,-4.510747221773725e-05
2.828,0.0875606810652904,-0.015833039235650957,0.08436894333371027,0.08669075041812617,-0.6251019073427385,7.494771177626765,BALANCE,1,-4.507164927384429e-05
2.83,0.08753223478010969,-0.013538423156202076,0.08897088569736719,0.08748879776586052,0.3990236738671757,0.20062976634566176,BALANCE,1,-4.504955898629003e-05
2.832,0.08750356944825712,-0.014681000668123929,0.08897088569736719,0.08800752854188786,0.2593653880136673,8.441517256889037,BALANCE,1,-4.501662466577281e-05
2.834,0.08747232253863478,-0.01609971621651091,0.0859029241215959,0.08727091699478567,-0.36830577355109057,7.355374816622611,BALANCE,1,-4.497982622291493e-05
2.836,0.08744187877274043,-0.014799797923763264,0.08897088569736719,0.08786590604068921,0.29749452295176754,2.289808831278416,BALANCE,1,-4.495280740039754e-05
2.838,0.08741102029297547,-0.015741251151838546,0.08897088569736719,0.0882526489205265,0.19337143991864786,7.651910546055493,BALANCE,1,-4.4918021800639506e-05
2.84,0.08737819592147751,-0.01677572626831831,0.08743690490948154,0.08796713851666077,-0.14275520193286761,6.842130454580774,BALANCE,1,-4.4880706699136124e-05
2.842,0.08734531221560121,-0.01626184694863575,0.08897088569736719,0.08831845002990801,0.17565575662362165,4.1359866955367055,BALANCE,1,-4.4848742269552926e-05
2.844,0.0873120922235169,-0.01680188221509625,0.0859029241215959,0.08747301596199877,-0.4227170339546199,6.704353054783454,BALANCE,1,-4.48127298016521e-05
2.846,0.08728092761694511,-0.014974156726670951,0.08743690490948154,0.08746037709361774,-0.006319434190514561,1.8666446860829673,BALANCE,1,-4.4786938988207034e-05
2.848,0.08725163272625429,-0.01450029536537393,0.08897088569736719,0.08798905510493005,0.2643390056561515,5.197067152092949,BALANCE,1,-4.475837236151735e-05
2.85,0.08722123538527496,-0.015536814556233725,0.08743690490948154,0.08779580253652307,-0.09662628420348957,7.394055351545015,BALANCE,1,-4.472387450870117e-05
2.852,0.0871904183832286,-0.015345954779273308,0.08897088569736719,0.08820708164281851,0.2056395531477226,4.494737878563468,BALANCE,1,-4.4692906981292674e-05
2.854,0.08715864953591441,-0.016163201617503255,0.0859029241215959,0.0874006265103906,-0.4032275662139567,6.937541323750892,BALANCE,1,-4.465759972791551e-05
2.856,0.08712846897645993,-0.014581971310056395,0.08743690490948154,0.08741332395007242,0.006348719840912342,2.018217060911782,BALANCE,1,-4.4631863673382114e-05
2.858,0.08709975320035575,-0.014260665301601343,0.08897088569736719,0.08795847056162559,0.2725733057765828,5.295589195731644,BALANCE,1,-4.4603441180576324e-05
2.86,0.0870697097576097,-0.015383381333500524,0.08743690490948154,0.08777592258337517,-0.09127398912520818,7.4580946799101975,BALANCE,1,-4.456913065173751e-05
2.862,0.08703912112881726,-0.015251595432951867,0.0859029241215959,0.08712037312175243,-0.32777473081137265,4.5363634420008445,BALANCE,1,-4.453825350493886e-05
2.864,0.08701053065341212,-0.013883366746413573,0.0859029241215959,0.08669426597169765,-0.21305357502739153,2.6050245408141643,BALANCE,1,-4.451325285412618e-05
2.866,0.08698428068735098,-0.012851103211684986,0.08283496254582462,0.08534350977264209,-0.6753780995277792,3.4972273580827267,BALANCE,1,-4.4489346966182816e-05
2.868,0.08696238816147679,-0.010548915211739927,0.0859029241215959,0.08553930479477592,0.09789751106691752,-0.2824142098637079,BALANCE,1,-4.447270681538923e-05
2.87,0.08694121417974504,-0.010594802205740952,0.08897088569736719,0.08674035811068287,0.6005266579534735,5.915538376221896,BALANCE,1,-4.4450957009957815e-05
2.872,0.08691616947711166,-0.01317004604940383,0.08897088569736719,0.08752104276602238,0.3903423276697543,10.00863475026876,BALANCE,1,-4.4418832386509086e-05
2.874,0.08688659029003701,-0.0155420533389124,0.08436894333371027,0.08641780796471314,-0.5516174006546178,8.374001187319376,BALANCE,1,-4.43813462934075e-05
2.876,0.08685793220561037,-0.013804877657653897,0.0859029241215959,0.0862375986196221,-0.09010467254551985,0.772129272645846,BALANCE,1,-4.435751360766826e-05
2.878,0.08683130121109153,-0.013132748759559967,0.08436894333371027,0.08558356926955296,-0.3270146750345704,4.453418536813167,BALANCE,1,-4.433225328376357e-05
2.88,0.08680687027201281,-0.011939056056869173,0.08897088569736719,0.08676913001928795,0.5927803748674922,2.5188967558966144,BALANCE,1,-4.431050770587917e-05
2.882,0.08677982091977396,-0.014150934121938727,0.0859029241215959,0.08646595795509573,-0.15158603209610572,9.948390800097215,BALANCE,1,-4.427674971592708e-05
2.884,0.08675157090845624,-0.014114618098345626,0.09050486648525283,0.08787957594065071,0.7068089927774884,3.9752692205368985,BALANCE,1,-4.424804067464039e-05
2.886,0.08671927161024917,-0.017229785335646324,0.08436894333371027,0.08665085452822156,-0.6143607062145742,10.927246498658949,BALANCE,1,-4.4204687571698753e-05
2.888,0.08668759085456668,-0.015130257699663143,0.08436894333371027,0.08585218561014261,-0.3993344590394743,0.28416562197670014,BALANCE,1,-4.4179639404106605e-05
2.89,0.08666032954925822,-0.013044853990571906,0.08436894333371027,0.08533305081339129,-0.25956739837566106,1.9564554642927625,BALANCE,1,-4.415812616102228e-05
2.892,0.08663620357968949,-0.011777490070703835,0.08743690490948154,0.08606939974702288,0.36817446681579324,3.0434438617981887,BALANCE,1,-4.4136903510527787e-05
2.894,0.08661074191502278,-0.013059120581084991,0.08743690490948154,0.08654802655388341,0.2393134034302663,8.109559719347718,BALANCE,1,-4.4107576562221865e-05
2.896,0.08658264963315508,-0.014463670553235152,0.08436894333371027,0.08578534742682281,-0.3813395635303002,7.107388820675135,BALANCE,1,-4.407485118323242e-05
2.898,0.08655536300112389,-0.013321018183296243,0.08897088569736719,0.08690028582151335,0.55746919734527,2.096404337366967,BALANCE,1,-4.405046483853737e-05
2.9,0.0865258408540808,-0.015427490363299396,0.0859029241215959,0.08655120922654225,-0.17453829748555194,9.673770728052961,BALANCE,1,-4.401396698922654e-05
2.902,0.08649537018243249,-0.015143056510280433,0.08743690490948154,0.086861202715571,0.15499674451437823,3.796766173708119,BALANCE,1,-4.3983901761415284e-05
2.904,0.08646434960201886,-0.015693898806967418,0.0859029241215959,0.08652580520767972,-0.16769875394564288,6.451646119049286,BALANCE,1,-4.395054901835518e-05
2.906,0.08643384141661174,-0.015041853669603795,0.08436894333371027,0.08577090355179041,-0.37745082794465173,3.8499582808956405,BALANCE,1,-4.392167786097161e-05
2.908,0.08640613527306733,-0.013372055767908396,0.0859029241215959,0.08581711075122234,0.023103599715960932,2.126647589550211,BALANCE,1,-4.389858732434922e-05
2.91,0.0863796873770519,-0.013169718524960124,0.08283496254582462,0.08477335887933314,-0.5218759359445976,5.333855442801028,BALANCE,1,-4.387229564411598e-05
2.912,0.08635610897573673,-0.011415675107273392,0.08743690490948154,0.08570559998988508,0.46612055527597146,0.9113940452032079,BALANCE,1,-4.385295261332533e-05
2.914,0.0863310151774863,-0.012924131786215707,0.0859029241215959,0.08577466343598387,0.0345317230493955,8.871300441600876,BALANCE,1,-4.382356171892708e-05
2.916,0.08630425093144659,-0.013557631828394473,0.08743690490948154,0.08635644795170806,0.2908922578620937,5.422733590554197,BALANCE,1,-4.379461003205212e-05
2.918,0.08627516401722804,-0.014987449357466117,0.0859029241215959,0.0861977146111688,-0.07936667026962885,7.5085249399992335,BALANCE,1,-4.3760746606133337e-05
2.92,0.08624520818576788,-0.014974052168103581,0.08897088569736719,0.08716832449133824,0.4853049400847173,4.536929514513098,BALANCE,1,-4.3730408335393144e-05
2.922,0.08621253738354383,-0.017068620123138,0.0859029241215959,0.08672543436192842,-0.22144506470490877,9.112538990158033,BALANCE,1,-4.369012674183874e-05
2.924,0.08617924386629647,-0.01641535133285564,0.0859029241215959,0.08643755577781204,-0.14393929205819278,3.4319655440764354,BALANCE,1,-4.365871892330713e-05
2.926,0.08614766333607249,-0.015471899896340175,0.08897088569736719,0.08732422124965634,0.4433327359221542,4.03473901020318,BALANCE,1,-4.362993486954379e-05
2.928,0.08611459380137718,-0.017116424445077143,0.08743690490948154,0.08736366053059516,0.01971964046940805,8.786115162356614,BALANCE,1,-4.3590729420147344e-05
2.93,0.08607994623202425,-0.017444558508052644,0.0859029241215959,0.08685240278744542,-0.25562887157486863,5.399576755590974,BALANCE,1,-4.3554446525618804e-05
2.932,0.0860467269096169,-0.016152812154573943,0.08743690490948154,0.08705697853015806,0.10228787135631995,3.1661131946477767,BALANCE,1,-4.3525461569810795e-05
2.934,0.0860144384003604,-0.016140382342825686,0.08436894333371027,0.08611616621140133,-0.4704061593783643,6.041721682660043,BALANCE,1,-4.349284445495307e-05
2.936,0.08598498962248856,-0.01408196327522493,0.08436894333371027,0.08550463820420946,-0.3057640035959361,1.4037206976571657,BALANCE,1,-4.3469703343645254e-05
2.938,0.08595915107098316,-0.012515745747600927,0.0859029241215959,0.08564403827529472,0.06970003554263027,2.684166263485079,BALANCE,1,-4.344802879637493e-05
2.94,0.0859340314954123,-0.012574837227673497,0.0859029241215959,0.08573464832150014,0.045305023102709674,5.696242580858725,BALANCE,1,-4.342248686200549e-05
2.942,0.08590834281423398,-0.01293868453409416,0.08743690490948154,0.08633043812729363,0.2978949028967434,5.506519084111686,BALANCE,1,-4.339554544892692e-05
2.944,0.08588046407717762,-0.014356666444346612,0.0859029241215959,0.08618080822529943,-0.07481495099709995,7.562985510811565,BALANCE,1,-4.336326208424422e-05
2.946,0.08585165822310212,-0.014423882024521531,0.08743690490948154,0.08662044206476317,0.21981691973187167,4.572328885541166,BALANCE,1,-4.3333974107371046e-05
2.948,0.08582151343883755,-0.015382204585170874,0.08436894333371027,0.08583241750889466,-0.3940122779342581,6.955761881740764,BALANCE,1,-4.3300504339774576e-05
2.95,0.08579273335815606,-0.013957509688543175,0.0859029241215959,0.0858570948233401,0.012338657222721316,1.9978468270596146,BALANCE,1,-4.327592730610911e-05
2.952,0.08576515150169363,-0.013724184339428612,0.08283496254582462,0.08479934852620968,-0.5288731485652078,5.250134947182176,BALANCE,1,-4.3248798517539766e-05
2.954,0.08574059426387368,-0.011839111110794418,0.08436894333371027,0.08464870670883488,-0.07532090868739988,0.8569757230509181,BALANCE,1,-4.3229178905550594e-05
2.956,0.08571770251946685,-0.011347756967329297,0.08436894333371027,0.08455078952754128,-0.04895859064680402,4.476355133030895,BALANCE,1,-4.320732001374148e-05
2.958,0.08569505439748985,-0.011318818123113462,0.0859029241215959,0.08502403663546039,0.2366235539595571,4.681378646478045,BALANCE,1,-4.31845674519339e-05
2.96,0.08567071941066684,-0.012428502128693033,0.08743690490948154,0.08586854053136779,0.42225194795370014,6.99443062980408,BALANCE,1,-4.315724089044142e-05
2.962,0.08564286854313116,-0.014550570662217072,0.0859029241215959,0.08588057478794763,0.006017128289917406,8.530128015511668,BALANCE,1,-4.3123084927419284e-05
2.964,0.08561304278926944,-0.015083030851083156,0.08743690490948154,0.08642529033048449,0.2723577712684319,5.200971513596197,BALANCE,1,-4.309137386448468e-05
2.966,0.08558121107843078,-0.016348235069498892,0.0859029241215959,0.08624246215737348,-0.09141408655550382,7.364379589976524,BALANCE,1,-4.305509600480956e-05
2.968,0.08554881765513778,-0.016117023739193964,0.0859029241215959,0.08612362384485132,-0.05941915626107852,4.443235036998379,BALANCE,1,-4.302330751366173e-05
2.97,0.08551718000402087,-0.015666724267812716,0.08436894333371027,0.08550948566595196,-0.30706908944968386,4.6920641806024515,BALANCE,1,-4.2993017201186886e-05
2.972,0.0854878642342925,-0.014203155865067244,0.0859029241215959,0.08564718912542733,0.06885172973768866,2.6740164243596465,BALANCE,1,-4.2968208878047426e-05
2.974,0.08545952930784988,-0.0141528516047921,0.08283496254582462,0.08466290982256638,-0.4921396514304746,5.68964518542715,BALANCE,1,-4.293988523299664e-05
2.976,0.08543392558019468,-0.01234389762576617,0.08743690490948154,0.0856338081029867,0.4854491402101549,1.142657377910186,BALANCE,1,-4.291927499468177e-05
2.978,0.08540695334658284,-0.013932912006692107,0.08897088569736719,0.08680178526101986,0.5839885790165852,9.02162160786044,BALANCE,1,-4.2887731729006744e-05
2.98,0.08537518163741321,-0.016898872981184605,0.08283496254582462,0.08541339731070152,-0.6941939751591714,9.880015747793873,BALANCE,1,-4.284607862824127e-05
2.982,0.08534464996348655,-0.014478660939093157,0.08743690490948154,0.08612162497027454,0.3541138297865065,-0.42874796263128,BALANCE,1,-4.2823536205006645e-05
2.984,0.08531452336232169,-0.015342315487309063,0.0859029241215959,0.08604507967323702,-0.038272648518758445,8.000208136508524,BALANCE,1,-4.279056354545785e-05
2.986,0.08528385350612223,-0.015331946179788747,0.0859029241215959,0.08599532523016262,-0.024877221537197847,4.856523592244153,BALANCE,1,-4.275983791338614e-05
2.988,0.08525341814828051,-0.01516314439332726,0.08897088569736719,0.08703677139368422,0.5207230817608002,4.960701741512175,BALANCE,1,-4.272987352481626e-05
2.99,0.08522023349739401,-0.01737820865298892,0.08436894333371027,0.08610303157269333,-0.46686991049544463,9.387990937707455,BALANCE,1,-4.2688927428572445e-05
2.992,0.08518773228681849,-0.015652097935264023,0.0859029241215959,0.08603299396480923,-0.03501880394204959,1.4312226103980428,BALANCE,1,-4.26624489416931e-05
2.994,0.0851573361301654,-0.014980273526411125,0.0859029241215959,0.08598746951968457,-0.022762222562332235,4.881829206352157,BALANCE,1,-4.263420419211695e-05
2.996,0.08512776707685017,-0.014695111191806083,0.08743690490948154,0.08649477190611352,0.25365119321447277,4.977150390682416,BALANCE,1,-4.260550562591089e-05
2.998,0.08509703893897062,-0.01569351117673083,0.08436894333371027,0.08575073190577238,-0.37202000017056563,7.218895860082593,BALANCE,1,-4.2571518668540066e-05
3.0,0.08506754387070563,-0.01431644287532618,0.0859029241215959,0.08580399918131061,0.026633637769113427,2.168883912981818,BALANCE,1,-4.2546420450554834e-05
3.0020000000000002,0.0850391890885938,-0.014118670132144207,0.0859029241215959,0.08583862291041046,0.017311864549923728,5.361309053031544,BALANCE,1,-4.2518664352512485e-05
3.004,0.085010852804945,-0.014189854904004515,0.08743690490948154,0.08639802161008533,0.2796993498374381,5.288812291024017,BALANCE,1,-4.249012136675734e-05
3.0060000000000002,0.08498081413430902,-0.015413467276418676,0.08283496254582462,0.08515095093759409,-0.6235353362456231,7.421476095304625,BALANCE,1,-4.245623793535943e-05
3.008,0.08495317838319685,-0.013176979135745552,0.0859029241215959,0.08541414155199473,0.13159530720031898,0.12077436629066085,BALANCE,1,-4.243544953576078e-05
3.0100000000000002,0.08492670915162238,-0.013256615287879242,0.0859029241215959,0.08558521545135514,0.08553694968020664,6.177610950722236,BALANCE,1,-4.240878987985487e-05
3.012,0.08489952132260822,-0.013727470167300266,0.08743690490948154,0.08623330676169938,0.3240456551721199,5.819408524522961,BALANCE,1,-4.2380290386399447e-05
3.0140000000000002,0.08486997730686667,-0.015255224977499591,0.0859029241215959,0.08611767283766317,-0.057816962018106266,7.766363647078922,BALANCE,1,-4.234608054238161e-05
3.016,0.0848393585025384,-0.015336453972194412,0.0859029241215959,0.08604251078703963,-0.03758102531176838,4.70452467411494,BALANCE,1,-4.231526677009541e-05
3.0180000000000002,0.08480894868939208,-0.015142120010665264,0.08283496254582462,0.08491986890261438,-0.5613209422126244,4.86190244472823,BALANCE,1,-4.228556924328904e-05
3.02,0.0847819350540225,-0.012880847538007037,0.08436894333371027,0.08472704495349795,-0.09641197455821648,0.6046245964558672,BALANCE,1,-4.226539541986296e-05
3.0220000000000002,0.08475730358367398,-0.012141085572984007,0.08436894333371027,0.08460170938657226,-0.06266778346284557,4.312326900744145,BALANCE,1,-4.2242819336382296e-05
3.024,0.08473333157124727,-0.011941659983585158,0.08436894333371027,0.08452024126807056,-0.04073405925084789,4.57476029549157,BALANCE,1,-4.221944523705273e-05
3.0260000000000002,0.08470941530271416,-0.011963446891344934,0.08283496254582462,0.08393039371528448,-0.2949237763930426,4.74534200207745,BALANCE,1,-4.21955655559773e-05
3.028,0.08468677249905333,-0.011167318819413408,0.0859029241215959,0.08462077935749347,0.345192821104498,2.6764334117727278,BALANCE,1,-4.2174980442635546e-05
3.0300000000000002,0.08466244555810516,-0.012470289093536554,0.0859029241215959,0.08506953002492933,0.22437533371792717,7.838789330285592,BALANCE,1,-4.214747533213628e-05
3.032,0.08463555909282355,-0.013820814141361253,0.08436894333371027,0.08482432468300266,-0.12260267096333294,6.899174471239177,BALANCE,1,-4.211692788405744e-05
3.0340000000000003,0.08460807470837531,-0.013711211455224158,0.08436894333371027,0.08466494121075033,-0.07969173612616676,4.108638113273496,BALANCE,1,-4.208990335915029e-05
3.036,0.08458104534062227,-0.01343908049259842,0.08436894333371027,0.08456134195378631,-0.0517996284820077,4.442362583635686,BALANCE,1,-4.2063806432503295e-05
3.0380000000000003,0.08455442871488332,-0.01325981558468191,0.0859029241215959,0.08503089571251966,0.23477687936667574,4.659283489371117,BALANCE,1,-4.203785084379512e-05
3.04,0.0845265235892963,-0.014241495401472747,0.08436894333371027,0.08479921237993637,-0.11584166629164533,6.980068777684586,BALANCE,1,-4.200723270787363e-05
3.0420000000000003,0.08449834151893232,-0.0140281892928168,0.08436894333371027,0.08464861821375724,-0.07529708308956495,4.161219412463019,BALANCE,1,-4.197987149400179e-05
3.044,0.08447073293010848,-0.013714242644499832,0.08283496254582462,0.08401383872998082,-0.31738974188821184,4.476540428108915,BALANCE,1,-4.195337499894147e-05
3.0460000000000003,0.0844450909633597,-0.012515984789512732,0.0859029241215959,0.0846750186170461,0.3305899435326401,2.501712388693154,BALANCE,1,-4.193126366032777e-05
3.048,0.0844184392002835,-0.013634098449847596,0.0859029241215959,0.08510478554363853,0.21488346329621294,7.725220665283887,BALANCE,1,-4.1901686314243464e-05
3.0500000000000003,0.08438950237919646,-0.014840563087804489,0.08436894333371027,0.08484724077016363,-0.12877238673744684,6.825354838988016,BALANCE,1,-4.186930432042536e-05
3.052,0.08436020338443763,-0.014563618378401205,0.0859029241215959,0.08521672994316493,0.18474458650064723,4.060655352310243,BALANCE,1,-4.1841105917770995e-05
3.0540000000000003,0.08433015063756753,-0.015246357396804106,0.08283496254582462,0.08438311135409582,-0.4168092945345536,6.590960488595073,BALANCE,1,-4.180913064375294e-05
3.056,0.0843018812537325,-0.013666434551808267,0.08283496254582462,0.0838412592712009,-0.27092604144746124,1.7285123249693202,BALANCE,1,-4.1785977119942616e-05
3.0580000000000003,0.08427651353266279,-0.012357350650350069,0.08743690490948154,0.08509973524459913,0.629237986699116,2.8630672246923634,BALANCE,1,-4.176446957920624e-05
3.06,0.08424855015303417,-0.014665777510766287,0.0859029241215959,0.085380851351548,0.14055805347443912,10.139888008268876,BALANCE,1,-4.173011047381192e-05
3.0620000000000003,0.0842177068260495,-0.015796103034558397,0.08283496254582462,0.08448979026954483,-0.4455305410015903,6.247315508888393,BALANCE,1,-4.169588988970326e-05
3.064,0.08418843160004041,-0.014116994263248637,0.0859029241215959,0.08498438711776271,0.24729842410894237,1.5051430881599677,BALANCE,1,-4.167226302012509e-05
3.0660000000000003,0.0841593609994415,-0.014723284898401575,0.08436894333371027,0.08476898179334436,-0.10770266220917757,7.077450619937302,BALANCE,1,-4.1641625978615775e-05
3.068,0.08413035825058317,-0.014403338775679873,0.08283496254582462,0.08409207505671244,-0.33845336831595657,4.224517609927241,BALANCE,1,-4.161392512141367e-05
3.0700000000000003,0.0841035528751118,-0.013024580069717016,0.08743690490948154,0.08526276550518162,0.5853452242345902,2.337897556875094,BALANCE,1,-4.159144682278144e-05
3.072,0.0840745704963844,-0.01514908345581429,0.08283496254582462,0.08441303446940668,-0.42486551788747245,9.798527724187618,BALANCE,1,-4.1556406529993174e-05
3.074,0.08404606745155543,-0.013867109748907615,0.08436894333371027,0.08439760257191294,-0.0077159487468711485,1.6658579250646208,BALANCE,1,-4.1532202103635444e-05
3.076,0.08401875847169551,-0.013570878400931166,0.08283496254582462,0.08385067856278203,-0.2734620045654543,5.002128564339808,BALANCE,1,-4.150608602195663e-05
3.078,0.083993138629438,-0.012550386391019344,0.08283496254582462,0.08349517795684694,-0.17775030296754424,2.8433446772432878,BALANCE,1,-4.1483623251352074e-05
3.08,0.08396916381133551,-0.011825924290933508,0.0859029241215959,0.08433788911450908,0.4213555788310716,3.5877082536704625,BALANCE,1,-4.146183267426206e-05
3.082,0.08394315552037512,-0.01343098828890133,0.08283496254582462,0.08381186481546953,-0.26301214951977847,8.431117977519119,BALANCE,1,-4.143183388117877e-05
3.084,0.08391711100608135,-0.012877086004596257,0.08436894333371027,0.08400684229685379,0.09748874069213237,2.9246146927699437,BALANCE,1,-4.140768579439986e-05
3.086,0.08389084159642003,-0.013229594307745932,0.08130098175793898,0.08305979110823361,-0.47352559431008967,5.820320463348287,BALANCE,1,-4.1380787834549355e-05
3.088,0.08386674871770129,-0.011704505795914807,0.08436894333371027,0.08351799438715043,0.22910163945841222,1.1953827120132994,BALANCE,1,-4.136108208459438e-05
3.09,0.08384235705650898,-0.012347165604158215,0.08436894333371027,0.08381582651844638,0.1489160656479721,6.843892778896324,BALANCE,1,-4.133538365918813e-05
3.092,0.08381637861714401,-0.013220014050662263,0.08130098175793898,0.0829356308522688,-0.4400978330887928,6.22027811629056,BALANCE,1,-4.130739672701028e-05
3.094,0.08379195376305869,-0.01190928462039161,0.08283496254582462,0.08290039694501333,-0.017616953627730414,1.455355186425785,BALANCE,1,-4.128684211795554e-05
3.096,0.08376844817522332,-0.011710539881229474,0.08283496254582462,0.08287749490529728,-0.011451019858027545,4.833088187678957,BALANCE,1,-4.126418732233598e-05
3.098,0.08374485928118561,-0.011818300009781225,0.08283496254582462,0.08286260857948184,-0.007443162907717904,4.881041535453616,BALANCE,1,-4.1240685799804794e-05
3.1,0.08372093538793915,-0.012004077605041491,0.08436894333371027,0.08338982574346179,0.26360858198997555,4.9122112115071666,BALANCE,1,-4.121665940619802e-05
3.102,0.0836951474353784,-0.013209304210002944,0.08283496254582462,0.08319562362428878,-0.09710105958650461,7.112258200527512,BALANCE,1,-4.118803596942063e-05
3.104,0.08366875559933769,-0.013191567455303683,0.0859029241215959,0.08414317879834628,0.47377758702874667,4.21492894076529,BALANCE,1,-4.116211754904252e-05
3.106,0.08363963193707744,-0.015181375867166684,0.08436894333371027,0.08422219638572367,0.039508793688698696,8.83881142413075,BALANCE,1,-4.112744862032351e-05
3.108,0.08360852753809792,-0.01573836269652716,0.08130098175793898,0.08319977126599903,-0.5112125598623202,5.3694021326530095,BALANCE,1,-4.1095027418560754e-05
3.11,0.0835799552792809,-0.013662792398026456,0.08130098175793898,0.08253519493817801,-0.3322881639105102,0.9022857970613805,BALANCE,1,-4.107345225537908e-05
3.112,0.08355514533711246,-0.01201117567139301,0.08130098175793898,0.08210322032509436,-0.21598730654182746,2.293806385006599,BALANCE,1,-4.105359673985478e-05
3.114,0.0835326761037551,-0.01105345550562548,0.08436894333371027,0.08289622337810992,0.3965015265077823,3.1982947671710416,BALANCE,1,-4.103388062875192e-05
3.116,0.08350841225672068,-0.012462317958056118,0.0859029241215959,0.08394856863833002,0.5261726301100458,8.145785614748855,BALANCE,1,-4.100651812805887e-05
3.118,0.08347988320871953,-0.01505247661212726,0.08283496254582462,0.08355880650595313,-0.19488106618844453,9.246295159180168,BALANCE,1,-4.097090780610571e-05
3.12,0.08345017242306853,-0.014764620866614241,0.08130098175793898,0.08276856784414818,-0.3951193309024714,3.454479860849631,BALANCE,1,-4.094266486946969e-05
3.122,0.08342304758171565,-0.013096965512218011,0.07976700097005335,0.081718019438215,-0.5252742029665941,1.80515942342912,BALANCE,1,-4.092100943353633e-05
3.124,0.08340022572340658,-0.01100141832582821,0.08436894333371027,0.08264584280163834,0.46391168171167063,0.7008875425601468,BALANCE,1,-4.090401272209146e-05
3.126,0.08337618573773438,-0.01232418703090983,0.08283496254582462,0.08271203471210353,0.03309595523259823,8.670044021791664,BALANCE,1,-4.087715017322706e-05
3.128,0.08335068758258936,-0.012895187948887022,0.08283496254582462,0.08275505945390592,0.021512370901193012,5.227489724586998,BALANCE,1,-4.085062038890019e-05
3.13,0.08332445357161572,-0.013198515995557436,0.08283496254582462,0.08278302553607747,0.013983041085775805,5.137402534443899,BALANCE,1,-4.082406903472164e-05
3.132,0.08329778827797758,-0.013383907772747693,0.08436894333371027,0.08333809676524895,0.27753561458573883,5.078845860850855,BALANCE,1,-4.079742192504521e-05
3.134,0.08326934687893232,-0.014582579135864254,0.08436894333371027,0.08369889306421041,0.18039814948073163,7.220570722600847,BALANCE,1,-4.0765994051723985e-05
3.136,0.08323884698456659,-0.015574794807588742,0.08283496254582462,0.08339651738277538,-0.1511878407175135,6.465118779698478,BALANCE,1,-4.0732944878169795e-05
3.138,0.0832084227097257,-0.015037964437084524,0.08436894333371027,0.08373686646560259,0.17017454141360355,3.7942883172264152,BALANCE,1,-4.070492529458723e-05
3.14,0.08317769759289595,-0.015522517561546626,0.08283496254582462,0.0834212000936803,-0.15783318596114537,6.385608319244984,BALANCE,1,-4.067328985028362e-05
3.142,0.08314757181259899,-0.014845604753156836,0.08436894333371027,0.0837529102276908,0.16585506700524805,3.742606517931655,BALANCE,1,-4.064602368118745e-05
3.144,0.08311727863898596,-0.015291652081022742,0.08283496254582462,0.08343162853903763,-0.16064084432658443,6.352015149703432,BALANCE,1,-4.0614977977461534e-05
3.146,0.08308760981274561,-0.01462376125630716,0.08130098175793898,0.08268590216565311,-0.37286318669225993,3.7207709577295818,BALANCE,1,-4.058811811984073e-05
3.148,0.08306074910955542,-0.012977910693892794,0.0859029241215959,0.08381185985023308,0.5629788422899864,1.9782486364011067,BALANCE,1,-4.0566725597149663e-05
3.15,0.08303212578764071,-0.014896611350469841,0.08436894333371027,0.0840068390694501,0.09748960960850872,9.532542329333875,BALANCE,1,-4.053307010399406e-05
3.152,0.083001256081139,-0.015701815880205507,0.08283496254582462,0.08359668228618118,-0.2050783916344584,5.820327221035075,BALANCE,1,-4.050030857670586e-05
3.154,0.08297094626649136,-0.014893724513241502,0.08436894333371027,0.08386697365281637,0.1351456833175932,3.375173804095204,BALANCE,1,-4.047336974343729e-05
3.156,0.08294077211456427,-0.015179858112490343,0.07976700097005335,0.08243198321384931,-0.7174952194835271,6.113183885709727,BALANCE,1,-4.044301889485439e-05
3.158,0.0829144707884331,-0.012420754372243078,0.08283496254582462,0.08257302598004067,0.07052138309567718,-0.7940427630372584,BALANCE,1,-4.042549531058185e-05
3.16,0.08289006323173254,-0.012138379859732274,0.08436894333371027,0.08320159705382503,0.31428553689218097,5.518552623567858,BALANCE,1,-4.040244234929835e-05
3.162,0.08286391978854883,-0.013412856479091125,0.08436894333371027,0.08361016825178487,0.2042855989799197,7.506380118366949,BALANCE,1,-4.037349172257668e-05
3.164,0.08283544894158339,-0.014591801938414892,0.08283496254582462,0.08333884625469878,-0.13566099854304264,6.65089488694645,BALANCE,1,-4.0342233973785605e-05
3.166,0.08280670621256013,-0.014275566452580588,0.08283496254582462,0.08316248695659283,-0.08817964905297876,3.9150427869375863,BALANCE,1,-4.0315216456887966e-05
3.168,0.08277878695107725,-0.013829532527087665,0.08436894333371027,0.08358474668858393,0.21112986599555045,4.28431202497174,BALANCE,1,-4.028937356497928e-05
3.17,0.08275007646388373,-0.014586296788982864,0.08283496254582462,0.08332232223861817,-0.13121222498287816,6.70412372927944,BALANCE,1,-4.025913900970872e-05
3.172,0.08272145526901195,-0.014191603141944955,0.08283496254582462,0.08315174634614043,-0.08528794623886837,3.949641534454065,BALANCE,1,-4.023250631564148e-05
3.174,0.08269370234281032,-0.013748218229080409,0.07976700097005335,0.08196708546450995,-0.5923304408152404,4.306801210857479,BALANCE,1,-4.020683732659068e-05
3.176,0.08266959981647881,-0.011562830603529226,0.08436894333371027,0.08280773571873007,0.42032512711005776,0.17938160134867331,BALANCE,1,-4.018930458184709e-05
3.178,0.08264472415845758,-0.01272248027491558,0.08283496254582462,0.08281726510821316,0.004764694741546394,8.331065160004266,BALANCE,1,-4.016212312670457e-05
3.18,0.08261869220101134,-0.013121873333742623,0.08283496254582462,0.08282345921137717,0.003097051582003074,5.007153464425161,BALANCE,1,-4.013572857595286e-05
3.182,0.08259218720565861,-0.013301789955124491,0.08436894333371027,0.08336437865419376,0.2704597214082949,4.994183965338655,BALANCE,1,-4.010947649371608e-05
3.184,0.08256393230239986,-0.014480202724337938,0.08283496254582462,0.08317908301626456,-0.09264781896459878,7.1655404905179845,BALANCE,1,-4.007854873309706e-05
3.186,0.08253516291873661,-0.014343430837936261,0.08130098175793898,0.08252174757585061,-0.32866772020697516,4.249562429259083,BALANCE,1,-4.005104366432657e-05
3.188,0.08250840223470568,-0.01301767054992478,0.07976700097005335,0.08155758626382156,-0.48208065601452327,2.3219630928952353,BALANCE,1,-4.002894584347557e-05
3.19,0.08248537229526023,-0.011138015535831422,0.08436894333371027,0.08254156123828262,0.49198748723052604,1.0368099277131075,BALANCE,1,-4.001144873226634e-05
3.192,0.08246081826706372,-0.012637108378524973,0.07976700097005335,0.08157046514440237,-0.48554804694012077,8.888393572141165,BALANCE,1,-3.998383517853954e-05
3.194,0.08243753852556454,-0.011379246910698287,0.08283496254582462,0.08201303923490016,0.22128704524889548,1.0098435331431759,BALANCE,1,-3.996448796486269e-05
3.196,0.08241374956773845,-0.012042806685924739,0.08283496254582462,0.08230071239372372,0.14383657941177685,6.691078716085174,BALANCE,1,-3.993977351214317e-05
3.198,0.08238840063783455,-0.01288897240965981,0.08130098175793898,0.08195080667119906,-0.17495286126233134,6.088735378917638,BALANCE,1,-3.9912961937352215e-05
3.2,0.08236317834032796,-0.012519844149193047,0.08283496254582462,0.082260261227318,0.15472727805947162,3.5174255101732923,BALANCE,1,-3.988953126561875e-05
3.202,0.08233725505700148,-0.013119507957289648,0.08283496254582462,0.08246140668879531,0.10057273073865725,6.173433898114853,BALANCE,1,-3.9862788936809245e-05
3.204,0.08231016531225922,-0.013712026676311016,0.08283496254582462,0.08259215123875557,0.06537227498012999,5.752266247236976,BALANCE,1,-3.983486970359801e-05
3.206,0.08228216444343801,-0.014121521024755872,0.08130098175793898,0.08214024192046977,-0.22595465914290042,5.4785072741663745,BALANCE,1,-3.9806557586549454e-05
3.208,0.08225508367805451,-0.0133154452484895,0.08283496254582462,0.08238339413934397,0.12157610943709651,3.120777242084983,BALANCE,1,-3.978271942305203e-05
3.21,0.08222799966624793,-0.013631124450811709,0.08283496254582462,0.0825414430816122,0.07902447113411482,5.91561252385741,BALANCE,1,-3.97556202984255e-05
3.212,0.08220016798859342,-0.0140339929584916,0.08283496254582462,0.08264417489408654,0.05136590623717324,5.58468235396965,BALANCE,1,-3.9727525618299e-05
3.214,0.08217170431757502,-0.014317638482241449,0.08283496254582462,0.08271095057219487,0.03338783905416226,5.369577743542578,BALANCE,1,-3.969916041796599e-05
3.216,0.08214284746407147,-0.01447793294703456,0.07976700097005335,0.08168056821144533,-0.5151911803747689,5.229759746764991,BALANCE,1,-3.967079039215905e-05
3.218,0.0821167913932342,-0.012515806259898912,0.08283496254582462,0.08208460622847807,0.20201900851637283,0.7793046496885685,BALANCE,1,-3.965127646906691e-05
3.22,0.08209120509757391,-0.012889325127555092,0.0782330201821677,0.08073655111226945,-0.6740275581043134,6.541228441839667,BALANCE,1,-3.962556217442118e-05
3.222,0.08206888574768843,-0.010771123825041994,0.07976700097005335,0.08039720856249381,-0.16967127488781708,-0.5480273980983403,BALANCE,1,-3.960936626930201e-05
3.224,0.08204878703023091,-0.00994412616860065,0.08130098175793898,0.08071352918089962,0.1581603092029038,3.4664623146470923,BALANCE,1,-3.959180011417778e-05
3.226,0.08202792125517665,-0.010523003912843953,0.08130098175793898,0.0809191375828634,0.10280420098188886,6.108094224477208,BALANCE,1,-3.9570407690348985e-05
3.228,0.08200566091215461,-0.011273057538695492,0.08283496254582462,0.08158967631989983,0.3352693685182151,5.677581862826914,BALANCE,1,-3.954719557009149e-05
3.23,0.08198068290876032,-0.012890488764723061,0.08130098175793898,0.08148863322321354,-0.05052154834314648,7.577535527339711,BALANCE,1,-3.951894437629026e-05
3.232,0.08195454189573781,-0.01313621745578738,0.08436894333371027,0.0824967417618874,0.5040542693369315,4.48514560664764,BALANCE,1,-3.949306636693749e-05
3.234,0.08192531460468923,-0.015286042658994772,0.08283496254582462,0.08261511903626542,0.05918863718901157,8.982238660408697,BALANCE,1,-3.9458387710356124e-05
3.236,0.0818939030665831,-0.015919564233098805,0.08130098175793898,0.08215517098885117,-0.22997402370712738,5.430416239688018,BALANCE,1,-3.9426024569719806e-05
3.238,0.08186343247345063,-0.014905704540291088,0.08130098175793898,0.0818562047580319,-0.1494831154096321,3.0895180696740505,BALANCE,1,-3.940002111137203e-05
3.24,0.08183495856719336,-0.013950873094342961,0.08283496254582462,0.08219876998375936,0.1712826128637268,3.715507362204857,BALANCE,1,-3.9375555311932304e-05
3.242,0.0818064627724024,-0.0143767557295272,0.08130098175793898,0.08188454410472222,-0.15711293951856803,6.302187101935376,BALANCE,1,-3.934685211175565e-05
3.244,0.0817785313880467,-0.013796202715818962,0.08283496254582462,0.08221719055910806,0.1663232271929202,3.656169130134789,BALANCE,1,-3.932173266917631e-05
3.246,0.08175022350006463,-0.014307188391424544,0.08130098175793898,0.08189651747869889,-0.16033654020458643,6.263617251089846,BALANCE,1,-3.92929840410653e-05
3.248,0.08172240986922583,-0.013743108923447945,0.08283496254582462,0.0822249732521929,0.16422788674700511,3.6310987270852415,BALANCE,1,-3.9267939300415106e-05
3.25,0.08169420660918698,-0.014254146881815045,0.07976700097005335,0.08136468295344405,-0.4301451493744224,6.247321489107614,BALANCE,1,-3.923931544979206e-05
3.2520000000000002,0.08166799149041105,-0.012695815623154218,0.07976700097005335,0.0808054942592573,-0.27959434709337594,1.4407197822112643,BALANCE,1,-3.92186160018637e-05
3.254,0.08164457501217616,-0.011445366383033721,0.08130098175793898,0.0809789148837959,0.08671031226929748,2.6115748788084305,BALANCE,1,-3.9199351717409424e-05
3.2560000000000002,0.08162141759686856,-0.011614327075839414,0.08283496254582462,0.08162853156550595,0.3248083408550276,5.552417391182134,BALANCE,1,-3.9176706935831575e-05
3.258,0.08159607821199333,-0.013029491765626719,0.07976700097005335,0.08097699585709754,-0.325767854204205,7.4961786207705785,BALANCE,1,-3.9148670440491825e-05
3.2600000000000002,0.08157126252158413,-0.01221198693023072,0.08436894333371027,0.082164177473912,0.593590808407228,2.252476917792212,BALANCE,1,-3.9127064877340655e-05
3.262,0.08154368181378775,-0.014437834490523025,0.08130098175793898,0.08186205897332144,-0.15105925029527956,9.678577115692544,BALANCE,1,-3.909428683565233e-05
3.2640000000000002,0.08151503097845905,-0.014277119803029476,0.08283496254582462,0.08220257522369755,0.1702581251880539,3.70324953603705,BALANCE,1,-3.906731151813197e-05
3.266,0.08148565437297825,-0.014876482465558989,0.08283496254582462,0.08242391078644203,0.11066778137223954,6.294219514926285,BALANCE,1,-3.90372942983326e-05
3.2680000000000002,0.0814552231731814,-0.015380183991772989,0.08283496254582462,0.08256777890222593,0.07193405789195084,5.830776898164438,BALANCE,1,-3.9006515287867794e-05
3.27,0.08142408902242372,-0.0156612955589385,0.07976700097005335,0.08158750662596552,-0.49013613813020385,5.5295391972691625,BALANCE,1,-3.897576893764466e-05
3.2720000000000002,0.08139567675767492,-0.013588195414405677,0.0859029241215959,0.08309790274943615,0.7551980617353168,0.9741612925163006,BALANCE,1,-3.895503786786468e-05
3.274,0.08136497897805021,-0.01621690025318004,0.08283496254582462,0.08300587367817211,-0.04601453563202185,11.027458658848705,BALANCE,1,-3.8917304357144746e-05
3.2760000000000002,0.08133223486066886,-0.016456265982289425,0.07976700097005335,0.08187226823033054,-0.5668027239207826,4.612236135634152,BALANCE,1,-3.8885147768696e-05
3.278,0.0813027865516176,-0.013939305897902057,0.07976700097005335,0.08113542468923353,-0.36842177054850767,0.37791430245357205,BALANCE,1,-3.8865149324997606e-05
3.2800000000000002,0.08127784386171796,-0.012006121852342632,0.08436894333371027,0.0822671562148004,0.5658657627834324,1.9207513169659505,BALANCE,1,-3.884665681810801e-05
3.282,0.08125122684200192,-0.013804957895678479,0.08130098175793898,0.0819289951548989,-0.16908052995074502,9.462955475155482,BALANCE,1,-3.881626924378364e-05
3.2840000000000003,0.08122397051641385,-0.013558997473776292,0.08130098175793898,0.08170919046596294,-0.10990234446798391,3.563095469687974,BALANCE,1,-3.879094980473178e-05
3.286,0.08119752296573086,-0.013100509777770442,0.08130098175793898,0.08156631741815455,-0.07143652390419197,4.023332672213904,BALANCE,1,-3.876699718063891e-05
3.2880000000000003,0.08117179670688994,-0.012781310265786097,0.08436894333371027,0.08254723648859905,0.4904595352222471,4.322486853855738,BALANCE,1,-3.8743318667733584e-05
3.29,0.0811435022267629,-0.014734077320056839,0.08283496254582462,0.082647940608628,0.05035206001447606,8.876510471093919,BALANCE,1,-3.871058480847896e-05
3.2920000000000003,0.08111322788326414,-0.0153311245056979,0.08283496254582462,0.08271339828664681,0.03272883900940632,5.361692916633489,BALANCE,1,-3.867978850838321e-05
3.294,0.0810823653098351,-0.015481388307204969,0.07976700097005335,0.0816821592258391,-0.5156195304038547,5.224634609274059,BALANCE,1,-3.864986294498311e-05
3.2960000000000003,0.08105446002052974,-0.013326191531646096,0.0859029241215959,0.08315942693935398,0.7386338567574382,0.7759733103195092,BALANCE,1,-3.862988355272721e-05
3.298,0.08102438397916117,-0.015855387990930843,0.07976700097005335,0.08197207785009876,-0.5936745446276093,10.898636470420744,BALANCE,1,-3.85933498882794e-05
3.3000000000000003,0.08099545748017323,-0.013851642884064402,0.0782330201821677,0.08066340766632289,-0.6543350918879337,0.16892831398505148,BALANCE,1,-3.8572143697316845e-05
3.302,0.08097206550312866,-0.01113131352622234,0.08436894333371027,0.08196034514990848,0.6484687417927931,-0.39487627512409595,BALANCE,1,-3.8557116804232346e-05
3.3040000000000003,0.0809470393716319,-0.012972553205426842,0.07976700097005335,0.08119267468695918,-0.383835231474651,10.105370643336855,BALANCE,1,-3.852855757710312e-05
3.306,0.08092249164285663,-0.012060126413384796,0.07976700097005335,0.08069368888604214,-0.24949290045851724,1.800878629420343,BALANCE,1,-3.850763122750707e-05
3.3080000000000003,0.08089986340982945,-0.011135743546973659,0.08130098175793898,0.08090624139120603,0.10627625258194384,2.8456781294943907,BALANCE,1,-3.848838878488509e-05
3.31,0.08087705005772215,-0.011475435177170722,0.07976700097005335,0.0805075072438026,-0.19936707370171725,5.704584504127912,BALANCE,1,-3.846586987251785e-05
3.3120000000000003,0.08085477232392466,-0.011062239282540456,0.07976700097005335,0.08024833004799035,-0.12958859790612037,3.2355138450144176,BALANCE,1,-3.844567894231566e-05
3.314,0.08083318329968557,-0.01074024761553862,0.07976700097005335,0.0800798648707124,-0.08423258863897443,3.7781910196304582,BALANCE,1,-3.842590396609922e-05
3.3160000000000003,0.08081191791160046,-0.010612379749036355,0.08130098175793898,0.08050725578124171,0.21369545526465222,4.130931183130949,BALANCE,1,-3.840598441420318e-05
3.318,0.08078919115036733,-0.011553014485207926,0.08130098175793898,0.08078505987308576,0.13890204592202637,6.539998988991721,BALANCE,1,-3.8382166643343465e-05
3.3200000000000003,0.08076471465114206,-0.012451697353617959,0.08283496254582462,0.08150252580854436,0.35873296772929997,5.958319959761357,BALANCE,1,-3.8356616009291885e-05
3.322,0.08073737171446158,-0.014162125176392508,0.08436894333371027,0.08250577194235242,0.5016230669040306,7.760015290347061,BALANCE,1,-3.832579644178936e-05
3.3240000000000003,0.08070572321133404,-0.01668118494836565,0.08130098175793898,0.08208409537780773,-0.21083828227234924,8.963330851773389,BALANCE,1,-3.8287467384542054e-05
3.326,0.08067310490823039,-0.01611074498614376,0.07976700097005335,0.0812731123350937,-0.405491521357014,3.2383394644896697,BALANCE,1,-3.825851294662016e-05
3.3280000000000003,0.08064368395806004,-0.014076206437083126,0.0782330201821677,0.0802090800815696,-0.5320161267620485,1.6324545692495103,BALANCE,1,-3.8237158817590006e-05
3.33,0.08061924044280186,-0.011667128558438853,0.07976700097005335,0.08005435239253891,-0.0773638445153435,0.5564157907977885,BALANCE,1,-3.822059754368239e-05
3.332,0.08059702913623554,-0.010979460351113383,0.0782330201821677,0.07941688611890899,-0.31873313681496374,4.184350387429586,BALANCE,1,-3.8201204787406626e-05
3.334,0.08057675055240911,-0.010011521412110154,0.08130098175793898,0.08007631959256949,0.3297167368302503,2.215148072614829,BALANCE,1,-3.8184155193970765e-05
3.336,0.08055491492374084,-0.011119159154719581,0.08130098175793898,0.08050495135044881,0.21431587893966375,7.442313070196171,BALANCE,1,-3.816097167368008e-05
3.338,0.08053077018447696,-0.012360026143547115,0.08130098175793898,0.08078356199307038,0.13930532131078283,6.544824112544239,BALANCE,1,-3.8134995889495745e-05
3.34,0.08050470602914411,-0.013275499846573455,0.08130098175793898,0.0809646589107744,0.0905484588520078,5.961456290070485,BALANCE,1,-3.8107814217336775e-05
3.342,0.08047731939936228,-0.013861175364058315,0.07976700097005335,0.08054547863152203,-0.20959013962618123,5.582267205462526,BALANCE,1,-3.8080197012434756e-05
3.344,0.08045061959607275,-0.013157904806110534,0.07976700097005335,0.080273011450008,-0.13623359075701919,3.156007600881872,BALANCE,1,-3.805696050757571e-05
3.346,0.08042526977278983,-0.012514133570461716,0.08130098175793898,0.08063280105778384,0.1798948038879214,3.726511960944326,BALANCE,1,-3.803474511596804e-05
3.348,0.08039936633924566,-0.013107803167625826,0.0782330201821677,0.07979287775131819,-0.4199616532328254,6.2771264945704015,BALANCE,1,-3.8008628482189684e-05
3.35,0.0803752240286674,-0.01176933205339434,0.08130098175793898,0.08032071415363547,0.26391820115864023,1.427879439216488,BALANCE,1,-3.798935846208488e-05
3.352,0.08035054269522755,-0.012522241970965244,0.08283496254582462,0.08120070109090168,0.4399934686331042,6.93058845848725,BALANCE,1,-3.796408339271531e-05
3.354,0.08032268135275532,-0.014518894539017233,0.08130098175793898,0.08123579932436473,0.01754911673152587,8.391989814518933,BALANCE,1,-3.793200350464703e-05
3.356,0.0802930288246038,-0.01496927476440003,0.08283496254582462,0.0817955064518757,0.2798535637554833,5.014540893314091,BALANCE,1,-3.7902583971565566e-05
3.358,0.08026153775055982,-0.01614228418252544,0.0782330201821677,0.08054863625747789,-0.6234350971989002,7.1465588971564085,BALANCE,1,-3.786896338961573e-05
3.36,0.08023272093736085,-0.013653123262822867,0.08283496254582462,0.08134885045839925,0.4001071004606782,-0.15456260214252815,BALANCE,1,-3.784968123447577e-05
3.362,0.08020407998636542,-0.014612583762681599,0.08130098175793898,0.08133209641323816,-0.008377022580545457,8.08178783118938,BALANCE,1,-3.781977091253111e-05
3.364,0.08017472041880147,-0.014710971225527728,0.08130098175793898,0.08132120628388345,-0.005445064677353506,4.812909604149926,BALANCE,1,-3.779177773810878e-05
3.366,0.08014544370104384,-0.014606127916226822,0.08130098175793898,0.08131412769980288,-0.003539292040284636,4.835711859614179,BALANCE,1,-3.776450836349287e-05
3.368,0.08011641972878177,-0.01447066642559201,0.07976700097005335,0.08077263334439054,-0.27074717770617096,4.8505333256658965,BALANCE,1,-3.7737579438913444e-05
3.37,0.08008915342920597,-0.013304649491303206,0.07976700097005335,0.08042066201337253,-0.17598566550900557,2.6803805790140647,BALANCE,1,-3.771535018219074e-05
3.372,0.08006389802440946,-0.012404697110891927,0.07976700097005335,0.08019188064821081,-0.11439068258085883,3.4173543967303073,BALANCE,1,-3.769403630213294e-05
3.374,0.08003990412922306,-0.01187960244790226,0.07669903939428206,0.07896938620933575,-0.6112472194375329,3.8963873782457776,BALANCE,1,-3.767280945973705e-05
3.376,0.08001946986487952,-0.009959603884703055,0.07976700097005335,0.07924855137558691,0.13958258312558175,-0.1518145829401183,BALANCE,1,-3.7658051355186614e-05
3.378,0.07999923894135098,-0.010140480086891595,0.07976700097005335,0.07943000873365016,0.09072867903162779,5.871573747539868,BALANCE,1,-3.763862897609285e-05
3.38,0.07997794652542256,-0.010747380218481189,0.08130098175793898,0.08008484929215125,0.32742027925054124,5.491629956272032,BALANCE,1,-3.76172486661134e-05
3.382,0.07995406987808659,-0.01228868449495995,0.08283496254582462,0.08104738893093692,0.48126981939283775,7.424453191533404,BALANCE,1,-3.7591008833512406e-05
3.384,0.0799261494083887,-0.014662440058500304,0.08130098175793898,0.08113614642038765,0.04437874472536241,8.713001890998918,BALANCE,1,-3.7557938071443576e-05
3.386,0.07989596373438974,-0.015298928866587963,0.07976700097005335,0.08065694551277064,-0.2396004538085042,5.223198743026158,BALANCE,1,-3.752753808749361e-05
3.388,0.07986674085463476,-0.014303017536778248,0.08130098175793898,0.08088235819857956,0.11270634290445891,2.922613100298205,BALANCE,1,-3.7503231811193745e-05
3.39,0.07983795637981533,-0.014432041132125244,0.07669903939428206,0.07941819661707543,-0.732080790752064,5.754592235150445,BALANCE,1,-3.747580705555356e-05
3.392,0.07981324411271705,-0.011717492178482829,0.07976700097005335,0.0795402781406177,0.06104076177113754,-1.0915545289919866,BALANCE,1,-3.746018106746946e-05
3.394,0.0797903228972339,-0.011396259201328212,0.08130098175793898,0.08015652440668015,0.30812313303122535,5.260742782606162,BALANCE,1,-3.743946310465715e-05
3.396,0.0797657095425444,-0.012595245903522883,0.0782330201821677,0.0794832979281008,-0.33661323928967785,7.2743765286506115,BALANCE,1,-3.74133037438082e-05
3.398,0.07974185752116016,-0.011737062506876013,0.08130098175793898,0.08011948726854416,0.31809467022168164,2.076091961368625,BALANCE,1,-3.739316109945436e-05
3.4,0.07971675940509063,-0.012818816604356654,0.0782330201821677,0.0794592237883124,-0.33013174011588264,7.351926597886102,BALANCE,1,-3.736679619223801e-05
3.402,0.07969250383554105,-0.011923193102013495,0.08130098175793898,0.0801038390776817,0.3223076446846537,2.1264995063716823,BALANCE,1,-3.7346425377486346e-05
3.404,0.07966704576509205,-0.013005975317850933,0.07976700097005335,0.07998594574001178,-0.0589466688349638,7.384691502138132,BALANCE,1,-3.731969197555549e-05
3.406,0.07964095117939907,-0.013062743173607535,0.0782330201821677,0.07937242179476635,-0.30676197262271415,4.327583393720996,BALANCE,1,-3.729509143918453e-05
3.408,0.07961646950365607,-0.011991521962463877,0.08130098175793898,0.08004741778187677,0.33749799355520943,2.3082495267042673,BALANCE,1,-3.727502961610986e-05
3.41,0.07959086793964866,-0.013082571971388613,0.0782330201821677,0.0794123786219786,-0.31751957994908403,7.502829015354282,BALANCE,1,-3.7248145774037474e-05
3.412,0.07956605948975115,-0.012190760853072522,0.08283496254582462,0.0806102829953247,0.5989521866730518,2.2245860777260433,BALANCE,1,-3.722733396158249e-05
3.414,0.07953856137133228,-0.014384538405228086,0.08130098175793898,0.0808520275622397,0.12087228345750156,9.628234473103896,BALANCE,1,-3.719539070940129e-05
3.416,0.07950853183422218,-0.015313975174204558,0.08283496254582462,0.08154605480649442,0.34701362212735676,5.818099921394395,BALANCE,1,-3.716436383501343e-05
3.418,0.0794758527689962,-0.01689191832276055,0.08130098175793898,0.08146027923950001,-0.042887783497203014,7.6688722654085195,BALANCE,1,-3.712839484665597e-05
3.42,0.07944219641760686,-0.016793245668197017,0.07669903939428206,0.07979384529367373,-0.8332169729131436,4.5445144863923765,BALANCE,1,-3.709730063375307e-05
3.422,0.07941378823148049,-0.013110616952120407,0.07976700097005335,0.0797844497804066,-0.004697756633566252,-1.878105065684725,BALANCE,1,-3.708251280036872e-05
3.424,0.07938887709151261,-0.012247166852533905,0.0782330201821677,0.07924144942102299,-0.271500179691804,4.749484933755866,BALANCE,1,-3.7061587991737415e-05
3.426,0.07936604383370201,-0.01121221622265128,0.07976700097005335,0.07942539246318361,0.09197152108031403,2.582485527726947,BALANCE,1,-3.704286406819276e-05
3.428,0.07934325284740366,-0.011441944202066389,0.0782330201821677,0.07900806216482804,-0.20866514917778495,5.501295716433529,BALANCE,1,-3.702104078703837e-05
3.43,0.07932117301500576,-0.010951290635865873,0.07976700097005335,0.0792736907466569,0.13281429091442642,3.0711625364674027,BALANCE,1,-3.700161406122629e-05
3.432,0.07929843587450126,-0.011473431343275449,0.0782330201821677,0.07890945604908568,-0.18211734878560704,5.818935772114825,BALANCE,1,-3.697915917293797e-05
3.434,0.07927605022891732,-0.011127854798357243,0.0782330201821677,0.0786727034956644,-0.11837627671064388,3.2776285726602845,BALANCE,1,-3.6959120097827804e-05
3.436,0.07925430002693758,-0.010822393790373846,0.0782330201821677,0.07851881433594055,-0.07694457986192477,3.7733519960547124,BALANCE,1,-3.693956121459511e-05
3.438,0.07923288367060259,-0.01068594680075196,0.0782330201821677,0.07841878638212005,-0.05001397691024867,4.095572221261035,BALANCE,1,-3.6919916789883955e-05
3.44,0.07921150952204924,-0.010687826248274229,0.08130098175793898,0.07942755476365668,0.5043841907683144,4.305015367645214,BALANCE,1,-3.689999973953362e-05
3.442,0.07918704979939385,-0.01271605148321726,0.0782330201821677,0.07900946766013553,-0.20904355176057376,8.800726811965916,BALANCE,1,-3.6872155654276424e-05
3.444,0.07916203313743655,-0.012441545870064286,0.07976700097005335,0.07927460431860676,0.1325683292356175,3.0682196455235413,BALANCE,1,-3.6849600039380744e-05
3.446,0.07913643261038437,-0.01292477600306331,0.07976700097005335,0.07944694314661307,0.0861694140031552,5.8170228930013455,BALANCE,1,-3.682446428390973e-05
3.448,0.07910991397438215,-0.013385029647824512,0.07976700097005335,0.07955896338481717,0.05601011910204984,5.456171900822026,BALANCE,1,-3.679849793716211e-05
3.45,0.07908270935354876,-0.013688579047752508,0.07669903939428206,0.07855798998812988,-0.5004866983436481,5.221618755905428,BALANCE,1,-3.677231692083693e-05
3.452,0.07905807217498173,-0.011898066977185803,0.0782330201821677,0.07844425055604312,-0.05686971604337843,0.7095858125386076,BALANCE,1,-3.675429485512676e-05
3.454,0.07903511696037019,-0.01137177651697074,0.08130098175793898,0.07944410647670667,0.4999279603317766,4.2516973050155595,BALANCE,1,-3.6734262742036445e-05
3.456,0.07900961198351568,-0.013232407248882605,0.07976700097005335,0.07955711954937801,0.056506536335668156,8.766070071256614,BALANCE,1,-3.670567826472777e-05
3.458,0.07898222893535266,-0.013875932034609085,0.0782330201821677,0.0790936847708544,-0.2317173892618027,5.225479463648026,BALANCE,1,-3.6678379361930504e-05
3.46,0.0789556485673752,-0.013072428461757142,0.0782330201821677,0.07879245216481406,-0.1506163030201707,2.891881972156843,BALANCE,1,-3.665600499628579e-05
3.462,0.07893061656015536,-0.01233663354053052,0.0782330201821677,0.07859665097088783,-0.09790059696311582,3.5226167057274784,BALANCE,1,-3.6634760667148493e-05
3.464,0.07890665417131204,-0.01187927475235807,0.0782330201821677,0.07846938019483579,-0.06363538802602042,3.9325942825483438,BALANCE,1,-3.6613703357500596e-05
3.466,0.07888326095035118,-0.011647930630299707,0.08130098175793898,0.0794604407419219,0.49553027354305723,4.199079707481984,BALANCE,1,-3.659257997587291e-05
3.468,0.07885714370725112,-0.01357572252565033,0.0782330201821677,0.07903084354600794,-0.2147985979569847,8.731868632859772,BALANCE,1,-3.6563169523513854e-05
3.47,0.0788306143067224,-0.01314956363921876,0.07976700097005335,0.07928849864442383,0.12882754920794798,3.023461829104599,BALANCE,1,-3.6539786609785165e-05
3.472,0.07880376146107224,-0.013533317572532292,0.07976700097005335,0.07945597445839417,0.08373790698516792,5.787930312329014,BALANCE,1,-3.651380513212206e-05
3.474,0.07877615582939095,-0.013912905377595338,0.0782330201821677,0.07902794046171491,-0.21401699833963062,5.437261723384993,BALANCE,1,-3.648711568708421e-05
3.476,0.07874949780384442,-0.013110546022522861,0.07976700097005335,0.07928661163963337,0.12933558895922986,3.0295404409858495,BALANCE,1,-3.646473682248949e-05
3.478,0.07872284633706624,-0.013407586134589344,0.07669903939428206,0.07838096135376041,-0.4528251429364791,5.791881410051841,BALANCE,1,-3.6439219359724925e-05
3.48,0.07869847209191837,-0.011822820118485795,0.0782330201821677,0.07832918194370296,-0.025889705028724064,1.0802565377337916,BALANCE,1,-3.642092292970169e-05
3.482,0.07867541473043896,-0.011453567574920559,0.08130098175793898,0.07936931187868557,0.5200649674913029,4.492633276392386,BALANCE,1,-3.640050365263127e-05
3.484,0.07864958408258957,-0.013438671901462435,0.07976700097005335,0.07950850306066429,0.0695955909893603,8.922678452651557,BALANCE,1,-3.637133795346498e-05
3.486,0.07862170781948452,-0.01414591105157684,0.07976700097005335,0.07959897732895047,0.04523713414308905,5.327274911554739,BALANCE,1,-3.6343478566760304e-05
3.488,0.07859305895695813,-0.014402830124437969,0.0782330201821677,0.07912089232757649,-0.23904250068698674,5.13783571288174,BALANCE,1,-3.631621280405062e-05
3.49,0.07856566707979115,-0.013415846760413751,0.0782330201821677,0.07881013707668341,-0.15537762544654,2.8349135341586953,BALANCE,1,-3.629382909361209e-05
3.492,0.07854008047820438,-0.012581446360979598,0.07976700097005335,0.0791450394393629,0.16745118133974085,3.485587221028685,BALANCE,1,-3.6272506693179196e-05
3.494,0.07851422944552315,-0.013047673502713415,0.07516505860639641,0.07775204614782462,-0.6964966457691374,6.088311817079701,BALANCE,1,-3.6247359432240455e-05
3.496,0.07849179608479231,-0.010798301181809859,0.07976700097005335,0.07845728033560467,0.3526170938900272,-0.9068503972836224,BALANCE,1,-3.623237064767016e-05
3.498,0.07846894144390394,-0.011588537580208723,0.0782330201821677,0.07837878928190173,-0.03924552685147242,7.528373571256498,BALANCE,1,-3.620939054941278e-05
3.5,0.07844549137375545,-0.011762874309811659,0.0782330201821677,0.07832777009699482,-0.0255095924534543,4.3887631421023245,BALANCE,1,-3.6187320075393216e-05
3.5020000000000002,0.07842187405303007,-0.011821965173862902,0.07669903939428206,0.07775771435104535,-0.28502787297473436,4.495589466192055,BALANCE,1,-3.616538739532425e-05
3.504,0.07839961176397069,-0.010974922314162921,0.07669903939428206,0.0773871781161782,-0.18526811743357213,2.3852398772648464,BALANCE,1,-3.614691893873163e-05
3.5060000000000002,0.07837875220951913,-0.010334292822373095,0.07669903939428206,0.07714632956351455,-0.1204242763318264,3.1610857475021157,BALANCE,1,-3.61291456428179e-05
3.508,0.0783586667157946,-0.009999933162379309,0.07976700097005335,0.07806356455580313,0.4586174961442868,3.6653855631562617,BALANCE,1,-3.6111359823518136e-05
3.5100000000000002,0.07833592647749672,-0.011722307651817159,0.0782330201821677,0.07812287402503072,0.029654734613797362,8.352753842502482,BALANCE,1,-3.6086417043606124e-05
3.512,0.07831154621464238,-0.01233402192876717,0.07976700097005335,0.07869831845578865,0.28772221537896187,4.924610318412222,BALANCE,1,-3.606239109489619e-05
3.5140000000000002,0.07828499997756282,-0.013627891824275635,0.0782330201821677,0.07853546406002132,-0.08142719788366282,7.023676830379014,BALANCE,1,-3.6034364621522605e-05
3.516,0.07825785904092748,-0.013548581329932426,0.08130098175793898,0.07950339525429251,0.48396559713559384,4.060710260531977,BALANCE,1,-3.600961209087611e-05
3.5180000000000002,0.07822816391956307,-0.01545418372825333,0.07976700097005335,0.0795956572548088,0.04613100025814554,8.641928492342302,BALANCE,1,-3.597639327905219e-05
3.52,0.07819667513893,-0.015892892880297993,0.07669903939428206,0.07858184100362445,-0.5069081255921759,5.144787437353692,BALANCE,1,-3.5945963678757225e-05
3.5220000000000002,0.07816796988881988,-0.013685954485818037,0.0782330201821677,0.07845975371611459,-0.061043643754928045,0.6596454554800593,BALANCE,1,-3.592653441566954e-05
3.524,0.07814179808373971,-0.012870490158804994,0.0782330201821677,0.07838039697923319,-0.03967836844070288,4.219236072927451,BALANCE,1,-3.590478978791521e-05
3.5260000000000002,0.07811655289648801,-0.012540972488225114,0.07669903939428206,0.07779192182450029,-0.29423757736644907,4.385396871228368,BALANCE,1,-3.588248765479801e-05
3.528,0.07809315006280718,-0.01147792622110092,0.0782330201821677,0.07794630624968388,0.0771922125917951,2.313614690538425,BALANCE,1,-3.586371532449563e-05
3.5300000000000002,0.07806999543005817,-0.011603978553257944,0.0782330201821677,0.07804665612605322,0.050174938184668894,5.294316075715393,BALANCE,1,-3.58421434055115e-05
3.532,0.07804628819297459,-0.01192471887268742,0.0782330201821677,0.07811188354569329,0.03261370982003686,5.0841988730405445,BALANCE,1,-3.5819575959703566e-05
3.5340000000000003,0.07802200963017443,-0.012204580564954921,0.0782330201821677,0.07815428136845934,0.021198911383024654,4.947622691301892,BALANCE,1,-3.579657555698913e-05
3.536,0.07799728928099978,-0.01240992782454034,0.0782330201821677,0.07818183995325727,0.013779292398964638,4.858848173171758,BALANCE,1,-3.5773357997726344e-05
3.5380000000000003,0.0779722547605498,-0.012552843924565986,0.07669903939428206,0.07766285975761594,-0.2594900978206624,4.801144736387153,BALANCE,1,-3.575001813438544e-05
3.54,0.07794847954742173,-0.011701540211991221,0.0782330201821677,0.07786241590620906,0.09977807429655677,2.5838508028916576,BALANCE,1,-3.5730422978813296e-05
3.5420000000000003,0.07792470122575997,-0.011943130080839878,0.07976700097005335,0.07852902067855456,0.3333023861727541,5.469969548744997,BALANCE,1,-3.5708019858213284e-05
3.544,0.07789876748537147,-0.01333477495885053,0.07976700097005335,0.07896231378057914,0.2166465510122853,7.378160330095307,BALANCE,1,-3.568050578079357e-05
3.5460000000000003,0.0778704775736307,-0.014491863224045153,0.07516505860639641,0.07763327446961518,-0.6645196554819766,6.47091123493303,BALANCE,1,-3.5651159730312556e-05
3.548,0.07784501210750976,-0.01214619365533112,0.0782330201821677,0.07784318546900856,0.1049554996966906,-0.6581607756789012,BALANCE,1,-3.563450811903918e-05
3.5500000000000003,0.07782093284588577,-0.012008922482988528,0.07669903939428206,0.07744273434285429,-0.2002255630771388,5.510235125714039,BALANCE,1,-3.561282145603886e-05
3.552,0.07779794820336994,-0.011361869065909013,0.07669903939428206,0.07718244111085401,-0.13014661600013744,3.0447595559541467,BALANCE,1,-3.559340241702739e-05
3.5540000000000003,0.07777599084235466,-0.010895894372909845,0.0782330201821677,0.0775501437858138,0.18385133747989696,3.5897735386501415,BALANCE,1,-3.557442245120685e-05
3.556,0.07775312667643045,-0.01156944995755338,0.07669903939428206,0.0772522572487777,-0.14894326851805362,6.123819326988004,BALANCE,1,-3.55518986249356e-05
3.5580000000000003,0.07773038344283842,-0.011323368084991021,0.07669903939428206,0.07705863099970423,-0.09681312453673624,3.443589286782233,BALANCE,1,-3.553170643181156e-05
3.56,0.0777081656264066,-0.01106059542619349,0.07669903939428206,0.07693277393780647,-0.0629285309488789,3.849012863688364,BALANCE,1,-3.551202696012214e-05
3.5620000000000003,0.07768626388459667,-0.010927597389907118,0.0782330201821677,0.0773878601233329,0.22754309276321744,4.112538188677357,BALANCE,1,-3.5492326580661824e-05
3.564,0.07766297517721579,-0.011839116031358878,0.0782330201821677,0.07768366614392508,0.1479030102960882,6.463616349505713,BALANCE,1,-3.546883955132405e-05
3.5660000000000003,0.07763803149340892,-0.012678467706942089,0.07976700097005335,0.07841283333306998,0.3645835945724485,5.84424405100421,BALANCE,1,-3.5443866313567824e-05
3.568,0.07761035116443782,-0.014318540751238347,0.07516505860639641,0.07727611217873423,-0.5683605771678729,7.621438756563786,BALANCE,1,-3.541387475789298e-05
3.5700000000000003,0.07758453961285575,-0.012417603039717865,0.07976700097005335,0.07814792325569592,0.43590553848084357,0.08968211338107057,BALANCE,1,-3.539574135035873e-05
3.572,0.07755795926508406,-0.013620528001304992,0.07669903939428206,0.07764081390420106,-0.25355467574742635,8.176119703188505,BALANCE,1,-3.536815233788905e-05
3.5740000000000003,0.07753183216119877,-0.012864349156471703,0.0782330201821677,0.07784808610148938,0.10363609864415951,2.630011428272653,BALANCE,1,-3.534646213012386e-05
3.576,0.07750581292790032,-0.01306218251929762,0.0782330201821677,0.07798281302972679,0.06736346411870264,5.499973955242639,BALANCE,1,-3.532219490320805e-05
3.5780000000000003,0.07747928344483292,-0.013341060020938914,0.07669903939428206,0.07753349225732113,-0.2246603862028282,5.217876494733228,BALANCE,1,-3.52972323862561e-05
3.58,0.07745382087291498,-0.012526206768079593,0.07669903939428206,0.07724143375525745,-0.14602925103184006,2.854726445816642,BALANCE,1,-3.5276283684083324e-05
3.5820000000000003,0.07742983415543848,-0.01184026104765552,0.07669903939428206,0.07705159572891607,-0.09491901317069257,3.466252017060727,BALANCE,1,-3.525622099373355e-05
3.584,0.07740681117671906,-0.011427922045636274,0.07976700097005335,0.07800198756331411,0.47519591719902277,3.863743638369424,BALANCE,1,-3.5236282930494e-05
3.586,0.07738133239931909,-0.013193748074199055,0.08130098175793898,0.07915663553143282,0.5773239840593525,8.481686591391028,BALANCE,1,-3.5208455207085275e-05
3.588,0.07735117405416869,-0.015983905272001477,0.07976700097005335,0.07937026343495,0.10681395175859282,9.367990004360788,BALANCE,1,-3.517233196096761e-05
3.59,0.0773180661572295,-0.016866437148822338,0.07669903939428206,0.07843533502071623,-0.4674642071168869,5.616727420165743,BALANCE,1,-3.51391287002537e-05
3.592,0.07728719741937937,-0.014731301515661575,0.07516505860639641,0.07729073827570429,-0.5722983725059694,0.9664064443078781,BALANCE,1,-3.511826222975968e-05
3.594,0.07726188415662494,-0.011976811383987639,0.0782330201821677,0.07762053694296649,0.16489933363109804,0.05905731649450274,BALANCE,1,-3.5103105446483094e-05
3.596,0.07723796664746806,-0.011954107547507831,0.07976700097005335,0.07837179935244688,0.3756312047401983,5.976426885626774,BALANCE,1,-3.508143477627998e-05
3.598,0.07721187873127001,-0.013441070475612153,0.07669903939428206,0.07778633336708919,-0.2927329926788458,7.707357599068399,BALANCE,1,-3.5053714118187745e-05
3.6,0.07718619426338996,-0.012636534100664357,0.0782330201821677,0.07794267375236667,0.0781701926387407,2.3253160605945853,BALANCE,1,-3.503263349154317e-05
3.602,0.07716075052737474,-0.012751402681795957,0.07669903939428206,0.07750740172703706,-0.21763601266480692,5.301921966251926,BALANCE,1,-3.5009230079092595e-05
3.604,0.07713639103298645,-0.012008308871532414,0.0782330201821677,0.07776136818633278,0.1269832296478604,2.9093560023037686,BALANCE,1,-3.498909143408518e-05
3.606,0.07711184454449557,-0.012356172706064747,0.0782330201821677,0.077926446384875,0.0825390992711117,5.68154792836285,BALANCE,1,-3.496592358260991e-05
3.608,0.07708648722968034,-0.012788095714457864,0.07976700097005335,0.07857064048968743,0.32209705240621167,5.335899577261394,BALANCE,1,-3.494177334779162e-05
3.61,0.07705896401417195,-0.014157584841910027,0.07976700097005335,0.0789893666578155,0.20936308406403759,7.2910148486309385,BALANCE,1,-3.4912890052738286e-05
3.612,0.07702917774573659,-0.01523775764166761,0.07516505860639641,0.07765085883981881,-0.6692539089983435,6.414266671981231,BALANCE,1,-3.488251484797241e-05
3.614,0.07700238923528895,-0.012702244156144111,0.0782330201821677,0.07785461530964093,0.10187823491105558,-0.6949797415976189,BALANCE,1,-3.4865808095410655e-05
3.616,0.0769773230646876,-0.012478503910059268,0.07669903939428206,0.07745016373926532,-0.20222578518780399,5.4863027978669,BALANCE,1,-3.4843713399715385e-05
3.618,0.0769535036414284,-0.011749601051084363,0.07976700097005335,0.07826105677004112,0.4054465153879028,3.0292035428534874,BALANCE,1,-3.48240371514238e-05
3.62,0.076927905657521,-0.013165264223221401,0.07669903939428206,0.07771435068852545,-0.27335304075783856,7.93923552930569,BALANCE,1,-3.479711250329572e-05
3.622,0.07690264341576622,-0.012454880537651494,0.07669903939428206,0.07735899173554026,-0.1776794764925954,2.4760367152488185,BALANCE,1,-3.477620278615279e-05
3.624,0.07687891276300877,-0.01170120794036253,0.07363107781851078,0.07605422186457994,-0.6523849354801575,3.2201036921916524,BALANCE,1,-3.475668589973707e-05
3.626,0.07685920098205282,-0.009621535410941939,0.0782330201821677,0.07681680127573566,0.38128970557785996,-0.6558261719664635,BALANCE,1,-3.474359628139599e-05
3.628,0.07683849360992126,-0.010485620448513661,0.07363107781851078,0.07570179806570695,-0.557501605014353,7.6593257211670185,BALANCE,1,-3.472302822987232e-05
3.63,0.07681988303117916,-0.009202842283650026,0.07669903939428206,0.07605083253070824,0.17451723250064277,0.0820950438275938,BALANCE,1,-3.470890672461959e-05
3.632,0.07680071172555293,-0.009631808069106296,0.07516505860639641,0.0757408116571991,-0.1550104367545671,5.959187811847636,BALANCE,1,-3.469072705820662e-05
3.634,0.07678166807927315,-0.009510182927475332,0.07669903939428206,0.07607619136517814,0.16768985398951664,3.3043652053954093,BALANCE,1,-3.467377712078978e-05
3.636,0.07676136116413496,-0.010259477579846039,0.0782330201821677,0.07683108145112448,0.3774450429731707,5.906090313826821,BALANCE,1,-3.465386259660281e-05
3.638,0.07673814740020221,-0.011974682065040088,0.07516505860639641,0.07624797345546966,-0.2915539978274109,7.629425230852835,BALANCE,1,-3.462884173576684e-05
3.64,0.07671510827863535,-0.01140369039273675,0.0782330201821677,0.07694273980981398,0.3473831771721586,2.2424464247088918,BALANCE,1,-3.4609476494805046e-05
3.642,0.07669046645924202,-0.012612513473135375,0.07516505860639641,0.07632055138861783,-0.3110942105980716,7.395629805966108,BALANCE,1,-3.4584151416609956e-05
3.644,0.0766665395063662,-0.011778521540497026,0.07669903939428206,0.07645302219060031,0.06623540099123804,2.0904793985324974,BALANCE,1,-3.4564744492917635e-05
3.646,0.0766428355435136,-0.011873221285204186,0.07669903939428206,0.07653912821188892,0.04305301064430611,5.117064539365923,BALANCE,1,-3.454313656310127e-05
3.648,0.07661872796859823,-0.012107760437501948,0.0782330201821677,0.0771319904014865,0.29643109479878665,4.936771777867784,BALANCE,1,-3.452081051228057e-05
3.65,0.07659273555087669,-0.013316659565322141,0.0782330201821677,0.07751735082472491,0.1926802116192089,6.999368182479483,BALANCE,1,-3.449411494016151e-05
3.652,0.07656471731282513,-0.014300163439356212,0.07669903939428206,0.07723094182406992,-0.14320450032749565,6.192482742437166,BALANCE,1,-3.446598440461761e-05
3.654,0.07653680909615185,-0.013811689704998914,0.0782330201821677,0.07758166924940414,0.17536371266711065,3.48822050682423,BALANCE,1,-3.444232405121807e-05
3.656,0.07650852949421545,-0.014280114380062691,0.07516505860639641,0.07673585552435144,-0.4229068625263496,6.057809856301134,BALANCE,1,-3.441547032239747e-05
3.658,0.076482378633081,-0.012645451756453747,0.07669903939428206,0.07672296987882717,-0.006442822762138534,1.22089643125029,BALANCE,1,-3.4396639164048234e-05
3.66,0.07645772086729062,-0.012230697145020153,0.07669903939428206,0.07671459420923638,-0.004187834795395251,4.551835610632521,BALANCE,1,-3.437556426974121e-05
3.662,0.0764333834453427,-0.012150533741349738,0.07669903939428206,0.07670915002400236,-0.002722092617007954,4.569372974191021,BALANCE,1,-3.4353892412852696e-05
3.664,0.07640906513593876,-0.012162323400496123,0.0782330201821677,0.07724250457936023,0.2666772776789353,4.580772260504078,BALANCE,1,-3.433200562995597e-05
3.666,0.07638320729707597,-0.013201894218832113,0.07516505860639641,0.0765153984888229,-0.3635530452686664,6.767968496193095,BALANCE,1,-3.430596080030138e-05
3.668,0.07635853313363902,-0.012069263304095133,0.07516505860639641,0.07604277952997363,-0.23630947942463593,1.6824995471800426,BALANCE,1,-3.4286852458813286e-05
3.67,0.07633604189453348,-0.011052965159831398,0.07516505860639641,0.0757355772067216,-0.1536011616260144,2.67209093640133,BALANCE,1,-3.4269164427116366e-05
3.672,0.07631498183226394,-0.010434491833963937,0.0782330201821677,0.07660968224812773,0.4370525207030643,3.3153253393951805,BALANCE,1,-3.425167778364941e-05
3.674,0.07629170816600182,-0.011966330644180297,0.0782330201821677,0.07717785052504171,0.2840841384569928,8.093001100512177,BALANCE,1,-3.4227132448461e-05
3.676,0.07626558432593102,-0.013462353401235257,0.07363107781851078,0.07593648007775589,-0.6206852236429125,6.903344139158445,BALANCE,1,-3.4199639428052305e-05
3.678,0.07624170394434278,-0.011512993599199535,0.07516505860639641,0.07566648256278007,-0.13499875748790996,-0.40929298447794604,BALANCE,1,-3.418341694961451e-05
3.68,0.07622005044212576,-0.010686769657424603,0.07516505860639641,0.07549098417804578,-0.08774919236714113,3.4599988938635247,BALANCE,1,-3.416596060769649e-05
3.682,0.0761992551227727,-0.010347518740913601,0.07363107781851078,0.07484001695220853,-0.325483612918627,3.827465511745618,BALANCE,1,-3.4148083510845705e-05
3.684,0.07618018079859924,-0.00945102636330222,0.07209709703062514,0.07387999497965435,-0.4800109862770907,1.8865321137834958,BALANCE,1,-3.413288544672885e-05
3.686,0.07616390576236001,-0.008142656701244077,0.07516505860639641,0.07432976724901406,0.22488613467985807,0.5927118085625356,BALANCE,1,-3.412076113870406e-05
3.688,0.07614660888810382,-0.008673805323101406,0.07516505860639641,0.07462211922409788,0.14617598754190775,6.258875112379709,BALANCE,1,-3.410431672974261e-05
3.69,0.07612767177270632,-0.009559992904292517,0.07976700097005335,0.0764228278351823,0.9003543055422086,5.646735053781135,BALANCE,1,-3.4085636463816746e-05
3.692,0.07610286354805201,-0.01335468918629071,0.07669903939428206,0.07651950188086722,0.048337022842459554,11.788204114448607,BALANCE,1,-3.4054153913601675e-05
3.694,0.07607483213078535,-0.014293751927151783,0.07516505860639641,0.07604544673480243,-0.23702757303239314,4.977866295591709,BALANCE,1,-3.4026300438431514e-05
3.696,0.07604750997232586,-0.01341164318426535,0.0782330201821677,0.07681109744138027,0.38282535328892225,2.666506219829001,BALANCE,1,-3.400446682019812e-05
3.698,0.07601900205827185,-0.014619787897482524,0.07363107781851078,0.07569809057337595,-0.5565034340021604,7.671268672794195,BALANCE,1,-3.397536262930718e-05
3.7,0.07599275811321703,-0.012584053003886982,0.07516505860639641,0.07551152938493311,-0.09328059422142321,0.08985796238527399,BALANCE,1,-3.3957810871283795e-05
3.702,0.07596887715056543,-0.011758090497852635,0.07516505860639641,0.07539026461244526,-0.0606323862439237,3.7844470093246008,BALANCE,1,-3.39386157895897e-05
3.704,0.07594592894015335,-0.01140267972854603,0.07669903939428206,0.07584833578608814,0.2290355868214411,4.038356786795326,BALANCE,1,-3.391899393737964e-05
3.706,0.07592188129242933,-0.012208301321426406,0.07669903939428206,0.07614608204895601,0.14887313143393394,6.383184841736817,BALANCE,1,-3.38954895808948e-05
3.708,0.07589633645985107,-0.012967393444088924,0.07363107781851078,0.07526583056830018,-0.44012574032791657,5.759749974408832,BALANCE,1,-3.387064611088558e-05
3.71,0.07587264387854022,-0.011537569361854802,0.07669903939428206,0.07576745365739383,0.25081154454682786,0.9949439114746776,BALANCE,1,-3.385323890933633e-05
3.712,0.07584865073947795,-0.012131793725932859,0.07516505860639641,0.07555661538954474,-0.10541913392454749,6.552539575818253,BALANCE,1,-3.383033256732118e-05
3.714,0.07582472230389267,-0.01191651157526584,0.07669903939428206,0.0759564637912028,0.19992420082903112,3.690043851976304,BALANCE,1,-3.380954317101322e-05
3.716,0.07579981509430968,-0.012628203065012663,0.0782330201821677,0.07675325852804052,0.39839736841885964,6.156781434104417,BALANCE,1,-3.378547243787067e-05
3.718,0.07577213632732656,-0.014338254820137135,0.07669903939428206,0.07673428183122506,-0.00948834840772822,7.792374459033308,BALANCE,1,-3.375588355705304e-05
3.72,0.07574320050184595,-0.014526035375587124,0.07669903939428206,0.07672194697829501,-0.006167426465024384,4.528150122611677,BALANCE,1,-3.372952455749709e-05
3.722,0.07571438913456727,-0.014353400320718255,0.07363107781851078,0.07564014277237054,-0.5409021029622387,4.553977406977506,BALANCE,1,-3.3704396158173304e-05
3.724,0.07568899392034024,-0.012148903007223356,0.07363107781851078,0.07493697003851962,-0.35158636692545625,0.2111917426443224,BALANCE,1,-3.36880184812394e-05
3.726,0.07566741260034775,-0.010520691417870265,0.07516505860639641,0.0750168010372765,0.039915499378435915,1.6835272669075274,BALANCE,1,-3.367274754196673e-05
3.728,0.07564661365792898,-0.010378603311808905,0.0782330201821677,0.07614247773798842,0.5628383503559625,4.820332057264077,BALANCE,1,-3.365455770731792e-05
3.73,0.07562257208389457,-0.012517283939692671,0.07516505860639641,0.07580038104193122,-0.17104834802859903,9.071255467127006,BALANCE,1,-3.3627949058355336e-05
3.732,0.07559777114878585,-0.012363942554253304,0.07516505860639641,0.07557801818949404,-0.11118142621859006,3.179636078287081,BALANCE,1,-3.360630216406919e-05
3.734,0.075573708499134,-0.011934815008263096,0.07669903939428206,0.07597037561116984,0.19617871083790067,3.645229681620922,BALANCE,1,-3.358602395411645e-05
3.736,0.07554886419975423,-0.012579510163699768,0.07669903939428206,0.07622540793525912,0.12751616204463578,6.127652223373396,BALANCE,1,-3.356225999921084e-05
3.738,0.07552279959834117,-0.01319609871742474,0.07516505860639641,0.07585428567015717,-0.18556113255097095,5.593653772472633,BALANCE,1,-3.3537409938067854e-05
3.74,0.07549732716637675,-0.012581291880906549,0.07669903939428206,0.07614994947360089,0.14783190172185795,3.0667680798016628,BALANCE,1,-3.351647935621041e-05
3.742,0.07547159586309937,-0.01296556636745463,0.07363107781851078,0.07526834439431936,-0.44080253964076666,5.751652182190917,BALANCE,1,-3.349258900105004e-05
3.744,0.07544803181500313,-0.011461648989113865,0.07363107781851078,0.07469530109278635,-0.2865216507665011,0.9896803465330279,BALANCE,1,-3.3475595173626496e-05
3.746,0.07542714294800681,-0.01026714537465386,0.07516505860639641,0.07485971622254987,0.08220756488176023,2.189544859435172,BALANCE,1,-3.345983092458508e-05
3.748,0.07540641142324683,-0.010383583821009469,0.07669903939428206,0.07550347933265614,0.3218815550531315,5.149243492407074,BALANCE,1,-3.344118630470962e-05
3.75,0.07538357166911987,-0.011687415553072737,0.07669903939428206,0.0759219253542252,0.20922301078453442,7.105261200384421,BALANCE,1,-3.3417864551549304e-05
3.7520000000000002,0.07535848448493127,-0.01282788221555639,0.07516505860639641,0.07565702199248513,-0.1324516808700396,6.229099607529788,BALANCE,1,-3.339264429060669e-05
3.754,0.0753332318663741,-0.012559962087669347,0.07209709703062514,0.07441104825583413,-0.6229868683255008,3.479807872588791,BALANCE,1,-3.337099266319925e-05
3.7560000000000002,0.07531165108500251,-0.010440948051173243,0.07516505860639641,0.07467495187853093,0.13195181134840334,-0.519232051253959,BALANCE,1,-3.3357074017957907e-05
3.758,0.07529074626181813,-0.010455011370763502,0.07669903939428206,0.07538338250904383,0.3542153152564509,5.536111603499082,BALANCE,1,-3.3338529189002445e-05
3.7600000000000002,0.07526764753291364,-0.011842012542007077,0.07516505860639641,0.07530696914311724,-0.03820668296329599,7.3567254725942375,BALANCE,1,-3.331477995746618e-05
3.762,0.07524361405573772,-0.01206854132450788,0.07516505860639641,0.07525730045526495,-0.024834343926145863,4.212764684880667,BALANCE,1,-3.3292930815852326e-05
3.7640000000000002,0.07521950319327322,-0.012052126726649204,0.07669903939428206,0.07576190908392094,0.252304314327996,4.31676327590673,BALANCE,1,-3.327163998076829e-05
3.766,0.07519398754967624,-0.013001380612613023,0.07669903939428206,0.07608990469254734,0.16399780431319844,6.564149059659224,BALANCE,1,-3.324653464627618e-05
3.7680000000000002,0.07516684191562738,-0.013798402843420227,0.07516505860639641,0.07576620856239452,-0.1618480650764087,5.877376716058428,BALANCE,1,-3.322025433555154e-05
3.77,0.0751400703517878,-0.013229909312959786,0.07516505860639641,0.07555580607779519,-0.10520124229966565,3.251187993132402,BALANCE,1,-3.319823062691885e-05
3.7720000000000002,0.07511451036668994,-0.012627150872934322,0.0782330201821677,0.07649283101432557,0.46851246826518783,3.691738426270386,BALANCE,1,-3.317730913365825e-05
3.774,0.07508691811868791,-0.014274572470358349,0.07516505860639641,0.07602811067155037,-0.23236017138759946,8.337669606981036,BALANCE,1,-3.314821084405413e-05
3.7760000000000002,0.07505937166470908,-0.01357215866027505,0.07363107781851078,0.07518914917298651,-0.419480749281928,2.7028052691922264,BALANCE,1,-3.312597561406468e-05
3.778,0.07503494453713,-0.011806147404067307,0.07516505860639641,0.07518071747467997,-0.00421584915327039,1.1555029561237662,BALANCE,1,-3.3109196220353406e-05
3.7800000000000002,0.07501196325370776,-0.011410910572340763,0.07516505860639641,0.07517523687078073,-0.0027403019496191616,4.477116255254636,BALANCE,1,-3.308989753319026e-05
3.782,0.07498918403209179,-0.011384856227712042,0.07669903939428206,0.0757085677540062,0.26666544161273176,4.4885917966498905,BALANCE,1,-3.3069867806920573e-05
3.7840000000000003,0.07496483452957704,-0.012417846909460203,0.07516505860639641,0.07551833955234277,-0.09511410083171135,6.675837598142226,BALANCE,1,-3.304577363475843e-05
3.786,0.07494016777331212,-0.012307486988255711,0.07669903939428206,0.07593158449702152,0.20662247233937253,3.770187566486875,BALANCE,1,-3.3024320580703755e-05
3.7880000000000003,0.07491444939560435,-0.01305288510001601,0.07516505860639641,0.07566330043530273,-0.1341420308593952,6.208874848536272,BALANCE,1,-3.29996406714624e-05
3.79,0.07488891942294765,-0.01266749580395751,0.07516505860639641,0.07548891579518552,-0.08719232005860444,3.4666617792430023,BALANCE,1,-3.297820816734263e-05
3.7920000000000003,0.07486424314961321,-0.012235775905798746,0.07669903939428206,0.0759124590548693,0.2117716298418934,3.8317963872422958,BALANCE,1,-3.295762445476801e-05
3.794,0.07483874763596499,-0.012923848938989516,0.07363107781851078,0.07511397562214382,-0.3992417163627415,6.248920582027306,BALANCE,1,-3.293333343205925e-05
3.7960000000000003,0.07481493302965424,-0.011622727598372549,0.07669903939428206,0.0756687479423922,0.2773861601241892,1.3129048064266975,BALANCE,1,-3.291578235874469e-05
3.798,0.07479057667873995,-0.012348720831796316,0.07516505860639641,0.07549245667479368,-0.08814563379926088,6.759214157537045,BALANCE,1,-3.2892498355541e-05
3.8000000000000003,0.07476610309485697,-0.012203030508087867,0.07976700097005335,0.07698854717813457,0.7480452516704441,3.824382330093534,BALANCE,1,-3.2871356103444954e-05
3.802,0.07473758578124663,-0.01515818393121578,0.07363107781851078,0.07581343290226623,-0.5875571379341665,10.603674844051627,BALANCE,1,-3.28376601362234e-05
3.8040000000000003,0.07470997684001857,-0.013261101307034532,0.07363107781851078,0.07504960862295182,-0.38191213965720755,-0.15165112933735792,BALANCE,1,-3.2819147369198007e-05
3.806,0.074686339403683,-0.011425753024835639,0.07363107781851078,0.07455312284139745,-0.24824289077718387,1.447679400119449,BALANCE,1,-3.280321414903928e-05
3.8080000000000003,0.07466544425939695,-0.010276701695002154,0.07363107781851078,0.07423040708338711,-0.16135787900516813,2.4872442442663765,BALANCE,1,-3.2787522588475975e-05
3.81,0.07464599499547898,-0.009657350682860796,0.07363107781851078,0.0740206418406804,-0.10488262135335824,3.1629613929618823,BALANCE,1,-3.277176245747813e-05
3.8120000000000003,0.07462717225520629,-0.009387050965723513,0.07516505860639641,0.074421187708681,0.20027293400030205,3.602177539613958,BALANCE,1,-3.2755788824251206e-05
3.814,0.07460703575621565,-0.010176422452051893,0.07669903939428206,0.07521843579864138,0.39862404498018644,6.067454734523276,BALANCE,1,-3.2736470245275e-05
3.8160000000000003,0.07458388629489446,-0.011953870850110664,0.07516505860639641,0.07519975378135564,-0.009341008642867188,7.702098507759974,BALANCE,1,-3.271196489480797e-05
3.818,0.07455936064970936,-0.01235928679091734,0.07363107781851078,0.07465071719435994,-0.2745182934978524,4.437257157738401,BALANCE,1,-3.268940342359857e-05
3.8200000000000003,0.07453601866739813,-0.011488889136408874,0.07363107781851078,0.07429384341281273,-0.17843689077360475,2.2828966836787767,BALANCE,1,-3.2671152164228435e-05
3.822,0.07451425541597102,-0.01075513076508094,0.07363107781851078,0.07406187545480704,-0.11598397900284413,3.030135478579926,BALANCE,1,-3.265381770210217e-05
3.8240000000000003,0.07449348462725917,-0.010321645911007827,0.07516505860639641,0.07444798955786332,0.19305705152813935,3.5158406952656693,BALANCE,1,-3.263659188820064e-05
3.826,0.07447172192542072,-0.011002994848275252,0.07516505860639641,0.0746989637248499,0.1254870834932892,6.011335785696914,BALANCE,1,-3.261597797354487e-05
3.8280000000000003,0.07444860158187193,-0.011707920553180862,0.07516505860639641,0.07486209693339117,0.08156660427063867,5.485834491437307,BALANCE,1,-3.259402299227191e-05
3.83,0.074424413954535,-0.012209961955604772,0.07363107781851078,0.07443124024318304,-0.215428345104067,5.14425865016858,BALANCE,1,-3.257156692178917e-05
3.8320000000000003,0.07440100042620405,-0.011572108156466506,0.07669903939428206,0.0752249699460677,0.3968648514423301,2.7424476537584463,BALANCE,1,-3.2552693990788186e-05
3.834,0.07437584666328269,-0.012913290107120556,0.07516505860639641,0.07520400097718274,-0.010484484442477293,7.688417008302703,BALANCE,1,-3.2527184270323794e-05
3.8360000000000003,0.07434971597841639,-0.013120871242295114,0.07363107781851078,0.07465347787164756,-0.27526155276759445,4.428364183091146,BALANCE,1,-3.250375413208836e-05
3.838,0.07432504433255534,-0.012092592647922368,0.07363107781851078,0.07429563785304968,-0.1789200092989357,2.2771162501580973,BALANCE,1,-3.248494935251986e-05
3.84,0.07430221179480094,-0.011249464450508222,0.07516505860639641,0.07459993511672104,0.15214863183567878,3.0263781967914953,BALANCE,1,-3.246709260783895e-05
3.842,0.07427909377656465,-0.011640855176327512,0.07363107781851078,0.07426083506234744,-0.1695500271867989,5.693185161688692,BALANCE,1,-3.2445937714381227e-05
3.844,0.07425652053659938,-0.011202227037381276,0.07516505860639641,0.07457731330276458,0.15823912020856978,3.0992498862464553,BALANCE,1,-3.242728926473428e-05
3.846,0.07423329659613336,-0.011721874967234987,0.07363107781851078,0.07424613088327575,-0.16559120974441593,5.7405517598344336,BALANCE,1,-3.240573926417384e-05
3.848,0.0742105071366166,-0.01131427267099528,0.07516505860639641,0.07456775558636798,0.1608123515461149,3.1300381750412174,BALANCE,1,-3.238684702971336e-05
3.85,0.07418704790687922,-0.011844392714299577,0.07363107781851078,0.07423991836761797,-0.1639186093750078,5.760564147550998,BALANCE,1,-3.2365065406714624e-05
3.852,0.07416402133475919,-0.011429083497352723,0.07363107781851078,0.07402682417543045,-0.10654709609375645,3.143046227057016,BALANCE,1,-3.234600817266398e-05
3.854,0.0741418127201464,-0.011031170547575193,0.07363107781851078,0.07388831295050857,-0.06925561246094031,3.5892326817757754,BALANCE,1,-3.232759271388695e-05
3.856,0.07412014133672527,-0.010795544212955095,0.07516505860639641,0.07433517393006932,0.22343048978037267,3.879253877342992,BALANCE,1,-3.230924664863632e-05
3.858,0.07409724995002565,-0.01161322625355536,0.07209709703062514,0.07355184701526385,-0.39166345740273417,6.247554354047141,BALANCE,1,-3.228733982487501e-05
3.86,0.07407579330414014,-0.010554934570005413,0.07363107781851078,0.07357957779640027,0.01386539056821151,1.2798031616939576,BALANCE,1,-3.2271146040429136e-05
3.862,0.07405485816770599,-0.01045221474161991,0.07209709703062514,0.07306070952837898,-0.2594341340106457,4.525697792329709,BALANCE,1,-3.225313961223462e-05
3.864,0.07403518676125026,-0.009755527973680747,0.07363107781851078,0.0732603384299251,0.09981445077306139,2.308169499617573,BALANCE,1,-3.223751024049181e-05
3.866,0.074015147387571,-0.010060061776894533,0.07516505860639641,0.07392699049169006,0.333326030882479,5.1941359119799975,BALANCE,1,-3.221941970635799e-05
3.868,0.07399280995602465,-0.011436184721454632,0.07209709703062514,0.07328652778031734,-0.3202313556863595,7.102227676561235,BALANCE,1,-3.219682229778237e-05
3.87,0.07397110243473068,-0.010733574586268557,0.07516505860639641,0.07394401356944502,0.3287428945638396,1.8353408213281641,BALANCE,1,-3.217959563472562e-05
3.872,0.07394796955977273,-0.01178882096691055,0.07056311624273949,0.07276069950509809,-0.5916570321734677,7.066583970677417,BALANCE,1,-3.215693820325257e-05
3.874,0.0739272145297882,-0.010140717667257628,0.07363107781851078,0.07306533191479253,0.15231620484722208,-0.36761428708185573,BALANCE,1,-3.2142744780711616e-05
3.876,0.07390661917260848,-0.010325007695069973,0.07056311624273949,0.07218955642957396,-0.4378877426092845,5.602449553665329,BALANCE,1,-3.2124437739467794e-05
3.878,0.07388804713083291,-0.009196772012922256,0.07516505860639641,0.07323098219146182,0.5207128809439284,0.8282714449001616,BALANCE,1,-3.2110645611527613e-05
3.88,0.07386703761823055,-0.010761035237884561,0.07363107781851078,0.07337101566092895,0.07001673473356479,8.559561979039136,BALANCE,1,-3.208906048500106e-05
3.882,0.07384437435656137,-0.011473898335449298,0.07363107781851078,0.07346203741608259,0.04551087757682232,4.962394817524256,BALANCE,1,-3.2067683571878046e-05
3.884,0.07382085760158659,-0.011837520380786858,0.07516505860639641,0.07405809483269243,0.29802870830492045,4.7718092655795346,BALANCE,1,-3.2046358207070964e-05
3.886,0.07379540836239884,-0.013029513785492202,0.07516505860639641,0.07444553215348883,0.1937186603981969,6.82771535640091,BALANCE,1,-3.202110447132858e-05
3.888,0.07376802067042659,-0.013960951771691264,0.07516505860639641,0.07469736641200649,0.12591712925882903,6.016481212394904,BALANCE,1,-3.199465664541504e-05
3.89,0.07373935102228461,-0.014498750434508052,0.07516505860639641,0.07486105868004296,0.08184613401823748,5.489179018791021,BALANCE,1,-3.196815480752663e-05
3.892,0.07371004418452014,-0.014724208107061843,0.07209709703062514,0.07389367210274672,-0.4836932886481196,5.146432592948478,BALANCE,1,-3.194204003732616e-05
3.894,0.07368357696070359,-0.012687774397341815,0.07516505860639641,0.0743386573790241,0.2224926381386924,0.5640740169798462,BALANCE,1,-3.1925053362241434e-05
3.896,0.07365781071078713,-0.012952092334033763,0.0674951546669682,0.07194343142980454,-1.1976129746097823,6.240260547850985,BALANCE,1,-3.1902004865237133e-05
3.898,0.07363848874511086,-0.009292370176630432,0.07516505860639641,0.0730710009416117,0.5637847559035805,-5.264297911089987,BALANCE,1,-3.189395170978729e-05
3.9,0.0736184584793161,-0.010127301248242912,0.07363107781851078,0.07326702784852637,0.09801345345733514,8.894538103725345,BALANCE,1,-3.187487656846993e-05
3.902,0.07359706252270339,-0.01081449830111639,0.07516505860639641,0.07393133861378089,0.3321553826272569,5.180129298570264,BALANCE,1,-3.1854818428192124e-05
3.904,0.0735731921736907,-0.012264177246154037,0.0782330201821677,0.07543692716271627,0.7527942744676926,7.093123377844908,BALANCE,1,-3.183059082291698e-05
3.906,0.0735440198540819,-0.015644085528576403,0.07363107781851078,0.07480487989224435,-0.31602363523595967,10.548569825504519,BALANCE,1,-3.179529076922053e-05
3.908,0.07351391309389524,-0.01477439533131478,0.07209709703062514,0.07385715589067762,-0.47386200078336493,1.9601037116469842,BALANCE,1,-3.1772076175279016e-05
3.91,0.07348766099675504,-0.012534247403815806,0.07516505860639641,0.0743149218411792,0.22888297525078954,0.6405333471737382,BALANCE,1,-3.175590733758274e-05
3.912,0.07346222683117903,-0.012779721961216767,0.07209709703062514,0.07353868315748528,-0.38811934184695973,6.289959112477069,BALANCE,1,-3.173326510027197e-05
3.914,0.07343881643356455,-0.011419726166934888,0.07209709703062514,0.07303412801308423,-0.2522775722005252,1.3073662546734388,BALANCE,1,-3.171655179501677e-05
3.916,0.07341781300363043,-0.010337412987217534,0.07516505860639641,0.0737799537207435,0.372912853829635,2.3638271031808524,BALANCE,1,-3.170092457075231e-05
3.918,0.07339536052184423,-0.011442919919178555,0.07209709703062514,0.07319095387920208,-0.2944999207707133,7.41010005388169,BALANCE,1,-3.167897149778855e-05
3.92,0.0733735955594484,-0.010765610358828899,0.07209709703062514,0.07280810398220015,-0.19142494850096087,2.035457866586418,BALANCE,1,-3.166179049367865e-05
3.922,0.07335322469610939,-0.010094518816192449,0.07056311624273949,0.07202235827338892,-0.39287285440561814,2.837086650924322,BALANCE,1,-3.1645706532061155e-05
3.924,0.07333521317795243,-0.008936059374324078,0.07516505860639641,0.07312230338994154,0.5499725582763099,1.1783586611583896,BALANCE,1,-3.1632520769180164e-05
3.926,0.07331456598890601,-0.01057845976459001,0.07363107781851078,0.07330037443994077,0.08903552499961442,8.787118669606972,BALANCE,1,-3.161129574578548e-05
3.928,0.07329209660273188,-0.011394140232195978,0.07516505860639641,0.07395301389820025,0.3263197291297412,5.110306666393361,BALANCE,1,-3.159001192351281e-05
3.93,0.07326714442496317,-0.012831744646961199,0.07363107781851078,0.07384033627030893,-0.05633881394565693,7.047738666929945,BALANCE,1,-3.156479133873487e-05
3.932,0.07324142647947593,-0.01286902493646907,0.07363107781851078,0.07376709581217958,-0.036620229064678045,3.979709664653281,BALANCE,1,-3.154253111164865e-05
3.934,0.07321600725310903,-0.012656378440285335,0.07516505860639641,0.07425638279015546,0.24464348898794314,4.1330639162133505,BALANCE,1,-3.152121706045024e-05
3.936,0.07318951833305473,-0.013465023345821732,0.07363107781851078,0.07403752605007982,-0.10942837003782152,6.4125308793128735,BALANCE,1,-3.149615768878114e-05
3.938,0.07316312253366009,-0.013100161321673853,0.07516505860639641,0.07443216244479063,0.19731819735540473,3.566824602702217,BALANCE,1,-3.147447367966359e-05
3.94,0.0731361082376232,-0.013666164183894332,0.07363107781851078,0.07415178282559268,-0.14018980959897703,6.0444753255306765,BALANCE,1,-3.144961596246754e-05
3.942,0.0731095841046355,-0.013112488964881841,0.07669903939428206,0.07504332262463397,0.4457698995206441,3.3275884927437445,BALANCE,1,-3.142838578558846e-05
3.944,0.07308122218821053,-0.014641202390613525,0.07209709703062514,0.07401214366673088,-0.515589478951542,8.06875855364319,BALANCE,1,-3.139947708245655e-05
3.946,0.07305465451510089,-0.012782085108295529,0.07056311624273949,0.0728049840683339,-0.603579799198492,0.31601278839151714,BALANCE,1,-3.138208327233967e-05
3.948,0.073033166367953,-0.010349951682784533,0.07209709703062514,0.07255722360513583,-0.12388023159903144,-0.460339349487902,BALANCE,1,-3.136962371071856e-05
3.95,0.0730140166556894,-0.009490095440058247,0.07056311624273949,0.07185928602829711,-0.34896878841936263,3.362391563515898,BALANCE,1,-3.135499628808743e-05
3.952,0.07299700038839209,-0.008482637512373725,0.07056311624273949,0.07140562660335194,-0.2268297124725857,1.5198068543429253,BALANCE,1,-3.134231652945824e-05
3.954,0.07298135018209437,-0.007841532649316784,0.07363107781851078,0.07218453452865753,0.3894539626527957,2.46969989642043,BALANCE,1,-3.1329997682127056e-05
3.956,0.07296337346062126,-0.009083378309689215,0.07516505860639641,0.07322771795586613,0.5215917136043025,7.446703772941817,BALANCE,1,-3.131232689547373e-05
3.958,0.07294139806129857,-0.011435462051015526,0.06902913545485385,0.07175821408051183,-0.73475193767715,8.566396786186388,BALANCE,1,-3.128832330729901e-05
3.96,0.07292164165094676,-0.009676580954307023,0.07209709703062514,0.07187682311305149,0.05930451626982858,-1.5725226565864894,BALANCE,1,-3.1275337391323235e-05
3.962,0.07290254165780619,-0.009536269730402972,0.07209709703062514,0.07195391898420227,0.03854793557538788,4.787045516941718,BALANCE,1,-3.125924553472989e-05
3.964,0.07288301338091444,-0.009794585982747385,0.07056311624273949,0.07146713802469029,-0.243390479755988,4.625618623655239,BALANCE,1,-3.1241970640067854e-05
3.966,0.07286435533900652,-0.009286213933091196,0.07056311624273949,0.07115073040100751,-0.15820381184138838,2.3409044434335136,BALANCE,1,-3.122701332947451e-05
3.968,0.07284655361391729,-0.008878008754953436,0.07516505860639641,0.07255574527289363,0.7025074359430574,3.003413329329344,BALANCE,1,-3.1212550009007616e-05
3.97,0.07282480585948642,-0.011329238776613942,0.07363107781851078,0.07293211166385963,0.18818319548299933,9.973404203918077,BALANCE,1,-3.11886360183308e-05
3.972,0.07280019591510689,-0.01261443512982589,0.07669903939428206,0.07425053636950749,0.6592123528239291,5.881392263695572,BALANCE,1,-3.116427788822543e-05
3.974,0.07277098353578981,-0.015514183392072374,0.07056311624273949,0.07295993932513868,-0.6452985221844023,9.728731004761883,BALANCE,1,-3.11305695185652e-05
3.976,0.07274315118634643,-0.01326500416163209,0.07363107781851078,0.07319483779781892,0.11744923634011972,-0.784791817966898,BALANCE,1,-3.111365672868221e-05
3.978,0.07271697500627206,-0.013024710075816523,0.07363107781851078,0.07334752180506107,0.07634200362107574,5.331284158590093,BALANCE,1,-3.1091938845589254e-05
3.98,0.07269075951690575,-0.013138532788563853,0.07516505860639641,0.07398365968552845,0.31806894023368726,5.011587337272271,BALANCE,1,-3.10692039076565e-05
3.982,0.07266285823410816,-0.014289461351397914,0.07056311624273949,0.07278646948055231,-0.598595102488067,6.983571103001204,BALANCE,1,-3.104198671754318e-05
3.984,0.07263755156680765,-0.012115823407438754,0.07363107781851078,0.07308208239883777,0.1478064591427311,-0.4215726510713971,BALANCE,1,-3.102648471238591e-05
3.986,0.0726133750897336,-0.01208060620951605,0.07516505860639641,0.0738111240714833,0.36452083632276117,5.5673766170721155,BALANCE,1,-3.1005924166231246e-05
3.988,0.07258725621557131,-0.013416620087876032,0.07056311624273949,0.07267432133142296,-0.5684013700301693,7.344834134871087,BALANCE,1,-3.0979987688477035e-05
3.99,0.07256332273923098,-0.011556856281329256,0.07209709703062514,0.07247229282614372,-0.101014252639621,-0.186751680355977,BALANCE,1,-3.096451202607961e-05
3.992,0.0725414596001338,-0.010799080362761709,0.07363107781851078,0.07287786757347219,0.20278737366423438,3.5402235484516553,BALANCE,1,-3.094766240401572e-05
3.994,0.07251893351408598,-0.01137626877840256,0.07056311624273949,0.07206770460771575,-0.40508148287821816,5.994971043722206,BALANCE,1,-3.09270806522429e-05
3.996,0.07249811054414712,-0.010245508642400392,0.07363107781851078,0.07261488523149401,0.27359031188912974,1.0834104134371993,BALANCE,1,-3.09119302513434e-05
3.998,0.07247642658566252,-0.010970051637462053,0.07209709703062514,0.07243365936118991,-0.09061293515204988,6.545615609002678,BALANCE,1,-3.089180345713436e-05
4.0,0.0724545838420509,-0.010911429753916471,0.07363107781851078,0.07285275582125221,0.20954823003115075,3.621116080454996,BALANCE,1,-3.087332332910634e-05
4.002,0.07243152357805592,-0.011693085314539607,0.07363107781851078,0.0731251685202927,0.1362063495202459,6.047551189524339,BALANCE,1,-3.085179005356845e-05
4.0040000000000004,0.07240709037451547,-0.012378622614965919,0.07363107781851078,0.07330223677466903,0.088534127188164,5.477160907379529,BALANCE,1,-3.0829218240230947e-05
4.006,0.07238168250527975,-0.012814859171017772,0.07363107781851078,0.07341733114001364,0.05754718267230591,5.106407223985454,BALANCE,1,-3.0806411583665746e-05
4.008,0.07235571886767739,-0.013041869456121439,0.07056311624273949,0.0724183559259677,-0.4994876070229734,4.865417329779266,BALANCE,1,-3.078368572480166e-05
4.01,0.07233246967928363,-0.011257681044099358,0.07516505860639641,0.07337970186411774,0.48067296907502305,0.34920049937427455,BALANCE,1,-3.076852770697754e-05
4.0120000000000005,0.07230797619487304,-0.012556739782566335,0.07056311624273949,0.07239389689663535,-0.49290248374119633,8.248165864447248,BALANCE,1,-3.074439338643901e-05
4.014,0.07228521779467412,-0.011093977989331523,0.07209709703062514,0.07229001694353178,-0.05193997655178473,0.40041394386855034,BALANCE,1,-3.0728731309782386e-05
4.016,0.07226381804316054,-0.010622769454158,0.07363107781851078,0.07275938824977443,0.23468565312132622,3.9218812041976285,BALANCE,1,-3.071163144638287e-05
4.018,0.07224133183158675,-0.01139407741902712,0.07209709703062514,0.07252758632307219,-0.11590096335112321,6.243048519957076,BALANCE,1,-3.0690710882472956e-05
4.0200000000000005,0.0722188309221823,-0.011216768772498642,0.07056311624273949,0.07184002179495574,-0.34378226405822054,3.4244474725753458,BALANCE,1,-3.0672022796568886e-05
4.022,0.072198264391928,-0.01013153752468445,0.07209709703062514,0.07192999812744003,0.04498816624214086,1.5601431952315803,BALANCE,1,-3.065702686894213e-05
4.024,0.07217802601791917,-0.010117769565074083,0.07363107781851078,0.07252537601931479,0.2976889459373813,4.675705217583529,BALANCE,1,-3.063987299326708e-05
4.026,0.07215595043637608,-0.011250087796522139,0.07363107781851078,0.07291237164903339,0.1934978148592989,6.733034128657938,BALANCE,1,-3.061855413956003e-05
4.0280000000000005,0.07213189561507778,-0.01225899285781817,0.06902913545485385,0.07155323898107055,-0.6795663339814184,5.922724817816395,BALANCE,1,-3.0595612653709226e-05
4.03,0.07211080850704649,-0.010236005868511073,0.07209709703062514,0.07174358929841465,0.09517515867205062,-1.143336332987114,BALANCE,1,-3.05825790403164e-05
4.032,0.07209054493654407,-0.010115980649294696,0.06902913545485385,0.07079353045316837,-0.4750294226231397,5.066016627281284,BALANCE,1,-3.0565655404378924e-05
4.034,0.07207272223601233,-0.008843604655117807,0.07056311624273949,0.07071288547951826,-0.04032248682505485,0.44737644620498473,BALANCE,1,-3.055311833088273e-05
4.0360000000000005,0.07205555510050062,-0.008574411825935465,0.07209709703062514,0.07119735952240566,0.2422370214437003,3.920193234170657,BALANCE,1,-3.0539067520894556e-05
4.038,0.07203680252191733,-0.009463042345484536,0.07363107781851078,0.07204916092604245,0.42590070181839496,6.209737742893942,BALANCE,1,-3.052146697595244e-05
4.04,0.07201485379530141,-0.01132321302079541,0.07056311624273949,0.07152904528688642,-0.2600578195780176,7.730155270109707,BALANCE,1,-3.049874862793562e-05
4.042,0.07199291215492594,-0.01089487213855518,0.07209709703062514,0.07172786339719497,0.09940905515427867,2.211280160589044,BALANCE,1,-3.0481181445747616e-05
4.0440000000000005,0.07197066647555796,-0.01117613670296951,0.07056311624273949,0.07132020189313555,-0.2038307520297114,5.098944245065928,BALANCE,1,-3.046168524245286e-05
4.046,0.07194926500162217,-0.010607802750229796,0.07056311624273949,0.07105522191549693,-0.13248998881931068,2.6485660973504417,BALANCE,1,-3.0444892016373996e-05
4.048,0.07192888341041737,-0.010125024094195932,0.06902913545485385,0.07034609165427186,-0.3545651306125358,3.2033934043753303,BALANCE,1,-3.042871407354985e-05
4.05,0.07191057850865286,-0.009078654281322757,0.07209709703062514,0.07095894353599551,0.306425940861825,1.3842444543560246,BALANCE,1,-3.0415373161093533e-05
4.0520000000000005,0.0718909691943039,-0.009905988958213003,0.07209709703062514,0.07135729725911588,0.1991768615601866,6.708944139054331,BALANCE,1,-3.0397114446218528e-05
4.054,0.07186949237720898,-0.010912240446729006,0.06902913545485385,0.07054244062762417,-0.4074283157458544,5.874852728028445,BALANCE,1,-3.037672247242279e-05
4.056,0.07184941698225036,-0.009911562064012683,0.07363107781851078,0.07162346364443449,0.5405115084051587,0.9731199116906146,BALANCE,1,-3.0361977427789008e-05
4.058,0.07182691037515591,-0.011587141353276155,0.07209709703062514,0.07178923532960121,0.08288584258336201,8.62149988590734,BALANCE,1,-3.0339118002552257e-05
4.0600000000000005,0.07180269495376511,-0.012265046856416864,0.07056311624273949,0.07136009364919961,-0.21457084020080203,4.970440860442968,BALANCE,1,-3.031693903431357e-05
4.062,0.07177921296317528,-0.01159953677171899,0.07209709703062514,0.07161804483269854,0.12897559174946532,2.5650388973455605,BALANCE,1,-3.0298804996729235e-05
4.064,0.07175558832688461,-0.011872359865056028,0.07209709703062514,0.07178571310197285,0.0838341346371535,5.328887423957635,BALANCE,1,-3.027817989138987e-05
4.066,0.07173134087647634,-0.012199911892404124,0.07363107781851078,0.07243159075276112,0.32293882539413676,4.977815863215599,BALANCE,1,-3.02568778708837e-05
4.0680000000000005,0.07170514258912256,-0.01342921806863841,0.07363107781851078,0.0728514112257735,0.20991023650619028,6.929406048318762,BALANCE,1,-3.023141782871475e-05
4.07,0.07167695710134327,-0.014374738986558576,0.07056311624273949,0.0720505079817116,-0.40045162203095064,6.050366565595933,BALANCE,1,-3.020484695676706e-05
4.072,0.07165049918420835,-0.012808756434665967,0.07209709703062514,0.07206681414883134,0.008153083559871155,1.1194175026550912,BALANCE,1,-3.018708616647093e-05
4.074,0.07162557084747698,-0.012354194416432143,0.07056311624273949,0.0715405198816992,-0.26314713356607317,4.389233517408849,BALANCE,1,-3.016730157113976e-05
4.0760000000000005,0.07160257940625743,-0.011279691983890974,0.07363107781851078,0.07227221515958325,0.36584763894202676,2.1872541243733665,BALANCE,1,-3.0150644174030985e-05
4.078,0.07157841195552447,-0.012326379611147853,0.07209709703062514,0.07221092381444791,-0.03064567256767098,7.2631140211112095,BALANCE,1,-3.0127658587012286e-05
4.08,0.07155365920630487,-0.012392777589977933,0.07209709703062514,0.07217108444010994,-0.019919687168981626,4.087490048325506,BALANCE,1,-3.010664772961147e-05
4.082,0.07152906883852914,-0.012265434033255486,0.07056311624273949,0.07160829557103028,-0.281394434539832,4.1709075690547435,BALANCE,1,-3.008629069384454e-05
4.0840000000000005,0.07150621832069042,-0.01121798717002708,0.07516505860639641,0.07285316263340842,0.6224335311890705,2.0453422579431613,BALANCE,1,-3.0069692855908673e-05
4.086,0.0714807433205258,-0.013265243226638012,0.07363107781851078,0.07312543294819425,0.1361351573929137,9.350658007517069,BALANCE,1,-3.004292431385149e-05
4.088,0.07145299306777506,-0.014126704943927326,0.07363107781851078,0.07330240865280503,0.08848785230539113,5.4766072360349645,BALANCE,1,-3.001708064810107e-05
4.09,0.07142427880195638,-0.014458600007262283,0.07056311624273949,0.07234365630928209,-0.47937617176146974,5.106047337611431,BALANCE,1,-2.999194120412628e-05
4.0920000000000005,0.07139828163889532,-0.012485561085837885,0.07363107781851078,0.07279425383751213,0.22529876411502003,0.5056100044651677,BALANCE,1,-2.9975775766145926e-05
4.094,0.07137290247402246,-0.012759070560816816,0.06902913545485385,0.07147646240358174,-0.6588957169651951,6.170045343170888,BALANCE,1,-2.995372996830594e-05
4.096,0.0713510412587574,-0.01055093610678478,0.07056311624273949,0.07115679124728695,-0.15983557814739507,-0.9825779915066564,BALANCE,1,-2.994087083922486e-05
4.098,0.07133162515529731,-0.009607541247923294,0.07056311624273949,0.07094900499569534,-0.10389312579580506,2.9907228496580562,BALANCE,1,-2.992660696122389e-05
4.1,0.071313140465208,-0.009211052115956563,0.07056311624273949,0.0708139439321608,-0.06753053176727225,3.42579529337528,BALANCE,1,-2.9911896118204437e-05
4.102,0.07129493629416715,-0.009094048156349474,0.06902913545485385,0.07018926096510336,-0.31234148352871777,3.7085923817914694,BALANCE,1,-2.989685709870362e-05
4.104,0.07127813799483665,-0.008385968970161138,0.0674951546669682,0.06924632376075605,-0.4714686021736539,1.7126237896764596,BALANCE,1,-2.988409239097012e-05
4.106,0.07126386667277482,-0.0072350934790598774,0.07209709703062514,0.07024409440521023,0.49888532222708976,0.3830306082561319,BALANCE,1,-2.9874046496491687e-05
4.108,0.07124689319162533,-0.00854516326358317,0.07209709703062514,0.07089264532410545,0.32427545944761077,8.205728242129332,BALANCE,1,-2.9857615729159247e-05
4.11,0.07122696668360576,-0.010187230000312894,0.07363107781851078,0.07185109669714732,0.47922568652093017,6.847762395027214,BALANCE,1,-2.9837638417033447e-05
4.112,0.07120313456873777,-0.012427884143810705,0.07209709703062514,0.07193719681386455,0.04305005835861936,8.14487129399628,BALANCE,1,-2.981227071771782e-05
4.114,0.07117741455528362,-0.01301164947719762,0.07363107781851078,0.07253005516549073,0.29642917581308714,4.660632275700829,BALANCE,1,-2.978915013682258e-05
4.116,0.07114975267291329,-0.014167149694366287,0.07056311624273949,0.07184162654252779,-0.344214311481468,6.7232367164341404,BALANCE,1,-2.9762646411096448e-05
4.118,0.0711233049118775,-0.012877786008078398,0.06902913545485385,0.07085725466184191,-0.49218594034294155,1.5567831006999238,BALANCE,1,-2.974423677008394e-05
4.12,0.0711008964881759,-0.01082258663960579,0.06902913545485385,0.0702174129393961,-0.3199208612229068,0.31394775696698174,BALANCE,1,-2.973068940141447e-05
4.122,0.07108177477515791,-0.009426900847204338,0.07056311624273949,0.07033840909556628,0.060498078085093054,1.6536778865805117,BALANCE,1,-2.971771476565927e-05
4.124,0.0710630112799508,-0.009377716426185762,0.07056311624273949,0.07041705659707691,0.039323750755312914,4.704289170414722,BALANCE,1,-2.970212788926867e-05
4.126,0.07104377046047944,-0.00965019478381123,0.07056311624273949,0.07046817747305881,0.025560437990949925,4.5396134018671175,BALANCE,1,-2.968549459265185e-05
4.128,0.07102395333675096,-0.009945895302094075,0.06902913545485385,0.06996451276668707,-0.2518323531858699,4.432574152311128,BALANCE,1,-2.9668319147807643e-05
4.13,0.07100509099476834,-0.009379919317636624,0.07056311624273949,0.07017402398330541,0.10475560830917191,2.183211940514265,BALANCE,1,-2.9653730516088646e-05
4.132,0.07098575991220071,-0.009701587993805745,0.07056311624273949,0.07031020627410733,0.0680911454009614,5.0484863054717,BALANCE,1,-2.9636933263164274e-05
4.134,0.0709656055703344,-0.010136312956838922,0.07056311624273949,0.07039872476312858,0.04425924451062491,4.763341539654132,BALANCE,1,-2.9619188029916326e-05
4.136,0.07094473603658306,-0.010489606182533475,0.07209709703062514,0.07099315505675238,0.2972151468118994,4.577997441872714,BALANCE,1,-2.9600993380511904e-05
4.138,0.07092187372581371,-0.011674401135781635,0.07056311624273949,0.07084264147184786,-0.0752567924522593,6.637310477900338,BALANCE,1,-2.957911769623752e-05
4.14,0.07089855203340283,-0.01165776796300308,0.07056311624273949,0.07074480764165994,-0.048916915093961955,3.648504148692797,BALANCE,1,-2.9559707503172875e-05
4.142,0.0708755579763626,-0.011456477544354486,0.07056311624273949,0.07068121565203778,-0.03179599481108186,3.853353137747901,BALANCE,1,-2.954103171840528e-05
4.144,0.07085291623791319,-0.011288409607987868,0.07363107781851078,0.07171366741030333,0.5162258791327756,3.9865049806336117,BALANCE,1,-2.9522567225464172e-05
4.146,0.07082757117382456,-0.013146742904387897,0.06902913545485385,0.07077408122589601,-0.4697930922036575,8.432627077680404,BALANCE,1,-2.9496605265386276e-05
4.148,0.07080348987122285,-0.011721162717567806,0.07363107781851078,0.07177403003331118,0.4999744037075815,0.4881001359245012,BALANCE,1,-2.94803283534225e-05
4.15,0.07077790627814044,-0.013165095946899203,0.07363107781851078,0.07242399675813103,0.32498336240992937,8.306237031659322,BALANCE,1,-2.94551931470425e-05
4.152,0.07074951573467272,-0.014639748512736752,0.07056311624273949,0.07177268857774399,-0.32565409019352093,6.945306704767297,BALANCE,1,-2.9427189095789975e-05
4.154,0.0707219946233753,-0.013409078999776752,0.07056311624273949,0.07134933826049242,-0.21167515862578756,1.7011285931164726,BALANCE,1,-2.94079733457857e-05
4.156,0.07069703732151389,-0.012181905670131308,0.07363107781851078,0.07214794710579885,0.39930442265321414,2.5875590266232447,BALANCE,1,-2.9390566205049834e-05
4.158,0.0706710305603449,-0.013299848955737038,0.07056311624273949,0.07159325630372806,-0.2773454010353907,7.523312207573644,BALANCE,1,-2.9365905560740256e-05
4.16,0.07064582702742922,-0.012373019955046367,0.06902913545485385,0.07069581400662209,-0.4487211485529885,2.0768321699405585,BALANCE,1,-2.9347496993199242e-05
4.162,0.07062399490006548,-0.010613495472786916,0.07209709703062514,0.07118626306502315,0.24522452920053284,0.6519796519734173,BALANCE,1,-2.9333672531072226e-05
4.164,0.07060207826184989,-0.011034857090429537,0.07209709703062514,0.07150505495298384,0.15939594398034496,6.232972017505652,BALANCE,1,-2.931449632534809e-05
4.166,0.07057890749311464,-0.01173231299498696,0.07056311624273949,0.07117537640439832,-0.16483927429276207,5.56547084902179,BALANCE,1,-2.929356383526607e-05
4.168,0.07055611878496738,-0.011311247264405463,0.07209709703062514,0.07149797862357771,0.16130110958969407,2.9518083899218026,BALANCE,1,-2.9275683461402216e-05
4.17,0.07053275588307457,-0.011782494189088229,0.0674951546669682,0.07009699023876438,-0.7004941924066629,5.580287594132216,BALANCE,1,-2.9255137010491216e-05
4.172,0.0705128746517599,-0.009694793729620163,0.07209709703062514,0.07079702761591565,0.35001868857563456,-1.3981341249274406,BALANCE,1,-2.924342813334685e-05
4.174,0.07049237192443036,-0.010346779152130805,0.07056311624273949,0.07071515863530399,-0.040934490305830074,7.047971165560016,BALANCE,1,-2.922503205377867e-05
4.176,0.07047147031654714,-0.010470235256987677,0.06902913545485385,0.07012505052214645,-0.2950540565787724,3.9154335956715984,BALANCE,1,-2.920742993735632e-05
4.178,0.07045194431416453,-0.009675247134613492,0.07363107781851078,0.07135216007587396,0.6135547768637561,1.8470705786986077,BALANCE,1,-2.919295531238835e-05
4.18,0.07042939311426483,-0.01167936848204391,0.07363107781851078,0.07214978128579684,0.3988106049614415,9.189567819462486,BALANCE,1,-2.916970565783405e-05
4.182,0.07040315822938875,-0.013649870549782988,0.07056311624273949,0.07159444852072677,-0.27766638253503423,7.519471716839343,BALANCE,1,-2.914265259561851e-05
4.184,0.0703770431012224,-0.012845982463004134,0.07209709703062514,0.0717703754991912,0.0879634892322137,2.0743358509633327,BALANCE,1,-2.912330259150836e-05
4.186,0.07035133747091421,-0.012855769149752045,0.07056311624273949,0.0713478347594331,-0.2112703698790505,5.009930443809182,BALANCE,1,-2.910200065317624e-05
4.188,0.07032696996751032,-0.011982206225383814,0.07056311624273949,0.07107318327859033,-0.13732574042138457,2.5907071265335815,BALANCE,1,-2.9084154605552832e-05
4.19,0.07030415255679898,-0.011267377112036943,0.07209709703062514,0.07143155309180252,0.17918490660609465,3.1657850733443436,BALANCE,1,-2.9067055689135467e-05
4.192,0.0702808921939789,-0.011727917006861774,0.07056311624273949,0.07112760019463046,-0.15197644858602755,5.719372438356908,BALANCE,1,-2.904669434086924e-05
4.194,0.07025812672356559,-0.011298137595994026,0.06902913545485385,0.07039313753570865,-0.3672313294609056,3.051844422989608,BALANCE,1,-2.9028933536191662e-05
4.196,0.07023767322174103,-0.010057791232471162,0.07056311624273949,0.07045263008316945,0.029746273730396622,1.285737616455274,BALANCE,1,-2.9014858717893847e-05
4.198,0.07021776965554286,-0.009937130850522868,0.06596117387908257,0.06888062041173904,-0.7860048357152052,4.46512799483334,BALANCE,1,-2.899867489267952e-05
4.2,0.07020199128182233,-0.007937923522140535,0.07056311624273949,0.0694694939525892,0.29443677042508,-2.155201461017299,BALANCE,1,-2.898945644280061e-05
4.202,0.0701853429703136,-0.008333562396999247,0.07363107781851078,0.07092604830566175,0.728277176536278,6.523663800555991,BALANCE,1,-2.8975024225967945e-05
4.204,0.07016406728365134,-0.011133261319663567,0.0674951546669682,0.06972523553211901,-0.6004063867713696,10.081780310629929,BALANCE,1,-2.8951649408500433e-05
4.206,0.07014404412487121,-0.009853203512821072,0.0674951546669682,0.06894470722931623,-0.3902641514013927,-0.6197369622438158,BALANCE,1,-2.8937992253997172e-05
4.208,0.07012685353122333,-0.008555574416633068,0.07209709703062514,0.07004804365977435,0.551668215229062,1.0145692225478324,BALANCE,1,-2.8926358768213414e-05
4.21,0.07010710996622191,-0.010069483071008807,0.0674951546669682,0.0691545325122922,-0.44675557374107555,8.616228341418957,BALANCE,1,-2.8907067800913e-05
4.212,0.07008859649111832,-0.009187908008951716,0.0674951546669682,0.0685737502664288,-0.2903911229317005,0.5752273608089276,BALANCE,1,-2.8893614001360425e-05
4.214,0.0700719538394225,-0.008310863422372602,0.07363107781851078,0.07034381490965749,0.8850323216143471,1.791296032532124,BALANCE,1,-2.8881532334080903e-05
4.216,0.07005063418505467,-0.011169486741642184,0.06902913545485385,0.06988367710047622,-0.23006890459063845,11.300887467494226,BALANCE,1,-2.8858023139546882e-05
4.218,0.07002853579294173,-0.0110227855529741,0.06902913545485385,0.06958458752450838,-0.14954478798391568,2.352469389303465,BALANCE,1,-2.8840165043330004e-05
4.22,0.07000734277482046,-0.01051639309592668,0.07056311624273949,0.06992707257588927,0.17124252569044457,2.9787169475991773,BALANCE,1,-2.882387438570324e-05
4.222,0.06998550308280091,-0.011008351594392363,0.06902913545485385,0.06961279458352687,-0.15713899618120114,5.565564560076913,BALANCE,1,-2.880476369374829e-05
4.224,0.06996412563385276,-0.010626413790481825,0.07056311624273949,0.0699454071642513,0.16630629036221145,2.9196557055620036,BALANCE,1,-2.878804992711747e-05
4.226,0.06994205304158645,-0.011129643486908243,0.06902913545485385,0.06962471206596219,-0.1603475491445544,5.527174752752769,BALANCE,1,-2.876872041998119e-05
4.228,0.06992046663187258,-0.010725043565240327,0.07056311624273949,0.06995315352783424,0.16422073093602663,2.8947023308012962,BALANCE,1,-2.8751907493297783e-05
4.23,0.06989823030037218,-0.011209970123070128,0.06902913545485385,0.0696297472022911,-0.1617031627715662,5.510955059158268,BALANCE,1,-2.8732487899238004e-05
4.232,0.0698765110323311,-0.010786962390756008,0.06902913545485385,0.06941953309068807,-0.1051070558015163,2.8841595299649367,BALANCE,1,-2.8715626212658742e-05
4.234,0.06985563366719814,-0.010377237185171102,0.0674951546669682,0.06874600064238612,-0.3367662241509778,3.3243155390291537,BALANCE,1,-2.8699394270373698e-05
4.236,0.0698367771284321,-0.00933596205635592,0.07056311624273949,0.0693819911025098,0.3179952300618391,1.4306302453353448,BALANCE,1,-2.8686092002813164e-05
4.238,0.06981665331426702,-0.010177101970340423,0.06902913545485385,0.06925849162583021,-0.061749738339791915,6.7068813066453,BALANCE,1,-2.8667812921621798e-05
4.24,0.06979614490719975,-0.010267596277975475,0.07056311624273949,0.06971511024174847,0.2283093079591264,3.661511590831477,BALANCE,1,-2.865077625080604e-05
4.242,0.06977421037264521,-0.011124206261920734,0.07056311624273949,0.07001191234209532,0.1484010501734273,6.0093810781779196,BALANCE,1,-2.863081680306177e-05
4.244,0.06975082276455527,-0.01185011569033272,0.06596117387908257,0.06859415388004085,-0.7088792310272346,5.387923141913138,BALANCE,1,-2.8609846528263364e-05
4.246,0.06973082575131645,-0.00974327620662399,0.0674951546669682,0.06820950415546542,-0.19232486228771412,-1.5553846154154254,BALANCE,1,-2.859829517898186e-05
4.248,0.06971323018539567,-0.008751874881213772,0.0674951546669682,0.0679594818344914,-0.12501116048701383,2.5539713510262128,BALANCE,1,-2.858582085695852e-05
4.25,0.06969661727809391,-0.008300595239892199,0.07363107781851078,0.06994454042889818,0.9925292972033928,3.0774796261733735,BALANCE,1,-2.8573020746645306e-05
4.252,0.06967449853250927,-0.011743554955788896,0.0674951546669682,0.06908725541222269,-0.4286425083377468,12.136906803361033,BALANCE,1,-2.8547529377616036e-05
4.2540000000000004,0.0696523098151615,-0.01094917896239298,0.0674951546669682,0.06853002015138362,-0.2786176304195309,0.7160952580313871,BALANCE,1,-2.853127045538365e-05
4.256,0.0696322465509576,-0.009899890337438625,0.06902913545485385,0.0687047105075982,0.08734517810728842,1.88286016572677,BALANCE,1,-2.851716881804921e-05
4.258,0.06961230946687837,-0.009979042991158881,0.06902913545485385,0.06881825923913767,0.056774365769736435,4.8210440553142,BALANCE,1,-2.8500673875313513e-05
4.26,0.06959186325664127,-0.010264117533933787,0.07056311624273949,0.0694289591903983,0.305349975630316,4.583290480506152,BALANCE,1,-2.8483319125145497e-05
4.2620000000000005,0.06956944838446624,-0.011436494906361724,0.07056311624273949,0.06982591415871772,0.19847748415970784,6.608537356466426,BALANCE,1,-2.8462260097308843e-05
4.264,0.0695451126853407,-0.012392406605789944,0.0674951546669682,0.06901014833660539,-0.4078829110561663,5.777374722800726,BALANCE,1,-2.843991971436766e-05
4.266,0.06952241845768047,-0.011095841563032128,0.07209709703062514,0.0700905803795123,0.5402160214534532,0.8775456117469926,BALANCE,1,-2.842460671732006e-05
4.268,0.06949781783891881,-0.01268332777067563,0.07056311624273949,0.07025596793164181,0.08269377606475586,8.527162994398363,BALANCE,1,-2.8400466327767436e-05
4.2700000000000005,0.06947167442795346,-0.01321313818507088,0.0674951546669682,0.06928968328900605,-0.48314232131788093,4.8769082844165546,BALANCE,1,-2.8377635400011692e-05
4.272,0.06944802000559853,-0.011448567914732841,0.07056311624273949,0.06973538482281275,0.22285076690334998,0.2922424267973156,BALANCE,1,-2.8362951016646795e-05
4.274,0.06942466249848554,-0.011741565751624314,0.07056311624273949,0.07002509081978711,0.1448529984871827,5.966929224595564,BALANCE,1,-2.834314905748978e-05
4.276,0.069400367093364,-0.012271419820125425,0.07056311624273949,0.07021339971782044,0.0941544490166632,5.360329437084689,BALANCE,1,-2.832195547345599e-05
4.2780000000000005,0.06937527645594097,-0.0126359377850631,0.07209709703062514,0.07087269377730208,0.32964702974082327,4.966039575202531,BALANCE,1,-2.8300508598085637e-05
4.28,0.06934825773275848,-0.013851491466811352,0.07056311624273949,0.07076434164020518,-0.05417606854845464,6.889537864564711,BALANCE,1,-2.8275030439043795e-05
4.282,0.06932080926379292,-0.013673873157714116,0.07056311624273949,0.07069391275109219,-0.03521444455649447,3.812451950024674,BALANCE,1,-2.8253166270471667e-05
4.284,0.06929404905119013,-0.013269292553490446,0.07056311624273949,0.07064813397316874,-0.0228893889617221,3.9599192086135755,BALANCE,1,-2.823251317409363e-05
4.2860000000000005,0.06926805275309549,-0.01290232266352936,0.07056311624273949,0.0706183777675185,-0.014878102825119366,4.055772926696347,BALANCE,1,-2.821235260793648e-05
4.288,0.06924268322806097,-0.012612297920006017,0.07209709703062514,0.07113592950960583,0.25877587104366356,4.1180778434501555,BALANCE,1,-2.819247533831428e-05
4.29,0.06921631511061724,-0.013396369714983477,0.07056311624273949,0.07093544486620261,-0.10024232170161018,6.3383627389256585,BALANCE,1,-2.8168828066337554e-05
4.292,0.06919009111041842,-0.01300945150446461,0.07056311624273949,0.07080512984799052,-0.06515750910604523,3.4541881183592755,BALANCE,1,-2.8148571269424312e-05
4.2940000000000005,0.06916479443424262,-0.012528733331467722,0.06902913545485385,0.07018353181039269,-0.3107990187989143,3.727047718031069,BALANCE,1,-2.812929668592398e-05
4.296,0.06914177670160389,-0.011251850834010174,0.06442719309119693,0.06816881325867417,-1.0073592758592584,1.724619758232247,BALANCE,1,-2.8113812449115664e-05
4.298,0.06912524000845932,-0.00824785815799473,0.0674951546669682,0.06793303275157708,-0.11789025354854571,-3.968745411353617,BALANCE,1,-2.810661316180247e-05
4.3,0.06911088376931078,-0.0072592299852391046,0.06902913545485385,0.06831666869772396,0.19181797307343817,3.1328599367062595,BALANCE,1,-2.8096576673322318e-05
4.3020000000000005,0.06909543346445554,-0.007715602287622906,0.06902913545485385,0.06856603206271943,0.12468168249773343,5.633543906450943,BALANCE,1,-2.8083289152580276e-05
4.304,0.06907853467840641,-0.008476802047217133,0.07056311624273949,0.06926501152572645,0.349489731503512,5.111415383745033,BALANCE,1,-2.806824169950601e-05
4.306,0.06905889525736975,-0.010016685216416155,0.07056311624273949,0.06971934817668102,0.22716832547728383,6.951818543571683,BALANCE,1,-2.804924839975702e-05
4.308,0.06903682535365849,-0.011270417822077362,0.06902913545485385,0.06947777372404151,-0.1207872263197518,6.000507494419132,BALANCE,1,-2.8028476784061664e-05
4.3100000000000005,0.06901449228257799,-0.011142918505480008,0.07209709703062514,0.07039453688134578,0.4583815786521339,3.2023686128844764,BALANCE,1,-2.8010648826062577e-05
4.312,0.06898975163017998,-0.012766331656063565,0.0674951546669682,0.06937975310631363,-0.5073918875160773,7.890724842097818,BALANCE,1,-2.79864278886369e-05
4.314,0.06896667556639735,-0.011226821748809413,0.0674951546669682,0.06872014365254273,-0.32980472688545065,0.103650086250199,BALANCE,1,-2.7971644735525683e-05
4.316,0.06894665456596534,-0.009839316600102028,0.0674951546669682,0.06829139750759164,-0.21437307247554327,1.4847708040689587,BALANCE,1,-2.7958523207950854e-05
4.3180000000000005,0.06892861906347925,-0.008963381801141335,0.0674951546669682,0.06801271251337343,-0.1393424971091045,2.3824992706511523,BALANCE,1,-2.794565517062221e-05
4.32,0.06891160491849185,-0.008494033726635458,0.07056311624273949,0.06890535381865155,0.4463206526390609,2.96602277392957,BALANCE,1,-2.7932736035943175e-05
4.322,0.06889208593127939,-0.009938478863861545,0.06902913545485385,0.06894867739132236,0.02166178633540572,7.70488645023158,BALANCE,1,-2.7914076491357984e-05
4.324,0.06887132241052123,-0.010461716584837704,0.06596117387908257,0.06790305116203843,-0.5228131146419664,4.3102149341625875,BALANCE,1,-2.7896114597459494e-05
4.3260000000000005,0.06885293880853743,-0.009093149959587465,0.0674951546669682,0.06776028738876386,-0.07138188663728673,-0.10832184741342576,BALANCE,1,-2.7884078425615566e-05
4.328,0.06883559370981415,-0.008655083389540205,0.06596117387908257,0.06713059766037541,-0.31484486419422475,3.4945621502275372,BALANCE,1,-2.7870861780542597e-05
4.33,0.06881988802998183,-0.007871799754345602,0.06902913545485385,0.06779508588844287,0.3322441140337293,1.5090769460687268,BALANCE,1,-2.7859527278057278e-05
4.332,0.06880238673165245,-0.008804977770580258,0.06902913545485385,0.0682270032366867,0.2159586741219202,6.725658065576406,BALANCE,1,-2.784370163954687e-05
4.3340000000000005,0.06878283552799588,-0.009911142667596134,0.06902913545485385,0.06850774951304521,0.14037313817925196,5.8212895871765635,BALANCE,1,-2.782567270728354e-05
4.336,0.06876163459961265,-0.010736861566597634,0.06596117387908257,0.06761644804115828,-0.4456507359434647,5.233450076216728,BALANCE,1,-2.7806703635499626e-05
4.338,0.0687422341814059,-0.009578113896308952,0.06902913545485385,0.06811088863595173,0.2472202973967247,0.49178099492177907,BALANCE,1,-2.7793525243112956e-05
4.34,0.06872212557846814,-0.010128734442307788,0.07056311624273949,0.06896916829832744,0.42913983118785665,6.064415697330901,BALANCE,1,-2.7776110434194175e-05
4.3420000000000005,0.06869919118471068,-0.011819799116190417,0.06902913545485385,0.06899015680311169,0.010494252392120873,7.571268747402501,BALANCE,1,-2.7753615189375265e-05
4.344,0.06867502335395843,-0.012163249141917982,0.0674951546669682,0.06846690605546146,-0.2616253738251112,4.223363427323668,BALANCE,1,-2.7733210204352453e-05
4.346,0.06865218489439903,-0.011235746441449125,0.06596117387908257,0.06758989979372886,-0.4385031308663037,2.015011372726798,BALANCE,1,-2.771707914585741e-05
4.348,0.06863252309883766,-0.009653387990769601,0.06596117387908257,0.06701984572360266,-0.28502703506309846,0.547368940693302,BALANCE,1,-2.7704729522991073e-05
4.3500000000000005,0.06861536913305974,-0.008543749021878854,0.06902913545485385,0.06772309712954058,0.35162570296896206,1.740974462911372,BALANCE,1,-2.769303655874248e-05
4.352,0.06859668126666439,-0.009428543033291673,0.06902913545485385,0.06818021054340023,0.228556706929825,6.876391451524132,BALANCE,1,-2.767625932236591e-05
4.354,0.06857597448009949,-0.010521439636890811,0.0674951546669682,0.06794044098664902,-0.11988477837560768,5.919266288042614,BALANCE,1,-2.7657228121696046e-05
4.356,0.06855510093044292,-0.010422103294116851,0.06902913545485385,0.06832148405052071,0.1905215319358486,3.1173482321940793,BALANCE,1,-2.7640615076107332e-05
4.358,0.06853320914063543,-0.011062057901217635,0.0674951546669682,0.06803226876627734,-0.14460764212168714,5.623461298518032,BALANCE,1,-2.7621497832571037e-05
4.36,0.06851165964238153,-0.01071692546624891,0.06902913545485385,0.06838117210727912,0.17445167050089,2.9250749890031433,BALANCE,1,-2.7604930387946764e-05
4.362,0.06848940808011297,-0.011221501959512159,0.07056311624273949,0.06914485255469024,0.38184022370556236,5.498483690443868,BALANCE,1,-2.7585820259322563e-05
4.364,0.06846473611157061,-0.012692451514486508,0.0674951546669682,0.06856745829398753,-0.28869713035135913,7.2034129429259135,BALANCE,1,-2.7562195296561798e-05
4.366,0.0684406895286958,-0.011829898683501717,0.07056311624273949,0.06926593857605072,0.3492401410315968,1.8044704548283788,BALANCE,1,-2.754508927469433e-05
4.368,0.06841557802431134,-0.012796963797433123,0.06902913545485385,0.06918305748363182,-0.041440546209449425,6.949877442815817,BALANCE,1,-2.7522336486748704e-05
4.37,0.06839013968661288,-0.012693412296274308,0.06902913545485385,0.06912918477355953,-0.026936355036144555,3.8194590793423138,BALANCE,1,-2.7502150082944955e-05
4.372,0.06836518302504999,-0.012409588964367928,0.06902913545485385,0.06909416751201254,-0.01750863077349535,3.9322602461244154,BALANCE,1,-2.7482837053104072e-05
4.374,0.06834076688974608,-0.012147296559931865,0.06902913545485385,0.069071406292007,-0.011380610002768854,4.0055810045327895,BALANCE,1,-2.7463892923936395e-05
4.376,0.06831679732264742,-0.011938304664475385,0.06902913545485385,0.0690566114990034,-0.0073973965018028776,4.05323949749827,BALANCE,1,-2.7445164535731904e-05
4.378,0.06829317464211515,-0.011776633684303312,0.0674951546669682,0.06851010160779109,-0.27325494560615643,4.084217517925781,BALANCE,1,-2.7426593590635373e-05
4.38,0.0682712872031731,-0.010767161232381068,0.0674951546669682,0.06815487017850308,-0.17761571464400272,1.9245665316182134,BALANCE,1,-2.7411441181928073e-05
4.382,0.06825111658804402,-0.009983917160397064,0.06902913545485385,0.06846086302522585,0.15299642336138314,2.668366493558163,BALANCE,1,-2.7396978918094927e-05
4.384,0.06823053941523113,-0.010341278464085554,0.06902913545485385,0.06865975837559565,0.09944767518490355,5.331623168404615,BALANCE,1,-2.7379686696703545e-05
4.386,0.06820907613729461,-0.010811945128099352,0.06596117387908257,0.06771525380181607,-0.4722522868897891,4.915166904014967,BALANCE,1,-2.736140127158812e-05
4.388,0.06818980996819336,-0.00950100553402504,0.06596117387908257,0.06710132582885935,-0.30696398647836465,0.2848969329906521,BALANCE,1,-2.7348785966173217e-05
4.39,0.06817292158695432,-0.008422326812493525,0.0674951546669682,0.06723916592219745,0.06892004666905066,1.5703676579046437,BALANCE,1,-2.733730356889861e-05
4.392,0.06815597272596421,-0.008476520553919157,0.0674951546669682,0.06732876198286722,0.04479803033488605,4.585710328684252,BALANCE,1,-2.732361610567171e-05
4.394,0.06813839320111044,-0.008808407509809914,0.06442719309119693,0.06631321287078262,-0.507774556042298,4.398109961651121,BALANCE,1,-2.7308912312019482e-05
4.396,0.06812305583263496,-0.007713315059694248,0.07056311624273949,0.06780067905096752,0.7437330900924507,-0.08340367609142696,BALANCE,1,-2.729855062184672e-05
4.398,0.0681038695386298,-0.009849688178617567,0.0674951546669682,0.06769374551656776,-0.053466767199882026,10.017905463797657,BALANCE,1,-2.727917608269857e-05
4.4,0.06808345222257335,-0.010268671944518365,0.06902913545485385,0.0681611319949679,0.23369323920006957,3.633890593395009,BALANCE,1,-2.726192311443439e-05
4.402,0.06806139402541847,-0.011203296566775869,0.07056311624273949,0.06900182648168796,0.42034724336002804,5.95921383329863,BALANCE,1,-2.7242119846957432e-05
4.404,0.06803638746629768,-0.01293423594656155,0.0674951546669682,0.06847449134653605,-0.26366756757595367,7.502887535781501,BALANCE,1,-2.7217646662815385e-05
4.406,0.06801168144349591,-0.012171956931172408,0.06902913545485385,0.06866861678444729,0.09706271895561919,1.9991289401845336,BALANCE,1,-2.7199919232950082e-05
4.408,0.06798727612453064,-0.012212591862584733,0.0674951546669682,0.06825790504332961,-0.20535587055883764,4.89661875871179,BALANCE,1,-2.7180292382469714e-05
4.41,0.06796415324245503,-0.011394099754828102,0.06902913545485385,0.06852783568736309,0.13496532201674044,2.4526273381290755,BALANCE,1,-2.7163864466365876e-05
4.412,0.06794102879209413,-0.01160683266137343,0.0674951546669682,0.06816639733022488,-0.18071917856910674,5.1913927173757095,BALANCE,1,-2.7144858648913337e-05
4.414,0.0679188273383077,-0.010987070053117469,0.0674951546669682,0.06793146239808505,-0.11746746606991487,2.6442304112606387,BALANCE,1,-2.7128612076606323e-05
4.416,0.06789776530845765,-0.010447555689927605,0.0674951546669682,0.06777875469219416,-0.07635385294544467,3.1361480153257837,BALANCE,1,-2.711302120528845e-05
4.418,0.06787746131147347,-0.010106167696153811,0.06902913545485385,0.06821638795912505,0.21881663346544344,3.455894457968092,BALANCE,1,-2.7097555718478885e-05
4.42,0.06785610654999846,-0.010793159976276908,0.07056311624273949,0.06903774285839011,0.4106774496325308,5.84351634527105,BALANCE,1,-2.7078976414565562e-05
4.422,0.06783199271188106,-0.012439132303499304,0.0674951546669682,0.06849783699139245,-0.2699529334988307,7.427684168563653,BALANCE,1,-2.705565352120974e-05
4.424,0.06780824471024983,-0.01171630631058265,0.07056311624273949,0.06922068472936391,0.3614238689857302,1.9502467514929012,BALANCE,1,-2.7038570579069477e-05
4.426,0.06778322313145979,-0.012772720184566672,0.06596117387908257,0.06807985593176544,-0.570414398799235,7.044632035647676,BALANCE,1,-2.7015856841676693e-05
4.428,0.06776069973165288,-0.010910125485777487,0.06902913545485385,0.06841210376484638,0.16612391654047265,-0.47852383448795344,BALANCE,1,-2.7002606397403604e-05
4.43,0.06773876198182775,-0.01098229569737047,0.06902913545485385,0.068628064856349,0.10798054575130583,5.433717558214564,BALANCE,1,-2.6984954799240503e-05
4.432,0.06771618924053861,-0.011360958492377221,0.0674951546669682,0.06823154629006571,-0.19825928314164132,4.9815282573913855,BALANCE,1,-2.6966069122958275e-05
4.434,0.06769446547947743,-0.010758453983618908,0.0674951546669682,0.06797380922198158,-0.12886853404206478,2.507818512270812,BALANCE,1,-2.6950189473150424e-05
4.436,0.0676738799366466,-0.010215836570464326,0.06442719309119693,0.06673249357620696,-0.6206578228873105,3.047480280982377,BALANCE,1,-2.6935013859343258e-05
4.438,0.06765695520466314,-0.008427230149256427,0.0674951546669682,0.0669994249579734,0.13346569088321797,-0.9613129685260668,BALANCE,1,-2.692509943762749e-05
4.44,0.06764010153373747,-0.008427282367374467,0.07056311624273949,0.06824671690764153,0.6236459748340667,5.087691024544148,BALANCE,1,-2.691168801461659e-05
4.442,0.06761950991835855,-0.010644412812774649,0.06596117387908257,0.0674467768476459,-0.3999700299978162,9.083970813131025,BALANCE,1,-2.689079639987258e-05
4.444,0.06759952699336688,-0.009898926707561435,0.0674951546669682,0.0674637090844087,0.008466118381400545,0.8470463708762241,BALANCE,1,-2.6876537694599513e-05
4.446,0.06757989904844065,-0.009803199443074015,0.06902913545485385,0.0680116083140645,0.2739496148278994,4.115551492115726,BALANCE,1,-2.686113346898745e-05
4.448,0.0675587041566204,-0.010755020449090985,0.06902913545485385,0.06836774281334078,0.17806724963814052,6.272293417467065,BALANCE,1,-2.6842200104272963e-05
4.45,0.06753583595738824,-0.011608643079074957,0.0674951546669682,0.06806233696211038,-0.15270292561520016,5.526602565905572,BALANCE,1,-2.6821993623402347e-05
4.452,0.0675132468695,-0.01121953173338882,0.06902913545485385,0.0684007164345706,0.16918973623011174,2.862116812805022,BALANCE,1,-2.6804998712623472e-05
4.454,0.06749009492924768,-0.011670649222733278,0.0674951546669682,0.06808376981590976,-0.15847330933042164,5.45756087591513,BALANCE,1,-2.678551400471199e-05
4.456,0.06746756799818653,-0.011167161599327208,0.06596117387908257,0.06734086123802024,-0.37145428894475724,2.8172397143112122,BALANCE,1,-2.6768859583218808e-05
4.458,0.06744750404536408,-0.009869995927197828,0.06902913545485385,0.06793175721391201,0.2954479879458821,1.068817362723157,BALANCE,1,-2.6755849468881403e-05
4.46,0.0674266396442003,-0.010536078384396757,0.06596117387908257,0.0672420530467217,-0.3448520835951513,6.439489336401778,BALANCE,1,-2.6737848587910998e-05
4.462,0.06740712633625748,-0.0096605837767287,0.0674951546669682,0.06733063861380797,0.044292783543134484,1.275706514042092,BALANCE,1,-2.6724260026848784e-05
4.464,0.06738782249788168,-0.009651369363253922,0.0674951546669682,0.06738821923241406,0.028790309303042272,4.3941805851735545,BALANCE,1,-2.67089748758362e-05
4.466,0.06736820228399697,-0.009831932374250963,0.0674951546669682,0.06742564663450801,0.018713701046974007,4.273615628369182,BALANCE,1,-2.669304915583447e-05
4.468,0.06734821775969692,-0.010016506660635686,0.06902913545485385,0.06798686772162905,0.28061054356052356,4.1952484064462725,BALANCE,1,-2.6676823815875214e-05
4.47,0.06732646841253241,-0.011062402701121282,0.06902913545485385,0.06835166142825773,0.1823968533143372,6.324096411781932,BALANCE,1,-2.665724462838654e-05
4.472,0.06730298271676073,-0.011932200284905726,0.0674951546669682,0.0680518840618064,-0.14988868322566434,5.560274512210161,BALANCE,1,-2.663651453235791e-05
4.474,0.06727978182866871,-0.01151404793474904,0.06596117387908257,0.06732013549785305,-0.3658742819766733,2.884003577903069,BALANCE,1,-2.661919549063096e-05
4.476,0.0672590111798501,-0.010194106428476547,0.0674951546669682,0.06738139220704335,0.030628354595149676,1.112213874057797,BALANCE,1,-2.6605816085736294e-05
4.478,0.06723897322539289,-0.009993639465006022,0.06902913545485385,0.06795810234377703,0.28835506836683705,4.287910369183798,BALANCE,1,-2.6590396567576772e-05
4.48,0.06721739530182605,-0.01095772279954431,0.06289321230331128,0.06618539082961401,-0.8863557570815069,6.384326687561318,BALANCE,1,-2.657117789481187e-05
4.482,0.06719994017513685,-0.008638282315969515,0.0674951546669682,0.06664380817268797,0.22920867153698038,-3.119722606875215,BALANCE,1,-2.6562226323007414e-05
4.484,0.06718249085300618,-0.008729521612649631,0.07056311624273949,0.068015565997206,0.6858789122590122,5.832297862657121,BALANCE,1,-2.6548265701691813e-05
4.486,0.06716096940945089,-0.011209005412615634,0.0674951546669682,0.06783342203162276,-0.09107198279161705,9.567965257904458,BALANCE,1,-2.652598720232521e-05
4.488,0.06713822325307935,-0.011414441920801145,0.06596117387908257,0.06717813517823369,-0.32764342669453633,3.3414294595644294,BALANCE,1,-2.6507524462566514e-05
4.49,0.0671171978766408,-0.010350497222580869,0.0674951546669682,0.06728909199929077,0.05547841052853941,1.409540697137731,BALANCE,1,-2.649339215621325e-05
4.492,0.06709661418287505,-0.010282461337732519,0.06596117387908257,0.0668243206572179,-0.23238567103643637,4.4811728041857615,BALANCE,1,-2.6477293336966338e-05
4.494,0.06707727732007286,-0.009596411456699618,0.06596117387908257,0.06652221928487054,-0.15105068617368017,2.150373871141583,BALANCE,1,-2.6463488259101225e-05
4.496,0.06705907398784043,-0.009064905282121808,0.06596117387908257,0.06632585339284475,-0.09818294601289523,2.7829276677027908,BALANCE,1,-2.645018500142863e-05
4.498,0.06704151342818028,-0.008765954363119543,0.06596117387908257,0.06619821556302799,-0.06381891490837843,3.1940876354675227,BALANCE,1,-2.6436903145362434e-05
4.5,0.06702420685603284,-0.008648840847967373,0.06289321230331128,0.06504146442212715,-0.578375570450422,3.461341614514652,BALANCE,1,-2.6423474114657576e-05
4.502,0.06700980817709627,-0.007308348148839588,0.0674951546669682,0.06590025600782151,0.4293957928471828,-0.7245166982757469,BALANCE,1,-2.6414404802234435e-05
4.5040000000000004,0.06699333826483993,-0.00825669516848167,0.06902913545485385,0.06699536381428284,0.5475539032306631,7.389181703246754,BALANCE,1,-2.6399849486160013e-05
4.506,0.06697300936385303,-0.010503440785496442,0.0674951546669682,0.06717029061272271,0.08746339921993779,8.400153054702276,BALANCE,1,-2.6379335684718188e-05
4.508,0.06695065686524053,-0.011337018769612316,0.06596117387908257,0.06674709975594867,-0.21159542838702222,4.729924630522865,BALANCE,1,-2.6359786996122103e-05
4.51,0.06692893217571533,-0.010763923356174314,0.0674951546669682,0.0670089189748055,0.13090960942841595,2.312062558260742,BALANCE,1,-2.6344031426030364e-05
4.5120000000000005,0.06690696193815632,-0.011034654066046534,0.06902913545485385,0.06771599474282243,0.35353788400846464,5.067812013915658,BALANCE,1,-2.632610761007614e-05
4.514,0.0668829195980389,-0.012315699934801437,0.06442719309119693,0.0665649141647535,-0.5755402890344624,6.891262756637063,BALANCE,1,-2.6303997984852363e-05
4.516,0.06686122958879283,-0.010547339439310162,0.06596117387908257,0.06635360506476867,-0.10565454999241636,-0.6104274623904891,BALANCE,1,-2.629124848453135e-05
4.518,0.06684148249258705,-0.009784159721251112,0.06596117387908257,0.06621625414977854,-0.06867545749506682,3.1359799039467897,BALANCE,1,-2.627737470544668e-05
4.5200000000000005,0.06682253371795381,-0.009442282639139668,0.0674951546669682,0.06666386933079492,0.22380759050819043,3.423571589026178,BALANCE,1,-2.6263179049005246e-05
4.522,0.06680243850079773,-0.01014245899774953,0.0674951546669682,0.06695481919845557,0.14547493383032517,5.790292883913219,BALANCE,1,-2.6245922887826416e-05
4.524,0.0667810024978942,-0.010836365543795417,0.06442719309119693,0.06607015006091504,-0.4423345687702626,5.181088622549936,BALANCE,1,-2.622752810168586e-05
4.526,0.06676149783894092,-0.009620544009177614,0.06902913545485385,0.06710579494879362,0.5178224439392892,0.42553245349280155,BALANCE,1,-2.6214861229782158e-05
4.5280000000000005,0.06673990867558179,-0.011047517822564547,0.06289321230331128,0.06563139102287481,-0.7372019629594064,8.168927248441932,BALANCE,1,-2.6194763395039545e-05
4.53,0.06672134787214305,-0.00913365274050323,0.06596117387908257,0.06574681502254752,0.057711999836354555,-1.959732242302763,BALANCE,1,-2.6184313617072916e-05
4.532,0.06670359837226628,-0.00885982547974485,0.0674951546669682,0.06635873389809475,0.30595943777361745,4.406504900043688,BALANCE,1,-2.6170910133652906e-05
4.534,0.06668412107566156,-0.009858192509069384,0.0674951546669682,0.06675648116720047,0.1988736345528569,6.429199536074625,BALANCE,1,-2.6153636122197437e-05
4.5360000000000005,0.06666279490987273,-0.010826645630225154,0.0674951546669682,0.06701501689211918,0.1292678624593563,5.596377946454883,BALANCE,1,-2.6134773262711408e-05
4.538,0.06664009904185111,-0.011478384706828413,0.06596117387908257,0.06664617183755636,-0.18442252728140957,5.0550439132020015,BALANCE,1,-2.6115428174002608e-05
4.54,0.06661803888790266,-0.010931617624204384,0.0674951546669682,0.06694331582785051,0.14857199514707597,2.523390092002105,BALANCE,1,-2.60994449209584e-05
4.542,0.0665956488948914,-0.011257901841162389,0.06442719309119693,0.06606267287002177,-0.4403214789143739,5.205174910847639,BALANCE,1,-2.6081129724128507e-05
4.5440000000000005,0.06657550691277518,-0.009898356076520948,0.06902913545485385,0.067100934774713,0.5191309523456186,0.44118854088631476,BALANCE,1,-2.606842123033687e-05
4.546,0.06655344394081358,-0.011294186648606487,0.06596117387908257,0.06670201846124235,-0.1994581567353257,8.17910370524773,BALANCE,1,-2.6047990187917117e-05
4.548,0.06653152827554001,-0.010885653043223413,0.06596117387908257,0.06644272285748642,-0.12964780187796343,2.4064558537919356,BALANCE,1,-2.60318020067979e-05
4.55,0.06651068001078442,-0.01034334895599616,0.06596117387908257,0.06627418071504508,-0.08427107122067207,2.949380956425478,BALANCE,1,-2.6016716059276828e-05
4.5520000000000005,0.06649066066169415,-0.009961525444492728,0.06596117387908257,0.0661646283224582,-0.05477619629343927,3.3022822731373283,BALANCE,1,-2.600188251644228e-05
4.554,0.06647112635291637,-0.00974270064427007,0.06596117387908257,0.06609341926727673,-0.03560452759073657,3.531668128999978,BALANCE,1,-2.5987065892192978e-05
4.556,0.06645182233810158,-0.009641586912990528,0.06442719309119693,0.0655102401056488,-0.29158958081396125,3.680768935310711,BALANCE,1,-2.597218291553571e-05
4.558,0.0664340399519188,-0.00884861381186634,0.0674951546669682,0.0662049602021106,0.3473600482308964,1.5978977598272386,BALANCE,1,-2.5959848337265375e-05
4.5600000000000005,0.06641464797736764,-0.009808312811109061,0.0674951546669682,0.06665652826481076,0.22578403135008196,6.751177997973807,BALANCE,1,-2.5942786111613664e-05
4.562,0.0663932842588495,-0.01086099332735387,0.06596117387908257,0.0664131542298059,-0.12168701750243233,5.805663946689302,BALANCE,1,-2.5923777331257836e-05
4.564,0.06637186475997246,-0.010680157174577081,0.06902913545485385,0.06732874765857268,0.45779671438338915,3.0112931137688954,BALANCE,1,-2.590746674446233e-05
4.566,0.06634810916345964,-0.012225354963726506,0.0674951546669682,0.06738699011151111,0.029121226469218386,7.702098574581473,BALANCE,1,-2.5885147421131943e-05
4.5680000000000005,0.06632319370306268,-0.01253332714125141,0.06596117387908257,0.06688795443016113,-0.2495178406749926,4.276189218444413,BALANCE,1,-2.5864891790776653e-05
4.57,0.06629966411944183,-0.011556625767343334,0.06596117387908257,0.06656358123728363,-0.16218659643874728,2.017134540409727,BALANCE,1,-2.5849047355966895e-05
4.572,0.0662779585188168,-0.010707935800195023,0.0674951546669682,0.06688963193767324,0.1630253501948009,2.6963221027270396,BALANCE,1,-2.5834137294091267e-05
4.574,0.06625603590146598,-0.011017590687926106,0.06596117387908257,0.0665646716171665,-0.1624801602533657,5.317580717818801,BALANCE,1,-2.5816330490690754e-05
4.5760000000000005,0.06623482657310022,-0.010526793297461522,0.06596117387908257,0.06635344740883713,-0.10561210416468875,2.6940390150030646,BALANCE,1,-2.5800930562642998e-05
4.578,0.06621455152540064,-0.010077654007198109,0.0674951546669682,0.06675304494918301,0.19979877017294034,3.136310011212718,BALANCE,1,-2.578612286843337e-05
4.58,0.06619344281177303,-0.010646458431577369,0.06442719309119693,0.06593899679888789,-0.40702407514756067,5.603572858334503,BALANCE,1,-2.5768426351260497e-05
4.582,0.06617414082980767,-0.009537324808131856,0.06902913545485385,0.06702054532847597,0.5407742647940417,0.7001472067527876,BALANCE,1,-2.5755786747153892e-05
4.5840000000000005,0.06615253236838926,-0.011078993931131625,0.06442719309119693,0.0661128720454283,-0.4538366415238332,8.34742683806089,BALANCE,1,-2.5735578493291908e-05
4.586,0.06613233544980526,-0.009952970791947178,0.06442719309119693,0.06552288441144732,-0.2949938169904895,0.3360791905350329,BALANCE,1,-2.572239018709969e-05
4.588,0.06611446982395837,-0.008872960953365297,0.06596117387908257,0.06567628572511966,0.07670065683616778,1.5714225287629238,BALANCE,1,-2.5710662398970367e-05
4.59,0.06609665522152493,-0.0089099878236486,0.0674951546669682,0.06631288985476665,0.31830206482349327,4.554182398196522,BALANCE,1,-2.569673903047427e-05
4.5920000000000005,0.06607685407244407,-0.010048248347623566,0.0674951546669682,0.06672668253903719,0.20689634213526958,6.525189909873944,BALANCE,1,-2.5679043672563788e-05
4.594,0.06605508336243145,-0.011068991751198649,0.0674951546669682,0.06699564778381305,0.13448262238793113,5.658771689424388,BALANCE,1,-2.5659825053170216e-05
4.596,0.06603189550358651,-0.011734282701709989,0.06902913545485385,0.06770736846867734,0.35586034243214465,5.095599846132233,BALANCE,1,-2.5640192211227334e-05
4.598,0.06600639420706927,-0.013102171845777852,0.06596117387908257,0.06709620036231917,-0.30558405317908377,6.909324847577798,BALANCE,1,-2.561676373264858e-05
4.6000000000000005,0.06598176122620757,-0.012074083504855775,0.0674951546669682,0.06723583436894633,0.06981700331357837,1.5810995963064798,BALANCE,1,-2.5600401591690467e-05
4.602,0.06595782399992277,-0.011938732766183308,0.06596117387908257,0.06678970319749401,-0.22306558572615653,4.592686088645406,BALANCE,1,-2.5582172191627913e-05
4.604,0.06593540433261284,-0.01104096469049237,0.06596117387908257,0.06649971793605,-0.1449926307220059,2.2228575060403886,BALANCE,1,-2.556698046901924e-05
4.606,0.065914541010658,-0.01032500961842045,0.06596117387908257,0.0663112275161114,-0.09424520996929864,2.8300420303869527,BALANCE,1,-2.5552432510203584e-05
4.6080000000000005,0.0658946786465275,-0.009876752143621423,0.06596117387908257,0.06618870874315132,-0.06125938648004342,3.224711971212295,BALANCE,1,-2.5537999793226093e-05
4.61,0.06587536032115977,-0.009633548859809707,0.0674951546669682,0.06664596481648723,0.22862803666795495,3.4812474327487317,BALANCE,1,-2.552353349771142e-05
4.612,0.06585482845482601,-0.010375354897654938,0.06596117387908257,0.0664062879883956,-0.11983841404581558,5.827782182332873,BALANCE,1,-2.5506042113854907e-05
4.614,0.06583438933131319,-0.010194715314412938,0.06596117387908257,0.06625049805013604,-0.07789496912977839,3.0256699669372114,BALANCE,1,-2.5490607078518523e-05
4.616,0.06581444727835888,-0.00993940451497519,0.06596117387908257,0.06614923459026732,-0.05063172993435838,3.351870129969935,BALANCE,1,-2.5475713752019923e-05
4.618,0.06579486816202947,-0.009770519069323497,0.06596117387908257,0.06608341334135266,-0.03291062445733017,3.5639002359411722,BALANCE,1,-2.5460912749145054e-05
4.62,0.06577546906359089,-0.009691237773766096,0.06442719309119693,0.06550373625379816,-0.289838543777253,3.701719804822518,BALANCE,1,-2.5446065056269145e-05
4.622,0.06575756968203467,-0.008904223952918244,0.06596117387908257,0.0656638394226477,0.08005158442477012,1.6115158250098656,BALANCE,1,-2.5433778334989235e-05
4.624,0.06573951122058605,-0.00903903232227541,0.06902913545485385,0.06684169303391985,0.5889268056360752,4.580243040757023,BALANCE,1,-2.5419553285483677e-05
4.626,0.06571795304611154,-0.011160554050685728,0.06596117387908257,0.0665335113297268,-0.1540908520965209,8.721916027123793,BALANCE,1,-2.539831339162558e-05
4.628,0.06569578529842231,-0.011067023468593272,0.06442719309119693,0.06579629994624135,-0.3686056917427266,2.759283863011441,BALANCE,1,-2.5381400701886727e-05
4.63,0.06567577296348466,-0.009856551694880578,0.06442719309119693,0.06531711254697581,-0.2395936996327716,0.9989324628326681,BALANCE,1,-2.5368638818488693e-05
4.632,0.0656578398139714,-0.008911498207608828,0.0674951546669682,0.06607942728897315,0.3811573709986693,2.0022771557563757,BALANCE,1,-2.5356677849721536e-05
4.634,0.06563822959817193,-0.009931199701916934,0.06596117387908257,0.06603803859551144,-0.02069434673085402,7.0140246053277435,BALANCE,1,-2.5339484302577326e-05
4.636,0.06561795851140295,-0.010168568420780726,0.06596117387908257,0.06601113594476134,-0.013451325375050949,3.796727541883854,BALANCE,1,-2.532332571650857e-05
4.638,0.06559754650414464,-0.010212625514913325,0.06442719309119693,0.0654567559460138,-0.27718999937376837,3.8530575536852725,BALANCE,1,-2.5307476347238706e-05
4.64,0.06557856916791896,-0.009414113698234552,0.06442719309119693,0.0650964089468279,-0.1801734995929491,1.7098853617706813,BALANCE,1,-2.5294506098860762e-05
4.642,0.06556096275375727,-0.008772259498591183,0.06596117387908257,0.06539907667311703,0.15133386314456626,2.4643965400660814,BALANCE,1,-2.528217078779272e-05
4.644,0.06554270134836296,-0.00916147589120693,0.06442719309119693,0.065058917419445,-0.17007962683601718,5.134615505543552,BALANCE,1,-2.526734444214623e-05
4.646,0.06552492330488638,-0.008873020459233221,0.0674951546669682,0.06591160045607812,0.42634151831656003,2.5428980304785624,BALANCE,1,-2.5254194031662552e-05
4.648,0.06550479250996584,-0.010259878588219216,0.06902913545485385,0.06700273770564963,0.5455686247857541,7.365428173897167,BALANCE,1,-2.5235849084192463e-05
4.65,0.06548070767532833,-0.012585432535348525,0.06442719309119693,0.06610129709059119,-0.45072030752921904,8.38471326062501,BALANCE,1,-2.5211626427376442e-05
4.652,0.06545753161453591,-0.011331009762356778,0.06596117387908257,0.06605225396656317,-0.02452156201401129,0.36031536520171903,BALANCE,1,-2.519697747897252e-05
4.654,0.06543563359117632,-0.01086730537415105,0.0674951546669682,0.06655726921170493,0.2525076225708828,3.7669627418817,BALANCE,1,-2.5181216437730583e-05
4.656,0.06541277426192002,-0.011573708143410952,0.06442719309119693,0.06581174256952713,-0.37276332108890364,6.013497133269358,BALANCE,1,-2.516193241781775e-05
4.658,0.06539155387737344,-0.010430141011643034,0.06289321230331128,0.06479025697635159,-0.5107427965877694,0.9665979854603983,BALANCE,1,-2.5148290226115476e-05
4.66,0.0653739639308266,-0.008719926191362644,0.06289321230331128,0.06412629134078748,-0.3319828177820519,-0.19852695412106014,BALANCE,1,-2.513825454850878e-05
4.662,0.06535905051603093,-0.007526919981465487,0.06442719309119693,0.06423160695343079,0.0526578063216529,1.1917149381908336,BALANCE,1,-2.5128854404106636e-05
4.664,0.06534409867202665,-0.007478687175042875,0.06596117387908257,0.06483695537740891,0.302674211989061,4.275158867779071,BALANCE,1,-2.511743705766415e-05
4.666,0.06532709403889701,-0.008548212580149872,0.06596117387908257,0.0652304318529947,0.1967382377928914,6.3116110185570236,BALANCE,1,-2.510253918414584e-05
4.668,0.06530812142812438,-0.00959680301503846,0.06442719309119693,0.06494929828636548,-0.1405667833146093,5.487731813522813,BALANCE,1,-2.50859316430615e-05
4.67,0.06528911603808162,-0.009492932287904762,0.06596117387908257,0.06530345474381646,0.17707822872549406,2.772423630665054,BALANCE,1,-2.5071544173821548e-05
4.672,0.06526910159914485,-0.010085930431796097,0.06442719309119693,0.06499676316539962,-0.15334578920842,5.33483311443294,BALANCE,1,-2.5054936261415216e-05
4.674,0.06524947560708307,-0.009777655919286279,0.06442719309119693,0.06479741363942867,-0.0996747629854744,2.6730394762566174,BALANCE,1,-2.5040522805699307e-05
4.676,0.06523053087256865,-0.0094407719551895,0.06442719309119693,0.06466783644754756,-0.06478859594055697,3.090446714481925,BALANCE,1,-2.5026674068378274e-05
4.678,0.06521204253592494,-0.009227274078979594,0.06442719309119693,0.06458361127282485,-0.04211258736135787,3.361761419328398,BALANCE,1,-2.501291419220123e-05
4.68,0.0651937702514329,-0.00912924877669251,0.0674951546669682,0.06560265146077503,0.509520093975091,3.5381159774786277,BALANCE,1,-2.4999090832257828e-05
4.682,0.06517263182815909,-0.010859681362517516,0.0674951546669682,0.06626502758294264,0.33118806108380777,8.01231983944723,BALANCE,1,-2.4979192483085104e-05
4.684,0.06514852639218516,-0.012412735787093608,0.06596117387908257,0.06615867878659162,-0.05317439817550951,6.625406143647021,BALANCE,1,-2.495685971167783e-05
4.686,0.06512375132880735,-0.012380109917814715,0.06289321230331128,0.06501576551744351,-0.5714566345740579,3.5441255417914213,BALANCE,1,-2.4937962335268197e-05
4.688,0.06510241866140795,-0.010343400812694345,0.06596117387908257,0.06534665844401719,0.1654464632868391,-0.6707071455458529,BALANCE,1,-2.4926558817323268e-05
4.69,0.0650817624893916,-0.010325972997311576,0.06442719309119693,0.0650248455705301,-0.16090643674354643,5.244371212935744,BALANCE,1,-2.4910780332992678e-05
4.692,0.06506199425127601,-0.009824701998739869,0.06596117387908257,0.06535256047852346,0.1638574539966839,2.614239240283434,BALANCE,1,-2.4896725464692734e-05
4.694,0.0650416190678151,-0.010247698793931658,0.06442719309119693,0.06502868189295917,-0.16193929278214558,5.232013260684878,BALANCE,1,-2.4880227698159602e-05
4.696,0.06502181335163217,-0.009855891706316065,0.06289321230331128,0.0642812675365824,-0.3737071781883816,2.6062065713203855,BALANCE,1,-2.486591623494949e-05
4.698,0.06500424382653676,-0.008734438400465235,0.06442719309119693,0.0643323414806975,0.025536972057545182,0.8672186266878916,BALANCE,1,-2.48547029680864e-05
4.7,0.06498703535867094,-0.00859953435819931,0.06442719309119693,0.0643655395443723,0.016599031837399858,4.0642362653022115,BALANCE,1,-2.4841794976098122e-05
4.702,0.06496957119205705,-0.008739424433846356,0.059825250727540004,0.062776438458481,-0.7945505429456517,3.9947246273615367,BALANCE,1,-2.4828186879068877e-05
4.704,0.06495609438373504,-0.006955190116226726,0.06596117387908257,0.06389109585569154,0.5573286986052736,-2.5898180360563545,BALANCE,1,-2.4820874811723085e-05
4.706,0.06494007585855537,-0.00801791454452158,0.06442719309119693,0.06407872988811843,0.0938170162134433,8.292095340183682,BALANCE,1,-2.4806938844445006e-05
4.708,0.06492262661970039,-0.008765570919072188,0.06442719309119693,0.0642006920091959,0.060981060538735365,4.595259922994652,BALANCE,1,-2.4792272024145257e-05
4.71,0.06490418283420098,-0.009264540169868324,0.06442719309119693,0.06427996738789626,0.03963768935018319,4.339890004861637,BALANCE,1,-2.4777228282391515e-05
4.712,0.06488507300136734,-0.009589133160405541,0.06596117387908257,0.06486838965981147,0.2942111359576019,4.173899558075242,BALANCE,1,-2.476198699411686e-05
4.714,0.06486407014927158,-0.010676901830795347,0.06442719309119693,0.06471397086079637,-0.0772093995075468,6.245792467249503,BALANCE,1,-2.4743606851410072e-05
4.716,0.06484278363904222,-0.010637220823628201,0.06902913545485385,0.0662242784687165,0.7551538039600597,3.2651630555874083,BALANCE,1,-2.472745717319341e-05
4.718,0.06481747200625479,-0.013351813248801012,0.06596117387908257,0.06613219186234462,-0.046043303185937245,10.014687139803467,BALANCE,1,-2.4701207182007532e-05
4.72,0.06479058065362328,-0.013482359436889252,0.06442719309119693,0.06553544229244293,-0.29837478495084446,3.599585086253179,BALANCE,1,-2.468033318708589e-05
4.722,0.06476567085107639,-0.012129118162301913,0.06596117387908257,0.06568444834776681,0.07450302766193878,1.5451282579398202,BALANCE,1,-2.466504795595541e-05
4.724,0.06474177754693551,-0.01189488877365,0.06289321230331128,0.06470751573220737,-0.4884663077797183,4.537091122161518,BALANCE,1,-2.4647447500614174e-05
4.726,0.06472097218726436,-0.0101498893719006,0.06442719309119693,0.06460940280785371,-0.04905646217683024,-0.02527951830530384,BALANCE,1,-2.463570778348042e-05
4.728,0.06470173100380838,-0.009560239794301595,0.06289321230331128,0.06400873613126386,-0.30033333829492664,3.484112471056581,BALANCE,1,-2.4622300110843002e-05
4.73,0.06468442218377628,-0.008620313865921027,0.06289321230331128,0.06361830279148045,-0.19521666989170267,1.4378574615164181,BALANCE,1,-2.461095023916298e-05
4.732,0.06466852985379012,-0.007956820922633235,0.06289321230331128,0.06336452112062124,-0.126890835429605,2.2553648083552056,BALANCE,1,-2.4600031913061276e-05
4.734,0.06465337506073297,-0.007593454371091289,0.06135923151542565,0.06266266975880279,-0.35092568090922677,2.7867445838004343,BALANCE,1,-2.4589107006828116e-05
4.736,0.06463992991337872,-0.006817131206792114,0.06442719309119693,0.06328025292514074,0.30879158316897415,0.9523547382543534,BALANCE,1,-2.4580075409895666e-05
4.738,0.06462470033468481,-0.007594976001765061,0.0674951546669682,0.06475546853478036,0.7376078048198093,6.267147840860238,BALANCE,1,-2.4567300251990893e-05
4.74,0.06460467671139135,-0.010429839096344314,0.06442719309119693,0.06464057212952616,-0.05744820262709727,9.786190550645296,BALANCE,1,-2.4546629556009624e-05
4.742,0.06458312220889686,-0.01084982455790629,0.06596117387908257,0.06510278274187091,0.23110530617237446,3.4188487067547917,BALANCE,1,-2.452929762482246e-05
4.744,0.06456010394742617,-0.011681953148751171,0.0674951546669682,0.06594011291565496,0.4186650868920269,5.75500941389125,BALANCE,1,-2.4509812819138614e-05
4.746,0.06453435489975955,-0.013297098550327999,0.06442719309119693,0.06541059097709465,-0.2647609692801589,7.305727470075514,BALANCE,1,-2.4485957543489307e-05
4.748,0.06450911945926374,-0.012394362354419354,0.0674951546669682,0.06614018826855039,0.36479864572787346,1.8065477043844074,BALANCE,1,-2.4469277142524427e-05
4.75,0.06448296150867948,-0.01332895759228215,0.06442719309119693,0.06554063995647669,-0.29977415603685276,6.886800461936011,BALANCE,1,-2.444686619112567e-05
4.752,0.06445807116984215,-0.012165147269989792,0.06289321230331128,0.0646140402778688,-0.46329983930394614,1.5342451490937794,BALANCE,1,-2.443115366089643e-05
4.7540000000000004,0.06443697506810574,-0.010257129848823763,0.0674951546669682,0.06562243031405358,0.5041950180923945,0.17044370224055871,BALANCE,1,-2.441972305040504e-05
4.756,0.06441459358395024,-0.011416294361008147,0.06442719309119693,0.06520409728605375,-0.20916651399991576,7.970905963582371,BALANCE,1,-2.4400080424459956e-05
4.758,0.06439263252727417,-0.01088637539973999,0.06442719309119693,0.06493218081785386,-0.13595823409994628,2.2389137251638993,BALANCE,1,-2.438470260367338e-05
4.76,0.06437190624927287,-0.010274051972507635,0.06289321230331128,0.06421854183776396,-0.35681949004495034,2.808264976271661,BALANCE,1,-2.437038692290262e-05
4.7620000000000005,0.0643535650542741,-0.009085956219402787,0.06289321230331128,0.06375467650070553,-0.2319326685292153,0.9985565899062347,BALANCE,1,-2.4358953291341004e-05
4.764,0.06433710701425602,-0.008224737085674415,0.06289321230331128,0.06345316403161755,-0.1507562345439903,1.9698192418086093,BALANCE,1,-2.4348085585016204e-05
4.766,0.0643216886513822,-0.007726216354937007,0.06596117387908257,0.0643309674782303,0.43890172330637856,2.6011399655451304,BALANCE,1,-2.433726573185615e-05
4.768,0.064303801588547,-0.009041360023956186,0.06289321230331128,0.06382775316700864,-0.2516071556108307,7.371071835144846,BALANCE,1,-2.4321380766357236e-05
4.7700000000000005,0.06428629304961399,-0.008740397045335477,0.06289321230331128,0.06350066386471456,-0.16354465114704064,1.8168079451338732,BALANCE,1,-2.4308708851766593e-05
4.772,0.06426964776388128,-0.008316569263495726,0.06596117387908257,0.06436184236974336,0.43058925251440033,2.5016826227065487,BALANCE,1,-2.4296893480253165e-05
4.774,0.06425065418263119,-0.009639746532227761,0.06596117387908257,0.06492160839801209,0.27988301413436195,7.306424562299805,BALANCE,1,-2.4280000948059998e-05
4.776,0.06422920150105793,-0.010954406803822595,0.06442719309119693,0.06474856304062679,-0.08652267869264929,6.134360616955621,BALANCE,1,-2.4260900963513537e-05
4.7780000000000005,0.06420737480955586,-0.01090506546273234,0.0674951546669682,0.06570987010984629,0.48065353460974986,3.192732352896413,BALANCE,1,-2.4244526858772145e-05
4.78,0.06418306755530392,-0.012539050917497992,0.06135923151542565,0.06418714660179907,-0.7613617540236095,7.787820483468776,BALANCE,1,-2.422208421459964e-05
4.782,0.0641619260691972,-0.01021513408213761,0.06442719309119693,0.06427116287308832,0.042008135644623634,-2.2396652360809317,BALANCE,1,-2.4211764487692398e-05
4.784,0.06414235165265114,-0.009732793783743468,0.06442719309119693,0.06432577344942633,0.02730528816900779,4.1923348575422885,BALANCE,1,-2.419801835937754e-05
4.7860000000000005,0.06412290152733394,-0.009724585170585585,0.06442719309119693,0.06436127032404604,0.017748437309852982,4.077988712317643,BALANCE,1,-2.418336121283077e-05
4.788,0.06410329488414464,-0.009814310849302756,0.06442719309119693,0.06438434329254886,0.011536484251409296,4.003663717921587,BALANCE,1,-2.4168386440882278e-05
4.79,0.06408351151089936,-0.009903012635794626,0.06289321230331128,0.06386244744631571,-0.2609479231165737,3.955352471564206,BALANCE,1,-2.4153283398257248e-05
4.792,0.06406504322072859,-0.009178190063865027,0.06289321230331128,0.06352321514626416,-0.16961615002577396,1.7441634618463526,BALANCE,1,-2.4140837873919242e-05
4.7940000000000005,0.06404783539997073,-0.008583558069026158,0.06442719309119693,0.06383960742699063,0.15819614036323426,2.454463708569658,BALANCE,1,-2.4128997384944393e-05
4.796,0.06402991313181132,-0.008988705306786473,0.06596117387908257,0.06458215568522281,0.37127412911609065,5.095945568525312,BALANCE,1,-2.4114736238062462e-05
4.798,0.0640095521913489,-0.010384833456308173,0.059825250727540004,0.06291723895003383,-0.8324583675944908,6.845122374042093,BALANCE,1,-2.4096516778740736e-05
4.8,0.06399277134248291,-0.008361937526740245,0.0674951546669682,0.06451950945096085,0.8011352504635124,-2.8846326037538965,BALANCE,1,-2.408792744811258e-05
4.8020000000000005,0.06397270232356646,-0.010311858981506588,0.06442719309119693,0.06448719872504348,-0.016155362958687747,10.28025257076575,BALANCE,1,-2.4068937685521332e-05
4.804,0.06395142521106531,-0.010703488463594462,0.06289321230331128,0.06392930347743721,-0.27894762380313576,3.7399890198331067,BALANCE,1,-2.405204987133124e-05
4.806,0.06393146346485738,-0.009879273206304775,0.06289321230331128,0.06356667156649314,-0.18131595547203616,1.6041772182211465,BALANCE,1,-2.4038844088757833e-05
4.808,0.06391304394249522,-0.009155013679376083,0.06442719309119693,0.06386785410013947,0.15059126682316626,2.363472650213299,BALANCE,1,-2.402646345003179e-05
4.8100000000000005,0.06389415510683324,-0.009476090298002452,0.06289321230331128,0.0635267294712496,-0.17056231444493447,5.0368013805936975,BALANCE,1,-2.4011625473638002e-05
4.812,0.06387588777938083,-0.009107158887560434,0.06135923151542565,0.06276810518671122,-0.3793121422691892,2.4471052527155,BALANCE,1,-2.3998628091974772e-05
4.814,0.06385977469373733,-0.008066176067343979,0.06289321230331128,0.06281189267752124,0.021893745405010545,0.7315891730491595,BALANCE,1,-2.3988428564659785e-05
4.816,0.06384387511273522,-0.007951456498560326,0.06135923151542565,0.062303461270787786,-0.25421570336672805,3.943863523891359,BALANCE,1,-2.3976681550131763e-05
4.8180000000000005,0.06382910416636506,-0.007418224183801298,0.06289321230331128,0.062509874132171,0.1032064306916089,1.7044820493134427,BALANCE,1,-2.3966463168653093e-05
4.82,0.06381367569409734,-0.007707488154289122,0.06289321230331128,0.0626440424920701,0.0670841799495503,4.576243893463131,BALANCE,1,-2.395441284032425e-05
4.822,0.06379738013125334,-0.008152780009604843,0.06289321230331128,0.06273125192600451,0.04360471696720353,4.295315989120608,BALANCE,1,-2.394142791432687e-05
4.824,0.06378032158075696,-0.008544324824789071,0.06442719309119693,0.06332483133382186,0.2967897039086731,4.112712851297899,BALANCE,1,-2.3927929601892838e-05
4.8260000000000005,0.06376121438369685,-0.009678278119908929,0.06596117387908257,0.06424755122466311,0.4613599454206252,6.173807511298696,BALANCE,1,-2.3911391252783148e-05
4.828,0.06373881909433234,-0.011571908444216239,0.06442719309119693,0.06431042587794994,0.03143732664341592,7.545732636844788,BALANCE,1,-2.389030348285015e-05
4.83,0.06371505937557076,-0.011968084771167838,0.06135923151542565,0.06327750785106644,-0.5164590134417515,4.110124165824324,BALANCE,1,-2.3871496385588702e-05
4.832,0.06369408869211711,-0.01022491972364469,0.06289321230331128,0.06314300440935214,-0.06725172085714909,-0.3350216364700258,BALANCE,1,-2.3859906984848838e-05
4.8340000000000005,0.06367484686740861,-0.009552235910616769,0.0674951546669682,0.06466625699951777,0.7616262950828137,3.2505664977039355,BALANCE,1,-2.3846910330895163e-05
4.836,0.06365187610406052,-0.012005484662184839,0.06442719309119693,0.06458258463160547,-0.04183618395614541,9.972985780633575,BALANCE,1,-2.3824065410274417e-05
4.838,0.06362754083354275,-0.012217388771450914,0.06289321230331128,0.06399130431670251,-0.2956401574514822,3.540265606247165,BALANCE,1,-2.380529902866618e-05
4.84,0.06360496390370445,-0.011068684055256704,0.06289321230331128,0.06360697211201558,-0.1921661023434676,1.474356999390293,BALANCE,1,-2.3791255989499925e-05
4.8420000000000005,0.0635844977359158,-0.01010007622242395,0.06596117387908257,0.06443094273048902,0.41198530923672316,2.2790895079731937,BALANCE,1,-2.377813169859111e-05
4.844,0.06356251489726895,-0.011194002117497838,0.06442719309119693,0.0644296303567368,-0.0006561868761134626,7.161739037723127,BALANCE,1,-2.3759206391893397e-05
4.846,0.06353988056009664,-0.011347839025675805,0.06442719309119693,0.06442877731379784,-0.00042652146947652625,3.8605283263953,BALANCE,1,-2.3741914585976934e-05
4.848,0.06351731441382778,-0.011268003022109823,0.06442719309119693,0.06442822283588752,-0.00027723895516112984,3.8623144670720584,BALANCE,1,-2.372524224069797e-05
4.8500000000000005,0.0634949843356735,-0.01114164626051416,0.06289321230331128,0.06389096914948583,-0.26862684320084346,3.863475458511962,BALANCE,1,-2.3708861656875303e-05
4.852,0.0634743671979355,-0.010171221177255187,0.06135923151542565,0.06300486097756476,-0.4430540859605356,1.6844434033624025,BALANCE,1,-2.3695670097595314e-05
4.854,0.0634568801306161,-0.008682889935936798,0.06442719309119693,0.06350267721733602,0.24890811988562828,0.23585897096960107,BALANCE,1,-2.3685607166252054e-05
4.856,0.0634388147902935,-0.009060063353540596,0.06289321230331128,0.06328936449742736,-0.10665635995432687,5.801425592125187,BALANCE,1,-2.3671409237697885e-05
4.8580000000000005,0.06342093717208906,-0.008931341177560347,0.06442719309119693,0.06368760450524671,0.19912000390967521,2.9441109902110267,BALANCE,1,-2.3658316060899376e-05
4.86,0.06340189739830127,-0.009588786322250962,0.06289321230331128,0.06340956723456931,-0.13901863533870296,5.414216301592205,BALANCE,1,-2.364281401884788e-05
4.862,0.0633831078996808,-0.009375841485347605,0.06442719309119693,0.06376573628438897,0.17808452490983284,2.6924249513645346,BALANCE,1,-2.3629232386812254e-05
4.864,0.06336339965538762,-0.009921736926659031,0.06442719309119693,0.06399724616677176,0.11575494119139135,5.250620376342001,BALANCE,1,-2.3613415610301595e-05
4.866,0.06334267171285007,-0.010443156958906389,0.06289321230331128,0.06361083431456059,-0.19320592610558296,4.765874299537437,BALANCE,1,-2.3596834559256885e-05
4.868,0.06332267868795995,-0.009932654982062541,0.06135923151542565,0.06282277333486336,-0.3940304898486166,2.2710026500289717,BALANCE,1,-2.358304821232055e-05
4.87,0.0633051715526587,-0.00870154346345377,0.06135923151542565,0.06231053369806016,-0.25611981840159903,0.6171224813028684,BALANCE,1,-2.3572455324736886e-05
4.872,0.06328965704100044,-0.007787115563584095,0.06135923151542565,0.06197757793413808,-0.1664778819610406,1.6896734746708173,BALANCE,1,-2.3562510890538248e-05
4.874,0.06327524355928843,-0.007248160622166048,0.06289321230331128,0.0622980499633487,0.16023601460531112,2.3868316203599598,BALANCE,1,-2.3552644929841076e-05
4.876,0.06325983721790934,-0.007693037815492831,0.06289321230331128,0.0625063567823356,0.10415340949344876,5.019771114643411,BALANCE,1,-2.3540469150634328e-05
4.878,0.06324327986342893,-0.008292007506555232,0.06135923151542565,0.062104862938917114,-0.20074692170924183,4.583608682887726,BALANCE,1,-2.3527127521220217e-05
4.88,0.06322721527102868,-0.008034159087977367,0.06289321230331128,0.06238078521645507,0.1379611387689779,2.120316402661092,BALANCE,1,-2.3515625953262616e-05
4.882,0.06321027721835801,-0.0084846073916798,0.059825250727540004,0.061486348145334796,-0.44721853556013713,4.846536223139127,BALANCE,1,-2.3502235170932525e-05
4.884,0.06319528387507599,-0.007547650336621081,0.06289321230331128,0.06197875060062657,0.24620122764588623,0.1114326042389906,BALANCE,1,-2.3492689499365915e-05
4.886,0.06317914435795045,-0.008073001756656073,0.06442719309119693,0.0628357054723262,0.42847743584981457,5.688334857204684,BALANCE,1,-2.347981692788071e-05
4.888,0.06316012214708568,-0.00969102365648284,0.06596117387908257,0.06392961941469093,0.5469569711823649,7.197961815138088,BALANCE,1,-2.346261491604895e-05
4.89,0.06313705862964218,-0.012031397300891965,0.06289321230331128,0.06356687692570805,-0.1813712444914406,8.211432934340374,BALANCE,1,-2.3440058449114752e-05
4.892,0.06311350188955701,-0.011709381314694862,0.059825250727540004,0.06225730775634923,-0.6547845846794076,2.363042659610958,BALANCE,1,-2.342338026177394e-05
4.894,0.06309404282567278,-0.009497740117010094,0.06135923151542565,0.06194298107202598,-0.15716334216162725,-1.5028382120543067,BALANCE,1,-2.34139374778939e-05
4.896,0.06307699002815337,-0.008499759071994207,0.06442719309119693,0.06281245527873582,0.4347371033549194,2.4592721270285405,BALANCE,1,-2.340319759811709e-05
4.898,0.0630580186656183,-0.009602248753516299,0.06289321230331128,0.06284072023733722,0.014132479300703327,7.246644143563504,BALANCE,1,-2.3386993235986112e-05
4.9,0.06303821683683845,-0.009943919021151867,0.06442719309119693,0.06339598573618813,0.27763274942545213,3.88350304864586,BALANCE,1,-2.3371593648537402e-05
4.902,0.06301669002972157,-0.010935928716868904,0.06289321230331128,0.06322001503468123,-0.08798535075344588,6.024821139574905,BALANCE,1,-2.3353422821055788e-05
4.904,0.06299507232590686,-0.01078313538375701,0.06289321230331128,0.06310563407870175,-0.05719047798974364,3.089318096053307,BALANCE,1,-2.3337753439689274e-05
4.906,0.06297402010975116,-0.010479089770986312,0.06289321230331128,0.06303128645731508,-0.037173810693333365,3.328814220804156,BALANCE,1,-2.3322844073112493e-05
4.908,0.06295348873205227,-0.010230810525220938,0.06442719309119693,0.06351985377917373,0.24428366092932308,3.484486701892238,BALANCE,1,-2.3308184540602842e-05
4.91,0.06293186502092522,-0.01093530510378331,0.06442719309119693,0.06383742253838184,0.1587843796040586,5.765460514185008,BALANCE,1,-2.3290582236428862e-05
4.912,0.06290900455345863,-0.011556881220436148,0.06135923151542565,0.06297005568034718,-0.43368342901733276,5.100520389135379,BALANCE,1,-2.3272169408740545e-05
4.914,0.0628882617067266,-0.0101720925257974,0.059825250727540004,0.06186937394686467,-0.550340866741255,0.3087359086821686,BALANCE,1,-2.326003024831085e-05
4.916,0.06287157564741958,-0.008323312516304443,0.06442719309119693,0.06276461064738097,0.44761835025814917,-0.6905644971181601,BALANCE,1,-2.3251334344200876e-05
4.918,0.06285341729497498,-0.009143671138934582,0.06289321230331128,0.06280962122695657,0.022505289787803917,7.346823440908052,BALANCE,1,-2.3236377250490404e-05
4.92,0.06283450771824435,-0.009489105864499211,0.06289321230331128,0.06283887810368072,0.014628438362071505,3.948619591919826,BALANCE,1,-2.3221710618243946e-05
4.922,0.06281523372005639,-0.009655413226232609,0.06289321230331128,0.06285789507355141,0.009508484935347172,3.887360193117415,BALANCE,1,-2.3207125824931498e-05
4.924,0.06279576542049155,-0.009744724965020593,0.06135923151542565,0.062333362828207395,-0.26226612267200855,3.847541583895862,BALANCE,1,-2.3192556652751997e-05
4.926,0.0627776415986287,-0.009013916677463686,0.06135923151542565,0.06199241686873378,-0.17047297973680695,1.641872788316375,BALANCE,1,-2.318063197146517e-05
4.928,0.06276079972242554,-0.008408367395465815,0.06442719309119693,0.06284458854659589,0.42608583893105273,2.3557611742295714,BALANCE,1,-2.3169320693922824e-05
4.93,0.06274181079318922,-0.009624727273147074,0.06289321230331128,0.06286160686144628,0.008509157425194702,7.179362024244175,BALANCE,1,-2.315296291232953e-05
4.932,0.06272194841613078,-0.009976018945115609,0.06442719309119693,0.063409562041859,0.2739775902063646,3.8397696710883342,BALANCE,1,-2.313757010714406e-05
4.934,0.06270037485734306,-0.010958776788138452,0.059825250727540004,0.06215505308184736,-0.627254480005824,5.996394444162457,BALANCE,1,-2.311945962831981e-05
4.936,0.06268164594407809,-0.009221047937097812,0.06442719309119693,0.0629503020851197,0.39762450163617274,-1.28873265513575,BALANCE,1,-2.3109387255765922e-05
4.938,0.0626618818392715,-0.0099777701396561,0.06289321230331128,0.06293032066148675,-0.009990711816475206,6.958014138196564,BALANCE,1,-2.30932657243517e-05
4.94,0.06264167322941973,-0.010124579367304177,0.06135923151542565,0.06238043946036537,-0.27494060056069275,3.6958935451574035,BALANCE,1,-2.3078056085428885e-05
4.942,0.06262289494018962,-0.009319079175733117,0.06135923151542565,0.062023016679636465,-0.17871139036445063,1.5433015631363802,BALANCE,1,-2.306589036654282e-05
4.944,0.06260555771818524,-0.0086425671352116,0.06289321230331128,0.06232758514792265,0.15228423414309286,2.2916898778625825,BALANCE,1,-2.3054415676613793e-05
4.946,0.06258764897826188,-0.008976858276772418,0.06289321230331128,0.06252555465230868,0.09898475219301262,4.957928982020102,BALANCE,1,-2.3040599303072117e-05
4.948,0.06256886681921274,-0.009434994377415254,0.06135923151542565,0.062117341554399616,-0.20410654895453018,4.5434112966826214,BALANCE,1,-2.3025872307579882e-05
4.95,0.06255083379106761,-0.00898802131190374,0.06135923151542565,0.061852003040758725,-0.1326692568204453,2.0941881016277355,BALANCE,1,-2.3013478819305645e-05
4.952,0.06253369104322581,-0.00855731943749268,0.06135923151542565,0.06167953300689215,-0.08623501693328858,2.6497661278819606,BALANCE,1,-2.300167180019712e-05
4.954,0.06251710048026302,-0.008291871945653317,0.06289321230331128,0.06210432076063885,0.21239387687334993,3.0108918449472206,BALANCE,1,-2.298994536341158e-05
4.956,0.062499297949435574,-0.008944159412071283,0.06289321230331128,0.062380432800574204,0.1380560199676778,5.42541026062513,BALANCE,1,-2.2975654725169214e-05
4.958,0.06248021842476373,-0.009610414515276083,0.06135923151542565,0.062023012350772205,-0.1787102249009992,4.847274127775875,BALANCE,1,-2.296030977631674e-05
4.96,0.062461644749382476,-0.009257964370864314,0.06289321230331128,0.062327582334160886,0.1522849916943403,2.2916989418383387,BALANCE,1,-2.2947368783869757e-05
4.962,0.06244241046358468,-0.009661259806630807,0.06135923151542565,0.061988659547603554,-0.1694613932786658,4.957934873604375,BALANCE,1,-2.2932423340011904e-05
4.964,0.06242381235966905,-0.009266433358802851,0.06135923151542565,0.06176835973634129,-0.11014990563113294,2.363628426626887,BALANCE,1,-2.2919560444108628e-05
4.966,0.0624060069563261,-0.008881047780792848,0.059825250727540004,0.06108827158326084,-0.34004407654022323,2.8249023391314134,BALANCE,1,-2.2907232449328235e-05
4.968,0.062390165520908376,-0.00793915314685189,0.06289321230331128,0.061720000835278496,0.31586462600882714,0.9449436826738649,BALANCE,1,-2.2897293572972184e-05
4.97,0.06237290717531681,-0.008664033677414138,0.06442719309119693,0.06266751812484996,0.4737586447857295,6.230117058187327,BALANCE,1,-2.288334426299794e-05
4.972,0.062352487173541686,-0.010483774954997981,0.06442719309119693,0.0632834043630714,0.3079431191107193,7.550120245776833,BALANCE,1,-2.2864646267686695e-05
4.974,0.06232924186835185,-0.011933206648429354,0.06442719309119693,0.06368373041791534,0.20016302742197067,6.260549214670037,BALANCE,1,-2.2844132327512307e-05
4.976,0.062304073607972334,-0.012801456134584987,0.06289321230331128,0.06340704907780392,-0.13834067005570605,5.422328044450685,BALANCE,1,-2.2823390290099787e-05
4.978,0.06227936076009991,-0.012217584554724733,0.06135923151542565,0.06269031293097152,-0.35836807341620147,2.697697584222587,BALANCE,1,-2.2806838299892344e-05
4.98,0.062257446675001576,-0.01069063382363811,0.06289321230331128,0.06276132771129043,0.03550739015945742,0.8944741885286795,BALANCE,1,-2.279451630615908e-05
4.982,0.06223666054041426,-0.010341562349669427,0.06289321230331128,0.06280748731849774,0.02307980360365114,4.049738783953085,BALANCE,1,-2.278007775543437e-05
4.984,0.06221608258999052,-0.010280622607519786,0.06135923151542565,0.06230059778742251,-0.2534447655376144,3.9530876679390734,BALANCE,1,-2.276514758842954e-05
4.986,0.06219699206554287,-0.009466377675005392,0.06135923151542565,0.06197111959222361,-0.1647390975994499,1.7104777429444353,BALANCE,1,-2.275289178261601e-05
4.988,0.062179304566158174,-0.008810294305609622,0.059825250727540004,0.06122006548958435,-0.3755270513196296,2.4003543947378176,BALANCE,1,-2.2741230524609003e-05
4.99,0.06216392381416696,-0.007732304539302793,0.06135923151542565,0.061268773598628805,0.024354054522227747,0.6689875188180241,BALANCE,1,-2.2731883005352132e-05
4.992,0.062148727593913954,-0.007603569744423781,0.06135923151542565,0.061300433869507696,0.01583013543944578,3.8709588520955505,BALANCE,1,-2.2720981612211792e-05
4.994,0.0621331857863666,-0.0077677605387315475,0.06289321230331128,0.06185790632133895,0.27873622591562813,3.804667115686028,BALANCE,1,-2.270935052418735e-05
4.996,0.062115741673635136,-0.008779829540940174,0.06135923151542565,0.0616833701392693,-0.08726809103482697,5.941364186605362,BALANCE,1,-2.2694814960918773e-05
4.998,0.06209801395363908,-0.008869502879778854,0.06135923151542565,0.06156992162092402,-0.05672425917263926,3.0028574800775423,BALANCE,1,-2.2681693344073722e-05
5.0,0.06208041290808191,-0.008797178992953474,0.06289321230331128,0.062033073359759563,0.23157586941777164,3.2404012238743274,BALANCE,1,-2.26689730442719e-05
5.002,0.062061470137908296,-0.009548344530076455,0.06289321230331128,0.06233412199000266,0.15052431512154948,5.574591356927747,BALANCE,1,-2.26536705423957e-05
5.0040000000000004,0.06204119468651871,-0.010233947943049914,0.059825250727540004,0.06145601704814073,-0.4390524709309666,4.944241840372555,BALANCE,1,-2.263742277127968e-05
5.006,0.06202290053157928,-0.00906560830702158,0.059825250727540004,0.060885248835930474,-0.28538410610512777,0.17494125544071082,BALANCE,1,-2.2626477356970036e-05
5.008,0.06200684774323045,-0.008038279317006455,0.06135923151542565,0.061051142773753786,0.08294696891165618,1.3700420813148062,BALANCE,1,-2.261663997816366e-05
5.01,0.061990719784327034,-0.008064412062578182,0.06135923151542565,0.06115897383333894,0.053915529792575995,4.326644317718476,BALANCE,1,-2.260483164587626e-05
5.0120000000000005,0.061974044041477744,-0.008344621071141997,0.06289321230331128,0.06176595729782926,0.3034917322451598,4.100862668340945,BALANCE,1,-2.259218142052619e-05
5.014,0.0619553638461398,-0.009447066979884502,0.06135923151542565,0.06162360327398799,-0.07117701192063328,6.133891295831034,BALANCE,1,-2.257647169855991e-05
5.016,0.061936331503925406,-0.009524358006285795,0.06442719309119693,0.06260485971001112,0.49062821801156353,3.128000101074213,BALANCE,1,-2.2562445276850434e-05
5.018,0.06191457062136343,-0.011182818553787744,0.06289321230331128,0.06270578311766617,0.050461703827525684,7.681317326693176,BALANCE,1,-2.2542928875529904e-05
5.0200000000000005,0.06189153488001727,-0.011605506945341373,0.06135923151542565,0.06223449005688199,-0.23564653039209044,4.166040617680176,BALANCE,1,-2.252512547424323e-05
5.022,0.06186973304700411,-0.010753413829388504,0.06135923151542565,0.06192814956737227,-0.15317024475485982,1.8488971602761959,BALANCE,1,-2.2511286071242712e-05
5.024,0.061849577744899235,-0.00997753963674678,0.06289321230331128,0.062265921524950925,0.16888597878932793,2.490327016003458,BALANCE,1,-2.2498333792027093e-05
5.026,0.06182910991791254,-0.010277199321116726,0.059825250727540004,0.061411686745857105,-0.42711738954690975,5.0870431218116785,BALANCE,1,-2.2482795849945633e-05
5.0280000000000005,0.06181083238212117,-0.009054411075522283,0.06442719309119693,0.062467113966726044,0.5277136104344694,0.26776208837614845,BALANCE,1,-2.2472024377221874e-05
5.03,0.06179042526760776,-0.010402084771250267,0.06289321230331128,0.06261624838453088,0.07456720890241728,7.969735721479318,BALANCE,1,-2.2454390395750648e-05
5.032,0.06176877378855146,-0.010915836930455565,0.06135923151542565,0.06217629248034405,-0.2199779520934142,4.353512574291191,BALANCE,1,-2.2437485724283852e-05
5.034,0.06174811137723986,-0.010233205338079887,0.06135923151542565,0.061890321142622606,-0.142985668860722,1.9707539320733294,BALANCE,1,-2.2424013224594658e-05
5.0360000000000005,0.06172880313170774,-0.009586741271195087,0.06289321230331128,0.062241333048863645,0.17550595312051942,2.5695339176715803,BALANCE,1,-2.2411355899673613e-05
5.038,0.0617089729771296,-0.009962733702010751,0.06135923151542565,0.06193259751216035,-0.15436776835164867,5.138527607895974,BALANCE,1,-2.2396173303449154e-05
5.04,0.06168975512521024,-0.009568657120369464,0.06135923151542565,0.0617319194133032,-0.10033904942857372,2.4810137039164317,BALANCE,1,-2.2383044752095054e-05
5.042,0.06167132997015626,-0.009182870068344187,0.06289321230331128,0.06213837192480603,0.2032262557514139,2.9012027693696023,BALANCE,1,-2.2370446303781856e-05
5.0440000000000005,0.06165197979046357,-0.009738103552589193,0.06596117387908257,0.06347635260880281,0.6689903419983927,5.3541123614996735,BALANCE,1,-2.2355288682226112e-05
5.046,0.06162861691477386,-0.012229704407562868,0.06442719309119693,0.06380914677764075,0.1663970844189705,9.16050389251531,BALANCE,1,-2.2332508220688172e-05
5.048,0.06160274493298593,-0.013187665438879476,0.059825250727540004,0.06241478316010549,-0.6971818087676308,5.159725482010209,BALANCE,1,-2.2311156903946687e-05
5.05,0.06158035030549676,-0.010746111393555075,0.059825250727540004,0.061508446808707574,-0.4531681756989592,-1.832567480534717,BALANCE,1,-2.2301162947533954e-05
5.0520000000000005,0.06156251178055056,-0.008818606324568181,0.06135923151542565,0.0614562214560589,-0.026112676324338557,0.06516140293078099,BALANCE,1,-2.2292263932247076e-05
5.054,0.061545969767017095,-0.008265598976142567,0.06135923151542565,0.06142227497683726,-0.016973239610817287,3.4784718767688254,BALANCE,1,-2.2281292637605387e-05
5.056,0.06152962647316967,-0.008171467636114224,0.06135923151542565,0.061400209765343196,-0.011032605747033492,3.5495505817236976,BALANCE,1,-2.226962569063337e-05
5.058,0.061513156850846136,-0.008236085625485026,0.06289321230331128,0.061922760653632024,0.261275444144414,3.5957517399443235,BALANCE,1,-2.2257592331304198e-05
5.0600000000000005,0.061495005622067715,-0.00914775044262549,0.06135923151542565,0.06172552545525979,-0.09861759918611615,5.805569192373234,BALANCE,1,-2.224276817477909e-05
5.062,0.06147672478415171,-0.009140300678613234,0.059825250727540004,0.06106042930055786,-0.33254807735096437,2.9145907338266586,BALANCE,1,-2.2229559160226012e-05
5.064,0.0614601638977113,-0.008272747280754451,0.06442719309119693,0.06223879662728154,0.5891836633618377,1.0032411392257568,BALANCE,1,-2.2219194526225052e-05
5.066,0.06144073109415273,-0.009918833903630157,0.06442719309119693,0.06300473538965193,0.38296938118519486,8.447797104531594,BALANCE,1,-2.2201951660720666e-05
5.0680000000000005,0.06141815374940665,-0.011633119236012911,0.06135923151542565,0.06242880903367273,-0.2879631779895975,6.844039172860675,BALANCE,1,-2.2181694251393685e-05
5.07,0.061396117299104866,-0.010884035589721855,0.06135923151542565,0.062054456902286254,-0.18717606569323975,1.442023118103584,BALANCE,1,-2.2167573617465897e-05
5.072,0.061375846476246006,-0.010021479587088001,0.06289321230331128,0.062348021292645016,0.14678219517938115,2.225858888591257,BALANCE,1,-2.2154857825938817e-05
5.074,0.06135544658562617,-0.010229676863133596,0.059825250727540004,0.06146505159485826,-0.44148484889337813,4.91513883899375,BALANCE,1,-2.213968053420981e-05
5.0760000000000005,0.06133736380468592,-0.008962528986879468,0.06289321230331128,0.061964907842816816,0.2499281239792782,0.15602430454447047,BALANCE,1,-2.2129223949165562e-05
5.078,0.06131865906971649,-0.009392491072046639,0.06289321230331128,0.06228981440398988,0.16245328058653308,5.717319462403235,BALANCE,1,-2.2114886657140733e-05
5.08,0.06129873831031169,-0.010045524351339572,0.059825250727540004,0.061427217117232424,-0.43129864337872886,5.037015108931658,BALANCE,1,-2.2099164340671283e-05
5.082,0.06128074906633139,-0.00892808068157032,0.06135923151542565,0.06140342215660005,-0.011897480316186426,0.23524388000411456,BALANCE,1,-2.2088454713803865e-05
5.0840000000000005,0.061263445980490515,-0.008640364588453216,0.06135923151542565,0.06138795543218901,-0.007733362205521871,3.589025486866512,BALANCE,1,-2.2076521060635143e-05
5.086,0.061246202346401844,-0.008621503103116797,0.06289321230331128,0.0619147953370818,0.2634199524463969,3.6214104282871658,BALANCE,1,-2.2064129321079694e-05
5.088,0.06122737977207336,-0.00949871685948743,0.059825250727540004,0.061183454723742176,-0.36567030666981304,5.822247339796084,BALANCE,1,-2.2048873492486698e-05
5.09,0.061209933942698365,-0.00868909878366365,0.06135923151542565,0.06124497660083139,0.03076093854460782,0.7456448300660261,BALANCE,1,-2.203787941388655e-05
5.0920000000000005,0.06119269110387128,-0.008619074048275657,0.06289321230331128,0.06182185909669935,0.2884412479339793,3.920786104406746,BALANCE,1,-2.2025593640026222e-05
5.094,0.06117377000815519,-0.009557233202704893,0.06135923151542565,0.061659939443253556,-0.08095982672289698,6.016841529273796,BALANCE,1,-2.201015533207495e-05
5.096,0.06115465427736395,-0.009558433456187284,0.059825250727540004,0.061017798392753814,-0.32107052524987106,3.0519177528120376,BALANCE,1,-2.1996397658943837e-05
5.098,0.06113726179146269,-0.008660814663499597,0.06135923151542565,0.06113729998568895,0.059750796467569756,1.0925037015662604,BALANCE,1,-2.198563058987688e-05
5.1000000000000005,0.061119972227592516,-0.00864454570226709,0.06135923151542565,0.061214976021096795,0.038838017703921035,4.146244370881895,BALANCE,1,-2.197322669260003e-05
5.102,0.06110233142120839,-0.008831256614493868,0.06135923151542565,0.06126546544411189,0.02524471150754798,3.983602702897176,BALANCE,1,-2.196019574056219e-05
5.104,0.06108431571338636,-0.009021296006173874,0.06289321230331128,0.061835176844831675,0.2848557003598921,3.877885618707097,BALANCE,1,-2.194688518443911e-05
5.106,0.061064543820617545,-0.010012907491868405,0.06289321230331128,0.06220548925529954,0.18515620523393284,5.988956213569038,BALANCE,1,-2.193066537459686e-05
5.1080000000000005,0.06104314419500782,-0.01084065811272217,0.06289321230331128,0.062446192322103654,0.12035153340205634,5.213578997189435,BALANCE,1,-2.191345323177298e-05
5.11,0.06102065304054571,-0.011343810801954216,0.059825250727540004,0.061528862764006376,-0.45866477904863906,4.709583806542669,BALANCE,1,-2.1896113465986957e-05
5.112,0.06100051380400795,-0.00988484566562733,0.059825250727540004,0.060932598551243146,-0.29813210638161486,0.022413533451270062,BALANCE,1,-2.188496177007523e-05
5.114,0.06098308905705674,-0.008664349552097661,0.056757289151768725,0.0594712402614271,-0.7306791449080245,1.27089906202167,BALANCE,1,-2.1874873485925084e-05
5.1160000000000005,0.06097026013978158,-0.006706691138938314,0.06135923151542565,0.06013203720032659,0.33039846944974555,-2.2771587435785707,BALANCE,1,-2.1868880104312882e-05
5.118,0.06095623039859103,-0.00699170315762321,0.06135923151542565,0.06056155521061126,0.21475900514233634,6.25110998761756,BALANCE,1,-2.185840131650951e-05
5.12,0.06094048572032347,-0.007868441357843295,0.05829126993965436,0.05976695536577634,-0.39729992241745865,5.351765353775367,BALANCE,1,-2.184572205122864e-05
5.122,0.060926144718236805,-0.007222652528206401,0.06289321230331128,0.06086114529391357,0.5470949640686146,0.4076179426069113,BALANCE,1,-2.1836481051757214e-05
5.124,0.06090883512296043,-0.0087431472338731,0.06135923151542565,0.0610354754714428,0.08716508876461387,8.02842843018373,BALANCE,1,-2.182148622793447e-05
5.126,0.060890031194992054,-0.009473630042636955,0.06289321230331128,0.06168568336259677,0.32510394557698497,4.359449238403479,BALANCE,1,-2.1806594452455418e-05
5.128,0.06086897916018738,-0.010731502291656592,0.059825250727540004,0.0610345319403269,-0.3255757111349337,6.301972566371687,BALANCE,1,-2.1788805350297686e-05
5.13,0.06084897055028136,-0.009900782888482612,0.059825250727540004,0.06061128351585149,-0.2116242122377071,1.0574662273401443,BALANCE,1,-2.177630762034615e-05
5.132,0.06083076353375714,-0.009045364253905765,0.05829126993965436,0.05979927876418249,-0.406002375834498,1.9436833130494326,BALANCE,1,-2.176500440693773e-05
5.134,0.06081525374354693,-0.007797608577952814,0.059825250727540004,0.05980836895135762,0.004545093587562943,0.33993771917496574,BALANCE,1,-2.175614780942884e-05
5.136,0.060800198901711004,-0.00753975582362042,0.059825250727540004,0.059814277573021456,0.0029543108319186884,3.6248628857819605,BALANCE,1,-2.1745799607187798e-05
5.138,0.06078497233944434,-0.007611184492665529,0.059825250727540004,0.05981811817710295,0.0019203020407455862,3.612491141036637,BALANCE,1,-2.1734793987938286e-05
5.14,0.060769411912518716,-0.007777157046674192,0.06135923151542565,0.06035750784551589,0.2696948342064721,3.6044495069521414,BALANCE,1,-2.1723395404725125e-05
5.142,0.0607520446467577,-0.008735371202433064,0.059825250727540004,0.06017121785422433,-0.09314499564578096,5.77900914438273,BALANCE,1,-2.1709292933407625e-05
5.144,0.06073449861535672,-0.008775523232674096,0.06135923151542565,0.06058702263564479,0.20790239071023092,2.865113106087212,BALANCE,1,-2.1696679013464166e-05
5.146,0.0607157079875893,-0.009462210347862213,0.05829126993965436,0.05978350919204814,-0.4017567217983256,5.298440483820535,BALANCE,1,-2.168191882360477e-05
5.148,0.06069865368920411,-0.008501292475880336,0.06289321230331128,0.06087190528099024,0.544198044471051,0.3729567771362836,BALANCE,1,-2.167157976178732e-05
5.15,0.06067912726573755,-0.009941993903543821,0.059825250727540004,0.06050557618728266,-0.18316454685379097,8.005898672627822,BALANCE,1,-2.165480379970523e-05
5.152,0.060659712986070306,-0.009678626232334193,0.059825250727540004,0.06026746227637273,-0.11905695545496447,2.1650181964066317,BALANCE,1,-2.1641497810939577e-05
5.154,0.06064117041985949,-0.009235537194758107,0.06135923151542565,0.06064958151004125,0.19105961683426112,2.663592092942648,BALANCE,1,-2.162916089709614e-05
5.156,0.060621865898718444,-0.009704684670253996,0.06289321230331128,0.06143485228768576,0.39263538882225446,5.167451825276564,BALANCE,1,-2.1614442839934455e-05
5.158,0.06060015717338952,-0.011106696926377061,0.06289321230331128,0.061945278293154694,0.25521300273446607,6.8271742478391815,BALANCE,1,-2.1595850568162973e-05
5.16,0.06057626203304668,-0.012193859454052882,0.059825250727540004,0.06120326864518955,-0.37100482398257084,5.75842071946501,BALANCE,1,-2.1576115892667318e-05
5.162,0.0605539119981752,-0.01094262979635772,0.059825250727540004,0.06072096237401221,-0.24115313558866966,0.7041575268508065,BALANCE,1,-2.15632785790613e-05
5.164,0.060534074648424065,-0.009780923582582788,0.059825250727540004,0.06040746329774694,-0.15674953813263684,1.7140326577313754,BALANCE,1,-2.1551716628007933e-05
5.166,0.06051596618490039,-0.009003746582776669,0.05829126993965436,0.05966679562241454,-0.37033383766620076,2.3704514928037215,BALANCE,1,-2.1540379442082718e-05
5.168,0.06050030501939853,-0.00786220129199782,0.059825250727540004,0.059722254909208454,0.02772964339695788,0.6173370360152663,BALANCE,1,-2.1531284451321836e-05
5.17,0.06048492746111549,-0.007694581169928574,0.059825250727540004,0.059758303445624494,0.018024268208020194,3.8051724417281703,BALANCE,1,-2.1520618623368173e-05
5.172,0.0604692769518188,-0.007823386628138489,0.05829126993965436,0.059244841718534946,-0.25673086354477404,3.7296923524016314,BALANCE,1,-2.1509270040961448e-05
5.174,0.06045469729048043,-0.007324445312588209,0.056757289151768725,0.05837419832016677,-0.43532169918408803,1.5008435947539045,BALANCE,1,-2.1499705338093103e-05
5.176,0.0604424273765721,-0.006314819914911747,0.06135923151542565,0.059418959938507376,0.522380809170303,0.019878305737301982,BALANCE,1,-2.1492448236451086e-05
5.178,0.06042733840871031,-0.007515301842552774,0.059825250727540004,0.0595611617146688,0.07110088808071069,7.744184069672867,BALANCE,1,-2.147994891649894e-05
5.18,0.060410949765841195,-0.00820612340961832,0.05829126993965436,0.059116699593413743,-0.22223106062752712,4.142476807525814,BALANCE,1,-2.1467141042041652e-05
5.182,0.060395196771158205,-0.007882863945226788,0.06289321230331128,0.06043847904187788,0.6608897242320679,1.7691534905846078,BALANCE,1,-2.1456501213943947e-05
5.184,0.06037583982103421,-0.009932705431774467,0.059825250727540004,0.06022384913185962,-0.10731495500912805,8.913426536369215,BALANCE,1,-2.1438854155869668e-05
5.186,0.06035581951382636,-0.01002218386097869,0.059825250727540004,0.06008433969034776,-0.06975472075593236,2.7549113078385528,BALANCE,1,-2.1424445376343455e-05
5.188,0.0603362262440177,-0.009767723726190265,0.059825250727540004,0.05999365855336505,-0.04534056849135604,3.0470226153734066,BALANCE,1,-2.1411072039447018e-05
5.19,0.06031712887022804,-0.009524745115695434,0.06135923151542565,0.060471609090086254,0.23897526836060348,3.2368949652710546,BALANCE,1,-2.1398017982121384e-05
5.192,0.06029693617967674,-0.010187840118865026,0.06289321230331128,0.061319170214715016,0.42378056231438116,5.540098692290003,BALANCE,1,-2.1382296910911337e-05
5.194,0.06027410176471197,-0.011735947655355931,0.059825250727540004,0.06079629839420376,-0.2614359102556286,7.06939471139795,BALANCE,1,-2.1362481264262796e-05
5.196,0.06025184783177923,-0.010989257954723976,0.05829126993965436,0.05991953843511147,-0.4383799795461447,1.5562906216071966,BALANCE,1,-2.1348513520043633e-05
5.198,0.06023279743114142,-0.009374818644208464,0.059825250727540004,0.05988653773746146,-0.016500348825006228,0.08813246973753053,BALANCE,1,-2.133851850129626e-05
5.2,0.060214974260036705,-0.008883891790007467,0.06442719309119693,0.06147576711126887,0.7946146869037065,3.4611894736476376,BALANCE,1,-2.1326846428484843e-05
5.202,0.060193087682630465,-0.011424155006150688,0.059825250727540004,0.06089808637696377,-0.28884036715254996,10.045463521905784,BALANCE,1,-2.1305841604413693e-05
5.204,0.060171213942047226,-0.010833203640720554,0.06289321230331128,0.0615963804511854,0.34914703711081546,1.3431622453974263,BALANCE,1,-2.129175718188512e-05
5.206,0.06014809926786862,-0.011749804790978228,0.06135923151542565,0.06151337832366949,-0.04150106375795659,6.488959123957647,BALANCE,1,-2.1273189295581466e-05
5.208,0.06012482328199158,-0.011608824951245688,0.059825250727540004,0.06092253366502417,-0.29542232932265944,3.3587941893565167,BALANCE,1,-2.1257072803577487e-05
5.21,0.06010358137232274,-0.010435659393113594,0.059825250727540004,0.06053848463690471,-0.19202451405972779,1.2919733853201745,BALANCE,1,-2.124480830772622e-05
5.212,0.06008441112407705,-0.009491746656219643,0.06135923151542565,0.06082574604438704,0.1436307037411648,2.0961129657364603,BALANCE,1,-2.1233261298069527e-05
5.214,0.06006511960290527,-0.009665026578207413,0.06135923151542565,0.061012465959250556,0.0933599574317566,4.798590392592541,BALANCE,1,-2.121927245803785e-05
5.216,0.06004522928829975,-0.009986413137273425,0.06135923151542565,0.06113383390391184,0.06068397233064196,4.407627617009086,BALANCE,1,-2.1204545387522462e-05
5.218,0.06002485747314995,-0.010218904408215327,0.059825250727540004,0.060675829792181696,-0.22900205586507197,4.153501812879846,BALANCE,1,-2.1189655536974316e-05
5.22,0.06000566783153044,-0.009525168211498316,0.05829126993965436,0.05984123384379713,-0.4172979741922829,1.8085333406103261,BALANCE,1,-2.1177567230929054e-05
5.222,0.05998922028358839,-0.008220184829843453,0.056757289151768725,0.05876185320158719,-0.5396903211049714,0.2520902370895648,BALANCE,1,-2.116842758363049e-05
5.224,0.059976310932994624,-0.006682176994725051,0.06135923151542565,0.05967093561143065,0.4545412049217316,-0.79181137674454,BALANCE,1,-2.116176232997985e-05
5.226,0.05996130678165076,-0.007475054351194739,0.05829126993965436,0.05918805262630895,-0.2414414925608517,7.216585776059691,BALANCE,1,-2.1149979126841868e-05
5.228,0.05994688210726818,-0.0072305497215178,0.059825250727540004,0.059411071961739816,0.11150966771543425,1.619751217091723,BALANCE,1,-2.1140188113289998e-05
5.23,0.05993164552577285,-0.007606917763491217,0.059825250727540004,0.05955603452976988,0.07248128401503295,4.456741659427863,BALANCE,1,-2.1128847877542344e-05
5.232,0.05991553563767153,-0.008056894351515579,0.06289321230331128,0.060724046750509374,0.584006110369746,4.153212343906457,BALANCE,1,-2.1116738608195617e-05
5.234,0.05989580569514738,-0.01014553307282712,0.059825250727540004,0.06040946814247009,-0.15728930401964075,8.31549168798853,BALANCE,1,-2.1098777899958038e-05
5.236,0.05987565316881881,-0.010066201293854405,0.06135923151542565,0.060741885323004535,0.16620859026722154,2.3662536563910797,BALANCE,1,-2.108475039969231e-05
5.238,0.0598547593806146,-0.010517275927302906,0.06135923151542565,0.060957956490351926,0.10803558367369556,4.974181841518044,BALANCE,1,-2.106904428045894e-05
5.24,0.059833118212158025,-0.01088487190508488,0.056757289151768725,0.059487722921847806,-0.7351167842520601,4.52176205881068,BALANCE,1,-2.1052968363526052e-05
5.242,0.059815410307833175,-0.008752796262795123,0.059825250727540004,0.05960585765384008,0.05906736599613563,-2.311670898705612,BALANCE,1,-2.1044971013380437e-05
5.244,0.059798727326493786,-0.00833490052837421,0.059825250727540004,0.059682645229635053,0.038393787897487985,4.0488903871994895,BALANCE,1,-2.103399407442873e-05
5.246,0.05978193189186782,-0.008399776215816685,0.06135923151542565,0.06026945042966176,0.2934026000133531,3.888109016958007,BALANCE,1,-2.102206381516843e-05
5.248,0.059763360361725554,-0.009376341182224593,0.06135923151542565,0.06065087380967912,0.1907116900086818,5.96338782588653,BALANCE,1,-2.1007152173396406e-05
5.25,0.05974312489814009,-0.010238527790877534,0.059825250727540004,0.060361905730930435,-0.14448403937434434,5.164745948650202,BALANCE,1,-2.0991122797786584e-05
5.252,0.05972319858359539,-0.009924371852106841,0.06135923151542565,0.06071096975550376,0.17453201228666282,2.465842028861071,BALANCE,1,-2.0977795025292205e-05
5.2540000000000004,0.05970262786563689,-0.010347766576868074,0.06289321230331128,0.061474754647236396,0.3818924458663178,5.038914283623528,BALANCE,1,-2.0962428095495515e-05
5.256,0.059679813881428824,-0.011679669254290181,0.06135923151542565,0.061434321551102636,-0.020216548066880058,6.743624845764726,BALANCE,1,-2.0943277138584453e-05
5.258,0.05965640408636004,-0.01171229350658195,0.06135923151542565,0.06140804003861569,-0.013140756243472385,3.5243269085311177,BALANCE,1,-2.0926762147952526e-05
5.26,0.059633364401419295,-0.011470907242646166,0.05829126993965436,0.06031717050397922,-0.5454347673182341,3.5793563523691625,BALANCE,1,-2.091119158128824e-05
5.2620000000000005,0.05961377276891776,-0.009590048481896894,0.059825250727540004,0.060144998582225495,-0.08608596087686382,-0.7444479083071198,BALANCE,1,-2.0901673935710405e-05
5.264,0.059596021461984824,-0.008835844420824841,0.05829126993965436,0.0594961935573256,-0.32440251244994844,2.920012227918619,BALANCE,1,-2.08907081047364e-05
5.266,0.05958041791507264,-0.00783136270909322,0.059825250727540004,0.05961136356690064,0.05758500478751996,0.9745515138399483,BALANCE,1,-2.0881554924794618e-05
5.268,0.05956484328107806,-0.007788731387994677,0.059825250727540004,0.05968622407312442,0.03743025311189058,4.037361852314198,BALANCE,1,-2.0870710094294907e-05
5.2700000000000005,0.05954883363990499,-0.008004605909185268,0.06135923151542565,0.06027177667792985,0.2927763024027155,3.88061546928259,BALANCE,1,-2.0859128652444622e-05
5.272,0.059530895428917346,-0.009045562208896156,0.06135923151542565,0.06065238587105338,0.19030459656176404,5.958517019897515,BALANCE,1,-2.084466995743296e-05
5.274,0.05951121914887208,-0.009951197616290978,0.059825250727540004,0.0603628885708237,-0.14474865011484053,5.161579924757315,BALANCE,1,-2.0829056175437264e-05
5.276,0.059491789717406575,-0.009685867612449927,0.059825250727540004,0.06017471532567441,-0.09408662257464478,2.4637841133306972,BALANCE,1,-2.0816010591634407e-05
5.2780000000000005,0.059473093596177445,-0.009316343134632032,0.059825250727540004,0.06005240271632736,-0.06115630467352223,2.857789938943306,BALANCE,1,-2.0803675765794306e-05
5.28,0.05945496113554187,-0.009048126079175416,0.056757289151768725,0.05889911296873184,-0.576644873797761,3.113893725591464,BALANCE,1,-2.0791515735528517e-05
5.282,0.05944006870093215,-0.007537541114959724,0.059825250727540004,0.0592232611843147,0.1620741077914302,-1.0792122122581773,BALANCE,1,-2.078377233981805e-05
5.284,0.05942488889875914,-0.007588425747450064,0.06135923151542565,0.059970850800203535,0.37379480794441644,4.849988533390324,BALANCE,1,-2.0773076108103648e-05
5.2860000000000005,0.05940737994263783,-0.008830947524886659,0.056757289151768725,0.05884610422325135,-0.5623732884760917,6.588609511567544,BALANCE,1,-2.0758660577876196e-05
5.288,0.05939208016116434,-0.00769799575565784,0.059825250727540004,0.05918880549975238,0.1713506382505156,-0.9682200544136523,BALANCE,1,-2.0749965933269237e-05
5.29,0.05937626105100671,-0.007907803950198139,0.05829126993965436,0.05887466805371808,-0.15706872301715288,4.922133435989268,BALANCE,1,-2.073856450863313e-05
5.292,0.059360954244804684,-0.00766257896890149,0.059825250727540004,0.05920737198955575,0.16635196791883744,2.2759302990858616,BALANCE,1,-2.0728280339770636e-05
5.2940000000000005,0.05934463166927983,-0.00816774038866153,0.059825250727540004,0.05942362954785024,0.10812877914724572,4.883258062724044,BALANCE,1,-2.0716029434294733e-05
5.296,0.059327259025441295,-0.008713892211478672,0.05829126993965436,0.059027303684981686,-0.19816293143427866,4.43044800604898,BALANCE,1,-2.070291825453019e-05
5.298,0.059310539587478804,-0.008353455114297394,0.06135923151542565,0.05984347842563707,0.40808737032769354,1.956334769624672,BALANCE,1,-2.069190606384912e-05
5.3,0.059291692778300785,-0.009545885419784258,0.06135923151542565,0.060373992007063074,0.26525679071300046,6.855307668159773,BALANCE,1,-2.0676480290050905e-05
5.3020000000000005,0.05927067232104801,-0.010696730709736485,0.06135923151542565,0.06071882583498998,0.17241691396345168,5.744493846127789,BALANCE,1,-2.0659334665126385e-05
5.304,0.05924809154326122,-0.011436758120232444,0.05829126993965436,0.05986918127162251,-0.42482228168373365,5.022464861807012,BALANCE,1,-2.0641844365089215e-05
5.306,0.05922756466412325,-0.010075632938791502,0.06289321230331128,0.06092759213271358,0.5292054305455346,0.19357262282748122,BALANCE,1,-2.0630661675986392e-05
5.308,0.05920528193236738,-0.011396121971872127,0.059825250727540004,0.060541772640902825,-0.19290974590537718,7.889298972327092,BALANCE,1,-2.0612113212066978e-05
5.3100000000000005,0.05918334965692744,-0.010873677407265808,0.056757289151768725,0.05921720341970589,-0.6622846105984667,2.0892283912111522,BALANCE,1,-2.0598079986464668e-05
5.312,0.05916563467786644,-0.008756492346191573,0.05829126993965436,0.05889312670168786,-0.16203835900901672,-1.74524467960538,BALANCE,1,-2.0590180036601846e-05
5.314,0.05915013630212992,-0.0077819387214398544,0.05829126993965436,0.058682476834976134,-0.10532493335586174,2.2372807300291377,BALANCE,1,-2.05811123686921e-05
5.316,0.059135538647118256,-0.00732970443264871,0.05829126993965436,0.058545554421613515,-0.06846120668130978,2.678349143251674,BALANCE,1,-2.0571683935202038e-05
5.3180000000000005,0.0591212483190836,-0.007158873345053113,0.059825250727540004,0.05899344812868779,0.22394685353713598,2.965043611846333,BALANCE,1,-2.0562006822970974e-05
5.32,0.059105501930372936,-0.007868556977232549,0.06135923151542565,0.05982147231404604,0.4140120926791266,5.331181716018355,BALANCE,1,-2.0549917994558898e-05
5.322,0.05908690160513033,-0.009456914970535975,0.059825250727540004,0.05982279475876893,0.0006612223614442525,6.901385080275775,BALANCE,1,-2.0534050276176438e-05
5.324,0.05906731447457555,-0.009839363389119891,0.059825250727540004,0.0598236543478388,0.0004297945349375498,3.59465746441769,BALANCE,1,-2.0519649034593794e-05
5.3260000000000005,0.05904754869204726,-0.009889443888831844,0.059825250727540004,0.059824213080734226,0.0002793664477113156,3.5928576171498285,BALANCE,1,-2.050580998340183e-05
5.328,0.05902783897081275,-0.009850655358263566,0.056757289151768725,0.0587507897055963,-0.5367116875689623,3.591687716425744,BALANCE,1,-2.049220151959754e-05
5.33,0.05901114960318481,-0.008327394706729253,0.059825250727540004,0.0591268510632766,0.1880306788401495,-0.7686461182159201,BALANCE,1,-2.0483566443465792e-05
5.332,0.05899426457496903,-0.008446362429659461,0.05829126993965436,0.058834397670008816,-0.14622669663389223,5.051856494517792,BALANCE,1,-2.047163238929494e-05
5.3340000000000005,0.0589779740196625,-0.00814486019431724,0.06135923151542565,0.05971808951590471,0.44184592294794695,2.360250287129391,BALANCE,1,-2.0460860614864184e-05
5.336,0.058959301376033516,-0.009466591536790287,0.05829126993965436,0.05921870266421709,-0.24969342584381035,7.117852754537858,BALANCE,1,-2.044542302754562e-05
5.338,0.05894116406466418,-0.009039927626097023,0.06135923151542565,0.059967887762140085,0.37459254896149774,1.5555747531025423,BALANCE,1,-2.0433685955700938e-05
5.34,0.05892124573092016,-0.010099575019092005,0.05829126993965436,0.05938107152427008,-0.2934081189350027,6.594813657420387,BALANCE,1,-2.041771252464695e-05
5.3420000000000005,0.05890231713156698,-0.009399793886099343,0.06135923151542565,0.060073427521174526,0.34617799845222325,1.2155993399761833,BALANCE,1,-2.0406048450861322e-05
5.344,0.05888201174470468,-0.010277375039798538,0.05829126993965436,0.05944967236764247,-0.31187757676602934,6.373829638888258,BALANCE,1,-2.0390137344092133e-05
5.346,0.05886293269481038,-0.009460707253796588,0.05829126993965436,0.05904423151784663,-0.20272042489791892,1.0719597279303135,BALANCE,1,-2.037864171624411e-05
5.348,0.05884554422754537,-0.008662489474703177,0.059825250727540004,0.05931758824123931,0.13667836169634073,1.9208904918874463,BALANCE,1,-2.0368144449278726e-05
5.3500000000000005,0.058827834209798986,-0.00886738833007979,0.059825250727540004,0.05949527011144455,0.08884093510262009,4.652482188045084,BALANCE,1,-2.035550198441127e-05
5.352,0.058809452921333834,-0.009219814649746584,0.05829126993965436,0.059073870051317985,-0.2107000300632829,4.280443687507634,BALANCE,1,-2.0342101940761086e-05
5.354,0.05879197724262297,-0.00871553807280747,0.05829126993965436,0.05879996001223572,-0.1369550195411337,1.8588319625728158,BALANCE,1,-2.0330976943943335e-05
5.356,0.0587754817315129,-0.00824377346095467,0.056757289151768725,0.05808502521107227,-0.3574674005817242,2.4323574444050733,BALANCE,1,-2.0320422008167542e-05
5.3580000000000005,0.05876105297671188,-0.007289494373002236,0.056757289151768725,0.05762031759031603,-0.2323538103781199,0.6253623080105424,BALANCE,1,-2.0312026779033877e-05
5.36,0.058748108672419266,-0.006575463444946635,0.05829126993965436,0.05785515091258445,0.11741666113420854,1.5983885723940026,BALANCE,1,-2.030413488661005e-05
5.362,0.05873447073026121,-0.0067970425794449665,0.05829126993965436,0.05800779257205892,0.07632082973723503,4.410642343828735,BALANCE,1,-2.0294393577953342e-05
5.364,0.058719934811390956,-0.007242159420596454,0.05829126993965436,0.05810700965071732,0.04960853932920242,4.091034192221415,BALANCE,1,-2.028368357111349e-05
5.3660000000000005,0.05870460090762792,-0.0076562021001118806,0.056757289151768725,0.057634607476085314,-0.2362010873160035,3.8832888936766583,BALANCE,1,-2.0272433486030693e-05
5.368,0.058690092591108016,-0.007281019967839698,0.056757289151768725,0.05732754606257451,-0.15353070675540315,1.568467750037091,BALANCE,1,-2.0263011989287295e-05
5.37,0.058676337934732585,-0.006915600839995212,0.056757289151768725,0.057127956143792485,-0.09979495939101135,2.2114071097112453,BALANCE,1,-2.0254068823146238e-05
5.372,0.05866297664724706,-0.0067061258086389,0.059825250727540004,0.058072009248104114,0.4720265521558145,2.629317693499458,BALANCE,1,-2.0245150383989556e-05
5.3740000000000006,0.05864679815414039,-0.008115498287350325,0.056757289151768725,0.057611857214386726,-0.2300760168586942,7.260532972132763,BALANCE,1,-2.0231757595944227e-05
5.376,0.058630939108335285,-0.007932326079881738,0.059825250727540004,0.05838654494399037,0.3873438648018222,1.6161032979936498,BALANCE,1,-2.0221129969048106e-05
5.378,0.05861292843162109,-0.009094662944231668,0.05829126993965436,0.05835319869247277,-0.016673125758800977,6.601943615053999,BALANCE,1,-2.020659691506752e-05
5.38,0.05859430099148282,-0.009335493858872623,0.06135923151542565,0.05940531018050628,0.5260557440167554,3.367806915477958,BALANCE,1,-2.0193280092987833e-05
5.382,0.058572714948440574,-0.011110311351531149,0.059825250727540004,0.05955228937196808,0.07348959573090161,7.7727645629644195,BALANCE,1,-2.0174531224507437e-05
5.384,0.05854973978900048,-0.011585487166693708,0.05829126993965436,0.05911093257065828,-0.22067840065490008,4.161054128165298,BALANCE,1,-2.0157551250751565e-05
5.386,0.05852796774299903,-0.010740342087789963,0.05829126993965436,0.05882405064980691,-0.14344096042568505,1.7812287490002965,BALANCE,1,-2.0144568926219008e-05
5.388,0.058507873715698065,-0.009945962549226738,0.05829126993965436,0.05863757740125352,-0.09323662427669632,2.3819153555829344,BALANCE,1,-2.0132487422406598e-05
5.39,0.05848898842974277,-0.009392057689363574,0.056757289151768725,0.05797947651393384,-0.3290504436598389,2.7723616498616406,BALANCE,1,-2.012063216042981e-05
5.392,0.058472309628453754,-0.008326125909660014,0.05829126993965436,0.058088604212936025,0.05456384950109153,0.8463650415573194,BALANCE,1,-2.0111170993607895e-05
5.394,0.05845588612503354,-0.008211106180187009,0.05829126993965436,0.05815953721728744,0.035466502175708625,3.921827048784894,BALANCE,1,-2.0100077021746037e-05
5.396,0.05843920741018195,-0.008342589834907356,0.05829126993965436,0.05820564367011587,0.02305322641421234,3.7733042504429157,BALANCE,1,-2.0088375691671086e-05
5.398,0.05842221517884181,-0.008501785900595709,0.059825250727540004,0.058772506140214315,0.2834312350492238,3.6767644315206507,BALANCE,1,-2.0076408264408045e-05
5.4,0.0584035072001923,-0.009445184685814796,0.05829126993965436,0.05860407347001833,-0.08421633509799256,5.793800248806649,BALANCE,1,-2.0061745306039873e-05
5.402,0.05838470149095939,-0.00939903794533174,0.059825250727540004,0.059031485510150916,0.21370602006629338,2.8425137274171597,BALANCE,1,-2.0048918074754086e-05
5.404,0.058364820054218884,-0.01002103801796639,0.05829126993965436,0.05877241006047712,-0.12953772483689785,5.251537291139402,BALANCE,1,-2.003397509680295e-05
5.406,0.05834535360104475,-0.009697706145221918,0.05829126993965436,0.058604011018189156,-0.08419952114398221,2.490042804933444,BALANCE,1,-2.002129016126347e-05
5.408,0.058326661719982596,-0.009312984245147113,0.056757289151768725,0.057957658364942,-0.3231763266235768,2.8426444919394918,BALANCE,1,-2.000924127910584e-05
5.41,0.058310013556404895,-0.00831250336668652,0.05829126993965436,0.05807442241609133,0.0583820255746631,0.8920488889079055,BALANCE,1,-1.9999699357647185e-05
5.412,0.05829355428534108,-0.008229155067986303,0.05829126993965436,0.058150319049338386,0.03794831662352893,3.9515215495627847,BALANCE,1,-1.9988556351091887e-05
5.414,0.05827680991935662,-0.008376117646078304,0.05829126993965436,0.05819965186094898,0.024666405805295194,3.7926056759485345,BALANCE,1,-1.997681368570961e-05
5.416,0.05825973852487072,-0.00854206851429351,0.05829126993965436,0.05823171818849586,0.016033163773441356,3.6893103580993003,BALANCE,1,-1.9964810982739765e-05
5.418,0.05824240074301948,-0.008675310874374705,0.05829126993965436,0.058252561301401336,0.010421556452738095,3.622168401497283,BALANCE,1,-1.9952683938169196e-05
5.42,0.05822486722939449,-0.008772176775909642,0.05829126993965436,0.05826610932478989,0.006774011694278548,3.5785261297059847,BALANCE,1,-1.9940490771272026e-05
5.422,0.05820719515470198,-0.008840290393581132,0.059825250727540004,0.05881180881575243,0.27284974548126906,3.550158653041622,BALANCE,1,-1.992825863782331e-05
5.424,0.058187971407565174,-0.009708764852507932,0.05829126993965436,0.058629620209118105,-0.09109430331716295,5.711506492795298,BALANCE,1,-1.9913377510465997e-05
5.426,0.05816876086754869,-0.009593685335409352,0.059825250727540004,0.05904809089056577,0.20923534072383315,2.7890227860097827,BALANCE,1,-1.9900465039147004e-05
5.428,0.05814857514502083,-0.010172391788478813,0.05829126993965436,0.05878320355774678,-0.13244366640949648,5.216768179224612,BALANCE,1,-1.9885432664117983e-05
5.43,0.058128866416059806,-0.00981220189164972,0.059825250727540004,0.059147920067174405,0.18235825471381306,2.467442882188835,BALANCE,1,-1.9872719243095883e-05
5.432,0.05810853045460541,-0.010226381368446839,0.059825250727540004,0.05938498579830236,0.11853286556397918,5.007741241740969,BALANCE,1,-1.9857928464788708e-05
5.434,0.05808742390917882,-0.010616204140779984,0.059825250727540004,0.05953907852353554,0.07704636261658682,4.511362072409975,BALANCE,1,-1.9842634539999142e-05
5.436,0.05806583302500178,-0.010833172454318973,0.06135923151542565,0.06017613207069707,0.3185267735807684,4.188715612344827,BALANCE,1,-1.9827385213500592e-05
5.438,0.058042589513668745,-0.011835113717358191,0.05829126993965436,0.05951643032483212,-0.3298508729324759,6.158782112887971,BALANCE,1,-1.980908654528697e-05
5.44,0.05802074079064644,-0.01073286972745575,0.05829126993965436,0.05908762419001991,-0.2144030674061069,0.9321788360301202,BALANCE,1,-1.9796822371971415e-05
5.442,0.058001134411260286,-0.009685931888896115,0.05829126993965436,0.05880890020239197,-0.13936199381396966,1.8300329121523393,BALANCE,1,-1.9785720827085698e-05
5.444,0.05798309693035147,-0.008974017183393891,0.05829126993965436,0.058627729610433804,-0.09058529597908219,2.4136380616317608,BALANCE,1,-1.9774830834267183e-05
5.446,0.05796598160646353,-0.008544057609504423,0.056757289151768725,0.057973075449901025,-0.3273270802663895,2.792981408793371,BALANCE,1,-1.976395999409952e-05
5.448,0.057950804499719226,-0.007631078021982998,0.05829126993965436,0.05808444352131469,0.05568403570683361,0.8597678848629453,BALANCE,1,-1.9755185867365525e-05
5.45,0.05793560821083397,-0.007599773953508443,0.059825250727540004,0.05869372604349355,0.3046412610894292,3.9305388969335504,BALANCE,1,-1.974487702247025e-05
5.452,0.05791853486953381,-0.008580092585016089,0.059825250727540004,0.05908975968290981,0.19801681970813,5.958753651325047,BALANCE,1,-1.9731549037322867e-05
5.454,0.05789971417719531,-0.00950252449761016,0.056757289151768725,0.05827339499701043,-0.40818234294968947,5.129520138639629,BALANCE,1,-1.9716946825942908e-05
5.456,0.057882552828196494,-0.008551307514897707,0.059825250727540004,0.05881654450269578,0.27157475284267374,0.23094495622311006,BALANCE,1,-1.970708979238413e-05
5.458,0.05786443456437067,-0.00910051197538645,0.05829126993965436,0.05863269840563128,-0.09192304853224836,5.701590692903137,BALANCE,1,-1.969371887287305e-05
5.46,0.057846455833266114,-0.008982119951148863,0.056757289151768725,0.05797630516677939,-0.32819661942594736,2.7825775160798902,BALANCE,1,-1.968170920731683e-05
5.462,0.057830305104718,-0.00808178166132031,0.05522330836388308,0.05701275628576568,-0.481774440506854,0.8530053545991843,BALANCE,1,-1.9672357486001116e-05
5.464,0.057817143899966436,-0.0067610701762219096,0.05829126993965436,0.05746023606462672,0.2237398894305194,-0.4334301469088908,BALANCE,1,-1.9665494633874243e-05
5.466,0.057803092096708426,-0.007006126997270993,0.059825250727540004,0.05828799119664637,0.4138775660098258,5.237533279321759,BALANCE,1,-1.965557726914507e-05
5.468,0.05778634626857626,-0.008427326261381308,0.05522330836388308,0.05721535220517922,-0.5363194957335761,6.808299999877388,BALANCE,1,-1.96418508005824e-05
5.47,0.05777158225922611,-0.007445222171005161,0.05829126993965436,0.05759192341224552,0.18828560353315038,-0.8576348335578556,BALANCE,1,-1.9633477065045508e-05
5.472,0.05775610401032174,-0.00773297586211677,0.05829126993965436,0.057836694696838616,0.12238564229654844,4.961800232999934,BALANCE,1,-1.962249189499937e-05
5.474,0.057739601660237984,-0.008261527316147122,0.056757289151768725,0.057458902756064155,-0.18889597038723033,4.449286820182705,BALANCE,1,-1.9610377952899575e-05
5.476,0.05772369657606724,-0.007956688232472899,0.056757289151768725,0.057213337994560756,-0.12278238075169937,1.9363664022660068,BALANCE,1,-1.960010194546963e-05
5.478,0.057708473731597494,-0.007625086447511693,0.059825250727540004,0.05812750745110349,0.45708472827136676,2.4505412336600507,BALANCE,1,-1.9590315913161052e-05
5.48,0.05769075284614685,-0.008952335132365883,0.059825250727540004,0.05872171759785627,0.29710507337639064,7.144328273237143,BALANCE,1,-1.9575938940883396e-05
5.482,0.05767060502639457,-0.01025678130915749,0.05829126993965436,0.0585710609174856,-0.07532834018533427,5.900143642882501,BALANCE,1,-1.9559593040307627e-05
5.484,0.05765015482274463,-0.010220420646127194,0.056757289151768725,0.057936240799484694,-0.31741005900045444,2.911636933566462,BALANCE,1,-1.9545799002898153e-05
5.486,0.057631635958511236,-0.009178521423994434,0.05829126993965436,0.058060500998544075,0.06213009952969056,0.9368939759654462,BALANCE,1,-1.9535395929517946e-05
5.488,0.057613514354178934,-0.00905246162347276,0.05522330836388308,0.057067483576412725,-0.49650871106567473,3.980670856150169,BALANCE,1,-1.9523355390259863e-05
5.49,0.05759816963231918,-0.007727018877014617,0.056757289151768725,0.05695891552778733,-0.05428402431269935,-0.5480206739406341,BALANCE,1,-1.9515327628938667e-05
5.492,0.05758370469362484,-0.007266570325188174,0.05829126993965436,0.05742523957194079,0.23316202207673137,2.983262737165645,BALANCE,1,-1.9506262794594475e-05
5.494,0.05756795856828325,-0.007868342944638349,0.059825250727540004,0.05826524347640052,0.4200019522298641,5.310810550930299,BALANCE,1,-1.9494624742764188e-05
5.496,0.05754943202167216,-0.009411583138331844,0.056757289151768725,0.05773745946277939,-0.2638920068105642,6.855930226422943,BALANCE,1,-1.9479233949687145e-05
5.498,0.05753142372527658,-0.008976776793636091,0.059825250727540004,0.058468186405445606,0.3653634713331084,1.3531115132822498,BALANCE,1,-1.946789531360809e-05
5.5,0.05751172305569672,-0.009976367918750976,0.05522330836388308,0.057332479090898725,-0.5678536572734406,6.430998954991604,BALANCE,1,-1.9452541637297533e-05
5.502,0.057494571125629675,-0.008534500761293213,0.05829126993965436,0.0576680558879632,0.16778839853223704,-1.1028805127336012,BALANCE,1,-1.9443784385604625e-05
5.5040000000000004,0.05747737745646472,-0.008599841963063952,0.059825250727540004,0.05842307408181508,0.37750909692594103,4.802390541535688,BALANCE,1,-1.9432035987426024e-05
5.506,0.05745804345165705,-0.009808454747955234,0.05522330836388308,0.05730315608053888,-0.5599590006380994,6.525457220316433,BALANCE,1,-1.9416590366529817e-05
5.508,0.05744106468552493,-0.008458806860721264,0.05522330836388308,0.05657520937970935,-0.3639733504147667,-1.0414826402724628,BALANCE,1,-1.9407743807224474e-05
5.51,0.0574268415572657,-0.007221398919864201,0.05829126993965436,0.057175830575690104,0.3003105979903775,0.4827257594644272,BALANCE,1,-1.940020229168107e-05
5.5120000000000005,0.05741140766343165,-0.0077066353432599585,0.056757289151768725,0.05702934107731762,-0.07324474918624091,5.833034618464426,BALANCE,1,-1.9389003015477665e-05
5.514,0.057395911078532605,-0.007747708374109907,0.056757289151768725,0.05693412290337551,-0.0476090869710559,2.83580247114913,BALANCE,1,-1.9378469149945282e-05
5.516,0.05738046781822268,-0.007722767811125696,0.05522330836388308,0.05633533781455316,-0.29939254441117485,3.0351746784340836,BALANCE,1,-1.9368082970708684e-05
5.518,0.05736647706093971,-0.0070593088323051756,0.05829126993965436,0.05701991405833858,0.3422881218927108,0.9849799135837909,BALANCE,1,-1.9359684901407306e-05
5.5200000000000005,0.0573507001629344,-0.00788522164869095,0.056757289151768725,0.05692799534103913,-0.04595935864972617,6.159499818642001,BALANCE,1,-1.9347721207275876e-05
5.522,0.057334560590500815,-0.008070524045331413,0.05368932757599744,0.05579446162327454,-0.5667668588822949,3.0480048512645386,BALANCE,1,-1.933651698652771e-05
5.524,0.05732126232065222,-0.006813007889935817,0.056757289151768725,0.056131451258247506,0.16849481748648296,-1.186467173661887,BALANCE,1,-1.9329543779007304e-05
5.526,0.05730739700773259,-0.006922914328807478,0.05829126993965436,0.05688738779673991,0.3779682692462011,4.715845615386714,BALANCE,1,-1.9320032882751157e-05
5.5280000000000005,0.05729113305418834,-0.008155649770269014,0.056757289151768725,0.05684185327099999,-0.022767262869958366,6.436989421774003,BALANCE,1,-1.930708570263479e-05
5.53,0.05727419834922647,-0.008478200573641799,0.056757289151768725,0.05681225582926905,-0.014798720865471376,3.2283730933003323,BALANCE,1,-1.9295100046531956e-05
5.532,0.05725710536579774,-0.008549479907410796,0.05522330836388308,0.05625612421638396,-0.27806580644254564,3.290345582832372,BALANCE,1,-1.928345396545632e-05
5.534,0.05724144214536161,-0.00784942569182713,0.056757289151768725,0.056431531943768626,0.0877038636923344,1.1508410014426724,BALANCE,1,-1.9274128230655144e-05
5.5360000000000005,0.05722557412513024,-0.007933619922945254,0.05522330836388308,0.05600865369080869,-0.21143912647996962,4.087522826164793,BALANCE,1,-1.9263301199412788e-05
5.538,0.05721067700379069,-0.007474097216237223,0.0521553467881118,0.05465999627486478,-0.6743287079719537,1.6690062096087643,BALANCE,1,-1.9254027614189475e-05
5.54,0.05719949218694878,-0.005942509743727944,0.05829126993965436,0.055930942057541136,0.6354728913381784,-2.1150298872837423,BALANCE,1,-1.924869152377522e-05
5.542,0.05718514244431228,-0.007112277701388148,0.056757289151768725,0.05622016354052079,0.14461074148982775,8.439639654157896,BALANCE,1,-1.9237406653533268e-05
5.5440000000000005,0.057169173316602734,-0.007987965753877566,0.05522330836388308,0.05587126422869759,-0.17444965591159947,4.530095744349869,BALANCE,1,-1.922525339268394e-05
5.546,0.057153553437140896,-0.007814252344858155,0.05829126993965436,0.05671826622753246,0.42350099941743446,1.9566786064290598,BALANCE,1,-1.9215041249000033e-05
5.548,0.05713561354681118,-0.009064229131526498,0.056757289151768725,0.056731924251015156,0.006829011741347341,6.791103968991424,BALANCE,1,-1.9200729121161968e-05
5.55,0.05711692699917691,-0.009371655709325957,0.056757289151768725,0.056740801966278905,0.00443885763187421,3.458547548991688,BALANCE,1,-1.9187564877468275e-05
5.5520000000000005,0.05709812604486963,-0.009403912784058149,0.059825250727540004,0.05782035903272029,0.539778533220691,3.4399589790317275,BALANCE,1,-1.91748678304251e-05
5.554,0.05707648908580383,-0.011128429512489348,0.056757289151768725,0.05744828457438724,-0.18603722916652257,7.787449807728745,BALANCE,1,-1.9156558110301952e-05
5.556,0.057054964151102755,-0.010689164130491816,0.056757289151768725,0.05720643617647076,-0.12092419895824019,1.958599241131054,BALANCE,1,-1.9143128248100443e-05
5.558,0.05703472448226245,-0.010033411462050642,0.056757289151768725,0.05704923471782505,-0.07860072932285717,2.464992578922324,BALANCE,1,-1.913099351589427e-05
5.5600000000000005,0.05701558170751275,-0.009520309626494276,0.05829126993965436,0.057483947045465306,0.21735616382012948,2.7941482484866453,BALANCE,1,-1.911922012484898e-05
5.562,0.056995731368589424,-0.009984381113726048,0.056757289151768725,0.0572296167826715,-0.1271651313969023,5.187886133288954,BALANCE,1,-1.9104940858901414e-05
5.564,0.05697643347877645,-0.009609726659667656,0.056757289151768725,0.05706430211185553,-0.08265733540798598,2.4164559557850716,BALANCE,1,-1.909278510706415e-05
5.566,0.056957969064055855,-0.00920016981301264,0.056757289151768725,0.05695684757582515,-0.053727268015189844,2.762599443447444,BALANCE,1,-1.9081230966856046e-05
5.5680000000000005,0.05694013215514139,-0.008901274746995197,0.22588122155590984,0.11608037846885479,29.56176544651482,2.98759271042799,BALANCE,1,-1.906985660318188e-05
5.57,0.05684370501209159,-0.08298391295920418,0.05522330836388308,0.09478040393211469,-10.649987268370047,243.45894628024985,BALANCE,1,-1.827922076495254e-05
5.572,0.05670443537751609,-0.05634062451762771,0.05522330836388308,0.08093542048323363,-6.9224917244405315,-79.5130739110335,BALANCE,1,-1.858214416321908e-05
5.574,0.05666457210558552,0.0034292790050262437,0.05829126993965436,0.07300996779298088,-3.9627263451263715,-50.523808566530235,BALANCE,1,-1.889289201926216e-05
5.5760000000000005,0.05670440117310541,0.03029714855376545,0.05829126993965436,0.0678584235443166,-2.575772124332139,-27.32121269343212,BALANCE,1,-1.882279854429829e-05
5.578,0.05678774007066508,0.05240682643057652,0.05829126993965436,0.06450991978268482,-1.674251880815894,-16.534671581998115,BALANCE,1,-1.8683394070268246e-05
5.58,0.05691459574912908,0.0743777365141761,0.056757289151768725,0.061796499061864185,-1.3567103604103168,-9.523419859566062,BALANCE,1,-1.8471119050088062e-05
5.582,0.05708399265829122,0.09501393773335724,0.05829126993965436,0.06056966886909075,-0.6134150963867171,-7.145892939570683,BALANCE,1,-1.821185803631302e-05
5.5840000000000005,0.057287765462962596,0.10876152170828828,0.05829126993965436,0.059772229243788014,-0.3987198126513686,-1.2731406389482918,BALANCE,1,-1.805014337822152e-05
5.586,0.0575114131282904,0.11489001953641642,0.056757289151768725,0.058717000211581265,-0.5276145161033745,0.39657525341633226,BALANCE,1,-1.805497846561068e-05
5.588,0.05774181555555207,0.11551661922127598,0.059825250727540004,0.05910488789216683,0.19394384029278178,-0.69789611613212,BALANCE,1,-1.8195792728972568e-05
5.59,0.057962911837577236,0.10558413360849617,0.059825250727540004,0.05935701488454744,0.12606349619030677,5.097843995872264,BALANCE,1,-1.8580532263220954e-05
5.5920000000000005,0.05815552552265291,0.08703556606543528,0.059825250727540004,0.05952089742959484,0.08194127252370009,4.569928862595301,BALANCE,1,-1.909320533942374e-05
5.594,0.05830395143091706,0.061424451950228096,0.056757289151768725,0.0585536345323557,-0.4836314486195703,4.226784025965291,BALANCE,1,-1.9600461738091588e-05
5.596,0.0584000913353621,0.035146879803309786,0.05829126993965436,0.05846180692491024,-0.04591380372273232,-0.3558335170152205,BALANCE,1,-1.993714843771077e-05
5.598,0.05844520396027398,0.013577896791767175,0.05829126993965436,0.05840211898007068,-0.029843972419778264,3.140397985712756,BALANCE,1,-2.00802577425717e-05
5.6000000000000005,0.058460723070066466,0.007744032705501884,0.059825250727540004,0.05890021509168494,0.24904805580713146,3.265375359446015,BALANCE,1,-2.0104198675978758e-05
5.602,0.05846754796926338,0.004463869370658541,0.05368932757599744,0.057076404461194316,-0.9119053152453135,5.526397351958148,BALANCE,1,-2.0113164518550664e-05
5.604,0.05847524390473442,0.004025515246267935,0.05829126993965436,0.05750160737865533,0.2126014587305082,-3.870658254290849,BALANCE,1,-2.011885575217413e-05
5.606,0.05847907666860903,0.002641759188732542,0.056757289151768725,0.057241095999245026,-0.13025568970515336,5.1509081125633855,BALANCE,1,-2.01224767910405e-05
5.6080000000000005,0.05848094981502169,0.0015612828763593557,0.05829126993965436,0.057608656878388294,0.183780439571634,2.3924202423134746,BALANCE,1,-2.0124249984176984e-05
5.61,0.05847950184502666,6.377407044519173e-05,0.05829126993965436,0.05784757144983142,0.11945728572156436,4.92676292927637,BALANCE,1,-2.0123513304697064e-05
5.612,0.05847529473531942,-0.0014222864376918743,0.05829126993965436,0.05800286592126945,0.07764723571901389,4.4265125727624,BALANCE,1,-2.01204034557893e-05
5.614,0.05846884469573252,-0.0027185037371976204,0.056757289151768725,0.057566914051944196,-0.21797593466262727,4.101349841028278,BALANCE,1,-2.0115393690044933e-05
5.6160000000000005,0.05846203845120918,-0.0031997068847154065,0.05829126993965436,0.05782043861264276,0.126762280349281,1.7102073658156338,BALANCE,1,-2.011040815337738e-05
5.618,0.05845332679967459,-0.0040797672480098815,0.059825250727540004,0.058522122852856795,0.3508421201070186,4.4833245595528135,BALANCE,1,-2.0103733176857446e-05
5.62,0.05844151265036403,-0.005674175073746352,0.05522330836388308,0.057367537781716,-0.5772925355703972,6.318064332027557,BALANCE,1,-2.009395030647155e-05
5.622,0.05843156279135173,-0.005132781897721968,0.05829126993965436,0.057690844036994426,0.16165312763921288,-1.1762880176602173,BALANCE,1,-2.0087733631569833e-05
5.6240000000000006,0.058420266873949106,-0.005560541591748212,0.06135923151542565,0.05897477965444536,0.6419678087254653,4.754675663333368,BALANCE,1,-2.007948092164756e-05
5.626,0.05840470925153076,-0.007803025708368116,0.05829126993965436,0.05873555125426851,-0.11961420008842205,8.674229249070445,BALANCE,1,-2.006559254547965e-05
5.628,0.058388390908020615,-0.008163272788429009,0.05829126993965436,0.05858005279415356,-0.07774923005747503,2.5672194745487342,BALANCE,1,-2.005376744316686e-05
5.63,0.058372119786043904,-0.008135882772996365,0.056757289151768725,0.05794208551931887,-0.3189836374173464,2.8928093271894135,BALANCE,1,-2.0042639046707674e-05
5.632,0.058357426636027714,-0.007395512816400574,0.059825250727540004,0.05860119334219627,0.3295539114386986,0.9246560318203607,BALANCE,1,-2.0033776110731007e-05
5.634,0.05834108199621676,-0.00818542092673606,0.06135923151542565,0.05956650670282655,0.4826566803151425,6.152502892041365,BALANCE,1,-2.0021242752112997e-05
5.636,0.05832151675303038,-0.01001706479734361,0.056757289151768725,0.05858328055995631,-0.49161307143512006,7.435243844690733,BALANCE,1,-2.000425906868282e-05
5.638,0.05830352547916149,-0.008930749110997257,0.05829126993965436,0.05848107684285063,-0.051101858552841245,-0.4179077378835818,BALANCE,1,-1.9994111419578176e-05
5.64,0.05828649673406827,-0.008502158859494558,0.059825250727540004,0.05895153770249191,0.23523042982064035,3.1000497421483075,BALANCE,1,-1.998322904804894e-05
5.642,0.05826836032074052,-0.009115006426281316,0.056757289151768725,0.058183550709738796,-0.38399349637655705,5.418935700714638,BALANCE,1,-1.9969642109234427e-05
5.644,0.05825190604393724,-0.008222964350893466,0.059825250727540004,0.05875814571596922,0.2872975031152115,0.41906507157187134,BALANCE,1,-1.9960013247050685e-05
5.646,0.05823430206965696,-0.008838202007163143,0.05829126993965436,0.05859473919425902,-0.08170326085510035,5.823868767879845,BALANCE,1,-1.9946830474380455e-05
5.648,0.05821671229678993,-0.008792971125146057,0.056757289151768725,0.05795163167938742,-0.3215537574358003,2.8620582648147384,BALANCE,1,-1.9934865779639772e-05
5.65,0.05820083967229348,-0.007951314517898631,0.05829126993965436,0.05807050507048085,0.05943669554671696,0.9046678412768427,BALANCE,1,-1.9925498710049395e-05
5.652,0.05818496490721327,-0.007937968666885646,0.05829126993965436,0.05814777277469158,0.03863385210536516,3.9597238686025866,BALANCE,1,-1.991465250842367e-05
5.654,0.05816870719274575,-0.008130481753936925,0.05829126993965436,0.058197996782428554,0.025112003868486138,3.797937183324416,BALANCE,1,-1.9903194605628703e-05
5.656,0.05815205189956967,-0.008332330113477737,0.056757289151768725,0.05769374911169762,-0.2521238353654677,3.6927758378936026,BALANCE,1,-1.989144330150525e-05
5.658,0.058136525312163796,-0.007779918934300213,0.05829126993965436,0.05790288140148248,0.10456614489243177,1.4446342637781155,BALANCE,1,-1.9881771130416556e-05
5.66,0.05812055206405353,-0.007986129688437907,0.05829126993965436,0.058038817389842644,0.06796799418008065,4.310702043228403,BALANCE,1,-1.987050017727522e-05
5.662,0.05810392696623468,-0.008320067896587097,0.059825250727540004,0.05866406905803672,0.31262583409703837,4.0260729968312035,BALANCE,1,-1.9858552565217214e-05
5.664,0.05808529980669932,-0.00941834585006319,0.059825250727540004,0.05907048264236287,0.20320679216307563,6.020850816258511,BALANCE,1,-1.984374275648547e-05
5.666,0.058064917809851624,-0.010321251996722106,0.05829126993965436,0.0587977581964149,-0.13636222297398748,5.169883295846377,BALANCE,1,-1.9827915107841034e-05
5.668,0.05804482951941752,-0.010003422334123336,0.056757289151768725,0.05808359403078874,-0.35708208281307746,2.436967707992994,BALANCE,1,-1.9814883082971244e-05
5.67,0.05802704402875926,-0.008831462798952246,0.05829126993965436,0.05815628059889171,0.0363432840514849,0.6283589793427047,BALANCE,1,-1.9805093403142464e-05
5.672,0.0580097986580072,-0.008614710544484604,0.059825250727540004,0.058740420143918615,0.29206977251345145,3.780123108345382,BALANCE,1,-1.9793724904718146e-05
5.674,0.05799103787684828,-0.00946319578722033,0.05829126993965436,0.05858321757242613,-0.0786012857462437,5.860983388742729,BALANCE,1,-1.9779286439397752e-05
5.676,0.05797220774771111,-0.009410615224851397,0.05829126993965436,0.05848103590095601,-0.05109083573505771,2.886182768375618,BALANCE,1,-1.9766546808612096e-05
5.678,0.05795374092176076,-0.009218353664395286,0.05829126993965436,0.058414617814500434,-0.033209043227788726,3.100135468176899,BALANCE,1,-1.9754335247715213e-05
5.68,0.05793560282587844,-0.009058284184598971,0.059825250727540004,0.05890833933406429,0.2468607597819264,3.2392047230477163,BALANCE,1,-1.9742281784077796e-05
5.682,0.057916228020182564,-0.009769185399253233,0.05829126993965436,0.058692365046020815,-0.10798714402173587,5.509386438299268,BALANCE,1,-1.9727649739303456e-05
5.684,0.05789706096508584,-0.009562771704594504,0.05829126993965436,0.05855198175879256,-0.07019164361412797,2.657644750587362,BALANCE,1,-1.9715016939669113e-05
5.686,0.05787848605979382,-0.009262848578352745,0.056757289151768725,0.05792383934633422,-0.31407120622916823,2.95158575661453,BALANCE,1,-1.9702968313757707e-05
5.688,0.05786183684969675,-0.008313363295372245,0.056757289151768725,0.0575155467782363,-0.20414628404896024,0.9628607109467073,BALANCE,1,-1.9693412501184743e-05
5.69,0.05784676246123438,-0.0075740952472266865,0.056757289151768725,0.057250156608972654,-0.1326950846318245,1.8177625343024961,BALANCE,1,-1.968440446181996e-05
5.692,0.05783259215382483,-0.007124227393794879,0.059825250727540004,0.05815143955047123,0.4506414707492884,2.373448719483763,BALANCE,1,-1.9675466750971685e-05
5.694,0.0578159181433798,-0.00837939100751824,0.056757289151768725,0.057663486910925356,-0.2439763197729372,7.094218139022582,BALANCE,1,-1.9662047268931417e-05
5.696,0.057799735736685495,-0.008091988678770454,0.059825250727540004,0.05842010424674048,0.3783086679075634,1.5079986564720236,BALANCE,1,-1.965154600194358e-05
5.698,0.057781531890028826,-0.00919258198909823,0.05829126993965436,0.058375012239260345,-0.022546003740069043,6.531675598064936,BALANCE,1,-1.9637139460703892e-05
5.7,0.0577627804941435,-0.009394788377189652,0.05522330836388308,0.057271915882878305,-0.5515481781910199,3.3221327044350684,BALANCE,1,-1.96239929398958e-05
5.702,0.057746937767315445,-0.007952143937959323,0.059825250727540004,0.0581655830785099,0.4468335978157975,-0.9760704725554605,BALANCE,1,-1.961589699424828e-05
5.704,0.057729389387730014,-0.008825943170108813,0.056757289151768725,0.05767268020415049,-0.24645143717970386,7.064603767236974,BALANCE,1,-1.960241229206092e-05
5.706,0.05771261046205774,-0.008380909058193125,0.059825250727540004,0.05842607988733682,0.3766998415931644,1.4887493148113986,BALANCE,1,-1.9591834297185888e-05
5.708,0.057693970110957206,-0.00941914497602912,0.06135923151542565,0.059452682957167914,0.5133015349155466,6.519163525985524,BALANCE,1,-1.9577207976758214e-05
5.71,0.05767193250771112,-0.011394149305810352,0.059825250727540004,0.05958308167679815,0.0651993598151171,7.673573256754448,BALANCE,1,-1.9557867101344617e-05
5.712,0.057648414904336524,-0.011860265690081867,0.056757289151768725,0.05859405429303785,-0.4945136918801489,4.096579779128826,BALANCE,1,-1.9540756582667497e-05
5.714,0.05762762658162276,-0.010146606160620917,0.05829126993965436,0.058488079769353635,-0.05298726184210789,-0.4404662774589201,BALANCE,1,-1.9530681850859978e-05
5.716,0.05760857373273678,-0.009460448072216063,0.05829126993965436,0.058419196328958894,-0.03444172019737013,3.085386691424355,BALANCE,1,-1.951920087272386e-05
5.718,0.057590234876637524,-0.009146064616563327,0.059825250727540004,0.05891131536846229,0.2460595197516964,3.2296180181585727,BALANCE,1,-1.950739685438392e-05
5.72,0.05757077709578693,-0.009806252793056084,0.05829126993965436,0.058694299468379514,-0.10850795004138658,5.503155080121308,BALANCE,1,-1.9492880300051348e-05
5.722,0.05755156431671722,-0.009583680366866677,0.05829126993965436,0.05855323913332571,-0.07053016752690128,2.653594367771678,BALANCE,1,-1.9480329052385854e-05
5.724,0.05753295687472633,-0.00927835418062826,0.056757289151768725,0.05792465663978077,-0.3142912467724718,2.9489530077843327,BALANCE,1,-1.946834585969345e-05
5.726,0.05751627943913617,-0.008326441540131962,0.06135923151542565,0.05912675784625648,0.6010506032378543,0.961149424207072,BALANCE,1,-1.9458846008945982e-05
5.728,0.05749681835383953,-0.009928263380591268,0.05829126993965436,0.05883433707894574,-0.14621038365536868,8.356010296678223,BALANCE,1,-1.944255973768345e-05
5.73,0.0574772052033538,-0.009791027255971077,0.059825250727540004,0.05918115685595374,0.1734098885039989,2.3603771554937953,BALANCE,1,-1.9429582761713784e-05
5.732,0.05745684545559594,-0.0102441013527532,0.05522330836388308,0.05779590988372901,-0.692623486112362,4.938148519389216,BALANCE,1,-1.941484867925888e-05
5.734,0.05744008198213855,-0.008356200752199283,0.05829126993965436,0.057969285903302886,0.08668800978693658,-2.0732332958751556,BALANCE,1,-1.9407263712346775e-05
5.736,0.05742394644706846,-0.008069072237012035,0.056757289151768725,0.05754508704026593,-0.21209943151847752,4.1716612324936655,BALANCE,1,-1.9396863697419915e-05
5.738,0.05740896511237862,-0.007519583112366923,0.056757289151768725,0.05726935777929191,-0.13786463048701125,1.7559097702681357,BALANCE,1,-1.9387656963350155e-05
5.74,0.057394790355192404,-0.007121708004531383,0.05829126993965436,0.05762702703541877,0.17883462806343037,2.3332444228614246,BALANCE,1,-1.937870522093793e-05
5.742,0.05737954982865067,-0.007606268196157943,0.05829126993965436,0.05785951205190123,0.11624250824122939,4.888298646632569,BALANCE,1,-1.9367653717842692e-05
5.744,0.05736318782318646,-0.008189749662623577,0.05829126993965436,0.058010627312614825,0.07555763035679841,4.401510789043909,BALANCE,1,-1.935562616421907e-05
5.746,0.05734594558716132,-0.008641576228726574,0.05829126993965436,0.058108852232078664,0.04911245973191966,4.085098681611276,BALANCE,1,-1.9343179785069357e-05
5.748,0.057328100664432634,-0.008941996471103953,0.05829126993965436,0.05817269842973016,0.03192309882574934,3.879430811780077,BALANCE,1,-1.933057810795858e-05
5.75,0.057309878849217864,-0.00912510981378092,0.05522330836388308,0.05714041190668369,-0.5161432615232372,3.7457466963898045,BALANCE,1,-1.9317936614663623e-05
5.752,0.05729434697383431,-0.007810043226032941,0.05522330836388308,0.05646942566670348,-0.33549311999010384,-0.7007213777848764,BALANCE,1,-1.9309840715963166e-05
5.7540000000000004,0.05728122765655088,-0.006711548495392711,0.059825250727540004,0.05764396443799626,0.5872693856463912,0.7042205800813783,BALANCE,1,-1.9302699529348265e-05
5.756,0.057265134142673736,-0.008066916859503118,0.059825250727540004,0.058407414639336575,0.38172510067015564,8.156792951450905,BALANCE,1,-1.9289718331789472e-05
5.758,0.05724607556166457,-0.009714614246146417,0.05522330836388308,0.057292977442927856,-0.5572185982043593,6.55824568372144,BALANCE,1,-1.9273754436026424e-05
5.76,0.057229074753558144,-0.008470775493745076,0.05368932757599744,0.056031699989502214,-0.6306387267128212,-1.0201701390592026,BALANCE,1,-1.9264718299990082e-05
5.7620000000000005,0.05721620398292814,-0.0066988207507971366,0.05829126993965436,0.056822549472055464,0.39542474127662525,-1.6832078143324365,BALANCE,1,-1.9258920141811616e-05
5.764,0.057201774352781315,-0.007184767518094393,0.056757289151768725,0.056799708359955105,-0.011420556050179692,6.57275089853633,BALANCE,1,-1.9248487955812115e-05
5.766,0.05718688021843776,-0.007435735869722276,0.05829126993965436,0.05732175491284985,0.26102327644737106,3.316618053195869,BALANCE,1,-1.92380739361138e-05
5.768,0.05717020874849561,-0.008363388639224312,0.05522330836388308,0.05658729862071148,-0.36722814606918175,5.527491506349959,BALANCE,1,-1.9225295068727108e-05
5.7700000000000005,0.05715490279302285,-0.00768026117276339,0.05829126993965436,0.05718368858234149,0.29819498081500373,0.4574127486892352,BALANCE,1,-1.9216170081508292e-05
5.772,0.057138190352009455,-0.00837625168762111,0.059825250727540004,0.05810823533316097,0.4622733754097406,5.816581161460519,BALANCE,1,-1.920374123446492e-05
5.774,0.057118489531552206,-0.010072029271799504,0.05829126993965436,0.05817229744543366,0.03203105613634391,7.184681123267583,BALANCE,1,-1.91871623669961e-05
5.776,0.05709765626279271,-0.010479532140713822,0.05829126993965436,0.05821393781841091,0.02082018648862441,3.746586295816771,BALANCE,1,-1.9172270953009885e-05
5.7780000000000005,0.057076652478574776,-0.010506552339333976,0.056757289151768725,0.057704110785086145,-0.254913516662382,3.6593977610136497,BALANCE,1,-1.9158102960666372e-05
5.78,0.05705725202379855,-0.009604422952388416,0.059825250727540004,0.058446509764945,0.37119948992942603,1.4229385138061126,BALANCE,1,-1.914701218158272e-05
5.782,0.057036574171981665,-0.010470504233080685,0.05522330836388308,0.05731838927457333,-0.5640602451858351,6.476386505332108,BALANCE,1,-1.913127880935372e-05
5.784,0.05701856691323381,-0.008911996179869595,0.056757289151768725,0.05712200423159172,-0.09819252149080235,-1.073378605012281,BALANCE,1,-1.9122418737127137e-05
5.7860000000000005,0.057002135939322206,-0.008212154865271366,0.05522330836388308,0.0564574606778937,-0.33227177684901077,2.6417800819690846,BALANCE,1,-1.9112675771560796e-05
5.788,0.056987817818736984,-0.0072403397786182455,0.05522330836388308,0.05602550736798999,-0.2159766549518563,0.7292734258815359,BALANCE,1,-1.9104676112146215e-05
5.79,0.05697494087289884,-0.006541701758256813,0.05368932757599744,0.055207844440792596,-0.408831463598696,1.633717202464549,BALANCE,1,-1.9097070182992593e-05
5.792,0.056964255689607134,-0.00558684087564782,0.056757289151768725,0.05575015008963424,0.27115282442082345,0.04181895765798771,BALANCE,1,-1.9091143396213805e-05
5.7940000000000005,0.056951987812822305,-0.006059540285263459,0.056757289151768725,0.05610264876138132,0.17624933587353717,5.514231600744642,BALANCE,1,-1.9082334871413942e-05
5.796,0.056938107725316,-0.0068752930292954925,0.056757289151768725,0.05633177289801691,0.11456206831779794,4.776153612671177,BALANCE,1,-1.907190977734748e-05
5.798,0.056922901097705696,-0.00758394092579769,0.056757289151768725,0.05648070358683005,0.07446534440656849,4.296402920423398,BALANCE,1,-1.9060631053588444e-05
5.8,0.056906725477172106,-0.008091538274385721,0.056757289151768725,0.05657750853455859,0.04840247386427021,3.984564970462351,BALANCE,1,-1.9048950490129157e-05
5.8020000000000005,0.05688989591184315,-0.008424752633830156,0.06135923151542565,0.058251111577862065,0.8368015216517373,3.7818703029876772,BALANCE,1,-1.9037096975968865e-05
5.804,0.05686828607889874,-0.011345638940586477,0.05522330836388308,0.057191380452969426,-0.5298655624463195,10.189478867885622,BALANCE,1,-1.901647556351945e-05
5.806,0.05684784654737045,-0.010043054704841979,0.05829126993965436,0.057576341773309156,0.19248066016986504,-0.807441672392391,BALANCE,1,-1.900577387219039e-05
5.808,0.056827515104742723,-0.010185953043131878,0.05522330836388308,0.05675278008001003,-0.41178084664956344,4.99442578775747,BALANCE,1,-1.899186922546703e-05
5.8100000000000005,0.056809525452034305,-0.008920081777428132,0.05522330836388308,0.0562174649793656,-0.2676575503222159,0.11092003160409414,BALANCE,1,-1.8982422819082324e-05
5.812,0.05679384906342997,-0.00786635290153865,0.05522330836388308,0.05586951016394672,-0.1739774077094379,1.2317874961842086,BALANCE,1,-1.897383289001652e-05
5.814,0.05677959763242443,-0.007183695798066917,0.05522330836388308,0.05564333953392445,-0.11308531501113411,1.9603513481613002,BALANCE,1,-1.8965406919024706e-05
5.816,0.056766078131842826,-0.0068036442917723495,0.05522330836388308,0.05549632862440997,-0.0735054547572403,2.4339178519463944,BALANCE,1,-1.89569433166404e-05
5.8180000000000005,0.056752842151602714,-0.00663896495190192,0.05368932757599744,0.05486387825746559,-0.31622518347219214,2.741736079406676,BALANCE,1,-1.8948340278439173e-05
5.82,0.05674107079443286,-0.006011524699189533,0.056757289151768725,0.05552657207047169,0.33134690650304943,0.762031227670398,BALANCE,1,-1.8941327594081782e-05
5.822,0.056727361260131524,-0.00678705176171198,0.056757289151768725,0.05595732304892565,0.21537548922698213,5.9823695762526965,BALANCE,1,-1.893111751224368e-05
5.824,0.056711807330146885,-0.007766996100756292,0.056757289151768725,0.05623731118492073,0.13999406799753908,5.080443296751396,BALANCE,1,-1.8919216378244867e-05
5.8260000000000005,0.056694824354146495,-0.008520788511759667,0.05522330836388308,0.055882410197557554,-0.1774504936815878,4.494191215075556,BALANCE,1,-1.890657650992359e-05
5.828,0.056678336531156816,-0.00824141072169096,0.059825250727540004,0.05726240438305141,0.6899970927469294,1.9333406624007508,BALANCE,1,-1.889607935793179e-05
5.83,0.05665822358220844,-0.010363170395863607,0.05368932757599744,0.05601182750058253,-0.6252884412344429,8.95572100495852,BALANCE,1,-1.887845860196013e-05
5.832,0.0566403223118744,-0.008867945121468303,0.05829126993965436,0.05680963235425767,0.3989024268375718,-1.641597879840592,BALANCE,1,-1.8869594256036433e-05
5.8340000000000005,0.05662129753470031,-0.009587771882471466,0.05522330836388308,0.05625441895762657,-0.2776066983155509,6.599797355956035,BALANCE,1,-1.8855500958206814e-05
5.836,0.056603442706801115,-0.008887788123446556,0.05829126993965436,0.0569673168013363,0.35644892185486554,1.1544115509331867,BALANCE,1,-1.8844987603567307e-05
5.838,0.05658415037631407,-0.009743253446410631,0.05829126993965436,0.057430700399747625,0.2316917992056626,6.269630382919102,BALANCE,1,-1.8830441409442747e-05
5.84,0.05656318916365232,-0.010620337378558034,0.056757289151768725,0.057195006462955014,-0.11784696839630543,5.2993764176301585,BALANCE,1,-1.8814583868249467e-05
5.8420000000000005,0.05654252316880272,-0.010284548186525392,0.056757289151768725,0.057041805404039816,-0.07660052945759888,2.4889246406068573,BALANCE,1,-1.8801581777718192e-05
5.844,0.056522754137684914,-0.009830651497708578,0.05368932757599744,0.05586843816422499,-0.5866836199074146,2.809704088581598,BALANCE,1,-1.87894063406693e-05
5.846,0.056506648797782735,-0.00807286513664432,0.056757289151768725,0.0561795360098653,0.1555489228201555,-1.3413626694058172,BALANCE,1,-1.8782054164117338e-05
5.848,0.056490695266160344,-0.007978003002517414,0.05522330836388308,0.05584485633377152,-0.16733983804688782,4.615163543153162,BALANCE,1,-1.8771611489414324e-05
5.8500000000000005,0.056475586837596826,-0.0075729931462545745,0.056757289151768725,0.05616420782007055,0.15967574314951216,2.0119726756511884,BALANCE,1,-1.876224276027074e-05
5.852,0.056459663075713935,-0.007960611698275076,0.05522330836388308,0.05583489301040494,-0.16465740483280478,4.64725841440033,BALANCE,1,-1.875102102073758e-05
5.854,0.05644429440345829,-0.007693666742756861,0.05522330836388308,0.05562083838412229,-0.10702731314132449,2.032834341961858,BALANCE,1,-1.874125889392761e-05
5.856,0.0564295013616606,-0.0074130486745523855,0.056757289151768725,0.05601859615279854,0.1988788843381266,2.4810317979167413,BALANCE,1,-1.8731888164036922e-05
5.8580000000000005,0.05641358777073322,-0.007955633409604364,0.05522330836388308,0.05574024542667813,-0.13917536306020523,4.952146843872925,BALANCE,1,-1.872043457941938e-05
5.86,0.05639801027787448,-0.0077930688727663915,0.056757289151768725,0.05609621073045984,0.17798265189085394,2.231011821119046,BALANCE,1,-1.871036955286999e-05
5.862,0.05638142913928722,-0.008301900758960793,0.056757289151768725,0.05632758817791795,0.11568872372905506,4.789633858954422,BALANCE,1,-1.869849493651675e-05
5.864,0.05636386967536961,-0.008808369484391652,0.05829126993965436,0.057014876794525694,0.3436443083038726,4.305165080507518,BALANCE,1,-1.868592396272169e-05
5.8660000000000005,0.056344160116568204,-0.010007797526126991,0.0521553467881118,0.05531404129228083,-0.8504177511224308,6.170047074102523,BALANCE,1,-1.8670448250174926e-05
5.868,0.05632844761579046,-0.007912585860086684,0.056757289151768725,0.055819178043101596,0.25256837541038146,-3.484499531442596,BALANCE,1,-1.866403838562625e-05
5.87,0.05631255357693573,-0.007947138617741194,0.05522330836388308,0.05561062365537512,-0.1042771938632378,5.369697685869148,BALANCE,1,-1.8653447676535283e-05
5.872,0.05629709634116422,-0.007735243357698892,0.056757289151768725,0.056011956579112884,0.20066646186888207,2.5024198684166046,BALANCE,1,-1.8643562173582013e-05
5.8740000000000006,0.05628053361739691,-0.008293680799349753,0.05522330836388308,0.05573592970378245,-0.1380134376652159,4.9660490896978295,BALANCE,1,-1.8631638189148905e-05
5.876,0.05626433895760891,-0.008097762611026925,0.05522330836388308,0.055556512234817675,-0.08970873448238895,2.24004828090522,BALANCE,1,-1.86212584213227e-05
5.878,0.056248665825959346,-0.00784234923411045,0.05368932757599744,0.05490299760423059,-0.3267573152935417,2.615720858229949,BALANCE,1,-1.86113186135452e-05
5.88,0.0562347899228758,-0.00702202611423889,0.056757289151768725,0.05555199964586894,0.3245010208191741,0.6801213339055021,BALANCE,1,-1.860343718080677e-05
5.882000000000001,0.056219345597747696,-0.007709530869387066,0.05522330836388308,0.05543695769717389,-0.05752097434752468,5.929128145305529,BALANCE,1,-1.859213956810804e-05
5.884,0.05620369934003639,-0.007821523255536462,0.056757289151768725,0.05589907370628208,0.23105800455409595,2.866049667050236,BALANCE,1,-1.858160601429505e-05
5.886,0.056186623380284455,-0.008569419958021516,0.05829126993965436,0.05673634238796238,0.41863434084014883,5.202408458809693,BALANCE,1,-1.8569008110549702e-05
5.888,0.056166832067090465,-0.010097317067785438,0.056757289151768725,0.056743673755294606,0.003665683666113223,6.753255269998934,BALANCE,1,-1.855288452752369e-05
5.89,0.056146216474787784,-0.010344509014828676,0.056757289151768725,0.05674843914406055,0.0023826943829734215,3.433945894646582,BALANCE,1,-1.853872425238016e-05
5.892,0.05612567321728575,-0.010259957217421279,0.056757289151768725,0.056751536646758416,0.0015487513489315097,3.42396790370742,BALANCE,1,-1.85253415610682e-05
5.894,0.05610542989346617,-0.01010066020145762,0.05522330836388308,0.05621665674775205,-0.2674399495031822,3.4174822095969573,BALANCE,1,-1.8512321956078322e-05
5.896,0.0560869715572599,-0.009157465094132506,0.05368932757599744,0.05533209153763794,-0.44228260505705524,1.233479808839666,BALANCE,1,-1.8502076629806064e-05
5.898,0.05607162146711488,-0.007733781733422859,0.05522330836388308,0.055294017426823744,-0.019037055407098574,-0.21833534819816558,BALANCE,1,-1.849451343815549e-05
5.9,0.05605707670910821,-0.0073027277369892745,0.05522330836388308,0.055269269254794515,-0.012374086014614594,3.1653446023526364,BALANCE,1,-1.8485610443430413e-05
5.902,0.05604262368761401,-0.00723187344143476,0.056757289151768725,0.05579007621873549,0.2604034819704871,3.2171634671707543,BALANCE,1,-1.8476188909528913e-05
5.904,0.05602657981104495,-0.00802641576817109,0.05522330836388308,0.05559170746953715,-0.09918437459916982,5.4306324288880266,BALANCE,1,-1.8464318116911544e-05
5.906,0.056010532594437924,-0.008024061925529935,0.05522330836388308,0.05546276778255823,-0.06446984348945986,2.5420274513788703,BALANCE,1,-1.845374533653656e-05
5.908,0.05599474753899901,-0.007894945677880629,0.05368932757599744,0.05484206371026196,-0.3103520361481364,2.812007319037815,BALANCE,1,-1.844356351401643e-05
5.91,0.05598060991818382,-0.007137327403478065,0.056757289151768725,0.05551239261478933,0.3351644522636872,0.8077075334306261,BALANCE,1,-1.843546525714901e-05
5.912,0.055964839890922526,-0.007881134626995395,0.05368932757599744,0.054874319851212175,-0.3190363817885781,6.012059174996857,BALANCE,1,-1.8423888082604698e-05
5.914,0.0559502758509301,-0.0073214618055535965,0.056757289151768725,0.05553335910640697,0.329519627597398,0.7401681367641055,BALANCE,1,-1.8415206855189735e-05
5.916,0.05593404251940318,-0.008126910492789846,0.05522330836388308,0.05542484134652361,-0.05425887994168002,5.968158567163602,BALANCE,1,-1.8403194712443546e-05
5.918,0.055917578851165814,-0.00823366808004684,0.05829126993965436,0.05642809135411937,0.5016250037978808,2.891419441257977,BALANCE,1,-1.839217505776121e-05
5.92,0.05589829122782514,-0.00983351754794273,0.056757289151768725,0.056543310583296646,0.05760961458863706,7.398685511630209,BALANCE,1,-1.8376404378673164e-05
5.922,0.055877831975244596,-0.01029652933904507,0.05829126993965436,0.05715509635802185,0.3058928873626021,3.8534755517068953,BALANCE,1,-1.8361956769522607e-05
5.924,0.05585563995053337,-0.011283140321251214,0.056757289151768725,0.05701586383583326,-0.069616261094297,5.876448880382128,BALANCE,1,-1.8345098469827884e-05
5.926,0.05583347704547625,-0.011036433420325741,0.056757289151768725,0.05692536269641067,-0.04525056971129218,2.8640217413956197,BALANCE,1,-1.8331123448953233e-05
5.928,0.05581210879132541,-0.01061557831394707,0.056757289151768725,0.056866536955785994,-0.02941287031233905,3.0535172040943026,BALANCE,1,-1.8318060664798214e-05
5.93,0.055791509423463954,-0.010247210710762561,0.05368932757599744,0.05575451367286,-0.5560116414629959,3.176689254848447,BALANCE,1,-1.8305355736342515e-05
5.932,0.055774427595797,-0.008496278753633353,0.05522330836388308,0.055568591814718085,-0.09296092907095863,-1.1028223113323667,BALANCE,1,-1.8297644955783273e-05
5.934,0.055758959848593206,-0.007758665153995552,0.05522330836388308,0.05544774260692584,-0.060424603896123974,2.5904280763154164,BALANCE,1,-1.8288774785352563e-05
5.936,0.05574410370422598,-0.007445720014689887,0.056757289151768725,0.05590608389762085,0.22917064534750536,2.8434677252465583,BALANCE,1,-1.82795371782949e-05
5.938,0.05572798753341313,-0.008061940869026847,0.05829126993965436,0.05674089901233258,0.41740755735586443,5.187730196637293,BALANCE,1,-1.826794911202002e-05
5.94,0.0557091665288277,-0.00956780863578469,0.05522330836388308,0.05620974228537526,-0.2655783634786593,6.74371439958687,BALANCE,1,-1.8252778648216438e-05
5.942,0.0556909507337347,-0.009073428969237516,0.05368932757599744,0.055327597137093024,-0.4410725741411173,1.247957629293241,BALANCE,1,-1.824182373052867e-05
5.944,0.05567551189438878,-0.0077681240951166805,0.056757289151768725,0.055827989342229524,0.25019610256825014,-0.20892476490335676,BALANCE,1,-1.8234053645919757e-05
5.946,0.055659353936161164,-0.008080556205828118,0.05522330836388308,0.05561635099980827,-0.10581917121062559,5.3512481810797725,BALANCE,1,-1.8222942354221165e-05
5.948,0.0556434989940607,-0.007929835417405417,0.056757289151768725,0.05601567935299443,0.19966417659307914,2.490427690303492,BALANCE,1,-1.8212818086279083e-05
5.95,0.055626539752898316,-0.008500346864700652,0.056757289151768725,0.05627524278256544,0.12978171478550404,4.958254173924299,BALANCE,1,-1.8200716755703284e-05
5.952,0.055608514003139146,-0.00905285387438279,0.05829126993965436,0.05698085228754656,0.35280475249056115,4.414768285237958,BALANCE,1,-1.8187886366938326e-05
5.954,0.05558828795680868,-0.010288308866207239,0.0521553467881118,0.055291925362744396,-0.8444634624010828,6.241289157177283,BALANCE,1,-1.8172106335730306e-05
5.956,0.055572025102224185,-0.008143110236411653,0.05829126993965436,0.05634169596466289,0.5248853009592463,-3.438192177443999,BALANCE,1,-1.8165688695836582e-05
5.958,0.05555420753575856,-0.008964320807854661,0.056757289151768725,0.05648715358014993,0.07272880774352244,7.579584165553744,BALANCE,1,-1.8152541878203423e-05
5.96,0.05553553024529126,-0.009376746920260826,0.05368932757599744,0.05550791447869656,-0.4896195507266866,3.971059676757176,BALANCE,1,-1.8139528696293264e-05
5.962,0.055519341486152896,-0.008103518048685919,0.05368932757599744,0.05487140906275187,-0.31825270797234545,-0.5864815370916991,BALANCE,1,-1.813132605747263e-05
5.964,0.055505571274043826,-0.007004375406119931,0.05522330836388308,0.0549945738181478,0.06158237769796418,0.7462628799863484,BALANCE,1,-1.8124103224202116e-05
5.966,0.05549179760697814,-0.006897879577934304,0.056757289151768725,0.05561152418491513,0.3084751833836649,3.792333450672581,BALANCE,1,-1.811526700946505e-05
5.968,0.0554761327912083,-0.007826153168750698,0.05522330836388308,0.055475648647553916,-0.06793776868060583,5.804492918164227,BALANCE,1,-1.810358275784391e-05
5.97,0.055460200473937606,-0.007965649030225596,0.05522330836388308,0.055387329548269124,-0.044159549642396045,2.7850367694083884,BALANCE,1,-1.809294977142545e-05
5.972,0.055444328600289125,-0.007936696801027874,0.05368932757599744,0.05479302885797404,-0.29715034514754196,2.969963375756979,BALANCE,1,-1.808264328462787e-05
5.974,0.05542998078112043,-0.007230969475035253,0.05368932757599744,0.05440673340928223,-0.19314772434590385,0.9103789702981069,BALANCE,1,-1.807442638968773e-05
5.976,0.055416852039773395,-0.006643736251495419,0.0521553467881118,0.05361874809187259,-0.3939926587048226,1.719222209789703,BALANCE,1,-1.806673408654727e-05
5.978,0.055405851357689925,-0.005721700966040159,0.05522330836388308,0.05418034418707626,0.2807980476018379,0.06518361587377441,BALANCE,1,-1.80607781324807e-05
5.98,0.05539328477294935,-0.006212921551951847,0.05522330836388308,0.054545381648958655,0.18251873094119603,5.497205032039279,BALANCE,1,-1.8051961516605892e-05
5.982,0.055379136342759844,-0.007019077471285566,0.05522330836388308,0.05478265599918221,0.11863717511177707,4.732872746467088,BALANCE,1,-1.80416035451375e-05
5.984,0.055363710432199634,-0.007699902097076322,0.056757289151768725,0.05547377760258749,0.34556080170264,4.236056760845149,BALANCE,1,-1.8030484662924077e-05
5.986,0.055345925471108136,-0.008983404693138056,0.05368932757599744,0.05484922009328097,-0.31227875465325916,6.092913069776369,BALANCE,1,-1.8016617182852217e-05
5.988,0.05532912723282605,-0.00838768998404958,0.05522330836388308,0.054980150987991715,0.06546544735537216,0.7927231683707849,BALANCE,1,-1.800678364394354e-05
5.99,0.055312337265768674,-0.008395621015336295,0.056757289151768725,0.05560214934531367,0.31099917866097765,3.82253263812248,BALANCE,1,-1.7995840796675745e-05
5.992,0.055293853609356916,-0.009325195333397766,0.05829126993965436,0.05654334155333291,0.47059610400962054,5.824122390006641,BALANCE,1,-1.7982056450671908e-05
5.994,0.055272352815699526,-0.011055976002969644,0.05368932757599744,0.055544436661265496,-0.4994524460337074,7.157369325276939,BALANCE,1,-1.7964308314960692e-05
5.996,0.05525269286663498,-0.00967434985207685,0.0521553467881118,0.054358255205661704,-0.5930907278018961,-0.6629533685937297,BALANCE,1,-1.7954580135522156e-05
5.998,0.05523741387040655,-0.007726075112846506,0.05829126993965436,0.05573481036255914,0.6882775784487171,-1.4832305100754666,BALANCE,1,-1.794826466017216e-05
