t,th,om,th_meas,th_hat,om_hat,duty,mode,valid,E
0.0,0.17453292519943295,0.0,0.17333982903107745,0.17411534154050853,-0.2087918294622071,0.0,BALANCE,1,-0.00017884313154028722
0.002,0.17453292519943295,0.0,0.1718058482431918,0.17330701888644767,-0.4041613270304306,2.2028522312602394,BALANCE,1,-0.00017884313154028722
0.004,0.17453292519943295,0.0,0.17487380981896308,0.17385539571282807,0.27418841319019893,1.8303575922242878,BALANCE,1,-0.00017884313154028722
0.006,0.17453292519943295,0.0,0.17333982903107745,0.17367494737421535,-0.09022416930636046,3.258646169476924,BALANCE,1,-0.00017884313154028722
0.008,0.17453292519943295,0.0,0.17487380981896308,0.17409454922987705,0.20980092783084991,2.547962753434553,BALANCE,1,-0.00017884313154028722
0.01,0.17453292519943295,0.0,0.17487380981896308,0.17436729043605717,0.13637060309006077,3.222047134670908,BALANCE,1,-0.00017884313154028722
0.012,0.17453292519943295,0.0,0.17487380981896308,0.17454457222007425,0.08864089200853742,3.1168465672727748,BALANCE,1,-0.00017884313154028722
0.014,0.17453292519943295,0.0,0.17487380981896308,0.17465980537968534,0.05761657980554724,3.062005402350539,BALANCE,1,-0.00017884313154028722
0.016,0.17453292519943295,0.0,0.17333982903107745,0.1741978136576726,-0.23099586100637504,3.0403611259983694,BALANCE,1,-0.00017884313154028722
0.018000000000000002,0.17453292519943295,0.0,0.17487380981896308,0.17443441231412427,0.11829932822583766,2.443330686253331,BALANCE,1,-0.00017884313154028722
0.02,0.17453292519943295,0.0,0.17333982903107745,0.17405130816505787,-0.19155207453319667,3.2577165575392346,BALANCE,1,-0.00017884313154028722
0.022,0.17453292519943295,0.0,0.17487380981896308,0.1743391837439247,0.14393778943341817,2.6022422676939385,BALANCE,1,-0.00017884313154028722
0.024,0.17453292519943295,0.0,0.17487380981896308,0.17452630287018814,0.09355956313171487,3.404428211997283,BALANCE,1,-0.00017884313154028722
0.026000000000000002,0.17453292519943295,0.0,0.17333982903107745,0.17411103702649938,-0.20763292184437787,3.3384460439533465,BALANCE,1,-0.00017884313154028722
0.028,0.17453292519943295,0.0,0.17333982903107745,0.1738411142281017,-0.13496139919884353,2.679970591695902,BALANCE,1,-0.00017884313154028722
0.03,0.17453292519943295,0.0,0.17333982903107745,0.17366566440914322,-0.08772490947923928,2.8829743061665027,BALANCE,1,-0.00017884313154028722
0.032,0.17453292519943295,0.0,0.17333982903107745,0.1735516220268202,-0.05702119116150761,3.0312128333453,BALANCE,1,-0.00017884313154028722
0.034,0.17453292519943295,0.0,0.17640779060684875,0.1745512810298302,0.4998295015049975,3.143540989912096,BALANCE,1,-0.00017884313154028722
0.036000000000000004,0.17453292519943295,0.0,0.17333982903107745,0.17412727283026674,-0.2120040997817263,4.544645672369881,BALANCE,1,-0.00017884313154028722
0.038,0.17453292519943295,0.0,0.17333982903107745,0.17385166750055048,-0.1378026648581332,2.8616148544862514,BALANCE,1,-0.00017884313154028722
0.04,0.17453292519943295,0.0,0.17487380981896308,0.17420941731199488,0.1788749057222011,3.0776910411442917,BALANCE,1,-0.00017884313154028722
0.042,0.17453292519943295,0.0,0.17487380981896308,0.17444195468943374,0.11626868871943141,3.9105817033035826,BALANCE,1,-0.00017884313154028722
0.044,0.17453292519943295,0.0,0.17333982903107745,0.17405621070900903,-0.1928719902123538,3.8069471933047363,BALANCE,1,-0.00017884313154028722
0.046,0.17453292519943295,0.0,0.17487380981896308,0.17434237039749295,0.1430798442419584,3.065614515370055,BALANCE,1,-0.00017884313154028722
0.048,0.17453292519943295,0.0,0.17794177139473438,0.17560216074652746,0.6298951745172532,3.968667671838903,BALANCE,1,-0.00017884313154028722
0.05,0.17453292519943295,0.0,0.17794177139473438,0.17642102447339988,0.4094318634362132,5.295674784789054,BALANCE,1,-0.00017884313154028722
0.052000000000000005,0.17453292519943295,0.0,0.17333982903107745,0.17534260606858704,-0.5392092024064238,4.799243970194585,BALANCE,1,-0.00017884313154028722
0.054,0.17453292519943295,0.0,0.17640779060684875,0.17571542065697865,0.18640729419580615,2.3445897277459147,BALANCE,1,-0.00017884313154028722
0.056,0.17453292519943295,0.0,0.17640779060684875,0.17595775013943318,0.12116474122726706,4.306503087563147,BALANCE,1,-0.00017884313154028722
0.058,0.17453292519943295,0.0,0.17487380981896308,0.17557837102726864,-0.18968955608227034,4.187816996607251,BALANCE,1,-0.00017884313154028722
0.06,0.17453292519943295,0.0,0.17487380981896308,0.1753317746043617,-0.12329821145347364,3.3915318703440263,BALANCE,1,-0.00017884313154028722
0.062,0.17453292519943295,0.0,0.17333982903107745,0.1746345936537122,-0.34859047532474763,3.609199999751162,BALANCE,1,-0.00017884313154028722
0.064,0.17453292519943295,0.0,0.17333982903107745,0.17418142603579004,-0.2265838089610811,3.0204758591994105,BALANCE,1,-0.00017884313154028722
0.066,0.17453292519943295,0.0,0.1718058482431918,0.17334997380838066,-0.4157261137046897,3.387254062830562,BALANCE,1,-0.00017884313154028722
0.068,0.17453292519943295,0.0,0.17640779060684875,0.1744202096878445,0.5351179397319189,2.8832272213963135,BALANCE,1,-0.00017884313154028722
0.07,0.17453292519943295,0.0,0.17487380981896308,0.174578969733736,0.07938002294574642,5.620470828559642,BALANCE,1,-0.00017884313154028722
0.07200000000000001,0.17453292519943295,0.0,0.17487380981896308,0.17468216376356546,0.05159701491473656,4.38985358073163,BALANCE,1,-0.00017884313154028722
0.074,0.17453292519943295,0.0,0.17333982903107745,0.17421234660719465,-0.23490857818540822,4.3621042506203915,BALANCE,1,-0.00017884313154028722
0.076,0.17453292519943295,0.0,0.17333982903107745,0.17390696545555362,-0.15269057582051326,3.5736319357994706,BALANCE,1,-0.00017884313154028722
0.078,0.17453292519943295,0.0,0.17487380981896308,0.17424536098274693,0.16919776359665406,3.8487394337390324,BALANCE,1,-0.00017884313154028722
0.08,0.17453292519943295,0.0,0.17333982903107745,0.1739284247996626,-0.15846809154215769,4.845765057221165,BALANCE,1,-0.00017884313154028722
0.082,0.17453292519943295,0.0,0.17487380981896308,0.17425930955641777,0.16544237837758102,3.9213200046868795,BALANCE,1,-0.00017884313154028722
0.084,0.17453292519943295,0.0,0.17333982903107745,0.17393749137254866,-0.16090909193455794,4.940068278800957,BALANCE,1,-0.00017884313154028722
0.08600000000000001,0.17453292519943295,0.0,0.17333982903107745,0.17372830955303373,-0.10459090975746543,4.003955389869684,BALANCE,1,-0.00017884313154028722
0.088,0.17453292519943295,0.0,0.17487380981896308,0.174129234646109,0.20046254653763307,4.215070382097726,BALANCE,1,-0.00017884313154028722
0.09,0.17453292519943295,0.0,0.17333982903107745,0.17385294268084794,-0.1381459826305248,5.203171094405012,BALANCE,1,-0.00017884313154028722
0.092,0.17453292519943295,0.0,0.17487380981896308,0.17421024617918823,0.17865174917014448,4.208123756973821,BALANCE,1,-0.00017884313154028722
0.094,0.17453292519943295,0.0,0.17487380981896308,0.17444249345310944,0.11612363696060501,5.246091231757632,BALANCE,1,-0.00017884313154028722
0.096,0.17453292519943295,0.0,0.1718058482431918,0.17351966762963827,-0.4614129117355842,5.1101557818707075,BALANCE,1,-0.00017884313154028722
0.098,0.17453292519943295,0.0,0.1718058482431918,0.172919830844382,-0.2999183926281346,3.320826684105316,BALANCE,1,-0.00017884313154028722
0.1,0.17453292519943295,0.0,0.17794177139473438,0.17467751003700532,0.8788395963116591,3.8584604815011003,BALANCE,1,-0.00017884313154028722
0.10200000000000001,0.17453292519943295,0.0,0.17487380981896308,0.17474621496069054,0.03435246184260721,7.715801679636384,BALANCE,1,-0.00017884313154028722
0.10400000000000001,0.17453292519943295,0.0,0.17333982903107745,0.17425397988532595,-0.2461175376822916,5.066789500685974,BALANCE,1,-0.00017884313154028722
0.106,0.17453292519943295,0.0,0.17487380981896308,0.17447092036209894,0.1084702383864905,4.195699554945164,BALANCE,1,-0.00017884313154028722
0.108,0.17453292519943295,0.0,0.17333982903107745,0.17407503839624142,-0.19794098292875983,5.406508904898872,BALANCE,1,-0.00017884313154028722
0.11,0.17453292519943295,0.0,0.17487380981896308,0.174354608394194,0.13978499897629448,4.440791644946369,BALANCE,1,-0.00017884313154028722
0.112,0.17453292519943295,0.0,0.17487380981896308,0.1745363288928632,0.0908602493345928,5.615810491809216,BALANCE,1,-0.00017884313154028722
0.114,0.17453292519943295,0.0,0.17640779060684875,0.17519134049275814,0.3275057999474751,5.511951136632149,BALANCE,1,-0.00017884313154028722
0.116,0.17453292519943295,0.0,0.17027186745530618,0.17346952492964995,-0.8609077815540933,6.379829512897586,BALANCE,1,-0.00017884313154028722
0.11800000000000001,0.17453292519943295,0.0,0.17333982903107745,0.1734241313651496,-0.0226967822501839,2.365099840258226,BALANCE,1,-0.00017884313154028722
0.12,0.17453292519943295,0.0,0.17640779060684875,0.17446841209974429,0.5221403672973496,5.258810248559424,BALANCE,1,-0.00017884313154028722
0.122,0.17453292519943295,0.0,0.17640779060684875,0.17514719457723085,0.3393912387432835,7.211943913999522,BALANCE,1,-0.00017884313154028722
0.124,0.17453292519943295,0.0,0.17487380981896308,0.17505150991183713,-0.047842332696862444,6.662019336275816,BALANCE,1,-0.00017884313154028722
0.126,0.17453292519943295,0.0,0.17333982903107745,0.17445242160357124,-0.29954415413294133,5.370267197759685,BALANCE,1,-0.00017884313154028722
0.128,0.17453292519943295,0.0,0.17640779060684875,0.17513680075471838,0.34218957557356766,4.522778717254346,BALANCE,1,-0.00017884313154028722
0.13,0.17453292519943295,0.0,0.17640779060684875,0.17558164720296401,0.2224232241228169,6.856488385415807,BALANCE,1,-0.00017884313154028722
0.132,0.17453292519943295,0.0,0.17640779060684875,0.17587079739432368,0.14457509567983307,6.5041615925050795,BALANCE,1,-0.00017884313154028722
0.134,0.17453292519943295,0.0,0.17333982903107745,0.1749849584671875,-0.44291946356808665,6.292532561154616,BALANCE,1,-0.00017884313154028722
0.136,0.17453292519943295,0.0,0.17333982903107745,0.174409163164549,-0.2878976513192577,4.206802528102717,BALANCE,1,-0.00017884313154028722
0.138,0.17453292519943295,0.0,0.1718058482431918,0.173498002942074,-0.4555801112375024,4.797976603537339,BALANCE,1,-0.00017884313154028722
0.14,0.17453292519943295,0.0,0.17794177139473438,0.17505332190050513,0.77765947921557,4.207507925457678,BALANCE,1,-0.00017884313154028722
0.14200000000000002,0.17453292519943295,0.0,0.17794177139473438,0.17606427922348536,0.5054786614901163,8.832481729329015,BALANCE,1,-0.00017884313154028722
0.14400000000000002,0.17453292519943295,0.0,0.17027186745530618,0.17403693510462265,-1.0136720594313557,7.926315068875434,BALANCE,1,-0.00017884313154028722
0.146,0.17453292519943295,0.0,0.1718058482431918,0.17325605470312186,-0.3904402007503943,2.273815295041811,BALANCE,1,-0.00017884313154028722
0.148,0.17453292519943295,0.0,0.17487380981896308,0.1738222689936663,0.2831071452722156,4.621096968136526,BALANCE,1,-0.00017884313154028722
0.15,0.17453292519943295,0.0,0.17640779060684875,0.17472720155828014,0.4524662823069264,7.226415013278843,BALANCE,1,-0.00017884313154028722
0.152,0.17453292519943295,0.0,0.17487380981896308,0.17477851444951917,0.025656445619512414,7.958300000148234,BALANCE,1,-0.00017884313154028722
0.154,0.17453292519943295,0.0,0.17487380981896308,0.17481186782882455,0.016676689652689314,6.394622611727029,BALANCE,1,-0.00017884313154028722
0.156,0.17453292519943295,0.0,0.17487380981896308,0.17483354752537303,0.010839848274241115,6.417981605696533,BALANCE,1,-0.00017884313154028722
0.158,0.17453292519943295,0.0,0.17333982903107745,0.17431074605236957,-0.26140073650172957,6.452963812971126,BALANCE,1,-0.00017884313154028722
0.16,0.17453292519943295,0.0,0.1718058482431918,0.17343403181915734,-0.438357116606114,5.434013811892817,BALANCE,1,-0.00017884313154028722
0.162,0.17453292519943295,0.0,0.1718058482431918,0.1728641675675694,-0.2849321257939741,4.765040356277867,BALANCE,1,-0.00017884313154028722
0.164,0.17453292519943295,0.0,0.17640779060684875,0.17410443563131717,0.6201340318738868,5.399510058868144,BALANCE,1,-0.00017884313154028722
0.166,0.17453292519943295,0.0,0.17947575218262002,0.17598439642427316,0.9399803964779962,9.07785116926773,BALANCE,1,-0.00017884313154028722
0.168,0.17453292519943295,0.0,0.17333982903107745,0.17505879783665465,-0.46279929380925455,10.483433483550215,BALANCE,1,-0.00017884313154028722
0.17,0.17453292519943295,0.0,0.17333982903107745,0.17445715875470263,-0.3008195409760078,4.902593775410068,BALANCE,1,-0.00017884313154028722
0.17200000000000001,0.17453292519943295,0.0,0.17640779060684875,0.17513987990295377,0.3413605741255654,5.58568085488322,BALANCE,1,-0.00017884313154028722
0.17400000000000002,0.17453292519943295,0.0,0.17640779060684875,0.175583648649317,0.22188437318161613,8.267286657557106,BALANCE,1,-0.00017884313154028722
0.176,0.17453292519943295,0.0,0.17487380981896308,0.17533520505869313,-0.12422179531193511,7.85924110575502,BALANCE,1,-0.00017884313154028722
0.178,0.17453292519943295,0.0,0.17640779060684875,0.1757106100005476,0.18770247092723957,6.492555358396931,BALANCE,1,-0.00017884313154028722
0.18,0.17453292519943295,0.0,0.1718058482431918,0.17434394338547307,-0.6833333075372677,7.850381953907621,BALANCE,1,-0.00017884313154028722
0.182,0.17453292519943295,0.0,0.17333982903107745,0.1739925033614346,-0.17572001201923704,4.247918360837387,BALANCE,1,-0.00017884313154028722
0.184,0.17453292519943295,0.0,0.17794177139473438,0.1753747471730895,0.6911219058274576,6.403451038494629,BALANCE,1,-0.00017884313154028722
0.186,0.17453292519943295,0.0,0.17487380981896308,0.17519941909914527,-0.087664036972121,10.149925943594607,BALANCE,1,-0.00017884313154028722
0.188,0.17453292519943295,0.0,0.17333982903107745,0.17454856257532153,-0.3254282619118698,6.924964330605857,BALANCE,1,-0.00017884313154028722
0.19,0.17453292519943295,0.0,0.17640779060684875,0.17519929238635606,0.32536490551726693,5.9501084255161745,BALANCE,1,-0.00017884313154028722
0.192,0.17453292519943295,0.0,0.17487380981896308,0.1750853734877685,-0.05695944929377805,8.808691176333458,BALANCE,1,-0.00017884313154028722
0.194,0.17453292519943295,0.0,0.17487380981896308,0.17501132620368662,-0.037023642040945326,7.227723567328347,BALANCE,1,-0.00017884313154028722
0.196,0.17453292519943295,0.0,0.17333982903107745,0.1744263021932734,-0.2925120052066077,7.370841683040179,BALANCE,1,-0.00017884313154028722
0.198,0.17453292519943295,0.0,0.17487380981896308,0.17458292986226479,0.07831383449569129,6.299712153448242,BALANCE,1,-0.00017884313154028722
0.2,0.17453292519943295,0.0,0.17333982903107745,0.17414784457134921,-0.21754264545778557,7.981426980278482,BALANCE,1,-0.00017884313154028722
0.202,0.17453292519943295,0.0,0.17487380981896308,0.17440193240801408,0.12704391833243123,6.7282307393467615,BALANCE,1,-0.00017884313154028722
0.20400000000000001,0.17453292519943295,0.0,0.1718058482431918,0.17349330295032628,-0.45431472884389923,8.317100626095984,BALANCE,1,-0.00017884313154028722
0.20600000000000002,0.17453292519943295,0.0,0.17487380981896308,0.17397648035434915,0.241588702011436,5.7653178349327225,BALANCE,1,-0.00017884313154028722
0.20800000000000002,0.17453292519943295,0.0,0.17487380981896308,0.17429054566696403,0.15703265630744034,8.944162148396927,BALANCE,1,-0.00017884313154028722
0.21,0.17453292519943295,0.0,0.17487380981896308,0.1744946881201637,0.10207122659983137,8.642179576792168,BALANCE,1,-0.00017884313154028722
0.212,0.17453292519943295,0.0,0.17487380981896308,0.17462738071474349,0.06634629728989594,8.466524874627662,BALANCE,1,-0.00017884313154028722
0.214,0.17453292519943295,0.0,0.17487380981896308,0.17471363090122036,0.04312509323843583,8.373505629250099,BALANCE,1,-0.00017884313154028722
0.216,0.17453292519943295,0.0,0.17333982903107745,0.17423280024667034,-0.24041532727500647,8.334564659306965,BALANCE,1,-0.00017884313154028722
0.218,0.17453292519943295,0.0,0.17487380981896308,0.1744571535969728,0.11217667515123209,7.079778472476048,BALANCE,1,-0.00017884313154028722
0.22,0.17453292519943295,0.0,0.17333982903107745,0.17406608999890943,-0.19553179903168683,8.772244950699324,BALANCE,1,-0.00017884313154028722
0.222,0.17453292519943295,0.0,0.17640779060684875,0.17488568521168818,0.4097976063893727,7.39666987618249,BALANCE,1,-0.00017884313154028722
0.224,0.17453292519943295,0.0,0.17487380981896308,0.17488152882423438,-0.0020781937268982142,10.307245971795593,BALANCE,1,-0.00017884313154028722
0.226,0.17453292519943295,0.0,0.17333982903107745,0.17434193389662944,-0.2697974638024708,8.449761199015974,BALANCE,1,-0.00017884313154028722
0.228,0.17453292519943295,0.0,0.1718058482431918,0.17345430391792627,-0.4438149893515875,7.232994356626233,BALANCE,1,-0.00017884313154028722
0.23,0.17453292519943295,0.0,0.1718058482431918,0.17287734443176922,-0.28847974307852353,6.434696107092411,BALANCE,1,-0.00017884313154028722
0.232,0.17453292519943295,0.0,0.17333982903107745,0.1730392140415271,0.080934804878946,7.206675086983224,BALANCE,1,-0.00017884313154028722
0.234,0.17453292519943295,0.0,0.17487380981896308,0.1736813225636297,0.32105426105129287,9.036793832918399,BALANCE,1,-0.00017884313154028722
0.23600000000000002,0.17453292519943295,0.0,0.17333982903107745,0.1735617998272364,-0.05976136819664524,10.280654192592527,BALANCE,1,-0.00017884313154028722
0.23800000000000002,0.17453292519943295,0.0,0.17333982903107745,0.17348411004858078,-0.038844889327815935,8.508505574912702,BALANCE,1,-0.00017884313154028722
0.24,0.17453292519943295,0.0,0.17487380981896308,0.1739705049682146,0.24319745981690732,8.670568294800363,BALANCE,1,-0.00017884313154028722
0.242,0.17453292519943295,0.0,0.17640779060684875,0.17482355494173654,0.42652498676097605,10.128814305369422,BALANCE,1,-0.00017884313154028722
0.244,0.17448528604220845,-0.047640020162827285,0.17794177139473438,0.1759149307002858,0.5456878792746284,11.130474884211209,BALANCE,1,-0.0001785036737518728
0.246,0.17438631129062976,-0.051336524335699484,0.17487380981896308,0.17555053839182286,-0.1821961542314704,11.83419173063768,BALANCE,1,-0.00017826243652715882
0.248,0.17428093462367533,-0.05404205154394118,0.17487380981896308,0.17531368339132195,-0.11842750025045645,8.295543673668297,BALANCE,1,-0.00017801685930705097
0.25,0.17417063321459478,-0.056261355713122144,0.17794177139473438,0.1762335141925163,0.45991540059717173,8.666030663012597,BALANCE,1,-0.00017776566377765264
0.252,0.1740533225133563,-0.06105147072035608,0.17487380981896308,0.17575761766177267,-0.23794826537180958,11.656065587114666,BALANCE,1,-0.00017746649088150099
0.254,0.173927647393454,-0.06462592595602153,0.1718058482431918,0.17437449836526936,-0.6915596482516551,8.210091019604553,BALANCE,1,-0.0001771624601973038
0.256,0.17379815545453894,-0.06486835893478989,0.17333982903107745,0.1740123640983022,-0.1810671334835784,5.929122103985134,BALANCE,1,-0.00017689541179676655
0.258,0.17366843842088933,-0.06485102482220667,0.17333982903107745,0.17377697682477353,-0.11769363676433775,8.554818489207543,BALANCE,1,-0.00017663168844478722
0.26,0.1735386027030391,-0.06498704533909207,0.17487380981896308,0.17416086837273986,0.19194577398316814,8.93139272741333,BALANCE,1,-0.0001763657953010951
0.262,0.1734066956675712,-0.06692238002083253,0.17333982903107745,0.173873504603158,-0.1436818847909277,10.595843611103628,BALANCE,1,-0.00017607054347120515
0.264,0.17327102207821282,-0.06875366752971161,0.17333982903107745,0.1736867181529298,-0.09339322511410508,8.930316589758228,BALANCE,1,-0.00017576857710140787
0.266,0.17313145706521896,-0.07081387422359098,0.17487380981896308,0.17410220023604145,0.20774104155582562,9.247074415883269,BALANCE,1,-0.00017545476440768558
0.268,0.17298592568411972,-0.07472014380348131,0.17487380981896308,0.17437226359006402,0.13503167701128804,10.892283936383356,BALANCE,1,-0.00017509911927014745
0.27,0.1728312749143384,-0.07993342821548462,0.17027186745530618,0.17293712494289878,-0.7175693235826203,10.596684453038538,BALANCE,1,-0.00017469989660491065
0.272,0.17266951460860502,-0.08182980866200897,0.17027186745530618,0.17200428482224137,-0.4664200603287094,6.144066775011174,BALANCE,1,-0.00017433985016054065
0.274,0.17250549721084327,-0.08219056122849171,0.17333982903107745,0.172471725295334,0.23372023654631702,7.480064496553827,BALANCE,1,-0.00017400195629379685
0.276,0.17233830874939907,-0.08500092989254324,0.1718058482431918,0.17223866832708423,-0.1165284841248837,11.257849475198146,BALANCE,1,-0.00017361416491678088
0.278,0.17216516980078334,-0.08814115632351026,0.17027186745530618,0.1715502880219619,-0.34419015256116625,9.462011203499108,BALANCE,1,-0.00017320682117919858
0.28,0.17198663829787125,-0.0903935820116198,0.1718058482431918,0.17163973409939237,0.04472303871523586,8.285294419952459,BALANCE,1,-0.00017280406148810853
0.28200000000000003,0.1718022198743523,-0.09402818372011439,0.17487380981896308,0.17277166060124213,0.5659632509248808,10.433729774169638,BALANCE,1,-0.0001723612196226411
0.28400000000000003,0.17160640917001294,-0.10178606940870195,0.1718058482431918,0.1724336262759245,-0.1690171626588105,13.355767527386655,BALANCE,1,-0.00017180533095222979
0.28600000000000003,0.17139541125232174,-0.10921567245390335,0.17027186745530618,0.17167701068870808,-0.3783077936082152,9.45013117264207,BALANCE,1,-0.00017121421359068696
0.28800000000000003,0.17117093686143922,-0.11526278700508732,0.17333982903107745,0.17225899710853737,0.2909932099146445,8.347692136302829,BALANCE,1,-0.0001706190112168775
0.29,0.17093182610848873,-0.12385229997673579,0.17333982903107745,0.1726372882814264,0.18914558644451962,12.083591715236095,BALANCE,1,-0.00016992079747030377
0.292,0.17067379415185358,-0.1341843338483465,0.17027186745530618,0.17180939099228432,-0.41394864457104663,11.61781944356601,BALANCE,1,-0.00016912011605139607
0.294,0.17039686191888442,-0.14275291913772759,0.16873788666742054,0.170734364478582,-0.5375132568511548,8.338735129227796,BALANCE,1,-0.00016831373802976958
0.296,0.1701049830191283,-0.14913127183781083,0.1718058482431918,0.17110938379619545,0.18750965880671988,7.671055606101091,BALANCE,1,-0.00016753299239338884
0.298,0.16979814211351896,-0.15771519650895302,0.17027186745530618,0.1708162530768842,-0.146565359655626,11.769052769486333,BALANCE,1,-0.0001666411016617411
0.3,0.16947401670783754,-0.16641608557970952,0.16873788666742054,0.1700888248335719,-0.3637141216561446,9.968678393417237,BALANCE,1,-0.00016569611280458973
0.302,0.1691335620083237,-0.17404478674413845,0.16873788666742054,0.16961599647541892,-0.23641417907649398,8.788812569130814,BALANCE,1,-0.00016474376590329585
0.304,0.1687780153959613,-0.1815082724442833,0.16873788666742054,0.1693086580426195,-0.15366921639971276,9.54631789473831,BALANCE,1,-0.00016375690438348063
0.306,0.1684071596932732,-0.18935415507277703,0.16873788666742054,0.16910888806129987,-0.0998849906598126,10.065287169136322,BALANCE,1,-0.0001627139866723285
0.308,0.1680199109366495,-0.19790162409195278,0.17333982903107745,0.170589717400722,0.7404146697110731,10.428603064933275,BALANCE,1,-0.00016159769144431625
0.31,0.16761003421344278,-0.2119825325006014,0.16873788666742054,0.1699415766440665,-0.32407037832775376,15.346629605776258,BALANCE,1,-0.00016017613677947888
0.312,0.1671732202447474,-0.22483935867426694,0.16720390587953488,0.16898339187648043,-0.4790923837930394,9.318934303186625,BALANCE,1,-0.00015872033874036543
0.314,0.1667126134254066,-0.2357758153103739,0.16873788666742054,0.16889746505330946,-0.042963411585481004,8.450575742729612,BALANCE,1,-0.0001572819959894226
0.316,0.16622921786672948,-0.24762851205671374,0.16720390587953488,0.16830471934248836,-0.29637285541055103,11.022114286808648,BALANCE,1,-0.0001557278950488308
0.318,0.16572273737048038,-0.2588611724017798,0.16566992509164924,0.16738254135469466,-0.4610889938968521,9.598850217135936,BALANCE,1,-0.00015413598489434524
0.32,0.16519525388963827,-0.2686318784996875,0.1641359443037636,0.16624623238686878,-0.5681544839129388,8.664747414616247,BALANCE,1,-0.00015256348506684998
0.322,0.16465010172975747,-0.2765301728866427,0.1641359443037636,0.16550763155778198,-0.36930041454340257,8.049742061454575,BALANCE,1,-0.00015105058939189278
0.324,0.16408957545657735,-0.2840062716890856,0.16260196351587797,0.16449064774311556,-0.5084919073332084,9.240683210320071,BALANCE,1,-0.000149523869669463
0.326,0.16351525600269523,-0.29032360486186753,0.1641359443037636,0.16436650153934237,-0.06207310188659221,8.438246704719782,BALANCE,1,-0.00014803435399266218
0.328,0.1629266042546228,-0.2983388270037664,0.16260196351587797,0.16374891323112983,-0.30879415410627054,11.13065843610141,BALANCE,1,-0.00014640503121072924
0.33,0.16232186350456299,-0.3064128999349188,0.1641359443037636,0.16388437410655166,0.06773043771091114,9.708112929611262,BALANCE,1,-0.00014473157120827292
0.332,0.1616985997229109,-0.31686219595080245,0.16106798272799233,0.1628986371240559,-0.4928684912478831,12.021924500158068,BALANCE,1,-0.0001428533881848804
0.334,0.16105569452594204,-0.32605467301259655,0.16260196351587797,0.16279480136119362,-0.05191788143113496,8.695840703836815,BALANCE,1,-0.0001410069352019239
0.336,0.16039277880275643,-0.3368730867360236,0.16106798272799233,0.16219041483957317,-0.3021932608102268,11.399721273764955,BALANCE,1,-0.0001389930666410496
0.338,0.15970827299133897,-0.3476451546106895,0.15800002115222103,0.16072377704899993,-0.7333188952866193,9.932714221208313,BALANCE,1,-0.0001369223526949352
0.34,0.15900486529626573,-0.3557753150605899,0.1595340019401067,0.16030735576088728,-0.2082106440563225,7.319056353324918,BALANCE,1,-0.0001349983577502921
0.342,0.15828424809394032,-0.3648549758988073,0.15800002115222103,0.1594997886478541,-0.4037835565165876,10.54609793548759,BALANCE,1,-0.00013296026894581844
0.34400000000000003,0.15754580167982152,-0.37360485224980555,0.1595340019401067,0.15951176330014252,0.005987326144207827,9.381319457099009,BALANCE,1,-0.0001309039939439454
0.34600000000000003,0.15678755620672413,-0.3846543961674888,0.15493205957644976,0.15790886699685006,-0.8014481516462335,11.954268905050789,BALANCE,1,-0.00012861318424139416
0.34800000000000003,0.15601017637345002,-0.3927395617638389,0.15800002115222103,0.1579407709512299,0.01595197718992636,6.984072879523113,BALANCE,1,-0.00012651731840647887
0.35000000000000003,0.1552140810254601,-0.4033702527245714,0.15493205957644976,0.15688772197005685,-0.5265244905865302,12.085445979464536,BALANCE,1,-0.0001241621159317026
0.352,0.1543978462945004,-0.41287931257482036,0.15493205957644976,0.15620324013229436,-0.34224091888124253,8.7444068668453,BALANCE,1,-0.00012185264197072746
0.354,0.1535623788629782,-0.42260330477599345,0.15493205957644976,0.15575832693774874,-0.22245659727281042,9.917590746020759,BALANCE,1,-0.00011947762190806474
0.356,0.15270647338075902,-0.43331773679886293,0.15339807878856412,0.15493224008553413,-0.41304342610730405,10.707726643639635,BALANCE,1,-0.00011696249691716917
0.358,0.15182943545127897,-0.44373613832652287,0.15339807878856412,0.15439528363159463,-0.2684782269697511,9.538931135084802,BALANCE,1,-0.00011442180922581344
0.36,0.15093085722361768,-0.4548584288286983,0.1487961364249072,0.15243558210925404,-0.9798507611702978,10.484561374739922,BALANCE,1,-0.00011176053697048425
0.362,0.15001393443785602,-0.46208103230386194,0.1487961364249072,0.15116177611973264,-0.6369029947606991,5.959848490191055,BALANCE,1,-0.00010943603768643661
0.364,0.1490837696277006,-0.4681006964073655,0.1518640980006785,0.15140758877806368,0.12290632916552025,8.12150802504341,BALANCE,1,-0.00010720732247056036
0.366,0.14813768831873128,-0.4779978230416451,0.15033011721279282,0.15103047373021888,-0.18855752392239744,13.026542394921025,BALANCE,1,-0.00010455950030699328
0.368,0.14717037311430564,-0.48933498064812236,0.14572817484913592,0.14917466912183985,-0.9279023041895151,11.090816229317543,BALANCE,1,-0.00010171443961707423
0.37,0.14618388731455254,-0.49716876975933966,0.14726215563702155,0.14850528940215346,-0.33468985984319577,6.323449032423264,BALANCE,1,-9.919286572604662e-05
0.372,0.1451809186733294,-0.5058181247218884,0.1487961364249072,0.14860708586011726,0.050898228981896554,10.158969284519607,BALANCE,1,-9.655352564961851e-05
0.374,0.14415736932510212,-0.517749854074306,0.14419419406125028,0.14706257373051382,-0.7722560648017185,12.71822020090365,BALANCE,1,-9.351373586250988e-05
0.376,0.14311244014974514,-0.5271983438630402,0.14572817484913592,0.14659553412203155,-0.2335198042411335,7.373513846675457,BALANCE,1,-9.069982600081543e-05
0.378,0.1420472125531802,-0.5380486477557109,0.14266021327336462,0.14521817182499813,-0.6886811485167094,10.910095550840197,BALANCE,1,-8.768506640212449e-05
0.38,0.14096203093703202,-0.5471527297972221,0.13959225169759334,0.14324909978040645,-0.9845360222958399,7.9315805514924795,BALANCE,1,-8.482956455911609e-05
0.382,0.13986212225018588,-0.5527759897448682,0.13959225169759334,0.14196920295142187,-0.639948414492289,5.946511618060293,BALANCE,1,-8.235770660976192e-05
0.384,0.1387517157776461,-0.5576507098348833,0.13959225169759334,0.1411372700125819,-0.4159664694199927,8.197198783539395,BALANCE,1,-7.996522309158149e-05
0.386,0.13763069950916512,-0.563385982134274,0.13959225169759334,0.1405965136023359,-0.2703782051229897,9.689237190124114,BALANCE,1,-7.746155932849113e-05
0.388,0.13649645256051465,-0.5708816342770612,0.13652429012182207,0.13917123538415607,-0.7126391090899187,10.686383171156036,BALANCE,1,-7.473027469808444e-05
0.39,0.13534862416609011,-0.5769676786627019,0.13652429012182207,0.13824480454233917,-0.4632154209084499,7.733374873470557,BALANCE,1,-7.215414881246084e-05
0.392,0.13418815677380377,-0.5835208658013371,0.1380582709097077,0.13817951777091816,-0.03264338571050407,9.404082572875074,BALANCE,1,-6.950745379605446e-05
0.394,0.1330112199696046,-0.5934373941509575,0.1303883669702795,0.13545261499069464,-1.363451390111764,12.344300888169778,BALANCE,1,-6.641700214127019e-05
0.396,0.131820541285187,-0.5972629999790402,0.13345632854605077,0.13475391473506929,-0.3493501278126754,3.3200002580623313,BALANCE,1,-6.408050908642777e-05
0.398,0.13062062507616254,-0.6026750906526808,0.1303883669702795,0.13322597301739286,-0.7639708588382116,10.16641930588399,BALANCE,1,-6.153956705733484e-05
0.4,0.12941131999130998,-0.6066520505132252,0.13192234775816514,0.13276970417666317,-0.228134420364845,7.3380042757055906,BALANCE,1,-5.91808703787046e-05
0.402,0.12819161730239928,-0.6130728878656768,0.13192234775816514,0.13247312943018885,-0.14828737323716035,11.006983766201127,BALANCE,1,-5.6501227852826443e-05
0.404,0.126956345179368,-0.6222217722106977,0.12578642460662257,0.13013278274194065,-1.1701733441241007,11.598129414155036,BALANCE,1,-5.3445622582987355e-05
0.406,0.12570744691247554,-0.6266992839462857,0.12732040539450823,0.1291484506703393,-0.4921660358006702,4.543123419570975,BALANCE,1,-5.0996737560845065e-05
0.40800000000000003,0.12444897601952555,-0.6317945765827959,0.12578642460662257,0.12797174154803845,-0.5883545611504309,9.189767032741607,BALANCE,1,-4.846457811585008e-05
0.41000000000000003,0.12318043003929792,-0.6367745587578225,0.12425244381873693,0.12666998734278292,-0.6508771026277616,8.519748540581604,BALANCE,1,-4.594647225038569e-05
0.41200000000000003,0.12190245336456464,-0.6412254469073924,0.12118448224296566,0.12475006055784688,-0.9599633924680245,8.071096515125,BALANCE,1,-4.350078247963339e-05
0.41400000000000003,0.12061821071304017,-0.6430406536233836,0.1227184630308513,0.12403900142339842,-0.3555295672242262,5.874460384276575,BALANCE,1,-4.1423383345564615e-05
0.41600000000000004,0.11932838606820238,-0.6468075458152829,0.1227184630308513,0.12357681298600692,-0.23109421869575014,10.090906356764908,BALANCE,1,-3.908783452223339e-05
0.418,0.11802841473260993,-0.6531875333598123,0.11965050145508001,0.12220260395018251,-0.6871045179122071,10.993078657999533,BALANCE,1,-3.6391239988259325e-05
0.42,0.11671661155868697,-0.6586396039618133,0.11658253987930872,0.12023558152537668,-0.9835112124029141,7.780567535568767,BALANCE,1,-3.3819969790441605e-05
0.422,0.11539683113650437,-0.6611649310657501,0.11658253987930872,0.1189570169492529,-0.6392822880618917,5.637782481031753,BALANCE,1,-3.166539147836685e-05
0.424,0.11407211242056256,-0.6635779916552043,0.11811652066719437,0.11866284325053242,-0.14708684936023952,8.041904773530451,BALANCE,1,-2.9539097984786032e-05
0.426,0.11273912365542291,-0.6694351350897698,0.11658253987930872,0.11793473707060412,-0.3640530899641503,11.563297264821944,BALANCE,1,-2.69305396095769e-05
0.428,0.11139293745484259,-0.6767756720219269,0.11351457830353745,0.11638768150213079,-0.7735277842366647,10.0415183510039,BALANCE,1,-2.4104239832132383e-05
0.43,0.11003371408604595,-0.6824725453691237,0.1119805975156518,0.11484520210686314,-0.7712396976338256,7.091357969729074,BALANCE,1,-2.1510387873282608e-05
0.432,0.10866452257805898,-0.6867439972182691,0.10891263593988053,0.11276880394841922,-1.0381990792219589,7.069316676099245,BALANCE,1,-1.9127551338548697e-05
0.434,0.10728998848271395,-0.6878152341760118,0.11044661672776616,0.11195603842119065,-0.40638276361428666,5.083553456733444,BALANCE,1,-1.7226698567191845e-05
0.436,0.10591151739494178,-0.6906810653773352,0.10737865515199488,0.11035395427697213,-0.8010420721092578,9.630904751361971,BALANCE,1,-1.5078733437994827e-05
0.438,0.1045286279777088,-0.6922336481602162,0.10584467436410924,0.10877570630747012,-0.7891239847510056,6.741850968686845,BALANCE,1,-1.3139952690950696e-05
0.44,0.10314370822462934,-0.6927114420425435,0.10584467436410924,0.10774984512729381,-0.5129305900881537,6.784545668414565,BALANCE,1,-1.1379540336495247e-05
0.442,0.10175674713864555,-0.6942750220505628,0.10584467436410924,0.10708303536017921,-0.3334048835572992,8.781272647053909,BALANCE,1,-9.478404721934494e-06
0.444,0.10036437416588144,-0.6981234314614848,0.09970875121256667,0.10450203590851483,-1.2904997258321935,10.104503181254294,BALANCE,1,-7.2531625731254735e-06
0.446,0.09896940663559636,-0.6968696306390463,0.10277671278833796,0.10389817281645292,-0.3019315460309549,3.0014073116835025,BALANCE,1,-5.805750062903209e-06
0.448,0.09757408416499824,-0.6984783818071132,0.09970875121256667,0.10243187525509273,-0.7331487806800929,10.264989979459896,BALANCE,1,-3.954719410571388e-06
0.45,0.09617625232618858,-0.6993790482841207,0.0966407896367954,0.10040499528868867,-1.0134399832020315,7.055613729863113,BALANCE,1,-2.2288104082735893e-06
0.452,0.09477935728315344,-0.6975415723316482,0.09970875121256667,0.10016130986204597,-0.12184271332135038,4.910499445598944,BALANCE,1,-9.349270123343352e-07
0.454,0.09338184950440649,-0.6999917986115127,0.0966407896367954,0.09892912778320827,-0.6160910394188492,11.55066505589594,BALANCE,1,9.758098390906815e-07
0.456,0.09197939910720458,-0.7024842846670598,0.09050486648525283,0.09598063632892387,-1.4742457271421996,7.8564349478252735,BALANCE,1,2.8766139641756805e-06
0.458,0.09057844040344412,-0.6985000811716144,0.09050486648525283,0.094064116883639,-0.958259722642435,1.3223149598348298,BALANCE,1,3.784511336789679e-06
0.46,0.0891872606568508,-0.692705151606632,0.09050486648525283,0.09281837924420384,-0.6228688197175771,5.104274206180096,BALANCE,1,4.39459866628839e-06
0.462,0.08780673467222117,-0.687846127166823,0.08897088569736719,0.09147175650281102,-0.6733113706964139,7.589946442011719,BALANCE,1,5.115401433232746e-06
0.464,0.08643551148160818,-0.6834021901863526,0.0859029241215959,0.08952266516938573,-0.9745456667126436,7.1746907293213695,BALANCE,1,5.869936541528182e-06
0.466,0.08507514769300921,-0.6769865291134267,0.08897088569736719,0.08932954235417924,-0.09656140760324478,4.824081944297899,BALANCE,1,6.310592481708726e-06
0.468,0.08372261787031993,-0.6755680835718519,0.08436894333371027,0.0875933326970151,-0.8681048285820725,11.510995130614644,BALANCE,1,7.448152338744674e-06
0.47000000000000003,0.08237449716930145,-0.6725773294308425,0.08283496254582462,0.08592790314409843,-0.8327147764583334,5.588814726322713,BALANCE,1,8.334547757701934e-06
0.47200000000000003,0.08103349219714268,-0.6684522270057441,0.0859029241215959,0.08591916048622254,-0.004371328937942398,5.79778965177884,BALANCE,1,9.03285009149533e-06
0.47400000000000003,0.07969531867205376,-0.6697458331183064,0.07976700097005335,0.08376590465556333,-1.0766279153296074,12.180386368535265,BALANCE,1,1.0482117293318022e-05
0.47600000000000003,0.07835815597961156,-0.6674413784474711,0.07976700097005335,0.08236628836563484,-0.6998081449642451,3.866963980379188,BALANCE,1,1.139609694895323e-05
0.47800000000000004,0.07702584781453828,-0.6648912192941937,0.0782330201821677,0.08091964450142133,-0.7233219321067519,6.719996151388225,BALANCE,1,1.2250970360259104e-05
0.48,0.0756990630067659,-0.6619179223531444,0.07516505860639641,0.07890553943816261,-1.00705253162936,6.490721927392232,BALANCE,1,1.3021710098374371e-05
0.482,0.07438085602511475,-0.6563132382785258,0.07669903939428206,0.07813326442280442,-0.3861375076790949,4.207195911159395,BALANCE,1,1.3397000458185302e-05
0.484,0.07307130379081796,-0.6532630186009336,0.07516505860639641,0.07709439238706162,-0.5194360178714038,9.023529721565312,BALANCE,1,1.4106456375161644e-05
0.486,0.07176667840267177,-0.6513863040385462,0.07516505860639641,0.0764191255638288,-0.33763341161641147,7.964769210112301,BALANCE,1,1.4956530404947479e-05
0.488,0.07046334697144198,-0.6519690401857414,0.07209709703062514,0.07490641557720751,-0.7563549933106428,9.388426786462169,BALANCE,1,1.6127730189381758e-05
0.49,0.06916003473695306,-0.6513671091460811,0.06902913545485385,0.07284936753438373,-1.028524021411889,6.053302226849269,BALANCE,1,1.7114270592018416e-05
0.492,0.06786116737355175,-0.6475240896883525,0.0674951546669682,0.0709753930307883,-0.9369872517977148,3.819882848145273,BALANCE,1,1.7628552412168246e-05
0.494,0.06657213811207909,-0.6415288287610369,0.06902913545485385,0.07029420287921125,-0.3405950757885273,4.4579591652242705,BALANCE,1,1.7823418111726348e-05
0.496,0.06529223119278049,-0.6384015821058909,0.06442719309119693,0.06824074945340623,-1.0267267129025064,9.173121394477727,BALANCE,1,1.8389152735719285e-05
0.498,0.06402161247243755,-0.6322404612755111,0.06442719309119693,0.06690600472663298,-0.6673723633866258,3.635870202597085,BALANCE,1,1.85205508877554e-05
0.5,0.0627631166207717,-0.6262784927784952,0.06289321230331128,0.06550152737847038,-0.7022386740812986,6.4465505734383495,BALANCE,1,1.8658733946890815e-05
0.502,0.06151668527572299,-0.6201757349898619,0.06289321230331128,0.0645886171021647,-0.4564551381528448,6.115849597722988,BALANCE,1,1.875853246890463e-05
0.504,0.06028063964330935,-0.6158925912102782,0.059825250727540004,0.06292143887104605,-0.8335891155593217,8.04026099199271,BALANCE,1,1.9079383849555983e-05
0.506,0.059054670558664896,-0.6100990038888917,0.06135923151542565,0.06237466629657891,-0.2733862872335707,4.935742766647985,BALANCE,1,1.918236143105024e-05
0.508,0.05783711907011834,-0.6074748421668243,0.05829126993965436,0.06094547757165532,-0.7145943624617956,9.39703397204528,BALANCE,1,1.9678778684443938e-05
0.51,0.0566256551875927,-0.6040112876482915,0.05829126993965436,0.06001650490045499,-0.4644863356001658,5.793807142238396,BALANCE,1,2.004695166481859e-05
0.512,0.05541987137810737,-0.6017946663341841,0.059825250727540004,0.059949565939934744,-0.033469480260121115,7.750936297839507,BALANCE,1,2.0556649811658564e-05
0.514,0.05421396670937166,-0.6041321505968068,0.05368932757599744,0.05775848251255669,-1.0955417136890264,11.207044716116638,BALANCE,1,2.1635111865024556e-05
0.516,0.0530080391815009,-0.6018175273417374,0.0521553467881118,0.05579738500900098,-0.9805487517778565,2.5905535395452226,BALANCE,1,2.2098077975626137e-05
0.518,0.05180994145789263,-0.5963022039249042,0.05522330836388308,0.05559645818320971,-0.1004634128956329,3.403990861623039,BALANCE,1,2.2132061096774244e-05
0.52,0.050618591385126026,-0.5950697539066365,0.0521553467881118,0.054392069194925445,-0.6021944941421338,10.443737254769994,BALANCE,1,2.2693385981355948e-05
0.522,0.04943005279204728,-0.5934906739067953,0.05062136600022616,0.0530723230767807,-0.6598730590723738,6.368503679339917,BALANCE,1,2.3192812766486706e-05
0.524,0.04824548551986017,-0.5910983613355972,0.04908738521234052,0.05167759482422663,-0.6973641262770329,5.8385048574246685,BALANCE,1,2.3571287902140816e-05
0.526,0.04706676383711749,-0.5876449783026443,0.047553404424454875,0.05023412818430652,-0.7217333199600572,5.4652281435989964,BALANCE,1,2.3798106858060457e-05
0.528,0.04589612314087118,-0.5830172275565798,0.04601942363656923,0.04875898159259847,-0.7375732958540236,5.193713421376456,BALANCE,1,2.386055666914806e-05
0.53,0.04473594460926352,-0.5771826225718499,0.04601942363656923,0.04780013630798824,-0.4794226423051155,4.988236615040762,BALANCE,1,2.3757194574772598e-05
0.532,0.04358644769248775,-0.5723354175392766,0.044485442848683596,0.046639993597231616,-0.5800713553783116,7.005471153617011,BALANCE,1,2.3760242936834572e-05
0.534,0.04244663887651749,-0.567494344782077,0.04295146206079795,0.045349007559479834,-0.6454930188758908,6.140000885105492,BALANCE,1,2.374866701350211e-05
0.536,0.041317082661683366,-0.5620826289912468,0.04295146206079795,0.04450986663494118,-0.41957046226932804,5.548238216371647,BALANCE,1,2.365336502380787e-05
0.538,0.040197062649492424,-0.5579579678393468,0.04295146206079795,0.04396442503399105,-0.2727208004750653,7.3141721870788174,BALANCE,1,2.369781578381649e-05
0.54,0.03908300992628224,-0.5561152312572039,0.039883500485026674,0.04253610144185352,-0.7141617960687643,8.46503587038271,BALANCE,1,2.399856334339289e-05
0.542,0.03797425792018584,-0.5526571541870968,0.039883500485026674,0.04160769110696412,-0.46420516744469925,4.856315710393237,BALANCE,1,2.409233994150829e-05
0.544,0.036871853801203766,-0.5497672283167525,0.039883500485026674,0.04100422438928601,-0.30173335883905417,6.808585657513785,BALANCE,1,2.4238052348511153e-05
0.546,0.035773449638676395,-0.5486571250267757,0.03834951969714103,0.04007507774703527,-0.4645733211253722,8.080352968176118,BALANCE,1,2.457755042871373e-05
0.548,0.0346770578385776,-0.5477548296884575,0.03681553890925539,0.03893423915381231,-0.5704192966114775,6.729899486899937,BALANCE,1,2.4926575038786555e-05
0.55,0.033583182011108506,-0.5461411069112346,0.035281558121369745,0.037655800792457415,-0.6392191806774485,5.822468215248479,BALANCE,1,2.5177694098845345e-05
0.552,0.03249375387808546,-0.5433070542141606,0.0337475773334841,0.036287922581816755,-0.6839391053203303,5.202894001197908,BALANCE,1,2.527198798450478e-05
0.554,0.031411468351671724,-0.5389983696952444,0.030679615757712823,0.03432501519338038,-0.9814536942181866,4.770319495932778,BALANCE,1,2.518159620354266e-05
0.556,0.03034155389090174,-0.5309357617998517,0.032213596545598466,0.03358601866665671,-0.36949826336183517,2.279293344482422,BALANCE,1,2.465026940657742e-05
0.558,0.029286145094543418,-0.5244924392171618,0.030679615757712823,0.03256877764852635,-0.5086205090651802,7.137314203463144,BALANCE,1,2.4295247037550017e-05
0.56,0.028243372723028435,-0.5182991052134555,0.030679615757712823,0.031907570986741615,-0.3306033308923678,5.969815532278268,BALANCE,1,2.3959409256637838e-05
0.562,0.02721136514414309,-0.5137274492159943,0.0260776733940559,0.029867106829301614,-1.0202320787200003,7.3606620721510305,BALANCE,1,2.3792959311103724e-05
0.5640000000000001,0.026192714701815754,-0.5049417235832073,0.02454369260617026,0.02800391185120564,-0.9315974890479871,1.7271776614494305,BALANCE,1,2.3158480403471436e-05
0.5660000000000001,0.02519467098766149,-0.49312034262307725,0.02454369260617026,0.026792835115443257,-0.6055383678811918,2.3300634625100187,BALANCE,1,2.220181794939848e-05
0.5680000000000001,0.02422034659622286,-0.48122196516172827,0.02454369260617026,0.02600563523719771,-0.393599939122774,4.871230394721728,BALANCE,1,2.124858143526104e-05
0.5700000000000001,0.023268219704607823,-0.4709224350289465,0.023009711818284616,0.024957062040578126,-0.5242865983097912,6.524706959141776,BALANCE,1,2.0468651144754734e-05
0.5720000000000001,0.02233639740248554,-0.4609170026654179,0.023009711818284616,0.0242754894627754,-0.3407862889013638,5.42129070625658,BALANCE,1,1.9724255357877187e-05
0.5740000000000001,0.021422886976879663,-0.4526102221150622,0.023009711818284616,0.023832467287203625,-0.22151108778588682,6.8532539247483895,BALANCE,1,1.9150090032506462e-05
0.5760000000000001,0.020523573569267366,-0.4467197239127793,0.021475731030398976,0.023007609597322,-0.4124288449408129,7.78564069659534,BALANCE,1,1.8807044590546595e-05
0.578,0.01963550723321289,-0.44136294402241455,0.021475731030398976,0.02247145209889894,-0.26807874921152935,6.213408699882498,BALANCE,1,1.8509506929761645e-05
0.58,0.018756552579098702,-0.43760787468462353,0.018407769454627694,0.021049163173404006,-0.7111444627474675,7.340534306231163,BALANCE,1,1.8356053474104324e-05
0.582,0.017887333445522905,-0.43162724470466735,0.019941750242513337,0.020661568647592273,-0.19379726290586624,3.714881095048643,BALANCE,1,1.7989006782815168e-05
0.584,0.017027872592126476,-0.42784941528368714,0.018407769454627694,0.01987273893005467,-0.3944148587688018,7.834535335962266,BALANCE,1,1.781928438555195e-05
0.586,0.016175694789761504,-0.4243440599568145,0.01687378866674205,0.018823106337895253,-0.5248162960797085,6.186239333792537,BALANCE,1,1.7667184086052912e-05
0.588,0.015331382035385392,-0.41998422285807835,0.01687378866674205,0.018140845152991632,-0.3411305924518101,5.083814501043298,BALANCE,1,1.7431101688780504e-05
0.59,0.014495085478048474,-0.41632771568301835,0.015339807878856412,0.017160482107044305,-0.49018152297366363,6.515992628002865,BALANCE,1,1.7251730687188684e-05
0.592,0.013666728538034913,-0.4120444596932248,0.015339807878856412,0.016523246127178544,-0.31861798993288065,5.268195497492606,BALANCE,1,1.7010567745767694e-05
0.594,0.012846132110136016,-0.40856706100452844,0.015339807878856412,0.016109042740265797,-0.2071016934563734,6.605774252252361,BALANCE,1,1.6834238620319323e-05
0.596,0.012030910102223461,-0.40666994101452136,0.01227184630308513,0.014766023987252564,-0.6715093765066165,7.476274229397705,BALANCE,1,1.678863453309975e-05
0.598,0.011221894173460088,-0.402360867856066,0.010737865515199488,0.013356168522033987,-0.7049277326092884,3.6833848446124184,BALANCE,1,1.6527500367241282e-05
0.6,0.010423924559919936,-0.3956234227521722,0.010737865515199488,0.012439762469641912,-0.4582030261960374,3.334117901582334,BALANCE,1,1.605568548745038e-05
0.602,0.00963960216661373,-0.38871339672779914,0.01227184630308513,0.012380991811347039,-0.029385329147436565,5.255419142238745,BALANCE,1,1.557019693383447e-05
0.604,0.008865809365533167,-0.3850936369587334,0.007669903939428206,0.010732111056175447,-0.824440377585796,8.68491067749213,BALANCE,1,1.5355706587325472e-05
0.606,0.008102851365981054,-0.37787839600966167,0.010737865515199488,0.010734125116833861,0.0010070303292069455,2.2276838668861956,BALANCE,1,1.484470515124189e-05
0.608,0.00735082351772534,-0.3741632847019821,0.007669903939428206,0.009661647704741882,-0.5362387060459896,8.83353079886909,BALANCE,1,1.46150911916154e-05
0.61,0.006607542764871626,-0.36913113979368395,0.009203884727313847,0.00950143066264207,-0.08010852104990608,4.473148592682947,BALANCE,1,1.4277185562446028e-05
0.612,0.0058718160582179445,-0.3666090996199977,0.006135923151542565,0.008323503033757243,-0.5889638144424133,8.114477336258155,BALANCE,1,1.4133299829579111e-05
0.614,0.005143087749975775,-0.3621326127145,0.007669903939428206,0.00809474335074208,-0.11437984150758189,3.974624031991759,BALANCE,1,1.3832577468067624e-05
0.616,0.004421211422691418,-0.3597569926762894,0.006135923151542565,0.007409156281022249,-0.3427935348599151,7.759189183159649,BALANCE,1,1.3690289231819677e-05
0.618,0.0037041225352756808,-0.35734508482829513,0.0046019423636569235,0.006426631409944385,-0.49126243553893184,5.892226243413997,BALANCE,1,1.3540095452275418e-05
0.62,0.002993124175490286,-0.35366635305263766,0.0030679615757712823,0.005251096967983799,-0.587767220980293,4.6468088719991805,BALANCE,1,1.328912344441279e-05
0.622,0.0022914127197262084,-0.34805801001242975,0.0030679615757712823,0.004486999580709418,-0.3820486936371905,3.8052887413442544,BALANCE,1,1.2891162167519296e-05
0.624,0.001600979816040435,-0.34238759353670994,0.0,0.0029165497274611218,-0.7852249266241482,5.406088516768753,BALANCE,1,1.2489368231379396e-05
0.626,0.0009252513795552863,-0.3333532723529648,0.0,0.0018957573228497292,-0.5103962023056963,2.0870349716236847,BALANCE,1,1.1848230834038987e-05
0.628,0.0002683603141576396,-0.3235498759612428,0.0,0.001232242259852324,-0.3317575314987026,4.2247963733591885,BALANCE,1,1.1165925144771569e-05
0.63,-0.00036965520176969425,-0.3144773756857878,0.0015339807878856412,0.001337850744663985,0.05280424240583048,5.614341284487265,BALANCE,1,1.0548104488336301e-05
0.632,-0.000993250211098034,-0.30912910410502104,-0.0030679615757712823,-0.00020418356748835831,-0.7710171560761716,8.697439554961163,BALANCE,1,1.0187345511337303e-05
0.634,-0.0016027010613099244,-0.30033295639599117,0.0,-0.0001327193188674329,0.03573212431046271,2.0143054716625066,BALANCE,1,9.606201959669356e-06
0.636,-0.002198037755880944,-0.2950146888344522,-0.0015339807878856412,-0.0006231608330238058,-0.24522075707818647,8.472561025809062,BALANCE,1,9.255153674764486e-06
0.638,-0.0027834824510204973,-0.29044077499608667,-0.0046019423636569235,-0.002015734368745397,-0.6962867678607955,6.195386851683882,BALANCE,1,8.952353298313739e-06
0.64,-0.0033567396971819516,-0.28282701566511576,-0.0030679615757712823,-0.002384013891204457,-0.18413976122952996,2.502901206405964,BALANCE,1,8.466064589469013e-06
0.642,-0.0039162171070677146,-0.27666068523354975,-0.0030679615757712823,-0.0026233955808028456,-0.11969084479919434,6.577503685330305,BALANCE,1,8.07411567411102e-06
0.644,-0.00446512413306887,-0.27225643732613514,-0.0030679615757712823,-0.0027789936790417985,-0.07779904911947642,7.078207436280925,BALANCE,1,7.789162934173216e-06
0.646,-0.0050070822657466195,-0.26971166406718583,-0.0030679615757712823,-0.002880132442897118,-0.05056938192765973,7.403450117088523,BALANCE,1,7.611833869189402e-06
0.648,-0.005545780988781749,-0.26899696770227827,-0.0046019423636569235,-0.00348276591516305,-0.30131673613296606,7.614643102303159,BALANCE,1,7.537305145797999e-06
0.65,-0.006082601151741027,-0.26783306940827417,-0.006135923151542565,-0.00441137094789588,-0.4643025163664151,5.571809707141719,BALANCE,1,7.433915887643549e-06
0.652,-0.006615351460364756,-0.2649270384760448,-0.0046019423636569235,-0.004478070943412246,-0.033349997758182724,4.211324889120578,BALANCE,1,7.228955133817348e-06
0.654,-0.0071442301978422405,-0.26396142701397607,-0.006135923151542565,-0.0050583192162578575,-0.2901241364228059,7.654047424066773,BALANCE,1,7.131647418070515e-06
0.656,-0.007670776793483343,-0.2625948537068157,-0.009203884727313847,-0.0065092671451274535,-0.725473964434798,5.564027754535799,BALANCE,1,7.008977418913258e-06
0.658,-0.008190679091900377,-0.2573170075417477,-0.009203884727313847,-0.007452383298892691,-0.4715580768826187,1.9928704012786618,BALANCE,1,6.667744660027014e-06
0.66,-0.008698616417222972,-0.25062966049617313,-0.007669903939428206,-0.007528515523080121,-0.03806611209371518,3.9661200558104026,BALANCE,1,6.2549240087471134e-06
0.662,-0.009195425969740722,-0.2461890300175283,-0.010737865515199488,-0.0086517880203219,-0.561636248620889,7.427982137565769,BALANCE,1,5.967271828994094e-06
0.664,-0.009681050045477832,-0.23944397793834904,-0.009203884727313847,-0.00884502186776908,-0.09661692372359056,3.170294337909808,BALANCE,1,5.563916967400709e-06
0.666,-0.010154900023916136,-0.23441471611295983,-0.009203884727313847,-0.008970623868609749,-0.06280100042033425,6.877085901867809,BALANCE,1,5.254390130329213e-06
0.668,-0.010620445716252518,-0.23113953905214843,-0.009203884727313847,-0.009052265169156182,-0.04082065027321679,7.138283043469698,BALANCE,1,5.0348200993452386e-06
0.67,-0.01108113656456946,-0.22955978275508915,-0.009203884727313847,-0.009105332014511365,-0.026533422677591303,7.30741691358002,BALANCE,1,4.8983434561381446e-06
0.672,-0.011540252925957175,-0.22956502311926458,-0.01380582709097077,-0.010750505291272156,-0.8225866383803956,7.416709657220813,BALANCE,1,4.837470284804506e-06
0.674,-0.01199429062879821,-0.22448103075653822,-0.01380582709097077,-0.011819867921166672,-0.5346813149472579,0.9474234339344765,BALANCE,1,4.528350693113615e-06
0.676,-0.012435992815078652,-0.21722927963163938,-0.01227184630308513,-0.011978060354838132,-0.07909621683572977,3.1841402900216735,BALANCE,1,4.1231651668849985e-06
0.678,-0.012864951208638472,-0.21173700359906497,-0.01227184630308513,-0.012080885436724581,-0.05141254094322492,6.816933916822643,BALANCE,1,3.8079790068369593e-06
0.68,-0.013284668096030128,-0.20798760344468187,-0.01380582709097077,-0.012684615015710748,-0.30186478949308354,7.0298176419621505,BALANCE,1,3.575516439422106e-06
0.682,-0.01369635967786323,-0.2037115503934975,-0.015339807878856412,-0.01361393251781173,-0.46465875105049065,4.98743895582097,BALANCE,1,3.3223564888186746e-06
0.684,-0.014097687301032773,-0.19762345412303295,-0.01380582709097077,-0.013681095618417394,-0.03358155030283236,3.6266054267320937,BALANCE,1,2.996077382772851e-06
0.686,-0.014488715336064991,-0.19341177278150382,-0.01227184630308513,-0.013187858358051101,0.24661863018314664,7.068457027553337,BALANCE,1,2.7546144006121075e-06
0.6880000000000001,-0.014875219745464872,-0.19309974524854787,-0.015339807878856412,-0.01394104069033296,-0.376591166140929,9.337015135391535,BALANCE,1,2.6749506393139028e-06
0.6900000000000001,-0.01525945130848272,-0.1911388845576448,-0.015339807878856412,-0.014430609206316168,-0.24478425799160428,4.303357616723952,BALANCE,1,2.5264342733619425e-06
0.6920000000000001,-0.015639359881433695,-0.18877667563277417,-0.015339807878856412,-0.014748828741705253,-0.15910976769454263,5.325552649118295,BALANCE,1,2.3616159716744042e-06
0.6940000000000001,-0.01601486482502902,-0.18673517416990068,-0.01380582709097077,-0.014418778163948185,0.16502528887853402,5.988905633623103,BALANCE,1,2.209884507020092e-06
0.6960000000000001,-0.01638917993359931,-0.1875868186812536,-0.01687378866674205,-0.015278031839926038,-0.4296268379889263,8.598905365240352,BALANCE,1,2.1724986214788573e-06
0.6980000000000001,-0.016762899167533058,-0.18613928853365022,-0.015339807878856412,-0.015299653453551668,-0.010810806812815328,3.7870775233740126,BALANCE,1,2.041872441941112e-06
0.7000000000000001,-0.01713508245075474,-0.1860508396769347,-0.01687378866674205,-0.015850600778168304,-0.2754736623083176,7.133248545274652,BALANCE,1,1.9641052346224283e-06
0.7020000000000001,-0.01750611846714954,-0.18499200056407727,-0.015339807878856412,-0.015671823263409143,0.0893887573795802,4.979718741678002,BALANCE,1,1.8465488440927007e-06
0.704,-0.017877127733164716,-0.18602408875959905,-0.015339807878856412,-0.015555617878815688,0.05810269229672774,7.906210385414053,BALANCE,1,1.8101292798648444e-06
0.706,-0.018251772297666898,-0.18862736586162182,-0.01687378866674205,-0.016016977654589915,-0.23067988788711377,7.659783064251076,BALANCE,1,1.8344979827305478e-06
0.708,-0.01863064969184577,-0.19025699623536427,-0.018407769454627694,-0.016853754784603138,-0.41838856500661137,5.318637440702973,BALANCE,1,1.818112598777108e-06
0.71,-0.019010393168303396,-0.189493464020714,-0.018407769454627694,-0.017397659919111734,-0.271952567254298,3.763390644989278,BALANCE,1,1.7030552500641445e-06
0.712,-0.019387676600870436,-0.18779690705322785,-0.01687378866674205,-0.017214304980782344,0.09167746916469502,4.898764786953446,BALANCE,1,1.5495135103174186e-06
0.714,-0.01976368032583185,-0.18821373282844178,-0.019941750242513337,-0.018168910822388192,-0.47730292080292414,7.815363513608997,BALANCE,1,1.4795888743808763e-06
0.716,-0.02013774185425583,-0.1858546747485873,-0.023009711818284616,-0.01986319117095194,-0.8471401742818734,3.202610261207214,BALANCE,1,1.2976147939313308e-06
0.718,-0.02050162051990619,-0.1780306827415967,-0.021475731030398976,-0.020427580121758403,-0.2821944754032319,0.1382827742276076,BALANCE,1,9.068959574327011e-07
0.72,-0.020849601283076974,-0.16995647985543558,-0.021475731030398976,-0.020794432939782604,-0.18342640901210064,4.619899512183999,BALANCE,1,5.225024537828939e-07
0.722,-0.02118198465809668,-0.16243300770838026,-0.021475731030398976,-0.021032887271498334,-0.11922716585786516,5.38387398764364,BALANCE,1,1.7353376100947288e-07
0.724,-0.021500297135501757,-0.15588532343563474,-0.018407769454627694,-0.02011409603559361,0.4593956179523625,5.878954095520281,BALANCE,1,-1.2874892644267462e-07
0.726,-0.021811043662227022,-0.1548669178491045,-0.019941750242513337,-0.020053775008015515,0.030160513789047327,10.559041020949266,BALANCE,1,-2.417185119723439e-07
0.728,-0.02212111495834639,-0.15521008037286452,-0.023009711818284616,-0.0210883528916097,-0.5172889417970928,7.1247686942958275,BALANCE,1,-3.105416933119743e-07
0.73,-0.02242861111840637,-0.15229173439744148,-0.023009711818284616,-0.02176082851594592,-0.33623781216811016,2.678880706012734,BALANCE,1,-4.868888853102264e-07
0.732,-0.022728852063284944,-0.14795473173482288,-0.019941750242513337,-0.021124151120244516,0.3183386978507022,4.082589039881234,BALANCE,1,-7.055832992561289e-07
0.734,-0.023024464060376868,-0.14766270144767055,-0.021475731030398976,-0.02124720408879858,-0.06152648427703092,9.353176933549767,BALANCE,1,-7.94394306799441e-07
0.736,-0.023319950939272163,-0.14782961120006743,-0.02454369260617026,-0.022400975069878665,-0.5768854905400436,6.3026228575969,BALANCE,1,-8.697300990465736e-07
0.738,-0.023611977058411376,-0.14420187801693254,-0.02454369260617026,-0.023150926207580722,-0.3749755688510284,2.106044353614017,BALANCE,1,-1.0633963597229285e-06
0.74,-0.02389502879785718,-0.1388550664423933,-0.019941750242513337,-0.022027714619807136,0.5616057938867929,3.6716964736224984,BALANCE,1,-1.303972504968336e-06
0.742,-0.024173456316415574,-0.1395775720567373,-0.02454369260617026,-0.02290830691503423,-0.44029614761354613,11.227334527867523,BALANCE,1,-1.361282683814583e-06
0.744,-0.02445051975905522,-0.13749096540764166,-0.023009711818284616,-0.022943798631171863,-0.017745858068816955,3.154701796768177,BALANCE,1,-1.5022381554519999e-06
0.746,-0.024724353192323096,-0.13634750325489356,-0.02454369260617026,-0.023503761522421302,-0.2799814456247197,6.528385850431518,BALANCE,1,-1.6148893080165834e-06
0.748,-0.024994584628025205,-0.13388890157389952,-0.02454369260617026,-0.023867737401733438,-0.181987939656068,4.392202624204844,BALANCE,1,-1.7648329474632074e-06
0.75,-0.025259520140419617,-0.1310514825312851,-0.0260776733940559,-0.0246412149990463,-0.38673879865643024,5.149538571714984,BALANCE,1,-1.923377811069736e-06
0.752,-0.025516766621012894,-0.12619972835484206,-0.023009711818284616,-0.02407018888577971,0.2855130566332947,3.460194800873505,BALANCE,1,-2.1333853691222044e-06
0.754,-0.02576797461768241,-0.12501288753846582,-0.023009711818284616,-0.023699021912156427,0.1855834868116409,8.867657172210144,BALANCE,1,-2.2410098052763395e-06
0.756,-0.026019206423362633,-0.12622353777181458,-0.02454369260617026,-0.02399465665506127,-0.14781737145242063,8.08575082767188,BALANCE,1,-2.285137889625956e-06
0.758,-0.026272251213975036,-0.12682590577754915,-0.02454369260617026,-0.024186819237949415,-0.09608129144407333,5.396006945654084,BALANCE,1,-2.3467539631511176e-06
0.76,-0.02652637496719425,-0.12730252018732507,-0.02454369260617026,-0.02431172491682671,-0.0624528394386481,5.793528466899984,BALANCE,1,-2.4127999163290487e-06
0.762,-0.026781603463375363,-0.12793066902129047,-0.023009711818284616,-0.02385602033233698,0.22785229224486606,6.050199397227383,BALANCE,1,-2.4757724010575934e-06
0.764,-0.02704056848025685,-0.13103910955870215,-0.02761165418194154,-0.025170492179698575,-0.6572359236807975,8.395211521698412,BALANCE,1,-2.4719360879777527e-06
0.766,-0.02730073927961271,-0.12913647363670466,-0.0260776733940559,-0.02548800560472364,-0.15875671251253282,1.2306033850154687,BALANCE,1,-2.6079443139991094e-06
0.768,-0.02755672964821325,-0.12685860190363363,-0.02761165418194154,-0.026231282606749905,-0.37163850101313256,5.194288667739138,BALANCE,1,-2.752790839485573e-06
0.77,-0.027806089584581046,-0.12250591945855487,-0.02454369260617026,-0.025640626106547028,0.29532825010143876,3.4413914830914134,BALANCE,1,-2.949814763994969e-06
0.772,-0.02805031531832165,-0.12172430484040579,-0.02761165418194154,-0.02633048593293511,-0.34492991319404026,8.807436756798847,BALANCE,1,-3.0504606332736358e-06
0.774,-0.02829090705304978,-0.11887185359936475,-0.0260776733940559,-0.026242001544327386,0.04424219430386109,3.6387137636651428,BALANCE,1,-3.203440318557304e-06
0.776,-0.028527115948225105,-0.11734138467105641,-0.02914563496982718,-0.027258273243252314,-0.5081358494624637,6.752151286655951,BALANCE,1,-3.3209870580713756e-06
0.778,-0.02875692719487948,-0.11247408742115007,-0.030679615757712823,-0.028455743123313493,-0.5987349400305899,2.2666989799412063,BALANCE,1,-3.517778036010173e-06
0.78,-0.02897331252437293,-0.10391522063089037,-0.030679615757712823,-0.02923409854535326,-0.3891777110198828,1.4643669139678632,BALANCE,1,-3.788847310078437e-06
0.782,-0.029171006900294186,-0.09378279016837689,-0.02761165418194154,-0.02866624301815916,0.28392776359704996,3.088276601022063,BALANCE,1,-4.070166745230709e-06
0.784,-0.029352487414987194,-0.08770106126828262,-0.02914563496982718,-0.028834030201242967,-0.08389359154190382,8.501458480985539,BALANCE,1,-4.2504040834388525e-06
0.786,-0.029522357943567043,-0.08217259057505095,-0.02914563496982718,-0.02894309187024744,-0.05453083450223696,5.543053602848632,BALANCE,1,-4.409437156858328e-06
0.788,-0.029681875173773232,-0.07734757252290576,-0.030679615757712823,-0.029550875230860325,-0.303891680306442,5.76562334065165,BALANCE,1,-4.547117001282571e-06
0.79,-0.02983031624748202,-0.07109623041959748,-0.02761165418194154,-0.02887214786373875,0.3393636835607866,3.7283593975350637,BALANCE,1,-4.698090353914097e-06
0.792,-0.02997020091954043,-0.06879101354126324,-0.02761165418194154,-0.028430975075109728,0.22058639431451163,8.909351520927439,BALANCE,1,-4.781717288469146e-06
0.794,-0.03010796699466858,-0.06897759452487198,-0.032213596545598466,-0.029754892589780785,-0.6619587573355283,7.979917379259958,BALANCE,1,-4.827684948017813e-06
0.796,-0.03024112172465464,-0.06417958360933444,-0.02914563496982718,-0.029541652422797025,0.10662008349188005,0.8341701366614194,BALANCE,1,-4.943124516398115e-06
0.798,-0.030366517774453983,-0.061218771679013254,-0.030679615757712823,-0.029939939590017554,-0.19914358361026485,6.989686942815153,BALANCE,1,-5.027454327237172e-06
0.8,-0.030485109601443128,-0.05737523569164463,-0.030679615757712823,-0.030198826248710897,-0.12944332934667138,4.513692388046759,BALANCE,1,-5.1185449620142814e-06
0.802,-0.030595786595859608,-0.05330379358064054,-0.02914563496982718,-0.029830209301101595,0.1843084738046511,5.049721457384164,BALANCE,1,-5.206396089343744e-06
0.804,-0.030700650411527076,-0.05156195005643923,-0.032213596545598466,-0.0306643948366755,-0.4170927677869529,7.575886857591081,BALANCE,1,-5.263707772618235e-06
0.806,-0.030799183085269976,-0.04697253525144977,-0.030679615757712823,-0.030669722159038564,-0.002663661181531371,2.70849291375648,BALANCE,1,-5.34760613277683e-06
0.808,-0.030889379081965672,-0.043225119730764046,-0.02914563496982718,-0.03013629164281458,0.26671525811199254,6.0174721828262605,BALANCE,1,-5.416405201714371e-06
0.81,-0.03097499168991492,-0.0423890622316031,-0.030679615757712823,-0.030326455083028964,-0.09508172010719296,8.198482109819329,BALANCE,1,-5.455209692269766e-06
0.812,-0.031058544299849392,-0.04116508383856261,-0.02914563496982718,-0.02991316804340834,0.20664351981031226,5.2866311866363755,BALANCE,1,-5.496620951397448e-06
0.8140000000000001,-0.03114174649254882,-0.042038638548674935,-0.02914563496982718,-0.029644531467654934,0.13431828787670297,7.719247694744974,BALANCE,1,-5.519324418079022e-06
0.8160000000000001,-0.031227946386219067,-0.044162839917667576,-0.030679615757712823,-0.030006810969175197,-0.18113975076013145,7.150835127527772,BALANCE,1,-5.531432302384125e-06
0.8180000000000001,-0.031316928605079924,-0.0448210148892534,-0.032213596545598466,-0.03077918592092334,-0.38618747587407243,4.599432686148046,BALANCE,1,-5.557937659387389e-06
0.8200000000000001,-0.03140426526257607,-0.04251724829672339,-0.030679615757712823,-0.03074433636379966,0.017424778561840257,2.9065525509474446,BALANCE,1,-5.6116371322971495e-06
0.8220000000000001,-0.03148765348454028,-0.040872506760594715,-0.030679615757712823,-0.030721684151669267,0.011326106065197294,6.131392692589407,BALANCE,1,-5.65713067337279e-06
0.8240000000000001,-0.03156827070926624,-0.039746200109528534,-0.032213596545598466,-0.031243853489544487,-0.2610846689376101,6.077818108513753,BALANCE,1,-5.696732052601878e-06
0.8260000000000001,-0.03164486868505392,-0.03685318392633687,-0.030679615757712823,-0.031046370283403405,0.09874160307054083,3.8609529775208724,BALANCE,1,-5.748864991807656e-06
0.8280000000000001,-0.03171703465005453,-0.035314107836332785,-0.032213596545598466,-0.031454899475171674,-0.20426459588413456,6.745202871897865,BALANCE,1,-5.787622222238815e-06
0.8300000000000001,-0.03178484167843664,-0.032494167167508095,-0.032213596545598466,-0.03172044344982105,-0.13277198732468756,4.2903505488593305,BALANCE,1,-5.833358635664608e-06
0.8320000000000001,-0.031846449213408824,-0.029114500447897776,-0.0337475773334841,-0.032429940309103115,-0.35474842964103304,4.840014690165979,BALANCE,1,-5.878638634075084e-06
0.834,-0.031898988333219996,-0.023425585285487674,-0.030679615757712823,-0.03181732671611651,0.3063067964933011,3.015147352016471,BALANCE,1,-5.930230520600628e-06
0.836,-0.03194347395403319,-0.021060853384878172,-0.032213596545598466,-0.0319560211564352,-0.069347220159343,8.333982511327116,BALANCE,1,-5.958165516455975e-06
0.838,-0.03198309739869733,-0.01856331974580582,-0.0337475773334841,-0.03258306581840231,-0.31352233098355664,5.314037507455556,BALANCE,1,-5.983628184624621e-06
0.84,-0.032015637674510405,-0.013977554312659086,-0.035281558121369745,-0.03352753812444091,-0.4722361530192995,3.316497327980139,BALANCE,1,-6.011801216245011e-06
0.842,-0.03203612557401136,-0.006510721856327298,-0.032213596545598466,-0.033067658571846056,0.22993977629742757,1.9834129057069925,BALANCE,1,-6.035842147896596e-06
0.844,-0.03205067464995549,-0.008038621566382034,-0.032213596545598466,-0.0327687368626594,0.14946085459332722,7.621799581682131,BALANCE,1,-6.0389581437354e-06
0.846,-0.032067310622786345,-0.008597657110407443,-0.0337475773334841,-0.033111331027448045,-0.17129708239432134,6.989349763227996,BALANCE,1,-6.044243429954857e-06
0.848,-0.0320833895973482,-0.007481613058154834,-0.032213596545598466,-0.03279712395880069,0.15710353432367777,4.396108351233998,BALANCE,1,-6.0522278172644325e-06
0.85,-0.03210059537873889,-0.009724484652716496,-0.032213596545598466,-0.03259288936417991,0.10211729731039038,7.035606284305072,BALANCE,1,-6.054610440439482e-06
0.852,-0.03212081147318742,-0.010491981460221409,-0.0337475773334841,-0.03299703015343638,-0.20207039462823498,6.6014518860031846,BALANCE,1,-6.060595908726223e-06
0.854,-0.032140583032145474,-0.009279940990740594,-0.035281558121369745,-0.03379661494221306,-0.3997923943883409,4.137102497108106,BALANCE,1,-6.070629266743823e-06
0.856,-0.03215584890168521,-0.005986209207885092,-0.0337475773334841,-0.03377945177915793,0.008581581527566245,2.5005920887122164,BALANCE,1,-6.08176909939471e-06
0.858,-0.03217085249530162,-0.009017660241163855,-0.032213596545598466,-0.033231402447412114,0.2740246658729066,5.761857795466949,BALANCE,1,-6.082597312252561e-06
0.86,-0.032189335444646784,-0.009465628904683554,-0.032213596545598466,-0.03287517038177734,0.1781160328173867,7.911639149644938,BALANCE,1,-6.088714696885399e-06
0.862,-0.03220997209997773,-0.011171405820802985,-0.030679615757712823,-0.03210672626335476,0.38422205921129216,7.15916897506251,BALANCE,1,-6.092780859731354e-06
0.864,-0.03223612709889889,-0.014984073945388423,-0.030679615757712823,-0.03160723758638008,0.2497443384873385,8.847702488066439,BALANCE,1,-6.092063480999131e-06
0.866,-0.03227073377154442,-0.01962323492411798,-0.032213596545598466,-0.03181946322210651,-0.10611281786321661,7.795528595376014,BALANCE,1,-6.088075706383896e-06
0.868,-0.03231299217659991,-0.02263594702892026,-0.030679615757712823,-0.031420516609568724,0.19947330626889428,4.929573913783565,BALANCE,1,-6.090556776895791e-06
0.87,-0.03236247496716333,-0.026847753246604177,-0.02914563496982718,-0.030624308035659183,0.3981042869547705,7.391915600270806,BALANCE,1,-6.087159578751808e-06
0.872,-0.032423065840296035,-0.03374423381063054,-0.0337475773334841,-0.031717452289897904,-0.5465721271193605,9.022611098585257,BALANCE,1,-6.065687560349955e-06
0.874,-0.03249215444923261,-0.035345645277485,-0.0337475773334841,-0.03242799605515308,-0.35527188262758636,1.3932676402799045,BALANCE,1,-6.08027931899216e-06
0.876,-0.03256134150266281,-0.033842680113331934,-0.030679615757712823,-0.03181606295104899,0.3059665520520442,2.8745513710877573,BALANCE,1,-6.117858723278595e-06
0.878,-0.03263015371668442,-0.03497079897310197,-0.030679615757712823,-0.03141830643338133,0.19887825883382892,8.194811622180836,BALANCE,1,-6.135977963587494e-06
0.88,-0.03270266414076607,-0.037540958158378684,-0.030679615757712823,-0.031159764696897352,0.1292708682419895,7.355687006208497,BALANCE,1,-6.1439776924144455e-06
0.882,-0.03278101838003489,-0.0408147215905489,-0.032213596545598466,-0.03152860584394274,-0.18442057352269572,6.808108432723441,BALANCE,1,-6.146811000496644e-06
0.884,-0.03286399354220751,-0.04216196601155416,-0.030679615757712823,-0.031231459313762273,0.14857326509023527,4.270140708614448,BALANCE,1,-6.166941476272131e-06
0.886,-0.0329506707590573,-0.04451684432183361,-0.030679615757712823,-0.031038314069144965,0.09657262230865389,6.945673917465972,BALANCE,1,-6.178740287952561e-06
0.888,-0.033042521929319495,-0.04733601453731306,-0.0337475773334841,-0.031986556211663665,-0.47412107125935005,6.535049827076531,BALANCE,1,-6.186790898941683e-06
0.89,-0.033135786648326476,-0.04593041905101639,-0.032213596545598466,-0.03206602032854085,-0.03973205843859143,1.9062084387390446,BALANCE,1,-6.237096712134549e-06
0.892,-0.03322604427098202,-0.04432886289844172,-0.02914563496982718,-0.031043885452991065,0.5110674377748915,5.370139490226774,BALANCE,1,-6.287764621404114e-06
0.894,-0.033317391642180325,-0.04702018761970412,-0.030679615757712823,-0.03091639105964368,0.06374719667369237,9.831654775377025,BALANCE,1,-6.297312475979837e-06
0.896,-0.03341426634405416,-0.04985629518222104,-0.0337475773334841,-0.03190730625548783,-0.49545759792207417,6.254559231956348,BALANCE,1,-6.306049214159107e-06
0.898,-0.03351240103683116,-0.048280201683460894,-0.0337475773334841,-0.032551401132786525,-0.32204743864934837,1.7150845021884678,BALANCE,1,-6.36119861303454e-06
0.9,-0.033604903410728054,-0.044223872754986515,-0.030679615757712823,-0.03189627625151073,0.3275624406378977,3.0572098035057955,BALANCE,1,-6.437759252477093e-06
0.902,-0.033692374460329404,-0.04324878488645656,-0.032213596545598466,-0.03200733835444144,-0.05553105146535384,8.28701707543001,BALANCE,1,-6.481499003707894e-06
0.904,-0.03377748870721556,-0.041867026708816375,-0.03681553890925539,-0.03369020854862632,-0.8414350970924397,5.209203944757267,BALANCE,1,-6.527838820673087e-06
0.906,-0.03385309300613276,-0.03373866209099988,-0.0337475773334841,-0.03371028762332654,-0.010039537350112204,-1.1857386736202384,BALANCE,1,-6.623481225672174e-06
0.908,-0.03391323747340517,-0.026406910854000706,-0.032213596545598466,-0.033186445746121715,0.26192093860241333,5.457479002311703,BALANCE,1,-6.694503670627543e-06
0.91,-0.033961611200514615,-0.021967705536685256,-0.035281558121369745,-0.033919735077458525,-0.3666446656684051,7.6579560334149726,BALANCE,1,-6.736731932348937e-06
0.912,-0.03399854362486762,-0.014965397767166079,-0.032213596545598466,-0.033322586591307504,0.29857424307551045,2.5786498923527246,BALANCE,1,-6.779088365424321e-06
0.914,-0.03402481120669731,-0.011302666953776292,-0.035281558121369745,-0.034008226626829285,-0.3428200177608906,7.929565554154848,BALANCE,1,-6.7998661998562315e-06
0.916,-0.03404205040069049,-0.005936843958662814,-0.0337475773334841,-0.03391699937415847,0.045613626335407054,2.750471420006967,BALANCE,1,-6.816638714810478e-06
0.918,-0.03405648842656374,-0.008501447333236788,-0.0337475773334841,-0.03385770165992244,0.029648857118015626,5.856630808062765,BALANCE,1,-6.8184750560141185e-06
0.92,-0.03407180177762248,-0.006812185238369356,-0.03681553890925539,-0.03489294469718897,-0.5176215186332641,5.725698976845811,BALANCE,1,-6.827373902163046e-06
0.922,-0.0340826381392247,-0.004024375575001465,-0.0337475773334841,-0.034492066119892265,0.20043928864835192,1.2784427996601435,BALANCE,1,-6.834942572225948e-06
0.924,-0.03410018573733544,-0.01352354511383472,-0.03681553890925539,-0.03530528159616936,-0.4066077381385466,7.040083559326895,BALANCE,1,-6.824203143705832e-06
0.926,-0.034118725317998574,-0.005016376375366234,-0.0337475773334841,-0.03476008510422952,0.2725982459699204,2.1278533601358482,BALANCE,1,-6.848469724446569e-06
0.928,-0.03413397529925746,-0.010233885226171257,-0.032213596545598466,-0.03386881410870865,0.4456354977604333,7.587261005499128,BALANCE,1,-6.846107699299513e-06
0.93,-0.03415414494829894,-0.009936134601564605,-0.035281558121369745,-0.03436327451314004,-0.24723020221569317,9.018261516732743,BALANCE,1,-6.8548537922475635e-06
0.932,-0.03417184802345708,-0.007767265999966532,-0.0337475773334841,-0.03414778050026046,0.10774700643978799,3.438795637755219,BALANCE,1,-6.866067607063614e-06
0.934,-0.03418855799288361,-0.008943010610887455,-0.0337475773334841,-0.034007709391888734,0.07003555418586341,6.284713391671791,BALANCE,1,-6.870694195611892e-06
0.936,-0.03420677188490985,-0.009271216247178889,-0.032213596545598466,-0.03337976989568714,0.3139697481007973,5.984624498264321,BALANCE,1,-6.877387567870582e-06
0.9380000000000001,-0.03422785434977691,-0.011811636183885562,-0.0337475773334841,-0.03350850249891608,-0.06436630161446924,7.96709846537675,BALANCE,1,-6.880165066746994e-06
0.9400000000000001,-0.03425174088430128,-0.012075337453804678,-0.032213596545598466,-0.03305528541525491,0.22660854183058354,4.925984410961097,BALANCE,1,-6.889119256490298e-06
0.9420000000000001,-0.034277678327090305,-0.013862582149576938,-0.0337475773334841,-0.033297587586635126,-0.12115108569010768,7.274365126458138,BALANCE,1,-6.894634653921178e-06
0.9440000000000001,-0.03430540095478281,-0.013860555175599884,-0.035281558121369745,-0.033991977273792245,-0.34719484357855973,4.471090458492468,BALANCE,1,-6.905829525279794e-06
0.9460000000000001,-0.03433004034633849,-0.010779289334455613,-0.035281558121369745,-0.03444333057044437,-0.22567664832606402,2.6142786187006655,BALANCE,1,-6.9238799324009485e-06
0.9480000000000001,-0.03434766213105195,-0.006842819327235887,-0.03834951969714103,-0.0358104967647882,-0.6835830971719143,3.552454316807416,BALANCE,1,-6.9384012587483e-06
0.9500000000000001,-0.034356619408304714,-0.0021146225924654014,-0.035281558121369745,-0.03562536823959174,0.0925642625982312,-0.19998934497297416,BALANCE,1,-6.946540415264356e-06
0.9520000000000001,-0.03438023282487374,-0.021499228054228534,-0.0337475773334841,-0.034968141422454066,0.3286134085688369,6.0131721710520605,BALANCE,1,-6.907266019050191e-06
0.9540000000000001,-0.0344178396929737,-0.016108331384191685,-0.0337475773334841,-0.03454094399131458,0.2135987155697447,7.934005319560676,BALANCE,1,-6.944117182664637e-06
0.9560000000000001,-0.03444681025601041,-0.012862764225942631,-0.035281558121369745,-0.034800158936833886,-0.12960747275965467,7.032611432638045,BALANCE,1,-6.965887327657213e-06
0.9580000000000001,-0.034468660628512116,-0.008988009957477928,-0.03681553890925539,-0.03550554192718141,-0.3526914951737618,4.264448997484324,BALANCE,1,-6.983779962185162e-06
0.96,-0.03448200211283641,-0.004353719628562655,-0.035281558121369745,-0.035427147595147326,0.039197166017041624,2.430352730365179,BALANCE,1,-6.995788586873623e-06
0.962,-0.03449832415785603,-0.01196862543649046,-0.0337475773334841,-0.034839298003565194,0.29392479579106595,5.563080250294623,BALANCE,1,-6.989156387580945e-06
0.964,-0.03451940719742409,-0.009114801705900162,-0.035281558121369745,-0.03499408904479679,-0.07739552061579794,7.629204404381031,BALANCE,1,-7.004137388374086e-06
0.966,-0.03453577829757938,-0.007256599402623382,-0.03834951969714103,-0.03616848977311728,-0.5872003641602431,4.642355592843265,BALANCE,1,-7.014035191092708e-06
0.968,-0.03454623733423487,-0.00320262952529612,-0.035281558121369745,-0.03585806369500564,0.15521303905581887,0.48621910283385184,BALANCE,1,-7.022809980807351e-06
0.97,-0.034565977251383335,-0.016537650495165587,-0.035281558121369745,-0.03565628674423307,0.10088847538628279,6.436980280510045,BALANCE,1,-7.002759853921366e-06
0.972,-0.03459334049069593,-0.010826091842228169,-0.035281558121369745,-0.03552513172623091,0.06557750900108156,6.007359130851263,BALANCE,1,-7.030567328460885e-06
0.974,-0.0346111386596881,-0.0069724043376671405,-0.0337475773334841,-0.034902987688769524,0.3110720187306931,5.725635674504537,BALANCE,1,-7.045131994473197e-06
0.976,-0.034628099162629655,-0.009988410387896276,-0.0337475773334841,-0.03449859406441963,0.20219681217494706,7.71993979705136,BALANCE,1,-7.046586315622586e-06
0.978,-0.03464880445403182,-0.01071726164027015,-0.03681553890925539,-0.03530952476011215,-0.4054653478462594,6.866302043253501,BALANCE,1,-7.053417752302129e-06
0.98,-0.0346668845198992,-0.007363136595995686,-0.032213596545598466,-0.03422594988503236,0.5417874375398951,1.9492870163902758,BALANCE,1,-7.067261484942965e-06
0.982,-0.03468613303922343,-0.011885736571289454,-0.032213596545598466,-0.0335216262162305,0.3521618344009304,9.585478602007292,BALANCE,1,-7.065831522536588e-06
0.984,-0.03471293120697782,-0.014912923812188311,-0.032213596545598466,-0.03306381583150929,0.2289051923606046,8.10402887178044,BALANCE,1,-7.068122632318178e-06
0.986,-0.03474632824957764,-0.018484732722930598,-0.03834951969714103,-0.0349138121844804,-0.9249981764855552,7.138831595374805,BALANCE,1,-7.069049569425591e-06
0.988,-0.03477829611064545,-0.013483716012662857,-0.0337475773334841,-0.034505629986631696,0.20409109892435134,-2.210377899009636,BALANCE,1,-7.099182191205443e-06
0.99,-0.03480240786868127,-0.010628485270514281,-0.0337475773334841,-0.03424031155803004,0.13265921430082733,6.839926110143212,BALANCE,1,-7.1163987810461e-06
0.992,-0.03482268078683138,-0.009644805556163897,-0.035281558121369745,-0.03460474785519894,-0.18221814858444818,6.277542076559514,BALANCE,1,-7.126832405937602e-06
0.994,-0.034839908719313986,-0.0075834436277326025,-0.032213596545598466,-0.033767844896838775,0.41845147918008124,3.7297360460761353,BALANCE,1,-7.137683139161616e-06
0.996,-0.034858758758522554,-0.011266942097102169,-0.035281558121369745,-0.034297644525424616,-0.26489981429292025,8.578553676714613,BALANCE,1,-7.138008294734487e-06
0.998,-0.034879112728592274,-0.009087402139234929,-0.0337475773334841,-0.034105121008245434,0.09626175858959071,3.073095822310367,BALANCE,1,-7.15109350535435e-06
1.0,-0.03489715380352629,-0.008954004442050353,-0.035281558121369745,-0.03451687399783894,-0.20587649479675285,5.967118792199557,BALANCE,1,-7.158758240568799e-06
1.002,-0.03491317924084696,-0.00707172747365208,-0.035281558121369745,-0.03478451344107472,-0.13381972161789074,3.51840421093363,BALANCE,1,-7.168559399434364e-06
1.004,-0.03492705876850116,-0.006808055326339861,-0.03834951969714103,-0.03603226563069793,-0.6238760948116053,4.071843127082165,BALANCE,1,-7.174654200462883e-06
1.006,-0.0349360239188327,-0.0021572598135075503,-0.035281558121369745,-0.03576951800243307,0.1313738141324322,0.06932055702891571,BALANCE,1,-7.18278760409623e-06
1.008,-0.03495950521985191,-0.021324472846133764,-0.03681553890925539,-0.03613562531982088,-0.18305365869390744,6.119930782676622,BALANCE,1,-7.14443749803698e-06
1.01,-0.0349925153427189,-0.011686256847122808,-0.03681553890925539,-0.03637359507612296,-0.11898487815103706,3.575317435958671,BALANCE,1,-7.1919637868708495e-06
1.012,-0.035006719186070324,-0.0025178476172452585,-0.0337475773334841,-0.035454488866199355,0.4595531049618011,4.066314775908285,BALANCE,1,-7.211705893551285e-06
1.014,-0.03503114922509542,-0.02191264048752659,-0.0337475773334841,-0.03485706982974902,0.2987095182251688,8.742674115633166,BALANCE,1,-7.171233691213718e-06
1.016,-0.0350718116805475,-0.018750562456063748,-0.0337475773334841,-0.0344687474560563,0.19416118684635955,7.484799149961178,BALANCE,1,-7.201723866771683e-06
1.018,-0.03510754552438643,-0.016983938270912907,-0.0337475773334841,-0.03421633791315603,0.12620477145013423,6.664818091861055,BALANCE,1,-7.223215426479164e-06
1.02,-0.03514044120477052,-0.01591234682674228,-0.0337475773334841,-0.03405227171027086,0.08203310144258569,6.129468073682637,BALANCE,1,-7.2405744712852485e-06
1.022,-0.035171455974409405,-0.015102992948585648,-0.0337475773334841,-0.03394562867839549,0.05332151593768347,5.779128231453305,BALANCE,1,-7.256085058353956e-06
1.024,-0.03520086234495314,-0.014303918164259029,-0.03681553890925539,-0.034950097259196455,-0.5022342904004822,5.54904500359093,BALANCE,1,-7.2707694885729875e-06
1.026,-0.03522419827551933,-0.009032441382569884,-0.035281558121369745,-0.035066108560957106,-0.058005650880325194,1.0373404185857078,BALANCE,1,-7.293562565720951e-06
1.028,-0.03523873887774414,-0.0055084281397634015,-0.0337475773334841,-0.03460462263134156,0.2307429648077744,4.577195634929132,BALANCE,1,-7.305057794517448e-06
1.03,-0.03525506872026037,-0.010821714558878766,-0.03681553890925539,-0.0353784433286114,-0.38691034863492024,6.907952791684593,BALANCE,1,-7.3025769595130836e-06
1.032,-0.03527063970472624,-0.004749556147098495,-0.035281558121369745,-0.03534453350607682,0.016954911267290373,1.9132213536411236,BALANCE,1,-7.319124822367894e-06
1.034,-0.03528542804063066,-0.010039051602443769,-0.03834951969714103,-0.03639627867294929,-0.525872583436237,5.139109115509667,BALANCE,1,-7.3169211186546226e-06
1.036,-0.035296173986983,-0.0007070922950125087,-0.039883500485026674,-0.03761680630717638,-0.6102638171135433,0.7261051921345096,BALANCE,1,-7.332081331825428e-06
1.038,-0.035296173986983,0.0,-0.035281558121369745,-0.03679946944214406,0.4086684325161592,-0.02977969659900115,BALANCE,1,-7.332134662973553e-06
1.04,-0.035296173986983,0.0,-0.03681553890925539,-0.036805093755633025,-0.0028121567444833184,8.16335861845213,BALANCE,1,-7.332134662973553e-06
1.042,-0.035296173986983,0.0,-0.0337475773334841,-0.0357349630078809,0.5350653738760632,4.863815426806524,BALANCE,1,-7.332134662973553e-06
1.044,-0.035296173986983,0.0,-0.032213596545598466,-0.03450248474608205,0.6162391308994243,9.223896524034448,BALANCE,1,-7.332134662973553e-06
1.046,-0.035296173986983,0.0,-0.035281558121369745,-0.03477516042743274,-0.13633784067534557,9.94033477898005,BALANCE,1,-7.332134662973553e-06
1.048,-0.035296173986983,0.0,-0.03681553890925539,-0.03548929289607067,-0.35706623431896317,3.8964034334153634,BALANCE,1,-7.332134662973553e-06
1.05,-0.035296173986983,0.0,-0.0337475773334841,-0.03487969244916537,0.3048002234526496,2.080630477568932,BALANCE,1,-7.332134662973553e-06
1.052,-0.035296173986983,0.0,-0.0337475773334841,-0.034483452158676924,0.19812014524422245,7.40516222806632,BALANCE,1,-7.332134662973553e-06
1.054,-0.035296173986983,0.0,-0.03681553890925539,-0.03529968252137938,-0.4081151813512297,6.5685993293964735,BALANCE,1,-7.332134662973553e-06
1.056,-0.035296173986983,0.0,-0.0337475773334841,-0.034756445705616035,0.27161840788167413,1.6626829583664327,BALANCE,1,-7.332134662973553e-06
1.058,-0.035296173986983,0.0,-0.03681553890925539,-0.03547712832688981,-0.36034131063688785,7.1261945920343415,BALANCE,1,-7.332134662973553e-06
1.06,-0.035296173986983,0.0,-0.035281558121369745,-0.03540867875495779,0.03422478596601039,2.020180460944041,BALANCE,1,-7.332134662973553e-06
1.062,-0.035296173986983,0.0,-0.035281558121369745,-0.035364186533201974,0.02224611087790762,5.173734472332157,BALANCE,1,-7.332134662973553e-06
1.064,-0.035296173986983,0.0,-0.0337475773334841,-0.03479837331330072,0.2829066099506276,5.073501767626043,BALANCE,1,-7.332134662973553e-06
1.066,-0.035296173986983,0.0,-0.03681553890925539,-0.035504381271884856,-0.3530039792920686,7.185774878739219,BALANCE,1,-7.332134662973553e-06
1.068,-0.035296173986983,0.0,-0.0337475773334841,-0.034889499893444594,0.30744068922013146,2.049028811028223,BALANCE,1,-7.332134662973553e-06
1.07,-0.035296173986983,0.0,-0.035281558121369745,-0.0350267202732184,-0.06861018988690154,7.362501141853551,BALANCE,1,-7.332134662973553e-06
1.072,-0.035296173986983,0.0,-0.035281558121369745,-0.035115913520071367,-0.04459662342648496,4.338855542156216,BALANCE,1,-7.332134662973553e-06
1.074,-0.035296173986983,0.0,-0.03834951969714103,-0.036247675682045746,-0.5658810809871899,4.518589296324356,BALANCE,1,-7.332134662973553e-06
1.076,-0.035296173986983,0.0,-0.035281558121369745,-0.03590953453580915,0.16907057311829968,0.2731583709838432,BALANCE,1,-7.332134662973553e-06
1.078,-0.035296173986983,0.0,-0.0337475773334841,-0.03515284951499538,0.37834251040688366,6.165878165694794,BALANCE,1,-7.332134662973553e-06
1.08,-0.035296173986983,0.0,-0.0337475773334841,-0.03466100425146643,0.24592263176447318,7.878424195349292,BALANCE,1,-7.332134662973553e-06
1.082,-0.035296173986983,0.0,-0.0337475773334841,-0.034341304830172614,0.15984971064690948,6.841643681171452,BALANCE,1,-7.332134662973553e-06
1.084,-0.035296173986983,0.0,-0.035281558121369745,-0.03467039348209161,-0.16454432595949808,6.165374016542536,BALANCE,1,-7.332134662973553e-06
1.086,-0.035296173986983,0.0,-0.035281558121369745,-0.034884301105838955,-0.10695381187367237,3.5435423258797165,BALANCE,1,-7.332134662973553e-06
1.088,-0.035296173986983,0.0,-0.035281558121369745,-0.035023341061274735,-0.06951997771788981,3.984455120920314,BALANCE,1,-7.332134662973553e-06
1.09,-0.035296173986983,0.0,-0.035281558121369745,-0.035113717032307985,-0.045187985516625256,4.268578728628174,BALANCE,1,-7.332134662973553e-06
1.092,-0.035296173986983,0.0,-0.035281558121369745,-0.0351724614134796,-0.029372190585807284,4.450789364569834,BALANCE,1,-7.332134662973553e-06
1.094,-0.035296173986983,0.0,-0.035281558121369745,-0.03521064526124115,-0.019091923880776296,4.5667565688633855,BALANCE,1,-7.332134662973553e-06
1.096,-0.035296173986983,0.0,-0.0337475773334841,-0.034698571486526185,0.25603688735748376,4.639665542585693,BALANCE,1,-7.332134662973553e-06
1.098,-0.035296173986983,0.0,-0.035281558121369745,-0.034902616808721434,-0.10202266109762478,6.8644807446773655,BALANCE,1,-7.332134662973553e-06
1.1,-0.035296173986983,0.0,-0.035281558121369745,-0.03503524626814834,-0.0663147297134542,3.9807811143430385,BALANCE,1,-7.332134662973553e-06
1.102,-0.035296173986983,0.0,-0.0337475773334841,-0.03458456214101586,0.22534206356624245,4.251479748597159,BALANCE,1,-7.332134662973553e-06
1.104,-0.035296173986983,0.0,-0.035281558121369745,-0.03482851073413972,-0.12197429656193165,6.604858230034478,BALANCE,1,-7.332134662973553e-06
1.106,-0.035296173986983,0.0,-0.03681553890925539,-0.03552397059543021,-0.3477299306452429,3.804724731274825,BALANCE,1,-7.332134662973553e-06
1.108,-0.035296173986983,0.0,-0.0337475773334841,-0.03490223295374907,0.310868820840568,1.9498472728118186,BALANCE,1,-7.332134662973553e-06
1.11,-0.035296173986983,0.0,-0.03681553890925539,-0.03557189003817628,-0.33482854221360614,7.248961096608424,BALANCE,1,-7.332134662973553e-06
1.112,-0.035296173986983,0.0,-0.03681553890925539,-0.03600716714305397,-0.21763855243884384,2.0360883891017645,BALANCE,1,-7.332134662973553e-06
1.114,-0.035296173986983,0.0,-0.03681553890925539,-0.036290097261224466,-0.14146505908524745,2.9402902475785897,BALANCE,1,-7.332134662973553e-06
1.116,-0.035296173986983,0.0,-0.03681553890925539,-0.036474001838035286,-0.09195228840540998,3.5254443678648872,BALANCE,1,-7.332134662973553e-06
1.118,-0.035296173986983,0.0,-0.035281558121369745,-0.03605664653720235,0.20867765041646807,3.9032174583273305,BALANCE,1,-7.332134662973553e-06
1.12,-0.035296173986983,0.0,-0.0337475773334841,-0.03524847231590096,0.40408711065069436,6.32608695764489,BALANCE,1,-7.332134662973553e-06
1.122,-0.035296173986983,0.0,-0.03681553890925539,-0.03579694562357501,-0.27423665383702334,7.930803398333603,BALANCE,1,-7.332134662973553e-06
1.124,-0.035296173986983,0.0,-0.035281558121369745,-0.035616559997803166,0.09019281288592113,2.4641454948467034,BALANCE,1,-7.332134662973553e-06
1.1260000000000001,-0.035296173986983,0.0,-0.035281558121369745,-0.03549930934105147,0.058625328375847,5.383281054177008,BALANCE,1,-7.332134662973553e-06
1.1280000000000001,-0.035296173986983,0.0,-0.032213596545598466,-0.03434930986264292,0.5749997392042773,5.130676355633307,BALANCE,1,-7.332134662973553e-06
1.1300000000000001,-0.035296173986983,0.0,-0.035281558121369745,-0.034675596753197306,-0.1631434452771946,9.323801748992732,BALANCE,1,-7.332134662973553e-06
1.1320000000000001,-0.035296173986983,0.0,-0.03681553890925539,-0.035424576507817634,-0.37448987731016414,3.392143940357055,BALANCE,1,-7.332134662973553e-06
1.1340000000000001,-0.035296173986983,0.0,-0.03681553890925539,-0.03591141334832085,-0.24341842025160654,1.6493487835145144,BALANCE,1,-7.332134662973553e-06
1.1360000000000001,-0.035296173986983,0.0,-0.03834951969714103,-0.036764750570407914,-0.4266686110435333,2.661527946883119,BALANCE,1,-7.332134662973553e-06
1.1380000000000001,-0.035296173986983,0.0,-0.03681553890925539,-0.03678252648900453,-0.008887959298306547,1.1369732371083998,BALANCE,1,-7.332134662973553e-06
1.1400000000000001,-0.035296173986983,0.0,-0.0337475773334841,-0.03572029428457238,0.531116102216074,4.470795390656615,BALANCE,1,-7.332134662973553e-06
1.1420000000000001,-0.035296173986983,0.0,-0.0337475773334841,-0.03502984335169148,0.3452254664404498,8.847417756180674,BALANCE,1,-7.332134662973553e-06
1.1440000000000001,-0.035296173986983,0.0,-0.0337475773334841,-0.0345810502453189,0.22439655318629015,7.394713757278197,BALANCE,1,-7.332134662973553e-06
1.1460000000000001,-0.035296173986983,0.0,-0.035281558121369745,-0.034826228001936695,-0.1225888783088977,6.44809382757821,BALANCE,1,-7.332134662973553e-06
1.1480000000000001,-0.035296173986983,0.0,-0.0337475773334841,-0.034448700267978284,0.18876386697920522,3.650534464619252,BALANCE,1,-7.332134662973553e-06
1.1500000000000001,-0.035296173986983,0.0,-0.03681553890925539,-0.035277093792425274,-0.4141967622234947,6.157118350907984,BALANCE,1,-7.332134662973553e-06
1.1520000000000001,-0.035296173986983,0.0,-0.03681553890925539,-0.035815549583315814,-0.26922789544527037,1.2766742870610805,BALANCE,1,-7.332134662973553e-06
1.154,-0.035296173986983,0.0,-0.035281558121369745,-0.03562865257163469,0.09344850584056333,2.3969547639167796,BALANCE,1,-7.332134662973553e-06
1.156,-0.035296173986983,0.0,-0.035281558121369745,-0.03550716951404196,0.06074152879636391,5.302454064389991,BALANCE,1,-7.332134662973553e-06
1.158,-0.035296173986983,0.0,-0.0337475773334841,-0.03489131225084671,0.30792863159762385,5.040985797589151,BALANCE,1,-7.332134662973553e-06
1.16,-0.035296173986983,0.0,-0.035281558121369745,-0.03502789830552978,-0.06829302734153234,7.048455793340777,BALANCE,1,-7.332134662973553e-06
1.162,-0.035296173986983,0.0,-0.03681553890925539,-0.035653572516833744,-0.3128371056519835,4.023481778885437,BALANCE,1,-7.332134662973553e-06
1.164,-0.035296173986983,0.0,-0.03681553890925539,-0.03606026075418132,-0.2033441186737872,2.022457985220223,BALANCE,1,-7.332134662973553e-06
1.166,-0.035296173986983,0.0,-0.035281558121369745,-0.03578771483269727,0.1362729607420239,2.8667885346541033,BALANCE,1,-7.332134662973553e-06
1.168,-0.035296173986983,0.0,-0.035281558121369745,-0.03561055998373264,0.08857742448231676,5.592920382303095,BALANCE,1,-7.332134662973553e-06
1.17,-0.035296173986983,0.0,-0.035281558121369745,-0.03549540933190563,0.0575753259135052,5.21486327116657,BALANCE,1,-7.332134662973553e-06
1.172,-0.035296173986983,0.0,-0.035281558121369745,-0.03542056140821807,0.03742396184377994,4.966656439859317,BALANCE,1,-7.332134662973553e-06
1.174,-0.035296173986983,0.0,-0.0337475773334841,-0.03483501698206118,0.2927722130784439,4.802852290441125,BALANCE,1,-7.332134662973553e-06
1.176,-0.035296173986983,0.0,-0.03681553890925539,-0.03552819965657915,-0.3465913372589849,6.873803962491438,BALANCE,1,-7.332134662973553e-06
1.178,-0.035296173986983,0.0,-0.03681553890925539,-0.035978768395015834,-0.2252843692183426,1.710198959389614,BALANCE,1,-7.332134662973553e-06
1.18,-0.035296173986983,0.0,-0.03681553890925539,-0.036271638074999675,-0.1464348399919206,2.646424825729549,BALANCE,1,-7.332134662973553e-06
1.182,-0.035296173986983,0.0,-0.03681553890925539,-0.036462003366989175,-0.09518264599474996,3.252394551126894,BALANCE,1,-7.332134662973553e-06
1.184,-0.035296173986983,0.0,-0.035281558121369745,-0.036048847531022374,0.20657791798340056,3.6436977849114918,BALANCE,1,-7.332134662973553e-06
1.186,-0.035296173986983,0.0,-0.03681553890925539,-0.03631718951340393,-0.1341709911907782,6.0753618773885,BALANCE,1,-7.332134662973553e-06
1.188,-0.035296173986983,0.0,-0.03834951969714103,-0.037028505077711917,-0.35565778215399313,3.3260066471494953,BALANCE,1,-7.332134662973553e-06
1.19,-0.035296173986983,0.0,-0.03681553890925539,-0.036953966918752135,0.037269079479890915,1.5040276845697544,BALANCE,1,-7.332134662973553e-06
1.192,-0.035296173986983,0.0,-0.0337475773334841,-0.03583173056390832,0.5611181774219064,4.644524073794663,BALANCE,1,-7.332134662973553e-06
1.194,-0.035296173986983,0.0,-0.0337475773334841,-0.035102276933259846,0.3647268153242379,8.895484692508635,BALANCE,1,-7.332134662973553e-06
1.196,-0.035296173986983,0.0,-0.035281558121369745,-0.03516502534909831,-0.03137420791923112,7.361100558179542,BALANCE,1,-7.332134662973553e-06
1.198,-0.035296173986983,0.0,-0.035281558121369745,-0.035205811819393314,-0.02039323514750266,4.181494462211662,BALANCE,1,-7.332134662973553e-06
1.2,-0.035296173986983,0.0,-0.03681553890925539,-0.03576921630084504,-0.2817022407258646,4.2598538938039106,BALANCE,1,-7.332134662973553e-06
1.202,-0.035296173986983,0.0,-0.03681553890925539,-0.036135429213788664,-0.1831064564718106,2.1284237370297427,BALANCE,1,-7.332134662973553e-06
1.204,-0.035296173986983,0.0,-0.035281558121369745,-0.03583657433144204,0.14942744117331028,2.8879901504428,BALANCE,1,-7.332134662973553e-06
1.206,-0.035296173986983,0.0,-0.035281558121369745,-0.03564231865791674,0.09712783676265116,5.559025309678276,BALANCE,1,-7.332134662973553e-06
1.208,-0.035296173986983,0.0,-0.035281558121369745,-0.03551605247012529,0.06313309389572447,5.145155351072939,BALANCE,1,-7.332134662973553e-06
1.21,-0.035296173986983,0.0,-0.032213596545598466,-0.0343601928965409,0.5779297867921952,4.873670168910987,BALANCE,1,-7.332134662973553e-06
1.212,-0.035296173986983,0.0,-0.032213596545598466,-0.03360888417371105,0.3756543614149253,9.054523247918507,BALANCE,1,-7.332134662973553e-06
1.214,-0.035296173986983,0.0,-0.035281558121369745,-0.034194320055391594,-0.29271794084027164,7.474676591435397,BALANCE,1,-7.332134662973553e-06
1.216,-0.035296173986983,0.0,-0.035281558121369745,-0.03457485337848395,-0.1902666615461769,2.0857331564819104,BALANCE,1,-7.332134662973553e-06
1.218,-0.035296173986983,0.0,-0.035281558121369745,-0.034822200038493976,-0.12367333000501413,2.87559642077343,BALANCE,1,-7.332134662973553e-06
1.22,-0.035296173986983,0.0,-0.030679615757712823,-0.03337229554022057,0.7249522491367018,3.3865378334944323,BALANCE,1,-7.332134662973553e-06
1.222,-0.035296173986983,0.0,-0.0337475773334841,-0.033503644167862806,-0.0656743138211166,10.255862277416519,BALANCE,1,-7.332134662973553e-06
1.224,-0.035296173986983,0.0,-0.032213596545598466,-0.033052127500070284,0.22575833389626085,3.9162681272618656,BALANCE,1,-7.332134662973553e-06
1.226,-0.035296173986983,0.0,-0.035281558121369745,-0.03383242821752509,-0.3901503587274042,6.268209883568422,BALANCE,1,-7.332134662973553e-06
1.228,-0.035296173986983,0.0,-0.039883500485026674,-0.035950303511150646,-1.0589376468127762,1.2873558138883077,BALANCE,1,-7.332134662973553e-06
1.23,-0.035296173986983,0.0,-0.0337475773334841,-0.035179349348967354,0.3854770810916459,-4.197205069114433,BALANCE,1,-7.332134662973553e-06
1.232,-0.035296173986983,0.0,-0.03681553890925539,-0.03575201569506817,-0.28633317305040706,7.397334133982148,BALANCE,1,-7.332134662973553e-06
1.234,-0.035296173986983,0.0,-0.035281558121369745,-0.03558735554427372,0.08233007539722517,1.981341716940661,BALANCE,1,-7.332134662973553e-06
1.236,-0.035296173986983,0.0,-0.0337475773334841,-0.034943433170497355,0.3219611868881811,4.933409842460532,BALANCE,1,-7.332134662973553e-06
1.238,-0.035296173986983,0.0,-0.0337475773334841,-0.03452488362754272,0.2092747714773184,6.882105390180662,BALANCE,1,-7.332134662973553e-06
1.24,-0.035296173986983,0.0,-0.035281558121369745,-0.03478971970038218,-0.13241803641973054,5.998822062745531,BALANCE,1,-7.332134662973553e-06
1.242,-0.035296173986983,0.0,-0.03681553890925539,-0.0354987564234878,-0.3545183615528101,3.2424314912586945,BALANCE,1,-7.332134662973553e-06
1.244,-0.035296173986983,0.0,-0.03681553890925539,-0.035959630293506455,-0.23043693500932744,1.4159869355230228,BALANCE,1,-7.332134662973553e-06
1.246,-0.035296173986983,0.0,-0.0337475773334841,-0.03518541175749863,0.38710926800391077,2.3737939896110642,BALANCE,1,-7.332134662973553e-06
1.248,-0.035296173986983,0.0,-0.035281558121369745,-0.03521906298485352,-0.016825613677443757,7.35357964352594,BALANCE,1,-7.332134662973553e-06
1.25,-0.035296173986983,0.0,-0.035281558121369745,-0.0352409362826342,-0.01093664889034035,4.11303770383684,BALANCE,1,-7.332134662973553e-06
1.252,-0.035296173986983,0.0,-0.03681553890925539,-0.035792047201951616,-0.27555545965870715,4.151788837010299,BALANCE,1,-7.332134662973553e-06
1.254,-0.035296173986983,0.0,-0.035281558121369745,-0.035613376023747964,0.08933558910182576,1.9946132862639292,BALANCE,1,-7.332134662973553e-06
1.256,-0.035296173986983,0.0,-0.03681553890925539,-0.036034133033675565,-0.2103785049638006,4.917339271835662,BALANCE,1,-7.332134662973553e-06
1.258,-0.035296173986983,0.0,-0.0337475773334841,-0.03523383853860855,0.40014724753350756,2.487174272108259,BALANCE,1,-7.332134662973553e-06
1.26,-0.035296173986983,0.0,-0.035281558121369745,-0.03525054039257497,-0.008350926983209661,7.412351194083024,BALANCE,1,-7.332134662973553e-06
1.262,-0.035296173986983,0.0,-0.035281558121369745,-0.03526139659765314,-0.005428102539086627,4.136313578632786,BALANCE,1,-7.332134662973553e-06
1.264,-0.035296173986983,0.0,-0.035281558121369745,-0.035268453130953954,-0.003528266650405787,4.1519925225615495,BALANCE,1,-7.332134662973553e-06
1.266,-0.035296173986983,0.0,-0.0337475773334841,-0.034736146601839504,0.26615326455722493,4.159714127046756,BALANCE,1,-7.332134662973553e-06
1.268,-0.035296173986983,0.0,-0.035281558121369745,-0.03492704063367509,-0.09544701591779337,6.342157539134301,BALANCE,1,-7.332134662973553e-06
1.27,-0.035296173986983,0.0,-0.0337475773334841,-0.034514228478608244,0.20640607753342338,3.430916245297285,BALANCE,1,-7.332134662973553e-06
1.272,-0.035296173986983,0.0,-0.035281558121369745,-0.03478279385357477,-0.13428268748326422,5.863606876515307,BALANCE,1,-7.332134662973553e-06
1.274,-0.035296173986983,0.0,-0.03681553890925539,-0.035494254623062986,-0.3557303847441066,3.1150262751130997,BALANCE,1,-7.332134662973553e-06
1.276,-0.035296173986983,0.0,-0.035281558121369745,-0.035419810847470354,0.037221887796316105,1.2936581999324552,BALANCE,1,-7.332134662973553e-06
1.278,-0.035296173986983,0.0,-0.035281558121369745,-0.03537142239333514,0.02419422706760599,4.434659044621901,BALANCE,1,-7.332134662973553e-06
1.28,-0.035296173986983,0.0,-0.03681553890925539,-0.03587686317390723,-0.2527203902860445,4.3262667815616656,BALANCE,1,-7.332134662973553e-06
1.282,-0.035296173986983,0.0,-0.0337475773334841,-0.03513161312975913,0.37262502207404885,2.0734480232633548,BALANCE,1,-7.332134662973553e-06
1.284,-0.035296173986983,0.0,-0.035281558121369745,-0.03518409387682285,-0.026240373531858513,7.1139000021670356,BALANCE,1,-7.332134662973553e-06
1.286,-0.035296173986983,0.0,-0.0337475773334841,-0.034681313086654286,0.2513903950842819,3.9127911737205894,BALANCE,1,-7.332134662973553e-06
1.288,-0.035296173986983,0.0,-0.035281558121369745,-0.0348913988488047,-0.10504288107520549,6.157067907442496,BALANCE,1,-7.332134662973553e-06
1.29,-0.035296173986983,0.0,-0.03681553890925539,-0.03556484786996244,-0.3367245105788709,3.286018272667811,BALANCE,1,-7.332134662973553e-06
1.292,-0.035296173986983,0.0,-0.032213596545598466,-0.03439190990643505,0.5864689817636943,1.38504532579503,BALANCE,1,-7.332134662973553e-06
1.294,-0.035296173986983,0.0,-0.035281558121369745,-0.03470328678166219,-0.15568843761357143,8.834091160365908,BALANCE,1,-7.332134662973553e-06
1.296,-0.035296173986983,0.0,-0.03681553890925539,-0.03544257502631981,-0.3696441223288091,2.871208535477821,BALANCE,1,-7.332134662973553e-06
1.298,-0.035296173986983,0.0,-0.035281558121369745,-0.03538621910958729,0.028177958366262107,1.1081172480712,BALANCE,1,-7.332134662973553e-06
1.3,-0.035296173986983,0.0,-0.03681553890925539,-0.035886481039471126,-0.2501309649419192,4.286998004813802,BALANCE,1,-7.332134662973553e-06
1.302,-0.035296173986983,0.0,-0.035281558121369745,-0.03567475801813564,0.10586151066774296,2.0233336063474274,BALANCE,1,-7.332134662973553e-06
1.304,-0.035296173986983,0.0,-0.03681553890925539,-0.03607403133002755,-0.19963665594595684,4.8768418409012275,BALANCE,1,-7.332134662973553e-06
1.306,-0.035296173986983,0.0,-0.03681553890925539,-0.036333558982757294,-0.12976382636487038,2.4016853030121084,BALANCE,1,-7.332134662973553e-06
1.308,-0.035296173986983,0.0,-0.0337475773334841,-0.03542846540551168,0.4525467886228075,2.937829568700464,BALANCE,1,-7.332134662973553e-06
1.31,-0.035296173986983,0.0,-0.035281558121369745,-0.035377047856062,0.025708774724839123,7.643534410155521,BALANCE,1,-7.332134662973553e-06
1.312,-0.035296173986983,0.0,-0.03681553890925539,-0.035880519724679684,-0.25173593430884156,4.224839942367542,BALANCE,1,-7.332134662973553e-06
1.314,-0.035296173986983,0.0,-0.03681553890925539,-0.03620777643928118,-0.163628357300747,1.9678978540361003,BALANCE,1,-7.332134662973553e-06
1.316,-0.035296173986983,0.0,-0.03681553890925539,-0.03642049330377215,-0.10635843224548677,2.645881511936911,BALANCE,1,-7.332134662973553e-06
1.318,-0.035296173986983,0.0,-0.035281558121369745,-0.03602186598993131,0.1993136569204204,3.0839938018487807,BALANCE,1,-7.332134662973553e-06
1.32,-0.035296173986983,0.0,-0.035281558121369745,-0.03576275823593476,0.12955387699827361,5.546083780808502,BALANCE,1,-7.332134662973553e-06
1.322,-0.035296173986983,0.0,-0.032213596545598466,-0.03452055164431706,0.6211032958088509,4.9963994550239335,BALANCE,1,-7.332134662973553e-06
1.324,-0.035296173986983,0.0,-0.0337475773334841,-0.034250010635525525,0.13527050439576804,8.996423090676751,BALANCE,1,-7.332134662973553e-06
1.326,-0.035296173986983,0.0,-0.035281558121369745,-0.034611052255571005,-0.18052081002273984,5.119143217772475,BALANCE,1,-7.332134662973553e-06
1.328,-0.035296173986983,0.0,-0.035281558121369745,-0.03484572930860056,-0.11733852651477777,2.5642279947705684,BALANCE,1,-7.332134662973553e-06
1.33,-0.035296173986983,0.0,-0.03681553890925539,-0.03553516266882975,-0.34471668011459494,3.0486364937907715,BALANCE,1,-7.332134662973553e-06
1.332,-0.035296173986983,0.0,-0.035281558121369745,-0.03544640107721875,0.04438079580550147,1.1811382308447165,BALANCE,1,-7.332134662973553e-06
1.334,-0.035296173986983,0.0,-0.03681553890925539,-0.03592559931843157,-0.23959912060641034,4.292154453486704,BALANCE,1,-7.332134662973553e-06
1.336,-0.035296173986983,0.0,-0.035281558121369745,-0.03570018489945993,0.11270720948581767,1.9843781078549547,BALANCE,1,-7.332134662973553e-06
1.338,-0.035296173986983,0.0,-0.035281558121369745,-0.03555366552712837,0.07325968616578304,4.809213576751184,BALANCE,1,-7.332134662973553e-06
1.34,-0.035296173986983,0.0,-0.035281558121369745,-0.03545842793511285,0.04761879600775898,4.495313819425377,BALANCE,1,-7.332134662973553e-06
1.342,-0.035296173986983,0.0,-0.032213596545598466,-0.034322736948782816,0.5678454931650166,4.288809268095092,BALANCE,1,-7.332134662973553e-06
1.344,-0.035296173986983,0.0,-0.03681553890925539,-0.03519521763494821,-0.4362403430826986,8.5118997571432,BALANCE,1,-7.332134662973553e-06
1.346,-0.035296173986983,0.0,-0.03681553890925539,-0.03576233008095572,-0.2835562230037551,0.4198251824645638,BALANCE,1,-7.332134662973553e-06
1.348,-0.035296173986983,0.0,-0.032213596545598466,-0.03452027334358068,0.6210283686875206,1.6001189303194705,BALANCE,1,-7.332134662973553e-06
1.35,-0.035296173986983,0.0,-0.03681553890925539,-0.03532361629156683,-0.40167147399307324,8.904415013423462,BALANCE,1,-7.332134662973553e-06
1.352,-0.035296173986983,0.0,-0.035281558121369745,-0.03530889593199785,0.007360179784490772,0.6675509718412291,BALANCE,1,-7.332134662973553e-06
1.354,-0.035296173986983,0.0,-0.035281558121369745,-0.03529932769827801,0.004784116859918308,3.9336256444494806,BALANCE,1,-7.332134662973553e-06
1.356,-0.035296173986983,0.0,-0.03681553890925539,-0.03583000162212009,-0.2653369619210408,3.9065313695364363,BALANCE,1,-7.332134662973553e-06
1.358,-0.035296173986983,0.0,-0.039883500485026674,-0.0372487262241374,-0.7093623010086536,1.706556303533814,BALANCE,1,-7.332134662973553e-06
1.36,-0.035296173986983,0.0,-0.035281558121369745,-0.03656021738816872,0.34425441798434026,-1.938219630532954,BALANCE,1,-7.332134662973553e-06
1.362,-0.035296173986983,0.0,-0.035281558121369745,-0.03611268664478908,0.22376537168981858,6.524712608091484,BALANCE,1,-7.332134662973553e-06
1.364,-0.035296173986983,0.0,-0.03681553890925539,-0.03635868493735229,-0.12299914628160352,5.580429545009132,BALANCE,1,-7.332134662973553e-06
1.366,-0.035296173986983,0.0,-0.035281558121369745,-0.0359816905517584,0.18849719279694435,2.784281766696491,BALANCE,1,-7.332134662973553e-06
1.368,-0.035296173986983,0.0,-0.035281558121369745,-0.035736644201122374,0.12252317531801296,5.291675804350156,BALANCE,1,-7.332134662973553e-06
1.37,-0.035296173986983,0.0,-0.035281558121369745,-0.03557736407320895,0.07964006395671033,4.771439116716642,BALANCE,1,-7.332134662973553e-06
1.372,-0.035296173986983,0.0,-0.035281558121369745,-0.03547383199006523,0.05176604157186224,4.430815560686385,BALANCE,1,-7.332134662973553e-06
1.374,-0.035296173986983,0.0,-0.035281558121369745,-0.03540653613602181,0.03364792702171063,4.206940540198211,BALANCE,1,-7.332134662973553e-06
1.3760000000000001,-0.035296173986983,0.0,-0.03681553890925539,-0.03589968710665356,-0.24657548531587664,4.058952067812398,BALANCE,1,-7.332134662973553e-06
1.3780000000000001,-0.035296173986983,0.0,-0.035281558121369745,-0.03568334196180423,0.10817257242466682,1.7803957734524642,BALANCE,1,-7.332134662973553e-06
1.3800000000000001,-0.035296173986983,0.0,-0.035281558121369745,-0.03554271761765216,0.07031217207603344,4.624224275675411,BALANCE,1,-7.332134662973553e-06
1.3820000000000001,-0.035296173986983,0.0,-0.03681553890925539,-0.03598820506971329,-0.22274372603056647,4.322669990011937,BALANCE,1,-7.332134662973553e-06
1.3840000000000001,-0.035296173986983,0.0,-0.03681553890925539,-0.036277771913553025,-0.14478342191986612,1.944295917021528,BALANCE,1,-7.332134662973553e-06
1.3860000000000001,-0.035296173986983,0.0,-0.035281558121369745,-0.03592909708628888,0.17433741363207314,2.543348784894036,BALANCE,1,-7.332134662973553e-06
1.3880000000000001,-0.035296173986983,0.0,-0.03681553890925539,-0.03623935172432716,-0.15512731901913893,5.110050139528142,BALANCE,1,-7.332134662973553e-06
1.3900000000000001,-0.035296173986983,0.0,-0.032213596545598466,-0.03483033741177211,0.7045071562775223,2.448469129691283,BALANCE,1,-7.332134662973553e-06
1.3920000000000001,-0.035296173986983,0.0,-0.0337475773334841,-0.03445137138437131,0.18948301370040263,9.403119723335521,BALANCE,1,-7.332134662973553e-06
1.3940000000000001,-0.035296173986983,0.0,-0.03681553890925539,-0.035278830018080735,-0.41372931685471415,5.298774270085738,BALANCE,1,-7.332134662973553e-06
1.3960000000000001,-0.035296173986983,0.0,-0.03681553890925539,-0.03581667812999186,-0.26892405595556335,0.41637234161862136,BALANCE,1,-7.332134662973553e-06
1.3980000000000001,-0.035296173986983,0.0,-0.035281558121369745,-0.035629386126974125,0.09364600150886873,1.535380206471162,BALANCE,1,-7.332134662973553e-06
1.4000000000000001,-0.035296173986983,0.0,-0.03681553890925539,-0.036044539600772564,-0.2075767368992197,4.440052309142288,BALANCE,1,-7.332134662973553e-06
1.4020000000000001,-0.035296173986983,0.0,-0.03681553890925539,-0.03631438935874155,-0.13492487898449437,1.9981522855295202,BALANCE,1,-7.332134662973553e-06
1.4040000000000001,-0.035296173986983,0.0,-0.035281558121369745,-0.03595289842566142,0.1807454665400665,2.555913285497435,BALANCE,1,-7.332134662973553e-06
1.4060000000000001,-0.035296173986983,0.0,-0.0337475773334841,-0.03518103604339936,0.3859311911310302,5.095774925993597,BALANCE,1,-7.332134662973553e-06
1.408,-0.035296173986983,0.0,-0.035281558121369745,-0.03521621877068899,-0.017591363644816477,6.776536258448351,BALANCE,1,-7.332134662973553e-06
1.41,-0.035296173986983,0.0,-0.035281558121369745,-0.03523908754342726,-0.011434386369132271,3.5392016128500607,BALANCE,1,-7.332134662973553e-06
1.412,-0.035296173986983,0.0,-0.035281558121369745,-0.035253952245707126,-0.007432351139934762,3.5800374871825538,BALANCE,1,-7.332134662973553e-06
1.414,-0.035296173986983,0.0,-0.03681553890925539,-0.03580050757794902,-0.27327766612094545,3.6041110964301994,BALANCE,1,-7.332134662973553e-06
1.416,-0.035296173986983,0.0,-0.035281558121369745,-0.03561887526814627,0.09081615490137349,1.4373951551320117,BALANCE,1,-7.332134662973553e-06
1.418,-0.035296173986983,0.0,-0.03681553890925539,-0.036037707542534464,-0.20941613719409682,4.353919886845098,BALANCE,1,-7.332134662973553e-06
1.42,-0.035296173986983,0.0,-0.035281558121369745,-0.03577305524512681,0.1323261487038256,1.9197240721095374,BALANCE,1,-7.332134662973553e-06
1.422,-0.035296173986983,0.0,-0.035281558121369745,-0.03560103125181184,0.08601199665748613,4.662386886088351,BALANCE,1,-7.332134662973553e-06
1.424,-0.035296173986983,0.0,-0.03681553890925539,-0.03602610893191708,-0.21253884005261944,4.29507490306617,BALANCE,1,-7.332134662973553e-06
1.426,-0.035296173986983,0.0,-0.0337475773334841,-0.03522862287246554,0.39874302972577047,1.8739583267926276,BALANCE,1,-7.332134662973553e-06
1.428,-0.035296173986983,0.0,-0.0337475773334841,-0.034710256933822035,0.2591829693217515,6.805016724012346,BALANCE,1,-7.332134662973553e-06
1.43,-0.035296173986983,0.0,-0.03681553890925539,-0.035447105625223706,-0.36842434570083515,5.71269614571204,BALANCE,1,-7.332134662973553e-06
1.432,-0.035296173986983,0.0,-0.0337475773334841,-0.034852270723114843,0.2974174510544311,0.6405372829222014,BALANCE,1,-7.332134662973553e-06
1.434,-0.035296173986983,0.0,-0.0337475773334841,-0.034465628036744085,0.1933213431853792,5.99599129694624,BALANCE,1,-7.332134662973553e-06
1.436,-0.035296173986983,0.0,-0.03681553890925539,-0.03528809684212304,-0.41123440268947886,5.179527869568721,BALANCE,1,-7.332134662973553e-06
1.438,-0.035296173986983,0.0,-0.0337475773334841,-0.034748915014099414,0.26959091401181423,0.2866761548786956,BALANCE,1,-7.332134662973553e-06
1.44,-0.035296173986983,0.0,-0.035281558121369745,-0.03493534010164403,-0.0932125437723072,5.758679815167637,BALANCE,1,-7.332134662973553e-06
1.442,-0.035296173986983,0.0,-0.032213596545598466,-0.033982729857028084,0.47630512230797256,2.83807957962166,BALANCE,1,-7.332134662973553e-06
1.444,-0.035296173986983,0.0,-0.03681553890925539,-0.03497421302530764,-0.49574158413977915,7.4445809769694495,BALANCE,1,-7.332134662973553e-06
1.446,-0.035296173986983,0.0,-0.0337475773334841,-0.034544890533169406,0.21466124606911788,-0.39827650731439945,BALANCE,1,-7.332134662973553e-06
1.448,-0.035296173986983,0.0,-0.035281558121369745,-0.03480272418903953,-0.12891682793506054,5.303796505778438,BALANCE,1,-7.332134662973553e-06
1.45,-0.035296173986983,0.0,-0.035281558121369745,-0.034970316065355105,-0.08379593815778866,2.532741349554995,BALANCE,1,-7.332134662973553e-06
1.452,-0.035296173986983,0.0,-0.039883500485026674,-0.03668993061224016,-0.8598072734425262,2.8766588919811635,BALANCE,1,-7.332134662973553e-06
1.454,-0.035296173986983,0.0,-0.0337475773334841,-0.03566010696467554,0.5149118237823096,-3.441946649232287,BALANCE,1,-7.332134662973553e-06
1.456,-0.035296173986983,0.0,-0.035281558121369745,-0.03552761486951851,0.06624604757851302,7.61046352602734,BALANCE,1,-7.332134662973553e-06
1.458,-0.035296173986983,0.0,-0.035281558121369745,-0.03544149500766644,0.04305993092603572,4.021981319132486,BALANCE,1,-7.332134662973553e-06
1.46,-0.035296173986983,0.0,-0.035281558121369745,-0.0353855170974626,0.027988955101920787,3.8345712786222585,BALANCE,1,-7.332134662973553e-06
1.462,-0.035296173986983,0.0,-0.03681553890925539,-0.035886024731590076,-0.25025381706373845,3.7102850432220773,BALANCE,1,-7.332134662973553e-06
1.464,-0.035296173986983,0.0,-0.03681553890925539,-0.036211354693772936,-0.16266498109143018,1.4471352029028361,BALANCE,1,-7.332134662973553e-06
1.466,-0.035296173986983,0.0,-0.03681553890925539,-0.036422819169191795,-0.10573223770942927,2.121083822011577,BALANCE,1,-7.332134662973553e-06
1.468,-0.035296173986983,0.0,-0.03681553890925539,-0.03656027107821405,-0.0687259545111285,2.556573336708614,BALANCE,1,-7.332134662973553e-06
1.47,-0.035296173986983,0.0,-0.03681553890925539,-0.03664961481907852,-0.044671870432232835,2.8370644335380426,BALANCE,1,-7.332134662973553e-06
1.472,-0.035296173986983,0.0,-0.0337475773334841,-0.03563390169912047,0.5078565599790225,3.016806558753524,BALANCE,1,-7.332134662973553e-06
1.474,-0.035296173986983,0.0,-0.035281558121369745,-0.03551058144690772,0.06166012610637692,7.490850008901225,BALANCE,1,-7.332134662973553e-06
1.476,-0.035296173986983,0.0,-0.035281558121369745,-0.03543042328296943,0.04007908196914517,3.9215756367634445,BALANCE,1,-7.332134662973553e-06
1.478,-0.035296173986983,0.0,-0.03681553890925539,-0.035915213752169516,-0.24239523460004367,3.746650688845294,BALANCE,1,-7.332134662973553e-06
1.48,-0.035296173986983,0.0,-0.0337475773334841,-0.03515654100562962,0.3793363732699471,1.4505856853893446,BALANCE,1,-7.332134662973553e-06
1.482,-0.035296173986983,0.0,-0.035281558121369745,-0.035200296996138664,-0.021877995254521165,6.462927604940537,BALANCE,1,-7.332134662973553e-06
1.484,-0.035296173986983,0.0,-0.035281558121369745,-0.035228738389969545,-0.01422069691544084,3.2435472379150214,BALANCE,1,-7.332134662973553e-06
1.486,-0.035296173986983,0.0,-0.03681553890925539,-0.03578411857171959,-0.27769009087502333,3.2960533933198173,BALANCE,1,-7.332134662973553e-06
1.488,-0.035296173986983,0.0,-0.0337475773334841,-0.03507132913833717,0.3563947166912093,1.1478186070238108,BALANCE,1,-7.332134662973553e-06
1.49,-0.035296173986983,0.0,-0.03834951969714103,-0.03621869583391853,-0.5736833477906766,6.25625016772895,BALANCE,1,-7.332134662973553e-06
1.492,-0.035296173986983,0.0,-0.03681553890925539,-0.036427590910286425,-0.10444753818394936,-1.260460089027803,BALANCE,1,-7.332134662973553e-06
1.494,-0.035296173986983,0.0,-0.03681553890925539,-0.03656337270992556,-0.06789089981956709,2.4736071650618836,BALANCE,1,-7.332134662973553e-06
1.496,-0.035296173986983,0.0,-0.0337475773334841,-0.03557784432817105,0.49276419087725465,2.750600689456609,BALANCE,1,-7.332134662973553e-06
1.498,-0.035296173986983,0.0,-0.0337475773334841,-0.03493725088003062,0.32029672407021464,7.287857549070819,BALANCE,1,-7.332134662973553e-06
1.5,-0.035296173986983,0.0,-0.03681553890925539,-0.03559465169025929,-0.3287004051143356,5.939565971326918,BALANCE,1,-7.332134662973553e-06
1.502,-0.035296173986983,0.0,-0.0337475773334841,-0.03494817566538798,0.32323801243565664,0.701025958898744,BALANCE,1,-7.332134662973553e-06
1.504,-0.035296173986983,0.0,-0.035281558121369745,-0.0350648595249816,-0.05834192979680894,5.948332225657883,BALANCE,1,-7.332134662973553e-06
1.506,-0.035296173986983,0.0,-0.03681553890925539,-0.03567759730947742,-0.30636889224791225,2.8816786843175457,BALANCE,1,-7.332134662973553e-06
1.508,-0.035296173986983,0.0,-0.035281558121369745,-0.03553898359363974,0.06930685791884175,0.8535631981770733,BALANCE,1,-7.332134662973553e-06
1.51,-0.035296173986983,0.0,-0.035281558121369745,-0.03544888467834524,0.04504945764724835,3.860178225742639,BALANCE,1,-7.332134662973553e-06
1.512,-0.035296173986983,0.0,-0.03681553890925539,-0.03592721365916379,-0.23916449040927573,3.6644351815518936,BALANCE,1,-7.332134662973553e-06
1.514,-0.035296173986983,0.0,-0.03834951969714103,-0.03677502077245583,-0.42390355664601725,1.3548384155187536,BALANCE,1,-7.332134662973553e-06
1.516,-0.035296173986983,0.0,-0.035281558121369745,-0.0362523088445757,0.2613559639400645,-0.18129754532719122,BALANCE,1,-7.332134662973553e-06
1.518,-0.035296173986983,0.0,-0.035281558121369745,-0.03591254609145361,0.16988137656104296,5.324890873265355,BALANCE,1,-7.332134662973553e-06
1.52,-0.035296173986983,0.0,-0.03681553890925539,-0.03622859357768424,-0.15802374311531253,4.6062974302022175,BALANCE,1,-7.332134662973553e-06
1.522,-0.035296173986983,0.0,-0.0337475773334841,-0.03536023789221419,0.43417784273502497,1.9568479049020002,BALANCE,1,-7.332134662973553e-06
1.524,-0.035296173986983,0.0,-0.035281558121369745,-0.035332699972418634,0.013768959897776656,6.73948988525446,BALANCE,1,-7.332134662973553e-06
1.526,-0.035296173986983,0.0,-0.032213596545598466,-0.03424101377303158,0.5458430996935284,3.3708045577497225,BALANCE,1,-7.332134662973553e-06
1.528,-0.035296173986983,0.0,-0.03681553890925539,-0.035142097570709914,-0.4505418988391685,7.686050645324354,BALANCE,1,-7.332134662973553e-06
1.53,-0.035296173986983,0.0,-0.035281558121369745,-0.03519090876344085,-0.024405596365469073,-0.34612279031206405,BALANCE,1,-7.332134662973553e-06
1.532,-0.035296173986983,0.0,-0.035281558121369745,-0.03522263603871596,-0.015863637637555245,3.0530007761609874,BALANCE,1,-7.332134662973553e-06
1.534,-0.035296173986983,0.0,-0.035281558121369745,-0.03524325876764479,-0.01031136446441247,3.1123882822600475,BALANCE,1,-7.332134662973553e-06
1.536,-0.035296173986983,0.0,-0.035281558121369745,-0.035256663541448525,-0.006702386901868973,3.148520452155932,BALANCE,1,-7.332134662973553e-06
1.538,-0.035296173986983,0.0,-0.032213596545598466,-0.03419159009290101,0.5325367242737591,3.169536653519766,BALANCE,1,-7.332134662973553e-06
1.54,-0.035296173986983,0.0,-0.035281558121369745,-0.03457307890286507,-0.19074440498203019,7.540515631819061,BALANCE,1,-7.332134662973553e-06
1.542,-0.035296173986983,0.0,-0.03681553890925539,-0.03535793990510168,-0.39243050111830574,1.7244626533943306,BALANCE,1,-7.332134662973553e-06
1.544,-0.035296173986983,0.0,-0.035281558121369745,-0.0353312062807955,0.013366812153088603,0.056810636188909136,BALANCE,1,-7.332134662973553e-06
1.546,-0.035296173986983,0.0,-0.035281558121369745,-0.03531382942499649,0.008688427899507245,3.2977269185622755,BALANCE,1,-7.332134662973553e-06
1.548,-0.035296173986983,0.0,-0.03834951969714103,-0.03637632102024708,-0.5312457976252953,3.254279689996566,BALANCE,1,-7.332134662973553e-06
1.55,-0.035296173986983,0.0,-0.03681553890925539,-0.03653004728139999,-0.07686313057645583,-1.1362188741209387,BALANCE,1,-7.332134662973553e-06
1.552,-0.035296173986983,0.0,-0.035281558121369745,-0.036093076075389405,0.21848560300529243,2.4823128771443224,BALANCE,1,-7.332134662973553e-06
1.554,-0.035296173986983,0.0,-0.03681553890925539,-0.0363459380672425,-0.12643099592654639,4.864102402943865,BALANCE,1,-7.332134662973553e-06
1.556,-0.035296173986983,0.0,-0.035281558121369745,-0.03597340508618704,0.18626649052773045,2.0823287043645204,BALANCE,1,-7.332134662973553e-06
1.558,-0.035296173986983,0.0,-0.03681553890925539,-0.03626815192426096,-0.14737341903696063,4.599065893844825,BALANCE,1,-7.332134662973553e-06
1.56,-0.035296173986983,0.0,-0.03681553890925539,-0.03645973736900901,-0.09579272237402597,1.9050081766580087,BALANCE,1,-7.332134662973553e-06
1.562,-0.035296173986983,0.0,-0.0337475773334841,-0.035510481356575294,0.47462800621685813,2.298866675802802,BALANCE,1,-7.332134662973553e-06
1.564,-0.035296173986983,0.0,-0.0337475773334841,-0.03489346494849338,0.30850820404095675,6.912085769004583,BALANCE,1,-7.332134662973553e-06
1.566,-0.035296173986983,0.0,-0.0337475773334841,-0.03449240428324013,0.200530332626625,5.613169643092586,BALANCE,1,-7.332134662973553e-06
1.568,-0.035296173986983,0.0,-0.03681553890925539,-0.03530550140234547,-0.40654855955267116,4.766511830836481,BALANCE,1,-7.332134662973553e-06
1.57,-0.035296173986983,0.0,-0.0337475773334841,-0.03476022797824399,0.27263671205074097,-0.14596623402467923,BALANCE,1,-7.332134662973553e-06
1.572,-0.035296173986983,0.0,-0.03834951969714103,-0.03601648007985796,-0.6281260508069832,5.3132802986530585,BALANCE,1,-7.332134662973553e-06
1.574,-0.035296173986983,0.0,-0.0337475773334841,-0.03522236411862711,0.3970579806154249,-1.975400226321545,BALANCE,1,-7.332134662973553e-06
1.576,-0.035296173986983,0.0,-0.0337475773334841,-0.034706188743827054,0.25808768740002636,6.266674509907847,BALANCE,1,-7.332134662973553e-06
1.578,-0.035296173986983,0.0,-0.03681553890925539,-0.03544446130172697,-0.36913627894995943,5.178941448923895,BALANCE,1,-7.332134662973553e-06
1.58,-0.035296173986983,0.0,-0.035281558121369745,-0.03538744518860194,0.028508056562515094,0.10976447238966802,BALANCE,1,-7.332134662973553e-06
1.582,-0.035296173986983,0.0,-0.03681553890925539,-0.03588727799083065,-0.24991640111435287,3.2872626342392457,BALANCE,1,-7.332134662973553e-06
1.584,-0.035296173986983,0.0,-0.03681553890925539,-0.03621216931227931,-0.16244566072433006,1.0226995490924145,BALANCE,1,-7.332134662973553e-06
1.586,-0.035296173986983,0.0,-0.0337475773334841,-0.035349562119700986,0.4313035962891613,1.6957295590632206,BALANCE,1,-7.332134662973553e-06
1.588,-0.035296173986983,0.0,-0.0337475773334841,-0.03478886744452508,0.2803473375879543,6.490410134301911,BALANCE,1,-7.332134662973553e-06
1.59,-0.035296173986983,0.0,-0.035281558121369745,-0.03496130918142071,-0.0862208684478151,5.309443971713904,BALANCE,1,-7.332134662973553e-06
1.592,-0.035296173986983,0.0,-0.035281558121369745,-0.03507339631040287,-0.05604356449108103,2.359559557377727,BALANCE,1,-7.332134662973553e-06
1.594,-0.035296173986983,0.0,-0.0337475773334841,-0.034609359668481304,0.23201832096078276,2.5872380820305896,BALANCE,1,-7.332134662973553e-06
1.596,-0.035296173986983,0.0,-0.0337475773334841,-0.034307735851232285,0.15081190862450966,4.912653492227098,BALANCE,1,-7.332134662973553e-06
1.598,-0.035296173986983,0.0,-0.03834951969714103,-0.035722360197300344,-0.7073121730340297,4.274238075401607,BALANCE,1,-7.332134662973553e-06
1.6,-0.035296173986983,0.0,-0.0337475773334841,-0.03503118619496466,0.34558700116784147,-2.6827765106702515,BALANCE,1,-7.332134662973553e-06
1.602,-0.035296173986983,0.0,-0.035281558121369745,-0.03511881636920644,-0.043815087120889495,5.774881085845866,BALANCE,1,-7.332134662973553e-06
1.604,-0.035296173986983,0.0,-0.030679615757712823,-0.033565096155183674,0.7768601070113831,2.6473828058076703,BALANCE,1,-7.332134662973553e-06
1.606,-0.035296173986983,0.0,-0.03681553890925539,-0.034702751119108775,-0.5688274819625506,9.29929455247618,BALANCE,1,-7.332134662973553e-06
1.608,-0.035296173986983,0.0,-0.035281558121369745,-0.03490533356990012,-0.10129122539567076,-1.5414060073746167,BALANCE,1,-7.332134662973553e-06
1.61,-0.035296173986983,0.0,-0.03681553890925539,-0.03557390543867446,-0.3342859343871719,2.1797480313989617,BALANCE,1,-7.332134662973553e-06
1.612,-0.035296173986983,0.0,-0.03681553890925539,-0.03600847715337779,-0.21728585735166298,0.2685612662527568,BALANCE,1,-7.332134662973553e-06
1.614,-0.035296173986983,0.0,-0.035281558121369745,-0.035754055492174974,0.12721083060140623,1.1712858842239529,BALANCE,1,-7.332134662973553e-06
1.616,-0.035296173986983,0.0,-0.035281558121369745,-0.035588681412393144,0.08268703989091492,3.935373876422241,BALANCE,1,-7.332134662973553e-06
1.618,-0.035296173986983,0.0,-0.03681553890925539,-0.03601808153629493,-0.21470006195089403,3.5819882592427406,BALANCE,1,-7.332134662973553e-06
1.62,-0.035296173986983,0.0,-0.03681553890925539,-0.03629719161683109,-0.13955504026808008,1.1699238207669027,BALANCE,1,-7.332134662973553e-06
1.622,-0.035296173986983,0.0,-0.032213596545598466,-0.03486793334189967,0.7146291374657103,1.7470779510738792,BALANCE,1,-7.332134662973553e-06
1.624,-0.035296173986983,0.0,-0.03681553890925539,-0.035549595290474176,-0.34083097428725184,8.659333282771707,BALANCE,1,-7.332134662973553e-06
1.6260000000000001,-0.035296173986983,0.0,-0.03681553890925539,-0.0359926755570476,-0.22154013328671077,0.16764275277544538,BALANCE,1,-7.332134662973553e-06
1.6280000000000001,-0.035296173986983,0.0,-0.03834951969714103,-0.036817571006080296,-0.4124477245163495,1.088186129673959,BALANCE,1,-7.332134662973553e-06
1.6300000000000001,-0.035296173986983,0.0,-0.0337475773334841,-0.03574307322067163,0.5372488927043346,-0.4959318413063283,BALANCE,1,-7.332134662973553e-06
1.6320000000000001,-0.035296173986983,0.0,-0.035281558121369745,-0.03558154293591597,0.08076514237782828,7.15896234893953,BALANCE,1,-7.332134662973553e-06
1.6340000000000001,-0.035296173986983,0.0,-0.03681553890925539,-0.03601344152658477,-0.2159492953343993,3.5096678548256364,BALANCE,1,-7.332134662973553e-06
1.6360000000000001,-0.035296173986983,0.0,-0.0337475773334841,-0.03522038905899953,0.3965262337926184,1.102835749382371,BALANCE,1,-7.332134662973553e-06
1.6380000000000001,-0.035296173986983,0.0,-0.0337475773334841,-0.03470490495506913,0.2577420519652013,6.043179052641826,BALANCE,1,-7.332134662973553e-06
1.6400000000000001,-0.035296173986983,0.0,-0.032213596545598466,-0.0338329470117544,0.4359789716573657,4.9568936632673,BALANCE,1,-7.332134662973553e-06
1.6420000000000001,-0.035296173986983,0.0,-0.035281558121369745,-0.03433996090011977,-0.25350694418268743,6.428339908001148,BALANCE,1,-7.332134662973553e-06
1.6440000000000001,-0.035296173986983,0.0,-0.0337475773334841,-0.03413262665179729,0.10366712416124205,0.875163755798777,BALANCE,1,-7.332134662973553e-06
1.6460000000000001,-0.035296173986983,0.0,-0.0337475773334841,-0.03399785939038767,0.06738363070480854,3.738169832119202,BALANCE,1,-7.332134662973553e-06
1.6480000000000001,-0.035296173986983,0.0,-0.035281558121369745,-0.0344471539462314,-0.22464727792186404,3.449188348274234,BALANCE,1,-7.332134662973553e-06
1.6500000000000001,-0.035296173986983,0.0,-0.03681553890925539,-0.0352760886832898,-0.4144673685291984,1.0790939751209834,BALANCE,1,-7.332134662973553e-06
1.6520000000000001,-0.035296173986983,0.0,-0.03681553890925539,-0.03581489626237776,-0.2694037895439802,-0.4962580516978541,BALANCE,1,-7.332134662973553e-06
1.6540000000000001,-0.035296173986983,0.0,-0.0337475773334841,-0.03509133463726498,0.3617808125563893,0.6247591461861388,BALANCE,1,-7.332134662973553e-06
1.6560000000000001,-0.035296173986983,0.0,-0.03681553890925539,-0.03569480613246162,-0.30173574759832095,5.710631393568408,BALANCE,1,-7.332134662973553e-06
1.6580000000000001,-0.035296173986983,0.0,-0.0337475773334841,-0.03501327605281949,0.3407650398210664,0.3591516613924357,BALANCE,1,-7.332134662973553e-06
1.6600000000000001,-0.035296173986983,0.0,-0.032213596545598466,-0.03403338822529213,0.4899439137636789,5.533047110315498,BALANCE,1,-7.332134662973553e-06
1.6620000000000001,-0.035296173986983,0.0,-0.032213596545598466,-0.033396461137399344,0.31846354394639287,6.778464693862983,BALANCE,1,-7.332134662973553e-06
1.6640000000000001,-0.035296173986983,0.0,-0.0337475773334841,-0.03351935180602901,-0.06144533431483301,5.438158068370781,BALANCE,1,-7.332134662973553e-06
1.666,-0.035296173986983,0.0,-0.0337475773334841,-0.033599230740638295,-0.03993946730464215,2.3848097318019885,BALANCE,1,-7.332134662973553e-06
1.668,-0.035296173986983,0.0,-0.0337475773334841,-0.03365115204813433,-0.02596065374801601,2.5453440856588303,BALANCE,1,-7.332134662973553e-06
1.67,-0.035296173986983,0.0,-0.0337475773334841,-0.03368490089800675,-0.016874424936211274,2.6473290852524505,BALANCE,1,-7.332134662973553e-06
1.672,-0.035296173986983,0.0,-0.035281558121369745,-0.034243730926183796,-0.2794150140885236,2.711257004574942,BALANCE,1,-7.332134662973553e-06
1.674,-0.035296173986983,0.0,-0.035281558121369745,-0.034606970444498876,-0.18161975915753983,0.5705537434805841,BALANCE,1,-7.332134662973553e-06
1.676,-0.035296173986983,0.0,-0.03681553890925539,-0.035379969407163654,-0.3864994813323891,1.3242000177406492,BALANCE,1,-7.332134662973553e-06
1.678,-0.035296173986983,0.0,-0.03681553890925539,-0.035882418732895764,-0.251224662866055,-0.3682936912994643,BALANCE,1,-7.332134662973553e-06
1.68,-0.035296173986983,0.0,-0.0337475773334841,-0.035135224243101684,0.37359724489703994,0.6765814131407017,BALANCE,1,-7.332134662973553e-06
1.682,-0.035296173986983,0.0,-0.03681553890925539,-0.03572333437625548,-0.29405506657689817,5.712961299784487,BALANCE,1,-7.332134662973553e-06
1.684,-0.035296173986983,0.0,-0.035281558121369745,-0.03556871268704547,0.07731084460500456,0.3293115331285028,BALANCE,1,-7.332134662973553e-06
1.686,-0.035296173986983,0.0,-0.03681553890925539,-0.03600510186481894,-0.21819458888673593,3.302402381398916,BALANCE,1,-7.332134662973553e-06
1.688,-0.035296173986983,0.0,-0.0337475773334841,-0.035214968278851747,0.39506679298359837,0.904974542425621,BALANCE,1,-7.332134662973553e-06
1.69,-0.035296173986983,0.0,-0.0337475773334841,-0.03470138144797307,0.25679341543933737,5.851430618890557,BALANCE,1,-7.332134662973553e-06
1.692,-0.035296173986983,0.0,-0.035281558121369745,-0.03490444328366191,-0.1015309178444175,4.769118532099594,BALANCE,1,-7.332134662973553e-06
1.694,-0.035296173986983,0.0,-0.035281558121369745,-0.03503643347685965,-0.06599509659887051,1.8833592670314934,BALANCE,1,-7.332134662973553e-06
1.696,-0.035296173986983,0.0,-0.035281558121369745,-0.03512222710243818,-0.04289681278926705,2.1527191387086333,BALANCE,1,-7.332134662973553e-06
1.698,-0.035296173986983,0.0,-0.035281558121369745,-0.03517799295906423,-0.02788292831302358,2.32533334623026,BALANCE,1,-7.332134662973553e-06
1.7,-0.035296173986983,0.0,-0.035281558121369745,-0.03521424076587116,-0.01812390340346498,2.4350628720508323,BALANCE,1,-7.332134662973553e-06
1.702,-0.035296173986983,0.0,-0.035281558121369745,-0.035237801840295666,-0.011780537212253278,2.503917354765712,BALANCE,1,-7.332134662973553e-06
1.704,-0.035296173986983,0.0,-0.035281558121369745,-0.035253116538671594,-0.007657349187964457,2.5462030594618756,BALANCE,1,-7.332134662973553e-06
1.706,-0.035296173986983,0.0,-0.035281558121369745,-0.03526307109261595,-0.004977276972177591,2.5712190584458963,BALANCE,1,-7.332134662973553e-06
1.708,-0.035296173986983,0.0,-0.035281558121369745,-0.03526954155267978,-0.0032352300319143934,2.585009748717007,BALANCE,1,-7.332134662973553e-06
1.71,-0.035296173986983,0.0,-0.03834951969714103,-0.03634753390324122,-0.5389961752807204,2.591503988324747,BALANCE,1,-7.332134662973553e-06
1.712,-0.035296173986983,0.0,-0.032213596545598466,-0.03490065582806626,0.7234390375874811,-1.7665326214800352,BALANCE,1,-7.332134662973553e-06
1.714,-0.035296173986983,0.0,-0.0337475773334841,-0.034497078354962504,0.2017887365518764,8.412781634810461,BALANCE,1,-7.332134662973553e-06
1.716,-0.035296173986983,0.0,-0.0337475773334841,-0.034234752997445064,0.13116267875872,4.256894459240856,BALANCE,1,-7.332134662973553e-06
1.718,-0.035296173986983,0.0,-0.035281558121369745,-0.0346011347908187,-0.1831908966868183,3.7007785677471614,BALANCE,1,-7.332134662973553e-06
1.72,-0.035296173986983,0.0,-0.03681553890925539,-0.035376176232271545,-0.3875207207264218,1.1570468296222733,BALANCE,1,-7.332134662973553e-06
1.722,-0.035296173986983,0.0,-0.035281558121369745,-0.035343059893455916,0.016558169407814016,-0.5311694844281805,BALANCE,1,-7.332134662973553e-06
1.724,-0.035296173986983,0.0,-0.035281558121369745,-0.035321534273225756,0.010762810115080151,2.696380004995953,BALANCE,1,-7.332134662973553e-06
1.726,-0.035296173986983,0.0,-0.0337475773334841,-0.03477064934431618,0.27544246445478787,2.6442443610132473,BALANCE,1,-7.332134662973553e-06
1.728,-0.035296173986983,0.0,-0.035281558121369745,-0.03494946741628493,-0.08940903598437383,4.78778056159662,BALANCE,1,-7.332134662973553e-06
1.73,-0.035296173986983,0.0,-0.03681553890925539,-0.03560259243882459,-0.326562511269831,1.8512495802819444,BALANCE,1,-7.332134662973553e-06
1.732,-0.035296173986983,0.0,-0.03681553890925539,-0.03602712370347537,-0.21226563232538964,-0.0922862418418573,BALANCE,1,-7.332134662973553e-06
1.734,-0.035296173986983,0.0,-0.032213596545598466,-0.03469238919821845,0.6673672526284584,0.7894114890939314,BALANCE,1,-7.332134662973553e-06
1.736,-0.035296173986983,0.0,-0.0337475773334841,-0.03436170504556143,0.16534207632851183,7.899620161200488,BALANCE,1,-7.332134662973553e-06
1.738,-0.035296173986983,0.0,-0.11178291415739453,-0.06145912823470301,-13.54871159457079,3.8963874589512244,BALANCE,1,-7.332134662973553e-06
1.74,-0.03521961483934885,0.07656055494290992,-0.035281558121369745,-0.05229697869503636,4.5810747698333225,-100.0,BALANCE,1,-6.675136269941715e-06
1.742,-0.03508565480098783,0.057401945981526634,-0.03681553890925539,-0.04687847477001302,2.7092519625116704,38.123381366635265,BALANCE,1,-6.893476521017036e-06
1.744,-0.03501767545337879,0.01057865130920689,-0.035281558121369745,-0.04281955394298787,2.029460413512575,23.464533448609448,BALANCE,1,-7.204960126023243e-06
1.746,-0.03506077613651579,-0.05368012671391184,-0.032213596545598466,-0.03910746885390158,1.8560425445431454,18.261172395449595,BALANCE,1,-6.927305599291838e-06
1.748,-0.035155096522168236,-0.04064199281572928,-0.039883500485026674,-0.03937907992479536,-0.13580553544689095,17.088733055268555,BALANCE,1,-7.097456328337927e-06
1.75,-0.035220485324229354,-0.02474801127897305,-0.03681553890925539,-0.03848184056935637,0.4486196777194959,1.129775935109679,BALANCE,1,-7.235396255269719e-06
1.752,-0.03525633616389535,-0.011103487430356664,-0.035281558121369745,-0.03736174171256105,0.560049428397661,5.8513156336532415,BALANCE,1,-7.3024438989497335e-06
1.754,-0.03526887955712199,-0.0014401363836636146,-0.039883500485026674,-0.03824435728292402,-0.4413077851814842,6.80248722214377,BALANCE,1,-7.320579159331297e-06
1.756,-0.03528917560941098,-0.01885628898863209,-0.035281558121369745,-0.03720737757638002,0.5184898532719986,-1.268976292167756,BALANCE,1,-7.291301322020842e-06
1.758,-0.03531352886873742,-0.005497418023746828,-0.039883500485026674,-0.038144020594406344,-0.46832150901316216,6.464182122337471,BALANCE,1,-7.336122366857142e-06
1.76,-0.03531504087076014,0.003985388200061215,-0.032213596545598466,-0.03606837217732359,1.0378242085413782,-1.4941361611442758,BALANCE,1,-7.33828022249185e-06
1.762,-0.03537360796798864,-0.06255356199913115,-0.0337475773334841,-0.035256093981979764,0.40613909767191203,10.672354809881549,BALANCE,1,-6.946956447806448e-06
1.764,-0.03548878025003396,-0.052620837212406534,-0.03834951969714103,-0.036338792982286205,-0.5413495001532209,5.660559395850052,BALANCE,1,-7.11701049602438e-06
1.766,-0.035577703156385296,-0.036303703773238244,-0.035281558121369745,-0.03596876078096544,0.18501610066038246,-1.9915790853658555,BALANCE,1,-7.308971533447703e-06
1.768,-0.03563428410053372,-0.02027828048123319,-0.0337475773334841,-0.03519134657434697,0.3887071033092347,3.8343539010660237,BALANCE,1,-7.429402664406964e-06
1.77,-0.03566076251518566,-0.006200620917082981,-0.0337475773334841,-0.034686027340044966,0.2526596171510027,5.503488505339082,BALANCE,1,-7.480272952205871e-06
1.772,-0.03566689692553446,6.609779891075373e-05,-0.035281558121369745,-0.034894463113508634,-0.10421788673183399,4.438490564663336,BALANCE,1,-7.486948465979086e-06
1.774,-0.03566689692553446,0.0,-0.03681553890925539,-0.035566839642019996,-0.336188264255681,1.5639854945701206,BALANCE,1,-7.4869489319971145e-06
1.776,-0.03566689692553446,0.0,-0.03681553890925539,-0.03600388438555238,-0.218522371766193,-0.33923348525974095,BALANCE,1,-7.4869489319971145e-06
1.778,-0.03566689692553446,0.0,-0.035281558121369745,-0.03575107019308846,0.1264070962319619,0.5686701931671085,BALANCE,1,-7.4869489319971145e-06
1.78,-0.03566689692553446,0.0,-0.03681553890925539,-0.03612363424374688,-0.18628202532921037,3.3361245746615658,BALANCE,1,-7.4869489319971145e-06
1.782,-0.03566689692553446,0.0,-0.03681553890925539,-0.036365800876674854,-0.12108331646398796,0.8050330322839336,BALANCE,1,-7.4869489319971145e-06
1.784,-0.03566689692553446,0.0,-0.0337475773334841,-0.03544942263655809,0.4581891200583811,1.3048195450546993,BALANCE,1,-7.4869489319971145e-06
1.786,-0.03566689692553446,0.0,-0.03681553890925539,-0.035927563332002144,-0.23907034772202573,5.986891847113346,BALANCE,1,-7.4869489319971145e-06
1.788,-0.03566689692553446,0.0,-0.03681553890925539,-0.03623835478404078,-0.15539572601931673,0.3729421504770478,BALANCE,1,-7.4869489319971145e-06
1.79,-0.03566689692553446,0.0,-0.03681553890925539,-0.036440369227865886,-0.10100722191255448,1.0164439660195939,BALANCE,1,-7.4869489319971145e-06
1.792,-0.03566689692553446,0.0,-0.0337475773334841,-0.03549789206483226,0.4712385815168127,1.4321430583986121,BALANCE,1,-7.4869489319971145e-06
1.794,-0.03566689692553446,0.0,-0.03681553890925539,-0.035959068460380356,-0.23058819777404746,6.0595585372026015,BALANCE,1,-7.4869489319971145e-06
1.796,-0.03566689692553446,0.0,-0.03681553890925539,-0.036258833117486615,-0.14988232855312963,0.41008190545075696,BALANCE,1,-7.4869489319971145e-06
1.798,-0.03566689692553446,0.0,-0.03681553890925539,-0.036453680144605684,-0.09742351355953444,1.0304912131682276,BALANCE,1,-7.4869489319971145e-06
1.8,-0.03566689692553446,0.0,-0.03681553890925539,-0.03658033071223308,-0.06332528381369773,1.431180175460924,BALANCE,1,-7.4869489319971145e-06
1.802,-0.03566689692553446,0.0,-0.03834951969714103,-0.03719954685695086,-0.3096080723588891,1.6890509132275273,BALANCE,1,-7.4869489319971145e-06
1.804,-0.03566689692553446,0.0,-0.03681553890925539,-0.03706514407525744,0.06720139084670854,-0.32580427318846095,BALANCE,1,-7.4869489319971145e-06
1.806,-0.03566689692553446,0.0,-0.0337475773334841,-0.035903995715636766,0.5805741798103371,2.689322570542874,BALANCE,1,-7.4869489319971145e-06
1.808,-0.03566689692553446,0.0,-0.03834951969714103,-0.03675992910916326,-0.42796669676324617,6.858792984686016,BALANCE,1,-7.4869489319971145e-06
1.81,-0.03566689692553446,0.0,-0.032213596545598466,-0.03516871271191558,0.7956081986238394,-1.268242017336073,BALANCE,1,-7.4869489319971145e-06
1.812,-0.03566689692553446,0.0,-0.035281558121369745,-0.035208208605224535,-0.019747946654477544,8.60879638705309,BALANCE,1,-7.4869489319971145e-06
1.814,-0.03566689692553446,0.0,-0.03681553890925539,-0.03577077421163533,-0.2812828032053988,2.076535829506972,BALANCE,1,-7.4869489319971145e-06
1.816,-0.03566689692553446,0.0,-0.03681553890925539,-0.03613644185580235,-0.1828338220835092,-0.05665111412737289,BALANCE,1,-7.4869489319971145e-06
1.818,-0.03566689692553446,0.0,-0.035281558121369745,-0.03583723254875094,0.14960465352570687,0.7017733878265622,BALANCE,1,-7.4869489319971145e-06
1.82,-0.03566689692553446,0.0,-0.035281558121369745,-0.035642746499167516,0.09724302479171068,3.372066304613625,BALANCE,1,-7.4869489319971145e-06
1.822,-0.03566689692553446,0.0,-0.035281558121369745,-0.035516330566938294,0.06320796611461107,2.9577138884168273,BALANCE,1,-7.4869489319971145e-06
1.824,-0.03566689692553446,0.0,-0.03681553890925539,-0.035971053486749276,-0.227361459905491,2.6859151088203967,BALANCE,1,-7.4869489319971145e-06
1.826,-0.03566689692553446,0.0,-0.03681553890925539,-0.03626662338462641,-0.1477849489385681,0.32688211477357143,BALANCE,1,-7.4869489319971145e-06
1.828,-0.03566689692553446,0.0,-0.03681553890925539,-0.03645874381824655,-0.0960602168100684,0.9385066839594005,BALANCE,1,-7.4869489319971145e-06
1.83,-0.03566689692553446,0.0,-0.03681553890925539,-0.03658362210009964,-0.06243914092654568,1.3334855662065417,BALANCE,1,-7.4869489319971145e-06
1.832,-0.03566689692553446,0.0,-0.03681553890925539,-0.03666479298330415,-0.040585441602254,1.5876447519435177,BALANCE,1,-7.4869489319971145e-06
1.834,-0.03566689692553446,0.0,-0.03834951969714103,-0.037254447333147055,-0.29482717492145327,1.7502711349489202,BALANCE,1,-7.4869489319971145e-06
1.836,-0.03566689692553446,0.0,-0.03681553890925539,-0.03710082938478497,0.07680897418104252,-0.32649288206187776,BALANCE,1,-7.4869489319971145e-06
1.838,-0.03566689692553446,0.0,-0.03834951969714103,-0.03753787099410959,-0.21852080466230883,2.6483932217828565,BALANCE,1,-7.4869489319971145e-06
1.84,-0.03566689692553446,0.0,-0.035281558121369745,-0.03674816148865064,0.3948547527294725,0.25202492027774603,BALANCE,1,-7.4869489319971145e-06
1.842,-0.03566689692553446,0.0,-0.03681553890925539,-0.0367717435858623,-0.011791048605828275,5.199062317441804,BALANCE,1,-7.4869489319971145e-06
1.844,-0.03566689692553446,0.0,-0.035281558121369745,-0.036250178673289904,0.2607824562861974,1.9371266322095257,BALANCE,1,-7.4869489319971145e-06
1.846,-0.03566689692553446,0.0,-0.03681553890925539,-0.03644805475587782,-0.09893804129395764,4.141758530365417,BALANCE,1,-7.4869489319971145e-06
1.848,-0.03566689692553446,0.0,-0.03834951969714103,-0.037113567485319944,-0.3327563647210624,1.2448323738177267,BALANCE,1,-7.4869489319971145e-06
1.85,-0.03566689692553446,0.0,-0.035281558121369745,-0.03647236420793737,0.32060163869128755,-0.6730676908627036,BALANCE,1,-7.4869489319971145e-06
1.852,-0.03566689692553446,0.0,-0.035281558121369745,-0.0360555820776387,0.20839106514933606,4.584974060237463,BALANCE,1,-7.4869489319971145e-06
1.854,-0.03566689692553446,0.0,-0.03681553890925539,-0.03632156696870453,-0.13299244553291803,3.7050852833042436,BALANCE,1,-7.4869489319971145e-06
1.856,-0.03566689692553446,0.0,-0.03681553890925539,-0.03649445714789733,-0.08644508959639724,0.95079379098852,BALANCE,1,-7.4869489319971145e-06
1.858,-0.03566689692553446,0.0,-0.035281558121369745,-0.03606994248861267,0.21225732964232774,1.3055003362995392,BALANCE,1,-7.4869489319971145e-06
1.86,-0.03566689692553446,0.0,-0.035281558121369745,-0.035794007960077645,0.13796726426751338,3.713376581268696,BALANCE,1,-7.4869489319971145e-06
1.862,-0.03566689692553446,0.0,-0.035281558121369745,-0.03561465051652988,0.089678721773883,3.1284533283902665,BALANCE,1,-7.4869489319971145e-06
1.864,-0.03566689692553446,0.0,-0.03681553890925539,-0.036034961453983806,-0.21015546872696356,2.7457835049507837,BALANCE,1,-7.4869489319971145e-06
1.866,-0.03566689692553446,0.0,-0.032213596545598466,-0.03469748373604893,0.6687388589674375,0.31468433240597893,BALANCE,1,-7.4869489319971145e-06
1.868,-0.03566689692553446,0.0,-0.0337475773334841,-0.03436501649515124,0.16623362044884682,7.41914812029007,BALANCE,1,-7.4869489319971145e-06
1.87,-0.03566689692553446,0.0,-0.03681553890925539,-0.03522269934008769,-0.4288414224682263,3.4121812432961764,BALANCE,1,-7.4869489319971145e-06
1.872,-0.03566689692553446,0.0,-0.035281558121369745,-0.035243299913536405,-0.010300286724357344,-1.4069246106046132,BALANCE,1,-7.4869489319971145e-06
1.874,-0.03566689692553446,0.0,-0.03681553890925539,-0.035793583562038045,-0.27514182425081996,1.9331197809567087,BALANCE,1,-7.4869489319971145e-06
1.8760000000000001,-0.03566689692553446,0.0,-0.0337475773334841,-0.03507748138204416,0.358051089996942,-0.2257882548774992,BALANCE,1,-7.4869489319971145e-06
1.8780000000000001,-0.03566689692553446,0.0,-0.03681553890925539,-0.03568580151656809,-0.3041600672619646,4.875705693627822,BALANCE,1,-7.4869489319971145e-06
1.8800000000000001,-0.03566689692553446,0.0,-0.035281558121369745,-0.035544316328248664,0.07074259415971312,-0.46561993281818026,BALANCE,1,-7.4869489319971145e-06
1.8820000000000001,-0.03566689692553446,0.0,-0.035281558121369745,-0.03545235095584104,0.04598268620381249,2.5349816065887567,BALANCE,1,-7.4869489319971145e-06
1.8840000000000001,-0.03566689692553446,0.0,-0.035281558121369745,-0.035392573463776084,0.029888746032477598,2.3353297950948413,BALANCE,1,-7.4869489319971145e-06
1.8860000000000001,-0.03566689692553446,0.0,-0.035281558121369745,-0.03535371809393386,0.019427684921111826,2.203086408555304,BALANCE,1,-7.4869489319971145e-06
1.8880000000000001,-0.03566689692553446,0.0,-0.03681553890925539,-0.035865355379296394,-0.25581864268126725,2.1146584982361247,BALANCE,1,-7.4869489319971145e-06
1.8900000000000001,-0.03566689692553446,0.0,-0.03681553890925539,-0.03619791961478204,-0.16628211774282267,-0.1251834307805204,BALANCE,1,-7.4869489319971145e-06
1.8920000000000001,-0.03566689692553446,0.0,-0.0337475773334841,-0.03534029981632776,0.4288098992271394,0.5639153306749423,BALANCE,1,-7.4869489319971145e-06
1.8940000000000001,-0.03566689692553446,0.0,-0.03681553890925539,-0.03585663349885243,-0.25816684126233475,5.36904059437863,BALANCE,1,-7.4869489319971145e-06
1.8960000000000001,-0.03566689692553446,0.0,-0.035281558121369745,-0.03565535711673349,0.10063819105947044,-0.16492467718841386,BALANCE,1,-7.4869489319971145e-06
1.8980000000000001,-0.03566689692553446,0.0,-0.03834951969714103,-0.03659831401987613,-0.4714784515713194,2.710461092889817,BALANCE,1,-7.4869489319971145e-06
1.9000000000000001,-0.03566689692553446,0.0,-0.032213596545598466,-0.035063662903878946,0.767325557998591,-1.930369125149034,BALANCE,1,-7.4869489319971145e-06
1.9020000000000001,-0.03566689692553446,0.0,-0.03681553890925539,-0.035676819505760696,-0.3065783009408747,8.065129285789304,BALANCE,1,-7.4869489319971145e-06
1.9040000000000001,-0.03566689692553446,0.0,-0.03681553890925539,-0.036075371296983835,-0.19927589561156978,-0.5700263457404784,BALANCE,1,-7.4869489319971145e-06
1.9060000000000001,-0.03566689692553446,0.0,-0.03681553890925539,-0.03633442996127888,-0.12952933214752105,0.25726471516117533,BALANCE,1,-7.4869489319971145e-06
1.9080000000000001,-0.03566689692553446,0.0,-0.035281558121369745,-0.03596592481731068,0.1842525719840983,0.7924268170236077,BALANCE,1,-7.4869489319971145e-06
1.9100000000000001,-0.03566689692553446,0.0,-0.03681553890925539,-0.03626328974949133,-0.14868246609032326,3.3175991737511916,BALANCE,1,-7.4869489319971145e-06
1.9120000000000001,-0.03566689692553446,0.0,-0.035281558121369745,-0.03591968367964877,0.1718030349212793,0.6290243152750823,BALANCE,1,-7.4869489319971145e-06
1.9140000000000001,-0.03566689692553446,0.0,-0.035281558121369745,-0.035696339734251105,0.11167197269883189,3.206340750822527,BALANCE,1,-7.4869489319971145e-06
1.9160000000000001,-0.03566689692553446,0.0,-0.035281558121369745,-0.035551166169742625,0.07258678225424003,2.731553621819957,BALANCE,1,-7.4869489319971145e-06
1.9180000000000001,-0.03566689692553446,0.0,-0.035281558121369745,-0.035456803352812115,0.04718140846525498,2.4204722788997826,BALANCE,1,-7.4869489319971145e-06
1.92,-0.03566689692553446,0.0,-0.035281558121369745,-0.035395467521807285,0.030667915502415044,2.2157996969331704,BALANCE,1,-7.4869489319971145e-06
1.922,-0.03566689692553446,0.0,-0.0337475773334841,-0.03481870595589417,0.2883807829565585,2.0802928095863797,BALANCE,1,-7.4869489319971145e-06
1.924,-0.03566689692553446,0.0,-0.0337475773334841,-0.03444381093805064,0.18744750892176268,4.169637701983135,BALANCE,1,-7.4869489319971145e-06
1.926,-0.03566689692553446,0.0,-0.03681553890925539,-0.0352739157279723,-0.41505239496083046,3.3777764485877704,BALANCE,1,-7.4869489319971145e-06
1.928,-0.03566689692553446,0.0,-0.035281558121369745,-0.0352765905656614,-0.0013374188445498814,-1.499083853013869,BALANCE,1,-7.4869489319971145e-06
1.93,-0.03566689692553446,0.0,-0.03834951969714103,-0.03635211576167927,-0.5377625980089347,1.803420147541897,BALANCE,1,-7.4869489319971145e-06
1.932,-0.03566689692553446,0.0,-0.035281558121369745,-0.03597742058757093,0.18734758705417007,-2.5597832206865885,BALANCE,1,-7.4869489319971145e-06
1.934,-0.03566689692553446,0.0,-0.0337475773334841,-0.03519697544864054,0.3902225694651963,3.256384486147235,BALANCE,1,-7.4869489319971145e-06
1.936,-0.03566689692553446,0.0,-0.0337475773334841,-0.03468968610833578,0.2536446701523788,4.91917165868154,BALANCE,1,-7.4869489319971145e-06
1.938,-0.03566689692553446,0.0,-0.035281558121369745,-0.034896841312897664,-0.10357760228094093,3.850047887375619,BALANCE,1,-7.4869489319971145e-06
1.94,-0.03566689692553446,0.0,-0.03681553890925539,-0.03556838547162287,-0.33577207936260134,0.9728610273727689,BALANCE,1,-7.4869489319971145e-06
1.942,-0.03566689692553446,0.0,-0.03681553890925539,-0.03600488917479425,-0.21825185158569002,-0.9321011158983517,BALANCE,1,-7.4869489319971145e-06
1.944,-0.03566689692553446,0.0,-0.035281558121369745,-0.03575172330609567,0.126582934349289,-0.025330493708302093,BALANCE,1,-7.4869489319971145e-06
1.946,-0.03566689692553446,0.0,-0.0337475773334841,-0.03505027221568162,0.350725545207025,2.741387401232225,BALANCE,1,-7.4869489319971145e-06
1.948,-0.03566689692553446,0.0,-0.03681553890925539,-0.03566811555843243,-0.3089216713754068,4.569605299075819,BALANCE,1,-7.4869489319971145e-06
1.95,-0.03566689692553446,0.0,-0.03834951969714103,-0.036606607006980436,-0.46924572427400196,-0.751776657260371,BALANCE,1,-7.4869489319971145e-06
1.952,-0.03566689692553446,0.0,-0.03834951969714103,-0.03721662644853664,-0.3050097207781023,-2.0979998887634075,BALANCE,1,-7.4869489319971145e-06
1.954,-0.03566689692553446,0.0,-0.0337475773334841,-0.03600245925826825,0.6070835951341967,-0.8281563525792905,BALANCE,1,-7.4869489319971145e-06
1.956,-0.03566689692553446,0.0,-0.035281558121369745,-0.03575014386035377,0.12615769895723758,6.534239714283553,BALANCE,1,-7.4869489319971145e-06
1.958,-0.03566689692553446,0.0,-0.03834951969714103,-0.03665992540322931,-0.4548907714377673,2.694821439970677,BALANCE,1,-7.4869489319971145e-06
1.96,-0.03566689692553446,0.0,-0.035281558121369745,-0.03617749685457846,0.2412142743254235,-2.01548520084254,BALANCE,1,-7.4869489319971145e-06
1.962,-0.03566689692553446,0.0,-0.0337475773334841,-0.03532702502219543,0.4252359161915145,3.5750653788111215,BALANCE,1,-7.4869489319971145e-06
1.964,-0.03566689692553446,0.0,-0.039883500485026674,-0.03692179143418636,-0.797383205995466,5.091201418678392,BALANCE,1,-7.4869489319971145e-06
1.966,-0.03566689692553446,0.0,-0.0337475773334841,-0.03581081649894057,0.5554874676228956,-4.792821901823745,BALANCE,1,-7.4869489319971145e-06
1.968,-0.03566689692553446,0.0,-0.03681553890925539,-0.036162469342550754,-0.1758264218050913,6.089639819938107,BALANCE,1,-7.4869489319971145e-06
1.97,-0.03566689692553446,0.0,-0.0337475773334841,-0.035317257139377424,0.4226061015866651,0.2107970400290906,BALANCE,1,-7.4869489319971145e-06
1.972,-0.03566689692553446,0.0,-0.03681553890925539,-0.03584165575883471,-0.2621993097286432,5.041906507925667,BALANCE,1,-7.4869489319971145e-06
1.974,-0.03566689692553446,0.0,-0.03681553890925539,-0.03618251486148195,-0.17042955132361842,-0.4751690309160046,BALANCE,1,-7.4869489319971145e-06
1.976,-0.03566689692553446,0.0,-0.035281558121369745,-0.035867180002442677,0.15766742951963536,0.23130098719306336,BALANCE,1,-7.4869489319971145e-06
1.978,-0.03566689692553446,0.0,-0.03681553890925539,-0.03619910561982712,-0.16596280869222296,2.8678234894809616,BALANCE,1,-7.4869489319971145e-06
1.98,-0.03566689692553446,0.0,-0.03681553890925539,-0.03641485727112701,-0.10787582564994458,0.25162622561906245,BALANCE,1,-7.4869489319971145e-06
1.982,-0.03566689692553446,0.0,-0.03681553890925539,-0.03655509584447194,-0.07011928667246398,0.6960940194250709,BALANCE,1,-7.4869489319971145e-06
1.984,-0.03566689692553446,0.0,-0.03681553890925539,-0.03664625091714614,-0.04557753633710124,0.9824209976753258,BALANCE,1,-7.4869489319971145e-06
1.986,-0.03566689692553446,0.0,-0.03681553890925539,-0.03670550171438437,-0.029625398619115284,1.1659564458143459,BALANCE,1,-7.4869489319971145e-06
1.988,-0.03566689692553446,0.0,-0.03681553890925539,-0.036744014732589224,-0.01925650910242563,1.2826773993810634,BALANCE,1,-7.4869489319971145e-06
1.99,-0.03566689692553446,0.0,-0.035281558121369745,-0.036232154918662406,0.2559299069634091,1.355968931475772,BALANCE,1,-7.4869489319971145e-06
1.992,-0.03566689692553446,0.0,-0.035281558121369745,-0.03589944603960997,0.166354439526218,3.5809254178543264,BALANCE,1,-7.4869489319971145e-06
1.994,-0.03566689692553446,0.0,-0.035281558121369745,-0.03568318526822589,0.10813038569203876,2.8771043218920216,BALANCE,1,-7.4869489319971145e-06
1.996,-0.03566689692553446,0.0,-0.0337475773334841,-0.03500572249106626,0.338731388579816,2.417150900447987,BALANCE,1,-7.4869489319971145e-06
1.998,-0.03566689692553446,0.0,-0.035281558121369745,-0.03510226496167248,-0.04827123530310937,4.29560554568157,BALANCE,1,-7.4869489319971145e-06
2.0,-0.03566689692553446,0.0,-0.035281558121369745,-0.03516501756756652,-0.03137630294702126,1.1867715533894594,BALANCE,1,-7.4869489319971145e-06
2.0020000000000002,-0.03566689692553446,0.0,-0.03681553890925539,-0.03574270003715762,-0.2888412347955491,1.3111328523710086,BALANCE,1,-7.4869489319971145e-06
2.004,-0.03566689692553446,0.0,-0.035281558121369745,-0.03558130036663186,0.08069983526287974,-0.7903960906001108,BALANCE,1,-7.4869489319971145e-06
2.0060000000000002,-0.03566689692553446,0.0,-0.03681553890925539,-0.036013283856550095,-0.2159917449591174,2.1685001900255383,BALANCE,1,-7.4869489319971145e-06
2.008,-0.03566689692553446,0.0,-0.03834951969714103,-0.03683096640075692,-0.40884127210341276,-0.2381541179168427,BALANCE,1,-7.4869489319971145e-06
2.0100000000000002,-0.03566689692553446,0.0,-0.035281558121369745,-0.03628867350297141,0.2711464488927562,-1.8373774810037662,BALANCE,1,-7.4869489319971145e-06
2.012,-0.03566689692553446,0.0,-0.035281558121369745,-0.035936183119410825,0.17624519178029152,3.6278041261321214,BALANCE,1,-7.4869489319971145e-06
2.0140000000000002,-0.03566689692553446,0.0,-0.035281558121369745,-0.03570706437009644,0.11455937465719088,2.882556255622157,BALANCE,1,-7.4869489319971145e-06
2.016,-0.03566689692553446,0.0,-0.035281558121369745,-0.0355581371830421,0.07446359352717216,2.3956754307221955,BALANCE,1,-7.4869489319971145e-06
2.0180000000000002,-0.03566689692553446,0.0,-0.03834951969714103,-0.036535121062976725,-0.48849193996731294,2.076733185468698,BALANCE,1,-7.4869489319971145e-06
2.02,-0.03566689692553446,0.0,-0.03681553890925539,-0.03663326730917425,-0.04907312309876399,-2.4928371394958555,BALANCE,1,-7.4869489319971145e-06
2.0220000000000002,-0.03566689692553446,0.0,-0.0337475773334841,-0.035623275817682695,0.5049957457457788,1.00929796721885,BALANCE,1,-7.4869489319971145e-06
2.024,-0.03566689692553446,0.0,-0.03681553890925539,-0.03604056789973314,-0.20864604102522125,5.4953237523011484,BALANCE,1,-7.4869489319971145e-06
2.0260000000000002,-0.03566689692553446,0.0,-0.035281558121369745,-0.03577491447730595,0.13282671121359405,-0.24605618036982424,BALANCE,1,-7.4869489319971145e-06
2.028,-0.03566689692553446,0.0,-0.0337475773334841,-0.0350653464769683,0.3547840001688236,2.4945100599908683,BALANCE,1,-7.4869489319971145e-06
2.0300000000000002,-0.03566689692553446,0.0,-0.03681553890925539,-0.03567791382826878,-0.30628367565023806,4.305729382357571,BALANCE,1,-7.4869489319971145e-06
2.032,-0.03566689692553446,0.0,-0.03681553890925539,-0.03607608260661409,-0.19908438917265459,-1.0267016480386055,BALANCE,1,-7.4869489319971145e-06
2.0340000000000003,-0.03566689692553446,0.0,-0.03681553890925539,-0.03633489231253854,-0.1294048529622248,-0.20021269943997932,BALANCE,1,-7.4869489319971145e-06
2.036,-0.03566689692553446,0.0,-0.035281558121369745,-0.03596622534562946,0.18433348345453862,0.3344280294254842,BALANCE,1,-7.4869489319971145e-06
2.0380000000000003,-0.03566689692553446,0.0,-0.03681553890925539,-0.036263485092898534,-0.14862987363453706,2.8592614937050103,BALANCE,1,-7.4869489319971145e-06
2.04,-0.03566689692553446,0.0,-0.035281558121369745,-0.035919810652863454,0.17183722001753998,0.17046635513768083,BALANCE,1,-7.4869489319971145e-06
2.0420000000000003,-0.03566689692553446,0.0,-0.035281558121369745,-0.03569642226684065,0.11169419301140099,2.7476396086258292,BALANCE,1,-7.4869489319971145e-06
2.044,-0.03566689692553446,0.0,-0.032213596545598466,-0.03447743326440589,0.6094945012173821,2.272759411284717,BALANCE,1,-7.4869489319971145e-06
2.0460000000000003,-0.03566689692553446,0.0,-0.035281558121369745,-0.03475887696434324,-0.1407218499686752,6.321405730425772,BALANCE,1,-7.4869489319971145e-06
2.048,-0.03566689692553446,0.0,-0.035281558121369745,-0.03494181536930251,-0.0914692024796375,0.29583652354820256,BALANCE,1,-7.4869489319971145e-06
2.05,-0.03566689692553446,0.0,-0.03681553890925539,-0.035597618608286016,-0.3279016194917515,0.6718930360890871,BALANCE,1,-7.4869489319971145e-06
2.052,-0.03566689692553446,0.0,-0.035281558121369745,-0.03548699743786532,0.05531058521034832,-1.2660340180684924,BALANCE,1,-7.4869489319971145e-06
2.054,-0.03566689692553446,0.0,-0.03681553890925539,-0.035951986952851844,-0.23249475749326232,1.7992034902859753,BALANCE,1,-7.4869489319971145e-06
2.056,-0.03566689692553446,0.0,-0.032213596545598466,-0.03464355031031316,0.6542183212693425,-0.5383290196326724,BALANCE,1,-7.4869489319971145e-06
2.058,-0.03566689692553446,0.0,-0.035281558121369745,-0.03486685304418296,-0.11165136693489994,6.626953098958426,BALANCE,1,-7.4869489319971145e-06
2.06,-0.03566689692553446,0.0,-0.035281558121369745,-0.035011999821198334,-0.07257338850768721,0.4796240586834615,BALANCE,1,-7.4869489319971145e-06
2.062,-0.03566689692553446,0.0,-0.035281558121369745,-0.03510634522625833,-0.04717270252999756,0.7765366795160009,BALANCE,1,-7.4869489319971145e-06
2.064,-0.03566689692553446,0.0,-0.03681553890925539,-0.0357045630153073,-0.299108894524485,0.9670601739886671,BALANCE,1,-7.4869489319971145e-06
2.066,-0.03566689692553446,0.0,-0.0337475773334841,-0.035019618026669176,0.3424724943190613,-1.091463341913232,BALANCE,1,-7.4869489319971145e-06
2.068,-0.03566689692553446,0.0,-0.03681553890925539,-0.03564819033557435,-0.31428615445258656,4.075280544548091,BALANCE,1,-7.4869489319971145e-06
2.07,-0.03566689692553446,0.0,-0.035281558121369745,-0.035519869060602734,0.0641606374858078,-1.2236326222265168,BALANCE,1,-7.4869489319971145e-06
2.072,-0.03566689692553446,0.0,-0.035281558121369745,-0.035436460231871185,0.04170441436577438,1.8045370159668153,BALANCE,1,-7.4869489319971145e-06
2.074,-0.03566689692553446,0.0,-0.0337475773334841,-0.034845351217435705,0.29555450721773996,1.6228044686840666,BALANCE,1,-7.4869489319971145e-06
2.076,-0.03566689692553446,0.0,-0.035281558121369745,-0.03499802363381262,-0.07633620818845582,3.6821026821224327,BALANCE,1,-7.4869489319971145e-06
2.078,-0.03566689692553446,0.0,-0.03681553890925539,-0.03563415398021758,-0.3180651732024829,0.69081700916349,BALANCE,1,-7.4869489319971145e-06
2.08,-0.03566689692553446,0.0,-0.03681553890925539,-0.03604763870538081,-0.20674236258161338,-1.288309362529068,BALANCE,1,-7.4869489319971145e-06
2.082,-0.03566689692553446,0.0,-0.0337475773334841,-0.03524261722521696,0.40251074008192456,-0.4297454888129817,BALANCE,1,-7.4869489319971145e-06
2.084,-0.03566689692553446,0.0,-0.03681553890925539,-0.035793139814630406,-0.27526129470672317,4.4855320978601085,BALANCE,1,-7.4869489319971145e-06
2.086,-0.03566689692553446,0.0,-0.0337475773334841,-0.0350771929462292,0.35797343420060357,-0.9768341637768057,BALANCE,1,-7.4869489319971145e-06
2.088,-0.03566689692553446,0.0,-0.03681553890925539,-0.03568561403328836,-0.30421054352958166,4.124985040996634,BALANCE,1,-7.4869489319971145e-06
2.09,-0.03566689692553446,0.0,-0.03681553890925539,-0.03608108773987682,-0.19773685329422738,-1.2161291688750548,BALANCE,1,-7.4869489319971145e-06
2.092,-0.03566689692553446,0.0,-0.0337475773334841,-0.035264359097639364,0.40836432111872667,-0.395284286935504,BALANCE,1,-7.4869489319971145e-06
2.094,-0.03566689692553446,0.0,-0.03681553890925539,-0.03580727203170497,-0.27145646703280457,4.495475955082847,BALANCE,1,-7.4869489319971145e-06
2.096,-0.03566689692553446,0.0,-0.035281558121369745,-0.03562327216308764,0.09199993430866749,-0.9828265805796801,BALANCE,1,-7.4869489319971145e-06
2.098,-0.03566689692553446,0.0,-0.032213596545598466,-0.03442988569696642,0.5966932330606078,1.9287399678365187,BALANCE,1,-7.4869489319971145e-06
2.1,-0.03566689692553446,0.0,-0.03834951969714103,-0.035801757597027535,-0.6859359500305563,6.031003568679922,BALANCE,1,-7.4869489319971145e-06
2.102,-0.03566689692553446,0.0,-0.035281558121369745,-0.035619687780547304,0.09103490824011531,-4.319502561572465,BALANCE,1,-7.4869489319971145e-06
2.104,-0.03566689692553446,0.0,-0.03834951969714103,-0.036575128951355104,-0.4777205854038999,1.9000645560256129,BALANCE,1,-7.4869489319971145e-06
2.106,-0.03566689692553446,0.0,-0.0337475773334841,-0.03558548588510025,0.49482153312742705,-2.7146208891652477,BALANCE,1,-7.4869489319971145e-06
2.108,-0.03566689692553446,0.0,-0.0337475773334841,-0.0349422178920346,0.3216339965328267,5.117977545883639,BALANCE,1,-7.4869489319971145e-06
2.11,-0.03566689692553446,0.0,-0.0337475773334841,-0.03452409369654192,0.20906209774633824,3.7640848891323686,BALANCE,1,-7.4869489319971145e-06
2.112,-0.03566689692553446,0.0,-0.032213596545598466,-0.03371541969371171,0.40433700141510526,2.881692331830714,BALANCE,1,-7.4869489319971145e-06
2.114,-0.03566689692553446,0.0,-0.03681553890925539,-0.034800461419151996,-0.542520862720143,4.48566891741192,BALANCE,1,-7.4869489319971145e-06
2.116,-0.03566689692553446,0.0,-0.035281558121369745,-0.0349688452649282,-0.08419192288810357,-3.1612565914803135,BALANCE,1,-7.4869489319971145e-06
2.118,-0.03566689692553446,0.0,-0.035281558121369745,-0.03507829476468274,-0.05472474987726697,0.48827812737644427,BALANCE,1,-7.4869489319971145e-06
2.12,-0.03566689692553446,0.0,-0.0337475773334841,-0.034612543663763214,0.23287555045976155,0.7104328825249286,BALANCE,1,-7.4869489319971145e-06
2.122,-0.03566689692553446,0.0,-0.035281558121369745,-0.0348466987239255,-0.11707753008114233,3.0322578425435758,BALANCE,1,-7.4869489319971145e-06
2.124,-0.03566689692553446,0.0,-0.035281558121369745,-0.03499889951303098,-0.07610039455274026,0.21161455486182312,BALANCE,1,-7.4869489319971145e-06
2.126,-0.03566689692553446,0.0,-0.03681553890925539,-0.03563472330170952,-0.31791189433926986,0.5232998118401042,BALANCE,1,-7.4869489319971145e-06
2.128,-0.03566689692553446,0.0,-0.035281558121369745,-0.035511115488590594,0.06180390655946208,-1.456468558433187,BALANCE,1,-7.4869489319971145e-06
2.13,-0.03566689692553446,0.0,-0.03681553890925539,-0.03596766368582327,-0.22827409861633785,1.5815720944460858,BALANCE,1,-7.4869489319971145e-06
2.132,-0.03566689692553446,0.0,-0.035281558121369745,-0.035727526738264535,0.12006847377936739,-0.7736383715314386,BALANCE,1,-7.4869489319971145e-06
2.134,-0.03566689692553446,0.0,-0.03834951969714103,-0.036645224273871305,-0.4588487678033846,2.020364919140075,BALANCE,1,-7.4869489319971145e-06
2.136,-0.03566689692553446,0.0,-0.032213596545598466,-0.035094154568975806,0.7755348524477491,-2.6733639105131215,BALANCE,1,-7.4869489319971145e-06
2.138,-0.03566689692553446,0.0,-0.03681553890925539,-0.035696639088073655,-0.3012422595489242,7.287750402875883,BALANCE,1,-7.4869489319971145e-06
2.14,-0.03566689692553446,0.0,-0.039883500485026674,-0.037162040577007206,-0.7327007444667757,-1.3697548920609885,BALANCE,1,-7.4869489319971145e-06
2.142,-0.03566689692553446,0.0,-0.03681553890925539,-0.03704076499329407,0.0606377918565687,-4.916779268855215,BALANCE,1,-7.4869489319971145e-06
2.144,-0.03566689692553446,0.0,-0.03681553890925539,-0.03696193586388053,0.03941456470676896,1.4297974037556695,BALANCE,1,-7.4869489319971145e-06
2.146,-0.03566689692553446,0.0,-0.0337475773334841,-0.03583691037824178,0.5625127428193766,1.2573489471493073,BALANCE,1,-7.4869489319971145e-06
2.148,-0.03566689692553446,0.0,-0.035281558121369745,-0.03564253708833656,0.09718664495260779,5.5024685191128455,BALANCE,1,-7.4869489319971145e-06
2.15,-0.03566689692553446,0.0,-0.035281558121369745,-0.035516194449898175,0.0631713192191935,1.78439362615534,BALANCE,1,-7.4869489319971145e-06
2.152,-0.03566689692553446,0.0,-0.035281558121369745,-0.035434071734913225,0.04106135749247508,1.5127483397043497,BALANCE,1,-7.4869489319971145e-06
2.154,-0.03566689692553446,0.0,-0.035281558121369745,-0.035380691970173,0.026689882370110884,1.3337091944427164,BALANCE,1,-7.4869489319971145e-06
2.156,-0.03566689692553446,0.0,-0.0337475773334841,-0.03480910184733189,0.285795061420558,1.2148640409541818,BALANCE,1,-7.4869489319971145e-06
2.158,-0.03566689692553446,0.0,-0.035281558121369745,-0.034974461543245135,-0.08267984795662375,3.315039060358759,BALANCE,1,-7.4869489319971145e-06
2.16,-0.03566689692553446,0.0,-0.035281558121369745,-0.03508194534558875,-0.05374190117180683,0.3503233112778612,BALANCE,1,-7.4869489319971145e-06
2.162,-0.03566689692553446,0.0,-0.03681553890925539,-0.03568870309287207,-0.30337887364166244,0.5683614683466618,BALANCE,1,-7.4869489319971145e-06
2.164,-0.03566689692553446,0.0,-0.03681553890925539,-0.03608309562860623,-0.1971962678670794,-1.472277516867757,BALANCE,1,-7.4869489319971145e-06
2.166,-0.03566689692553446,0.0,-0.03681553890925539,-0.03633945077683343,-0.12817757411360056,-0.6536968419408633,BALANCE,1,-7.4869489319971145e-06
2.168,-0.03566689692553446,0.0,-0.03681553890925539,-0.036506081623181114,-0.08331542317384019,-0.12419649096203145,BALANCE,1,-7.4869489319971145e-06
2.17,-0.03566689692553446,0.0,-0.0337475773334841,-0.03554060512178716,0.48273825069697696,0.21740164945055485,BALANCE,1,-7.4869489319971145e-06
2.172,-0.03566689692553446,0.0,-0.03681553890925539,-0.035986831947401036,-0.22311341280693842,4.796651509476371,BALANCE,1,-7.4869489319971145e-06
2.174,-0.03566689692553446,0.0,-0.03681553890925539,-0.036276879384050054,-0.14502371832450858,-0.8841327744812646,BALANCE,1,-7.4869489319971145e-06
2.176,-0.03566689692553446,0.0,-0.035281558121369745,-0.035928516942111945,0.1741812209690545,-0.2840734406975769,BALANCE,1,-7.4869489319971145e-06
2.178,-0.03566689692553446,0.0,-0.03834951969714103,-0.03677586790637212,-0.42367548213008766,2.283282116778792,BALANCE,1,-7.4869489319971145e-06
2.18,-0.03566689692553446,0.0,-0.03681553890925539,-0.036789752757381264,-0.006942425504571914,-2.55776773945123,BALANCE,1,-7.4869489319971145e-06
2.182,-0.03566689692553446,0.0,-0.03834951969714103,-0.03733567118629718,-0.272959214457958,0.7679056719408708,BALANCE,1,-7.4869489319971145e-06
2.184,-0.03566689692553446,0.0,-0.035281558121369745,-0.036616731613572574,0.3594697863623028,-1.400450879658432,BALANCE,1,-7.4869489319971145e-06
2.186,-0.03566689692553446,0.0,-0.03681553890925539,-0.03668631416706156,-0.0347912767444912,3.694794154944416,BALANCE,1,-7.4869489319971145e-06
2.188,-0.03566689692553446,0.0,-0.0337475773334841,-0.03565775627530945,0.5142789458760545,0.529193434047313,BALANCE,1,-7.4869489319971145e-06
2.19,-0.03566689692553446,0.0,-0.03681553890925539,-0.03606298019719052,-0.20261196094053732,4.976337137261742,BALANCE,1,-7.4869489319971145e-06
2.192,-0.03566689692553446,0.0,-0.03681553890925539,-0.036326375746413224,-0.13169777461135082,-0.7903161486232944,BALANCE,1,-7.4869489319971145e-06
2.194,-0.03566689692553446,0.0,-0.0337475773334841,-0.03542379630188803,0.4512897222625975,-0.24607166609244757,BALANCE,1,-7.4869489319971145e-06
2.196,-0.03566689692553446,0.0,-0.03834951969714103,-0.03644779949022658,-0.5120015941692743,4.464898316310274,BALANCE,1,-7.4869489319971145e-06
2.198,-0.03566689692553446,0.0,-0.035281558121369745,-0.03603961501112669,0.20409223954994532,-3.3101619663430593,BALANCE,1,-7.4869489319971145e-06
2.2,-0.03566689692553446,0.0,-0.0337475773334841,-0.03523740182395178,0.40110659358745177,2.435871849154466,BALANCE,1,-7.4869489319971145e-06
2.202,-0.03566689692553446,0.0,-0.03681553890925539,-0.035789749803808044,-0.27617398992813014,4.053071992320222,BALANCE,1,-7.4869489319971145e-06
2.204,-0.03566689692553446,0.0,-0.03681553890925539,-0.03614877599071461,-0.1795130934532825,-1.405471504556571,BALANCE,1,-7.4869489319971145e-06
2.206,-0.03566689692553446,0.0,-0.03834951969714103,-0.036919036287963856,-0.3851301486246239,-0.6609556591703267,BALANCE,1,-7.4869489319971145e-06
2.208,-0.03566689692553446,0.0,-0.03681553890925539,-0.036882812205415894,0.018112041273981444,-2.3594915256336058,BALANCE,1,-7.4869489319971145e-06
2.21,-0.03566689692553446,0.0,-0.032213596545598466,-0.035248586724479794,0.8171127404680497,0.8612428760670321,BALANCE,1,-7.4869489319971145e-06
2.212,-0.03566689692553446,0.0,-0.035281558121369745,-0.03526012671339127,-0.005769994455739197,7.344252281130848,BALANCE,1,-7.4869489319971145e-06
2.214,-0.03566689692553446,0.0,-0.0337475773334841,-0.03473073443042376,0.26469614148375703,0.7534459770631696,BALANCE,1,-7.4869489319971145e-06
2.216,-0.03566689692553446,0.0,-0.035281558121369745,-0.03492352272225485,-0.09639414591554665,2.941992454671106,BALANCE,1,-7.4869489319971145e-06
2.218,-0.03566689692553446,0.0,-0.035281558121369745,-0.035048835111945065,-0.06265619484510654,0.034718153422359954,BALANCE,1,-7.4869489319971145e-06
2.22,-0.03566689692553446,0.0,-0.03834951969714103,-0.03620407471676365,-0.5776198024092932,0.2900932515820793,BALANCE,1,-7.4869489319971145e-06
2.222,-0.03566689692553446,0.0,-0.035281558121369745,-0.03588119390837578,0.16144040419393407,-3.9061708001638817,BALANCE,1,-7.4869489319971145e-06
2.224,-0.03566689692553446,0.0,-0.035281558121369745,-0.03567132138292367,0.1049362627260561,2.018507462383533,BALANCE,1,-7.4869489319971145e-06
2.226,-0.03566689692553446,0.0,-0.032213596545598466,-0.03446111768985985,0.6051018465319108,1.5719324178910514,BALANCE,1,-7.4869489319971145e-06
2.228,-0.03566689692553446,0.0,-0.035281558121369745,-0.03474827184088831,-0.14357707551422919,5.638977086383747,BALANCE,1,-7.4869489319971145e-06
2.23,-0.03566689692553446,0.0,-0.035281558121369745,-0.03493492203905681,-0.09332509908424949,-0.3746331934152578,BALANCE,1,-7.4869489319971145e-06
2.232,-0.03566689692553446,0.0,-0.039883500485026674,-0.03666692449514626,-0.8660012280447271,0.009196621726657472,BALANCE,1,-7.4869489319971145e-06
2.234,-0.03566689692553446,0.0,-0.0337475773334841,-0.0356451529885645,0.5108857532908802,-6.283465942221559,BALANCE,1,-7.4869489319971145e-06
2.236,-0.03566689692553446,0.0,-0.032213596545598466,-0.03444410823352639,0.6005223775190568,4.785807168260491,BALANCE,1,-7.4869489319971145e-06
2.238,-0.03566689692553446,0.0,-0.03834951969714103,-0.03581100224579151,-0.6834470061325599,5.5680740257414865,BALANCE,1,-7.4869489319971145e-06
2.24,-0.03566689692553446,0.0,-0.03681553890925539,-0.03616259007800386,-0.1757939161061775,-4.792856884656514,BALANCE,1,-7.4869489319971145e-06
2.242,-0.03566689692553446,0.0,-0.035281558121369745,-0.03585422889318192,0.15418059241097126,-0.7599599523937965,BALANCE,1,-7.4869489319971145e-06
2.244,-0.03566689692553446,0.0,-0.03681553890925539,-0.03619068739880763,-0.16822925281285636,1.891166941054074,BALANCE,1,-7.4869489319971145e-06
2.246,-0.03566689692553446,0.0,-0.03681553890925539,-0.036409385427464344,-0.10934901432835611,-0.7155374685538511,BALANCE,1,-7.4869489319971145e-06
2.248,-0.03566689692553446,0.0,-0.035281558121369745,-0.036014645870331236,0.1973697785665543,-0.2648993194827449,BALANCE,1,-7.4869489319971145e-06
2.25,-0.03566689692553446,0.0,-0.03681553890925539,-0.03629495843395469,-0.14015628181172565,2.2053324679304587,BALANCE,1,-7.4869489319971145e-06
2.2520000000000002,-0.03566689692553446,0.0,-0.03834951969714103,-0.0370140548760699,-0.3595482210576074,-0.5189537605999788,BALANCE,1,-7.4869489319971145e-06
2.254,-0.03566689692553446,0.0,-0.03834951969714103,-0.037481467563444795,-0.23370634368744675,-2.3246378720691605,BALANCE,1,-7.4869489319971145e-06
2.2560000000000002,-0.03566689692553446,0.0,-0.032213596545598466,-0.03563771270719858,0.9218774281231079,-1.3534439078630571,BALANCE,1,-7.4869489319971145e-06
2.258,-0.03566689692553446,0.0,-0.0337475773334841,-0.03497616532639851,0.33077369040003524,7.994724015454715,BALANCE,1,-7.4869489319971145e-06
2.2600000000000002,-0.03566689692553446,0.0,-0.03834951969714103,-0.03615683935615839,-0.5903370148799408,3.2985917234528563,BALANCE,1,-7.4869489319971145e-06
2.262,-0.03566689692553446,0.0,-0.035281558121369745,-0.03585049092398236,0.15317421608801451,-4.1483657284437765,BALANCE,1,-7.4869489319971145e-06
2.2640000000000002,-0.03566689692553446,0.0,-0.035281558121369745,-0.03565136444306794,0.09956324045721013,1.8109349270456314,BALANCE,1,-7.4869489319971145e-06
2.266,-0.03566689692553446,0.0,-0.035281558121369745,-0.03552193223047357,0.06471610629718572,1.3868644379654478,BALANCE,1,-7.4869489319971145e-06
2.2680000000000002,-0.03566689692553446,0.0,-0.035281558121369745,-0.03543780129228723,0.04206546909317141,1.1087489109948203,BALANCE,1,-7.4869489319971145e-06
2.27,-0.03566689692553446,0.0,-0.03834951969714103,-0.03645690273398606,-0.5095507208494159,0.925504109395429,BALANCE,1,-7.4869489319971145e-06
2.2720000000000002,-0.03566689692553446,0.0,-0.035281558121369745,-0.036045532119570345,0.20568530720785697,-3.555862877193996,BALANCE,1,-7.4869489319971145e-06
2.274,-0.03566689692553446,0.0,-0.035281558121369745,-0.035778141220200135,0.13369544968510477,2.183498477705215,BALANCE,1,-7.4869489319971145e-06
2.2760000000000002,-0.03566689692553446,0.0,-0.039883500485026674,-0.037215016962889425,-0.7184378713446445,1.61646744324137,BALANCE,1,-7.4869489319971145e-06
2.278,-0.03566689692553446,0.0,-0.03834951969714103,-0.037612092919877486,-0.19853797849403096,-5.29425467295056,BALANCE,1,-7.4869489319971145e-06
2.2800000000000002,-0.03566689692553446,0.0,-0.035281558121369745,-0.036796405740399774,0.4078435897388564,-1.166402506148911,BALANCE,1,-7.4869489319971145e-06
2.282,-0.03566689692553446,0.0,-0.035281558121369745,-0.03626620907373926,0.26509833333025756,3.7262319893347713,BALANCE,1,-7.4869489319971145e-06
2.2840000000000003,-0.03566689692553446,0.0,-0.03681553890925539,-0.0364584745161699,-0.09613272121532235,2.6088284962508634,BALANCE,1,-7.4869489319971145e-06
2.286,-0.03566689692553446,0.0,-0.035281558121369745,-0.03604655377798985,0.20596036909002746,-0.299847561562848,BALANCE,1,-7.4869489319971145e-06
2.2880000000000003,-0.03566689692553446,0.0,-0.035281558121369745,-0.03577880529817281,0.13387423990851924,2.1344030944151555,BALANCE,1,-7.4869489319971145e-06
2.29,-0.03566689692553446,0.0,-0.03681553890925539,-0.03614166206205171,-0.18142838193944966,1.5666232086924776,BALANCE,1,-7.4869489319971145e-06
2.2920000000000003,-0.03566689692553446,0.0,-0.035281558121369745,-0.03584062568281302,0.15051818961934332,-0.9847975043364174,BALANCE,1,-7.4869489319971145e-06
2.294,-0.03566689692553446,0.0,-0.035281558121369745,-0.035644952036307874,0.0978368232525742,1.6816691257516845,BALANCE,1,-7.4869489319971145e-06
2.2960000000000003,-0.03566689692553446,0.0,-0.03681553890925539,-0.0360546574418395,-0.20485270276581272,1.2648296232005793,BALANCE,1,-7.4869489319971145e-06
2.298,-0.03566689692553446,0.0,-0.03834951969714103,-0.036857859231195035,-0.40160089467776783,-1.1884798407667816,BALANCE,1,-7.4869489319971145e-06
2.3000000000000003,-0.03566689692553446,0.0,-0.035281558121369745,-0.03630615384275618,0.2758526942194285,-2.818029055269993,BALANCE,1,-7.4869489319971145e-06
2.302,-0.03566689692553446,0.0,-0.03681553890925539,-0.0364844386160309,-0.0891423866373614,2.6274407484453572,BALANCE,1,-7.4869489319971145e-06
2.3040000000000003,-0.03566689692553446,0.0,-0.0337475773334841,-0.03552653716713952,0.47895072444568976,-0.31051387252865137,BALANCE,1,-7.4869489319971145e-06
2.306,-0.03566689692553446,0.0,-0.035281558121369745,-0.035440794501120094,0.042871333009713436,4.284599795635813,BALANCE,1,-7.4869489319971145e-06
2.308,-0.03566689692553446,0.0,-0.035281558121369745,-0.03538506176820747,0.02786636645631113,0.7940210652089441,BALANCE,1,-7.4869489319971145e-06
2.31,-0.03566689692553446,0.0,-0.035281558121369745,-0.035348835491814265,0.018113138196603623,0.6702482844028408,BALANCE,1,-7.4869489319971145e-06
2.312,-0.03566689692553446,0.0,-0.0337475773334841,-0.034788395136398705,0.2802201777077802,0.5873262678104105,BALANCE,1,-7.4869489319971145e-06
2.314,-0.03566689692553446,0.0,-0.03681553890925539,-0.03549789545689854,-0.3547501602499184,2.7108513261974774,BALANCE,1,-7.4869489319971145e-06
2.316,-0.03566689692553446,0.0,-0.035281558121369745,-0.03542217738946346,0.037859033717540375,-2.4185809757854817,BALANCE,1,-7.4869489319971145e-06
2.318,-0.03566689692553446,0.0,-0.0337475773334841,-0.03483606736987068,0.29305500979638976,0.7197512245224009,BALANCE,1,-7.4869489319971145e-06
2.32,-0.03566689692553446,0.0,-0.03681553890925539,-0.03552888240865533,-0.3464075193923242,2.789518420854789,BALANCE,1,-7.4869489319971145e-06
2.322,-0.03566689692553446,0.0,-0.0337475773334841,-0.034905425632345395,0.3117283881549672,-2.3748564914637327,BALANCE,1,-7.4869489319971145e-06
2.324,-0.03566689692553446,0.0,-0.035281558121369745,-0.035037072003503915,-0.06582318557925987,2.9206570903667255,BALANCE,1,-7.4869489319971145e-06
2.326,-0.03566689692553446,0.0,-0.035281558121369745,-0.03512264214475695,-0.04278507062651857,-0.11466169617730282,BALANCE,1,-7.4869489319971145e-06
2.328,-0.03566689692553446,0.0,-0.03681553890925539,-0.035715156012331405,-0.2962569337872263,0.05748448654049376,BALANCE,1,-7.4869489319971145e-06
2.33,-0.03566689692553446,0.0,-0.0337475773334841,-0.03502650347473485,0.3443262687982777,-2.012984282002101,BALANCE,1,-7.4869489319971145e-06
2.332,-0.03566689692553446,0.0,-0.035281558121369745,-0.03511577260105706,-0.04463456316110628,3.1459951902427767,BALANCE,1,-7.4869489319971145e-06
2.334,-0.03566689692553446,0.0,-0.035281558121369745,-0.0351737975331665,-0.029012466054717523,0.02192923246816081,BALANCE,1,-7.4869489319971145e-06
2.336,-0.03566689692553446,0.0,-0.03834951969714103,-0.036285300290557584,-0.5557513786955438,0.13638975388607166,BALANCE,1,-7.4869489319971145e-06
2.338,-0.03566689692553446,0.0,-0.03681553890925539,-0.03647088380710181,-0.09279175827211356,-4.151468772742115,BALANCE,1,-7.4869489319971145e-06
2.34,-0.03566689692553446,0.0,-0.035281558121369745,-0.03605461981709559,0.20813199500311144,-0.4662209971087474,BALANCE,1,-7.4869489319971145e-06
2.342,-0.03566689692553446,0.0,-0.0337475773334841,-0.035247154947831566,0.4037324346320113,1.9589339445300065,BALANCE,1,-7.4869489319971145e-06
2.344,-0.03566689692553446,0.0,-0.03681553890925539,-0.0357960893343299,-0.27446719324916713,3.565135922727481,BALANCE,1,-7.4869489319971145e-06
2.346,-0.03566689692553446,0.0,-0.035281558121369745,-0.035616003409793845,0.09004296226802766,-1.9005563813787125,BALANCE,1,-7.4869489319971145e-06
2.348,-0.03566689692553446,0.0,-0.03834951969714103,-0.03657273411036536,-0.47836535028575666,1.0192068175490503,BALANCE,1,-7.4869489319971145e-06
2.35,-0.03566689692553446,0.0,-0.035281558121369745,-0.03612082251421689,0.22595579807423508,-3.5927780717375883,BALANCE,1,-7.4869489319971145e-06
2.352,-0.03566689692553446,0.0,-0.03681553890925539,-0.036363973252480364,-0.12157536913173783,2.0616816464084105,BALANCE,1,-7.4869489319971145e-06
2.354,-0.03566689692553446,0.0,-0.0337475773334841,-0.03544823468083167,0.45786928582434644,-0.7404295301856774,BALANCE,1,-7.4869489319971145e-06
2.356,-0.03566689692553446,0.0,-0.03681553890925539,-0.03592679116077997,-0.23927823997415068,3.942982376825752,BALANCE,1,-7.4869489319971145e-06
2.358,-0.03566689692553446,0.0,-0.035281558121369745,-0.03570095959698639,0.112915781896792,-1.6700965765912787,BALANCE,1,-7.4869489319971145e-06
2.36,-0.03566689692553446,0.0,-0.035281558121369745,-0.03555416908052056,0.07339525823291462,1.1538653002844803,BALANCE,1,-7.4869489319971145e-06
2.362,-0.03566689692553446,0.0,-0.03681553890925539,-0.035995648520577746,-0.22073972002859335,0.839397708145307,BALANCE,1,-7.4869489319971145e-06
2.364,-0.03566689692553446,0.0,-0.0337475773334841,-0.03520882360509497,0.39341245774138917,-1.547370014054303,BALANCE,1,-7.4869489319971145e-06
2.366,-0.03566689692553446,0.0,-0.0337475773334841,-0.034697387410031165,0.2557180975319012,3.4060151383135038,BALANCE,1,-7.4869489319971145e-06
2.368,-0.03566689692553446,0.0,-0.03681553890925539,-0.03543874043475964,-0.37067651236423815,2.3282069508594225,BALANCE,1,-7.4869489319971145e-06
2.37,-0.03566689692553446,0.0,-0.0337475773334841,-0.0348468333493132,0.2959535427232221,-2.734518857880353,BALANCE,1,-7.4869489319971145e-06
2.372,-0.03566689692553446,0.0,-0.035281558121369745,-0.03499898701953299,-0.07607683510989574,2.627066641276253,BALANCE,1,-7.4869489319971145e-06
2.374,-0.03566689692553446,0.0,-0.03834951969714103,-0.0361716734566958,-0.586343218581406,-0.36530539900578374,BALANCE,1,-7.4869489319971145e-06
2.376,-0.03566689692553446,0.0,-0.0337475773334841,-0.0353232398135717,0.4242168215620491,-4.5250319876989735,BALANCE,1,-7.4869489319971145e-06
2.378,-0.03566689692553446,0.0,-0.035281558121369745,-0.035308651221301016,0.007294296135343381,3.6032897040733984,BALANCE,1,-7.4869489319971145e-06
2.38,-0.03566689692553446,0.0,-0.0337475773334841,-0.034762275360565094,0.27318793036796085,0.26172308595173366,BALANCE,1,-7.4869489319971145e-06
2.382,-0.03566689692553446,0.0,-0.03681553890925539,-0.035480917602606694,-0.35932112102080027,2.414702256384716,BALANCE,1,-7.4869489319971145e-06
2.384,-0.03566689692553446,0.0,-0.03681553890925539,-0.035948035059933735,-0.23355872866352018,-2.6955848727683906,BALANCE,1,-7.4869489319971145e-06
2.386,-0.03566689692553446,0.0,-0.035281558121369745,-0.035714768131436335,0.11663346424869991,-1.7247023883617585,BALANCE,1,-7.4869489319971145e-06
2.388,-0.03566689692553446,0.0,-0.0337475773334841,-0.03502625135215305,0.3442583896416419,1.0836882170195592,BALANCE,1,-7.4869489319971145e-06
2.39,-0.03566689692553446,0.0,-0.03834951969714103,-0.03618939527289884,-0.5815719603728953,2.938993376649661,BALANCE,1,-7.4869489319971145e-06
2.392,-0.03566689692553446,0.0,-0.0337475773334841,-0.03533475899410368,0.42731813939757973,-4.544675937765963,BALANCE,1,-7.4869489319971145e-06
2.394,-0.03566689692553446,0.0,-0.03681553890925539,-0.03585303196440678,-0.25913648515154747,3.5706560853267253,BALANCE,1,-7.4869489319971145e-06
2.396,-0.03566689692553446,0.0,-0.0337475773334841,-0.03511612284358384,0.3684545604114679,-1.959247895677359,BALANCE,1,-7.4869489319971145e-06
2.398,-0.03566689692553446,0.0,-0.03681553890925539,-0.03571091846656888,-0.2973978114925203,3.098671791507423,BALANCE,1,-7.4869489319971145e-06
2.4,-0.03566689692553446,0.0,-0.035281558121369745,-0.03556064234574918,0.07513806040984963,-2.2709771047968994,BALANCE,1,-7.4869489319971145e-06
2.402,-0.03566689692553446,0.0,-0.03681553890925539,-0.03599985614297635,-0.2196068986135835,0.7112143092020926,BALANCE,1,-7.4869489319971145e-06
2.404,-0.03566689692553446,0.0,-0.03834951969714103,-0.036822238386933985,-0.41119112197881763,-1.6802981620475976,BALANCE,1,-7.4869489319971145e-06
2.406,-0.03566689692553446,0.0,-0.03834951969714103,-0.037356786845506446,-0.26727422928623024,-3.2696793312843155,BALANCE,1,-7.4869489319971145e-06
2.408,-0.03566689692553446,0.0,-0.03681553890925539,-0.03716735006781857,0.0947183888439368,-2.157888454627065,BALANCE,1,-7.4869489319971145e-06
2.41,-0.03566689692553446,0.0,-0.03681553890925539,-0.03704421616232145,0.06156695274855961,0.7419852270619796,BALANCE,1,-7.4869489319971145e-06
2.412,-0.03566689692553446,0.0,-0.03834951969714103,-0.037501072399508305,-0.22842811859342602,0.4767529293963251,BALANCE,1,-7.4869489319971145e-06
2.414,-0.03566689692553446,0.0,-0.03681553890925539,-0.037261135677919784,0.1199683607942606,-1.878119230050673,BALANCE,1,-7.4869489319971145e-06
2.416,-0.03566689692553446,0.0,-0.035281558121369745,-0.036568283533127265,0.3464260723962595,0.9159965812105475,BALANCE,1,-7.4869489319971145e-06
2.418,-0.03566689692553446,0.0,-0.0337475773334841,-0.035581036363252154,0.4936235849375553,2.7619157460074644,BALANCE,1,-7.4869489319971145e-06
2.42,-0.03566689692553446,0.0,-0.035281558121369745,-0.03547621897859331,0.05240869232942327,3.991614469257687,BALANCE,1,-7.4869489319971145e-06
2.422,-0.03566689692553446,0.0,-0.03681553890925539,-0.03594498095432503,-0.23438098786586134,0.46108912767644283,BALANCE,1,-7.4869489319971145e-06
2.424,-0.03566689692553446,0.0,-0.03681553890925539,-0.03624967623855065,-0.15234764211281143,-1.8685430286206017,BALANCE,1,-7.4869489319971145e-06
2.426,-0.03566689692553446,0.0,-0.03834951969714103,-0.03698462144905728,-0.3674726052533134,-1.2378079148974503,BALANCE,1,-7.4869489319971145e-06
2.428,-0.03566689692553446,0.0,-0.035281558121369745,-0.03638854928436664,0.2980360823453196,-3.0103012569416756,BALANCE,1,-7.4869489319971145e-06
2.43,-0.03566689692553446,0.0,-0.03681553890925539,-0.0365379956530777,-0.0747231843555296,2.3422548638719536,BALANCE,1,-7.4869489319971145e-06
2.432,-0.03566689692553446,0.0,-0.035281558121369745,-0.03609824251697991,0.21987656804889344,-0.6560936509881188,BALANCE,1,-7.4869489319971145e-06
2.434,-0.03566689692553446,0.0,-0.0337475773334841,-0.03527550970275638,0.4113664071117677,1.7198699079097368,BALANCE,1,-7.4869489319971145e-06
2.436,-0.03566689692553446,0.0,-0.035281558121369745,-0.03527762664927105,-0.0010584732573377942,3.2940974873255917,BALANCE,1,-7.4869489319971145e-06
2.438,-0.03566689692553446,0.0,-0.03681553890925539,-0.03581589594026557,-0.2691346454972571,-0.012484097747986755,BALANCE,1,-7.4869489319971145e-06
2.44,-0.03566689692553446,0.0,-0.03834951969714103,-0.03670266425517198,-0.44338415745320475,-2.1965528123150655,BALANCE,1,-7.4869489319971145e-06
2.442,-0.03566689692553446,0.0,-0.03834951969714103,-0.037279063659861146,-0.28819970234458464,-3.651095539708065,BALANCE,1,-7.4869489319971145e-06
2.444,-0.03566689692553446,0.0,-0.03681553890925539,-0.03711682999714913,0.08111683135600747,-2.451659675852428,BALANCE,1,-7.4869489319971145e-06
2.446,-0.03566689692553446,0.0,-0.035281558121369745,-0.03647448484062634,0.3211725782613951,0.5051832475156008,BALANCE,1,-7.4869489319971145e-06
2.448,-0.03566689692553446,0.0,-0.03681553890925539,-0.0365938537646465,-0.05968446201008032,2.456875035181944,BALANCE,1,-7.4869489319971145e-06
2.45,-0.03566689692553446,0.0,-0.035281558121369745,-0.036134550289499634,0.22965173757343374,-0.6044621931839984,BALANCE,1,-7.4869489319971145e-06
2.452,-0.03566689692553446,0.0,-0.03681553890925539,-0.036372896306414146,-0.11917300845725592,1.7305587019350261,BALANCE,1,-7.4869489319971145e-06
2.454,-0.03566689692553446,0.0,-0.032213596545598466,-0.03491714139012866,0.7278774581427443,-1.081614606586645,BALANCE,1,-7.4869489319971145e-06
2.456,-0.03566689692553446,0.0,-0.0337475773334841,-0.03450779397030306,0.20467370991279765,5.77515099291246,BALANCE,1,-7.4869489319971145e-06
2.458,-0.03566689692553446,0.0,-0.03834951969714103,-0.035852397974696346,-0.6723020021966418,1.607180293468362,BALANCE,1,-7.4869489319971145e-06
2.46,-0.03566689692553446,0.0,-0.035281558121369745,-0.035652604026032035,0.09989697433215525,-5.49647212326569,BALANCE,1,-7.4869489319971145e-06
2.462,-0.03566689692553446,0.0,-0.03681553890925539,-0.036059631235160206,-0.2035136045640852,0.6859768050793391,BALANCE,1,-7.4869489319971145e-06
2.464,-0.03566689692553446,0.0,-0.03834951969714103,-0.03686109219685349,-0.4007304808466422,-1.7729413848853062,BALANCE,1,-7.4869489319971145e-06
2.466,-0.03566689692553446,0.0,-0.0337475773334841,-0.0357713619946742,0.5448651010896456,-3.40613627128673,BALANCE,1,-7.4869489319971145e-06
2.468,-0.03566689692553446,0.0,-0.03681553890925539,-0.03613682391477761,-0.18273096005170728,4.216857923935395,BALANCE,1,-7.4869489319971145e-06
2.47,-0.03566689692553446,0.0,-0.0337475773334841,-0.03530058761132488,0.4181181517263661,-1.6330656451845884,BALANCE,1,-7.4869489319971145e-06
2.472,-0.03566689692553446,0.0,-0.0337475773334841,-0.034757034014080604,0.2717767986221385,3.216841309724898,BALANCE,1,-7.4869489319971145e-06
2.474,-0.03566689692553446,0.0,-0.03681553890925539,-0.035477510727391776,-0.36023835665558585,2.0717722939229173,BALANCE,1,-7.4869489319971145e-06
2.476,-0.03566689692553446,0.0,-0.03834951969714103,-0.03648271386680401,-0.5026015697061175,-3.034673053243026,BALANCE,1,-7.4869489319971145e-06
2.478,-0.03566689692553446,0.0,-0.03834951969714103,-0.037136095907421965,-0.3266910203089772,-4.241187488785373,BALANCE,1,-7.4869489319971145e-06
2.48,-0.03566689692553446,0.0,-0.035281558121369745,-0.03648700768230369,0.3245441125591386,-2.8805332352268134,BALANCE,1,-7.4869489319971145e-06
2.482,-0.03566689692553446,0.0,-0.035281558121369745,-0.036065100335976805,0.2109536731634415,2.3609957196887486,BALANCE,1,-7.4869489319971145e-06
2.484,-0.03566689692553446,0.0,-0.03681553890925539,-0.03632775383662431,-0.1313267503237521,1.470373625235589,BALANCE,1,-7.4869489319971145e-06
2.486,-0.03566689692553446,0.0,-0.03681553890925539,-0.036498478612045186,-0.08536238771043869,-1.2908945234681344,BALANCE,1,-7.4869489319971145e-06
2.488,-0.03566689692553446,0.0,-0.032213596545598466,-0.03499876988878883,0.7498543616281765,-0.9407228048092893,BALANCE,1,-7.4869489319971145e-06
2.49,-0.03566689692553446,0.0,-0.035281558121369745,-0.03509774577019215,-0.049487940701659766,5.823993959317256,BALANCE,1,-7.4869489319971145e-06
2.492,-0.03566689692553446,0.0,-0.03681553890925539,-0.03569897336886428,-0.30061379933606425,-0.583702561359672,BALANCE,1,-7.4869489319971145e-06
2.494,-0.03566689692553446,0.0,-0.03834951969714103,-0.03662666458376114,-0.4638456074484293,-2.635922881029008,BALANCE,1,-7.4869489319971145e-06
2.496,-0.03566689692553446,0.0,-0.03834951969714103,-0.0372296638734441,-0.301499644841479,-4.004764151738492,BALANCE,1,-7.4869489319971145e-06
2.498,-0.03566689692553446,0.0,-0.0337475773334841,-0.036010933584458095,0.6093651444930015,-2.749622341038556,BALANCE,1,-7.4869489319971145e-06
2.5,-0.03566689692553446,0.0,-0.0337475773334841,-0.03521875889661719,0.396087343920451,4.603217604259556,BALANCE,1,-7.4869489319971145e-06
2.5020000000000002,-0.03566689692553446,0.0,-0.035281558121369745,-0.035240738625280585,-0.010989864331695937,2.937481929170283,BALANCE,1,-7.4869489319971145e-06
2.504,-0.03566689692553446,0.0,-0.03681553890925539,-0.035791918724671766,-0.27559004969559053,-0.32750266829175256,BALANCE,1,-7.4869489319971145e-06
2.5060000000000002,-0.03566689692553446,0.0,-0.03681553890925539,-0.036150185789276035,-0.17913353230213439,-2.4845333409113133,BALANCE,1,-7.4869489319971145e-06
2.508,-0.03566689692553446,0.0,-0.03681553890925539,-0.036383059381268804,-0.1164367959963844,-1.741607262797776,BALANCE,1,-7.4869489319971145e-06
2.5100000000000002,-0.03566689692553446,0.0,-0.035281558121369745,-0.03599753394030413,0.1927627204823361,-1.2612823997475962,BALANCE,1,-7.4869489319971145e-06
2.512,-0.03566689692553446,0.0,-0.035281558121369745,-0.035746942403677096,0.12529576831351794,1.2282457517519871,BALANCE,1,-7.4869489319971145e-06
2.5140000000000002,-0.03566689692553446,0.0,-0.032213596545598466,-0.034510271353349574,0.6183355251637608,0.6963962381183288,BALANCE,1,-7.4869489319971145e-06
2.516,-0.03566689692553446,0.0,-0.035281558121369745,-0.03478022172215663,-0.13497518440352962,4.708012501669253,BALANCE,1,-7.4869489319971145e-06
2.5180000000000002,-0.03566689692553446,0.0,-0.03681553890925539,-0.03549258273764119,-0.35618050774227983,-1.341626241341925,BALANCE,1,-7.4869489319971145e-06
2.52,-0.03566689692553446,0.0,-0.03681553890925539,-0.03595561739770616,-0.2315173300324845,-3.161109005528529,BALANCE,1,-7.4869489319971145e-06
2.5220000000000002,-0.03566689692553446,0.0,-0.0337475773334841,-0.03518280337522844,0.38640701123886234,-2.198776786933606,BALANCE,1,-7.4869489319971145e-06
2.524,-0.03566689692553446,0.0,-0.03681553890925539,-0.03575426081213787,-0.2857287184547148,2.7839502239107867,BALANCE,1,-7.4869489319971145e-06
2.5260000000000002,-0.03566689692553446,0.0,-0.03834951969714103,-0.03666260142188897,-0.45417030487555216,-2.6345739120148233,BALANCE,1,-7.4869489319971145e-06
2.528,-0.03566689692553446,0.0,-0.03834951969714103,-0.03725302281822719,-0.29521069816910994,-4.043939560250967,BALANCE,1,-7.4869489319971145e-06
2.5300000000000002,-0.03566689692553446,0.0,-0.03681553890925539,-0.037099903450087054,0.0765596840700683,-2.815138594943368,BALANCE,1,-7.4869489319971145e-06
2.532,-0.03566689692553446,0.0,-0.03681553890925539,-0.03700037586079597,0.04976379464554162,0.16079164436844895,BALANCE,1,-7.4869489319971145e-06
2.5340000000000003,-0.03566689692553446,0.0,-0.035281558121369745,-0.03639878965199679,0.3007931043995902,-0.055003890842458825,BALANCE,1,-7.4869489319971145e-06
2.536,-0.03566689692553446,0.0,-0.035281558121369745,-0.03600775861627732,0.19551551785973453,1.9820460017874817,BALANCE,1,-7.4869489319971145e-06
2.5380000000000003,-0.03566689692553446,0.0,-0.032213596545598466,-0.03467980189153972,0.6639783623688007,1.156085619888549,BALANCE,1,-7.4869489319971145e-06
2.54,-0.03566689692553446,0.0,-0.03681553890925539,-0.0354273098477402,-0.37375397810024064,4.976529819067027,BALANCE,1,-7.4869489319971145e-06
2.5420000000000003,-0.03566689692553446,0.0,-0.035281558121369745,-0.03537629674351054,0.025506552114831077,-3.3772648440268807,BALANCE,1,-7.4869489319971145e-06
2.544,-0.03566689692553446,0.0,-0.0337475773334841,-0.034806244950001286,0.28502589675462664,-0.18719507540123015,BALANCE,1,-7.4869489319971145e-06
2.5460000000000003,-0.03566689692553446,0.0,-0.03681553890925539,-0.03550949783574022,-0.3516264428694675,1.9162015403376893,BALANCE,1,-7.4869489319971145e-06
2.548,-0.03566689692553446,0.0,-0.03681553890925539,-0.035966612211470524,-0.22855718786515128,-3.226314249366548,BALANCE,1,-7.4869489319971145e-06
2.5500000000000003,-0.03566689692553446,0.0,-0.03834951969714103,-0.0368006298314552,-0.417008809992337,-2.2763803943181307,BALANCE,1,-7.4869489319971145e-06
2.552,-0.03566689692553446,0.0,-0.0337475773334841,-0.035732061457165315,0.5342841871449413,-3.841394554500988,BALANCE,1,-7.4869489319971145e-06
2.5540000000000003,-0.03566689692553446,0.0,-0.035281558121369745,-0.03557438528963686,0.07883808376422594,3.8259171127631983,BALANCE,1,-7.4869489319971145e-06
2.556,-0.03566689692553446,0.0,-0.03681553890925539,-0.03600878905650334,-0.21720188343323996,0.18469397871125537,BALANCE,1,-7.4869489319971145e-06
2.5580000000000003,-0.03566689692553446,0.0,-0.03834951969714103,-0.03682804478072653,-0.40962786211159313,-2.216891742691762,BALANCE,1,-7.4869489319971145e-06
2.56,-0.03566689692553446,0.0,-0.0337475773334841,-0.03574988117419168,0.539081803267425,-3.8128205245281226,BALANCE,1,-7.4869489319971145e-06
2.562,-0.03566689692553446,0.0,-0.0337475773334841,-0.03504907482994402,0.3504031721238282,3.834396638661275,BALANCE,1,-7.4869489319971145e-06
2.564,-0.03566689692553446,0.0,-0.03681553890925539,-0.035667337257703,-0.3091312138794877,2.3600061552013702,BALANCE,1,-7.4869489319971145e-06
2.566,-0.03566689692553446,0.0,-0.03681553890925539,-0.03606920783574633,-0.20093528902166702,-2.9604981459422364,BALANCE,1,-7.4869489319971145e-06
2.568,-0.03566689692553446,0.0,-0.0337475773334841,-0.03525663715995455,0.4062853378958911,-2.12625682332942,BALANCE,1,-7.4869489319971145e-06
2.57,-0.03566689692553446,0.0,-0.03681553890925539,-0.035802252772209844,-0.27280780612764716,2.7732111051265615,BALANCE,1,-7.4869489319971145e-06
2.572,-0.03566689692553446,0.0,-0.03681553890925539,-0.03615690292017578,-0.17732507398296807,-2.6994314343515042,BALANCE,1,-7.4869489319971145e-06
2.574,-0.03566689692553446,0.0,-0.03834951969714103,-0.036924318792113615,-0.38370793596891745,-1.9640799666560627,BALANCE,1,-7.4869489319971145e-06
2.576,-0.03566689692553446,0.0,-0.035281558121369745,-0.036349352557353255,0.28748311738018006,-3.6685726786183506,BALANCE,1,-7.4869489319971145e-06
2.578,-0.03566689692553446,0.0,-0.0337475773334841,-0.03543873122899905,0.45531066417710264,1.7281838517485808,BALANCE,1,-7.4869489319971145e-06
2.58,-0.03566689692553446,0.0,-0.0337475773334841,-0.034846827365568815,0.2959519317151174,3.118353759579414,BALANCE,1,-7.4869489319971145e-06
2.582,-0.03566689692553446,0.0,-0.0337475773334841,-0.03446208985433916,0.19236875561482597,1.872028766216232,BALANCE,1,-7.4869489319971145e-06
2.584,-0.03566689692553446,0.0,-0.035281558121369745,-0.03474890374779986,-0.14340694673034907,1.0595551901168119,BALANCE,1,-7.4869489319971145e-06
2.586,-0.03566689692553446,0.0,-0.0337475773334841,-0.03439843950278934,0.17523212250526027,-1.6508090430017908,BALANCE,1,-7.4869489319971145e-06
2.588,-0.03566689692553446,0.0,-0.03681553890925539,-0.03524442429505246,-0.4229923961315586,0.9124516776831575,BALANCE,1,-7.4869489319971145e-06
2.59,-0.03566689692553446,0.0,-0.0337475773334841,-0.03472052785850353,0.2619482182744624,-3.931152443806191,BALANCE,1,-7.4869489319971145e-06
2.592,-0.03566689692553446,0.0,-0.03681553890925539,-0.03545378172626668,-0.3666269338815746,1.572862152063212,BALANCE,1,-7.4869489319971145e-06
2.594,-0.03566689692553446,0.0,-0.035281558121369745,-0.03539350346455275,0.030139130856966095,-3.506825053596126,BALANCE,1,-7.4869489319971145e-06
2.596,-0.03566689692553446,0.0,-0.035281558121369745,-0.03535432259443869,0.019590435057028482,-0.33615854067787554,BALANCE,1,-7.4869489319971145e-06
2.598,-0.03566689692553446,0.0,-0.035281558121369745,-0.035328855028864556,0.012733782787068687,-0.42526811938942055,BALANCE,1,-7.4869489319971145e-06
2.6,-0.03566689692553446,0.0,-0.03681553890925539,-0.03584919438700134,-0.26016967906839283,-0.485659054620424,BALANCE,1,-7.4869489319971145e-06
2.602,-0.03566689692553446,0.0,-0.035281558121369745,-0.03565052169403028,0.09933634648552972,-2.7072769498297236,BALANCE,1,-7.4869489319971145e-06
2.604,-0.03566689692553446,0.0,-0.0337475773334841,-0.03498449116783912,0.3330152630955825,0.17356151184111468,BALANCE,1,-7.4869489319971145e-06
2.606,-0.03566689692553446,0.0,-0.035281558121369745,-0.03508846460157483,-0.051986716867857136,2.075957778059439,BALANCE,1,-7.4869489319971145e-06
2.608,-0.03566689692553446,0.0,-0.0337475773334841,-0.03461915405774307,0.23465527191587898,-1.0173141605925364,BALANCE,1,-7.4869489319971145e-06
2.61,-0.03566689692553446,0.0,-0.03834951969714103,-0.035924782031532355,-0.652813986894641,1.29705655149571,BALANCE,1,-7.4869489319971145e-06
2.612,-0.03566689692553446,0.0,-0.03834951969714103,-0.03677344021449539,-0.4243290914815179,-5.888220153822113,BALANCE,1,-7.4869489319971145e-06
2.614,-0.03566689692553446,0.0,-0.03834951969714103,-0.037325068033421366,-0.2758139094629873,-4.11861516953781,BALANCE,1,-7.4869489319971145e-06
2.616,-0.03566689692553446,0.0,-0.03681553890925539,-0.037146732839963274,0.08916759672904576,-2.9710563961318077,BALANCE,1,-7.4869489319971145e-06
2.618,-0.03566689692553446,0.0,-0.035281558121369745,-0.036493921688455534,0.32640557575387,-0.04793358155605021,BALANCE,1,-7.4869489319971145e-06
2.62,-0.03566689692553446,0.0,-0.035281558121369745,-0.036069594439975504,0.21216362424001517,1.8818401353953171,BALANCE,1,-7.4869489319971145e-06
2.622,-0.03566689692553446,0.0,-0.039883500485026674,-0.03740446155574341,-0.6674335578839529,0.986150239305285,BALANCE,1,-7.4869489319971145e-06
2.624,-0.03566689692553446,0.0,-0.035281558121369745,-0.03666144535371262,0.3715081010153935,-6.1382001369436825,BALANCE,1,-7.4869489319971145e-06
2.626,-0.03566689692553446,0.0,-0.035281558121369745,-0.036178484822392616,0.2414802656600032,2.2105818173021934,BALANCE,1,-7.4869489319971145e-06
2.628,-0.03566689692553446,0.0,-0.035281558121369745,-0.03586456047703461,0.15696217267900311,1.1921010693737926,BALANCE,1,-7.4869489319971145e-06
2.63,-0.03566689692553446,0.0,-0.035281558121369745,-0.03566050965255191,0.10202541224135081,0.5276188741518653,BALANCE,1,-7.4869489319971145e-06
2.632,-0.03566689692553446,0.0,-0.03834951969714103,-0.0366016631681581,-0.4705767578030949,0.09323573818909892,BALANCE,1,-7.4869489319971145e-06
2.634,-0.03566689692553446,0.0,-0.035281558121369745,-0.03613962640178217,0.2310183831879635,-4.5513711657364695,BALANCE,1,-7.4869489319971145e-06
2.636,-0.03566689692553446,0.0,-0.03681553890925539,-0.036376195779397796,-0.11828468880781262,1.0818842428941964,BALANCE,1,-7.4869489319971145e-06
2.638,-0.03566689692553446,0.0,-0.0337475773334841,-0.035456179323328,0.4600082280348978,-1.7340097348848298,BALANCE,1,-7.4869489319971145e-06
2.64,-0.03566689692553446,0.0,-0.03681553890925539,-0.035931955178402586,-0.23788792753729263,2.940443351356376,BALANCE,1,-7.4869489319971145e-06
2.642,-0.03566689692553446,0.0,-0.035281558121369745,-0.03570431620844109,0.11381948498074765,-2.6784588355613033,BALANCE,1,-7.4869489319971145e-06
2.644,-0.03566689692553446,0.0,-0.035281558121369745,-0.03555635087796612,0.07398266523748684,0.14171793953902023,BALANCE,1,-7.4869489319971145e-06
2.646,-0.03566689692553446,0.0,-0.03681553890925539,-0.03599706668891736,-0.22035790547562245,-0.17520996875416062,BALANCE,1,-7.4869489319971145e-06
2.648,-0.03566689692553446,0.0,-0.035281558121369745,-0.035746638690275695,0.12521399932083344,-2.5635768964538936,BALANCE,1,-7.4869489319971145e-06
2.65,-0.03566689692553446,0.0,-0.0337475773334841,-0.035046967215398635,0.3498357374385301,0.2088746940981987,BALANCE,1,-7.4869489319971145e-06
2.652,-0.03566689692553446,0.0,-0.03834951969714103,-0.03620286058400847,-0.5779466843049176,2.040819494089316,BALANCE,1,-7.4869489319971145e-06
2.654,-0.03566689692553446,0.0,-0.035281558121369745,-0.03588040472208491,0.1612279309617798,-5.458034054091658,BALANCE,1,-7.4869489319971145e-06
2.656,-0.03566689692553446,0.0,-0.0337475773334841,-0.035133915136074625,0.37324479300514246,0.46753413881291794,BALANCE,1,-7.4869489319971145e-06
2.658,-0.03566689692553446,0.0,-0.03834951969714103,-0.03625937673244786,-0.5627307981866183,2.2014316272932217,BALANCE,1,-7.4869489319971145e-06
2.66,-0.03566689692553446,0.0,-0.03681553890925539,-0.0364540334943305,-0.09732838094131738,-5.361152673369749,BALANCE,1,-7.4869489319971145e-06
2.662,-0.03566689692553446,0.0,-0.03681553890925539,-0.036580560389554206,-0.06326344761185473,-1.6569035478191647,BALANCE,1,-7.4869489319971145e-06
2.664,-0.03566689692553446,0.0,-0.035281558121369745,-0.03612590959568964,0.22732539693228263,-1.3992918069747977,BALANCE,1,-7.4869489319971145e-06
2.666,-0.03566689692553446,0.0,-0.03681553890925539,-0.03636727985543765,-0.12068512987400276,0.9454728150910376,BALANCE,1,-7.4869489319971145e-06
2.668,-0.03566689692553446,0.0,-0.03681553890925539,-0.036524170524273855,-0.07844533441810422,-1.8603670709152131,BALANCE,1,-7.4869489319971145e-06
2.67,-0.03566689692553446,0.0,-0.03681553890925539,-0.03662614945901739,-0.05098946737176757,-1.539166981503052,BALANCE,1,-7.4869489319971145e-06
2.672,-0.03566689692553446,0.0,-0.0337475773334841,-0.03561864921508074,0.503750121968325,-1.3329640111087744,BALANCE,1,-7.4869489319971145e-06
2.674,-0.03566689692553446,0.0,-0.0337475773334841,-0.034963774056521915,0.32743757927941247,3.158278988405149,BALANCE,1,-7.4869489319971145e-06
2.676,-0.03566689692553446,0.0,-0.016110007468013474,-0.028364955750543958,3.2994091529889786,1.780078401596074,BALANCE,1,-7.4869489319971145e-06
2.678,-0.03566689692553446,0.0,-0.0337475773334841,-0.030248873304573005,-0.9419587770145236,25.94610709848117,BALANCE,1,-7.4869489319971145e-06
2.68,-0.03566689692553446,0.0,-0.03681553890925539,-0.03254720626621184,-1.1491664808194173,-8.103921169449503,BALANCE,1,-7.4869489319971145e-06
2.682,-0.03566689692553446,0.0,-0.035281558121369745,-0.0335042294155171,-0.47851157465263194,-9.905992218840225,BALANCE,1,-7.4869489319971145e-06
2.684,-0.03566689692553446,0.0,-0.035281558121369745,-0.03412629446256553,-0.31103252352421284,-4.604875204347362,BALANCE,1,-7.4869489319971145e-06
2.686,-0.03566689692553446,0.0,-0.035281558121369745,-0.034530636743147006,-0.20217114029073835,-3.3091919570354276,BALANCE,1,-7.4869489319971145e-06
2.688,-0.03566689692553446,0.0,-0.035281558121369745,-0.03479345922552496,-0.13141124118897646,-2.46946755535115,BALANCE,1,-7.4869489319971145e-06
2.69,-0.03566689692553446,0.0,-0.03834951969714103,-0.03603808039059058,-0.6223105825328111,-1.9261164033248366,BALANCE,1,-7.4869489319971145e-06
2.692,-0.03566689692553446,0.0,-0.03681553890925539,-0.03631019087212326,-0.1360552407663404,-5.935196020057569,BALANCE,1,-7.4869489319971145e-06
2.694,-0.03566689692553446,0.0,-0.0337475773334841,-0.035413276133599556,0.44845736926185303,-2.0687419529921893,BALANCE,1,-7.4869489319971145e-06
2.696,-0.03566689692553446,0.0,-0.0337475773334841,-0.03483028155355915,0.29149729002020397,2.654091156318061,BALANCE,1,-7.4869489319971145e-06
2.698,-0.03566689692553446,0.0,-0.035281558121369745,-0.03498822835229286,-0.0789733993668551,1.4264241408765808,BALANCE,1,-7.4869489319971145e-06
2.7,-0.03566689692553446,0.0,-0.0337475773334841,-0.034554000495709794,0.21711392829153187,-1.5538158278143728,BALANCE,1,-7.4869489319971145e-06
2.702,-0.03566689692553446,0.0,-0.0337475773334841,-0.0342717523889308,0.1411240533894971,0.8340256647485647,BALANCE,1,-7.4869489319971145e-06
2.704,-0.03566689692553446,0.0,-0.035281558121369745,-0.03462518439528443,-0.17671600317681335,0.23618720146124006,BALANCE,1,-7.4869489319971145e-06
2.706,-0.03566689692553446,0.0,-0.03681553890925539,-0.03539180847517426,-0.38331203994491564,-2.334664208329518,BALANCE,1,-7.4869489319971145e-06
2.708,-0.03566689692553446,0.0,-0.032213596545598466,-0.03427943429982273,0.5561870876757656,-4.04050830896276,BALANCE,1,-7.4869489319971145e-06
2.71,-0.03566689692553446,0.0,-0.03681553890925539,-0.035167070913124154,-0.4438183066507138,3.5353712756638167,BALANCE,1,-7.4869489319971145e-06
2.712,-0.03566689692553446,0.0,-0.03681553890925539,-0.03574403471177008,-0.2884818993229635,-4.524963489928728,BALANCE,1,-7.4869489319971145e-06
2.714,-0.03566689692553446,0.0,-0.03681553890925539,-0.036119061180889936,-0.1875132345599273,-3.324038866167837,BALANCE,1,-7.4869489319971145e-06
2.716,-0.03566689692553446,0.0,-0.035281558121369745,-0.03582593511005787,0.14656303541603355,-2.546014948446916,BALANCE,1,-7.4869489319971145e-06
2.718,-0.03566689692553446,0.0,-0.0337475773334841,-0.03509850988825705,0.3637126109004088,0.13701758858868307,BALANCE,1,-7.4869489319971145e-06
2.72,-0.03566689692553446,0.0,-0.03681553890925539,-0.03569947004560647,-0.3004800786747079,1.9108400037940827,BALANCE,1,-7.4869489319971145e-06
2.722,-0.03566689692553446,0.0,-0.03681553890925539,-0.036090094147883583,-0.19531205113855823,-3.4458990162569374,BALANCE,1,-7.4869489319971145e-06
2.724,-0.03566689692553446,0.0,-0.03681553890925539,-0.03634399981436371,-0.12695283324006337,-2.6352102609339436,BALANCE,1,-7.4869489319971145e-06
2.726,-0.03566689692553446,0.0,-0.03681553890925539,-0.036509038497575794,-0.08251934160604171,-2.110839657697665,BALANCE,1,-7.4869489319971145e-06
2.728,-0.03566689692553446,0.0,-0.03681553890925539,-0.03661631364166365,-0.05363757204392833,-1.772575853317732,BALANCE,1,-7.4869489319971145e-06
2.73,-0.03566689692553446,0.0,-0.035281558121369745,-0.036149149209560784,0.23358221605143323,-1.555281468194429,BALANCE,1,-7.4869489319971145e-06
2.732,-0.03566689692553446,0.0,-0.035281558121369745,-0.03584549232869392,0.15182844043343247,0.7632768726527235,BALANCE,1,-7.4869489319971145e-06
2.734,-0.03566689692553446,0.0,-0.03681553890925539,-0.036185008631890433,-0.16975815159825727,0.12029698209499062,BALANCE,1,-7.4869489319971145e-06
2.736,-0.03566689692553446,0.0,-0.035281558121369745,-0.03586880095320819,0.15810383934112063,-2.4800037340766963,BALANCE,1,-7.4869489319971145e-06
2.738,-0.03566689692553446,0.0,-0.03681553890925539,-0.03620015923782471,-0.16567914230825737,0.1546908939686198,BALANCE,1,-7.4869489319971145e-06
2.74,-0.03566689692553446,0.0,-0.03681553890925539,-0.03641554212282544,-0.10769144250036625,-2.46269448815096,BALANCE,1,-7.4869489319971145e-06
2.742,-0.03566689692553446,0.0,-0.03834951969714103,-0.03709243427383589,-0.33844607550522626,-2.01899897121244,BALANCE,1,-7.4869489319971145e-06
2.744,-0.03566689692553446,0.0,-0.0337475773334841,-0.03592173434471276,0.585349964561565,-3.913068051166714,BALANCE,1,-7.4869489319971145e-06
2.746,-0.03566689692553446,0.0,-0.0337475773334841,-0.03516077939078273,0.38047747696501666,3.5403579182460607,BALANCE,1,-7.4869489319971145e-06
2.748,-0.03566689692553446,0.0,-0.0337475773334841,-0.034666158670728205,0.24731036002726206,1.9400031588313196,BALANCE,1,-7.4869489319971145e-06
2.75,-0.03566689692553446,0.0,-0.0337475773334841,-0.03434465520269277,0.16075173401771878,0.8974102347984084,BALANCE,1,-7.4869489319971145e-06
2.7520000000000002,-0.03566689692553446,0.0,-0.03681553890925539,-0.035209464499989684,-0.4324046486484587,0.21736250376364996,BALANCE,1,-7.4869489319971145e-06
2.754,-0.03566689692553446,0.0,-0.032213596545598466,-0.03416091071595276,0.5242768920184632,-4.586819008303584,BALANCE,1,-7.4869489319971145e-06
2.7560000000000002,-0.03566689692553446,0.0,-0.03681553890925539,-0.035090030583608676,-0.4645599338279592,3.122714361930817,BALANCE,1,-7.4869489319971145e-06
2.758,-0.03566689692553446,0.0,-0.0337475773334841,-0.03462017194606507,0.2349293187718024,-4.8507454430166375,BALANCE,1,-7.4869489319971145e-06
2.7600000000000002,-0.03566689692553446,0.0,-0.035281558121369745,-0.034851657107421705,-0.11574258067831647,0.7664360616448573,BALANCE,1,-7.4869489319971145e-06
2.762,-0.03566689692553446,0.0,-0.035281558121369745,-0.03500212246230352,-0.07523267744090692,-2.0597985750589762,BALANCE,1,-7.4869489319971145e-06
2.7640000000000002,-0.03566689692553446,0.0,-0.0337475773334841,-0.03456303166721672,0.21954539754339905,-1.7517476949450688,BALANCE,1,-7.4869489319971145e-06
2.766,-0.03566689692553446,0.0,-0.0337475773334841,-0.0342776226504103,0.14270450840320886,0.6259097463011434,BALANCE,1,-7.4869489319971145e-06
2.7680000000000002,-0.03566689692553446,0.0,-0.035281558121369745,-0.03462900006524611,-0.17568870741790227,0.0214516496579249,BALANCE,1,-7.4869489319971145e-06
2.77,-0.03566689692553446,0.0,-0.035281558121369745,-0.03485739538488938,-0.11419765982163474,-2.553702521814162,BALANCE,1,-7.4869489319971145e-06
2.7720000000000002,-0.03566689692553446,0.0,-0.03681553890925539,-0.03554274561841748,-0.34267511676405044,-2.082449339299595,BALANCE,1,-7.4869489319971145e-06
2.774,-0.03566689692553446,0.0,-0.03681553890925539,-0.03598822327021074,-0.22273882589663244,-3.95849855797429,BALANCE,1,-7.4869489319971145e-06
2.7760000000000002,-0.03566689692553446,0.0,-0.03834951969714103,-0.03681467701963634,-0.4132268747127979,-3.032934534796585,BALANCE,1,-7.4869489319971145e-06
2.778,-0.03566689692553446,0.0,-0.03834951969714103,-0.037351871956762976,-0.26859746856331895,-4.613789085695371,BALANCE,1,-7.4869489319971145e-06
2.7800000000000002,-0.03566689692553446,0.0,-0.03681553890925539,-0.03716415539013532,0.09385828331382948,-3.4964559071184906,BALANCE,1,-7.4869489319971145e-06
2.782,-0.03566689692553446,0.0,-0.0337475773334841,-0.035968353070307386,0.5979011599139654,-0.5929797291816707,BALANCE,1,-7.4869489319971145e-06
2.7840000000000003,-0.03566689692553446,0.0,-0.03681553890925539,-0.03626486811393918,-0.14825752181589838,3.5039177521950315,BALANCE,1,-7.4869489319971145e-06
2.786,-0.03566689692553446,0.0,-0.035281558121369745,-0.03592070961653988,0.17207924869965321,-2.490395577884575,BALANCE,1,-7.4869489319971145e-06
2.7880000000000003,-0.03566689692553446,0.0,-0.03681553890925539,-0.0362338998689903,-0.15659512622521327,0.08576395416048854,BALANCE,1,-7.4869489319971145e-06
2.79,-0.03566689692553446,0.0,-0.035281558121369745,-0.03590058025732311,0.16665980583359732,-2.5696692403592674,BALANCE,1,-7.4869489319971145e-06
2.7920000000000003,-0.03566689692553446,0.0,-0.0337475773334841,-0.03514702923397946,0.37677551167182577,0.029189276759784666,BALANCE,1,-7.4869489319971145e-06
2.794,-0.03566689692553446,0.0,-0.03681553890925539,-0.03573100762032603,-0.2919891931732858,1.7482985790194356,BALANCE,1,-7.4869489319971145e-06
2.7960000000000003,-0.03566689692553446,0.0,-0.03834951969714103,-0.03664748684721128,-0.4582396134426257,-3.644003964446317,BALANCE,1,-7.4869489319971145e-06
2.798,-0.03566689692553446,0.0,-0.035281558121369745,-0.03616941179316674,0.23903752702227055,-5.036325577583592,BALANCE,1,-7.4869489319971145e-06
2.8000000000000003,-0.03566689692553446,0.0,-0.035281558121369745,-0.03585866300803779,0.15537439256447377,0.5633421670196164,BALANCE,1,-7.4869489319971145e-06
2.802,-0.03566689692553446,0.0,-0.0337475773334841,-0.035119783021944,0.36943999304689734,-0.09448971413662899,BALANCE,1,-7.4869489319971145e-06
2.8040000000000003,-0.03566689692553446,0.0,-0.035281558121369745,-0.03517640430674301,-0.02831064239950526,1.6553439322839985,BALANCE,1,-7.4869489319971145e-06
2.806,-0.03566689692553446,0.0,-0.035281558121369745,-0.035213208141862365,-0.018401917559678765,-1.5370937092365118,BALANCE,1,-7.4869489319971145e-06
2.8080000000000003,-0.03566689692553446,0.0,-0.03681553890925539,-0.03577402391044992,-0.28040788429377694,-1.4670747822534338,BALANCE,1,-7.4869489319971145e-06
2.81,-0.03566689692553446,0.0,-0.0337475773334841,-0.03506476760851188,0.35462815096901773,-3.603926267023562,BALANCE,1,-7.4869489319971145e-06
2.8120000000000003,-0.03566689692553446,0.0,-0.039883500485026674,-0.036751324115292056,-0.8432782533900861,1.511904439673375,BALANCE,1,-7.4869489319971145e-06
2.814,-0.03566689692553446,0.0,-0.03834951969714103,-0.037310692568939194,-0.27968422682356914,-8.179890450429324,BALANCE,1,-7.4869489319971145e-06
2.816,-0.03566689692553446,0.0,-0.035281558121369745,-0.03660049551228989,0.355098528324653,-3.712162483629805,BALANCE,1,-7.4869489319971145e-06
2.818,-0.03566689692553446,0.0,-0.0337475773334841,-0.03560197414970786,0.49926068129101453,1.4013912818524723,BALANCE,1,-7.4869489319971145e-06
2.82,-0.03566689692553446,0.0,-0.03681553890925539,-0.036026721815549494,-0.21237383292081746,2.607479392508345,BALANCE,1,-7.4869489319971145e-06
2.822,-0.03566689692553446,0.0,-0.035281558121369745,-0.03576591452258658,0.13040364648145633,-3.118286925499919,BALANCE,1,-7.4869489319971145e-06
2.824,-0.03566689692553446,0.0,-0.035281558121369745,-0.03559638978216069,0.08476237021294575,-0.36757183560847106,BALANCE,1,-7.4869489319971145e-06
2.826,-0.03566689692553446,0.0,-0.0337475773334841,-0.03494930542512388,0.3235421785184045,-0.7296498392874342,BALANCE,1,-7.4869489319971145e-06
2.828,-0.03566689692553446,0.0,-0.03834951969714103,-0.03613938042032988,-0.5950374976030001,1.2124238274934194,BALANCE,1,-7.4869489319971145e-06
2.83,-0.03566689692553446,0.0,-0.0337475773334841,-0.03530224933993385,0.418565540198014,-6.214845957274243,BALANCE,1,-7.4869489319971145e-06
2.832,-0.03566689692553446,0.0,-0.035281558121369745,-0.03529500741343641,0.0036209632487196886,1.9371457600896445,BALANCE,1,-7.4869489319971145e-06
2.834,-0.03566689692553446,0.0,-0.03681553890925539,-0.035827193436973055,-0.2660930117683209,-1.3890353413975514,BALANCE,1,-7.4869489319971145e-06
2.836,-0.03566689692553446,0.0,-0.0337475773334841,-0.03509932780075192,0.3639328181105662,-3.585843741633469,BALANCE,1,-7.4869489319971145e-06
2.838,-0.03566689692553446,0.0,-0.0337475773334841,-0.034626215137208184,0.23655633177186927,1.4910149700107453,BALANCE,1,-7.4869489319971145e-06
2.84,-0.03566689692553446,0.0,-0.035281558121369745,-0.034855585181664726,-0.1146850222282711,0.49346459608635274,BALANCE,1,-7.4869489319971145e-06
2.842,-0.03566689692553446,0.0,-0.0337475773334841,-0.0344677824348015,0.19390137343161182,-2.3371995556184957,BALANCE,1,-7.4869489319971145e-06
2.844,-0.03566689692553446,0.0,-0.03681553890925539,-0.03528949720086036,-0.4108573830294282,0.14786621798540078,BALANCE,1,-7.4869489319971145e-06
2.846,-0.03566689692553446,0.0,-0.035281558121369745,-0.03528671852303864,0.0013893389108586562,-4.746564619106623,BALANCE,1,-7.4869489319971145e-06
2.848,-0.03566689692553446,0.0,-0.0337475773334841,-0.03474801910669455,0.26934970817204734,-1.4554814666196325,BALANCE,1,-7.4869489319971145e-06
2.85,-0.03566689692553446,0.0,-0.035281558121369745,-0.034934757761830866,-0.0933693275681595,0.7135738486291836,BALANCE,1,-7.4869489319971145e-06
2.852,-0.03566689692553446,0.0,-0.0337475773334841,-0.0345192446119095,0.20775657496068314,-2.2063697081530163,BALANCE,1,-7.4869489319971145e-06
2.854,-0.03566689692553446,0.0,-0.03681553890925539,-0.03532294761598056,-0.4018515020355294,0.22066445215062447,BALANCE,1,-7.4869489319971145e-06
2.856,-0.03566689692553446,0.0,-0.035281558121369745,-0.03530846129286677,0.0072431615568933905,-4.711486933586535,BALANCE,1,-7.4869489319971145e-06
2.858,-0.03566689692553446,0.0,-0.0337475773334841,-0.03476215190708284,0.27315469289196714,-1.4449221377188992,BALANCE,1,-7.4869489319971145e-06
2.86,-0.03566689692553446,0.0,-0.035281558121369745,-0.034943944082083254,-0.0908960875002085,0.7081962457273105,BALANCE,1,-7.4869489319971145e-06
2.862,-0.03566689692553446,0.0,-0.03681553890925539,-0.0355990022715935,-0.3275290947551239,-2.2221063167265367,BALANCE,1,-7.4869489319971145e-06
2.864,-0.03566689692553446,0.0,-0.03681553890925539,-0.03602479009477516,-0.21289391159082932,-4.161593666590792,BALANCE,1,-7.4869489319971145e-06
2.866,-0.03566689692553446,0.0,-0.039883500485026674,-0.037375338731363186,-0.6752743182940126,-3.2772644286862906,BALANCE,1,-7.4869489319971145e-06
2.868,-0.03566689692553446,0.0,-0.03681553890925539,-0.037179408793625454,0.09796496886886608,-7.064815668253312,BALANCE,1,-7.4869489319971145e-06
2.87,-0.03566689692553446,0.0,-0.0337475773334841,-0.03597826778257598,0.6005705055247383,-0.8745814564447432,BALANCE,1,-7.4869489319971145e-06
2.872,-0.03566689692553446,0.0,-0.0337475773334841,-0.03519752612539382,0.3903708285910787,3.211135643908688,BALANCE,1,-7.4869489319971145e-06
2.874,-0.03566689692553446,0.0,-0.03834951969714103,-0.03630072387550534,-0.5515988750557609,1.5693432226452617,BALANCE,1,-7.4869489319971145e-06
2.876,-0.03566689692553446,0.0,-0.03681553890925539,-0.03648090913731786,-0.09009263090625774,-6.039866416311248,BALANCE,1,-7.4869489319971145e-06
2.878,-0.03566689692553446,0.0,-0.03834951969714103,-0.037134922833255965,-0.3270068479690538,-2.3659237606514365,BALANCE,1,-7.4869489319971145e-06
2.88,-0.03566689692553446,0.0,-0.0337475773334841,-0.035949351908335814,0.5927854624600756,-4.307905303476743,BALANCE,1,-7.4869489319971145e-06
2.882,-0.03566689692553446,0.0,-0.03681553890925539,-0.036252517358657664,-0.15158272516092516,3.114377565069834,BALANCE,1,-7.4869489319971145e-06
2.884,-0.03566689692553446,0.0,-0.032213596545598466,-0.03483889507408694,0.7068111422853622,-2.866008366389214,BALANCE,1,-7.4869489319971145e-06
2.886,-0.03566689692553446,0.0,-0.03834951969714103,-0.03606761369215587,-0.6143593090344664,4.078992131240511,BALANCE,1,-7.4869489319971145e-06
2.888,-0.03566689692553446,0.0,-0.03681553890925539,-0.0363293875181407,-0.1308869129924145,-6.571308119140686,BALANCE,1,-7.4869489319971145e-06
2.89,-0.03566689692553446,0.0,-0.03681553890925539,-0.03649954050503084,-0.08507649344506943,-2.726501257866988,BALANCE,1,-7.4869489319971145e-06
2.892,-0.03566689692553446,0.0,-0.035281558121369745,-0.03607324667074945,0.21314691714069411,-2.377526988802642,BALANCE,1,-7.4869489319971145e-06
2.894,-0.03566689692553446,0.0,-0.035281558121369745,-0.03579615567846655,0.13854549614145117,0.02662327660619973,BALANCE,1,-7.4869489319971145e-06
2.896,-0.03566689692553446,0.0,-0.03834951969714103,-0.036689833085002614,-0.4468387032680321,-0.560721862986463,BALANCE,1,-7.4869489319971145e-06
2.898,-0.03566689692553446,0.0,-0.0337475773334841,-0.03566004357197113,0.5148947565157408,-5.304754069271493,BALANCE,1,-7.4869489319971145e-06
2.9,-0.03566689692553446,0.0,-0.035281558121369745,-0.035527573664260646,0.06623495385524314,2.4437689710661847,BALANCE,1,-7.4869489319971145e-06
2.902,-0.03566689692553446,0.0,-0.035281558121369745,-0.03544146822424883,0.04305272000590735,-1.1446667704880198,BALANCE,1,-7.4869489319971145e-06
2.904,-0.03566689692553446,0.0,-0.035281558121369745,-0.03538549968824115,0.027984268003839602,-1.3320466085268468,BALANCE,1,-7.4869489319971145e-06
2.906,-0.03566689692553446,0.0,-0.03834951969714103,-0.03642290669135611,-0.5187035015574784,-1.4563132123205764,BALANCE,1,-7.4869489319971145e-06
2.908,-0.03566689692553446,0.0,-0.03681553890925539,-0.036560327967620855,-0.06871063813237294,-5.899344370336289,BALANCE,1,-7.4869489319971145e-06
2.91,-0.03566689692553446,0.0,-0.039883500485026674,-0.03772343834871289,-0.5815551905460175,-2.314958805104854,BALANCE,1,-7.4869489319971145e-06
2.912,-0.03566689692553446,0.0,-0.035281558121369745,-0.03686878026914279,0.4273290397850508,-6.495046534949275,BALANCE,1,-7.4869489319971145e-06
2.914,-0.03566689692553446,0.0,-0.035281558121369745,-0.03631325251742222,0.2777638758602839,1.6199330364196487,BALANCE,1,-7.4869489319971145e-06
2.916,-0.03566689692553446,0.0,-0.035281558121369745,-0.035952159478803855,0.18054651930918264,0.44948073962126306,BALANCE,1,-7.4869489319971145e-06
2.918,-0.03566689692553446,0.0,-0.035281558121369745,-0.03571744900370191,0.11735523755097149,-0.31378296236620606,BALANCE,1,-7.4869489319971145e-06
2.92,-0.03566689692553446,0.0,-0.0337475773334841,-0.03502799391912568,0.3447275422881167,-0.812374077726519,BALANCE,1,-7.4869489319971145e-06
2.922,-0.03566689692553446,0.0,-0.035281558121369745,-0.035116741389911096,-0.04437373539270886,1.0409660664613916,BALANCE,1,-7.4869489319971145e-06
2.924,-0.03566689692553446,0.0,-0.035281558121369745,-0.03517442724592162,-0.028842928005260587,-2.0841923515103207,BALANCE,1,-7.4869489319971145e-06
2.926,-0.03566689692553446,0.0,-0.0337475773334841,-0.034675029776568486,0.2496987346765657,-1.97044192922055,BALANCE,1,-7.4869489319971145e-06
2.928,-0.03566689692553446,0.0,-0.035281558121369745,-0.03488731469724893,-0.10614246034022085,0.28092021443993476,BALANCE,1,-7.4869489319971145e-06
2.93,-0.03566689692553446,0.0,-0.035281558121369745,-0.03502529989569121,-0.06899259922114181,-2.5855239038746336,BALANCE,1,-7.4869489319971145e-06
2.932,-0.03566689692553446,0.0,-0.0337475773334841,-0.03457809699891872,0.22360144838624516,-2.3036091868076767,BALANCE,1,-7.4869489319971145e-06
2.934,-0.03566689692553446,0.0,-0.03681553890925539,-0.03536120166753655,-0.39155233430891373,0.05705974845798456,BALANCE,1,-7.4869489319971145e-06
2.936,-0.03566689692553446,0.0,-0.03681553890925539,-0.03587021970213814,-0.25450901730079617,-4.918229033553863,BALANCE,1,-7.4869489319971145e-06
2.938,-0.03566689692553446,0.0,-0.03681553890925539,-0.036201081424629175,-0.165430861245517,-3.8595976235054463,BALANCE,1,-7.4869489319971145e-06
2.94,-0.03566689692553446,0.0,-0.035281558121369745,-0.03587924826848837,0.1609165780704011,-3.1740642946976,BALANCE,1,-7.4869489319971145e-06
2.942,-0.03566689692553446,0.0,-0.035281558121369745,-0.03567005671699685,0.10459577574576176,-0.551150640455505,BALANCE,1,-7.4869489319971145e-06
2.944,-0.03566689692553446,0.0,-0.03681553890925539,-0.03607097548428734,-0.2004593836452441,-0.996299577306528,BALANCE,1,-7.4869489319971145e-06
2.946,-0.03566689692553446,0.0,-0.0337475773334841,-0.0352577861315062,0.40659467639056823,-3.468010173568861,BALANCE,1,-7.4869489319971145e-06
2.948,-0.03566689692553446,0.0,-0.03681553890925539,-0.03580299960371841,-0.27260673610610475,1.430162110658204,BALANCE,1,-7.4869489319971145e-06
2.95,-0.03566689692553446,0.0,-0.035281558121369745,-0.03562049508489638,0.09125225941101697,-4.043322597568657,BALANCE,1,-7.4869489319971145e-06
2.952,-0.03566689692553446,0.0,-0.03834951969714103,-0.036575653699182004,-0.47757930714281344,-1.1286244613193395,BALANCE,1,-7.4869489319971145e-06
2.954,-0.03566689692553446,0.0,-0.03681553890925539,-0.03665961352270768,-0.041979911762839855,-5.743901641346957,BALANCE,1,-7.4869489319971145e-06
2.956,-0.03566689692553446,0.0,-0.03834951969714103,-0.037251080683759354,-0.29573358052583515,-2.271475990423251,BALANCE,1,-7.4869489319971145e-06
2.958,-0.03566689692553446,0.0,-0.035281558121369745,-0.03656174778692299,0.34466644841818145,-4.344443586327065,BALANCE,1,-7.4869489319971145e-06
2.96,-0.03566689692553446,0.0,-0.035281558121369745,-0.03611368140397935,0.22403319147181952,0.812804269477865,BALANCE,1,-7.4869489319971145e-06
2.962,-0.03566689692553446,0.0,-0.035281558121369745,-0.03582243825506599,0.14562157445668217,-0.13260053939720814,BALANCE,1,-7.4869489319971145e-06
2.964,-0.03566689692553446,0.0,-0.035281558121369745,-0.0356331302082723,0.09465402339684306,-0.7495833742345179,BALANCE,1,-7.4869489319971145e-06
2.966,-0.03566689692553446,0.0,-0.035281558121369745,-0.03551007997785641,0.06152511520794712,-1.1530919259472643,BALANCE,1,-7.4869489319971145e-06
2.968,-0.03566689692553446,0.0,-0.035281558121369745,-0.03543009732808607,0.03999132488516702,-1.4178421936290495,BALANCE,1,-7.4869489319971145e-06
2.97,-0.03566689692553446,0.0,-0.03681553890925539,-0.03591500188149533,-0.2424522767046286,-1.5923995766906873,BALANCE,1,-7.4869489319971145e-06
2.972,-0.03566689692553446,0.0,-0.035281558121369745,-0.03569329656545137,0.11085265802197874,-3.888225662989907,BALANCE,1,-7.4869489319971145e-06
2.974,-0.03566689692553446,0.0,-0.03834951969714103,-0.036622974661542754,-0.46483904804569054,-1.0556225255275007,BALANCE,1,-7.4869489319971145e-06
2.976,-0.03566689692553446,0.0,-0.0337475773334841,-0.035616585596722226,0.5031945324102637,-5.724261454766647,BALANCE,1,-7.4869489319971145e-06
2.978,-0.03566689692553446,0.0,-0.032213596545598466,-0.03442553942882891,0.5955230839466592,2.0732672156508745,BALANCE,1,-7.4869489319971145e-06
2.98,-0.03566689692553446,0.0,-0.03834951969714103,-0.03579893252273815,-0.686696546954621,2.876473290129872,BALANCE,1,-7.4869489319971145e-06
2.982,-0.03566689692553446,0.0,-0.0337475773334841,-0.03508095820649923,0.3589871581194601,-7.470847129219472,BALANCE,1,-7.4869489319971145e-06
2.984,-0.03566689692553446,0.0,-0.035281558121369745,-0.035151168176703905,-0.03510498510233759,0.9306847787062122,BALANCE,1,-7.4869489319971145e-06
2.986,-0.03566689692553446,0.0,-0.035281558121369745,-0.03519680465733695,-0.022818240316520993,-2.2332951989157905,BALANCE,1,-7.4869489319971145e-06
2.988,-0.03566689692553446,0.0,-0.032213596545598466,-0.034152681818228475,0.5220614195542358,-2.144778790398708,BALANCE,1,-7.4869489319971145e-06
2.99,-0.03566689692553446,0.0,-0.03681553890925539,-0.03508468180008789,-0.465999990929708,2.2700753225502095,BALANCE,1,-7.4869489319971145e-06
2.992,-0.03566689692553446,0.0,-0.0337475773334841,-0.03461669523677656,0.23399328165566585,-5.697352896592924,BALANCE,1,-7.4869489319971145e-06
2.994,-0.03566689692553446,0.0,-0.035281558121369745,-0.034849397246384174,-0.1163510048038073,-0.07625086115860819,BALANCE,1,-7.4869489319971145e-06
2.996,-0.03566689692553446,0.0,-0.0337475773334841,-0.03446376027686915,0.19281848475751276,-2.899937152860127,BALANCE,1,-7.4869489319971145e-06
2.998,-0.03566689692553446,0.0,-0.03681553890925539,-0.03528688279820433,-0.41156126066758947,-0.410335770254039,BALANCE,1,-7.4869489319971145e-06
3.0,-0.03566689692553446,0.0,-0.0337475773334841,-0.03474812588555225,0.2693784563260401,-5.301818461494609,BALANCE,1,-7.4869489319971145e-06
3.0020000000000002,-0.03566689692553446,0.0,-0.035281558121369745,-0.03493482716808837,-0.09335064126806195,0.17107506403644257,BALANCE,1,-7.4869489319971145e-06
3.004,-0.03566689692553446,0.0,-0.0337475773334841,-0.03451928972597688,0.2077687210557469,-2.7489467591021586,BALANCE,1,-7.4869489319971145e-06
3.0060000000000002,-0.03566689692553446,0.0,-0.03834951969714103,-0.035859870215884326,-0.6702902449537245,-0.32196347193019415,BALANCE,1,-7.4869489319971145e-06
3.008,-0.03566689692553446,0.0,-0.035281558121369745,-0.03565746098280422,0.10120461654005222,-7.434042003443588,BALANCE,1,-7.4869489319971145e-06
3.0100000000000002,-0.03566689692553446,0.0,-0.035281558121369745,-0.03552589498130215,0.06578300075103446,-1.25707004970513,BALANCE,1,-7.4869489319971145e-06
3.012,-0.03566689692553446,0.0,-0.0337475773334841,-0.03490348380456583,0.31120558836816165,-1.539654194923408,BALANCE,1,-7.4869489319971145e-06
3.0140000000000002,-0.03566689692553446,0.0,-0.035281558121369745,-0.0350358098154472,-0.06616300544068365,0.45409047985687573,BALANCE,1,-7.4869489319971145e-06
3.016,-0.03566689692553446,0.0,-0.0337475773334841,-0.03458492844676011,0.225440684343544,-2.5798049932298586,BALANCE,1,-7.4869489319971145e-06
3.0180000000000002,-0.03566689692553446,0.0,-0.03834951969714103,-0.035902535384393426,-0.6588034688166585,-0.2268395785241639,BALANCE,1,-7.4869489319971145e-06
3.02,-0.03566689692553446,0.0,-0.035281558121369745,-0.035685193342335136,0.10867102102914486,-7.3870297271406615,BALANCE,1,-7.4869489319971145e-06
3.0220000000000002,-0.03566689692553446,0.0,-0.03681553890925539,-0.03608081429075722,-0.19781047421104161,-1.2413303245192044,BALANCE,1,-7.4869489319971145e-06
3.024,-0.03566689692553446,0.0,-0.035281558121369745,-0.0358010746314716,0.1398698296428101,-3.724135706204172,BALANCE,1,-7.4869489319971145e-06
3.0260000000000002,-0.03566689692553446,0.0,-0.03681553890925539,-0.03615613712869592,-0.17753124861216024,-1.0130691107425156,BALANCE,1,-7.4869489319971145e-06
3.028,-0.03566689692553446,0.0,-0.035281558121369745,-0.035850034476131755,0.15305132628208248,-3.580812714041477,BALANCE,1,-7.4869489319971145e-06
3.0300000000000002,-0.03566689692553446,0.0,-0.035281558121369745,-0.03565106775196505,0.09948336208335379,-0.9249559626289117,BALANCE,1,-7.4869489319971145e-06
3.032,-0.03566689692553446,0.0,-0.035281558121369745,-0.03552173938125669,0.06466418535417892,-1.348691886319132,BALANCE,1,-7.4869489319971145e-06
3.0340000000000003,-0.03566689692553446,0.0,-0.03681553890925539,-0.03597456921605623,-0.2264149173997719,-1.6265899457862807,BALANCE,1,-7.4869489319971145e-06
3.036,-0.03566689692553446,0.0,-0.035281558121369745,-0.03573201533291596,0.12127694157013785,-3.9895874717490707,BALANCE,1,-7.4869489319971145e-06
3.0380000000000003,-0.03566689692553446,0.0,-0.035281558121369745,-0.03557435530887478,0.07883001202058787,-1.2006457700679598,BALANCE,1,-7.4869489319971145e-06
3.04,-0.03566689692553446,0.0,-0.035281558121369745,-0.035471876293248016,0.051239507813383156,-1.537876476083664,BALANCE,1,-7.4869489319971145e-06
3.0420000000000003,-0.03566689692553446,0.0,-0.035281558121369745,-0.03540526493309062,0.03330568007869905,-1.7595461440623454,BALANCE,1,-7.4869489319971145e-06
3.044,-0.03566689692553446,0.0,-0.03681553890925539,-0.03589886082474829,-0.24679794582883538,-1.9061011373169925,BALANCE,1,-7.4869489319971145e-06
3.0460000000000003,-0.03566689692553446,0.0,-0.0337475773334841,-0.03514591160280582,0.3764746109712336,-4.183725670241678,BALANCE,1,-7.4869489319971145e-06
3.048,-0.03566689692553446,0.0,-0.035281558121369745,-0.03519338788430319,-0.023738140748685854,0.8406025551548606,BALANCE,1,-7.4869489319971145e-06
3.0500000000000003,-0.03566689692553446,0.0,-0.03681553890925539,-0.035761140743036456,-0.2838764293666314,-2.370986713071198,BALANCE,1,-7.4869489319971145e-06
3.052,-0.03566689692553446,0.0,-0.035281558121369745,-0.0355932868254531,0.08392695879167605,-4.493310421687364,BALANCE,1,-7.4869489319971145e-06
3.0540000000000003,-0.03566689692553446,0.0,-0.03834951969714103,-0.03655796833054387,-0.4823407525453849,-1.5479307387309946,BALANCE,1,-7.4869489319971145e-06
3.056,-0.03566689692553446,0.0,-0.03681553890925539,-0.036648118033092904,-0.04507485127451527,-6.143264913399037,BALANCE,1,-7.4869489319971145e-06
3.0580000000000003,-0.03566689692553446,0.0,-0.0337475773334841,-0.03563292878822982,0.5075946224315404,-2.657876308991641,BALANCE,1,-7.4869489319971145e-06
3.06,-0.03566689692553446,0.0,-0.0337475773334841,-0.03497305577906882,0.3299365045805018,1.8172642495909432,BALANCE,1,-7.4869489319971145e-06
3.0620000000000003,-0.03566689692553446,0.0,-0.03681553890925539,-0.03561792487463412,-0.322434547782649,0.4285970761764809,BALANCE,1,-7.4869489319971145e-06
3.064,-0.03566689692553446,0.0,-0.0337475773334841,-0.03496330323523161,0.3273108197012521,-4.8361870734375705,BALANCE,1,-7.4869489319971145e-06
3.0660000000000003,-0.03566689692553446,0.0,-0.035281558121369745,-0.03507469244537996,-0.05569460507417329,0.3940605041507428,BALANCE,1,-7.4869489319971145e-06
3.068,-0.03566689692553446,0.0,-0.03681553890925539,-0.035683988707736355,-0.3046481311781979,-2.683681185150637,BALANCE,1,-7.4869489319971145e-06
3.0700000000000003,-0.03566689692553446,0.0,-0.032213596545598466,-0.03446935145098809,0.607318628374133,-4.719003967465764,BALANCE,1,-7.4869489319971145e-06
3.072,-0.03566689692553446,0.0,-0.03681553890925539,-0.03529051706138164,-0.4105828051967769,2.64271447406758,BALANCE,1,-7.4869489319971145e-06
3.074,-0.03566689692553446,0.0,-0.035281558121369745,-0.035287381432377474,0.0015678145020847634,-5.5568250345355885,BALANCE,1,-7.4869489319971145e-06
3.076,-0.03566689692553446,0.0,-0.03681553890925539,-0.03582223654928474,-0.26742755845363464,-2.2664894154909203,BALANCE,1,-7.4869489319971145e-06
3.078,-0.03566689692553446,0.0,-0.03681553890925539,-0.036169892375274466,-0.17382791299486167,-4.457708153460969,BALANCE,1,-7.4869489319971145e-06
3.08,-0.03566689692553446,0.0,-0.0337475773334841,-0.035322082110647836,0.4239051323133153,-3.7370043178252232,BALANCE,1,-7.4869489319971145e-06
3.082,-0.03566689692553446,0.0,-0.03681553890925539,-0.035844791990160475,-0.26135493975631974,1.0886642440956604,BALANCE,1,-7.4869489319971145e-06
3.084,-0.03566689692553446,0.0,-0.035281558121369745,-0.03564766013608372,0.09856592703837846,-4.43194788363021,BALANCE,1,-7.4869489319971145e-06
3.086,-0.03566689692553446,0.0,-0.03834951969714103,-0.036593310982453775,-0.4728254231850283,-1.5478825700552359,BALANCE,1,-7.4869489319971145e-06
3.088,-0.03566689692553446,0.0,-0.0337475773334841,-0.03559730420531439,0.4980033885696941,-6.183071084821185,BALANCE,1,-7.4869489319971145e-06
3.09,-0.03566689692553446,0.0,-0.035281558121369745,-0.03548679307593376,0.05525556469031245,1.6362003550038957,BALANCE,1,-7.4869489319971145e-06
3.092,-0.03566689692553446,0.0,-0.03834951969714103,-0.0364887473933563,-0.5009771587112695,-1.906248926883507,BALANCE,1,-7.4869489319971145e-06
3.094,-0.03566689692553446,0.0,-0.03681553890925539,-0.036603124423920975,-0.057188515282337316,-6.423525722620186,BALANCE,1,-7.4869489319971145e-06
3.096,-0.03566689692553446,0.0,-0.03681553890925539,-0.036677469493788015,-0.0371725349335196,-2.887399821907393,BALANCE,1,-7.4869489319971145e-06
3.098,-0.03566689692553446,0.0,-0.03681553890925539,-0.03672579378920159,-0.024162147706788956,-2.7390681772076317,BALANCE,1,-7.4869489319971145e-06
3.1,-0.03566689692553446,0.0,-0.035281558121369745,-0.03622031130546045,0.25274124187057295,-2.6452296958764414,BALANCE,1,-7.4869489319971145e-06
3.102,-0.03566689692553446,0.0,-0.03681553890925539,-0.036428640966788675,-0.10416483066411422,-0.4069176924941693,BALANCE,1,-7.4869489319971145e-06
3.104,-0.03566689692553446,0.0,-0.0337475773334841,-0.035490268695132075,0.4691861358282999,-3.281951780644718,BALANCE,1,-7.4869489319971145e-06
3.106,-0.03566689692553446,0.0,-0.035281558121369745,-0.035417219994315255,0.036524350408410206,1.354060233854964,BALANCE,1,-7.4869489319971145e-06
3.108,-0.03566689692553446,0.0,-0.03834951969714103,-0.03644352489030427,-0.5131524479945089,-2.109934571454007,BALANCE,1,-7.4869489319971145e-06
3.11,-0.03566689692553446,0.0,-0.03834951969714103,-0.037110623072697135,-0.3335490911964313,-6.576215957414762,BALANCE,1,-7.4869489319971145e-06
3.112,-0.03566689692553446,0.0,-0.03834951969714103,-0.0375442368912525,-0.21680690927768087,-5.186837118588252,BALANCE,1,-7.4869489319971145e-06
3.114,-0.03566689692553446,0.0,-0.035281558121369745,-0.03675229932179353,0.39596878472948277,-4.286425339729821,BALANCE,1,-7.4869489319971145e-06
3.116,-0.03566689692553446,0.0,-0.0337475773334841,-0.03570064662588523,0.5258263479541516,0.6559460066306676,BALANCE,1,-7.4869489319971145e-06
3.118,-0.03566689692553446,0.0,-0.03681553890925539,-0.03609085892506478,-0.19510614958977504,1.7507655448573394,BALANCE,1,-7.4869489319971145e-06
3.12,-0.03566689692553446,0.0,-0.03834951969714103,-0.036881390195291464,-0.3952656351133427,-4.04732534522986,BALANCE,1,-7.4869489319971145e-06
3.122,-0.03566689692553446,0.0,-0.03834951969714103,-0.03739523552093881,-0.2569226628236741,-5.70340938367106,BALANCE,1,-7.4869489319971145e-06
3.124,-0.03566689692553446,0.0,-0.035281558121369745,-0.036655448431089636,0.3698935449245877,-4.634975371996741,BALANCE,1,-7.4869489319971145e-06
3.126,-0.03566689692553446,0.0,-0.03681553890925539,-0.036711480098447644,-0.028015833679003593,0.41661042569408635,BALANCE,1,-7.4869489319971145e-06
3.128,-0.03566689692553446,0.0,-0.035281558121369745,-0.036211007406470375,0.2502363459886345,-2.777368799195814,BALANCE,1,-7.4869489319971145e-06
3.13,-0.03566689692553446,0.0,-0.03681553890925539,-0.036422593432445124,-0.10579301298737492,-0.5285652018173673,BALANCE,1,-7.4869489319971145e-06
3.132,-0.03566689692553446,0.0,-0.035281558121369745,-0.03602323107356874,0.19968117943819363,-3.3967797538704163,BALANCE,1,-7.4869489319971145e-06
3.134,-0.03566689692553446,0.0,-0.0337475773334841,-0.03522675226453911,0.39823940451481216,-0.9362291191479983,BALANCE,1,-7.4869489319971145e-06
3.136,-0.03566689692553446,0.0,-0.035281558121369745,-0.03524593431442983,-0.009591024945358045,0.6929800595538194,BALANCE,1,-7.4869489319971145e-06
3.138,-0.03566689692553446,0.0,-0.035281558121369745,-0.0352584026468588,-0.006234166214483944,-2.5778634859838716,BALANCE,1,-7.4869489319971145e-06
3.14,-0.03566689692553446,0.0,-0.03681553890925539,-0.035803400338697604,-0.27249884591940343,-2.558808396611988,BALANCE,1,-7.4869489319971145e-06
3.142,-0.03566689692553446,0.0,-0.0337475773334841,-0.03508386228687287,0.35976902591236537,-4.728786375829412,BALANCE,1,-7.4869489319971145e-06
3.144,-0.03566689692553446,0.0,-0.03681553890925539,-0.03568994910470675,-0.3030434089169379,0.3655121094768477,BALANCE,1,-7.4869489319971145e-06
3.146,-0.03566689692553446,0.0,-0.03681553890925539,-0.03608390553629877,-0.19697821579600996,-4.980490568048553,BALANCE,1,-7.4869489319971145e-06
3.148,-0.03566689692553446,0.0,-0.0337475773334841,-0.03526619066531363,0.40885743549256764,-4.16282319008391,BALANCE,1,-7.4869489319971145e-06
3.15,-0.03566689692553446,0.0,-0.0337475773334841,-0.03473467599917329,0.2657573330701705,0.7258716743507565,BALANCE,1,-7.4869489319971145e-06
3.152,-0.03566689692553446,0.0,-0.035281558121369745,-0.034926084741942046,-0.09570437138437665,-0.3939852002598346,BALANCE,1,-7.4869489319971145e-06
3.154,-0.03566689692553446,0.0,-0.035281558121369745,-0.03505050042474174,-0.06220784139984725,-3.304148577410726,BALANCE,1,-7.4869489319971145e-06
3.156,-0.03566689692553446,0.0,-0.039883500485026674,-0.036742050445841466,-0.845775010549863,-3.0506513785874203,BALANCE,1,-7.4869489319971145e-06
3.158,-0.03566689692553446,0.0,-0.035281558121369745,-0.036230878132276365,0.2555861567825508,-9.4280301431427,BALANCE,1,-7.4869489319971145e-06
3.16,-0.03566689692553446,0.0,-0.035281558121369745,-0.03589861612845904,0.16613100190866065,-0.5937166412959372,BALANCE,1,-7.4869489319971145e-06
3.162,-0.03566689692553446,0.0,-0.0337475773334841,-0.03514575255021781,0.37643178912061603,-1.296601883283711,BALANCE,1,-7.4869489319971145e-06
3.164,-0.03566689692553446,0.0,-0.035281558121369745,-0.035193284500120985,-0.02376597495158672,0.4239470785963625,BALANCE,1,-7.4869489319971145e-06
3.166,-0.03566689692553446,0.0,-0.03681553890925539,-0.03576107354331802,-0.28389452159851764,-2.7875256078754744,BALANCE,1,-7.4869489319971145e-06
3.168,-0.03566689692553446,0.0,-0.035281558121369745,-0.035593243145636125,0.08391519884094756,-4.909773538351407,BALANCE,1,-7.4869489319971145e-06
3.17,-0.03566689692553446,0.0,-0.03681553890925539,-0.036021046662902866,-0.21390175863337038,-1.964344599603899,BALANCE,1,-7.4869489319971145e-06
3.172,-0.03566689692553446,0.0,-0.035281558121369745,-0.035762225673366274,0.12941049476829572,-4.379752679767027,BALANCE,1,-7.4869489319971145e-06
3.174,-0.03566689692553446,0.0,-0.03834951969714103,-0.03666777858168744,-0.4527764541605826,-1.6248778383161766,BALANCE,1,-7.4869489319971145e-06
3.176,-0.03566689692553446,0.0,-0.0337475773334841,-0.03564570814481627,0.5110352184355855,-6.344040159962811,BALANCE,1,-7.4869489319971145e-06
3.178,-0.03566689692553446,0.0,-0.035281558121369745,-0.035518255636609986,0.06372625410314137,1.4206483053898413,BALANCE,1,-7.4869489319971145e-06
3.18,-0.03566689692553446,0.0,-0.035281558121369745,-0.035435411506275896,0.041422065167044664,-2.1572799099046565,BALANCE,1,-7.4869489319971145e-06
3.182,-0.03566689692553446,0.0,-0.0337475773334841,-0.03484466954579877,0.29537098023856356,-2.33782985587464,BALANCE,1,-7.4869489319971145e-06
3.184,-0.03566689692553446,0.0,-0.035281558121369745,-0.03499758054724861,-0.07645550072491944,-0.2777629515830211,BALANCE,1,-7.4869489319971145e-06
3.186,-0.03566689692553446,0.0,-0.03681553890925539,-0.035633865973950976,-0.3181427133511841,-3.268548975487325,BALANCE,1,-7.4869489319971145e-06
3.188,-0.03566689692553446,0.0,-0.03834951969714103,-0.03658434477706749,-0.47523940155825767,-5.247350575294375,BALANCE,1,-7.4869489319971145e-06
3.19,-0.03566689692553446,0.0,-0.0337475773334841,-0.035591476171813304,0.496434302627094,-6.568469678093368,BALANCE,1,-7.4869489319971145e-06
3.192,-0.03566689692553446,0.0,-0.03834951969714103,-0.036556791405678,-0.4826576169323499,1.257373776470334,BALANCE,1,-7.4869489319971145e-06
3.194,-0.03566689692553446,0.0,-0.035281558121369745,-0.03611045975617011,0.22316582475394656,-6.640591852318234,BALANCE,1,-7.4869489319971145e-06
3.196,-0.03566689692553446,0.0,-0.035281558121369745,-0.03582034418398998,0.1450577860900651,-0.9744465118086234,BALANCE,1,-7.4869489319971145e-06
3.198,-0.03566689692553446,0.0,-0.03681553890925539,-0.03616866233783287,-0.17415907692144503,-1.5890679556256655,BALANCE,1,-7.4869489319971145e-06
3.2,-0.03566689692553446,0.0,-0.035281558121369745,-0.035858175862070775,0.15524323788104755,-4.170935681415886,BALANCE,1,-7.4869489319971145e-06
3.202,-0.03566689692553446,0.0,-0.035281558121369745,-0.03565635965282541,0.1009081046226823,-1.5242596096226344,BALANCE,1,-7.4869489319971145e-06
3.204,-0.03566689692553446,0.0,-0.0337475773334841,-0.03498828584105595,0.3340369058847312,-1.9539629750653993,BALANCE,1,-7.4869489319971145e-06
3.206,-0.03566689692553446,0.0,-0.03681553890925539,-0.03562782441492575,-0.3197692869349004,-0.05584579343105178,BALANCE,1,-7.4869489319971145e-06
3.208,-0.03566689692553446,0.0,-0.035281558121369745,-0.035506631212181144,0.06059660137230222,-5.3317932153032785,BALANCE,1,-7.4869489319971145e-06
3.21,-0.03566689692553446,0.0,-0.035281558121369745,-0.03542785563039715,0.039387790891996094,-2.288695842923417,BALANCE,1,-7.4869489319971145e-06
3.212,-0.03566689692553446,0.0,-0.035281558121369745,-0.03537665150223756,0.025602064079796594,-2.4607253629849053,BALANCE,1,-7.4869489319971145e-06
3.214,-0.03566689692553446,0.0,-0.035281558121369745,-0.035343368818933824,0.016641341651867786,-2.5750142600933734,BALANCE,1,-7.4869489319971145e-06
3.216,-0.03566689692553446,0.0,-0.03681553890925539,-0.035858628350546366,-0.25762976580627134,-2.6517717522823663,BALANCE,1,-7.4869489319971145e-06
3.218,-0.03566689692553446,0.0,-0.035281558121369745,-0.03565665377033455,0.10098729010590834,-4.884027909514342,BALANCE,1,-7.4869489319971145e-06
3.22,-0.03566689692553446,0.0,-0.03834951969714103,-0.03659915684471682,-0.4712515371911342,-2.0101043181582616,BALANCE,1,-7.4869489319971145e-06
3.222,-0.03566689692553446,0.0,-0.03681553890925539,-0.036674890567305315,-0.03786686129424871,-6.651884952366482,BALANCE,1,-7.4869489319971145e-06
3.224,-0.03566689692553446,0.0,-0.03681553890925539,-0.03672411748698784,-0.02461345984126201,-3.1966865466601684,BALANCE,1,-7.4869489319971145e-06
3.226,-0.03566689692553446,0.0,-0.03681553890925539,-0.03675611498478148,-0.015998748896819265,-3.100957773714624,BALANCE,1,-7.4869489319971145e-06
3.228,-0.03566689692553446,0.0,-0.035281558121369745,-0.03624002008258737,0.2580474510970529,-3.0413111590236563,BALANCE,1,-7.4869489319971145e-06
3.23,-0.03566689692553446,0.0,-0.03681553890925539,-0.03644145167192118,-0.10071579466690295,-0.8252238689575503,BALANCE,1,-7.4869489319971145e-06
3.232,-0.03566689692553446,0.0,-0.032213596545598466,-0.03496170237770822,0.7398746471064775,-3.71470402076361,BALANCE,1,-7.4869489319971145e-06
3.234,-0.03566689692553446,0.0,-0.035281558121369745,-0.035073651887989755,-0.05597475514076619,3.09181213060067,BALANCE,1,-7.4869489319971145e-06
3.236,-0.03566689692553446,0.0,-0.03681553890925539,-0.035683312345432726,-0.3048302287214852,-3.2887147883717702,BALANCE,1,-7.4869489319971145e-06
3.238,-0.03566689692553446,0.0,-0.03681553890925539,-0.03607959164277066,-0.19813964866896572,-5.323274866933186,BALANCE,1,-7.4869489319971145e-06
3.24,-0.03566689692553446,0.0,-0.035281558121369745,-0.035800279910280335,0.13965586624516135,-4.5007429026818615,BALANCE,1,-7.4869489319971145e-06
3.242,-0.03566689692553446,0.0,-0.03681553890925539,-0.0361556205599216,-0.1776703248206335,-1.7887801354014812,BALANCE,1,-7.4869489319971145e-06
3.244,-0.03566689692553446,0.0,-0.035281558121369745,-0.03584969870642845,0.1529609267465759,-4.355941227018301,BALANCE,1,-7.4869489319971145e-06
3.246,-0.03566689692553446,0.0,-0.035281558121369745,-0.0356508495016579,0.09942460238527434,-1.699705843012322,BALANCE,1,-7.4869489319971145e-06
3.248,-0.03566689692553446,0.0,-0.0337475773334841,-0.034984704242797066,0.3330726294304177,-2.1231956555168328,BALANCE,1,-7.4869489319971145e-06
3.25,-0.03566689692553446,0.0,-0.03834951969714103,-0.03616238965181745,-0.5888427045101924,-0.22103966447259504,BALANCE,1,-7.4869489319971145e-06
3.2520000000000002,-0.03566689692553446,0.0,-0.03681553890925539,-0.03639099189192073,-0.11430112005163945,-7.674255938469062,BALANCE,1,-7.4869489319971145e-06
3.254,-0.03566689692553446,0.0,-0.03681553890925539,-0.036539583347987854,-0.07429572803356252,-3.8989175955852198,BALANCE,1,-7.4869489319971145e-06
3.2560000000000002,-0.03566689692553446,0.0,-0.0337475773334841,-0.03556238124291154,0.48860105253815606,-3.5950978634742294,BALANCE,1,-7.4869489319971145e-06
3.258,-0.03566689692553446,0.0,-0.03681553890925539,-0.036000986426131885,-0.21930259161017165,0.9595960311555156,BALANCE,1,-7.4869489319971145e-06
3.2600000000000002,-0.03566689692553446,0.0,-0.032213596545598466,-0.034675399967945185,0.6627932290933503,-4.7371496303095535,BALANCE,1,-7.4869489319971145e-06
3.262,-0.03566689692553446,0.0,-0.035281558121369745,-0.03488755532164378,-0.10607767684929839,2.3922170428162355,BALANCE,1,-7.4869489319971145e-06
3.2640000000000002,-0.03566689692553446,0.0,-0.0337475773334841,-0.03448856302578789,0.1994961479279446,-3.778457037011199,BALANCE,1,-7.4869489319971145e-06
3.266,-0.03566689692553446,0.0,-0.0337475773334841,-0.034229218033481563,0.1296724961531645,-1.316824613647059,BALANCE,1,-7.4869489319971145e-06
3.2680000000000002,-0.03566689692553446,0.0,-0.0337475773334841,-0.03406064378848245,0.08428712249955797,-1.8666989719136162,BALANCE,1,-7.4869489319971145e-06
3.27,-0.03566689692553446,0.0,-0.03681553890925539,-0.03502485708075297,-0.48210664613526283,-2.2264796352002176,BALANCE,1,-7.4869489319971145e-06
3.2720000000000002,-0.03566689692553446,0.0,-0.032213596545598466,-0.034040915893448896,0.49197059365203855,-6.822487553231166,BALANCE,1,-7.4869489319971145e-06
3.274,-0.03566689692553446,0.0,-0.0337475773334841,-0.033938247397461214,0.05133424799384084,1.0223586531267996,BALANCE,1,-7.4869489319971145e-06
3.2760000000000002,-0.03566689692553446,0.0,-0.03834951969714103,-0.03548219270234915,-0.7719726524439662,-2.5033596518590135,BALANCE,1,-7.4869489319971145e-06
3.278,-0.03566689692553446,0.0,-0.03681553890925539,-0.035948863874766326,-0.2333355862085898,-9.189548012195216,BALANCE,1,-7.4869489319971145e-06
3.2800000000000002,-0.03566689692553446,0.0,-0.032213596545598466,-0.034641520309557576,0.6536717826043752,-4.915641525432188,BALANCE,1,-7.4869489319971145e-06
3.282,-0.03566689692553446,0.0,-0.035281558121369745,-0.03486553354369183,-0.11200661706712786,2.2519297349221454,BALANCE,1,-7.4869489319971145e-06
3.2840000000000003,-0.03566689692553446,0.0,-0.035281558121369745,-0.035011142145879096,-0.0728043010936319,-3.8939113632066733,BALANCE,1,-7.4869489319971145e-06
3.286,-0.03566689692553446,0.0,-0.035281558121369745,-0.03510578773730082,-0.04732279571086073,-3.596031579979117,BALANCE,1,-7.4869489319971145e-06
3.2880000000000003,-0.03566689692553446,0.0,-0.0337475773334841,-0.03463041409596496,0.23768682066792682,-3.404879429949711,BALANCE,1,-7.4869489319971145e-06
3.29,-0.03566689692553446,0.0,-0.0337475773334841,-0.03432142122909666,0.15449643343415018,-1.1032061632584522,BALANCE,1,-7.4869489319971145e-06
3.2920000000000003,-0.03566689692553446,0.0,-0.0337475773334841,-0.03412057586563227,0.10042268173219779,-1.757053973362387,BALANCE,1,-7.4869489319971145e-06
3.294,-0.03566689692553446,0.0,-0.03681553890925539,-0.03506381293090036,-0.4716185326340445,-2.1844173803432687,BALANCE,1,-7.4869489319971145e-06
3.2960000000000003,-0.03566689692553446,0.0,-0.032213596545598466,-0.034066237196044694,0.4987878674278315,-6.824354081775472,BALANCE,1,-7.4869489319971145e-06
3.298,-0.03566689692553446,0.0,-0.03834951969714103,-0.03556538607142841,-0.7495744376918578,0.9919384153716664,BALANCE,1,-7.4869489319971145e-06
3.3000000000000003,-0.03566689692553446,0.0,-0.03834951969714103,-0.036539832840427826,-0.48722338449970826,-9.092022035323158,BALANCE,1,-7.4869489319971145e-06
3.302,-0.03566689692553446,0.0,-0.032213596545598466,-0.035025650137237546,0.7570913515951398,-7.058988382494011,BALANCE,1,-7.4869489319971145e-06
3.3040000000000003,-0.03566689692553446,0.0,-0.03681553890925539,-0.03565211120744379,-0.31323053510312265,2.979375338428743,BALANCE,1,-7.4869489319971145e-06
3.306,-0.03566689692553446,0.0,-0.03681553890925539,-0.036059310903077846,-0.20359984781702714,-5.62791784161122,BALANCE,1,-7.4869489319971145e-06
3.3080000000000003,-0.03566689692553446,0.0,-0.035281558121369745,-0.03578709742948001,0.13610673679891744,-4.782516187241115,BALANCE,1,-7.4869489319971145e-06
3.31,-0.03566689692553446,0.0,-0.03681553890925539,-0.03614705194740139,-0.179977258960691,-2.0556881213835845,BALANCE,1,-7.4869489319971145e-06
3.3120000000000003,-0.03566689692553446,0.0,-0.03681553890925539,-0.03638102238405029,-0.1169852183244488,-4.613186768925216,BALANCE,1,-7.4869489319971145e-06
3.314,-0.03566689692553446,0.0,-0.03681553890925539,-0.036533103167872075,-0.07604039191089207,-4.1305648745110215,BALANCE,1,-7.4869489319971145e-06
3.3160000000000003,-0.03566689692553446,0.0,-0.035281558121369745,-0.03609506240159626,0.21902038313790714,-3.8194377308654492,BALANCE,1,-7.4869489319971145e-06
3.318,-0.03566689692553446,0.0,-0.035281558121369745,-0.035810335903516975,0.1423632490396426,-1.4398880969788261,BALANCE,1,-7.4869489319971145e-06
3.3200000000000003,-0.03566689692553446,0.0,-0.0337475773334841,-0.03508837040400547,0.3609827497557533,-2.0432236470608887,BALANCE,1,-7.4869489319971145e-06
3.322,-0.03566689692553446,0.0,-0.032213596545598466,-0.034082199553563015,0.5030854252212266,-0.2579673854421136,BALANCE,1,-7.4869489319971145e-06
3.3240000000000003,-0.03566689692553446,0.0,-0.035281558121369745,-0.03450197505229537,-0.20988774936617563,0.9324078293975073,BALANCE,1,-7.4869489319971145e-06
3.326,-0.03566689692553446,0.0,-0.03681553890925539,-0.03531172240223137,-0.40487367496800164,-4.8034644922361105,BALANCE,1,-7.4869489319971145e-06
3.3280000000000003,-0.03566689692553446,0.0,-0.03681553890925539,-0.035838058179689776,-0.263167888729203,-6.418999082527325,BALANCE,1,-7.4869489319971145e-06
3.33,-0.03566689692553446,0.0,-0.03681553890925539,-0.036180176435037736,-0.1710591276739802,-5.324100550900378,BALANCE,1,-7.4869489319971145e-06
3.332,-0.03566689692553446,0.0,-0.03834951969714103,-0.036939446576773886,-0.37963507086807496,-4.614993593066481,BALANCE,1,-7.4869489319971145e-06
3.334,-0.03566689692553446,0.0,-0.0337475773334841,-0.03582229234162246,0.5585771175757142,-6.336545236438763,BALANCE,1,-7.4869489319971145e-06
3.336,-0.03566689692553446,0.0,-0.035281558121369745,-0.03563303536453401,0.09462848854422529,1.2290170667523113,BALANCE,1,-7.4869489319971145e-06
3.338,-0.03566689692553446,0.0,-0.035281558121369745,-0.03551001832942651,0.06150851755374817,-2.4783431539471996,BALANCE,1,-7.4869489319971145e-06
3.34,-0.03566689692553446,0.0,-0.035281558121369745,-0.03543005725660664,0.03998053640993579,-2.743023903430452,BALANCE,1,-7.4869489319971145e-06
3.342,-0.03566689692553446,0.0,-0.03681553890925539,-0.0359149758350337,-0.24245928921352855,-2.91753609966308,BALANCE,1,-7.4869489319971145e-06
3.344,-0.03566689692553446,0.0,-0.035281558121369745,-0.03569327963525131,0.11084809989119274,-5.213332814523425,BALANCE,1,-7.4869489319971145e-06
3.346,-0.03566689692553446,0.0,-0.035281558121369745,-0.03554917710539276,0.07205126492927649,-2.380710585625762,BALANCE,1,-7.4869489319971145e-06
3.348,-0.03566689692553446,0.0,-0.03834951969714103,-0.03652929701250465,-0.490059953555947,-2.6895489489506574,BALANCE,1,-7.4869489319971145e-06
3.35,-0.03566689692553446,0.0,-0.0337475773334841,-0.03555569512484746,0.4868009438285976,-7.2525517506616595,BALANCE,1,-7.4869489319971145e-06
3.352,-0.03566689692553446,0.0,-0.032213596545598466,-0.03438596062211031,0.5848672513685745,0.6136404026491595,BALANCE,1,-7.4869489319971145e-06
3.354,-0.03566689692553446,0.0,-0.035281558121369745,-0.03469941974685111,-0.15672956237040153,1.4614777410087816,BALANCE,1,-7.4869489319971145e-06
3.356,-0.03566689692553446,0.0,-0.0337475773334841,-0.03436627490217266,0.16657242233922634,-4.497044200336846,BALANCE,1,-7.4869489319971145e-06
3.358,-0.03566689692553446,0.0,-0.03834951969714103,-0.035760410580411586,-0.697067839119464,-1.8975128869595494,BALANCE,1,-7.4869489319971145e-06
3.36,-0.03566689692553446,0.0,-0.0337475773334841,-0.03505591894398696,0.35224581821231143,-8.89743520143949,BALANCE,1,-7.4869489319971145e-06
3.362,-0.03566689692553446,0.0,-0.035281558121369745,-0.035134892656070935,-0.039486856041985596,-0.46766762838860676,BALANCE,1,-7.4869489319971145e-06
3.364,-0.03566689692553446,0.0,-0.035281558121369745,-0.03518622556892552,-0.025666456427292372,-3.6132944236792355,BALANCE,1,-7.4869489319971145e-06
3.366,-0.03566689692553446,0.0,-0.035281558121369745,-0.035219591962281,-0.016683196677740042,-3.5128484466467502,BALANCE,1,-7.4869489319971145e-06
3.368,-0.03566689692553446,0.0,-0.035281558121369745,-0.03524128011796206,-0.010844077840528599,-3.4500282706441165,BALANCE,1,-7.4869489319971145e-06
3.37,-0.03566689692553446,0.0,-0.035281558121369745,-0.03525537741915474,-0.007048650596343242,-3.4116648653108808,BALANCE,1,-7.4869489319971145e-06
3.372,-0.03566689692553446,0.0,-0.035281558121369745,-0.03526454066492999,-0.004581622887623454,-3.38919836091279,BALANCE,1,-7.4869489319971145e-06
3.374,-0.03566689692553446,0.0,-0.03834951969714103,-0.036344283326203854,-0.5398713306369318,-3.377064842122532,BALANCE,1,-7.4869489319971145e-06
3.376,-0.03566689692553446,0.0,-0.035281558121369745,-0.035972329504511916,0.18597691084596898,-7.731435920458671,BALANCE,1,-7.4869489319971145e-06
3.378,-0.03566689692553446,0.0,-0.035281558121369745,-0.03573055952041215,0.1208849920498814,-1.9095272251948514,BALANCE,1,-7.4869489319971145e-06
3.38,-0.03566689692553446,0.0,-0.0337475773334841,-0.035036515754987334,0.3470218827124095,-2.4229024884216486,BALANCE,1,-7.4869489319971145e-06
3.382,-0.03566689692553446,0.0,-0.0337475773334841,-0.0345853873074612,0.22556422376306812,-0.579172040346932,BALANCE,1,-7.4869489319971145e-06
3.384,-0.03566689692553446,0.0,-0.0337475773334841,-0.034292153816569214,0.14661674544599185,-1.5306826825515876,BALANCE,1,-7.4869489319971145e-06
3.386,-0.03566689692553446,0.0,-0.03681553890925539,-0.03517533859900937,-0.4415923912200782,-2.151526930397992,BALANCE,1,-7.4869489319971145e-06
3.388,-0.03566689692553446,0.0,-0.0337475773334841,-0.034675622156075524,0.2498582214669233,-6.917226178392765,BALANCE,1,-7.4869489319971145e-06
3.39,-0.03566689692553446,0.0,-0.03834951969714103,-0.03596148629544845,-0.6429320696864638,-1.3625734147519362,BALANCE,1,-7.4869489319971145e-06
3.392,-0.03566689692553446,0.0,-0.035281558121369745,-0.035723511434520905,0.11898743046377322,-8.589239889600497,BALANCE,1,-7.4869489319971145e-06
3.394,-0.03566689692553446,0.0,-0.035281558121369745,-0.035568827774917995,0.07734182980145485,-2.4867500990298534,BALANCE,1,-7.4869489319971145e-06
3.396,-0.03566689692553446,0.0,-0.03834951969714103,-0.03654206994769606,-0.4866210863890309,-2.8177476503072096,BALANCE,1,-7.4869489319971145e-06
3.398,-0.03566689692553446,0.0,-0.035281558121369745,-0.03610089080848185,0.22058956960710474,-7.395153924187319,BALANCE,1,-7.4869489319971145e-06
3.4,-0.03566689692553446,0.0,-0.03834951969714103,-0.03688791091951256,-0.3935100555153559,-1.718218106027077,BALANCE,1,-7.4869489319971145e-06
3.402,-0.03566689692553446,0.0,-0.035281558121369745,-0.03632568744016257,0.2811117396749954,-6.685613895852507,BALANCE,1,-7.4869489319971145e-06
3.404,-0.03566689692553446,0.0,-0.03681553890925539,-0.036497135454345055,-0.08572400709124309,-1.26217126305673,BALANCE,1,-7.4869489319971145e-06
3.406,-0.03566689692553446,0.0,-0.03681553890925539,-0.036608576663563666,-0.05572060460930575,-4.214443545128456,BALANCE,1,-7.4869489319971145e-06
3.408,-0.03566689692553446,0.0,-0.035281558121369745,-0.03614412017379579,0.23222824488393704,-3.988424513158787,BALANCE,1,-7.4869489319971145e-06
3.41,-0.03566689692553446,0.0,-0.03681553890925539,-0.03637911673120665,-0.1174982787054274,-1.6641951518615314,BALANCE,1,-7.4869489319971145e-06
3.412,-0.03566689692553446,0.0,-0.032213596545598466,-0.03492118466624378,0.7289660324814318,-4.48338295736734,BALANCE,1,-7.4869489319971145e-06
3.414,-0.03566689692553446,0.0,-0.0337475773334841,-0.03451042209977789,0.20538128323294505,2.3688232190920573,BALANCE,1,-7.4869489319971145e-06
3.416,-0.03566689692553446,0.0,-0.032213596545598466,-0.033706533155815094,0.4019444719813997,-1.802111105327839,BALANCE,1,-7.4869489319971145e-06
3.418,-0.03566689692553446,0.0,-0.0337475773334841,-0.03372089861799924,-0.0071827310920737075,-0.18811356533359658,BALANCE,1,-7.4869489319971145e-06
3.42,-0.03566689692553446,0.0,-0.03834951969714103,-0.035340915995698864,-0.8100086888498115,-3.4687372973760326,BALANCE,1,-7.4869489319971145e-06
3.422,-0.03566689692553446,0.0,-0.035281558121369745,-0.03532014073968367,0.010387628007597904,-9.995614185299052,BALANCE,1,-7.4869489319971145e-06
3.424,-0.03566689692553446,0.0,-0.03681553890925539,-0.035843530099033766,-0.26169467967504867,-3.4382611632268016,BALANCE,1,-7.4869489319971145e-06
3.426,-0.03566689692553446,0.0,-0.035281558121369745,-0.03564683990685136,0.09834509609120412,-5.653491692268788,BALANCE,1,-7.4869489319971145e-06
3.428,-0.03566689692553446,0.0,-0.03681553890925539,-0.03605588455769276,-0.20452232542070292,-2.7685014425891907,BALANCE,1,-7.4869489319971145e-06
3.43,-0.03566689692553446,0.0,-0.035281558121369745,-0.035784870304979705,0.1355071263565294,-5.223194670646469,BALANCE,1,-7.4869489319971145e-06
3.432,-0.03566689692553446,0.0,-0.03681553890925539,-0.03614560431647619,-0.18036700574824288,-2.4938551753268237,BALANCE,1,-7.4869489319971145e-06
3.434,-0.03566689692553446,0.0,-0.03681553890925539,-0.036380081423948905,-0.11723855373635753,-5.049721393718086,BALANCE,1,-7.4869489319971145e-06
3.436,-0.03566689692553446,0.0,-0.03681553890925539,-0.036532491543806174,-0.0762050599286343,-4.566038420356156,BALANCE,1,-7.4869489319971145e-06
3.438,-0.03566689692553446,0.0,-0.03681553890925539,-0.0366315581217134,-0.04953328895361195,-4.254221575394567,BALANCE,1,-7.4869489319971145e-06
3.44,-0.03566689692553446,0.0,-0.0337475773334841,-0.035622164845833144,0.5046966379401268,-4.054117713893165,BALANCE,1,-7.4869489319971145e-06
3.442,-0.03566689692553446,0.0,-0.03681553890925539,-0.036039845768030924,-0.20884046109889004,0.4331608648403933,BALANCE,1,-7.4869489319971145e-06
3.444,-0.03566689692553446,0.0,-0.0337475773334841,-0.03523755181593954,0.4011469760456937,-5.307404751957214,BALANCE,1,-7.4869489319971145e-06
3.446,-0.03566689692553446,0.0,-0.035281558121369745,-0.03525295402284011,-0.007701103450285379,-0.3864151280382484,BALANCE,1,-7.4869489319971145e-06
3.448,-0.03566689692553446,0.0,-0.0337475773334841,-0.0347260721815655,0.2634409206373027,-3.665174487224684,BALANCE,1,-7.4869489319971145e-06
3.45,-0.03566689692553446,0.0,-0.03834951969714103,-0.03599427881201694,-0.6341033152257175,-1.4713705984838157,BALANCE,1,-7.4869489319971145e-06
3.452,-0.03566689692553446,0.0,-0.03681553890925539,-0.03628171984605039,-0.143720517016728,-8.735015738977467,BALANCE,1,-7.4869489319971145e-06
3.454,-0.03566689692553446,0.0,-0.0337475773334841,-0.03539476996665219,0.4434749396991025,-4.836456159316768,BALANCE,1,-7.4869489319971145e-06
3.456,-0.03566689692553446,0.0,-0.035281558121369745,-0.03535514582080333,0.01981207292442791,-0.09275446681956256,BALANCE,1,-7.4869489319971145e-06
3.458,-0.03566689692553446,0.0,-0.035281558121369745,-0.03532939012600157,0.01287784740088005,-3.4867509814301885,BALANCE,1,-7.4869489319971145e-06
3.46,-0.03566689692553446,0.0,-0.03681553890925539,-0.0358495422001404,-0.26007603706941496,-3.5477453219556665,BALANCE,1,-7.4869489319971145e-06
3.462,-0.03566689692553446,0.0,-0.03681553890925539,-0.036187641048330645,-0.1690494240951211,-5.769755430606384,BALANCE,1,-7.4869489319971145e-06
3.464,-0.03566689692553446,0.0,-0.03681553890925539,-0.036407405299654305,-0.10988212566183028,-5.069065985913114,BALANCE,1,-7.4869489319971145e-06
3.466,-0.03566689692553446,0.0,-0.0337475773334841,-0.035476465511494734,0.4654698940797855,-4.616194934586138,BALANCE,1,-7.4869489319971145e-06
3.468,-0.03566689692553446,0.0,-0.035281558121369745,-0.03540824792495099,0.034108793271873245,0.035382317534063734,BALANCE,1,-7.4869489319971145e-06
3.47,-0.03566689692553446,0.0,-0.035281558121369745,-0.03536390649369755,0.022170715626719517,-3.4184950833215995,BALANCE,1,-7.4869489319971145e-06
3.472,-0.03566689692553446,0.0,-0.035281558121369745,-0.035335084563382815,0.014410965157366645,-3.5184119999063626,BALANCE,1,-7.4869489319971145e-06
3.474,-0.03566689692553446,0.0,-0.035281558121369745,-0.03531635030867824,0.009367127352288146,-3.5858277047549785,BALANCE,1,-7.4869489319971145e-06
3.476,-0.03566689692553446,0.0,-0.035281558121369745,-0.035304173043120265,0.0060886327789867745,-3.632117621975068,BALANCE,1,-7.4869489319971145e-06
3.478,-0.03566689692553446,0.0,-0.03681553890925539,-0.03583315109626756,-0.26448902657364576,-3.6646757772366243,BALANCE,1,-7.4869489319971145e-06
3.48,-0.03566689692553446,0.0,-0.035281558121369745,-0.03564009355505332,0.09652877060711829,-5.868202365465776,BALANCE,1,-7.4869489319971145e-06
3.482,-0.03566689692553446,0.0,-0.0337475773334841,-0.03497771287750409,0.33119033877461457,-2.9756045542578193,BALANCE,1,-7.4869489319971145e-06
3.484,-0.03566689692553446,0.0,-0.0337475773334841,-0.03454716543709709,0.21527372020349947,-1.0655647108403963,BALANCE,1,-7.4869489319971145e-06
3.486,-0.03566689692553446,0.0,-0.0337475773334841,-0.034267309600832546,0.1399279181322731,-1.9739742460723164,BALANCE,1,-7.4869489319971145e-06
3.488,-0.03566689692553446,0.0,-0.035281558121369745,-0.034622296583020566,-0.17749349109401,-2.566802774386421,BALANCE,1,-7.4869489319971145e-06
3.49,-0.03566689692553446,0.0,-0.03681553890925539,-0.03538993139720275,-0.3838174070910916,-5.134397726444571,BALANCE,1,-7.4869489319971145e-06
3.492,-0.03566689692553446,0.0,-0.035281558121369745,-0.035352000750661194,0.018965323270777462,-6.838125129551596,BALANCE,1,-7.4869489319971145e-06
3.494,-0.03566689692553446,0.0,-0.03834951969714103,-0.03640113238192914,-0.5245658156339712,-3.6206578480142824,BALANCE,1,-7.4869489319971145e-06
3.496,-0.03566689692553446,0.0,-0.035281558121369745,-0.036009281390733346,0.19592549559789563,-8.039135083604734,BALANCE,1,-7.4869489319971145e-06
3.498,-0.03566689692553446,0.0,-0.035281558121369745,-0.03575457824645608,0.12735157213863285,-2.258895390556198,BALANCE,1,-7.4869489319971145e-06
3.5,-0.03566689692553446,0.0,-0.03681553890925539,-0.036125914478435835,-0.18566811598987737,-2.7993555052229553,BALANCE,1,-7.4869489319971145e-06
3.5020000000000002,-0.03566689692553446,0.0,-0.03681553890925539,-0.03636728302922267,-0.12068427539341925,-5.33301836706551,BALANCE,1,-7.4869489319971145e-06
3.504,-0.03566689692553446,0.0,-0.03681553890925539,-0.03652417258723412,-0.07844477900572494,-4.8349032119469,BALANCE,1,-7.4869489319971145e-06
3.5060000000000002,-0.03566689692553446,0.0,-0.03681553890925539,-0.03662615079994156,-0.05098910635371878,-4.513705448843479,BALANCE,1,-7.4869489319971145e-06
3.508,-0.03566689692553446,0.0,-0.0337475773334841,-0.03561865008668145,0.5037503566300561,-4.307503990549864,BALANCE,1,-7.4869489319971145e-06
3.5100000000000002,-0.03566689692553446,0.0,-0.035281558121369745,-0.03550066789882235,0.05899109392954946,0.183738026098605,BALANCE,1,-7.4869489319971145e-06
3.512,-0.03566689692553446,0.0,-0.0337475773334841,-0.03488708620095396,0.306790848934195,-3.374357277813666,BALANCE,1,-7.4869489319971145e-06
3.5140000000000002,-0.03566689692553446,0.0,-0.035281558121369745,-0.03502515137309948,-0.06903258607275989,-1.3621217531445895,BALANCE,1,-7.4869489319971145e-06
3.516,-0.03566689692553446,0.0,-0.0337475773334841,-0.03457800045923409,0.22357545693269323,-4.38399817380358,BALANCE,1,-7.4869489319971145e-06
3.5180000000000002,-0.03566689692553446,0.0,-0.0337475773334841,-0.034287352365221596,0.14532404700624835,-2.023220375019878,BALANCE,1,-7.4869489319971145e-06
3.52,-0.03566689692553446,0.0,-0.03681553890925539,-0.03517221765563342,-0.4424326452059125,-2.6386502392637317,BALANCE,1,-7.4869489319971145e-06
3.5220000000000002,-0.03566689692553446,0.0,-0.035281558121369745,-0.03521048681864113,-0.019134581503855996,-7.400830137916855,BALANCE,1,-7.4869489319971145e-06
3.524,-0.03566689692553446,0.0,-0.035281558121369745,-0.035235361774596144,-0.012437477977505357,-4.023783875444593,BALANCE,1,-7.4869489319971145e-06
3.5260000000000002,-0.03566689692553446,0.0,-0.03681553890925539,-0.03578842377172688,-0.27653099856536634,-3.978746616946008,BALANCE,1,-7.4869489319971145e-06
3.528,-0.03566689692553446,0.0,-0.035281558121369745,-0.035611020794101875,0.08870148881250095,-6.131836186231085,BALANCE,1,-7.4869489319971145e-06
3.5300000000000002,-0.03566689692553446,0.0,-0.035281558121369745,-0.03549570885864563,0.057655967728123536,-3.2064543127094676,BALANCE,1,-7.4869489319971145e-06
3.532,-0.03566689692553446,0.0,-0.035281558121369745,-0.03542075610059907,0.037476379023279605,-3.454998907028841,BALANCE,1,-7.4869489319971145e-06
3.5340000000000003,-0.03566689692553446,0.0,-0.035281558121369745,-0.0353720368078688,0.02435964636513313,-3.6190226024049186,BALANCE,1,-7.4869489319971145e-06
3.536,-0.03566689692553446,0.0,-0.035281558121369745,-0.03534036926759413,0.015833770137335668,-3.728107713467848,BALANCE,1,-7.4869489319971145e-06
3.5380000000000003,-0.03566689692553446,0.0,-0.03681553890925539,-0.035856678642175566,-0.2581546872907174,-3.8014827447272665,BALANCE,1,-7.4869489319971145e-06
3.54,-0.03566689692553446,0.0,-0.035281558121369745,-0.03565538645989352,0.10064609114102119,-6.031540302355012,BALANCE,1,-7.4869489319971145e-06
3.5420000000000003,-0.03566689692553446,0.0,-0.0337475773334841,-0.034987653265650225,0.33386659712164934,-3.1561876212561595,BALANCE,1,-7.4869489319971145e-06
3.544,-0.03566689692553446,0.0,-0.0337475773334841,-0.03455362668939208,0.21701328812907122,-1.2573571124096663,BALANCE,1,-7.4869489319971145e-06
3.5460000000000003,-0.03566689692553446,0.0,-0.03834951969714103,-0.035882189242104214,-0.6642812763560657,-2.1730527151126813,BALANCE,1,-7.4869489319971145e-06
3.548,-0.03566689692553446,0.0,-0.035281558121369745,-0.03567196834984715,0.10511044612853196,-9.310299422004926,BALANCE,1,-7.4869489319971145e-06
3.5500000000000003,-0.03566689692553446,0.0,-0.03681553890925539,-0.03607221804564003,-0.20012484789644,-3.1496867822626897,BALANCE,1,-7.4869489319971145e-06
3.552,-0.03566689692553446,0.0,-0.03681553890925539,-0.0363323803479054,-0.13008115113268687,-5.6227985598191665,BALANCE,1,-7.4869489319971145e-06
3.5540000000000003,-0.03566689692553446,0.0,-0.035281558121369745,-0.03596459256861792,0.18389388964374156,-5.085325199914645,BALANCE,1,-7.4869489319971145e-06
3.556,-0.03566689692553446,0.0,-0.03681553890925539,-0.03626242378784103,-0.14891560961155514,-2.558650525459692,BALANCE,1,-7.4869489319971145e-06
3.5580000000000003,-0.03566689692553446,0.0,-0.03681553890925539,-0.03645601408033605,-0.09679514624751084,-5.24624887741302,BALANCE,1,-7.4869489319971145e-06
3.56,-0.03566689692553446,0.0,-0.03681553890925539,-0.036581847770457816,-0.06291684506088205,-4.8481917908664345,BALANCE,1,-7.4869489319971145e-06
3.5620000000000003,-0.03566689692553446,0.0,-0.035281558121369745,-0.03612674639327699,0.22755068859041383,-4.592031772334802,BALANCE,1,-7.4869489319971145e-06
3.564,-0.03566689692553446,0.0,-0.035281558121369745,-0.03583093049810945,0.1479079475837676,-2.2482107697722404,BALANCE,1,-7.4869489319971145e-06
3.5660000000000003,-0.03566689692553446,0.0,-0.0337475773334841,-0.035101756890490575,0.3645868038094392,-2.87476993021498,BALANCE,1,-7.4869489319971145e-06
3.568,-0.03566689692553446,0.0,-0.03834951969714103,-0.036238473872818235,-0.5683584911638297,-1.1046090153305725,BALANCE,1,-7.4869489319971145e-06
3.5700000000000003,-0.03566689692553446,0.0,-0.0337475773334841,-0.03536666008405129,0.4359068943834733,-8.643622088830949,BALANCE,1,-7.4869489319971145e-06
3.572,-0.03566689692553446,0.0,-0.03681553890925539,-0.035873767672872724,-0.25355379441071785,-0.5642635091433166,BALANCE,1,-7.4869489319971145e-06
3.5740000000000003,-0.03566689692553446,0.0,-0.035281558121369745,-0.03566649432984668,0.10363667151302297,-6.117550228360706,BALANCE,1,-7.4869489319971145e-06
3.576,-0.03566689692553446,0.0,-0.035281558121369745,-0.03553176665687975,0.0673638364834632,-3.2547233992551865,BALANCE,1,-7.4869489319971145e-06
3.5780000000000003,-0.03566689692553446,0.0,-0.03681553890925539,-0.035981086945211224,-0.22466014416573643,-3.543928772445025,BALANCE,1,-7.4869489319971145e-06
3.58,-0.03566689692553446,0.0,-0.03681553890925539,-0.03627314513262668,-0.14602909370772799,-5.914276052327553,BALANCE,1,-7.4869489319971145e-06
3.5820000000000003,-0.03566689692553446,0.0,-0.03681553890925539,-0.03646298295444673,-0.09491891091002388,-5.310005768934937,BALANCE,1,-7.4869489319971145e-06
3.584,-0.03566689692553446,0.0,-0.0337475773334841,-0.03551259098710981,0.47519598366846033,-4.919807172453397,BALANCE,1,-7.4869489319971145e-06
3.586,-0.03566689692553446,0.0,-0.032213596545598466,-0.034357942932580834,0.5773240272644864,-0.3089670159827298,BALANCE,1,-7.4869489319971145e-06
3.588,-0.03566689692553446,0.0,-0.0337475773334841,-0.03414431497289697,0.10681397984193056,0.570464627470701,BALANCE,1,-7.4869489319971145e-06
3.59,-0.03566689692553446,0.0,-0.03681553890925539,-0.035079243350622416,-0.46746418886272134,-3.1876269373232935,BALANCE,1,-7.4869489319971145e-06
3.592,-0.03566689692553446,0.0,-0.03681553890925539,-0.035686946796143953,-0.3038517227607687,-7.844963838294159,BALANCE,1,-7.4869489319971145e-06
3.594,-0.03566689692553446,0.0,-0.035281558121369745,-0.03554506075997298,0.07094301808548836,-6.57966370556906,BALANCE,1,-7.4869489319971145e-06
3.596,-0.03566689692553446,0.0,-0.0337475773334841,-0.034915941560701866,0.31455959963555546,-3.579901628780739,BALANCE,1,-7.4869489319971145e-06
3.598,-0.03566689692553446,0.0,-0.035281558121369745,-0.03504390735693562,-0.06398289811687663,-1.600205012736076,BALANCE,1,-7.4869489319971145e-06
3.6,-0.03566689692553446,0.0,-0.035281558121369745,-0.03512708512448756,-0.0415888837759712,-4.6432317240009455,BALANCE,1,-7.4869489319971145e-06
3.602,-0.03566689692553446,0.0,-0.035281558121369745,-0.035181150673396326,-0.02703277445438232,-4.476095692351716,BALANCE,1,-7.4869489319971145e-06
3.604,-0.03566689692553446,0.0,-0.0337475773334841,-0.03467940000442705,0.250875334484639,-4.369926980848209,BALANCE,1,-7.4869489319971145e-06
3.606,-0.03566689692553446,0.0,-0.0337475773334841,-0.03435326206959702,0.163068967415015,-2.123492949198768,BALANCE,1,-7.4869489319971145e-06
3.608,-0.03566689692553446,0.0,-0.0337475773334841,-0.034141272411957496,0.10599482881976097,-2.813246262079878,BALANCE,1,-7.4869489319971145e-06
3.61,-0.03566689692553446,0.0,-0.0337475773334841,-0.0340034791344918,0.06889663873284671,-3.26394824586593,BALANCE,1,-7.4869489319971145e-06
3.612,-0.03566689692553446,0.0,-0.03834951969714103,-0.03552459333141903,-0.7605570984636142,-3.5592668657402013,BALANCE,1,-7.4869489319971145e-06
3.614,-0.03566689692553446,0.0,-0.035281558121369745,-0.03543953100790178,0.04253116175862576,-10.293268533793805,BALANCE,1,-7.4869489319971145e-06
3.616,-0.03566689692553446,0.0,-0.035281558121369745,-0.035384240497615564,0.027645255143107783,-3.8705466188064315,BALANCE,1,-7.4869489319971145e-06
3.618,-0.03566689692553446,0.0,-0.0337475773334841,-0.03481140839016955,0.2864160537230063,-3.993393289212926,BALANCE,1,-7.4869489319971145e-06
3.62,-0.03566689692553446,0.0,-0.035281558121369745,-0.03497596079608962,-0.08227620296003338,-1.8958192558050104,BALANCE,1,-7.4869489319971145e-06
3.622,-0.03566689692553446,0.0,-0.035281558121369745,-0.03508291985993766,-0.05347953192402083,-4.86222564578375,BALANCE,1,-7.4869489319971145e-06
3.624,-0.03566689692553446,0.0,-0.03834951969714103,-0.03622622980295884,-0.5716549715105885,-4.64528640529852,BALANCE,1,-7.4869489319971145e-06
3.626,-0.03566689692553446,0.0,-0.0337475773334841,-0.03535870143864268,0.43376418215807994,-8.866533764532923,BALANCE,1,-7.4869489319971145e-06
3.628,-0.03566689692553446,0.0,-0.03834951969714103,-0.0364054878291171,-0.5233931952372123,-0.7782005736123345,BALANCE,1,-7.4869489319971145e-06
3.63,-0.03566689692553446,0.0,-0.035281558121369745,-0.03601211243140552,0.19668769885579016,-8.505547873768961,BALANCE,1,-7.4869489319971145e-06
3.632,-0.03566689692553446,0.0,-0.03681553890925539,-0.03629331169865297,-0.1405996336237246,-2.7285006196485275,BALANCE,1,-7.4869489319971145e-06
3.634,-0.03566689692553446,0.0,-0.03681553890925539,-0.03647609122236382,-0.09138976185542325,-5.450929897859223,BALANCE,1,-7.4869489319971145e-06
3.636,-0.03566689692553446,0.0,-0.0337475773334841,-0.035521111361255915,0.47748993055395095,-5.075512913379936,BALANCE,1,-7.4869489319971145e-06
3.638,-0.03566689692553446,0.0,-0.03681553890925539,-0.03597416100305573,-0.22652482089990586,-0.47428080471071965,BALANCE,1,-7.4869489319971145e-06
3.64,-0.03566689692553446,0.0,-0.0337475773334841,-0.035194856718705654,0.38965214217503635,-6.140776627050174,BALANCE,1,-7.4869489319971145e-06
3.642,-0.03566689692553446,0.0,-0.03681553890925539,-0.035762095485398056,-0.28361938334620085,-1.1716416367333728,BALANCE,1,-7.4869489319971145e-06
3.644,-0.03566689692553446,0.0,-0.03681553890925539,-0.03613080068374812,-0.18435259917503125,-6.599000586001894,BALANCE,1,-7.4869489319971145e-06
3.646,-0.03566689692553446,0.0,-0.03681553890925539,-0.03637045906267566,-0.11982918946376944,-5.834214784670291,BALANCE,1,-7.4869489319971145e-06
3.648,-0.03566689692553446,0.0,-0.035281558121369745,-0.03598934373321858,0.19055766472853702,-5.339681101528384,BALANCE,1,-7.4869489319971145e-06
3.65,-0.03566689692553446,0.0,-0.0337475773334841,-0.03520472549331151,0.39230911995353707,-2.8409172169691512,BALANCE,1,-7.4869489319971145e-06
3.652,-0.03566689692553446,0.0,-0.035281558121369745,-0.03523161691313189,-0.013445709910190479,-1.1868694258733887,BALANCE,1,-7.4869489319971145e-06
3.654,-0.03566689692553446,0.0,-0.0337475773334841,-0.03471220306025516,0.2597069264383654,-4.4415678733550585,BALANCE,1,-7.4869489319971145e-06
3.656,-0.03566689692553446,0.0,-0.03681553890925539,-0.03544837060740524,-0.368083773575039,-2.2321243920060585,BALANCE,1,-7.4869489319971145e-06
3.658,-0.03566689692553446,0.0,-0.035281558121369745,-0.035389986237292816,0.02919218505621074,-7.305709719063779,BALANCE,1,-7.4869489319971145e-06
3.66,-0.03566689692553446,0.0,-0.035281558121369745,-0.03535203639671974,0.01897492028653941,-4.131076985054495,BALANCE,1,-7.4869489319971145e-06
3.662,-0.03566689692553446,0.0,-0.035281558121369745,-0.03532736900034724,0.012333698186248188,-4.2176085200568245,BALANCE,1,-7.4869489319971145e-06
3.664,-0.03566689692553446,0.0,-0.035281558121369745,-0.035311335192705115,0.00801690382106271,-4.276323726876874,BALANCE,1,-7.4869489319971145e-06
3.666,-0.03566689692553446,0.0,-0.03681553890925539,-0.03583780649349771,-0.2632356503962964,-4.316958320378371,BALANCE,1,-7.4869489319971145e-06
3.668,-0.03566689692553446,0.0,-0.03681553890925539,-0.03618001283901289,-0.1711031727575918,-6.525734593463499,BALANCE,1,-7.4869489319971145e-06
3.67,-0.03566689692553446,0.0,-0.03681553890925539,-0.03640244696359776,-0.11121706229243536,-5.816443155652577,BALANCE,1,-7.4869489319971145e-06
3.672,-0.03566689692553446,0.0,-0.0337475773334841,-0.03547324259305798,0.46460218526989117,-5.357980808799136,BALANCE,1,-7.4869489319971145e-06
3.674,-0.03566689692553446,0.0,-0.0337475773334841,-0.03486925975220712,0.30199142042542854,-0.7027692145867488,BALANCE,1,-7.4869489319971145e-06
3.676,-0.03566689692553446,0.0,-0.03834951969714103,-0.03608735073293399,-0.6090454903634329,-1.97439021484184,BALANCE,1,-7.4869489319971145e-06
3.678,-0.03566689692553446,0.0,-0.03681553890925539,-0.036342216594646475,-0.12743293085624302,-9.342988430142931,BALANCE,1,-7.4869489319971145e-06
3.68,-0.03566689692553446,0.0,-0.03681553890925539,-0.036507879404759594,-0.0828314050565597,-5.51264834910709,BALANCE,1,-7.4869489319971145e-06
3.682,-0.03566689692553446,0.0,-0.03834951969714103,-0.03715245350709309,-0.3222870511667489,-5.173077487197362,BALANCE,1,-7.4869489319971145e-06
3.684,-0.03566689692553446,0.0,-0.039883500485026674,-0.03810831994936984,-0.4779332211383748,-7.134827592920304,BALANCE,1,-7.4869489319971145e-06
3.686,-0.03566689692553446,0.0,-0.03681553890925539,-0.03765584658532978,0.22623668202003192,-8.44497060321979,BALANCE,1,-7.4869489319971145e-06
3.688,-0.03566689692553446,0.0,-0.035281558121369745,-0.03682484562294376,0.41550048119300825,-2.791994145427199,BALANCE,1,-7.4869489319971145e-06
3.69,-0.03566689692553446,0.0,-0.032213596545598466,-0.03521090844587291,0.8069685885354269,-1.2353886634248163,BALANCE,1,-7.4869489319971145e-06
3.692,-0.03566689692553446,0.0,-0.035281558121369745,-0.035235635832296795,-0.012363693211944055,1.9861502442496093,BALANCE,1,-7.4869489319971145e-06
3.694,-0.03566689692553446,0.0,-0.035281558121369745,-0.03525170863347232,-0.008036400587763809,-4.577038780081251,BALANCE,1,-7.4869489319971145e-06
3.696,-0.03566689692553446,0.0,-0.0337475773334841,-0.03472526267847644,0.26322297749794066,-4.550435148885034,BALANCE,1,-7.4869489319971145e-06
3.698,-0.03566689692553446,0.0,-0.03834951969714103,-0.03599375263500904,-0.6342449782663003,-2.3557184194353415,BALANCE,1,-7.4869489319971145e-06
3.7,-0.03566689692553446,0.0,-0.03681553890925539,-0.03628137783099526,-0.14381259799311,-9.618770213468228,BALANCE,1,-7.4869489319971145e-06
3.702,-0.03566689692553446,0.0,-0.03681553890925539,-0.036468334208386306,-0.09347818869552202,-5.719824958608077,BALANCE,1,-7.4869489319971145e-06
3.704,-0.03566689692553446,0.0,-0.035281558121369745,-0.03605296257793051,0.2076858152278982,-5.335660733712514,BALANCE,1,-7.4869489319971145e-06
3.706,-0.03566689692553446,0.0,-0.035281558121369745,-0.03578297101813424,0.13499577989813452,-2.9086369970133896,BALANCE,1,-7.4869489319971145e-06
3.708,-0.03566689692553446,0.0,-0.03681553890925539,-0.03614436978002664,-0.1806993809462011,-3.48111438026735,BALANCE,1,-7.4869489319971145e-06
3.71,-0.03566689692553446,0.0,-0.035281558121369745,-0.03584238569949673,0.15099204026495713,-6.035588466691584,BALANCE,1,-7.4869489319971145e-06
3.712,-0.03566689692553446,0.0,-0.03681553890925539,-0.03618298932291226,-0.17030181170776468,-3.3711065293104223,BALANCE,1,-7.4869489319971145e-06
3.714,-0.03566689692553446,0.0,-0.035281558121369745,-0.035867488402372374,0.15775046026994186,-5.969130160361711,BALANCE,1,-7.4869489319971145e-06
3.716,-0.03566689692553446,0.0,-0.0337475773334841,-0.03512551952826148,0.37098443705544865,-3.33295542698814,BALANCE,1,-7.4869489319971145e-06
3.718,-0.03566689692553446,0.0,-0.035281558121369745,-0.03518013303584937,-0.027306753793945177,-1.5895905841630844,BALANCE,1,-7.4869489319971145e-06
3.72,-0.03566689692553446,0.0,-0.0337475773334841,-0.03467873854002152,0.2506972479139231,-4.786232948020679,BALANCE,1,-7.4869489319971145e-06
3.722,-0.03566689692553446,0.0,-0.03681553890925539,-0.035426618669253375,-0.3739400646159269,-2.5390530123160655,BALANCE,1,-7.4869489319971145e-06
3.724,-0.03566689692553446,0.0,-0.03834951969714103,-0.03644963402901405,-0.5115076798803374,-7.588109644042628,BALANCE,1,-7.4869489319971145e-06
3.726,-0.03566689692553446,0.0,-0.03681553890925539,-0.03657770073709852,-0.06403335404223456,-8.757321414549354,BALANCE,1,-7.4869489319971145e-06
3.728,-0.03566689692553446,0.0,-0.032213596545598466,-0.035050264270073496,0.7637182335125114,-5.19252635047702,BALANCE,1,-7.4869489319971145e-06
3.73,-0.03566689692553446,0.0,-0.03681553890925539,-0.03566811039378716,-0.30892306185683127,1.5141224851284347,BALANCE,1,-7.4869489319971145e-06
3.732,-0.03566689692553446,0.0,-0.035281558121369745,-0.03553281709844106,0.0676466476730482,-7.111212267327884,BALANCE,1,-7.4869489319971145e-06
3.734,-0.03566689692553446,0.0,-0.035281558121369745,-0.0354448764564661,0.043970320987480466,-4.097643556787771,BALANCE,1,-7.4869489319971145e-06
3.736,-0.03566689692553446,0.0,-0.0337475773334841,-0.0348508217634224,0.2970273465218512,-4.288866707045108,BALANCE,1,-7.4869489319971145e-06
3.738,-0.03566689692553446,0.0,-0.03681553890925539,-0.035538472764463945,-0.3438255005207731,-2.2357373855402045,BALANCE,1,-7.4869489319971145e-06
3.74,-0.03566689692553446,0.0,-0.035281558121369745,-0.03544855263938097,0.04496006254148602,-7.410926916496584,BALANCE,1,-7.4869489319971145e-06
3.742,-0.03566689692553446,0.0,-0.03681553890925539,-0.035926997833837016,-0.23922259722802125,-4.302336915021409,BALANCE,1,-7.4869489319971145e-06
3.744,-0.03566689692553446,0.0,-0.03681553890925539,-0.03623798721023344,-0.15549468819821277,-6.6116903044115976,BALANCE,1,-7.4869489319971145e-06
3.746,-0.03566689692553446,0.0,-0.03681553890925539,-0.03644013030489112,-0.10107154732883969,-5.967773992198962,BALANCE,1,-7.4869489319971145e-06
3.748,-0.03566689692553446,0.0,-0.035281558121369745,-0.036034630040658634,0.2027501321162431,-5.551805476984416,BALANCE,1,-7.4869489319971145e-06
3.75,-0.03566689692553446,0.0,-0.035281558121369745,-0.03577105486890752,0.13178758587555767,-3.1041089515779365,BALANCE,1,-7.4869489319971145e-06
3.7520000000000002,-0.03566689692553446,0.0,-0.035281558121369745,-0.0355997310072693,0.08566193081911005,-3.663149022172134,BALANCE,1,-7.4869489319971145e-06
3.754,-0.03566689692553446,0.0,-0.03834951969714103,-0.036562157048724404,-0.4812130207275528,-4.028994777126876,BALANCE,1,-7.4869489319971145e-06
3.7560000000000002,-0.03566689692553446,0.0,-0.035281558121369745,-0.03611394742415027,0.22410481228706675,-8.62905238339723,BALANCE,1,-7.4869489319971145e-06
3.758,-0.03566689692553446,0.0,-0.035281558121369745,-0.03582261116817709,0.14566812798659165,-2.9668399312906555,BALANCE,1,-7.4869489319971145e-06
3.7600000000000002,-0.03566689692553446,0.0,-0.035281558121369745,-0.03563324260179451,0.09468428319128752,-3.584017752569701,BALANCE,1,-7.4869489319971145e-06
3.762,-0.03566689692553446,0.0,-0.035281558121369745,-0.03551015303364584,0.06154478407433689,-3.9876530454695387,BALANCE,1,-7.4869489319971145e-06
3.7640000000000002,-0.03566689692553446,0.0,-0.035281558121369745,-0.0354301448143492,0.04000410964831794,-4.252485694922952,BALANCE,1,-7.4869489319971145e-06
3.766,-0.03566689692553446,0.0,-0.0337475773334841,-0.034841246196046415,0.29444930915139417,-4.4270966261361755,BALANCE,1,-7.4869489319971145e-06
3.7680000000000002,-0.03566689692553446,0.0,-0.035281558121369745,-0.03499535536990958,-0.07705458693158321,-2.3631693622526075,BALANCE,1,-7.4869489319971145e-06
3.77,-0.03566689692553446,0.0,-0.035281558121369745,-0.03509552633292064,-0.05008548150552822,-5.351446152422199,BALANCE,1,-7.4869489319971145e-06
3.7720000000000002,-0.03566689692553446,0.0,-0.0337475773334841,-0.034623744183117845,0.23589107490139608,-5.148722672061006,BALANCE,1,-7.4869489319971145e-06
3.774,-0.03566689692553446,0.0,-0.035281558121369745,-0.03485397906150601,-0.1151174391940818,-2.8395280406540673,BALANCE,1,-7.4869489319971145e-06
3.7760000000000002,-0.03566689692553446,0.0,-0.03681553890925539,-0.03554052500821829,-0.3432729733561408,-5.668381041933482,BALANCE,1,-7.4869489319971145e-06
3.778,-0.03566689692553446,0.0,-0.03681553890925539,-0.03598677987358127,-0.22312743268149138,-7.541926177034336,BALANCE,1,-7.4869489319971145e-06
3.7800000000000002,-0.03566689692553446,0.0,-0.035281558121369745,-0.03573995226030724,0.1234138066370169,-6.614734499533634,BALANCE,1,-7.4869489319971145e-06
3.782,-0.03566689692553446,0.0,-0.0337475773334841,-0.03504262103591914,0.3486656121940504,-3.8347429186411874,BALANCE,1,-7.4869489319971145e-06
3.7840000000000003,-0.03566689692553446,0.0,-0.035281558121369745,-0.03512624901582685,-0.041813989953856656,-1.997897124928817,BALANCE,1,-7.4869489319971145e-06
3.786,-0.03566689692553446,0.0,-0.0337475773334841,-0.03464371392700689,0.24126754440998224,-5.133776870709702,BALANCE,1,-7.4869489319971145e-06
3.7880000000000003,-0.03566689692553446,0.0,-0.035281558121369745,-0.034866959395033884,-0.11162273401349801,-2.847101233255194,BALANCE,1,-7.4869489319971145e-06
3.79,-0.03566689692553446,0.0,-0.03681553890925539,-0.03554896222501141,-0.3410014149887626,-5.690591580603662,BALANCE,1,-7.4869489319971145e-06
3.7920000000000003,-0.03566689692553446,0.0,-0.0337475773334841,-0.03491847751297685,0.31524235601727846,-7.5736509906494325,BALANCE,1,-7.4869489319971145e-06
3.794,-0.03566689692553446,0.0,-0.03681553890925539,-0.035582449001674336,-0.3319857443487423,-2.2928554353816266,BALANCE,1,-7.4869489319971145e-06
3.7960000000000003,-0.03566689692553446,0.0,-0.0337475773334841,-0.03494024391780775,0.3211025419332936,-7.517635017431976,BALANCE,1,-7.4869489319971145e-06
3.798,-0.03566689692553446,0.0,-0.035281558121369745,-0.035059703889054446,-0.05972998562334825,-2.2613844709272564,BALANCE,1,-7.4869489319971145e-06
3.8000000000000003,-0.03566689692553446,0.0,-0.030679615757712823,-0.033526673043084876,0.7665154229847849,-5.322224230433004,BALANCE,1,-7.4869489319971145e-06
3.802,-0.03566689692553446,0.0,-0.03681553890925539,-0.034677776096244554,-0.5755515265798393,1.3730155545816185,BALANCE,1,-7.4869489319971145e-06
3.8040000000000003,-0.03566689692553446,0.0,-0.03681553890925539,-0.03542599308079834,-0.3741084922768943,-9.439521780344204,BALANCE,1,-7.4869489319971145e-06
3.806,-0.03566689692553446,0.0,-0.03681553890925539,-0.0359123341207583,-0.2431705199799801,-7.879955723610031,BALANCE,1,-7.4869489319971145e-06
3.8080000000000003,-0.03566689692553446,0.0,-0.03681553890925539,-0.036228455796732284,-0.15806083798699036,-6.868814874456467,BALANCE,1,-7.4869489319971145e-06
3.81,-0.03566689692553446,0.0,-0.03681553890925539,-0.03643393488611537,-0.10273954469154287,-6.214150410230334,BALANCE,1,-7.4869489319971145e-06
3.8120000000000003,-0.03566689692553446,0.0,-0.035281558121369745,-0.0360306030184544,0.20166593383048534,-5.791195596206963,BALANCE,1,-7.4869489319971145e-06
3.814,-0.03566689692553446,0.0,-0.032213596545598466,-0.03469465075295482,0.667976132749791,-3.33895797657477,BALANCE,1,-7.4869489319971145e-06
3.8160000000000003,-0.03566689692553446,0.0,-0.035281558121369745,-0.03490006833190004,-0.10270878947261225,0.464741820559059,BALANCE,1,-7.4869489319971145e-06
3.818,-0.03566689692553446,0.0,-0.03681553890925539,-0.035570483033974414,-0.33520735103718596,-5.720042625623259,BALANCE,1,-7.4869489319971145e-06
3.8200000000000003,-0.03566689692553446,0.0,-0.03681553890925539,-0.03600625259032275,-0.21788477817416899,-7.627370096871108,BALANCE,1,-7.4869489319971145e-06
3.822,-0.03566689692553446,0.0,-0.03681553890925539,-0.036289502801949175,-0.14162510581321175,-6.722136937865937,BALANCE,1,-7.4869489319971145e-06
3.8240000000000003,-0.03566689692553446,0.0,-0.035281558121369745,-0.035936722163746375,0.17639031910140004,-6.136312472236254,BALANCE,1,-7.4869489319971145e-06
3.826,-0.03566689692553446,0.0,-0.035281558121369745,-0.035707414748914555,0.11465370741590986,-3.5782095790599406,BALANCE,1,-7.4869489319971145e-06
3.8280000000000003,-0.03566689692553446,0.0,-0.035281558121369745,-0.03555836492927387,0.07452490982034349,-4.065485510603736,BALANCE,1,-7.4869489319971145e-06
3.83,-0.03566689692553446,0.0,-0.035281558121369745,-0.035461482546507425,0.04844119138322153,-4.3846845751756796,BALANCE,1,-7.4869489319971145e-06
3.8320000000000003,-0.03566689692553446,0.0,-0.0337475773334841,-0.03486161572194926,0.29993341227908116,-4.594633676215971,BALANCE,1,-7.4869489319971145e-06
3.834,-0.03566689692553446,0.0,-0.035281558121369745,-0.03500859556174643,-0.07348991989858389,-2.553676222719994,BALANCE,1,-7.4869489319971145e-06
3.8360000000000003,-0.03566689692553446,0.0,-0.03681553890925539,-0.03564102573337456,-0.3162150858140658,-5.556883389641493,BALANCE,1,-7.4869489319971145e-06
3.838,-0.03566689692553446,0.0,-0.035281558121369745,-0.03551521206917287,0.06290683210084455,-7.543758732409712,BALANCE,1,-7.4869489319971145e-06
3.84,-0.03566689692553446,0.0,-0.035281558121369745,-0.03543343318744178,0.040889440865547744,-4.5103376116521625,BALANCE,1,-7.4869489319971145e-06
3.842,-0.03566689692553446,0.0,-0.03681553890925539,-0.035917170190076536,-0.24186850131737922,-4.688656695268159,BALANCE,1,-7.4869489319971145e-06
3.844,-0.03566689692553446,0.0,-0.0337475773334841,-0.03515781269026918,0.37967874990367867,-6.986927886927676,BALANCE,1,-7.4869489319971145e-06
3.846,-0.03566689692553446,0.0,-0.03681553890925539,-0.03573801686691435,-0.29010208832258577,-1.976019989708825,BALANCE,1,-7.4869489319971145e-06
3.848,-0.03566689692553446,0.0,-0.035281558121369745,-0.035578256305973735,0.07988028047030762,-7.376226549491035,BALANCE,1,-7.4869489319971145e-06
3.85,-0.03566689692553446,0.0,-0.035281558121369745,-0.03547441194136233,0.05192218230570117,-4.413897616752645,BALANCE,1,-7.4869489319971145e-06
3.852,-0.03566689692553446,0.0,-0.03681553890925539,-0.0359438063801249,-0.23469721938128296,-4.638426622581084,BALANCE,1,-7.4869489319971145e-06
3.854,-0.03566689692553446,0.0,-0.035281558121369745,-0.03571201948956059,0.11589344528215376,-6.966734263678736,BALANCE,1,-7.4869489319971145e-06
3.856,-0.03566689692553446,0.0,-0.035281558121369745,-0.035561358010693794,0.07533073943339838,-4.155244136835297,BALANCE,1,-7.4869489319971145e-06
3.858,-0.03566689692553446,0.0,-0.03681553890925539,-0.03600032132519035,-0.21948165724827717,-4.4778183664954705,BALANCE,1,-7.4869489319971145e-06
3.86,-0.03566689692553446,0.0,-0.035281558121369745,-0.035748754203853136,0.12578356066860613,-6.869855403083706,BALANCE,1,-7.4869489319971145e-06
3.862,-0.03566689692553446,0.0,-0.03834951969714103,-0.0366590221265039,-0.4551339613253803,-4.099789383309178,BALANCE,1,-7.4869489319971145e-06
3.864,-0.03566689692553446,0.0,-0.03681553890925539,-0.036713803000466914,-0.02739043698150867,-8.809077439045415,BALANCE,1,-7.4869489319971145e-06
3.866,-0.03566689692553446,0.0,-0.035281558121369745,-0.0362125172927829,0.25064285384200635,-5.397758857332317,BALANCE,1,-7.4869489319971145e-06
3.868,-0.03566689692553446,0.0,-0.03681553890925539,-0.03642357485854827,-0.10552878288268286,-3.1506578917417123,BALANCE,1,-7.4869489319971145e-06
3.87,-0.03566689692553446,0.0,-0.035281558121369745,-0.03602386900053578,0.19985292900624382,-6.019979154456857,BALANCE,1,-7.4869489319971145e-06
3.872,-0.03566689692553446,0.0,-0.03834951969714103,-0.03683784674434762,-0.4069888719059195,-3.5601478816648022,BALANCE,1,-7.4869489319971145e-06
3.874,-0.03566689692553446,0.0,-0.035281558121369745,-0.03629314572630536,0.2723505090211284,-8.471088522939688,BALANCE,1,-7.4869489319971145e-06
3.876,-0.03566689692553446,0.0,-0.03834951969714103,-0.037012876616097846,-0.3598654448962422,-3.010950043586031,BALANCE,1,-7.4869489319971145e-06
3.878,-0.03566689692553446,0.0,-0.0337475773334841,-0.035870021867183036,0.5714273744574054,-8.119264103635764,BALANCE,1,-7.4869489319971145e-06
3.88,-0.03566689692553446,0.0,-0.035281558121369745,-0.03566405955614838,0.1029811555173267,-0.6075242682451316,BALANCE,1,-7.4869489319971145e-06
3.882,-0.03566689692553446,0.0,-0.03681553890925539,-0.03606707732973583,-0.2015088867937248,-4.349869093014912,BALANCE,1,-7.4869489319971145e-06
3.884,-0.03566689692553446,0.0,-0.0337475773334841,-0.035255252331047725,0.40591249934405355,-6.817183913384518,BALANCE,1,-7.4869489319971145e-06
3.886,-0.03566689692553446,0.0,-0.035281558121369745,-0.03526445935766043,-0.004603513306351142,-1.9161543748272143,BALANCE,1,-7.4869489319971145e-06
3.888,-0.03566689692553446,0.0,-0.035281558121369745,-0.035270443924958685,-0.002992283649128763,-5.207887789498747,BALANCE,1,-7.4869489319971145e-06
3.89,-0.03566689692553446,0.0,-0.0337475773334841,-0.03473744061794258,0.26650165350805205,-5.202411115063854,BALANCE,1,-7.4869489319971145e-06
3.892,-0.03566689692553446,0.0,-0.03834951969714103,-0.03600166829566204,-0.6321138388597283,-3.02142690750903,BALANCE,1,-7.4869489319971145e-06
3.894,-0.03566689692553446,0.0,-0.0337475773334841,-0.03521273645889976,0.3944659183811386,-10.293404840773572,BALANCE,1,-7.4869489319971145e-06
3.896,-0.03566689692553446,0.0,-0.04141748127291231,-0.03738439714380415,-1.0858303424521945,-2.040473419932681,BALANCE,1,-7.4869489319971145e-06
3.898,-0.03566689692553446,0.0,-0.0337475773334841,-0.03611151021019213,0.6364434668060109,-14.02062002712237,BALANCE,1,-7.4869489319971145e-06
3.9,-0.03566689692553446,0.0,-0.035281558121369745,-0.03582102697910429,0.14524161554391873,-0.17327863908204355,BALANCE,1,-7.4869489319971145e-06
3.902,-0.03566689692553446,0.0,-0.0337475773334841,-0.03509531960313722,0.3628536879835345,-4.092628660709332,BALANCE,1,-7.4869489319971145e-06
3.904,-0.03566689692553446,0.0,-0.032213596545598466,-0.034086716532998655,0.5043015350692827,-2.315208702555009,BALANCE,1,-7.4869489319971145e-06
3.906,-0.03566689692553446,0.0,-0.035281558121369745,-0.03450491108892854,-0.2090972779649411,-1.1299270849673095,BALANCE,1,-7.4869489319971145e-06
3.908,-0.03566689692553446,0.0,-0.03681553890925539,-0.035313630826042934,-0.40435986855719835,-6.869110244814679,BALANCE,1,-7.4869489319971145e-06
3.91,-0.03566689692553446,0.0,-0.035281558121369745,-0.03530240537940731,0.005612723317810486,-8.486796879944809,BALANCE,1,-7.4869489319971145e-06
3.912,-0.03566689692553446,0.0,-0.03681553890925539,-0.035832002114854135,-0.26479836772341087,-5.213403099222482,BALANCE,1,-7.4869489319971145e-06
3.914,-0.03566689692553446,0.0,-0.03681553890925539,-0.03617623999289457,-0.1721189390202181,-7.415634032102034,BALANCE,1,-7.4869489319971145e-06
3.916,-0.03566689692553446,0.0,-0.0337475773334841,-0.035326208062100906,0.42501596539683273,-6.7020881231574965,BALANCE,1,-7.4869489319971145e-06
3.918,-0.03566689692553446,0.0,-0.03681553890925539,-0.03584747385860497,-0.260632898252032,-1.8810722135858904,BALANCE,1,-7.4869489319971145e-06
3.92,-0.03566689692553446,0.0,-0.03681553890925539,-0.03618629662633261,-0.16941138386382046,-7.4047085653387725,BALANCE,1,-7.4869489319971145e-06
3.922,-0.03566689692553446,0.0,-0.03834951969714103,-0.03694342470111556,-0.3785640373914732,-6.702503075622005,BALANCE,1,-7.4869489319971145e-06
3.924,-0.03566689692553446,0.0,-0.035281558121369745,-0.03636177139820452,0.29082665145551895,-8.428540673270426,BALANCE,1,-7.4869489319971145e-06
3.926,-0.03566689692553446,0.0,-0.035281558121369745,-0.03598369675131235,0.18903732344608543,-3.045788318599468,BALANCE,1,-7.4869489319971145e-06
3.928,-0.03566689692553446,0.0,-0.0337475773334841,-0.03520105495507246,0.3913208981199435,-3.844615203211669,BALANCE,1,-7.4869489319971145e-06
3.93,-0.03566689692553446,0.0,-0.035281558121369745,-0.03522923106327651,-0.01408805410202385,-2.1864283090374257,BALANCE,1,-7.4869489319971145e-06
3.932,-0.03566689692553446,0.0,-0.035281558121369745,-0.03524754553360914,-0.009157235166316197,-5.438436339518063,BALANCE,1,-7.4869489319971145e-06
3.934,-0.03566689692553446,0.0,-0.0337475773334841,-0.03472255666356538,0.26249443502188163,-5.407138165359081,BALANCE,1,-7.4869489319971145e-06
3.936,-0.03566689692553446,0.0,-0.035281558121369745,-0.03491820717379691,-0.09782525511576462,-3.2093699829835862,BALANCE,1,-7.4869489319971145e-06
3.938,-0.03566689692553446,0.0,-0.0337475773334841,-0.034508486729687426,0.20486022205474033,-6.110650176133408,BALANCE,1,-7.4869489319971145e-06
3.94,-0.03566689692553446,0.0,-0.035281558121369745,-0.034779061716776236,-0.13528749354440456,-3.6714848294687368,BALANCE,1,-7.4869489319971145e-06
3.942,-0.03566689692553446,0.0,-0.032213596545598466,-0.033881148906864014,0.44895640495611067,-6.4158568658305795,BALANCE,1,-7.4869489319971145e-06
3.944,-0.03566689692553446,0.0,-0.03681553890925539,-0.03490818540770099,-0.513518250418489,-1.6948071390130974,BALANCE,1,-7.4869489319971145e-06
3.946,-0.03566689692553446,0.0,-0.03834951969714103,-0.036112652409005006,-0.6022335006520065,-9.463208209141653,BALANCE,1,-7.4869489319971145e-06
3.948,-0.03566689692553446,0.0,-0.03681553890925539,-0.03635866268409264,-0.12300513754381556,-10.252420761569836,BALANCE,1,-7.4869489319971145e-06
3.95,-0.03566689692553446,0.0,-0.03834951969714103,-0.037055462638659574,-0.34839997728346866,-6.440626205746384,BALANCE,1,-7.4869489319971145e-06
3.952,-0.03566689692553446,0.0,-0.03834951969714103,-0.03750838260912808,-0.2264599852342536,-8.293004013465357,BALANCE,1,-7.4869489319971145e-06
3.954,-0.03566689692553446,0.0,-0.035281558121369745,-0.03672899403841266,0.3896942853577091,-7.352160951821574,BALANCE,1,-7.4869489319971145e-06
3.956,-0.03566689692553446,0.0,-0.0337475773334841,-0.03568549819168766,0.5217479233625005,-2.3835092716506288,BALANCE,1,-7.4869489319971145e-06
3.958,-0.03566689692553446,0.0,-0.03834951969714103,-0.03661790571859634,-0.4662037634543398,-1.2716075164471348,BALANCE,1,-7.4869489319971145e-06
3.96,-0.03566689692553446,0.0,-0.03681553890925539,-0.03668707733532701,-0.034585808365333176,-9.238489043740097,BALANCE,1,-7.4869489319971145e-06
3.962,-0.03566689692553446,0.0,-0.03681553890925539,-0.03673203888620194,-0.022480775437466044,-5.79703311549895,BALANCE,1,-7.4869489319971145e-06
3.964,-0.03566689692553446,0.0,-0.03834951969714103,-0.03729815717003062,-0.28305914191434006,-5.710236952905749,BALANCE,1,-7.4869489319971145e-06
3.966,-0.03566689692553446,0.0,-0.03834951969714103,-0.03766613405451926,-0.18398844224432054,-7.8362906131844685,BALANCE,1,-7.4869489319971145e-06
3.968,-0.03566689692553446,0.0,-0.0337475773334841,-0.036294639202156954,0.6857474261811533,-7.073336855704534,BALANCE,1,-7.4869489319971145e-06
3.97,-0.03566689692553446,0.0,-0.035281558121369745,-0.03594006082388143,0.17728918913776162,-0.040419144999436885,BALANCE,1,-7.4869489319971145e-06
3.972,-0.03566689692553446,0.0,-0.032213596545598466,-0.03463579832648239,0.6521312486995196,-4.093998350814815,BALANCE,1,-7.4869489319971145e-06
3.974,-0.03566689692553446,0.0,-0.03681553890925539,-0.03539870753045294,-0.3814546019852739,-0.22393328414210556,BALANCE,1,-7.4869489319971145e-06
3.976,-0.03566689692553446,0.0,-0.035281558121369745,-0.03535770523727382,0.020501146589559094,-8.545474383364777,BALANCE,1,-7.4869489319971145e-06
3.978,-0.03566689692553446,0.0,-0.035281558121369745,-0.03533105374670739,0.013325745283215146,-5.334439798222821,BALANCE,1,-7.4869489319971145e-06
3.98,-0.03566689692553446,0.0,-0.032213596545598466,-0.034239943726319264,0.5455550101940639,-5.397310129988928,BALANCE,1,-7.4869489319971145e-06
3.982,-0.03566689692553446,0.0,-0.03834951969714103,-0.03567829531610688,-0.7191757948938095,-1.0808573982241136,BALANCE,1,-7.4869489319971145e-06
3.984,-0.03566689692553446,0.0,-0.0337475773334841,-0.03500254402218891,0.33787564695898775,-11.292140593377578,BALANCE,1,-7.4869489319971145e-06
3.986,-0.03566689692553446,0.0,-0.0337475773334841,-0.03456330568114222,0.21961917052334273,-2.8021844897245605,BALANCE,1,-7.4869489319971145e-06
3.988,-0.03566689692553446,0.0,-0.03834951969714103,-0.0358884805867418,-0.6625874527997899,-3.728794661883148,BALANCE,1,-7.4869489319971145e-06
3.99,-0.03566689692553446,0.0,-0.03681553890925539,-0.03621295099962155,-0.16223520643987577,-10.873135838921533,BALANCE,1,-7.4869489319971145e-06
3.992,-0.03566689692553446,0.0,-0.0337475773334841,-0.03535007021647344,0.4314403915740561,-6.897028683014929,BALANCE,1,-7.4869489319971145e-06
3.994,-0.03566689692553446,0.0,-0.03834951969714103,-0.036399877534707095,-0.5249036591168272,-2.102921065957881,BALANCE,1,-7.4869489319971145e-06
3.996,-0.03566689692553446,0.0,-0.035281558121369745,-0.03600846574003902,0.19570589733403781,-9.823941886085908,BALANCE,1,-7.4869489319971145e-06
3.998,-0.03566689692553446,0.0,-0.03681553890925539,-0.03629094134926475,-0.14123780461286484,-4.042782419946912,BALANCE,1,-7.4869489319971145e-06
4.0,-0.03566689692553446,0.0,-0.035281558121369745,-0.0359376572195015,0.17664206488162554,-6.76253876034553,BALANCE,1,-7.4869489319971145e-06
4.002,-0.03566689692553446,0.0,-0.035281558121369745,-0.035708022535155384,0.11481734217305695,-4.205490288047711,BALANCE,1,-7.4869489319971145e-06
4.0040000000000004,-0.03566689692553446,0.0,-0.035281558121369745,-0.03555875999033041,0.07463127241248702,-4.693451593162525,BALANCE,1,-7.4869489319971145e-06
4.006,-0.03566689692553446,0.0,-0.035281558121369745,-0.035461739336194176,0.048510327068117254,-5.013096150555651,BALANCE,1,-7.4869489319971145e-06
4.008,-0.03566689692553446,0.0,-0.03681553890925539,-0.0359355691867656,-0.23691492528571043,-5.223334821929674,BALANCE,1,-7.4869489319971145e-06
4.01,-0.03566689692553446,0.0,-0.0337475773334841,-0.035169772038117074,0.38289857432426133,-7.542353745631933,BALANCE,1,-7.4869489319971145e-06
4.0120000000000005,-0.03566689692553446,0.0,-0.03681553890925539,-0.035745790443015485,-0.28800920244920547,-2.544931874240871,BALANCE,1,-7.4869489319971145e-06
4.014,-0.03566689692553446,0.0,-0.035281558121369745,-0.03558330913043947,0.08124065628800636,-7.953904350811113,BALANCE,1,-7.4869489319971145e-06
4.016,-0.03566689692553446,0.0,-0.0337475773334841,-0.03494080300150509,0.3212530644671925,-4.997273263984946,BALANCE,1,-7.4869489319971145e-06
4.018,-0.03566689692553446,0.0,-0.03681553890925539,-0.03559696056921769,-0.3280787838563018,-3.0456117914156953,BALANCE,1,-7.4869489319971145e-06
4.0200000000000005,-0.03566689692553446,0.0,-0.03681553890925539,-0.036023462988230885,-0.2132512095065972,-8.28675542418025,BALANCE,1,-7.4869489319971145e-06
4.022,-0.03566689692553446,0.0,-0.03681553890925539,-0.03630068956058946,-0.13861328617928784,-7.40092966712105,BALANCE,1,-7.4869489319971145e-06
4.024,-0.03566689692553446,0.0,-0.0337475773334841,-0.03540710028110258,0.44679463974343914,-6.827720012756207,BALANCE,1,-7.4869489319971145e-06
4.026,-0.03566689692553446,0.0,-0.0337475773334841,-0.03482626724943611,0.2904165158332354,-2.0979226686613996,BALANCE,1,-7.4869489319971145e-06
4.0280000000000005,-0.03566689692553446,0.0,-0.03834951969714103,-0.036059405606132834,-0.6165691783483612,-3.321062931492928,BALANCE,1,-7.4869489319971145e-06
4.03,-0.03566689692553446,0.0,-0.035281558121369745,-0.03578715898646575,0.13612330983354265,-10.658148667468732,BALANCE,1,-7.4869489319971145e-06
4.032,-0.03566689692553446,0.0,-0.03834951969714103,-0.036683985235202096,-0.44841312436817365,-4.627431396630769,BALANCE,1,-7.4869489319971145e-06
4.034,-0.03566689692553446,0.0,-0.03681553890925539,-0.03673002902112075,-0.02302189295932608,-9.36486924221572,BALANCE,1,-7.4869489319971145e-06
4.0360000000000005,-0.03566689692553446,0.0,-0.035281558121369745,-0.0362230642062079,0.25348240745642553,-5.971848023904283,BALANCE,1,-7.4869489319971145e-06
4.038,-0.03566689692553446,0.0,-0.035281558121369745,-0.03589353707651454,0.16476356484667817,-3.7366403445247407,BALANCE,1,-7.4869489319971145e-06
4.04,-0.03566689692553446,0.0,-0.03681553890925539,-0.03621623771797383,-0.1613503207296453,-4.43379816503642,BALANCE,1,-7.4869489319971145e-06
4.042,-0.03566689692553446,0.0,-0.035281558121369745,-0.0358890998591624,0.16356892940571494,-7.069314535678161,BALANCE,1,-7.4869489319971145e-06
4.0440000000000005,-0.03566689692553446,0.0,-0.03681553890925539,-0.03621335352669494,-0.16212683376626985,-4.457510083038425,BALANCE,1,-7.4869489319971145e-06
4.046,-0.03566689692553446,0.0,-0.03681553890925539,-0.036424118410591094,-0.10538244194807644,-7.089774079171595,BALANCE,1,-7.4869489319971145e-06
4.048,-0.03566689692553446,0.0,-0.03834951969714103,-0.03709800886088357,-0.33694522514623665,-6.655749661341935,BALANCE,1,-7.4869489319971145e-06
4.05,-0.03566689692553446,0.0,-0.035281558121369745,-0.03646225110205373,0.31787887941491993,-8.556104955716943,BALANCE,1,-7.4869489319971145e-06
4.0520000000000005,-0.03566689692553446,0.0,-0.035281558121369745,-0.03604900855881433,0.20662127161969954,-3.2866591039183097,BALANCE,1,-7.4869489319971145e-06
4.054,-0.03566689692553446,0.0,-0.039883500485026674,-0.03739108073298865,-0.6710360870871602,-4.159135215397471,BALANCE,1,-7.4869489319971145e-06
4.056,-0.03566689692553446,0.0,-0.0337475773334841,-0.03611585454316205,0.6376130949132981,-11.268396631649406,BALANCE,1,-7.4869489319971145e-06
4.058,-0.03566689692553446,0.0,-0.035281558121369745,-0.03582385079553474,0.14600187381365662,-0.7299127751647765,BALANCE,1,-7.4869489319971145e-06
4.0600000000000005,-0.03566689692553446,0.0,-0.03681553890925539,-0.03617094163533696,-0.17354541990111105,-4.652447089263376,BALANCE,1,-7.4869489319971145e-06
4.062,-0.03566689692553446,0.0,-0.03681553890925539,-0.03639655068120841,-0.11280452293572357,-7.236885077696718,BALANCE,1,-7.4869489319971145e-06
4.064,-0.03566689692553446,0.0,-0.035281558121369745,-0.03600630328526487,0.1951236979717691,-6.7717737548621475,BALANCE,1,-7.4869489319971145e-06
4.066,-0.03566689692553446,0.0,-0.0337475773334841,-0.0352157492021416,0.3952770415616355,-4.292134404502647,BALANCE,1,-7.4869489319971145e-06
4.0680000000000005,-0.03566689692553446,0.0,-0.0337475773334841,-0.03470188904811147,0.25693007701506343,-2.650517560636748,BALANCE,1,-7.4869489319971145e-06
4.07,-0.03566689692553446,0.0,-0.03681553890925539,-0.03544166649951184,-0.3698887257001827,-3.7334020455771393,BALANCE,1,-7.4869489319971145e-06
4.072,-0.03566689692553446,0.0,-0.035281558121369745,-0.035385628567162104,0.028018966174866988,-8.799427447683033,BALANCE,1,-7.4869489319971145e-06
4.074,-0.03566689692553446,0.0,-0.03681553890925539,-0.03588609718689475,-0.25023430986632206,-5.619880762455084,BALANCE,1,-7.4869489319971145e-06
4.0760000000000005,-0.03566689692553446,0.0,-0.0337475773334841,-0.03513761523820102,0.374240974346865,-7.883112307405934,BALANCE,1,-7.4869489319971145e-06
4.078,-0.03566689692553446,0.0,-0.035281558121369745,-0.03518799524731007,-0.025190004554524748,-2.849428639826454,BALANCE,1,-7.4869489319971145e-06
4.08,-0.03566689692553446,0.0,-0.035281558121369745,-0.03522074225323095,-0.01637350296044074,-6.054936870633577,BALANCE,1,-7.4869489319971145e-06
4.082,-0.03566689692553446,0.0,-0.03681553890925539,-0.0357789210828395,-0.27908941480427396,-5.993413826686805,BALANCE,1,-7.4869489319971145e-06
4.0840000000000005,-0.03566689692553446,0.0,-0.032213596545598466,-0.03453105749480513,0.623931794017183,-8.13578763543055,BALANCE,1,-7.4869489319971145e-06
4.086,-0.03566689692553446,0.0,-0.0337475773334841,-0.03425683943834277,0.13710902823118112,-0.8436523610757938,BALANCE,1,-7.4869489319971145e-06
4.088,-0.03566689692553446,0.0,-0.032213596545598466,-0.03354170442588226,0.35756750623025524,-4.728632771863736,BALANCE,1,-7.4869489319971145e-06
4.09,-0.03566689692553446,0.0,-0.035281558121369745,-0.03415065321930288,-0.30447439671030946,-2.928765188008689,BALANCE,1,-7.4869489319971145e-06
4.0920000000000005,-0.03566689692553446,0.0,-0.0337475773334841,-0.0340095766592663,0.07053828001828827,-8.268467469782303,BALANCE,1,-7.4869489319971145e-06
4.094,-0.03566689692553446,0.0,-0.03681553890925539,-0.03499166344676248,-0.4910433937480897,-5.26670337768318,BALANCE,1,-7.4869489319971145e-06
4.096,-0.03566689692553446,0.0,-0.035281558121369745,-0.03509312658287502,-0.050731568056270465,-9.825280307753326,BALANCE,1,-7.4869489319971145e-06
4.098,-0.03566689692553446,0.0,-0.03681553890925539,-0.035695970897108145,-0.3014221571165619,-6.315892115702101,BALANCE,1,-7.4869489319971145e-06
4.1,-0.03566689692553446,0.0,-0.03681553890925539,-0.03608781970135968,-0.1959244021257668,-8.364726681217842,BALANCE,1,-7.4869489319971145e-06
4.102,-0.03566689692553446,0.0,-0.03681553890925539,-0.03634252142412318,-0.12735086138174895,-7.551473133486845,BALANCE,1,-7.4869489319971145e-06
4.104,-0.03566689692553446,0.0,-0.03834951969714103,-0.037044970819679425,-0.35122469777812415,-7.025435415185337,BALANCE,1,-7.4869489319971145e-06
4.106,-0.0356194411177621,0.0474566800921668,-0.035281558121369745,-0.03642777637527103,0.3085972222041967,-8.86598206425365,BALANCE,1,-7.226813207976733e-06
4.108,-0.035527237988361146,0.044748144230115375,-0.0337475773334841,-0.0354897067106456,0.46903483231271537,-3.5576605930056324,BALANCE,1,-7.21484844740669e-06
4.11,-0.035444629608522765,0.03786175416212248,-0.0337475773334841,-0.03487996142863908,0.30487264100326206,-2.2249734736020867,BALANCE,1,-7.24102778910506e-06
4.112,-0.035378130538709536,0.02863853808025399,-0.035281558121369745,-0.035020520271094806,-0.07027942122786457,-3.5086622794430498,BALANCE,1,-7.278736229666215e-06
4.114,-0.035329085732090565,0.0204071701150592,-0.0337475773334841,-0.03457499024293106,0.22276501408187432,-6.525316411893625,BALANCE,1,-7.301391631525218e-06
4.116,-0.0352979840561173,0.010695077595061971,-0.035281558121369745,-0.034822289000384594,-0.12364937872676868,-4.1611441257744755,BALANCE,1,-7.320685588651034e-06
4.118,-0.03528356407704608,0.0037251665580818666,-0.03681553890925539,-0.03551992646848937,-0.34881873405238906,-6.954261651490908,BALANCE,1,-7.325416986837481e-06
4.12,-0.035263987041833526,0.01585222852398745,-0.03834951969714103,-0.03651028409851745,-0.49517881501403777,-8.804578727475857,BALANCE,1,-7.29196504436631e-06
4.122,-0.035233275853556165,0.014859524307449353,-0.035281558121369745,-0.03608023000651575,0.21502704600084854,-10.042182889790434,BALANCE,1,-7.282476190950219e-06
4.124,-0.03520673896733047,0.011677849739512323,-0.035281558121369745,-0.035800694846714644,0.13976757990055363,-4.341948802152545,BALANCE,1,-7.280482226404443e-06
4.126,-0.035187315123029375,0.007746351626856972,-0.035281558121369745,-0.035618996992843925,0.09084892693535934,-4.93441256033618,BALANCE,1,-7.280581553135482e-06
4.128,-0.03517338040202628,0.006188625535183278,-0.03681553890925539,-0.03603778666358794,-0.20939483537200584,-5.3219837122240605,BALANCE,1,-7.277127175831966e-06
4.13,-0.035157595791219146,0.009596275433668863,-0.035281558121369745,-0.03577310667381157,0.1323399948881844,-7.756268748260339,BALANCE,1,-7.264856659006618e-06
4.132,-0.03514153172705551,0.006468084033377218,-0.035281558121369745,-0.03560106468045693,0.08602099667731969,-5.013663928126998,BALANCE,1,-7.263571283549477e-06
4.134,-0.03512784419078467,0.007219703851320448,-0.035281558121369745,-0.03548923738477641,0.05591364784025832,-5.381013607148729,BALANCE,1,-7.256813819290643e-06
4.136,-0.03511463565325533,0.0059890764880272335,-0.0337475773334841,-0.0348796563668241,0.30479050897615556,-5.622260607581344,BALANCE,1,-7.253087784478022e-06
4.138,-0.03510334562017391,0.005301164135739551,-0.035281558121369745,-0.03502032198091507,-0.07033280704548533,-3.601646788690392,BALANCE,1,-7.2492509856485415e-06
4.14,-0.0350902289628958,0.00781573426104414,-0.035281558121369745,-0.0351117546300742,-0.045716324579565815,-6.6180773181051595,BALANCE,1,-7.240314602996284e-06
4.142,-0.035077512855859874,0.004900606534104384,-0.035281558121369745,-0.035171185852027644,-0.029715610976720208,-6.433653768253366,BALANCE,1,-7.239017942413981e-06
4.144,-0.03506252952411595,0.010083000641577772,-0.032213596545598466,-0.03413602959477743,0.5175781286251082,-6.3162481699182145,BALANCE,1,-7.22455065857423e-06
4.146,-0.03505115196860914,0.0012947640223418492,-0.03681553890925539,-0.03507385785484471,-0.4689141300336409,-1.8826160835875294,BALANCE,1,-7.230521878858662e-06
4.148,-0.035019518681676395,0.030339104399168475,-0.032213596545598466,-0.03407276639660852,0.5005457291180938,-9.837838620032528,BALANCE,1,-7.11947412601355e-06
4.15,-0.034968737267792545,0.020443242997299813,-0.032213596545598466,-0.033422056948755,0.3253547239267622,-2.0289088126038015,BALANCE,1,-7.1521626884758174e-06
4.152,-0.034939763577589995,0.008530979832369494,-0.035281558121369745,-0.03407288235917016,-0.3254127052075804,-3.3980786986529945,BALANCE,1,-7.17705882760477e-06
4.154,-0.034928168167579515,0.003064643338664872,-0.0337475773334841,-0.033959025600180034,0.056928379495061604,-8.650082232824479,BALANCE,1,-7.179052398683952e-06
4.156,-0.034909267750446296,0.015836121229934566,-0.032213596545598466,-0.033348125431076486,0.3054500845517741,-5.591313954783972,BALANCE,1,-7.145536371499251e-06
4.158,-0.03488798666832692,0.005445352104217163,-0.035281558121369745,-0.034024826872679124,-0.33835072080131906,-3.573155929270275,BALANCE,1,-7.1603826040564345e-06
4.16,-0.034874698167937486,0.007843392564757811,-0.03681553890925539,-0.035001576085480816,-0.48837460640084596,-8.770969423965713,BALANCE,1,-7.151528003382257e-06
4.162,-0.03485802475359128,0.008830328286637766,-0.032213596545598466,-0.034025783246521994,0.4878964194794111,-10.036765776747128,BALANCE,1,-7.142930545180658e-06
4.164,-0.03484481132176554,0.004383346443549237,-0.032213596545598466,-0.03339151790119876,0.3171326726616186,-2.1748551560168456,BALANCE,1,-7.143778393036805e-06
4.166,-0.034831618915478334,0.008809302355708367,-0.0337475773334841,-0.03351613870249862,-0.06231040064993282,-3.509587513420031,BALANCE,1,-7.132140802114761e-06
4.168,-0.034819676051653016,0.003133781018330002,-0.0337475773334841,-0.033597142223343535,-0.040501760422455985,-6.559312575730933,BALANCE,1,-7.134475816084857e-06
4.17,-0.03480019794041026,0.016344688280544934,-0.03834951969714103,-0.035260474339172655,-0.8316660579145603,-6.396423093606483,BALANCE,1,-7.099047290477953e-06
4.172,-0.034767896965101915,0.015956880815648167,-0.0337475773334841,-0.03473096038718166,0.26475697599549763,-12.8325894953609,BALANCE,1,-7.087159615885924e-06
4.174,-0.03473900117250318,0.012939442975938454,-0.035281558121369745,-0.034923669594147486,-0.09635460348291283,-4.036380579038413,BALANCE,1,-7.084640789903822e-06
4.176,-0.034715162567946885,0.010899599806746828,-0.03681553890925539,-0.03558582385443525,-0.33107713014388085,-6.943820501202476,BALANCE,1,-7.080084332111611e-06
4.178,-0.0346922951428754,0.011968245636190174,-0.032213596545598466,-0.03440554429634237,0.5901397790464384,-8.868447134878373,BALANCE,1,-7.068137445231991e-06
4.18,-0.034673006806570726,0.007320445249614966,-0.032213596545598466,-0.033638362583582,0.38359085638018514,-1.4347761967295138,BALANCE,1,-7.0698265666857076e-06
4.182,-0.03466201582390889,0.0036707394623166256,-0.035281558121369745,-0.034213481021807705,-0.2875592191128526,-3.0478643478106346,BALANCE,1,-7.069620869404658e-06
4.184,-0.03464271330114783,0.015632138129814777,-0.0337475773334841,-0.03405041473089444,0.08153314545663107,-8.45841475425284,BALANCE,1,-7.037120208483836e-06
4.186,-0.03461736848416057,0.009713144776733105,-0.0337475773334841,-0.03394442164180082,0.05299654454681002,-5.502701943188354,BALANCE,1,-7.04279206253759e-06
4.188,-0.03460236675346893,0.005288861695800143,-0.035281558121369745,-0.034412419409649946,-0.23399888392456117,-5.731424049449665,BALANCE,1,-7.043760966966121e-06
4.19,-0.034585867134970256,0.011211060112717686,-0.0337475773334841,-0.0341797246829919,0.1163473633290224,-8.062349827173513,BALANCE,1,-7.026619950572977e-06
4.192,-0.03456751389554678,0.007142516702832491,-0.0337475773334841,-0.03402847311066417,0.07562578616386595,-5.25245411048196,BALANCE,1,-7.027116043065154e-06
4.194,-0.03455374998777147,0.006621644096174793,-0.035281558121369745,-0.03446705286441112,-0.21928987687347412,-5.57595732808568,BALANCE,1,-7.022282075993149e-06
4.196,-0.034537966136816346,0.009162497013550541,-0.0337475773334841,-0.03421523642858666,0.12590821791222742,-7.9684908281821,BALANCE,1,-7.011586587382051e-06
4.198,-0.03452202531658797,0.006778616258501658,-0.03834951969714103,-0.03566223557258069,-0.7234995719970146,-5.198640131032737,BALANCE,1,-7.009161653088225e-06
4.2,-0.034501390347950835,0.013856731709260954,-0.0337475773334841,-0.03499210518889688,0.3350651918419059,-12.087854846060832,BALANCE,1,-6.985200244119725e-06
4.202,-0.0344754089300579,0.012125163805144452,-0.032213596545598466,-0.03401962716374243,0.4862390125772234,-3.586127333366218,BALANCE,1,-6.97945281703844e-06
4.204,-0.03445667808331328,0.006606027275434922,-0.03681553890925539,-0.03499819627467197,-0.48928455546476746,-2.325192011407159,BALANCE,1,-6.982881775361446e-06
4.206,-0.034439209986812734,0.01086239034131354,-0.03681553890925539,-0.03563426619677616,-0.3180349610520973,-10.195094341653792,BALANCE,1,-6.96786862058825e-06
4.208,-0.034415880571570565,0.012467453768804159,-0.032213596545598466,-0.03443703181886397,0.5986171889560965,-8.870388634918038,BALANCE,1,-6.95442129087573e-06
4.21,-0.03439524188497311,0.008171612236705735,-0.03681553890925539,-0.03526950930050096,-0.41623874081849616,-1.4722247785415292,BALANCE,1,-6.955521109064144e-06
4.212,-0.034376841618280966,0.010228992710095412,-0.03681553890925539,-0.03581061966356501,-0.27055518153202424,-9.64807476749659,BALANCE,1,-6.944036202301756e-06
4.214,-0.03435427047905321,0.0123425614466207,-0.030679615757712823,-0.03401476829651674,0.8979256835241339,-8.522235038921371,BALANCE,1,-6.92981811854327e-06
4.216,-0.03433610162841946,0.005826623193885641,-0.035281558121369745,-0.03445814473521529,-0.22168821934927252,0.926560009891487,BALANCE,1,-6.935101877269556e-06
4.218,-0.03432105624705477,0.009219034751539148,-0.035281558121369745,-0.034746339420369345,-0.14409734257702853,-8.06384542836472,BALANCE,1,-6.923578611422873e-06
4.22,-0.03430387528321577,0.007962244930457685,-0.0337475773334841,-0.034396772689959505,0.17478336520491966,-7.467359363180085,BALANCE,1,-6.918943409937928e-06
4.222,-0.03428914982458017,0.006763484408044277,-0.035281558121369745,-0.034706447590953086,-0.1548374504967906,-4.902219051637901,BALANCE,1,-6.914882286581489e-06
4.224,-0.03427320502998244,0.009181603305690835,-0.0337475773334841,-0.03437084300083894,0.16780229505707414,-7.564707360829389,BALANCE,1,-6.904336137846649e-06
4.226,-0.03425729660070137,0.006727118426322927,-0.035281558121369745,-0.03468959329302472,-0.15937514609289105,-4.97032728959179,BALANCE,1,-6.902085491694607e-06
4.228,-0.03424116714955296,0.009402629232830952,-0.0337475773334841,-0.0343598877071855,0.1648527929196085,-7.613809754981263,BALANCE,1,-6.890980425787191e-06
4.23,-0.03422481832599624,0.006946494871065143,-0.035281558121369745,-0.03468247235214999,-0.16129232248224268,-5.00707588527235,BALANCE,1,-6.888676556062283e-06
4.232,-0.034208526827754375,0.009345302861029489,-0.0337475773334841,-0.03435525909561692,0.16360662826653272,-7.64252838165546,BALANCE,1,-6.8779470138971485e-06
4.234,-0.03419205198974943,0.0071298380078247785,-0.03681553890925539,-0.03521635703039038,-0.4305489673867291,-5.030575032092395,BALANCE,1,-6.875208784930464e-06
4.236,-0.03417339314246623,0.011529352284384741,-0.0337475773334841,-0.03470228413647318,0.25703644695860073,-9.842528944810976,BALANCE,1,-6.8589455321241616e-06
4.238,-0.03415246761632924,0.009396558535426473,-0.035281558121369745,-0.03490503003118697,-0.10137294735689667,-4.317941713240598,BALANCE,1,-6.85529223636883e-06
4.24,-0.03413373248683954,0.009338915369087212,-0.032213596545598466,-0.03396302831123099,0.4710008599779908,-7.204362627453643,BALANCE,1,-6.847878637552556e-06
4.242,-0.03411894628168608,0.005447561607407886,-0.0337475773334841,-0.03388762046901958,0.03770392110570564,-2.5756446712394303,BALANCE,1,-6.848077187761276e-06
4.244,-0.03410449373311998,0.009005252643087885,-0.03681553890925539,-0.03491239192310211,-0.5123857270412646,-6.044273235778832,BALANCE,1,-6.836790046277096e-06
4.246,-0.03408540784463351,0.010080986706142084,-0.03681553890925539,-0.035578493368255755,-0.33305072257682267,-10.513459186584164,BALANCE,1,-6.8269410583041055e-06
4.248,-0.03406246086437842,0.012866415390836288,-0.03681553890925539,-0.036011459307605624,-0.21648296967493458,-9.125860936251499,BALANCE,1,-6.810920426785082e-06
4.25,-0.03403371007378455,0.015884903739063524,-0.030679615757712823,-0.034145314065143144,0.9330726212312401,-8.226499161258909,BALANCE,1,-6.790141809686205e-06
4.252,-0.03400745525259015,0.010370400113114974,-0.035281558121369745,-0.03454299948482245,-0.1988427098396535,1.075085217725209,BALANCE,1,-6.795072766632699e-06
4.2540000000000004,-0.033988914298881,0.008170894444375479,-0.035281558121369745,-0.034801495007614,-0.1292477613957753,-8.011007155919664,BALANCE,1,-6.792003658786392e-06
4.256,-0.033971575725723256,0.009167997455825977,-0.0337475773334841,-0.034432623821668534,0.18443559297273357,-7.476717598737654,BALANCE,1,-6.7832251725139965e-06
4.258,-0.03395481628387171,0.007591752493656214,-0.0337475773334841,-0.03419285755080398,0.11988313543227769,-4.952005017397188,BALANCE,1,-6.779343652318856e-06
4.26,-0.03394001693624585,0.007207867196130363,-0.0337475773334841,-0.03403700947474202,0.07792403803098119,-5.460877272979123,BALANCE,1,-6.7740365512399085e-06
4.2620000000000005,-0.03392564081609544,0.007168517237701223,-0.0337475773334841,-0.033935708225301744,0.05065062472013604,-5.794006569520725,BALANCE,1,-6.768355350052705e-06
4.264,-0.03391133598611423,0.007136575716489751,-0.03681553890925539,-0.03494364896468552,-0.5039703696918876,-6.0129029426861305,BALANCE,1,-6.7626934306782665e-06
4.266,-0.03389258721992221,0.011612535140805968,-0.032213596545598466,-0.03398813061800505,0.4777591733402357,-10.517336072138283,BALANCE,1,-6.74626085151517e-06
4.268,-0.033873148553651235,0.007826488484040248,-0.0337475773334841,-0.03390393696842271,0.0420968247911678,-2.612966253204069,BALANCE,1,-6.746359203311723e-06
4.2700000000000005,-0.0338582722333359,0.007050105311267784,-0.03681553890925539,-0.034922997647714143,-0.5095303396457154,-6.099994210015357,BALANCE,1,-6.741661630061555e-06
4.272,-0.033839138436159134,0.012084043609249412,-0.0337475773334841,-0.034511600537733625,0.2056985549902593,-10.58113976579745,BALANCE,1,-6.723764753210425e-06
4.274,-0.033816342851438246,0.010711960176674026,-0.032213596545598466,-0.03370729914048632,0.4021506986236524,-4.84152710221837,BALANCE,1,-6.718025144976619e-06
4.276,-0.033798992884112596,0.006638326106194088,-0.032213596545598466,-0.03318450323227557,0.2613979541053746,-3.228393329144484,BALANCE,1,-6.718660516367161e-06
4.2780000000000005,-0.033786611200672896,0.005743584953859311,-0.032213596545598466,-0.032844685891938584,0.16990867016849348,-4.329684431444516,BALANCE,1,-6.714917628231872e-06
4.28,-0.03377437000822542,0.006497832530221754,-0.0337475773334841,-0.03316069789647951,-0.1580060022704638,-5.047778599697734,BALANCE,1,-6.7090658135478146e-06
4.282,-0.03376070398951462,0.007168437410780102,-0.032213596545598466,-0.03282921242367114,0.16574273640418413,-7.696688839061144,BALANCE,1,-6.702656882500078e-06
4.284,-0.033748017435918105,0.005518349411508379,-0.032213596545598466,-0.0326137468663457,0.10773277866272038,-5.093375643780192,BALANCE,1,-6.699849750845717e-06
4.2860000000000005,-0.033734685625893934,0.007813705698024387,-0.032213596545598466,-0.03247369425408417,0.07002630613076738,-5.551050121645645,BALANCE,1,-6.691291124345641e-06
4.288,-0.03372207094453938,0.004801207562159484,-0.030679615757712823,-0.031845766780354196,0.31396373686498613,-5.850793484016393,BALANCE,1,-6.6903369984055914e-06
4.29,-0.033709392425934584,0.007877544117805816,-0.032213596545598466,-0.031974507198189686,-0.06437020891774531,-3.867987543074916,BALANCE,1,-6.681145389384647e-06
4.292,-0.033697343349733,0.004171753592187133,-0.032213596545598466,-0.032058188469782756,-0.0418406357965348,-6.908778435846535,BALANCE,1,-6.681128649027354e-06
4.2940000000000005,-0.03368068299521418,0.01248890719915126,-0.0337475773334841,-0.03264947457207822,-0.29564305114773354,-6.7399743648663915,BALANCE,1,-6.6597418950444345e-06
4.296,-0.03365868494879501,0.009509543626703415,-0.03834951969714103,-0.034644490365850204,-0.9975078968859907,-8.812400748728125,BALANCE,1,-6.658015488100032e-06
4.298,-0.03363293974389867,0.01623613455663451,-0.035281558121369745,-0.03486746408028204,-0.11148685721591722,-14.553949360333672,BALANCE,1,-6.629347687532341e-06
4.3,-0.03359552428176369,0.021180015409532033,-0.0337475773334841,-0.03447550371890276,0.1959801806896387,-7.48613295865505,BALANCE,1,-6.594813619706038e-06
4.3020000000000005,-0.033550714277906686,0.02363081222050104,-0.0337475773334841,-0.03422072948400623,0.12738711744826603,-5.009774134471627,BALANCE,1,-6.565392641516874e-06
4.304,-0.033502528356582885,0.02455599494066881,-0.032213596545598466,-0.03351823295556351,0.3512482642213585,-5.5500763322056175,BALANCE,1,-6.541623036180748e-06
4.306,-0.03345563129246169,0.022341931327357407,-0.032213596545598466,-0.033061610212075744,0.22831137174388408,-3.7237410129054265,BALANCE,1,-6.534219350675925e-06
4.308,-0.03341491044694695,0.018379662794251787,-0.0337475773334841,-0.033301698704568665,-0.12004424624646043,-4.686451110158371,BALANCE,1,-6.5354052666823456e-06
4.3100000000000005,-0.03338077964391284,0.01575176769653753,-0.030679615757712823,-0.032383969673169116,0.4588645156997743,-7.494361703371617,BALANCE,1,-6.531556254691582e-06
4.312,-0.03335535793047975,0.009670413089595629,-0.0337475773334841,-0.03286123235427936,-0.23863134055512186,-2.8145046598523993,BALANCE,1,-6.538063037177001e-06
4.314,-0.03333782635384927,0.00786148584019674,-0.0337475773334841,-0.033171453097001015,-0.15511037136082748,-8.42967951722904,BALANCE,1,-6.534565004711295e-06
4.316,-0.033320414144100245,0.00955104401153797,-0.035281558121369745,-0.033909989855530065,-0.369268379264525,-7.786759298857383,BALANCE,1,-6.524596503836903e-06
4.3180000000000005,-0.033298380731638676,0.012482773507768309,-0.035281558121369745,-0.03439003874857395,-0.24002444652194282,-9.551117565569813,BALANCE,1,-6.50906803154925e-06
4.32,-0.03327017064582366,0.015727830916460017,-0.030679615757712823,-0.033091390701772555,0.6493240234006977,-8.552847044961503,BALANCE,1,-6.488251922874141e-06
4.322,-0.03324164744309277,0.012795896184619066,-0.032213596545598466,-0.03278416274711162,0.15361397733046692,-1.3667586809126493,BALANCE,1,-6.486007975429351e-06
4.324,-0.03321960530568922,0.009246646442502036,-0.03681553890925539,-0.03419514440386194,-0.7054908283751598,-5.320562204744262,BALANCE,1,-6.485731890130711e-06
4.3260000000000005,-0.03319685852388491,0.013500553534559192,-0.0337475773334841,-0.034038495929229695,0.07832423731612276,-12.284898578675067,BALANCE,1,-6.466519642265956e-06
4.328,-0.03316843710866985,0.014921384177764917,-0.03681553890925539,-0.035010460972238686,-0.4859825215044952,-6.011786843852718,BALANCE,1,-6.451112037720894e-06
4.33,-0.03313363315614753,0.019883208176427518,-0.032213596545598466,-0.03403155842291461,0.489451274662038,-10.591560909192648,BALANCE,1,-6.419111422979541e-06
4.332,-0.03309373960661432,0.020011074759885526,-0.032213596545598466,-0.033395271765853954,0.31814332853032784,-2.736162698585521,BALANCE,1,-6.403019065894948e-06
4.3340000000000005,-0.033056262573427586,0.017466647407393752,-0.032213596545598466,-0.03298168543876453,0.20679316354471275,-4.075128122568734,BALANCE,1,-6.398601372438142e-06
4.336,-0.0330252606911275,0.013535804835459159,-0.035281558121369745,-0.033786640877676355,-0.40247771945591326,-4.947710599916043,BALANCE,1,-6.399544217270906e-06
4.338,-0.03299811164962382,0.013613735777956115,-0.032213596545598466,-0.03323607536144909,0.27528275811363256,-9.876932318431296,BALANCE,1,-6.388769963315749e-06
4.34,-0.03297307886366748,0.011419510384656065,-0.030679615757712823,-0.032341314500141397,0.4473804306538466,-4.428461781973583,BALANCE,1,-6.3849103832534515e-06
4.3420000000000005,-0.03295525615786851,0.006403523072025097,-0.032213596545598466,-0.032296613216051366,0.022350642045015218,-3.0044630128734378,BALANCE,1,-6.387531471964497e-06
4.344,-0.03294123737218526,0.007615520333237325,-0.0337475773334841,-0.032804450657152824,-0.253918720550729,-6.408478567341898,BALANCE,1,-6.3802826568793976e-06
4.346,-0.0329246019966284,0.00902016104931741,-0.035281558121369745,-0.03367143826962874,-0.4334938062379584,-8.655664604705368,BALANCE,1,-6.371342018328208e-06
4.348,-0.03290313965619386,0.012442573949273478,-0.035281558121369745,-0.03423498021773809,-0.28177097405467433,-10.151018834605685,BALANCE,1,-6.355192546758425e-06
4.3500000000000005,-0.03287454514578662,0.016152462140970318,-0.032213596545598466,-0.03352749593248922,0.3537421426244337,-8.97789569006952,BALANCE,1,-6.332808010824587e-06
4.352,-0.032842308507564574,0.016084768724608237,-0.032213596545598466,-0.033067631147077454,0.22993239270588384,-3.8580471987082214,BALANCE,1,-6.320573592972026e-06
4.354,-0.03281207726723392,0.014147027383867833,-0.0337475773334841,-0.03330561231231978,-0.1189905826211625,-4.82754683716133,BALANCE,1,-6.315141761541285e-06
4.356,-0.03278435758907065,0.013573160383768866,-0.032213596545598466,-0.03292340679396732,0.19110275917623085,-7.639870632154704,BALANCE,1,-6.306137916911998e-06
4.358,-0.03275916890897464,0.011615982787593314,-0.0337475773334841,-0.03321186648279819,-0.14422984441543607,-5.142776248033202,BALANCE,1,-6.301680762415637e-06
4.36,-0.032735977445934296,0.01157590660987468,-0.032213596545598466,-0.032862472004778286,0.17469723900995215,-7.849387031392951,BALANCE,1,-6.292841089021191e-06
4.362,-0.032714173544839215,0.010228395334262034,-0.030679615757712823,-0.03209847231830537,0.38199984323645725,-5.283579189709606,BALANCE,1,-6.287576893528497e-06
4.364,-0.032697271702601345,0.006673757633727016,-0.0337475773334841,-0.03267565907361793,-0.28859337765627796,-3.5857380691728507,BALANCE,1,-6.2874792886663e-06
4.366,-0.03268000391792464,0.010594344495798033,-0.030679615757712823,-0.03197704391305114,0.3493075802833943,-8.991650173448209,BALANCE,1,-6.273614194577469e-06
4.368,-0.03266222437555778,0.007185524737304348,-0.030679615757712823,-0.03152294405868272,0.22704992718420788,-3.8529210090794344,BALANCE,1,-6.273242214325374e-06
4.37,-0.032648872901554514,0.006166194723910706,-0.032213596545598466,-0.03176467242910323,-0.12086418521025516,-4.810040831422557,BALANCE,1,-6.269562250817801e-06
4.372,-0.032633546019044495,0.009160969557937921,-0.032213596545598466,-0.03192179586987656,-0.07856172038666481,-7.614210367289312,BALANCE,1,-6.258777756481842e-06
4.374,-0.03261608133241234,0.008304038150831508,-0.032213596545598466,-0.032023926106379226,-0.05106511825133178,-7.291602414320964,BALANCE,1,-6.253667877650563e-06
4.376,-0.032598623855464526,0.009153759740084099,-0.032213596545598466,-0.03209031076010596,-0.033192326863367566,-7.084162196649736,BALANCE,1,-6.245385625099871e-06
4.378,-0.03257983864099161,0.009631800085928854,-0.0337475773334841,-0.03267035406078831,-0.29002165034117466,-6.951581006921648,BALANCE,1,-6.237222239015181e-06
4.38,-0.03255792812907628,0.012279114637765558,-0.0337475773334841,-0.03304738220623184,-0.18851407272176338,-9.047552263597204,BALANCE,1,-6.222636005273467e-06
4.382,-0.03253054162473845,0.015107893181182035,-0.032213596545598466,-0.032755557225010154,0.14591249061084166,-8.264722807809772,BALANCE,1,-6.203882136954441e-06
4.384,-0.03249939403723253,0.016040266952749516,-0.032213596545598466,-0.03256587098721606,0.09484311889704569,-5.578351913720632,BALANCE,1,-6.188864209568358e-06
4.386,-0.03246728854711592,0.01606581340352638,-0.035281558121369745,-0.03351636148416985,-0.4752452484768944,-5.9820388873607975,BALANCE,1,-6.176501937503093e-06
4.388,-0.032431234537170124,0.01998885937113262,-0.035281558121369745,-0.034134180307189815,-0.3089094115099819,-10.60647852846638,BALANCE,1,-6.14764461068165e-06
4.39,-0.03238536120596076,0.025885315189270508,-0.032213596545598466,-0.03346197599063284,0.3361021582784888,-9.319687798173716,BALANCE,1,-6.101293712728746e-06
4.392,-0.03233110177454729,0.02837511375282014,-0.032213596545598466,-0.0330250431848708,0.21846640288101724,-4.125955376070658,BALANCE,1,-6.066218352979885e-06
4.394,-0.03227386927409146,0.028858438893149006,-0.035281558121369745,-0.03381482341264543,-0.39489011388731465,-5.047430459541683,BALANCE,1,-6.041507971307951e-06
4.396,-0.03221244542292232,0.03256654152196685,-0.02914563496982718,-0.03218060745765904,0.817107977493195,-10.008432372037344,BALANCE,1,-5.99390209709127e-06
4.398,-0.032150597704967254,0.029282313478651616,-0.032213596545598466,-0.03219215363843784,-0.005773090389397939,-0.22083080518561715,BALANCE,1,-5.992142443815462e-06
4.4,-0.03209478591681915,0.026530500748653162,-0.032213596545598466,-0.032199658655944055,-0.0037525087531083134,-6.811010549820775,BALANCE,1,-5.987423489562203e-06
4.402,-0.03204402421044498,0.02423213886227593,-0.02914563496982718,-0.031130750365803147,0.5344541450704541,-6.801736129512021,BALANCE,1,-5.980708059908358e-06
4.404,-0.03200182739229316,0.017965455067839267,-0.0337475773334841,-0.03204663980449148,-0.45794471934416764,-2.4381745515882276,BALANCE,1,-5.993010504429676e-06
4.406,-0.03196754031592383,0.016322251659536675,-0.030679615757712823,-0.03156818138811895,0.23922920818626736,-10.438728161187399,BALANCE,1,-5.986112587530751e-06
4.408,-0.03193812334351113,0.013095261577532888,-0.032213596545598466,-0.03179407669323678,-0.11294765255891528,-4.838942872239191,BALANCE,1,-5.985175182494568e-06
4.41,-0.03191339406456845,0.011634472006872638,-0.030679615757712823,-0.031404015365803395,0.19503066371669153,-7.676270291846369,BALANCE,1,-5.979736082160633e-06
4.412,-0.0318924579979971,0.009301979469951104,-0.032213596545598466,-0.03168736877873167,-0.1416767064641375,-5.195320885068673,BALANCE,1,-5.977083613106404e-06
4.414,-0.03187323087435556,0.009925497656836313,-0.032213596545598466,-0.03187154849713505,-0.09208985920168902,-7.912318525046747,BALANCE,1,-5.968589625737931e-06
4.416,-0.03185220854435582,0.011097218832435536,-0.032213596545598466,-0.03199126531409724,-0.05985840848109561,-7.53304883975079,BALANCE,1,-5.958078242892154e-06
4.418,-0.03182883742304205,0.012274332153100833,-0.030679615757712823,-0.03153218796936269,0.22953867236727432,-7.288778496066593,BALANCE,1,-5.94638510139307e-06
4.42,-0.031805294735558244,0.011268788158479147,-0.02914563496982718,-0.03069689441952526,0.41764677491871494,-4.952363646189434,BALANCE,1,-5.940093852286932e-06
4.422,-0.03178651362676834,0.007512665920723444,-0.032213596545598466,-0.03122774016365088,-0.2654228720628104,-3.403520591671567,BALANCE,1,-5.940590088357106e-06
4.424,-0.03176901475074161,0.009986531817692502,-0.02914563496982718,-0.030499003345812584,0.36436840891914885,-8.906174060204037,BALANCE,1,-5.929427401999496e-06
4.426,-0.03175192326867936,0.007105264470185708,-0.0337475773334841,-0.031636004241497616,-0.5685004478425161,-3.8302194039472286,BALANCE,1,-5.928291150830313e-06
4.428,-0.03173186209210838,0.01295628091800452,-0.030679615757712823,-0.03130126827217294,0.16736798466233938,-11.367717512629948,BALANCE,1,-5.908275659351069e-06
4.43,-0.031706079959305626,0.012826325885120381,-0.030679615757712823,-0.031083689892111896,0.1087891900305206,-5.466946148086059,BALANCE,1,-5.899007730464712e-06
4.432,-0.03168122812181941,0.012025968498962026,-0.032213596545598466,-0.031479157220832193,-0.19773366436014878,-5.92873854031537,BALANCE,1,-5.891858795911672e-06
4.434,-0.03165589324008451,0.013309379013452636,-0.032213596545598466,-0.031736210984500385,-0.12852688183409566,-8.41094524660811,BALANCE,1,-5.878947136307771e-06
4.436,-0.03162719854204114,0.015385846577121174,-0.0337475773334841,-0.03244018920664468,-0.3519891110721485,-7.879061454416675,BALANCE,1,-5.861904893947435e-06
4.438,-0.0315918202151469,0.019993130740998212,-0.032213596545598466,-0.0323608817752785,0.039653715683089785,-9.715486019491085,BALANCE,1,-5.831355784352306e-06
4.44,-0.03154810973783116,0.023718150185961576,-0.02914563496982718,-0.031235545393370538,0.5626681909539824,-6.584057135922265,BALANCE,1,-5.797745810067e-06
4.442,-0.0315018375154573,0.02255492290112234,-0.032213596545598466,-0.03157786329665031,-0.17115895163988779,-2.3386682599193205,BALANCE,1,-5.786317928567037e-06
4.444,-0.031456204301016824,0.02307913050451865,-0.032213596545598466,-0.031800369933782165,-0.11125331856592577,-8.236140047526398,BALANCE,1,-5.766858723893035e-06
4.446,-0.03140852497088965,0.024601076206223902,-0.030679615757712823,-0.031408105972157895,0.19613198081213506,-7.77660545514937,BALANCE,1,-5.741478790986765e-06
4.448,-0.03135941491148451,0.024509886088904437,-0.030679615757712823,-0.031153134397102118,0.12748578752788847,-5.300268843621859,BALANCE,1,-5.723815654690022e-06
4.45,-0.031311340495013884,0.023565414233305458,-0.030679615757712823,-0.03098740287331586,0.08286576189312812,-5.8403707222719055,BALANCE,1,-5.710928144680888e-06
4.452,-0.03126553845472499,0.022237468130907913,-0.030679615757712823,-0.030879677382854794,0.05386274523053354,-6.193584516497475,BALANCE,1,-5.70054861330909e-06
4.454,-0.031222489172529268,0.020812605531602555,-0.032213596545598466,-0.03134654908981508,-0.23343585348014304,-6.425321055847139,BALANCE,1,-5.691260448521122e-06
4.456,-0.031180035197795847,0.02164214972333311,-0.032213596545598466,-0.031650015699339264,-0.15173330476209168,-8.757991457768131,BALANCE,1,-5.67191298326317e-06
4.458,-0.03113461184018765,0.02378204299914189,-0.030679615757712823,-0.03131037571977001,0.1698199897846274,-8.12890906773504,BALANCE,1,-5.644886805436654e-06
4.46,-0.03108636259157581,0.02446809268371562,-0.032213596545598466,-0.03162650300880997,-0.158063644519979,-5.542366387731086,BALANCE,1,-5.623688326310866e-06
4.462,-0.031035345409038937,0.026550027813658405,-0.032213596545598466,-0.03183198574668594,-0.10274136893798774,-8.190728400112096,BALANCE,1,-5.59370722472907e-06
4.464,-0.030979379073455007,0.029417336723197993,-0.030679615757712823,-0.03142865625054535,0.20166474807029738,-7.766845556878063,BALANCE,1,-5.556164330398544e-06
4.466,-0.030919448458403716,0.03051438016845146,-0.030679615757712823,-0.031166492078053963,0.13108208624569226,-5.313682582293455,BALANCE,1,-5.52731981789479e-06
4.468,-0.03085830049046552,0.0306347119942424,-0.02914563496982718,-0.030459192090174586,0.3536499939396885,-5.868847324956423,BALANCE,1,-5.504303622471832e-06
4.47,-0.030799574050115953,0.028092808063074456,-0.02914563496982718,-0.02999944709805299,0.22987249606079735,-4.051957902549726,BALANCE,1,-5.498917270931329e-06
4.472,-0.03074726850383321,0.02421369987959532,-0.030679615757712823,-0.03023750612893393,-0.11902951544046948,-5.02059307547317,BALANCE,1,-5.501614751990197e-06
4.474,-0.030701064283184604,0.021991370253916467,-0.032213596545598466,-0.030929137774766517,-0.3458158229162934,-7.832140210561947,BALANCE,1,-5.495858854999451e-06
4.476,-0.03065600230039248,0.023071441021536604,-0.02914563496982718,-0.030304911793037747,0.31211299086438515,-9.694114396673447,BALANCE,1,-5.474395800472238e-06
4.478,-0.030611224714364425,0.021706968263876435,-0.02914563496982718,-0.029899164904914045,0.20287344406185076,-4.3992913098829005,BALANCE,1,-5.464767900249529e-06
4.48,-0.030570427437116902,0.019091059063031806,-0.0337475773334841,-0.031246109254913564,-0.6734721749997591,-5.254842703996736,BALANCE,1,-5.461462358122725e-06
4.482,-0.030528824741721552,0.022512401216587846,-0.030679615757712823,-0.031047836530893304,0.09913636201012987,-12.352673539340568,BALANCE,1,-5.431320201255558e-06
4.484,-0.030481392313275783,0.024920899297909888,-0.02761165418194154,-0.029845172708760186,0.601331911066559,-6.166118447126419,BALANCE,1,-5.402103645294106e-06
4.486,-0.03043408124933643,0.02239103448341347,-0.030679615757712823,-0.030137227775893605,-0.14602753356670986,-2.0823632598887514,BALANCE,1,-5.397910189606074e-06
4.488,-0.03039009265335244,0.021598370257078284,-0.032213596545598466,-0.030863956845290304,-0.3633645346983495,-8.084789566538086,BALANCE,1,-5.385883553607139e-06
4.49,-0.030344397110350498,0.024098012883493926,-0.030679615757712823,-0.030799437464638185,0.032259690326059964,-9.873262111124063,BALANCE,1,-5.357366714681243e-06
4.492,-0.03029402536172542,0.026274661856667672,-0.030679615757712823,-0.030757499867214304,0.020968798711940018,-6.710557035582589,BALANCE,1,-5.327695577005623e-06
4.494,-0.030239479626608935,0.02827207611800674,-0.032213596545598466,-0.03126713370464876,-0.254816918717227,-6.8045194126235575,BALANCE,1,-5.296642294463942e-06
4.496,-0.030178848439304195,0.032360225930526156,-0.030679615757712823,-0.031061502423221178,0.10281564071379021,-9.047636609043892,BALANCE,1,-5.248643886516517e-06
4.498,-0.030111094598112162,0.035394860963374256,-0.032213596545598466,-0.03146473536605322,-0.20161647141602249,-6.180450557194742,BALANCE,1,-5.202672009815891e-06
4.5,-0.030035716324791142,0.03998479824220758,-0.0337475773334841,-0.03226373005465403,-0.3994973443004028,-8.646394377876378,BALANCE,1,-5.139084927709096e-06
4.502,-0.02994817102164642,0.04756211448922233,-0.02914563496982718,-0.03117239677496463,0.5456666398447,-10.2838337882784,BALANCE,1,-5.037420829475085e-06
4.5040000000000004,-0.029850500499022003,0.05011020389070513,-0.02761165418194154,-0.029926136867406545,0.6231299537790419,-2.663276397691206,BALANCE,1,-4.976501405789285e-06
4.506,-0.0297527786374258,0.04761345441357071,-0.02914563496982718,-0.029652961203253766,0.1365878320763892,-1.974779519136467,BALANCE,1,-4.968248977096706e-06
4.508,-0.029660538982917903,0.04462789601210046,-0.030679615757712823,-0.030012290297314434,-0.17966454703033374,-5.856656545149172,BALANCE,1,-4.965372028136111e-06
4.51,-0.029572135513895727,0.043777198398760556,-0.02914563496982718,-0.029708960932693894,0.15166468231027005,-8.414237781706058,BALANCE,1,-4.9425772104788625e-06
4.5120000000000005,-0.029486245208916646,0.04211468576653873,-0.02761165418194154,-0.028974903569930568,0.36702868138166306,-5.751345977290534,BALANCE,1,-4.927956175073095e-06
4.514,-0.02940614361160212,0.0379883843078952,-0.030679615757712823,-0.029571552835654356,-0.2983246328618939,-3.990185523667577,BALANCE,1,-4.935450192643742e-06
4.516,-0.029331064474002015,0.0370921337095656,-0.030679615757712823,-0.029959374858374816,-0.1939110113602302,-9.354725304126593,BALANCE,1,-4.9166747256416795e-06
4.518,-0.029255783879093042,0.0381898453224939,-0.030679615757712823,-0.030211459173143117,-0.12604215738415067,-8.548677528448184,BALANCE,1,-4.881903803428883e-06
4.5200000000000005,-0.029177100488777093,0.04049499168345066,-0.02914563496982718,-0.029838420701982536,0.18651923558029096,-8.026894047360276,BALANCE,1,-4.835498399115292e-06
4.522,-0.02909527591591959,0.04133108562309547,-0.02914563496982718,-0.029595945695728158,0.12123750312718895,-5.509988279515503,BALANCE,1,-4.800139736749334e-06
4.524,-0.029012537213735267,0.041409137821866115,-0.030679615757712823,-0.029975230217422787,-0.1896422608473145,-6.023612827904202,BALANCE,1,-4.7711563534552765e-06
4.526,-0.028927782235312928,0.04334739893555131,-0.02761165418194154,-0.029147978605004347,0.41362580620921996,-8.539403057045392,BALANCE,1,-4.72473260461946e-06
4.5280000000000005,-0.028842407226721822,0.04202917939680238,-0.032213596545598466,-0.030220944884212286,-0.5364831396039698,-3.6694530195690107,BALANCE,1,-4.707710929589649e-06
4.53,-0.02875481813514424,0.04556152263181194,-0.02914563496982718,-0.029844586414177497,0.18817923501739456,-11.340746751803847,BALANCE,1,-4.64501810751842e-06
4.532,-0.028661773189392448,0.04748513389039755,-0.02761165418194154,-0.02906306013289491,0.3907631406412943,-5.526835163913681,BALANCE,1,-4.594485712888145e-06
4.534,-0.028567935207483953,0.04635457337636738,-0.02761165418194154,-0.02855506805006123,0.25399604141683985,-3.865084954072107,BALANCE,1,-4.574196744137833e-06
4.5360000000000005,-0.02847793440667336,0.04364788224535202,-0.02761165418194154,-0.028224873196219337,0.16509742692094598,-4.934453236507734,BALANCE,1,-4.56996603753739e-06
4.538,-0.028394014878586064,0.040273188843380846,-0.02914563496982718,-0.02854713981698208,-0.16113331038137071,-5.631475435883615,BALANCE,1,-4.572086745506281e-06
4.54,-0.028314787956555967,0.03895518990882113,-0.02761165418194154,-0.028219719844717887,0.16370998613209584,-8.26636675951131,BALANCE,1,-4.556783736627621e-06
4.542,-0.02823902659998729,0.036807559665286996,-0.030679615757712823,-0.02908068341426611,-0.4304817847741119,-5.65361913303667,BALANCE,1,-4.548923751767852e-06
4.5440000000000005,-0.028163467546405176,0.03875288320276682,-0.0260776733940559,-0.028029629907192537,0.5255267535367869,-10.464627251142078,BALANCE,1,-4.508163717288322e-06
4.546,-0.02808817530735138,0.03654074023686244,-0.02914563496982718,-0.02842023167911466,-0.19530088596106213,-2.759101660211911,BALANCE,1,-4.501004384316112e-06
4.548,-0.028015113436563106,0.03652247392919869,-0.02914563496982718,-0.02867412283086404,-0.12694557587468977,-8.554842928845854,BALANCE,1,-4.477023125101222e-06
4.55,-0.02794071178494928,0.03788054569866185,-0.02761165418194154,-0.028302258803741164,0.18593201356143818,-8.028968741826011,BALANCE,1,-4.441743597461053e-06
4.5520000000000005,-0.027864919726520998,0.037912906312730955,-0.02761165418194154,-0.028060547186111295,0.12085580881493474,-5.509296636470363,BALANCE,1,-4.41658963906571e-06
4.554,-0.027789698904198315,0.03730929909312664,-0.02761165418194154,-0.027903434634651877,0.07855627572970862,-6.021015686821821,BALANCE,1,-4.396794914469669e-06
4.556,-0.027715900831446108,0.03649013058516217,-0.030679615757712823,-0.028875098027723207,-0.485831696535665,-6.355565885342994,BALANCE,1,-4.379136183836712e-06
4.558,-0.027639347668274722,0.04006444017013047,-0.0260776733940559,-0.027895999405939648,0.4895493108917799,-10.934744486655807,BALANCE,1,-4.325009568814574e-06
4.5600000000000005,-0.02755969334817813,0.039591344537376026,-0.0260776733940559,-0.027259585301780333,0.31820705207965744,-3.078529709810423,BALANCE,1,-4.3031527542008e-06
4.562,-0.027483153419395605,0.03694999159598339,-0.02761165418194154,-0.027382809409836752,-0.06161205402820981,-4.4165348511182,BALANCE,1,-4.299923396495977e-06
4.564,-0.02741072292958315,0.03548183000848612,-0.02454369260617026,-0.02638911852855348,0.496845440641637,-7.467957708346491,BALANCE,1,-4.287866761460596e-06
4.566,-0.02734473335405897,0.03050895888225699,-0.0260776733940559,-0.026280112731479323,0.05450289853707775,-2.9459541218164302,BALANCE,1,-4.301605724079045e-06
4.5680000000000005,-0.02728818850151571,0.026036933367004786,-0.02761165418194154,-0.026746152239141098,-0.23301975383088758,-6.4834101333747505,BALANCE,1,-4.310398190716601e-06
4.57,-0.027237818025869616,0.024334468454904862,-0.02761165418194154,-0.02704907791912125,-0.15146283999007554,-8.816902953226009,BALANCE,1,-4.303381547095063e-06
4.572,-0.027189080156665348,0.02440429690604625,-0.0260776733940559,-0.026709086335348374,0.16999579188643754,-8.188032998882147,BALANCE,1,-4.287406945862603e-06
4.574,-0.02714125539193657,0.023421347191776118,-0.02761165418194154,-0.02702498508165598,-0.15794937315380222,-5.601306266110738,BALANCE,1,-4.277129445628624e-06
4.5760000000000005,-0.02709365757956462,0.02417734037613355,-0.02761165418194154,-0.027230319266755922,-0.10266709254997189,-8.249226508227443,BALANCE,1,-4.258098491764384e-06
4.578,-0.02704346889015192,0.026012271872317964,-0.0260776733940559,-0.026826893211310914,0.20171302772250405,-7.824734378356148,BALANCE,1,-4.232284348907673e-06
4.58,-0.026991129528926388,0.026328051736482155,-0.02761165418194154,-0.02710155955103163,-0.13733316986035832,-5.370853231491902,BALANCE,1,-4.21387697449101e-06
4.582,-0.02693673759036011,0.02806488695505344,-0.02454369260617026,-0.026206306120330147,0.4476267153507418,-8.10512310444825,BALANCE,1,-4.186537040976298e-06
4.5840000000000005,-0.026882368667014066,0.026305036096889927,-0.02914563496982718,-0.027235071217654106,-0.5143825486619794,-3.376970078141427,BALANCE,1,-4.179522354166618e-06
4.586,-0.026826783290803385,0.029281362185438687,-0.02914563496982718,-0.02790376853091468,-0.3343486566302865,-11.140217110326166,BALANCE,1,-4.144304866517334e-06
4.588,-0.026762537209749318,0.03496590018867103,-0.0260776733940559,-0.027264635233014103,0.3195666489502879,-9.745648566574438,BALANCE,1,-4.085085985558886e-06
4.59,-0.026689836843299102,0.03773580303906229,-0.02454369260617026,-0.026312305313618757,0.47616495969767314,-4.481431051102413,BALANCE,1,-4.040735493658671e-06
4.5920000000000005,-0.026615425045396,0.036677363115810886,-0.0260776733940559,-0.026230184141771754,0.04106058592350144,-3.1767672310223336,BALANCE,1,-4.025792466759012e-06
4.594,-0.02654296544615647,0.03578356848182366,-0.0260776733940559,-0.026176805380071205,0.026689380850274808,-6.657920987733242,BALANCE,1,-4.010031518479541e-06
4.596,-0.02647203282409497,0.03515035786265735,-0.023009711818284616,-0.025068322633445897,0.5542413733126538,-6.774923263693036,BALANCE,1,-3.9926909019693486e-06
4.598,-0.026406421853272993,0.030461819394685775,-0.0260776733940559,-0.025421595399659398,-0.17663638310675028,-2.4930120237231757,BALANCE,1,-4.005085709410856e-06
4.6000000000000005,-0.026347828150139772,0.028132961142943124,-0.02454369260617026,-0.025114329421938197,0.15363298886060006,-8.36631476013115,BALANCE,1,-4.001449419607376e-06
4.602,-0.026294502071172468,0.025194098371188498,-0.0260776733940559,-0.025451499812179392,-0.16858519512059736,-5.710746691613462,BALANCE,1,-4.00164499197916e-06
4.604,-0.0262449768069915,0.02433207646812748,-0.0260776733940559,-0.025670660565836168,-0.10958037682838769,-8.313812686839949,BALANCE,1,-3.990885078030883e-06
4.606,-0.026195829767612516,0.02481586661476728,-0.0260776733940559,-0.02581311505571307,-0.07122724493845156,-7.860057917834846,BALANCE,1,-3.973180522971672e-06
4.6080000000000005,-0.02614484361336075,0.02617122515876232,-0.0260776733940559,-0.025905710474133058,-0.046297709209993515,-7.566942755119114,BALANCE,1,-3.950103359770272e-06
4.61,-0.02609058027754417,0.028093108440694983,-0.02454369260617026,-0.025429004220346076,0.23835312689349067,-7.378243336491476,BALANCE,1,-3.922297339438745e-06
4.612,-0.02603428167578473,0.028206528528432938,-0.0260776733940559,-0.02565603843114451,-0.11351710539921761,-5.077520073280452,BALANCE,1,-3.904345372170488e-06
4.614,-0.02597648759595579,0.0295886140095283,-0.0260776733940559,-0.025803610668163494,-0.07378611850949145,-7.911235191956254,BALANCE,1,-3.878134251685814e-06
4.616,-0.025915133183959417,0.03176692616399632,-0.0260776733940559,-0.025899532622225836,-0.047960977031170915,-7.6074023531932164,BALANCE,1,-3.845140463775451e-06
4.618,-0.02584892654812828,0.03444092706816299,-0.0260776733940559,-0.025961881892366357,-0.0311746350702604,-7.411736445134838,BALANCE,1,-3.8060864108281483e-06
4.62,-0.025777066172940077,0.03742076948376385,-0.0260776733940559,-0.026002408917957694,-0.020263512795668306,-7.286379042034458,BALANCE,1,-3.761411350853693e-06
4.622,-0.02569905912054854,0.04058771729900003,-0.0260776733940559,-0.026028751484592064,-0.013171283317185006,-7.206722167156793,BALANCE,1,-3.7114268498440743e-06
4.624,-0.025614604303889194,0.04386865231620161,-0.023009711818284616,-0.024972087601384453,0.5283319416038053,-7.156770635623907,BALANCE,1,-3.656364680507349e-06
4.626,-0.02552787758258337,0.04285966372773662,-0.02454369260617026,-0.024822149353059483,0.07496912416248523,-2.7663394207838055,BALANCE,1,-3.63959481879442e-06
4.628,-0.025443262293901196,0.04175718087083942,-0.0260776733940559,-0.02526158276740823,-0.2197167071743729,-6.389210095285479,BALANCE,1,-3.624162401605298e-06
4.63,-0.025358542968392926,0.04296370246866824,-0.0260776733940559,-0.02554721448673491,-0.1428158596633415,-8.77811506739475,BALANCE,1,-3.5879291935392507e-06
4.632,-0.025270001225547747,0.045579668497571314,-0.02454369260617026,-0.02519598182853728,0.17561632909881586,-8.185155633363447,BALANCE,1,-3.5368397851465515e-06
4.634,-0.02517756799653328,0.04685526020015797,-0.0260776733940559,-0.025504573876468796,-0.15429602396575814,-5.6216633601400385,BALANCE,1,-3.496819106471759e-06
4.636,-0.025081080586397745,0.049633924171085565,-0.0260776733940559,-0.02570515870762428,-0.10029241557774245,-8.284578622307816,BALANCE,1,-3.4396804638789392e-06
4.638,-0.024978146337464893,0.053302217547891356,-0.0260776733940559,-0.025835538847875344,-0.06519007012553181,-7.8697258768145435,BALANCE,1,-3.369076867459826e-06
4.64,-0.024867370320674438,0.05747583623077287,-0.0260776733940559,-0.025920285939038536,-0.04237354558159559,-7.601897029381497,BALANCE,1,-3.287262739778279e-06
4.642,-0.024747979149906743,0.06191752994992442,-0.02454369260617026,-0.025438478272534638,0.24090383325194897,-7.429633715687607,BALANCE,1,-3.195833534103138e-06
4.644,-0.024621759915689184,0.06430402524643497,-0.0260776733940559,-0.025662196565067078,-0.11185914626622023,-5.139593920683524,BALANCE,1,-3.1270282800354915e-06
4.646,-0.024489705720781196,0.06775259794344411,-0.023009711818284616,-0.024733826903693214,0.46418483068693184,-7.980253293693837,BALANCE,1,-3.0402824663607535e-06
4.648,-0.024354490726566095,0.06746488268670567,-0.021475731030398976,-0.02359349334804023,0.5701667778264928,-3.3211460637669274,BALANCE,1,-3.005562207571433e-06
4.65,-0.024223998545532126,0.06302969792694466,-0.02454369260617026,-0.023926063088385737,-0.1662848701727542,-2.409589171980868,BALANCE,1,-3.0299890651054978e-06
4.652,-0.02410005311830555,0.060918008498721955,-0.023009711818284616,-0.023605340143850344,0.16036147226769665,-8.325941753013252,BALANCE,1,-3.0226568652975843e-06
4.654,-0.023980943848617074,0.058193451464931156,-0.021475731030398976,-0.022859976954142363,0.37268159485399044,-5.698248704846292,BALANCE,1,-3.023567726343146e-06
4.656,-0.02386955220272099,0.053200242795894706,-0.02454369260617026,-0.023449277432352124,-0.2946502391048805,-3.9595379281642913,BALANCE,1,-3.0515267586065537e-06
4.658,-0.02376473326051491,0.05162062691330242,-0.0260776733940559,-0.024369216018948443,-0.4599692932981594,-9.338240484014316,BALANCE,1,-3.0398023995306784e-06
4.66,-0.023658731492188684,0.0543830906688272,-0.0260776733940559,-0.02496717610023605,-0.29898004064380335,-10.720863075960114,BALANCE,1,-2.978981067829865e-06
4.662,-0.023544687156445546,0.05966334222808141,-0.02454369260617026,-0.02481895687731302,0.07410961146151439,-9.473820094822571,BALANCE,1,-2.883063997342979e-06
4.664,-0.023420886675989832,0.06413941479372576,-0.023009711818284616,-0.024185721106653076,0.3166178853299725,-6.485173515980109,BALANCE,1,-2.7897344695266687e-06
4.666,-0.023290801664253638,0.06594798908383023,-0.023009711818284616,-0.023774117855724114,0.2058016254644808,-4.511950323014179,BALANCE,1,-2.728875739639917e-06
4.668,-0.02315854227477494,0.06631383252942666,-0.02454369260617026,-0.02404346901838026,-0.13467558132807325,-5.378539030453519,BALANCE,1,-2.6875578694291178e-06
4.67,-0.023024054583968345,0.06817633139487271,-0.023009711818284616,-0.023681653998346784,0.18090751001673816,-8.123326448356995,BALANCE,1,-2.624284530016194e-06
4.672,-0.02288708435322142,0.06879641813035398,-0.02454369260617026,-0.023983367511085,-0.15085675636910753,-5.581689147196165,BALANCE,1,-2.5782141776047106e-06
4.674,-0.022747271410379497,0.07101909577225077,-0.023009711818284616,-0.023642588018604863,0.17038974624006795,-8.258702762549442,BALANCE,1,-2.507514898782203e-06
4.676,-0.022604207688575996,0.07204725688075794,-0.02454369260617026,-0.02395797462425275,-0.15769330282394342,-5.673012489730949,BALANCE,1,-2.4536387513671784e-06
4.678,-0.022457472082429826,0.0746910476462678,-0.02454369260617026,-0.024162975917923876,-0.1025006468355627,-8.321391673506765,BALANCE,1,-2.3733420722449564e-06
4.68,-0.022304470682808386,0.07831316558914231,-0.019941750242513337,-0.022685546931530184,0.7387144931968459,-7.896983098403572,BALANCE,1,-2.2739197504985795e-06
4.682,-0.02215018839543006,0.07597195897177038,-0.019941750242513337,-0.021725218090374285,0.4801644205779491,-1.0831533483469862,BALANCE,1,-2.272082976723387e-06
4.684,-0.02200373909042223,0.07048003918477537,-0.021475731030398976,-0.021637897619382923,0.04366023549568117,-3.098279242446882,BALANCE,1,-2.3198176361992203e-06
4.686,-0.02186751145674841,0.06575009967253016,-0.02454369260617026,-0.022654925864758486,-0.5085141226877816,-6.5894010743694205,BALANCE,1,-2.353374682776588e-06
4.688,-0.02173559910018051,0.06616468272599565,-0.021475731030398976,-0.022242207672732654,0.20635909601291608,-11.072348619732608,BALANCE,1,-2.3136887733308166e-06
4.69,-0.021604136891556863,0.06529994345797258,-0.023009711818284616,-0.022510834123675837,-0.13431322547159152,-5.333048220140023,BALANCE,1,-2.2922818393307985e-06
4.692,-0.02147276493573265,0.06607442827258328,-0.019941750242513337,-0.02161165476526896,0.4495896792034385,-8.079046545897409,BALANCE,1,-2.248121908707544e-06
4.694,-0.021343142393097963,0.06355049810596297,-0.021475731030398976,-0.021564081458064464,0.02378665360224831,-3.358194877945811,BALANCE,1,-2.250355173888049e-06
4.696,-0.021218016559686952,0.061577636360875015,-0.023009711818284616,-0.022070052084141513,-0.2529853130385246,-6.766077500614675,BALANCE,1,-2.245343431604378e-06
4.698,-0.021094108389596352,0.062332812396995556,-0.023009711818284616,-0.022398932991091598,-0.1644404534750423,-9.015025481722311,BALANCE,1,-2.2045052587974502e-06
4.7,-0.020967008050689042,0.06476986388653116,-0.021475731030398976,-0.022075812304849177,0.1615603431212101,-8.330879246229674,BALANCE,1,-2.1400005122276062e-06
4.702,-0.02083619692177659,0.06604367065093288,-0.0260776733940559,-0.02347646368607153,-0.7003256906111758,-5.70790079474608,BALANCE,1,-2.090042307219727e-06
4.704,-0.020696860136515116,0.07329567702614405,-0.019941750242513337,-0.02223931398082616,0.6185748526226844,-12.691723440215721,BALANCE,1,-1.948196404270347e-06
4.706,-0.020548456807714163,0.07511038093706143,-0.021475731030398976,-0.021972059948176643,0.13362701632475826,-2.070737974826284,BALANCE,1,-1.883444365684649e-06
4.708,-0.020397265390750017,0.07608381647189735,-0.021475731030398976,-0.021798344826954457,0.08685756061109322,-5.938679835240357,BALANCE,1,-1.831309827908574e-06
4.71,-0.020244485644116753,0.07669873982488742,-0.019941750242513337,-0.021148536722400062,0.3249040522771973,-6.306772242641738,BALANCE,1,-1.7847434910120907e-06
4.712,-0.020092723548742742,0.07506614650786506,-0.019941750242513337,-0.020726161454439705,0.21118763398017895,-4.367641530384121,BALANCE,1,-1.7751426828258446e-06
4.714,-0.01994528374194924,0.07237637176485943,-0.021475731030398976,-0.020988510806025446,-0.13117467579287084,-5.256175592973534,BALANCE,1,-1.7827014222038776e-06
4.716,-0.019801378970158587,0.07153104650074259,-0.015339807878856412,-0.01901146478151628,0.9885230122545826,-8.015012734414283,BALANCE,1,-1.7620131295805914e-06
4.718,-0.019666637089328903,0.06321331230604169,-0.018407769454627694,-0.01880017141710527,0.1056466822055048,1.0573892384795913,BALANCE,1,-1.850262005457858e-06
4.72,-0.01954795113648483,0.05547482324352702,-0.019941750242513337,-0.019199724005998092,-0.19977629444641043,-5.996703834331791,BALANCE,1,-1.920838813433296e-06
4.722,-0.01944176842959246,0.050709836415020054,-0.018407769454627694,-0.01892253991301845,0.13859204648982054,-8.467900747681883,BALANCE,1,-1.950442090854157e-06
4.724,-0.01934525797765323,0.045802390415477005,-0.021475731030398976,-0.019816156804101634,-0.4468084455415914,-5.748107482595859,BALANCE,1,-1.9789304713549186e-06
4.726,-0.01925394434535771,0.04551292119845346,-0.018407769454627694,-0.019323221231785752,0.24646778615794104,-10.488891663672966,BALANCE,1,-1.9610052842146784e-06
4.728,-0.01916477858011508,0.04365448386579532,-0.021475731030398976,-0.02007659966130038,-0.3766892147573139,-4.916970319984111,BALANCE,1,-1.9585191879721272e-06
4.73,-0.019075653720957618,0.045472014361313755,-0.021475731030398976,-0.020566295640484886,-0.24484798959225304,-9.951444353009288,BALANCE,1,-1.921180956094522e-06
4.732,-0.018980727979167916,0.04945547318207515,-0.019941750242513337,-0.02034770475119484,0.10929544464502276,-8.93020956956797,BALANCE,1,-1.8595839807543219e-06
4.734,-0.018878798617067892,0.05247576347767924,-0.021475731030398976,-0.020742513948916286,-0.19740459886072315,-6.0880161832625985,BALANCE,1,-1.8040326732919522e-06
4.736,-0.01876917987021581,0.05714499935092589,-0.019941750242513337,-0.020462246651675252,0.14013364862051728,-8.569453585961636,BALANCE,1,-1.725146210714333e-06
4.738,-0.018651504460650982,0.06053257436461856,-0.015339807878856412,-0.018669393081188656,0.896426785243298,-5.856424017607585,BALANCE,1,-1.6567069836396354e-06
4.74,-0.018534316582651065,0.05665745882951944,-0.018407769454627694,-0.018577824811892317,0.04578413464816945,0.297758410987619,BALANCE,1,-1.679498868902907e-06
4.742,-0.018424367956893638,0.05329318898961006,-0.01687378866674205,-0.01798141216108972,0.29820632540129843,-6.505604262578007,BALANCE,1,-1.695038525329874e-06
4.744,-0.018322755700724187,0.04832093593253953,-0.015339807878856412,-0.01705685066230806,0.4622807493908296,-4.454038259937038,BALANCE,1,-1.726955139563512e-06
4.746,-0.018233845346465105,0.04059105348348869,-0.018407769454627694,-0.01752967223961993,-0.2364107886559351,-3.0893805482263508,BALANCE,1,-1.7811349565613952e-06
4.748,-0.018157162819073987,0.03609288418236733,-0.015339807878856412,-0.016763219713352696,0.38322626313361774,-8.710788081687104,BALANCE,1,-1.8015039748702957e-06
4.75,-0.01809167549066241,0.02939564861559716,-0.01687378866674205,-0.01680191884703897,-0.019349566843136767,-3.711057159737318,BALANCE,1,-1.8343154807233625e-06
4.752,-0.018038261367911163,0.024019456483066887,-0.019941750242513337,-0.017900859835454995,-0.5494704942080129,-6.937346131341939,BALANCE,1,-1.85358846058367e-06
4.7540000000000004,-0.017990139372340324,0.0241034241043323,-0.015339807878856412,-0.01700449165064549,0.44818409240475304,-11.247830181533,BALANCE,1,-1.8429530949319614e-06
4.756,-0.017945153910525796,0.020882865045367457,-0.01687378866674205,-0.016958745606279284,0.02287302218310222,-3.2162122958724306,BALANCE,1,-1.8488924742550594e-06
4.758,-0.017906053637302008,0.018218127278553695,-0.018407769454627694,-0.017465903953201224,-0.25357917346096986,-6.619347844104921,BALANCE,1,-1.8517559833873212e-06
4.76,-0.017869527291684915,0.018308890099818398,-0.018407769454627694,-0.017795556878700484,-0.16482646274963014,-8.864888090863454,BALANCE,1,-1.8437112243179536e-06
4.7620000000000005,-0.01783115642814556,0.020062679122958463,-0.018407769454627694,-0.018009831280275005,-0.10713720078726029,-8.178204692078433,BALANCE,1,-1.8284704195870128e-06
4.764,-0.017788310260094805,0.022784276917169177,-0.018407769454627694,-0.018149109641298445,-0.06963918051171997,-7.7331490267300005,BALANCE,1,-1.8070492978526573e-06
4.766,-0.01773946250321649,0.026064378327117683,-0.015339807878856412,-0.01716585402444373,0.4916278084273577,-7.4451513881153435,BALANCE,1,-1.7797439199828192e-06
4.768,-0.017688105030231084,0.02529403918449713,-0.018407769454627694,-0.017600524425008115,-0.21733520028219266,-2.8994533103963285,BALANCE,1,-1.7732551735276979e-06
4.7700000000000005,-0.017636088637392782,0.026723310297727714,-0.018407769454627694,-0.017883060185374965,-0.14126788018342487,-8.600757708991596,BALANCE,1,-1.7545102453772508e-06
4.772,-0.017579897135778403,0.029469224746013312,-0.01687378866674205,-0.01752981515385344,0.17662251576076177,-8.01274790586054,BALANCE,1,-1.7264047448208534e-06
4.774,-0.017519632440377346,0.030796578997570493,-0.015339807878856412,-0.01676331260760448,0.38325127312448076,-5.451935999446525,BALANCE,1,-1.7054222482043203e-06
4.776,-0.01745963598079878,0.029200983993468998,-0.01687378866674205,-0.01680197922830263,-0.019333310349074415,-3.7562684502833563,BALANCE,1,-1.7032817216940824e-06
4.7780000000000005,-0.01740213597233834,0.02830008196713929,-0.01380582709097077,-0.015753325980236477,0.5243266240330755,-6.982625511159348,BALANCE,1,-1.6970091598865994e-06
4.78,-0.01735024417265593,0.023592672076709294,-0.019941750242513337,-0.017219274472033377,-0.73297424589845,-2.5735775064142263,BALANCE,1,-1.7124516789650748e-06
4.782,-0.017300909738444416,0.02574266945909174,-0.018407769454627694,-0.017635247715941386,-0.2079866219540042,-12.72338523026865,BALANCE,1,-1.6910758698077256e-06
4.784,-0.017245513120501234,0.029654967299716884,-0.01687378866674205,-0.017368737048721616,0.13325533360988503,-8.551969682890753,BALANCE,1,-1.6566939822541642e-06
4.7860000000000005,-0.017183504591328985,0.03235470229207074,-0.01687378866674205,-0.017195505115028764,0.0866159668464258,-5.809517145756197,BALANCE,1,-1.6262715921725394e-06
4.788,-0.017116778129002932,0.034372987224557984,-0.01687378866674205,-0.017082904358128412,0.05630037845017616,-6.175677264865306,BALANCE,1,-1.5984353637475437e-06
4.79,-0.017046364878924625,0.03604155785120801,-0.018407769454627694,-0.017546607141903158,-0.23185139188737316,-6.4148625074929075,BALANCE,1,-1.5717446142532808e-06
4.792,-0.016970579594208696,0.03974512066180632,-0.018407769454627694,-0.017848013951356743,-0.1507034047267923,-8.751408158648168,BALANCE,1,-1.526632055845094e-06
4.7940000000000005,-0.01688624956523017,0.04458645926518701,-0.01687378866674205,-0.0175070351017416,0.17048942480757215,-8.123878272721008,BALANCE,1,-1.4662778360985278e-06
4.796,-0.016793835420981677,0.047829384614017506,-0.015339807878856412,-0.01674850557373178,0.3792647640049086,-5.5373783124895315,BALANCE,1,-1.4159906786212393e-06
4.798,-0.016698031083130012,0.04797671522391531,-0.021475731030398976,-0.018403034483565298,-0.8272644549167582,-3.8250135283449973,BALANCE,1,-1.3955997344330023e-06
4.8,-0.016594857832746255,0.055198432669898885,-0.01380582709097077,-0.016794011896157212,0.8045112937040427,-13.580199621205054,BALANCE,1,-1.295905115790671e-06
4.8020000000000005,-0.01648425568083572,0.05540575338798293,-0.015339807878856412,-0.01628504049010193,0.2544857030276418,-0.43281107937339414,BALANCE,1,-1.271925529407387e-06
4.804,-0.016374942685543337,0.05390925234692752,-0.01687378866674205,-0.016491102351925968,-0.10303093091201983,-4.805734528519306,BALANCE,1,-1.2682339391663873e-06
4.806,-0.016267221950481102,0.05381346387618627,-0.01687378866674205,-0.016625042562111593,-0.06697010509281245,-7.681529532216426,BALANCE,1,-1.2486389313859974e-06
4.808,-0.016158754537962925,0.054655943538364164,-0.015339807878856412,-0.016175210422972278,0.22491606956965768,-7.404404346786327,BALANCE,1,-1.2181902754068033e-06
4.8100000000000005,-0.01605014625132454,0.05395434059185434,-0.01687378866674205,-0.016419712808291697,-0.12225119265970967,-5.045560063222801,BALANCE,1,-1.205729171923627e-06
4.812,-0.01594148239375653,0.054711515492529665,-0.018407769454627694,-0.017115532634509295,-0.34790991310879904,-7.840852246738564,BALANCE,1,-1.1764919109417873e-06
4.814,-0.015828187860479216,0.058585101468900586,-0.01687378866674205,-0.017030922245790756,0.042305194359269424,-9.691294306431237,BALANCE,1,-1.1084949658232585e-06
4.816,-0.015707566743329973,0.06203823411767674,-0.018407769454627694,-0.017512818768883682,-0.24094826154646282,-6.567903007812735,BALANCE,1,-1.0416765742942563e-06
4.8180000000000005,-0.015578102910732574,0.06742797955389201,-0.01687378866674205,-0.017289158233134108,0.11183026787478685,-8.866347010197945,BALANCE,1,-9.434061854164526e-07
4.82,-0.015439010870389175,0.0716666189502425,-0.015339807878856412,-0.016606885609136913,0.3411363119985977,-6.0341569743296,BALANCE,1,-8.551259606653726e-07
4.822,-0.015294308451615087,0.07303846117773655,-0.01687378866674205,-0.01670030167929871,-0.04670803508089773,-4.162093641021109,BALANCE,1,-8.077761852878461e-07
4.824,-0.015146232526195612,0.07504018764655285,-0.015339807878856412,-0.016224128849143902,0.2380864150774032,-7.273793442202639,BALANCE,1,-7.4962861686672e-07
4.8260000000000005,-0.014995908540466197,0.07528656284134293,-0.01380582709097077,-0.015377723233783303,0.4232028076802995,-4.970112296896772,BALANCE,1,-7.190090595692273e-07
4.828,-0.014848139355785618,0.07248533961795439,-0.01380582709097077,-0.014827559583798914,0.2750818249921943,-3.4414723637987232,BALANCE,1,-7.372064050248469e-07
4.83,-0.014707456893233842,0.06819971037980657,-0.01687378866674205,-0.01554373976282901,-0.3580900895150474,-4.596395918221261,BALANCE,1,-7.770454676548675e-07
4.832,-0.014571519082812434,0.06774060022606458,-0.01687378866674205,-0.01600925687919857,-0.23275855818478094,-9.707850792973566,BALANCE,1,-7.602765536772168e-07
4.8340000000000005,-0.014434153157073927,0.06962785196641329,-0.010737865515199488,-0.01416426990179889,0.9224934886998409,-8.73633142068945,BALANCE,1,-7.091720395564932e-07
4.836,-0.014300327180030463,0.06420058643350632,-0.01380582709097077,-0.014038814918009046,0.06272749189492176,0.6135513190511475,BALANCE,1,-7.64013073591565e-07
4.838,-0.014176819617975537,0.05930924720344565,-0.015339807878856412,-0.01449416245430562,-0.22767376814828744,-6.259857119344417,BALANCE,1,-8.07752242306129e-07
4.84,-0.014060275793168727,0.05723672110851797,-0.015339807878856412,-0.014790138352898396,-0.14798794929638762,-8.613286884358747,BALANCE,1,-8.141476422876095e-07
4.8420000000000005,-0.01394604971439672,0.05699145854224102,-0.01227184630308513,-0.013908736135463751,0.4407011087173224,-7.996516915129694,BALANCE,1,-7.983069955137125e-07
4.844,-0.013835488770066887,0.05357151926148002,-0.01227184630308513,-0.013335824694131231,0.28645572066625985,-3.2369020652010287,BALANCE,1,-8.205610734194384e-07
4.846,-0.013733315413640578,0.04860371637538397,-0.01380582709097077,-0.013500325533025067,-0.08225041944691802,-4.439157648068404,BALANCE,1,-8.581244824069646e-07
4.848,-0.013639455995468118,0.04525742809607176,-0.01380582709097077,-0.01360725107830606,-0.0534627726404965,-7.401376884414062,BALANCE,1,-8.76505242474891e-07
4.8500000000000005,-0.01355110430968958,0.04309588268245082,-0.01380582709097077,-0.013676752682738706,-0.03475080221632294,-7.180212692895211,BALANCE,1,-8.827367201819817e-07
4.852,-0.013466190883450909,0.04181910531963806,-0.015339807878856412,-0.0142588220013799,-0.29103465932059713,-7.037422376304329,BALANCE,1,-8.807984122074974e-07
4.854,-0.013380975163924986,0.043398181529466784,-0.01227184630308513,-0.013563380506976728,0.34772074720158636,-9.125469156657271,BALANCE,1,-8.529792661505574e-07
4.856,-0.01329527415104618,0.042304407601856234,-0.01380582709097077,-0.01364823681137464,-0.0424281521989563,-3.976412090917007,BALANCE,1,-8.495220544681796e-07
4.8580000000000005,-0.013210946733432491,0.04202456100176708,-0.01227184630308513,-0.01316650013347331,0.24086833895066526,-7.105424311747497,BALANCE,1,-8.388832909446809e-07
4.86,-0.013128765173283881,0.04015851067188913,-0.01380582709097077,-0.013390264568597418,-0.11188221756205409,-4.812781481903141,BALANCE,1,-8.425007561373381e-07
4.862,-0.013048851187380302,0.03975694505096439,-0.01227184630308513,-0.012998818175668114,0.19572319646465192,-7.650889853026062,BALANCE,1,-8.336109168590214e-07
4.864,-0.012970951920802744,0.03814375429241207,-0.01227184630308513,-0.012744378020264067,0.12722007770202357,-5.16915952087179,BALANCE,1,-8.350854413099736e-07
4.866,-0.012896792773377002,0.03601675711058339,-0.01380582709097077,-0.01311588519501141,-0.1857535873736717,-5.704466937252626,BALANCE,1,-8.40619980908231e-07
4.868,-0.012824803341368384,0.03597399896852555,-0.015339807878856412,-0.013894258134357159,-0.38918646967287407,-8.233169865382031,BALANCE,1,-8.300496150331598e-07
4.87,-0.012749415284899344,0.03941544407938797,-0.01380582709097077,-0.013863307269171921,0.015475432592618882,-9.910114151763267,BALANCE,1,-7.910272508411608e-07
4.872,-0.012667359864829442,0.04264148520109536,-0.015339807878856412,-0.01438008248256149,-0.2583876066947844,-6.673734543182043,BALANCE,1,-7.505151365563136e-07
4.874,-0.012576812459801716,0.04790758522736079,-0.01227184630308513,-0.01364219981974476,0.3689413314083645,-8.898521386781155,BALANCE,1,-6.861983259472921e-07
4.876,-0.012479023108310523,0.04988356486731022,-0.01380582709097077,-0.013699469364673861,-0.028634772464550262,-3.8383453621509096,BALANCE,1,-6.511653075372669e-07
4.878,-0.012376944320832261,0.052197100110614715,-0.01380582709097077,-0.013736694568877777,-0.018612602101958017,-7.025130259702909,BALANCE,1,-6.110401686121582e-07
4.88,-0.01227001928072673,0.05472990663248872,-0.01227184630308513,-0.013223997675850347,0.25634844651371486,-6.949933747968181,BALANCE,1,-5.666406840504138e-07
4.882,-0.012160064489865468,0.05522690659568613,-0.015339807878856412,-0.013964531246902468,-0.3702667855260602,-4.722128344996323,BALANCE,1,-5.450008993134006e-07
4.884,-0.012045817931225047,0.05902175334954686,-0.01380582709097077,-0.013908984792326372,0.02777322728804779,-9.78227512182703,BALANCE,1,-4.824779341252224e-07
4.886,-0.01192430651964781,0.06249189315645409,-0.010737865515199488,-0.012799093045331961,0.5549458734972054,-6.597404028998067,BALANCE,1,-4.2035646086354766e-07
4.888,-0.011800415371409247,0.0614015337872358,-0.009203884727313847,-0.01154077013402562,0.629161455653171,-2.3159891731142084,BALANCE,1,-4.174656716067602e-07
4.89,-0.0116833222073208,0.05569378397860133,-0.01227184630308513,-0.011796646793196445,-0.12793832958541296,-1.6490732952149072,BALANCE,1,-4.725715578144206e-07
4.892,-0.011575570382020409,0.052060023186815296,-0.015339807878856412,-0.01303675317317743,-0.6200531899904927,-7.723583506032468,BALANCE,1,-4.995859666819599e-07
4.894,-0.011469273800184138,0.05423851374690434,-0.01380582709097077,-0.013305929044405097,-0.13458793561383317,-11.737516122706602,BALANCE,1,-4.604671714662878e-07
4.896,-0.011357446593625956,0.05759074963455138,-0.009203884727313847,-0.011870213533423157,0.7178577554909699,-7.8726058257758655,BALANCE,1,-4.054556151975455e-07
4.898,-0.011244799073984398,0.055058841924829405,-0.010737865515199488,-0.01147389172704487,0.19816090318914345,-0.9692714089852092,BALANCE,1,-4.208929593636334e-07
4.9,-0.011138176961826812,0.05156523132884863,-0.009203884727313847,-0.01067938927713901,0.3972512249529299,-5.105361697362533,BALANCE,1,-4.465798473029113e-07
4.902,-0.011041012718742022,0.045600798897750844,-0.01227184630308513,-0.01123674923622015,-0.2786799795405697,-3.467104854113317,BALANCE,1,-4.957132586526839e-07
4.904,-0.010952474744630111,0.042938803692806955,-0.010737865515199488,-0.011062139933862916,0.08730465117861695,-8.910243437453428,BALANCE,1,-5.093924039622679e-07
4.906,-0.010869334277940132,0.040203192201082975,-0.01227184630308513,-0.011485537163090689,-0.21169861461388645,-5.974102261545272,BALANCE,1,-5.229745055268435e-07
4.908,-0.010789308257002223,0.03982430065646715,-0.009203884727313847,-0.010686958810568793,0.39928917626094823,-8.393829329071583,BALANCE,1,-5.160070850880139e-07
4.91,-0.010712930413816593,0.03655494735097561,-0.009203884727313847,-0.01016788288142956,0.2595379645696167,-3.4601496926837054,BALANCE,1,-5.329765382222523e-07
4.912,-0.010644506503763473,0.031870221228996826,-0.01227184630308513,-0.010904270079009007,-0.3681935987897237,-4.5490484070422905,BALANCE,1,-5.585674792422033e-07
4.914,-0.01058160977805509,0.03102766134272991,-0.01380582709097077,-0.011919815033195622,-0.5077724770933076,-9.617264999787581,BALANCE,1,-5.563623283764179e-07
4.916,-0.010515887996034728,0.034695329500154415,-0.009203884727313847,-0.010969239426136998,0.4752878035293121,-10.79721268647409,BALANCE,1,-5.224891443883186e-07
4.918,-0.010446840767009836,0.03435316951603604,-0.009203884727313847,-0.010351365281548893,0.30893707229405226,-2.877889752954842,BALANCE,1,-5.164898636203553e-07
4.92,-0.01038065559518393,0.03183321966146037,-0.010737865515199488,-0.010486640363326598,-0.06763754088885253,-4.173693427217945,BALANCE,1,-5.261668748510657e-07
4.922,-0.010318373919470328,0.030449601606368015,-0.010737865515199488,-0.010574569166482107,-0.04396440157775419,-7.19650416566051,BALANCE,1,-5.277710221017682e-07
4.924,-0.010258056015365486,0.029869411933004564,-0.01227184630308513,-0.011168616164293162,-0.29702349890552754,-7.01450969319435,BALANCE,1,-5.241988333721313e-07
4.926,-0.010196139131776921,0.03204861049915184,-0.01227184630308513,-0.011554746712870347,-0.19306527428859277,-9.076859014918059,BALANCE,1,-5.02351868634184e-07
4.928,-0.010128278060703714,0.035813708749591486,-0.009203884727313847,-0.01073194501792557,0.4114008474723884,-8.270672000239786,BALANCE,1,-4.6697960242043545e-07
4.93,-0.010056393844328913,0.036071829802322625,-0.009203884727313847,-0.010197123916211465,0.26741055085705273,-3.387721313458834,BALANCE,1,-4.5646018259958077e-07
4.932,-0.00998590926819408,0.0344140427680535,-0.007669903939428206,-0.009312596924337321,0.4422634959370718,-4.509593845061916,BALANCE,1,-4.606093874185565e-07
4.934,-0.00992184976301275,0.029646640674325563,-0.01227184630308513,-0.01034833420689905,-0.5178686412808646,-3.059561184294182,BALANCE,1,-4.856795301508522e-07
4.936,-0.009862273627029487,0.02993059110383729,-0.007669903939428206,-0.009410883613284253,0.46872529680739866,-10.804832185832757,BALANCE,1,-4.769375630437447e-07
4.938,-0.009805699144519796,0.026644931993786352,-0.010737865515199488,-0.009875327278954583,-0.23222183283516487,-2.8577158222324193,BALANCE,1,-4.902163255699341e-07
4.94,-0.00975314978113104,0.02590539794688235,-0.010737865515199488,-0.010177215661640298,-0.15094419134285744,-8.495134544768938,BALANCE,1,-4.883121222879531e-07
4.942,-0.009700503156578047,0.02674219494639736,-0.010737865515199488,-0.010373443110386012,-0.0981137243728572,-7.8650621589239496,BALANCE,1,-4.77584720560769e-07
4.944,-0.009645226335186252,0.02853564316335276,-0.010737865515199488,-0.010500990952070726,-0.06377392084235683,-7.456266758710768,BALANCE,1,-4.6071579072044566e-07
4.946,-0.009585797843406093,0.030893941697604194,-0.009203884727313847,-0.010047003773405816,0.22699358933245523,-7.191301399158261,BALANCE,1,-4.390393354343021e-07
4.948,-0.009523513132762923,0.031391914563404816,-0.010737865515199488,-0.010288805383033598,-0.12090080481389105,-4.839931487794551,BALANCE,1,-4.2872537503024125e-07
4.95,-0.009459043335920146,0.03307906808795603,-0.010737865515199488,-0.010445976429291657,-0.07858552312902961,-7.639652498619595,BALANCE,1,-4.099197930060082e-07
4.952,-0.009390494619072595,0.03547090959313142,-0.010737865515199488,-0.010548137609359395,-0.05108059003386921,-7.312649703202046,BALANCE,1,-3.8482539709603407e-07
4.954,-0.009316761941794158,0.03826312386946555,-0.009203884727313847,-0.010077649100643451,0.23524425435797208,-7.1008495367667,BALANCE,1,-3.547460795740597e-07
4.956,-0.009239413171474144,0.03908706914886808,-0.009203884727313847,-0.009771831569978087,0.152908765332682,-4.784037000929141,BALANCE,1,-3.3949992590115045e-07
4.958,-0.009161478552385891,0.038848983415141224,-0.010737865515199488,-0.010109943450805575,-0.16905594041374383,-5.426326227605536,BALANCE,1,-3.330383789500271e-07
4.96,-0.009082341238154656,0.040289786413306335,-0.009203884727313847,-0.009792822897583467,0.1585602766110538,-8.024352575116753,BALANCE,1,-3.1237799130407865e-07
4.962,-0.009001504109486148,0.040548829119529825,-0.010737865515199488,-0.010123587813749071,-0.1653824580828021,-5.386354170304561,BALANCE,1,-3.0154001247759336e-07
4.964,-0.00891855827672761,0.04239852928948878,-0.010737865515199488,-0.010338585009256714,-0.10749859775382141,-7.9997666603880955,BALANCE,1,-2.764255856162947e-07
4.966,-0.008830981233225574,0.04518012504710083,-0.010737865515199488,-0.010478333186336683,-0.06987408853998452,-7.55166332648856,BALANCE,1,-2.4129130268602387e-07
4.968,-0.00873732224107879,0.04848058980276051,-0.009203884727313847,-0.010032276225678689,0.22302848032899716,-7.261147810039931,BALANCE,1,-1.9863321387320545e-07
4.97,-0.008638978807669681,0.04986465247494041,-0.006135923151542565,-0.008668552649731043,0.6818617879738231,-4.893170296693733,BALANCE,1,-1.7405604038745579e-07
4.972,-0.008543277104916657,0.045838810561419266,-0.006135923151542565,-0.007782132325365073,0.4432101621829848,-1.1424141315082128,BALANCE,1,-2.0547467223556103e-07
4.974,-0.008458456747523085,0.03898310697356493,-0.006135923151542565,-0.007205959114527193,0.28808660541894016,-2.999998344838034,BALANCE,1,-2.590147661713455e-07
4.976,-0.008388591999748946,0.03088292585880493,-0.007669903939428206,-0.007368339803242545,-0.08119034435767614,-4.207857598123024,BALANCE,1,-3.124525410244611e-07
4.978,-0.008333040419234088,0.024669676445221247,-0.009203884727313847,-0.008010780526667498,-0.3212203617124765,-7.173289705619524,BALANCE,1,-3.438023206881227e-07
4.98,-0.00828631579590887,0.022055806308940572,-0.007669903939428206,-0.007891473721133744,0.05965340276687693,-9.133678443968757,BALANCE,1,-3.5225936247318847e-07
4.982,-0.008244747047898902,0.01951370629585222,-0.007669903939428206,-0.007813924297536804,0.03877471179847009,-6.0811082145461315,BALANCE,1,-3.5948657127504976e-07
4.984,-0.008208019545687246,0.017214471463420925,-0.009203884727313847,-0.008300410447958767,-0.2432430752109813,-6.245047561737078,BALANCE,1,-3.6493753253139785e-07
4.986,-0.008173356412486869,0.017449299312144565,-0.009203884727313847,-0.008616626445733043,-0.15810799888713814,-8.532039108927599,BALANCE,1,-3.607270549364688e-07
4.988,-0.00813674598220949,0.01916180435717122,-0.010737865515199488,-0.009359060120046296,-0.37121683715662673,-7.871654783492456,BALANCE,1,-3.5052479838696915e-07
4.99,-0.008093713675959915,0.023871293403194688,-0.009203884727313847,-0.009304748732589936,0.027155693728179997,-9.622943322131167,BALANCE,1,-3.247963773995488e-07
4.992,-0.00804185219132501,0.027991145142608354,-0.009203884727313847,-0.009269446330743303,0.01765120092331665,-6.434565341551851,BALANCE,1,-2.9707994845052336e-07
4.994,-0.007982157878405857,0.031704265761256116,-0.007669903939428206,-0.008709606493783016,0.2799199184801435,-6.5103370291461085,BALANCE,1,-2.678064663636606e-07
4.996,-0.007917514678887646,0.03294012277126658,-0.009203884727313847,-0.008882603875518804,-0.08649869086789409,-4.380338819772632,BALANCE,1,-2.5323513549522056e-07
4.998,-0.007849601033235735,0.034974772050046496,-0.007669903939428206,-0.008458158897887093,0.2122224888158556,-7.323844058236184,BALANCE,1,-2.3219293926740791e-07
5.0,-0.0077793381512010346,0.035289402366639015,-0.006135923151542565,-0.007645376386666506,0.40639125561029366,-4.910299553887862,BALANCE,1,-2.2337128096295227e-07
5.002,-0.00771153598224675,0.03251401371119932,-0.007669903939428206,-0.007653961030133098,-0.004292321733296179,-3.309711544136455,BALANCE,1,-2.3726181153630026e-07
5.0040000000000004,-0.007648674019655049,0.03034910513635972,-0.009203884727313847,-0.008196434324146358,-0.2712366470066299,-6.597226033699196,BALANCE,1,-2.4609508158256757e-07
5.006,-0.007587442315109268,0.030883725677759738,-0.009203884727313847,-0.008549041965254977,-0.17630382055430943,-8.766968320391491,BALANCE,1,-2.3711201374796136e-07
5.008,-0.007523538013022363,0.03302175183552554,-0.009203884727313847,-0.008778236931975578,-0.1145974833603007,-8.030371975632494,BALANCE,1,-2.168541773031339e-07
5.01,-0.007454445221916756,0.03607231013128216,-0.007669903939428206,-0.008390320384583996,0.193958273695791,-7.552228623470056,BALANCE,1,-1.8828026934481082e-07
5.0120000000000005,-0.007380949055456399,0.037425208185945635,-0.007669903939428206,-0.008138174628779467,0.1260728779022644,-5.0621856382547445,BALANCE,1,-1.7125619722211513e-07
5.014,-0.007305687264274352,0.037837967330532477,-0.007669903939428206,-0.007974279887506524,0.08194737063647178,-5.591767694180442,BALANCE,1,-1.614365492582276e-07
5.016,-0.0072300686928654335,0.03778199497637111,-0.0046019423636569235,-0.006793961754159162,0.5901590666736811,-5.936532923807907,BALANCE,1,-1.5541835359736986e-07
5.018,-0.007159102376081668,0.033185627137420376,-0.007669903939428206,-0.007100541519003325,-0.1532898824220816,-1.8013790598602224,BALANCE,1,-1.8420188887668613e-07
5.0200000000000005,-0.007095295387958537,0.030622534629012033,-0.007669903939428206,-0.007299818366152031,-0.0996384235743531,-7.768785546820775,BALANCE,1,-1.9629336979230298e-07
5.022,-0.007035267705455159,0.02940625200212542,-0.007669903939428206,-0.007429348316798689,-0.06476497532332919,-7.3529904505411,BALANCE,1,-1.9908870274301833e-07
5.024,-0.00697677449424985,0.029088035106287994,-0.006135923151542565,-0.006976649508959043,0.2263494039198232,-7.083260531235067,BALANCE,1,-1.9625000112851737e-07
5.026,-0.006920493539296084,0.027193955060624542,-0.009203884727313847,-0.007756181835383222,-0.3897661632120894,-4.728578898721261,BALANCE,1,-2.0301723776618798e-07
5.0280000000000005,-0.006864387614576522,0.02891300165059667,-0.0046019423636569235,-0.006652198020279015,0.5519919075521033,-9.70582661172909,BALANCE,1,-1.8817691151254064e-07
5.03,-0.006809312284029555,0.026163341935050464,-0.006135923151542565,-0.006471501816221255,0.09034810202888022,-2.1068534563133525,BALANCE,1,-1.9989802466344233e-07
5.032,-0.00675992212173822,0.023227728824369555,-0.006135923151542565,-0.006354049283583711,0.05872626631877199,-5.790456428618915,BALANCE,1,-2.114192640593549e-07
5.034,-0.0067163124281956,0.020382766862521245,-0.007669903939428206,-0.0068145984131292815,-0.23027456477278532,-6.037654772198245,BALANCE,1,-2.21194275462531e-07
5.0360000000000005,-0.0066759597089087585,0.019970694659442484,-0.0046019423636569235,-0.006040168795813954,0.3872148086576637,-8.378657288386064,BALANCE,1,-2.197871298195808e-07
5.038,-0.006639318655255061,0.01667103296032908,-0.007669903939428206,-0.00661057609607894,-0.2852036501324929,-3.393484557662714,BALANCE,1,-2.298120209352059e-07
5.04,-0.006606281252169199,0.016366977805323105,-0.006135923151542565,-0.006444447565491206,0.08306426529386705,-8.808378781219082,BALANCE,1,-2.283078317812954e-07
5.042,-0.006574270657596393,0.015644205560890235,-0.006135923151542565,-0.006336464020609179,0.053991772441013254,-5.853556635486036,BALANCE,1,-2.282923692936692e-07
5.0440000000000005,-0.006543809097335535,0.014817915001105393,-0.0015339807878856412,-0.004655594889155939,0.8404345657266202,-6.080924858420067,BALANCE,1,-2.286252171915076e-07
5.046,-0.006521450009980985,0.007541583624620428,-0.0030679615757712823,-0.004099923229471307,0.2778358298423161,0.3105385167741517,BALANCE,1,-2.442599145952186e-07
5.048,-0.006510699085604898,0.0032095385036515454,-0.009203884727313847,-0.005886309753716193,-0.8931932621224431,-4.157731055365098,BALANCE,1,-2.4840317706436874e-07
5.05,-0.006484202808658995,0.02328722579323765,-0.009203884727313847,-0.007047460994475369,-0.5805756203795882,-13.634324244488607,BALANCE,1,-1.8963054453185866e-07
5.0520000000000005,-0.006432981983780146,0.02793454122319513,-0.006135923151542565,-0.006728422749448885,0.15951912251324207,-11.204461677190213,BALANCE,1,-1.6034489526070762e-07
5.054,-0.006374166077104552,0.030882447293206956,-0.006135923151542565,-0.006521047890181671,0.1036874296336072,-5.265907123895872,BALANCE,1,-1.374166047138721e-07
5.056,-0.006310484897686906,0.032799903456822786,-0.006135923151542565,-0.006386254231657981,0.0673968292618449,-5.701422384954954,BALANCE,1,-1.1963721586277184e-07
5.058,-0.006243576432157983,0.034109792767194023,-0.0046019423636569235,-0.005761745077857609,0.31225457690018615,-5.984936819263963,BALANCE,1,-1.0534444248208725e-07
5.0600000000000005,-0.00617656860272814,0.032899269187635326,-0.006135923151542565,-0.005892707403647341,-0.06548116289486604,-3.9897566379447813,BALANCE,1,-1.0909824698023872e-07
5.062,-0.006111134023312998,0.03253651381447038,-0.007669903939428206,-0.006514726191170641,-0.31100939376165015,-7.020678837333313,BALANCE,1,-1.0689765953544934e-07
5.064,-0.006043686543693286,0.034912206415621184,-0.0030679615757712823,-0.005308358575780863,0.603183807694889,-9.023528756757218,BALANCE,1,-8.498028367083242e-08
5.066,-0.005976498413008801,0.03227716011273834,-0.0030679615757712823,-0.004524219625777507,0.3920694750016778,-1.6386627598966736,BALANCE,1,-9.911172084382033e-08
5.0680000000000005,-0.00591727888927622,0.026943452893341765,-0.006135923151542565,-0.005088315859795275,-0.28204811700888394,-3.2814339283673175,BALANCE,1,-1.2865828803426894e-07
5.07,-0.005865635823888674,0.02470056240634302,-0.006135923151542565,-0.005454978411906824,-0.18333127605577426,-8.709238101664837,BALANCE,1,-1.374320429417427e-07
5.072,-0.0058165650348275975,0.024371129251988588,-0.0046019423636569235,-0.005156415795019356,0.1492813084437339,-7.942594122849034,BALANCE,1,-1.3578224079197206e-07
5.074,-0.005769173917206209,0.02302086007209174,-0.007669903939428206,-0.006036136645562451,-0.4398604252715474,-5.264810972998724,BALANCE,1,-1.3937629233599858e-07
5.0760000000000005,-0.005720596931525181,0.025557019121841305,-0.0046019423636569235,-0.005534168646895514,0.2509839993334686,-10.031935321082674,BALANCE,1,-1.22949643272134e-07
5.078,-0.005669143908097474,0.025896950721748063,-0.0046019423636569235,-0.005207889447762005,0.1631395995667544,-4.476168678051908,BALANCE,1,-1.1763456191135641e-07
5.08,-0.005618224406496468,0.025023487482743155,-0.006135923151542565,-0.005532701244085198,-0.16240589816159676,-5.160388702127165,BALANCE,1,-1.1899584532813733e-07
5.082,-0.005567476083850833,0.025725768616946865,-0.006135923151542565,-0.005743828911695274,-0.10556383380503796,-7.785347931982182,BALANCE,1,-1.1185301610611831e-07
5.0840000000000005,-0.005514399888401383,0.02735140310464445,-0.006135923151542565,-0.005881061895641824,-0.0686164919732747,-7.3444278429686545,BALANCE,1,-9.918734859513439e-08
5.086,-0.005457558039359786,0.029491491473764998,-0.0046019423636569235,-0.005433370059447106,0.22384591809735885,-7.05825929973047,BALANCE,1,-8.254059284663282e-08
5.088,-0.005398354185924025,0.029713450946714105,-0.006135923151542565,-0.005679263641680514,-0.12294679111670391,-4.692785183005608,BALANCE,1,-7.735589245419262e-08
5.09,-0.005337576648741528,0.03106520416614977,-0.0046019423636569235,-0.005302201194372255,0.18853122365412953,-7.483016324380451,BALANCE,1,-6.475178312086717e-08
5.0920000000000005,-0.005275629105629892,0.030883478398145585,-0.0046019423636569235,-0.005057110603621886,0.12254529537518433,-4.969628899614161,BALANCE,1,-6.208279816541865e-08
5.094,-0.005214858531990413,0.029888213045930707,-0.0046019423636569235,-0.004897801719634147,0.07965444199386963,-5.4838223125214265,BALANCE,1,-6.478203642159376e-08
5.096,-0.0051564480121097005,0.028523381229522443,-0.006135923151542565,-0.0053311442208020905,-0.21667125058397185,-5.818370166876607,BALANCE,1,-6.972003265632484e-08
5.098,-0.005098688782837769,0.029236910456325507,-0.0046019423636569235,-0.00507592357080128,0.12761032500040528,-8.216042486413574,BALANCE,1,-6.183747729835998e-08
5.1000000000000005,-0.005040469727998042,0.02898321525625079,-0.0046019423636569235,-0.004910030148300753,0.08294671125026352,-5.447491827452669,BALANCE,1,-5.993851656278212e-08
5.102,-0.00498324676282653,0.028240802466820824,-0.006135923151542565,-0.005339092699435385,-0.21453127556731594,-5.795829138133432,BALANCE,1,-6.109400879208699e-08
5.104,-0.004925524498779507,0.029482523314755614,-0.0030679615757712823,-0.004544196806152947,0.39744794664121896,-8.202464604282033,BALANCE,1,-5.008201794613691e-08
5.106,-0.004868541783995835,0.027501239602779216,-0.0030679615757712823,-0.004027514475519362,0.2583411653167924,-3.2598459123780383,BALANCE,1,-5.88398721794722e-08
5.1080000000000005,-0.004817230135779498,0.023811352435976516,-0.0030679615757712823,-0.0036916709606075316,0.16792175745591517,-4.342504726030539,BALANCE,1,-7.611060192981077e-08
5.11,-0.004774070213240254,0.01934936398458661,-0.006135923151542565,-0.004547159227434791,-0.4277441334136296,-5.0464477122149685,BALANCE,1,-9.421618994787685e-08
5.112,-0.004735656399858571,0.01906515597637827,-0.006135923151542565,-0.0051032266008725095,-0.2780336867188593,-9.864013567026449,BALANCE,1,-9.32305698051049e-08
5.114,-0.004695377967362748,0.021214017394799934,-0.007669903939428206,-0.006001563669367001,-0.4491685342472456,-8.700714681194723,BALANCE,1,-8.176221403562975e-08
5.1160000000000005,-0.00464729884742004,0.026865986906014685,-0.0030679615757712823,-0.004974802936608497,0.5133803663792519,-10.124893998265357,BALANCE,1,-5.013198834188198e-08
5.118,-0.0045926341548457395,0.027799711164108093,-0.0046019423636569235,-0.004844301736075444,0.06525060026652636,-2.363892109875189,BALANCE,1,-4.171443809285809e-08
5.12,-0.004536597116883019,0.028238357537804813,-0.006135923151542565,-0.0052963692314889335,-0.22603374770674464,-5.9420690270922245,BALANCE,1,-3.608135543239135e-08
5.122,-0.0044777520892170615,0.0306077525161924,-0.0030679615757712823,-0.004516426551987753,0.3899713397505903,-8.3005271344495,BALANCE,1,-1.8086640540968576e-08
5.124,-0.004417468451967043,0.02967699358603807,-0.0046019423636569235,-0.00454635708607196,-0.014965267042103738,-3.3265931593311473,BALANCE,1,-2.0915491406733396e-08
5.126,-0.004358662324142319,0.029130215913752394,-0.0030679615757712823,-0.004028918657466721,0.2587192143026196,-6.568791117134966,BALANCE,1,-2.130760387729149e-08
5.128,-0.004302835999122223,0.026697135972715284,-0.006135923151542565,-0.004766370230393264,-0.36872578646327153,-4.349074744392358,BALANCE,1,-3.295028897093919e-08
5.13,-0.004248443948083476,0.027695915548403578,-0.006135923151542565,-0.005245713752795517,-0.23967176120112632,-9.413835118941158,BALANCE,1,-2.4417746564812547e-08
5.132,-0.004190083952106329,0.030665153896100358,-0.006135923151542565,-0.005557287042356981,-0.15578664478073204,-8.41121267093869,BALANCE,1,-3.0350169226770845e-09
5.134,-0.004124728293073643,0.03469170728123894,-0.0046019423636569235,-0.0052229164048119585,0.16718531877251125,-7.759937594357696,BALANCE,1,2.8234252514932294e-08
5.136,-0.004053004019951022,0.03703388513138456,-0.0046019423636569235,-0.005005575490407694,0.10867045720213243,-5.157144230960011,BALANCE,1,4.960599856209016e-08
5.138,-0.003977597256566096,0.0383742652801212,-0.006135923151542565,-0.005401197171804896,-0.19781084069860108,-5.613223783756867,BALANCE,1,6.39517208964385e-08
5.14,-0.0038978997948841414,0.04132466235062272,-0.0030679615757712823,-0.004584564713193129,0.40831622930588346,-8.089891707280929,BALANCE,1,9.272807266036149e-08
5.142,-0.0038158019016369337,0.04077474100162675,-0.0046019423636569235,-0.004590646890855455,-0.0030410888311629795,-3.1927941126709856,BALANCE,1,9.163973203898702e-08
5.144,-0.0037345437824547897,0.04048487283908561,-0.0030679615757712823,-0.004057707030575992,0.26646993013973136,-6.484935717805268,BALANCE,1,9.273845473685429e-08
5.146,-0.0036558261887506393,0.03823416879507547,-0.006135923151542565,-0.00478508267291429,-0.36368782116914883,-4.29768271582746,BALANCE,1,7.726415840657028e-08
5.148,-0.0035782224310633355,0.03937101633249667,-0.0015339807878856412,-0.0036471970131542603,0.5689428298800148,-9.383544281373382,BALANCE,1,8.997918373577299e-08
5.15,-0.003502936855581597,0.03591594395242694,-0.0046019423636569235,-0.00398135788583019,-0.1670804363379649,-1.8549553727971029,BALANCE,1,6.537072196068488e-08
5.152,-0.0034326308881436223,0.0343913166929799,-0.0046019423636569235,-0.004198562453069544,-0.10860228361967697,-7.7639874264786615,BALANCE,1,5.680694687673948e-08
5.154,-0.0033641544660438756,0.034086364961057755,-0.0030679615757712823,-0.00380285214601515,0.19785515352719707,-7.3100341912573334,BALANCE,1,5.7318946353422156e-08
5.156,-0.0032977047674866877,0.03236455587214043,-0.0015339807878856412,-0.0030087471706698194,0.3970524876726652,-4.83539264608828,BALANCE,1,4.772019546619096e-08
5.158,-0.003237566337689186,0.0277749801141523,-0.0,-0.00195568566093538,0.5265307548672196,-3.194769423837949,BALANCE,1,2.059191726223205e-08
5.16,-0.0031901895692142616,0.019602659814266364,-0.0030679615757712823,-0.0023449822311279434,-0.1946482850962816,-2.096150732829635,BALANCE,1,-1.891540384743885e-08
5.162,-0.0031564349274225737,0.014152602863846675,-0.0030679615757712823,-0.0025980250017531097,-0.12652138531258314,-7.889409843195423,BALANCE,1,-3.727772416471139e-08
5.164,-0.0031314936052731193,0.010789178058499401,-0.0030679615757712823,-0.0027625028026594676,-0.08223890045317891,-7.360096816163697,BALANCE,1,-4.530287454115015e-08
5.166,-0.0031111539042689962,0.009550897074896543,-0.0046019423636569235,-0.0034063066490085748,-0.3219019231745536,-7.016258105903377,BALANCE,1,-4.7242093586547804e-08
5.168,-0.003089506594830158,0.012096810542827964,-0.0030679615757712823,-0.00328788587337552,0.05921038781652745,-8.972871779785123,BALANCE,1,-4.057329079527388e-08
5.17,-0.0030644892191741026,0.012921025282309224,-0.0046019423636569235,-0.0037478056449740085,-0.22995988579924434,-5.917525622493166,BALANCE,1,-3.7467628322128194e-08
5.172,-0.0030360741925087383,0.015494524047393297,-0.006135923151542565,-0.004583646772273001,-0.4179205636494962,-8.259232558844245,BALANCE,1,-2.864705152120486e-08
5.174,-0.00299960292927001,0.020977410040208606,-0.006135923151542565,-0.005126943505017346,-0.2716483663721724,-9.813985178638653,BALANCE,1,-6.0210868563140385e-09
5.176,-0.002950653836594847,0.027972583000171868,-0.0015339807878856412,-0.003869406554021247,0.6287684754980494,-8.677430793085726,BALANCE,1,3.221738958733858e-08
5.178,-0.0028935537108048066,0.02912859308936063,-0.0046019423636569235,-0.0041257940873937315,-0.12819376668624224,-1.3994177223749915,BALANCE,1,4.122259147737792e-08
5.18,-0.002833111736363216,0.031314493121211234,-0.0046019423636569235,-0.004292445984085846,-0.08332594834605747,-7.471324070669152,BALANCE,1,5.735298693047881e-08
5.182,-0.00276775240991411,0.034046035546557725,-0.0015339807878856412,-0.003326983165415772,0.4827314093350371,-7.123239126946017,BALANCE,1,7.855140394259304e-08
5.184,-0.002701041391261096,0.032666210191173724,-0.0030679615757712823,-0.0032363256090401984,0.045328778187786856,-2.53751789301014,BALANCE,1,7.087998380822145e-08
5.186,-0.002637157270347362,0.03121908580951798,-0.0030679615757712823,-0.0031773981973960753,0.029463705822061575,-6.031946753927415,BALANCE,1,6.302593114068345e-08
5.188,-0.0025761008989513786,0.02983840865987393,-0.0030679615757712823,-0.0031390953798273954,0.01915140878433995,-6.155967167794049,BALANCE,1,5.59073849558663e-08
5.19,-0.002517666663080019,0.028596902053337238,-0.0015339807878856412,-0.002577305272647779,0.2808950535898081,-6.236795194117668,BALANCE,1,4.992091881339656e-08
5.192,-0.0024637211852074478,0.0253495680962397,-0.0,-0.001675248427221054,0.4510284227133626,-4.109654090297674,BALANCE,1,3.281652100274847e-08
5.194,-0.002419420811866229,0.0189516201118608,-0.0030679615757712823,-0.0021626980292136313,-0.24372480099628868,-2.6947987762690784,BALANCE,1,3.856561001325039e-09
5.196,-0.0023850173255997795,0.015452498975896789,-0.0046019423636569235,-0.003016433546268781,-0.42686775852757475,-8.282504081671686,BALANCE,1,-8.011525627785189e-09
5.198,-0.0023534756170098155,0.016089789792982315,-0.0030679615757712823,-0.0030344683565946538,-0.009017405162936457,-9.799475159654538,BALANCE,1,-4.987632090233583e-09
5.2,-0.0023205851984101082,0.01680123379385693,0.0015339807878856412,-0.0014355111560265484,0.7994786002840526,-6.458361315028304,BALANCE,1,-1.5867544889698136e-09
5.202,-0.002292770213788542,0.01101426246154865,-0.0015339807878856412,-0.0014699755271772284,-0.01723218557533998,0.1052570583504906,BALANCE,1,-1.8001325698929234e-08
5.204,-0.0022745749150778743,0.007181370936771889,-0.0,-0.0009554840926651961,0.25724571725601614,-6.430791085899126,BALANCE,1,-2.495130958138371e-08
5.206,-0.002261573362787904,0.005820420505205495,-0.0015339807878856412,-0.0011579579359923494,-0.10123692166357666,-4.20428947399609,BALANCE,1,-2.6491616097898212e-08
5.208,-0.00224633215472232,0.009421067905357714,-0.0030679615757712823,-0.0018264592099149733,-0.33425063696131196,-7.0845306075396595,BALANCE,1,-2.023342929340628e-08
5.21,-0.0022267629940349557,0.010148452737485006,-0.0030679615757712823,-0.0022609850379646792,-0.21726291402485295,-8.989115698198882,BALANCE,1,-1.8199845976354703e-08
5.212,-0.002204280120163121,0.012334834683823456,-0.0,-0.001469640274677039,0.39567238164382007,-8.079737661397786,BALANCE,1,-1.2370048866788326e-08
5.214,-0.0021815758592180073,0.01036984388579756,-0.0015339807878856412,-0.0014921594543000473,-0.011259589811504116,-3.1290685383060786,BALANCE,1,-1.6542813815487092e-08
5.216,-0.0021615559912705005,0.009650392308547636,-0.0015339807878856412,-0.0015067969210550028,-0.007318733377477751,-6.386173892616912,BALANCE,1,-1.756741582665195e-08
5.218,-0.0021421325846996877,0.009773371537211153,-0.0015339807878856412,-0.0015163112744457237,-0.004757176695360473,-6.355826648534209,BALANCE,1,-1.682059522367658e-08
5.22,-0.002122256185458562,0.010103393311103727,-0.0030679615757712823,-0.002059388879909667,-0.27153880273197156,-6.336208318535604,BALANCE,1,-1.5621985870285204e-08
5.222,-0.002099517805853884,0.012635404542692743,-0.006135923151542565,-0.003486175874981179,-0.713393497535756,-8.503457860932311,BALANCE,1,-8.915630304257063e-09
5.224,-0.0020670156664067936,0.019867332745431263,-0.0015339807878856412,-0.0028029075944977382,0.3416341402417203,-12.124599874241873,BALANCE,1,1.695425460303496e-08
5.226,-0.002024129603854039,0.023019518653563574,-0.0030679615757712823,-0.0028956764879434762,-0.04638444672286899,-3.643943256711957,BALANCE,1,3.240695262026622e-08
5.228,-0.001974900244068268,0.026210746657431325,-0.0030679615757712823,-0.002955976268683206,-0.03014989036986479,-6.754237221333004,BALANCE,1,5.032359358492723e-08
5.23,-0.0019193652290054309,0.029325289917335698,-0.0015339807878856412,-0.002458277850404056,0.248849209139575,-6.628569952607091,BALANCE,1,7.004661486288413e-08
5.232,-0.001859923675059077,0.030117357399725084,0.0015339807878856412,-0.0010609873270026593,0.6986452617006982,-4.367206907004904,BALANCE,1,7.639102789331004e-08
5.234,-0.0018045902213511334,0.025217114118262284,-0.0015339807878856412,-0.0012265350383117006,-0.08277385565452061,-0.6852132525772356,BALANCE,1,4.866161297039774e-08
5.236,-0.001757724814343601,0.02164915493675425,-0.0,-0.000797247774902603,0.21464363170454878,-6.946744361105191,BALANCE,1,3.1807803225454855e-08
5.238,-0.0017192362102885733,0.016840157083241394,-0.0015339807878856412,-0.0010551043294466638,-0.1289282772720304,-4.541806675983071,BALANCE,1,1.285201853889158e-08
5.24,-0.0016885927123226493,0.01380390454312807,-0.0046019423636569235,-0.002296497641420252,-0.6206966559867941,-7.3060643619342365,BALANCE,1,3.542081870024375e-09
5.242,-0.0016582963454666855,0.016493019584284518,-0.0015339807878856412,-0.002029616742683136,0.13344044936855806,-11.315154289899045,BALANCE,1,1.2829251158537627e-08
5.244,-0.001624181345696181,0.017622607698930388,-0.0015339807878856412,-0.0018561441585040104,0.08673629208956284,-5.266450516480538,BALANCE,1,1.7598946724759404e-08
5.246,-0.0015886277285432513,0.017931663429321495,0.0,-0.0012064937030276043,0.324825227738203,-5.630046648493453,BALANCE,1,1.9443366593104307e-08
5.248,-0.0015550792062820973,0.01561747592711869,-0.0,-0.0007842209069679404,0.21113639802983197,-3.686597434716352,BALANCE,1,1.1782650236516287e-08
5.25,-0.0015274303131408062,0.012031925792177803,-0.0015339807878856412,-0.0010466368652891332,-0.1312079791605964,-4.570928548801135,BALANCE,1,1.7095481922905576e-09
5.252,-0.0015048199211466782,0.010578882100003574,0.0,-0.0006803139624379341,0.18316145142559953,-7.325637851196891,BALANCE,1,-1.3913847682272773e-09
5.2540000000000004,-0.0014857151813327842,0.008526209129158597,0.0015339807878856412,9.468920017531959e-05,0.3875015813066269,-4.788839095128739,BALANCE,1,-5.2381915309304455e-09
5.256,-0.001471771004330627,0.0054182243652449984,0.0,6.154798011396016e-05,-0.016570610030679712,-3.1075989284836902,BALANCE,1,-9.618290610792908e-09
5.258,-0.0014565232640882993,0.00982979634207819,0.0,4.0006187074076536e-05,-0.010770896519941814,-6.342152622789801,BALANCE,1,-2.1802558761641215e-09
5.26,-0.0014395575246555162,0.00713625516151054,-0.0030679615757712823,-0.0010477825299217967,-0.5438943584979365,-6.297039421048876,BALANCE,1,-6.765586587927051e-09
5.2620000000000005,-0.0014197193280070456,0.012702306388362842,-0.0015339807878856412,-0.00121795192020914,-0.0850846951436716,-10.627503996398572,BALANCE,1,5.346678918823906e-09
5.264,-0.0013926378287645676,0.014379690991977612,-0.0015339807878856412,-0.001328562023895913,-0.05530505184338653,-6.967480443365734,BALANCE,1,1.064051200833096e-08
5.266,-0.0013621618653496658,0.016096832998794133,-0.0015339807878856412,-0.0014004585912923153,-0.03594828369820116,-6.7361456155894395,BALANCE,1,1.6716807430846897e-08
5.268,-0.0013282694938701834,0.017796161898249795,-0.0015339807878856412,-0.001447191360099977,-0.023366384403830848,-6.5858853561899995,BALANCE,1,2.339702630618075e-08
5.2700000000000005,-0.0012910368016330587,0.019437215198607784,-0.0,-0.0009406743840649827,0.2532584880174971,-6.488323566235516,BALANCE,1,3.04885933894689e-08
5.272,-0.0012527875388825252,0.01881275111209767,-0.0,-0.0006114383496422363,0.16461801721137317,-4.245121703179605,BALANCE,1,2.8513486306625578e-08
5.274,-0.001217017659384457,0.016957786341048036,-0.0015339807878856412,-0.0009343282030274256,-0.16144492669259464,-4.93461359523316,BALANCE,1,2.1955820098140748e-08
5.276,-0.0011833498171323078,0.01671067520008742,-0.0,-0.0006073133319678243,0.16350743552980065,-7.562677403308619,BALANCE,1,2.1544047340028482e-08
5.2780000000000005,-0.0011514387145364405,0.015201014372041993,-0.0015339807878856412,-0.0009316469415390577,-0.1621668047856167,-4.943559075932275,BALANCE,1,1.6843832696302542e-08
5.28,-0.0011209283776271548,0.015309883746640626,-0.0046019423636569235,-0.002216250339280308,-0.6423016988706253,-7.568599344418195,BALANCE,1,1.760622794539535e-08
5.282,-0.001084971639368111,0.020647515899809427,-0.0,-0.001440562720532198,0.3878438093740551,-11.487197951030595,BALANCE,1,3.8545340599771425e-08
5.284,-0.001042267450277406,0.02205745869412456,0.0,-0.0009363657683459263,0.25209847609313585,-3.199780740492372,BALANCE,1,4.550260422666584e-08
5.2860000000000005,-0.0009989441811872818,0.0212666072881592,-0.0030679615757712823,-0.0016824243009447985,-0.3730292662994361,-4.255678862762219,BALANCE,1,4.236840548411405e-08
5.288,-0.0009540488260133494,0.02362957369291029,-0.0,-0.0010935757956141165,0.29442425266534095,-9.301800798718915,BALANCE,1,5.420056291966411e-08
5.29,-0.0009070843782666235,0.02333573792184174,-0.0015339807878856412,-0.0012477175429091477,-0.0770708736475156,-3.927060451839981,BALANCE,1,5.3243031549740955e-08
5.292,-0.0008600167906475695,0.023732715461970928,-0.0015339807878856412,-0.001347909678650918,-0.05009606787088514,-6.908519510689117,BALANCE,1,5.5725668220623064e-08
5.2940000000000005,-0.0008117673882489684,0.024517574439559743,-0.0015339807878856412,-0.0014130345668830688,-0.03256244411607538,-6.699002174556309,BALANCE,1,6.0239879963797e-08
5.296,-0.0007617482399988867,0.025502493866203006,-0.0030679615757712823,-0.001992259019993941,-0.28961222655543617,-6.562923284725137,BALANCE,1,6.595815485719582e-08
5.298,-0.0007074934385284892,0.02875330556933722,0.0015339807878856412,-0.0007580750872360849,0.617091966378928,-8.654473463230675,BALANCE,1,8.524072267380773e-08
5.3,-0.0006521008965011117,0.02664025535454685,0.0015339807878856412,4.414446905652168e-05,0.4011097781463033,-1.326940498807736,BALANCE,1,7.319873870765661e-08
5.3020000000000005,-0.0006038989285455472,0.02156259923553606,0.0015339807878856412,0.0005655871806467159,0.2607213557950971,-3.0066560023973663,BALANCE,1,4.74476181605519e-08
5.304,-0.0005673161385213606,0.015020863700033554,-0.0015339807878856412,-0.00016926160833960653,-0.3674243944931612,-4.098363701075476,BALANCE,1,2.2172415342863712e-08
5.306,-0.0005398162608697325,0.012479519788415891,0.0030679615757712823,0.0009637665060992068,0.5665140572194066,-9.167654483042389,BALANCE,1,1.4896907759866717e-08
5.308,-0.0005212542185582025,0.006082863959240783,-0.0,0.0006264482289644868,-0.16865913856735998,-1.6279724291742985,BALANCE,1,2.347537041336309e-09
5.3100000000000005,-0.000506343231197277,0.008828397673809801,-0.0030679615757712823,-0.00066659520269303,-0.6465217158287584,-7.529471802450722,BALANCE,1,6.8045915265384125e-09
5.312,-0.0004850228375797998,0.01249238811034384,-0.0015339807878856412,-0.0009701801575104415,-0.15179247740870574,-11.430088345481899,BALANCE,1,1.5261709758962287e-08
5.314,-0.0004573083106021362,0.015222648648873622,-0.0,-0.0006306171023817846,0.16978152756432846,-7.490663571442023,BALANCE,1,2.3486818998789483e-08
5.316,-0.00042618694394609913,0.015899290455817693,-0.0015339807878856412,-0.0009467943923081319,-0.15808864496317365,-4.897823871770507,BALANCE,1,2.5894887854890285e-08
5.3180000000000005,-0.00039253774376864524,0.017750528666692793,-0.0,-0.0006154163550002833,0.16568901865392427,-7.539945248264567,BALANCE,1,3.270171910147243e-08
5.32,-0.0003568185501391943,0.01796932198456755,0.0015339807878856412,0.00013687264500979255,0.3761445000050379,-4.929964340360312,BALANCE,1,3.36928943715999e-08
5.322,-0.0003237378085472216,0.015112028099387033,-0.0,8.896721925636758e-05,-0.023952712876712485,-3.201155775021797,BALANCE,1,2.3742939512833633e-08
5.324,-0.0002956770842573647,0.012949212343350464,0.0015339807878856412,0.0005947219682766157,0.25287737451012404,-6.404790010177154,BALANCE,1,1.7371507517879435e-08
5.3260000000000005,-0.00027341283889576335,0.009315442551189466,0.0,0.0003865692793798026,-0.10407634444840652,-4.159685081747592,BALANCE,1,8.816258000253892e-09
5.328,-0.0002554056759203036,0.008692051650027312,-0.0030679615757712823,-0.0008225165199230747,-0.6045428996514386,-7.027726680893769,BALANCE,1,7.674898702769258e-09
5.33,-0.00023281023677043615,0.013903803118805281,0.0,-0.0005346357379499961,0.14394039098653927,-11.104168773780184,BALANCE,1,2.0301320957490822e-08
5.332,-0.00020371535394742804,0.015191614877163955,-0.0,-0.00034751322966749507,0.09356125414125054,-5.099136528905565,BALANCE,1,2.4372815330325237e-08
5.3340000000000005,-0.0001730720648250913,0.015452237900353992,0.0015339807878856412,0.000311009676476105,0.32926145307180005,-5.491011775816858,BALANCE,1,2.5292667765577574e-08
5.336,-0.00014461866185897044,0.013001688441826625,-0.0,0.0002021562897094707,-0.05442669338331715,-3.5658366080685506,BALANCE,1,1.790824649778523e-08
5.338,-0.00012000083027633778,0.011616595964308531,0.0030679615757712823,0.001205188139831107,0.5015159250608182,-6.6418325516575445,BALANCE,1,1.4309405952302461e-08
5.34,-0.00010163865205741948,0.006745920013432063,-0.0,0.000783372290890222,-0.2109079244704425,-2.1338686554691977,BALANCE,1,4.793321768524579e-09
5.3420000000000005,-8.561879580011282e-05,0.009274230912813913,0.0015339807878856412,0.001046085264838621,0.13135648697419952,-7.858411728197558,BALANCE,1,9.131397179622055e-09
5.344,-6.890873583740846e-05,0.007436136417452683,-0.0015339807878856412,0.00014306214638513178,-0.45151155922674463,-5.104324441150551,BALANCE,1,5.870304149899968e-09
5.346,-4.9443848934705066e-05,0.012029108520991674,-0.0015339807878856412,-0.00044390288060963624,-0.293482513497384,-9.821421585436035,BALANCE,1,1.5420218722837375e-08
5.348,-2.2253621237427645e-05,0.015161619313616401,0.0,-0.0002885368723962612,0.07768300410668753,-8.592495901796958,BALANCE,1,2.451705313616514e-08
5.3500000000000005,9.71182874589021e-06,0.01680441864390109,0.0,-0.00018754896705756733,0.05049395266934693,-5.613907507846063,BALANCE,1,3.012088333680812e-08
5.352,4.42468557307489e-05,0.017731243580667883,-0.0,-0.00012190682858741634,0.032821069235075495,-5.8253981548178775,BALANCE,1,3.352415636692926e-08
5.354,8.020892349019541e-05,0.018231485667890616,-0.0,-7.923943858181819e-05,0.021333695002799073,-5.962867075349558,BALANCE,1,3.541675335143548e-08
5.356,0.00011690791568651636,0.018468181572771844,-0.0030679615757712823,-0.0011252921865981282,-0.523026374008155,-6.0522218736951485,BALANCE,1,3.6300751257395616e-08
5.3580000000000005,0.0001582769204374903,0.022901584120323462,-0.0015339807878856412,-0.0012683331970487553,-0.07152050522531356,-10.470090649101081,BALANCE,1,5.579735226983034e-08
5.36,0.0002085043311391249,0.027326750465731405,0.0,-0.0008244165780816885,0.22195830948353337,-6.866879826104796,BALANCE,1,7.939758274865343e-08
5.362,0.0002652355837314415,0.029405545644821774,-0.0,-0.0005358707757530951,0.1442729011642967,-4.492579194611613,BALANCE,1,9.181910596766486e-08
5.364,0.00032470271892089494,0.030062683387878156,0.0,-0.00034831600423950945,0.09377738575679284,-5.096856887180942,BALANCE,1,9.578102090048038e-08
5.3660000000000005,0.000384646582720468,0.02988228302447451,-0.0015339807878856412,-0.0007632986785156531,-0.20749133713807183,-5.489637387351005,BALANCE,1,9.437723815710227e-08
5.368,0.0004459401492527662,0.0314124109459693,-0.0015339807878856412,-0.0010330374167951465,-0.13486936913974668,-7.924838790702195,BALANCE,1,1.0408171454378107e-07
5.37,0.0005112124969584445,0.03386113738324508,-0.0015339807878856412,-0.0012083675966768172,-0.08766508994083538,-7.360253978495722,BALANCE,1,1.2076326994293836e-07
5.372,0.0005818128268246447,0.036740491109518006,0.0015339807878856412,-0.0002485456620799543,0.47991096729843147,-6.993381229216667,BALANCE,1,1.4199301270912998e-07
5.3740000000000006,0.0006539483832459046,0.035396392180196246,-0.0015339807878856412,-0.0006984479561119423,-0.22495114701599397,-2.395233164359137,BALANCE,1,1.3112601622333057e-07
5.376,0.0007254029130019722,0.03605945191604349,0.0015339807878856412,8.290210428721432e-05,0.3906750301995783,-8.061263906107682,BALANCE,1,1.3559969942002094e-07
5.378,0.0007949520221178348,0.033490936493645346,0.0,5.388636778669174e-05,-0.014507868250261291,-3.089356904338298,BALANCE,1,1.1592225161466224e-07
5.38,0.0008598076948678753,0.03136592921839948,0.0030679615757712823,0.0011088126905813007,0.5274631613973045,-6.332550258853488,BALANCE,1,1.0058962301106601e-07
5.382,0.0009163990501776217,0.025226467041480308,0.0015339807878856412,0.0012576215246378223,0.0744044170282608,-1.933264679767169,BALANCE,1,6.293697430888069e-08
5.384,0.0009608512924992367,0.019226592942307136,0.0015339807878856412,0.0013543472667745613,0.048362871068369485,-5.548554580371199,BALANCE,1,3.39964381187445e-08
5.386,0.000993662590306628,0.01358530840252414,-0.0,0.0008803257234034673,-0.23701077168554702,-5.750812534068771,BALANCE,1,1.3874832535036758e-08
5.388,0.0010181438248141278,0.010896376416558011,0.0015339807878856412,0.0011091049959722305,0.11438963628438163,-8.062066903557687,BALANCE,1,6.563115787744036e-09
5.39,0.0010374414660767415,0.008401619810074696,-0.0,0.0007209182473819522,-0.19409337429513915,-5.236915062444938,BALANCE,1,1.1942912416819884e-09
5.392,0.001055695933210086,0.009853183096385065,0.0,0.0004685968607982714,-0.1261606932918404,-7.727926168347045,BALANCE,1,3.795845987666863e-09
5.394,0.0010766872322329451,0.011138502041193713,0.0015339807878856412,0.0008414812352788533,0.18644218724029094,-7.199510284143516,BALANCE,1,6.410354355419759e-09
5.396,0.0010980501291322305,0.010224787809490729,0.0015339807878856412,0.0010838560786912315,0.1211874217061891,-4.676145881170575,BALANCE,1,4.054771415888053e-09
5.398,0.0011172697443839865,0.008995180970181517,0.0030679615757712823,0.0017782930026692516,0.34721846198901,-5.183424743622909,BALANCE,1,1.2833058653727345e-09
5.4,0.00113245590769133,0.006191261674512295,0.0,0.0011558904517350158,-0.31120127546711784,-3.333154547321127,BALANCE,1,-3.4598205434554826e-09
5.402,0.001149916641839831,0.011269793644629916,0.0030679615757712823,0.0018251153451477116,0.3346124467063479,-8.637625421935857,BALANCE,1,5.764440840956375e-09
5.404,0.0011687796115181688,0.007593523003093124,0.0015339807878856412,0.0017232182501059894,-0.0509485475208611,-3.4305971278743397,BALANCE,1,-1.889974777300422e-09
5.406,0.0011844748901790397,0.00810204435757632,0.0015339807878856412,0.00165698513832887,-0.03311655588855971,-6.520854263744494,BALANCE,1,-1.2560107245733513e-09
5.408,0.0012010823084789204,0.008505679420133482,-0.0,0.001077040339913768,-0.289972399207551,-6.381840920365043,BALANCE,1,-7.741662079152392e-10
5.41,0.0012206450799561025,0.011057451894405136,0.0015339807878856412,0.001236969496703926,0.07996457839507898,-8.471268946753897,BALANCE,1,4.271850893486165e-09
5.412,0.0012427361263839605,0.011034000877820423,0.0015339807878856412,0.0013409234486175287,0.0519769759568014,-5.501929982626107,BALANCE,1,3.896282207949678e-09
5.414,0.001264431693360907,0.010661965169240145,0.0015339807878856412,0.0014084935173613706,0.03378503437192094,-5.719325380327788,BALANCE,1,2.7151381223428275e-09
5.416,0.0012853911288481323,0.010297855847626426,0.0015339807878856412,0.0014524140620448677,0.02196027234174856,-5.86052501017873,BALANCE,1,1.5865292137333836e-09
5.418,0.0013057677560142271,0.010079146127782232,0.0,0.0009440691403291664,-0.2541724608578506,-5.952197390926689,BALANCE,1,8.003780969663402e-10
5.42,0.0013280336397857708,0.012187147202613123,0.0015339807878856412,0.001150538216973935,0.10323453832238423,-8.19157113799836,BALANCE,1,5.461852937463393e-09
5.422,0.001352619615356904,0.01239928060457729,0.0030679615757712823,0.001821636392553009,0.335549087789537,-5.319696892314401,BALANCE,1,5.630258479447731e-09
5.424,0.0013748316840875505,0.009813196698193725,0.0015339807878856412,0.0017209569309194327,-0.0503397308167881,-3.420550278763923,BALANCE,1,-8.536175792507214e-10
5.426,0.0013937507138656962,0.009106181078402328,0.0030679615757712823,0.0021924085566175826,0.23572581284907493,-6.513357403926355,BALANCE,1,-2.588724508634936e-09
5.428,0.0014101382826356417,0.007281689126869484,0.0015339807878856412,0.0019619588375614054,-0.1152248595280886,-4.196107475346238,BALANCE,1,-6.048463762956779e-09
5.43,0.0014266672632305695,0.009247595501951592,0.0030679615757712823,0.0023490597959348646,0.19355047918672957,-7.017147445739404,BALANCE,1,-2.8583191801536812e-09
5.432,0.00144323885217126,0.0073242982589977875,0.0030679615757712823,0.0026006754188776134,0.12580781147137438,-4.523248866559264,BALANCE,1,-6.538003071171395e-09
5.434,0.0014578340890865214,0.007271207122094511,0.0030679615757712823,0.0027642255737904,0.08177507745639337,-5.049573135821766,BALANCE,1,-6.869882238493808e-09
5.436,0.001472225101103035,0.0071200696037837935,0.006135923151542565,0.00394431972600366,0.5900470761066299,-5.391469153532088,BALANCE,1,-7.350080865656194e-09
5.438,0.0014822930772069006,0.0029480916939448017,0.0015339807878856412,0.0031007010976623556,-0.42180931417065215,-1.2536986512521997,BALANCE,1,-1.2005608162919615e-08
5.44,0.0015053430203534374,0.020102275423202205,0.0030679615757712823,0.0030892422650004824,-0.00572941633093663,-9.398546750951402,BALANCE,1,2.9766144999534198e-08
5.442,0.001541178822882614,0.01573418627508342,0.0030679615757712823,0.003081794023770265,-0.003724120615108701,-6.06997724974039,BALANCE,1,1.2426278807967378e-08
5.444,0.0015688376230375014,0.011925122640180098,0.0030679615757712823,0.0030769526669706237,-0.002420678399820634,-6.053765419682826,BALANCE,1,6.819887147730326e-10
5.446,0.0015898434679653824,0.009081108672511133,0.0015339807878856412,0.002536912509290882,-0.2700200788398708,-6.043012972835106,BALANCE,1,-6.081033354449636e-09
5.448,0.0016092644563230384,0.010340236915211569,0.0030679615757712823,0.0027227796825590247,0.0929335866340713,-8.215703203314433,BALANCE,1,-3.838306518056542e-09
5.45,0.0016294929336832557,0.009888612529223201,0.0030679615757712823,0.0028435933451833174,0.06040683131214634,-5.300377293190296,BALANCE,1,-5.198418190844908e-09
5.452,0.001648690325089172,0.009309131995124514,0.0030679615757712823,0.0029221222258891074,0.039264440352894996,-5.552773797339201,BALANCE,1,-6.755475835199721e-09
5.454,0.0016669823379443457,0.008983217324708154,0.0,0.0018993794468279224,-0.5113713895305925,-5.716616767725688,BALANCE,1,-7.748382961780867e-09
5.456,0.0016892192900411702,0.013254143797112025,0.0030679615757712823,0.0023083831919581007,0.20450187256508914,-10.182688097647892,BALANCE,1,1.9429094121120323e-09
5.458,0.0017159259003241395,0.013452957728760106,0.0030679615757712823,0.0025742356262927167,0.13292621716730801,-4.430700099536237,BALANCE,1,1.974010182228602e-09
5.46,0.0017417948853730488,0.01241650315653597,0.0,0.0016732531570902683,-0.4504912346012242,-4.9868393495331516,BALANCE,1,-1.4124811191777913e-09
5.462,0.0017694916683490746,0.015280789273839697,-0.0015339807878856412,0.0005507212763487025,-0.5612659403707829,-9.707903261202137,BALANCE,1,6.477281265447118e-09
5.464,0.0018066203013815615,0.02184852670046767,0.0015339807878856412,0.0008948621053866334,0.17207041451896546,-10.661342675947832,BALANCE,1,3.170702507087303e-08
5.466,0.0018543979657795868,0.025930016519903693,0.0046019423636569235,0.0021923401957812377,0.6487390451973021,-4.773824414666491,BALANCE,1,5.1478291224485896e-08
5.468,0.0019044482583472247,0.024121196676835793,-0.0,0.001425021127257807,-0.38365953426171534,-0.8821882157769654,BALANCE,1,4.0714030454619874e-08
5.47,0.001954095679443651,0.025527137635989725,0.0030679615757712823,0.0020000502842375256,0.2875145784898593,-9.187130991335058,BALANCE,1,4.703208275076207e-08
5.472,0.002003932051601376,0.02431015121539614,0.0030679615757712823,0.002373819236274343,0.1868844760184087,-3.7828363298468317,BALANCE,1,3.9401575575838995e-08
5.474,0.002049848615402704,0.021607257179357454,0.0,0.0015429825035783253,-0.4154183663480089,-4.564976248648971,BALANCE,1,2.506759352945132e-08
5.476,0.0020939491055828184,0.02249404418672857,0.0015339807878856412,0.0015398319030858884,-0.001575300246218483,-9.432940595041359,BALANCE,1,2.816353517455698e-08
5.478,0.002139609337510873,0.023167027617329666,0.0046019423636569235,0.0026115705642857532,0.5358693305999325,-6.122077135875963,BALANCE,1,3.030351670203193e-08
5.48,0.0021820681158345916,0.019292531697707015,0.0046019423636569235,0.003308200694065665,0.3483150648899559,-1.757693455321907,BALANCE,1,1.1675808697908833e-08
5.482,0.002214330445231111,0.012970391137794076,0.0030679615757712823,0.0032241170026626334,-0.0420418457015158,-3.215668133076111,BALANCE,1,-1.0915927634319201e-08
5.484,0.0022354044837679895,0.008104035039144777,0.0015339807878856412,0.0026325693274906886,-0.2957738375859724,-6.342923615891534,BALANCE,1,-2.2407150918052145e-08
5.486,0.002252664237967684,0.009156036636482076,0.0030679615757712823,0.002784956614388899,0.0761936434491052,-8.407745897612006,BALANCE,1,-2.092628441913395e-08
5.488,0.0022703837886266127,0.008563839956994439,0.0,0.001810221799352787,-0.487367407518056,-5.422305820794613,BALANCE,1,-2.251734848978482e-08
5.49,0.0022916922880123003,0.012745051375264386,0.0015339807878856412,0.0017135374453392885,-0.048342177006749254,-9.9889162730742,BALANCE,1,-1.3585854071298714e-08
5.492,0.0023190828541937523,0.014646018628056782,0.0030679615757712823,0.0021875858909904886,0.23702422282560004,-6.482172782735488,BALANCE,1,-8.775123714261857e-09
5.494,0.0023477525908526978,0.014024245383542714,0.0046019423636569235,0.0030326106564237433,0.4225123827166274,-4.170361160159423,BALANCE,1,-1.1464134802362808e-08
5.496,0.002371794805110471,0.010018411110322853,0.0015339807878856412,0.00250809020243541,-0.26226022699416657,-2.6351478729739246,BALANCE,1,-2.2405171395855117e-08
5.498,0.002391668713615788,0.00985586295649656,0.0046019423636569235,0.003240938458862942,0.36642412821376596,-8.14429835985909,BALANCE,1,-2.330697997350328e-08
5.5,0.002408430000247428,0.006905731984838799,0.0,0.0021066099982609146,-0.5671642303010137,-3.0702044351182045,BALANCE,1,-2.9055091909553823e-08
5.502,0.0024281001252775794,0.01276475485430777,0.0030679615757712823,0.002443083050389546,0.16823652606431558,-10.606549688872912,BALANCE,1,-1.7321741431030104e-08
5.5040000000000004,0.0024529360227098867,0.012071599410799567,0.0046019423636569235,0.0031986838100331303,0.37780037982179226,-4.702666638212481,BALANCE,1,-1.9871585670506825e-08
5.506,0.0024735009941990876,0.008493750353577304,-0.0,0.0020791444765215373,-0.5597696667557965,-2.980180025812046,BALANCE,1,-2.8316410891401177e-08
5.508,0.0024941137894601835,0.012119424057473072,0.0015339807878856412,0.0018883371854989761,-0.09540364551128058,-10.547496929548148,BALANCE,1,-2.094720690028115e-08
5.51,0.0025202262134205304,0.013993480214329425,0.0030679615757712823,0.0023012057220942856,0.20643426829765474,-6.843639529616274,BALANCE,1,-1.649794685965692e-08
5.5120000000000005,0.002547743900010964,0.013524712537555059,0.0030679615757712823,0.002569570270881237,0.13418227439347566,-4.403703865804653,BALANCE,1,-1.8694762079436725e-08
5.514,0.0025732590727173266,0.011990929496648038,0.0015339807878856412,0.0022071139518327807,-0.1812281595242281,-4.965104030056692,BALANCE,1,-2.363829424073431e-08
5.516,0.0025976175266319308,0.01236797246775708,0.0015339807878856412,0.0019715173444512842,-0.11779830369074823,-7.509693457750864,BALANCE,1,-2.3399997656230276e-08
5.518,0.0026234820206474142,0.013496997299129431,0.0030679615757712823,0.0023552728254132857,0.19187774048100076,-7.015996104057024,BALANCE,1,-2.107994805464496e-08
5.5200000000000005,0.0026496091244682203,0.012630587104848736,0.0015339807878856412,0.0020678206122786125,-0.14372610656733661,-4.515091367260229,BALANCE,1,-2.4305500117926993e-08
5.522,0.002675357205648527,0.013117967685929866,-0.0015339807878856412,0.0008071901222211262,-0.6303152450287431,-7.216755712312554,BALANCE,1,-2.3773918019083568e-08
5.524,0.0027069664140947957,0.018491822177169975,0.0015339807878856412,0.001061566855203709,0.1271883664912914,-11.18494521138281,BALANCE,1,-6.656223948058982e-09
5.526,0.0027471411559023377,0.02168365860321486,0.0046019423636569235,0.0023006982831623364,0.6195657139793137,-5.109441401872537,BALANCE,1,5.7322995683758835e-09
5.5280000000000005,0.002788130001648073,0.019305941093691624,0.0030679615757712823,0.0025692404355754698,0.1342710762065667,-1.095614596634209,BALANCE,1,-5.99905364508948e-09
5.53,0.002823464400325201,0.016029107527146234,0.0030679615757712823,0.002743792834644007,0.0872761995342685,-4.961345321584282,BALANCE,1,-1.951676297523106e-08
5.532,0.0028519210924095556,0.012428107992445968,0.0015339807878856412,0.0023203586182785813,-0.21171710818271272,-5.326282432451627,BALANCE,1,-3.139797136021982e-08
5.534,0.0028757063285876367,0.011357565692301154,0.0030679615757712823,0.002582019653401029,0.13083051756122388,-7.743170875445747,BALANCE,1,-3.4915951645543794e-08
5.5360000000000005,0.002896701970480995,0.009638462396303768,0.0015339807878856412,0.002215206050470646,-0.18340680146519162,-4.986573803456228,BALANCE,1,-3.947936993175427e-08
5.538,0.002916893034195091,0.010552972711814587,-0.0030679615757712823,0.0003660973812859736,-0.924554334592336,-7.5220381306332795,BALANCE,1,-3.820065393110086e-08
5.54,0.0029458206598515827,0.018375185034400145,0.0046019423636569235,0.0018486431251158084,0.7412728719149174,-13.562091696325258,BALANCE,1,-1.5062117917219137e-08
5.542,0.0029821763806599606,0.01798120450164758,0.0030679615757712823,0.002275404582845227,0.21338072886470924,-0.1461515710124175,BALANCE,1,-1.7858509168372363e-08
5.5440000000000005,0.003015955567251192,0.01579860342560902,0.0015339807878856412,0.0020159062546093744,-0.12974916411792625,-4.343227947033749,BALANCE,1,-2.6915385200596517e-08
5.546,0.0030466691701757985,0.014915564445725065,0.0046019423636569235,0.002921018892776019,0.4525563190833223,-7.103433809338062,BALANCE,1,-3.0904379236776673e-08
5.548,0.0030720159710743503,0.010431702684974151,0.0030679615757712823,0.0029724488318243637,0.02571496952417235,-2.39009898165952,BALANCE,1,-4.394028734774929e-08
5.55,0.0030898068618909523,0.007359515379371318,0.0030679615757712823,0.003005878292205788,0.016714730190712068,-5.801149492023454,BALANCE,1,-5.041571685001553e-08
5.5520000000000005,0.003104988038588728,0.007821940560657324,0.006135923151542565,0.004101393992973662,0.547757850383937,-5.87054446340981,BALANCE,1,-5.022042990499228e-08
5.554,0.0031162516525648967,0.003441880601383237,0.0030679615757712823,0.0037396926469528313,-0.18085067301041516,-1.5556482810193426,BALANCE,1,-5.589541198430142e-08
5.556,0.0031360282222091815,0.016335052804369008,0.0030679615757712823,0.0035045867720392915,-0.11755293745676991,-7.405470610406019,BALANCE,1,-2.9424549885176656e-08
5.558,0.0031643437048884593,0.0119809507127606,0.0030679615757712823,0.0033517679533454905,-0.07640940934690049,-6.912494161117262,BALANCE,1,-4.3625614683470275e-08
5.5600000000000005,0.003185575928050459,0.009251662996506295,0.0046019423636569235,0.0037893289969544944,0.21878052180450197,-6.591844711769266,BALANCE,1,-5.060050492551974e-08
5.562,0.003201307968918411,0.006480667248394592,0.0030679615757712823,0.003536850399540373,-0.12623929870706083,-4.203313734142115,BALANCE,1,-5.584197181373518e-08
5.564,0.00321721367052478,0.009425326925355857,0.0030679615757712823,0.0033727393112211934,-0.08205554415958971,-6.977913643999557,BALANCE,1,-5.1446853372823636e-08
5.566,0.0032355025494282203,0.008863888383968038,0.0030679615757712823,0.003266067103813727,-0.05333610370373328,-6.633615725056694,BALANCE,1,-5.323675853825198e-08
5.5680000000000005,0.003253750958169486,0.009384856018021012,0.17219189397991239,0.06239010651044827,29.56201970331727,-6.409607320433528,BALANCE,1,-5.291968834911786e-08
5.57,0.0031666368335712364,-0.09650058292127023,0.0015339807878856412,0.041090462507551356,-10.649822001448456,100.0,BALANCE,1,9.342963285422556e-07
5.572,0.0030564448638067854,-0.013693413770227772,0.0015339807878856412,0.027245693905668365,-6.922384300941496,-88.89133466436344,BALANCE,1,-3.498509499413999e-08
5.574,0.0031666170368686722,0.12386761324590705,0.006135923151542565,0.019857274141724342,-3.6942098819720113,-59.897070037639615,BALANCE,1,1.5775848646040225e-06
5.5760000000000005,0.0034809727382240315,0.19049387031895,0.0046019423636569235,0.014517908019400755,-2.6696830611617934,-34.51100841689204,BALANCE,1,3.799389296079134e-06
5.578,0.003940160464377769,0.2687023020632526,0.0046019423636569235,0.011047320039890422,-1.7352939897551665,-26.63225223614583,BALANCE,1,7.610052993497792e-06
5.58,0.0045585516064518454,0.34970021459444195,0.0030679615757712823,0.00825454457744873,-1.3963877312208457,-19.363165479655457,BALANCE,1,1.2921979096080189e-05
5.582,0.00533883226485288,0.43059479612711676,0.006135923151542565,0.00751302707838158,-0.37075874953357507,-16.817831030211902,BALANCE,1,1.960949801045021e-05
5.5840000000000005,0.0062726745087628545,0.5032646246203075,0.006135923151542565,0.007031040703987933,-0.2409931871968237,-8.655787621242087,BALANCE,1,2.678443770324187e-05
5.586,0.0073437435894952215,0.5678241569501371,0.006135923151542565,0.006717749560632062,-0.1566455716779354,-7.645176096870898,BALANCE,1,3.407448856852785e-05
5.588,0.008536272138434116,0.6247263267329948,0.010737865515199488,0.008124790144730668,0.7035202920493031,-6.987849091409018,BALANCE,1,4.120128678443318e-05
5.59,0.009829028352275667,0.6680536651470534,0.009203884727313847,0.008502473248634788,0.18884155195205993,-0.020474788516247955,BALANCE,1,4.7036233920041135e-05
5.5920000000000005,0.01120079466341498,0.7037378769619628,0.01227184630308513,0.009821753817692416,0.6596402845288141,-4.11354322841022,BALANCE,1,5.208790971327663e-05
5.594,0.01263348429150127,0.728978102253283,0.009203884727313847,0.009605499636059925,-0.10812709081624554,-0.2660321828891892,BALANCE,1,5.574421241780505e-05
5.596,0.014113782270859795,0.7513471033844514,0.01227184630308513,0.010538720969518755,0.4666106667294148,-6.419225336620404,BALANCE,1,5.9043265140145276e-05
5.598,0.015631699332524677,0.76659787587997,0.01380582709097077,0.011682208112026969,0.5717435712541069,-1.763222252053688,BALANCE,1,6.12468307303432e-05
5.6000000000000005,0.017173062194922074,0.7747933346598869,0.01687378866674205,0.013499261306177256,0.9085265970751434,-0.8512133456832522,BALANCE,1,6.22966810258961e-05
5.602,0.018721919975996964,0.7740929316510741,0.01380582709097077,0.013606559330854993,0.05364901233886887,1.9547739047952923,BALANCE,1,6.185374250357035e-05
5.604,0.0202685207306771,0.772536265932196,0.018407769454627694,0.015286982874175445,0.8402117716602258,-4.875087579748069,BALANCE,1,6.12420146237838e-05
5.606,0.02180489214676591,0.7638634040582201,0.018407769454627694,0.01637925817733374,0.5461376515791468,1.5212973039968478,BALANCE,1,5.9440237967775144e-05
5.6080000000000005,0.023320056223343388,0.7513285354932923,0.021475731030398976,0.018163023675906578,0.8918827492864194,-0.7624832868268188,BALANCE,1,5.701194492588566e-05
5.61,0.024803947515506446,0.732590043606124,0.023009711818284616,0.019859364525738898,0.84817042491616,2.114136029480914,BALANCE,1,5.362564601203482e-05
5.612,0.026245248793266375,0.7087377369548311,0.02454369260617026,0.02149887935388988,0.8197574140754917,1.8701897584139253,BALANCE,1,4.952552474887573e-05
5.614,0.027634556078504693,0.6805950940684121,0.02454369260617026,0.022564563992188022,0.5328423191490704,1.7455563372484164,BALANCE,1,4.491436489416495e-05
5.6160000000000005,0.028966103134591435,0.6509764448230492,0.02761165418194154,0.02433104555860176,0.8832407832068695,-0.4813104310666283,BALANCE,1,4.0263953228806405e-05
5.618,0.030234234675795602,0.617178412307748,0.030679615757712823,0.02655304512829064,1.110999784844439,2.4327323844923088,BALANCE,1,3.525027846757593e-05
5.62,0.03142920104160284,0.5778099233951598,0.02761165418194154,0.026923558297068464,0.1852565843889122,4.393434980799857,BALANCE,1,2.9798511916399836e-05
5.622,0.03254799311320144,0.5410027168591347,0.030679615757712823,0.028238178408294,0.6573100556127673,-2.9848951210582744,BALANCE,1,2.4984707939963196e-05
5.6240000000000006,0.03359153996342844,0.5025633179907315,0.035281558121369745,0.030703361307870516,1.2325914497882586,0.8760574910877574,BALANCE,1,2.029969992529609e-05
5.626,0.03455204654145285,0.45796091745173806,0.0337475773334841,0.031768836916835276,0.5327378044823802,5.632360290727853,BALANCE,1,1.5344741953597255e-05
5.628,0.035423543435110026,0.4135519968148582,0.035281558121369745,0.032998289338422346,0.6147262107935348,0.1038134322020774,BALANCE,1,1.0857551822399178e-05
5.63,0.03620565972258038,0.3685786677758728,0.0337475773334841,0.03326054013669397,0.1311253991358105,0.8400874858542231,BALANCE,1,6.775872566586697e-06
5.632,0.03690119119924248,0.32696559403516784,0.03681553890925539,0.03450478970709047,0.6221247851982519,-3.0063318514839352,BALANCE,1,3.3893155108028945e-06
5.634,0.03751240250796827,0.2842569496130046,0.039883500485026674,0.03638733847936815,0.9412743861388385,1.0032191691808041,BALANCE,1,3.371891583577992e-07
5.636,0.038034575961692976,0.23792610219591534,0.03681553890925539,0.03653720862982869,0.0749350752302716,3.6766463707380304,BALANCE,1,-2.475556460570989e-06
5.638,0.03846786379397406,0.19536969421850434,0.03834951969714103,0.03717151750338802,0.31715443677966454,-3.237768465776906,BALANCE,1,-4.637496871268138e-06
5.64,0.038817326046537336,0.15409898161334953,0.039883500485026674,0.038120711546961554,0.47459702178676705,-1.2545207374675256,BALANCE,1,-6.334862177921074e-06
5.642,0.03908403555280688,0.11261542684134314,0.03834951969714103,0.038200794399524375,0.04004142628141055,0.06959572751309917,BALANCE,1,-7.637312799434471e-06
5.644,0.03927105499570384,0.0744074534938336,0.04141748127291231,0.03932663480521016,0.5629202028428932,-3.3944039064960787,BALANCE,1,-8.485758698703701e-06
5.646,0.03938023525330619,0.03477481085386771,0.039883500485026674,0.03952153779314595,0.09745149396789277,0.8640420572979721,BALANCE,1,-8.997855787833773e-06
5.648,0.03941261535445295,-0.0023941145417120807,0.03834951969714103,0.039111331459544235,-0.205103166800856,-2.8401091268672554,BALANCE,1,-9.141248248940774e-06
5.65,0.03944297405819352,0.03275337624521338,0.03834951969714103,0.03884469734270312,-0.13331705842055744,-5.277336526741439,BALANCE,1,-9.041516542334903e-06
5.652,0.03947926897733981,0.003542210013028388,0.039883500485026674,0.03920827844251637,0.18179054990662483,-4.711276767240976,BALANCE,1,-9.171464358244638e-06
5.654,0.03947582746139889,-0.006983789201066674,0.03834951969714103,0.03890771288163501,-0.15028278044067894,-2.16075937894622,BALANCE,1,-9.16600128593226e-06
5.656,0.03952438386361981,0.05554108383380626,0.03834951969714103,0.038712345267062125,-0.09768380728644374,-4.827598412801205,BALANCE,1,-8.864729785037116e-06
5.658,0.03961183382261666,0.031910482482211885,0.039883500485026674,0.03912224959334972,0.20495216314379838,-4.410786215388284,BALANCE,1,-9.125883175890342e-06
5.66,0.039651472441851826,0.007728865313017395,0.039883500485026674,0.03938868740543666,0.13321890604347034,-1.9572797424504218,BALANCE,1,-9.246616131576788e-06
5.662,0.03964689083945623,-0.012310551903240905,0.04141748127291231,0.04009876525905315,0.3550389268082432,-2.507281793046742,BALANCE,1,-9.234684699710226e-06
5.664,0.0396894617614284,0.054882256267290486,0.04141748127291231,0.040560315863903865,0.2307753024253581,-0.6820972026597598,BALANCE,1,-8.949437671577203e-06
5.666,0.03977277112203162,0.028428635544182373,0.039883500485026674,0.04032343048129686,-0.11844269130350388,-1.6404010982590176,BALANCE,1,-9.223472405395965e-06
5.668,0.03980548539714622,0.0042862408597117985,0.03834951969714103,0.039632561706842324,-0.3454343872272662,-4.4402934849500735,BALANCE,1,-9.32303863321635e-06
5.67,0.039808066670504294,-0.001704920055032002,0.039883500485026674,0.03972039027920685,0.04391428618226445,-6.289752666466075,BALANCE,1,-9.325897523895268e-06
5.672,0.03984683247473073,0.04047143674912926,0.04141748127291231,0.04031437212700377,0.29699092389845816,-3.161749486792117,BALANCE,1,-9.169664770631048e-06
5.674,0.03990579454188082,0.01849171410709387,0.039883500485026674,0.04016356705231179,-0.07540253734598934,-1.0934345997693518,BALANCE,1,-9.33557497133986e-06
5.676,0.03992220198872077,-0.0020839656935948796,0.039883500485026674,0.040065543753762006,-0.04901164927489238,-4.0735978807959885,BALANCE,1,-9.379292980257067e-06
5.678,0.03996370679658638,0.043589536362510575,0.039883500485026674,0.040001828609704644,-0.031857572028681086,-3.860339065389447,BALANCE,1,-9.196595194501186e-06
5.68,0.04003188731588242,0.02459223606178608,0.04141748127291231,0.040497307041827336,0.2477392160613462,-3.718928990341259,BALANCE,1,-9.366851801382262e-06
5.682,0.040060401326893244,0.003922299031729505,0.039883500485026674,0.040282474746947114,-0.10741614744011127,-1.4443265182853127,BALANCE,1,-9.443159030892556e-06
5.684,0.040065119997141706,0.0007964579448359044,0.039883500485026674,0.04014283375527497,-0.0698204958360718,-4.290402869040396,BALANCE,1,-9.446957191661427e-06
5.686,0.040065119997141706,0.0,0.039883500485026674,0.040052067110688074,-0.04538332229344841,-3.989987548957354,BALANCE,1,-9.447024855155602e-06
5.688,0.040065119997141706,0.0,0.03834951969714103,0.039456175515946615,-0.2979457973707293,-3.7919257458694435,BALANCE,1,-9.447024855155602e-06
5.69,0.040065119997141706,0.0,0.03834951969714103,0.03906884597936467,-0.19366476829097215,-5.840287807068989,BALANCE,1,-9.447024855155602e-06
5.692,0.040065119997141706,0.0,0.04141748127291231,0.03989086833210635,0.41101117637084084,-5.021465577429976,BALANCE,1,-9.447024855155602e-06
5.694,0.040065119997141706,0.0,0.03834951969714103,0.039351396309868496,-0.26973601111892825,-0.12675850530454902,BALANCE,1,-9.447024855155602e-06
5.696,0.040065119997141706,0.0,0.04295146206079795,0.04061141932269381,0.6300115064126581,-5.597234047295,BALANCE,1,-9.447024855155602e-06
5.698,0.040065119997141706,0.0,0.039883500485026674,0.04035664772951032,-0.12738579659174465,1.6844697575917484,BALANCE,1,-9.447024855155602e-06
5.7,0.040065119997141706,0.0,0.03834951969714103,0.03965415291818108,-0.35124740566462237,-4.381923632488581,BALANCE,1,-9.447024855155602e-06
5.702,0.040065119997141706,0.0,0.04141748127291231,0.040271317842337014,0.30858246207796786,-6.207035363167721,BALANCE,1,-9.447024855155602e-06
5.704,0.040065119997141706,0.0,0.039883500485026674,0.040135581767278404,-0.06786803752930476,-0.8833122622091762,BALANCE,1,-9.447024855155602e-06
5.706,0.040065119997141706,0.0,0.04141748127291231,0.04058424659425028,0.22433241348593716,-3.8950333072174175,BALANCE,1,-9.447024855155602e-06
5.708,0.040065119997141706,0.0,0.04295146206079795,0.041412772007541974,0.414262706645848,-1.52239296015832,BALANCE,1,-9.447024855155602e-06
5.71,0.040065119997141706,0.0,0.04295146206079795,0.041951313526181574,0.2692707593198,0.05504346431997664,BALANCE,1,-9.447024855155602e-06
5.712,0.040065119997141706,0.0,0.039883500485026674,0.04122757896177737,-0.3618672822021038,-1.0641893604647947,BALANCE,1,-9.447024855155602e-06
5.714,0.040065119997141706,0.0,0.039883500485026674,0.04075715149491463,-0.2352137334313692,-6.148472250711922,BALANCE,1,-9.447024855155602e-06
5.716,0.040065119997141706,0.0,0.039883500485026674,0.040451373641453854,-0.1528889267303872,-5.155318078258826,BALANCE,1,-9.447024855155602e-06
5.718,0.040065119997141706,0.0,0.04295146206079795,0.04132640458822429,0.43751547338521934,-4.506976021130326,BALANCE,1,-9.447024855155602e-06
5.72,0.040065119997141706,0.0,0.039883500485026674,0.040821388152105134,-0.2525082180595793,0.27702631751839757,BALANCE,1,-9.447024855155602e-06
5.722,0.040065119997141706,0.0,0.039883500485026674,0.04049312746862768,-0.16413034173872604,-5.26529992257672,BALANCE,1,-9.447024855155602e-06
5.724,0.040065119997141706,0.0,0.039883500485026674,0.04027975802436733,-0.10668472213017435,-4.569873927524815,BALANCE,1,-9.447024855155602e-06
5.726,0.040065119997141706,0.0,0.04295146206079795,0.04121485443711806,0.4675482063753629,-4.115055185707149,BALANCE,1,-9.447024855155602e-06
5.728,0.040065119997141706,0.0,0.039883500485026674,0.040748880553886084,-0.23298694161598757,0.543156997989616,BALANCE,1,-9.447024855155602e-06
5.73,0.040065119997141706,0.0,0.04295146206079795,0.041519784081305244,0.3854517637095801,-5.080932842824328,BALANCE,1,-9.447024855155602e-06
5.732,0.040065119997141706,0.0,0.03834951969714103,0.040410191546847773,-0.5547962672287354,-0.07886503175837678,BALANCE,1,-9.447024855155602e-06
5.734,0.040065119997141706,0.0,0.04141748127291231,0.04076274295097037,0.17627570206129803,-7.659342793022979,BALANCE,1,-9.447024855155602e-06
5.736,0.040065119997141706,0.0,0.039883500485026674,0.040455008087890085,-0.1538674315401424,-1.781461405865162,BALANCE,1,-9.447024855155602e-06
5.738,0.040065119997141706,0.0,0.03834951969714103,0.03971808715112792,-0.36846046838108143,-4.432979564843924,BALANCE,1,-9.447024855155602e-06
5.74,0.040065119997141706,0.0,0.039883500485026674,0.039775981817992495,0.028947333432286643,-6.185995498346941,BALANCE,1,-9.447024855155602e-06
5.742,0.040065119997141706,0.0,0.039883500485026674,0.03981361335145447,0.018815766730986144,-2.995304207464523,BALANCE,1,-9.447024855155602e-06
5.744,0.040065119997141706,0.0,0.04141748127291231,0.04037496712396472,0.2806768862551254,-3.066136126396917,BALANCE,1,-9.447024855155602e-06
5.746,0.040065119997141706,0.0,0.04141748127291231,0.04073984707609638,0.18243997606583184,-0.9294909504283968,BALANCE,1,-9.447024855155602e-06
5.748,0.040065119997141706,0.0,0.04141748127291231,0.040977019044981966,0.11858598444279209,-1.6853454653996254,BALANCE,1,-9.447024855155602e-06
5.75,0.040065119997141706,0.0,0.03681553890925539,0.03952050099747767,-0.728259023752148,-2.173751676441812,BALANCE,1,-9.447024855155602e-06
5.752,0.040065119997141706,0.0,0.03834951969714103,0.03911065754235985,-0.20492172755890922,-9.027998724652097,BALANCE,1,-9.447024855155602e-06
5.7540000000000004,0.040065119997141706,0.0,0.04141748127291231,0.03991804584805322,0.4036941528466828,-4.858068830904782,BALANCE,1,-9.447024855155602e-06
5.756,0.040065119997141706,0.0,0.04141748127291231,0.040442848246753905,0.26240119935034417,0.06728511985116636,BALANCE,1,-9.447024855155602e-06
5.758,0.040065119997141706,0.0,0.03834951969714103,0.03971018325438941,-0.3663324961822485,-1.0234817945481511,BALANCE,1,-9.447024855155602e-06
5.76,0.040065119997141706,0.0,0.03681553890925539,0.038697057733592506,-0.5065627603984512,-6.089369221699884,BALANCE,1,-9.447024855155602e-06
5.7620000000000005,0.040065119997141706,0.0,0.04141748127291231,0.03964920597235445,0.47607411938097033,-7.264259455130601,BALANCE,1,-9.447024855155602e-06
5.764,0.040065119997141706,0.0,0.039883500485026674,0.039731209051789736,0.04100153971764442,0.6618943186249586,BALANCE,1,-9.447024855155602e-06
5.766,0.040065119997141706,0.0,0.039883500485026674,0.03978451105342267,0.026651000816467485,-2.8058198921051734,BALANCE,1,-9.447024855155602e-06
5.768,0.040065119997141706,0.0,0.03834951969714103,0.0392822640787241,-0.25112348734928486,-2.9094691810059277,BALANCE,1,-9.447024855155602e-06
5.7700000000000005,0.040065119997141706,0.0,0.04141748127291231,0.04002959009668998,0.37366300898293914,-5.153943451998115,BALANCE,1,-9.447024855155602e-06
5.772,0.040065119997141706,0.0,0.04141748127291231,0.040515352008367804,0.24288095583891237,-0.10280600224303349,BALANCE,1,-9.447024855155602e-06
5.774,0.040065119997141706,0.0,0.04141748127291231,0.04083109725095839,0.15787262129529286,-1.111813642292904,BALANCE,1,-9.447024855155602e-06
5.776,0.040065119997141706,0.0,0.04141748127291231,0.04103633165864227,0.10261720384193915,-1.7647693846362333,BALANCE,1,-9.447024855155602e-06
5.7780000000000005,0.040065119997141706,0.0,0.039883500485026674,0.04063284074787682,-0.2017454553827243,-2.1862913934703014,BALANCE,1,-9.447024855155602e-06
5.78,0.040065119997141706,0.0,0.04141748127291231,0.04090746493163925,0.137312091881215,-4.637275553763961,BALANCE,1,-9.447024855155602e-06
5.782,0.040065119997141706,0.0,0.03834951969714103,0.04001218409956488,-0.447640416037183,-1.9001562316403726,BALANCE,1,-9.447024855155602e-06
5.784,0.040065119997141706,0.0,0.039883500485026674,0.03996714483447652,-0.022519632544182322,-6.625490708092106,BALANCE,1,-9.447024855155602e-06
5.7860000000000005,0.040065119997141706,0.0,0.03834951969714103,0.0394009760364091,-0.28308439903370824,-3.2192333670865074,BALANCE,1,-9.447024855155602e-06
5.788,0.040065119997141706,0.0,0.03834951969714103,0.039032966317665285,-0.18400485937190847,-5.329841431679478,BALANCE,1,-9.447024855155602e-06
5.79,0.040065119997141706,0.0,0.03681553890925539,0.03825686672472183,-0.38804979647172677,-4.551479104246175,BALANCE,1,-9.447024855155602e-06
5.792,0.040065119997141706,0.0,0.039883500485026674,0.03882618854082853,0.2846609080533503,-6.222753203276385,BALANCE,1,-9.447024855155602e-06
5.7940000000000005,0.040065119997141706,0.0,0.039883500485026674,0.039196247721297886,0.18502959023467686,-0.7991430204012007,BALANCE,1,-9.447024855155602e-06
5.796,0.040065119997141706,0.0,0.039883500485026674,0.03943678618860297,0.120269233652541,-1.5661507625781685,BALANCE,1,-9.447024855155602e-06
5.798,0.040065119997141706,0.0,0.039883500485026674,0.039593136192351275,0.07817500187415338,-2.0619139499592287,BALANCE,1,-9.447024855155602e-06
5.8,0.040065119997141706,0.0,0.039883500485026674,0.03969476369478767,0.050813751218199005,-2.3813681767229613,BALANCE,1,-9.447024855155602e-06
5.8020000000000005,0.040065119997141706,0.0,0.044485442848683596,0.041371501398651256,0.8383688519317916,-2.5862215790854552,BALANCE,1,-9.447024855155602e-06
5.804,0.040065119997141706,0.0,0.03834951969714103,0.040313807803122687,-0.5288467977642847,3.82309778913483,BALANCE,1,-9.447024855155602e-06
5.806,0.040065119997141706,0.0,0.04141748127291231,0.04070009351754906,0.19314285721318616,-7.170026262604869,BALANCE,1,-9.447024855155602e-06
5.808,0.040065119997141706,0.0,0.039883500485026674,0.04041428595616623,-0.14290378069141407,-1.362791861216011,BALANCE,1,-9.447024855155602e-06
5.8100000000000005,0.040065119997141706,0.0,0.03834951969714103,0.03969161776550742,-0.3613340953294054,-4.060230560944548,BALANCE,1,-9.447024855155602e-06
5.812,0.040065119997141706,0.0,0.03834951969714103,0.03922188344157919,-0.23486716196411545,-5.843094845934907,BALANCE,1,-9.447024855155602e-06
5.814,0.040065119997141706,0.0,0.03834951969714103,0.03891655613102584,-0.152663655276674,-4.851699061759964,BALANCE,1,-9.447024855155602e-06
5.816,0.040065119997141706,0.0,0.03834951969714103,0.038718093379166166,-0.09923137592983758,-4.204607335667428,BALANCE,1,-9.447024855155602e-06
5.8180000000000005,0.040065119997141706,0.0,0.03834951969714103,0.038589092590457376,-0.06450039435439495,-3.7813132473284847,BALANCE,1,-9.447024855155602e-06
5.82,0.040065119997141706,0.0,0.04141748127291231,0.03957902862931661,0.49496801942961605,-3.503487623529379,BALANCE,1,-9.447024855155602e-06
5.822,0.040065119997141706,0.0,0.039883500485026674,0.039685593778815136,0.05328257474926379,1.0395716548001257,BALANCE,1,-9.447024855155602e-06
5.824,0.040065119997141706,0.0,0.04141748127291231,0.040291754401749154,0.30308031146700914,-2.4795808749170174,BALANCE,1,-9.447024855155602e-06
5.8260000000000005,0.040065119997141706,0.0,0.03834951969714103,0.03961197225513632,-0.3398910733064184,-0.43677099291866384,BALANCE,1,-9.447024855155602e-06
5.828,0.040065119997141706,0.0,0.04295146206079795,0.0407807936871179,0.5844107159907914,-5.613406605451827,BALANCE,1,-9.447024855155602e-06
5.83,0.040065119997141706,0.0,0.03681553890925539,0.039392954514866026,-0.6939195861259372,1.8592931535821702,BALANCE,1,-9.447024855155602e-06
5.832,0.040065119997141706,0.0,0.04295146206079795,0.040638432155942206,0.62273882053809,-8.442741022783798,BALANCE,1,-9.447024855155602e-06
5.8340000000000005,0.040065119997141706,0.0,0.03834951969714103,0.039837312795361804,-0.4005596802902009,2.1733825754241787,BALANCE,1,-9.447024855155602e-06
5.836,0.040065119997141706,0.0,0.04141748127291231,0.04039037176250449,0.2765294835713437,-6.0531051302779,BALANCE,1,-9.447024855155602e-06
5.838,0.040065119997141706,0.0,0.04295146206079795,0.04128675336690721,0.4481908022013585,-0.5951302070044813,BALANCE,1,-9.447024855155602e-06
5.84,0.040065119997141706,0.0,0.04141748127291231,0.041332508134009,0.022877383550896913,0.8402005889731807,BALANCE,1,-9.447024855155602e-06
5.8420000000000005,0.040065119997141706,0.0,0.039883500485026674,0.04082535545686519,-0.25357633857190504,-2.5512949725776015,BALANCE,1,-9.447024855155602e-06
5.844,0.040065119997141706,0.0,0.03681553890925539,0.03942191966520177,-0.7017178958317118,-4.785188839097271,BALANCE,1,-9.447024855155602e-06
5.846,0.040065119997141706,0.0,0.04141748127291231,0.04012036622790047,0.34922328134934927,-8.446643060742492,BALANCE,1,-9.447024855155602e-06
5.848,0.040065119997141706,0.0,0.03834951969714103,0.039500569942134675,-0.3098981428828959,0.010817223713498691,BALANCE,1,-9.447024855155602e-06
5.8500000000000005,0.040065119997141706,0.0,0.039883500485026674,0.039634595632146885,0.06701284500610499,-5.291441833301983,BALANCE,1,-9.447024855155602e-06
5.852,0.040065119997141706,0.0,0.03834951969714103,0.03918481905489484,-0.22488828862602186,-2.260185469662814,BALANCE,1,-9.447024855155602e-06
5.854,0.040065119997141706,0.0,0.03834951969714103,0.038892464279681016,-0.14617738760691265,-4.614544169543972,BALANCE,1,-9.447024855155602e-06
5.856,0.040065119997141706,0.0,0.039883500485026674,0.039239326951552,0.1734313359354929,-3.994619755047993,BALANCE,1,-9.447024855155602e-06
5.8580000000000005,0.040065119997141706,0.0,0.039883500485026674,0.039464787688268145,0.1127303683580716,-1.4090903410061788,BALANCE,1,-9.447024855155602e-06
5.86,0.040065119997141706,0.0,0.039883500485026674,0.03961133716713364,0.07327473943274584,-1.8732774798849268,BALANCE,1,-9.447024855155602e-06
5.862,0.040065119997141706,0.0,0.039883500485026674,0.039706594328396204,0.047628580631283585,-2.172207275122176,BALANCE,1,-9.447024855155602e-06
5.864,0.040065119997141706,0.0,0.04295146206079795,0.040842298034736824,0.5678518531703098,-2.3637197969924406,BALANCE,1,-9.447024855155602e-06
5.8660000000000005,0.040065119997141706,0.0,0.03681553890925539,0.03943293234081833,-0.7046828469592474,1.8743770653071534,BALANCE,1,-9.447024855155602e-06
5.868,0.040065119997141706,0.0,0.039883500485026674,0.039590631191291255,0.07884942523646299,-8.382575890896252,BALANCE,1,-9.447024855155602e-06
5.87,0.040065119997141706,0.0,0.039883500485026674,0.03969313544409866,0.05125212640370164,-2.096937656063933,BALANCE,1,-9.447024855155602e-06
5.872,0.040065119997141706,0.0,0.039883500485026674,0.03975976320842347,0.03331388216240572,-2.3036271644687605,BALANCE,1,-9.447024855155602e-06
5.8740000000000006,0.040065119997141706,0.0,0.03834951969714103,0.039266177979474626,-0.24679261447442188,-2.435183499897954,BALANCE,1,-9.447024855155602e-06
5.876,0.040065119997141706,0.0,0.039883500485026674,0.03948224085641785,0.1080314384716112,-4.697797351133611,BALANCE,1,-9.447024855155602e-06
5.878,0.040065119997141706,0.0,0.03681553890925539,0.038548895174910995,-0.4666728407534265,-1.8383447067774688,BALANCE,1,-9.447024855155602e-06
5.88,0.040065119997141706,0.0,0.039883500485026674,0.03901600703345149,0.23355592927024743,-6.4842699024332,BALANCE,1,-9.447024855155602e-06
5.882000000000001,0.040065119997141706,0.0,0.03834951969714103,0.03878273646574284,-0.11663528385432581,-0.846609829324688,BALANCE,1,-9.447024855155602e-06
5.884,0.040065119997141706,0.0,0.04141748127291231,0.03970489714825216,0.4610803412546625,-3.6543792210906436,BALANCE,1,-9.447024855155602e-06
5.886,0.040065119997141706,0.0,0.04141748127291231,0.040304301591883224,0.29970222181553013,1.030616400161473,BALANCE,1,-9.447024855155602e-06
5.888,0.040065119997141706,0.0,0.04141748127291231,0.04069391448024341,0.19480644418009424,-0.2163834284153454,BALANCE,1,-9.447024855155602e-06
5.89,0.040065119997141706,0.0,0.039883500485026674,0.04041026958191756,-0.14182244916292538,-1.0240340933011725,BALANCE,1,-9.447024855155602e-06
5.892,0.040065119997141706,0.0,0.039883500485026674,0.040225900398005755,-0.09218459195590306,-3.7260018800284973,BALANCE,1,-9.447024855155602e-06
5.894,0.040065119997141706,0.0,0.039883500485026674,0.04010606042846308,-0.05991998477133595,-3.3319159933274265,BALANCE,1,-9.447024855155602e-06
5.896,0.040065119997141706,0.0,0.03834951969714103,0.03949127117250037,-0.3073946279813569,-3.0729683219377577,BALANCE,1,-9.447024855155602e-06
5.898,0.040065119997141706,0.0,0.039883500485026674,0.03962855143188458,0.06864012969210603,-5.081754568741188,BALANCE,1,-9.447024855155602e-06
5.9,0.040065119997141706,0.0,0.039883500485026674,0.03971778360048432,0.04461608429986996,-2.057313981504054,BALANCE,1,-9.447024855155602e-06
5.902,0.040065119997141706,0.0,0.039883500485026674,0.03977578451007415,0.02900045479491478,-2.2362088578058614,BALANCE,1,-9.447024855155602e-06
5.904,0.040065119997141706,0.0,0.039883500485026674,0.03981348510130754,0.01885029561669513,-2.349698682368098,BALANCE,1,-9.447024855155602e-06
5.906,0.040065119997141706,0.0,0.03834951969714103,0.03930109720984927,-0.2561939457291357,-2.4206752232995914,BALANCE,1,-9.447024855155602e-06
5.908,0.040065119997141706,0.0,0.03834951969714103,0.038968045080401394,-0.1665260647239382,-4.643912208111764,BALANCE,1,-9.447024855155602e-06
5.91,0.040065119997141706,0.0,0.04141748127291231,0.039825347747780224,0.428651333689415,-3.9387586788209763,BALANCE,1,-9.447024855155602e-06
5.912,0.040065119997141706,0.0,0.03834951969714103,0.03930880793005651,-0.25826990886185575,0.8820637380781342,BALANCE,1,-9.447024855155602e-06
5.914,0.040065119997141706,0.0,0.04141748127291231,0.040046843600056045,0.3690178349997665,-4.636436829809442,BALANCE,1,-9.447024855155602e-06
5.916,0.040065119997141706,0.0,0.03834951969714103,0.0394527802340358,-0.29703168301012384,0.43415663000351845,BALANCE,1,-9.447024855155602e-06
5.918,0.040065119997141706,0.0,0.04141748127291231,0.04014042559764258,0.3438226818033921,-4.921992759990012,BALANCE,1,-9.447024855155602e-06
5.92,0.040065119997141706,0.0,0.039883500485026674,0.04005050180822702,-0.0449618947077797,0.2541289654540515,BALANCE,1,-9.447024855155602e-06
5.922,0.040065119997141706,0.0,0.04295146206079795,0.04106583789662686,0.5076680441999173,-2.853532973638611,BALANCE,1,-9.447024855155602e-06
5.924,0.040065119997141706,0.0,0.04141748127291231,0.04118891307832677,0.061537590849956164,1.6366398705062801,BALANCE,1,-9.447024855155602e-06
5.926,0.040065119997141706,0.0,0.04141748127291231,0.041268911946431716,0.039999434052473415,-1.9167814627757487,BALANCE,1,-9.447024855155602e-06
5.928,0.040065119997141706,0.0,0.039883500485026674,0.04078401793493996,-0.24244700574587927,-2.076033002680027,BALANCE,1,-9.447024855155602e-06
5.93,0.040065119997141706,0.0,0.03834951969714103,0.03993194355171034,-0.42603719161480796,-4.356541358169366,BALANCE,1,-9.447024855155602e-06
5.932,0.040065119997141706,0.0,0.039883500485026674,0.03991498847837106,-0.008477536669639074,-5.868400919404231,BALANCE,1,-9.447024855155602e-06
5.934,0.040065119997141706,0.0,0.03834951969714103,0.03936707440494056,-0.2739570367152506,-2.520957986547563,BALANCE,1,-9.447024855155602e-06
5.936,0.040065119997141706,0.0,0.039883500485026674,0.039547823532970705,0.09037456401507146,-4.669795416437298,BALANCE,1,-9.447024855155602e-06
5.938,0.040065119997141706,0.0,0.04295146206079795,0.04073909701771025,0.5956367423697734,-1.7363880982063176,BALANCE,1,-9.447024855155602e-06
5.94,0.040065119997141706,0.0,0.03834951969714103,0.039902744955511035,-0.41817603109960827,2.3853335571192122,BALANCE,1,-9.447024855155602e-06
5.942,0.040065119997141706,0.0,0.03834951969714103,0.03935911611508154,-0.2718144202147471,-5.767369205376691,BALANCE,1,-9.447024855155602e-06
5.944,0.040065119997141706,0.0,0.039883500485026674,0.03954265064456235,0.09176726474040275,-4.621222225500555,BALANCE,1,-9.447024855155602e-06
5.946,0.040065119997141706,0.0,0.039883500485026674,0.03966194808872487,0.05964872208126179,-1.6936481439615956,BALANCE,1,-9.447024855155602e-06
5.948,0.040065119997141706,0.0,0.04141748127291231,0.04027638470319048,0.30721830723280663,-1.9355062489672266,BALANCE,1,-9.447024855155602e-06
5.95,0.040065119997141706,0.0,0.04141748127291231,0.04067576850259313,0.19969189970132223,0.08997190605370697,BALANCE,1,-9.447024855155602e-06
5.952,0.040065119997141706,0.0,0.04141748127291231,0.04093536797220485,0.12979973480586188,-0.7381411725334912,BALANCE,1,-9.447024855155602e-06
5.954,0.040065119997141706,0.0,0.03681553890925539,0.039493427800172544,-0.7209700860161539,-1.2735154499260295,BALANCE,1,-9.447024855155602e-06
5.956,0.040065119997141706,0.0,0.04295146206079795,0.04070373979139144,0.6051559956094487,-8.158291741264058,BALANCE,1,-9.447024855155602e-06
5.958,0.040065119997141706,0.0,0.04141748127291231,0.04095354930992375,0.12490475926615549,2.5314763791721724,BALANCE,1,-9.447024855155602e-06
5.96,0.040065119997141706,0.0,0.03834951969714103,0.04004213894544981,-0.4557051822369727,-1.2873542306002497,BALANCE,1,-9.447024855155602e-06
5.962,0.040065119997141706,0.0,0.03834951969714103,0.039449722208541746,-0.29620836845403037,-5.978909956704622,BALANCE,1,-9.447024855155602e-06
5.964,0.040065119997141706,0.0,0.039883500485026674,0.03960154460531148,0.07591119838486551,-4.730590506213858,BALANCE,1,-9.447024855155602e-06
5.966,0.040065119997141706,0.0,0.04141748127291231,0.040237122438971776,0.31778891683014937,-1.736604318775444,BALANCE,1,-9.447024855155602e-06
5.968,0.040065119997141706,0.0,0.039883500485026674,0.040113354755091,-0.061883841940387624,0.24459952329423817,BALANCE,1,-9.447024855155602e-06
5.97,0.040065119997141706,0.0,0.039883500485026674,0.04003290576056849,-0.040224497261254905,-2.7921859369518867,BALANCE,1,-9.447024855155602e-06
5.972,0.040065119997141706,0.0,0.03834951969714103,0.03944372063836889,-0.2945925610998018,-2.6157315380380615,BALANCE,1,-9.447024855155602e-06
5.974,0.040065119997141706,0.0,0.03834951969714103,0.03906075030893914,-0.19148516471487187,-4.678138411950738,BALANCE,1,-9.447024855155602e-06
5.976,0.040065119997141706,0.0,0.03681553890925539,0.038274926319049836,-0.3929119949446537,-3.868445310575296,BALANCE,1,-9.447024855155602e-06
5.978,0.040065119997141706,0.0,0.039883500485026674,0.038837927277141734,0.2815004790459492,-5.519354406543098,BALANCE,1,-9.447024855155602e-06
5.98,0.040065119997141706,0.0,0.039883500485026674,0.03920387789990147,0.18297531137986822,-0.08250697167733367,BALANCE,1,-9.447024855155602e-06
5.982,0.040065119997141706,0.0,0.039883500485026674,0.0394417458046953,0.11893395239691296,-0.8409105000604167,BALANCE,1,-9.447024855155602e-06
5.984,0.040065119997141706,0.0,0.04141748127291231,0.04013325321857126,0.3457537069379811,-1.3310809484754897,BALANCE,1,-9.447024855155602e-06
5.986,0.040065119997141706,0.0,0.03834951969714103,0.03950894648607069,-0.31215336625028606,0.5329941833293272,BALANCE,1,-9.447024855155602e-06
5.988,0.040065119997141706,0.0,0.039883500485026674,0.03964004038570529,0.06554694981730086,-4.759819016829631,BALANCE,1,-9.447024855155602e-06
5.99,0.040065119997141706,0.0,0.04141748127291231,0.040262144696227756,0.3110521552612336,-1.722422846233718,BALANCE,1,-9.447024855155602e-06
5.992,0.040065119997141706,0.0,0.044485442848683596,0.04174029904958731,0.7390771766797761,0.286997484888337,BALANCE,1,-9.447024855155602e-06
5.994,0.040065119997141706,0.0,0.03834951969714103,0.04055352627623112,-0.5933863866780936,3.8082349772481674,BALANCE,1,-9.447024855155602e-06
5.996,0.040065119997141706,0.0,0.03681553890925539,0.039245230697789624,-0.6541477892207486,-6.914569190760915,BALANCE,1,-9.447024855155602e-06
5.998,0.040065119997141706,0.0,0.04295146206079795,0.04054241167484254,0.6485904885264598,-7.471309099669087,BALANCE,1,-9.447024855155602e-06
