t,th,om,th_meas,th_hat,om_hat,duty,mode,valid,E
0.0,0.17453292519943295,0.0,0.17333982903107745,0.17411534154050853,-0.2087918294622071,0.0,BALANCE,1,-0.0003219176367725169
0.002,0.17453292519943295,0.0,0.1718058482431918,0.17330701888644767,-0.4041613270304306,2.2028522312602394,BALANCE,1,-0.0003219176367725169
0.004,0.17453292519943295,0.0,0.17487380981896308,0.17385539571282807,0.27418841319019893,1.8303575922242878,BALANCE,1,-0.0003219176367725169
0.006,0.17453292519943295,0.0,0.17333982903107745,0.17367494737421535,-0.09022416930636046,3.258646169476924,BALANCE,1,-0.0003219176367725169
0.008,0.17453292519943295,0.0,0.17487380981896308,0.17409454922987705,0.20980092783084991,2.547962753434553,BALANCE,1,-0.0003219176367725169
0.01,0.17453292519943295,0.0,0.17487380981896308,0.17436729043605717,0.13637060309006077,3.222047134670908,BALANCE,1,-0.0003219176367725169
0.012,0.17453292519943295,0.0,0.17487380981896308,0.17454457222007425,0.08864089200853742,3.1168465672727748,BALANCE,1,-0.0003219176367725169
0.014,0.17453292519943295,0.0,0.17487380981896308,0.17465980537968534,0.05761657980554724,3.062005402350539,BALANCE,1,-0.0003219176367725169
0.016,0.17453292519943295,0.0,0.17333982903107745,0.1741978136576726,-0.23099586100637504,3.0403611259983694,BALANCE,1,-0.0003219176367725169
0.018000000000000002,0.17453292519943295,0.0,0.17487380981896308,0.17443441231412427,0.11829932822583766,2.443330686253331,BALANCE,1,-0.0003219176367725169
0.02,0.17453292519943295,0.0,0.17333982903107745,0.17405130816505787,-0.19155207453319667,3.2577165575392346,BALANCE,1,-0.0003219176367725169
0.022,0.17453292519943295,0.0,0.17487380981896308,0.1743391837439247,0.14393778943341817,2.6022422676939385,BALANCE,1,-0.0003219176367725169
0.024,0.17453292519943295,0.0,0.17487380981896308,0.17452630287018814,0.09355956313171487,3.404428211997283,BALANCE,1,-0.0003219176367725169
0.026000000000000002,0.17453292519943295,0.0,0.17333982903107745,0.17411103702649938,-0.20763292184437787,3.3384460439533465,BALANCE,1,-0.0003219176367725169
0.028,0.17453292519943295,0.0,0.17333982903107745,0.1738411142281017,-0.13496139919884353,2.679970591695902,BALANCE,1,-0.0003219176367725169
0.03,0.17453292519943295,0.0,0.17333982903107745,0.17366566440914322,-0.08772490947923928,2.8829743061665027,BALANCE,1,-0.0003219176367725169
0.032,0.17453292519943295,0.0,0.17333982903107745,0.1735516220268202,-0.05702119116150761,3.0312128333453,BALANCE,1,-0.0003219176367725169
0.034,0.17453292519943295,0.0,0.17640779060684875,0.1745512810298302,0.4998295015049975,3.143540989912096,BALANCE,1,-0.0003219176367725169
0.036000000000000004,0.17453292519943295,0.0,0.17333982903107745,0.17412727283026674,-0.2120040997817263,4.544645672369881,BALANCE,1,-0.0003219176367725169
0.038,0.17453292519943295,0.0,0.17333982903107745,0.17385166750055048,-0.1378026648581332,2.8616148544862514,BALANCE,1,-0.0003219176367725169
0.04,0.17453292519943295,0.0,0.17487380981896308,0.17420941731199488,0.1788749057222011,3.0776910411442917,BALANCE,1,-0.0003219176367725169
0.042,0.17453292519943295,0.0,0.17487380981896308,0.17444195468943374,0.11626868871943141,3.9105817033035826,BALANCE,1,-0.0003219176367725169
0.044,0.17453292519943295,0.0,0.17333982903107745,0.17405621070900903,-0.1928719902123538,3.8069471933047363,BALANCE,1,-0.0003219176367725169
0.046,0.17453292519943295,0.0,0.17487380981896308,0.17434237039749295,0.1430798442419584,3.065614515370055,BALANCE,1,-0.0003219176367725169
0.048,0.17453292519943295,0.0,0.17794177139473438,0.17560216074652746,0.6298951745172532,3.968667671838903,BALANCE,1,-0.0003219176367725169
0.05,0.17453292519943295,0.0,0.17794177139473438,0.17642102447339988,0.4094318634362132,5.295674784789054,BALANCE,1,-0.0003219176367725169
0.052000000000000005,0.17453292519943295,0.0,0.17333982903107745,0.17534260606858704,-0.5392092024064238,4.799243970194585,BALANCE,1,-0.0003219176367725169
0.054,0.17453292519943295,0.0,0.17640779060684875,0.17571542065697865,0.18640729419580615,2.3445897277459147,BALANCE,1,-0.0003219176367725169
0.056,0.17453292519943295,0.0,0.17640779060684875,0.17595775013943318,0.12116474122726706,4.306503087563147,BALANCE,1,-0.0003219176367725169
0.058,0.17453292519943295,0.0,0.17487380981896308,0.17557837102726864,-0.18968955608227034,4.187816996607251,BALANCE,1,-0.0003219176367725169
0.06,0.17453292519943295,0.0,0.17487380981896308,0.1753317746043617,-0.12329821145347364,3.3915318703440263,BALANCE,1,-0.0003219176367725169
0.062,0.17453292519943295,0.0,0.17333982903107745,0.1746345936537122,-0.34859047532474763,3.609199999751162,BALANCE,1,-0.0003219176367725169
0.064,0.17453292519943295,0.0,0.17333982903107745,0.17418142603579004,-0.2265838089610811,3.0204758591994105,BALANCE,1,-0.0003219176367725169
0.066,0.17453292519943295,0.0,0.1718058482431918,0.17334997380838066,-0.4157261137046897,3.387254062830562,BALANCE,1,-0.0003219176367725169
0.068,0.17453292519943295,0.0,0.17640779060684875,0.1744202096878445,0.5351179397319189,2.8832272213963135,BALANCE,1,-0.0003219176367725169
0.07,0.17453292519943295,0.0,0.17487380981896308,0.174578969733736,0.07938002294574642,5.620470828559642,BALANCE,1,-0.0003219176367725169
0.07200000000000001,0.17453292519943295,0.0,0.17487380981896308,0.17468216376356546,0.05159701491473656,4.38985358073163,BALANCE,1,-0.0003219176367725169
0.074,0.17453292519943295,0.0,0.17333982903107745,0.17421234660719465,-0.23490857818540822,4.3621042506203915,BALANCE,1,-0.0003219176367725169
0.076,0.17453292519943295,0.0,0.17333982903107745,0.17390696545555362,-0.15269057582051326,3.5736319357994706,BALANCE,1,-0.0003219176367725169
0.078,0.17453292519943295,0.0,0.17487380981896308,0.17424536098274693,0.16919776359665406,3.8487394337390324,BALANCE,1,-0.0003219176367725169
0.08,0.17453292519943295,0.0,0.17333982903107745,0.1739284247996626,-0.15846809154215769,4.845765057221165,BALANCE,1,-0.0003219176367725169
0.082,0.17453292519943295,0.0,0.17487380981896308,0.17425930955641777,0.16544237837758102,3.9213200046868795,BALANCE,1,-0.0003219176367725169
0.084,0.17453292519943295,0.0,0.17333982903107745,0.17393749137254866,-0.16090909193455794,4.940068278800957,BALANCE,1,-0.0003219176367725169
0.08600000000000001,0.17453292519943295,0.0,0.17333982903107745,0.17372830955303373,-0.10459090975746543,4.003955389869684,BALANCE,1,-0.0003219176367725169
0.088,0.17453292519943295,0.0,0.17487380981896308,0.174129234646109,0.20046254653763307,4.215070382097726,BALANCE,1,-0.0003219176367725169
0.09,0.17453292519943295,0.0,0.17333982903107745,0.17385294268084794,-0.1381459826305248,5.203171094405012,BALANCE,1,-0.0003219176367725169
0.092,0.17453292519943295,0.0,0.17487380981896308,0.17421024617918823,0.17865174917014448,4.208123756973821,BALANCE,1,-0.0003219176367725169
0.094,0.17453292519943295,0.0,0.17487380981896308,0.17444249345310944,0.11612363696060501,5.246091231757632,BALANCE,1,-0.0003219176367725169
0.096,0.17453292519943295,0.0,0.1718058482431918,0.17351966762963827,-0.4614129117355842,5.1101557818707075,BALANCE,1,-0.0003219176367725169
0.098,0.17453292519943295,0.0,0.1718058482431918,0.172919830844382,-0.2999183926281346,3.320826684105316,BALANCE,1,-0.0003219176367725169
0.1,0.17453292519943295,0.0,0.17794177139473438,0.17467751003700532,0.8788395963116591,3.8584604815011003,BALANCE,1,-0.0003219176367725169
0.10200000000000001,0.17453292519943295,0.0,0.17487380981896308,0.17474621496069054,0.03435246184260721,7.715801679636384,BALANCE,1,-0.0003219176367725169
0.10400000000000001,0.17453292519943295,0.0,0.17333982903107745,0.17425397988532595,-0.2461175376822916,5.066789500685974,BALANCE,1,-0.0003219176367725169
0.106,0.17453292519943295,0.0,0.17487380981896308,0.17447092036209894,0.1084702383864905,4.195699554945164,BALANCE,1,-0.0003219176367725169
0.108,0.17453292519943295,0.0,0.17333982903107745,0.17407503839624142,-0.19794098292875983,5.406508904898872,BALANCE,1,-0.0003219176367725169
0.11,0.17453292519943295,0.0,0.17487380981896308,0.174354608394194,0.13978499897629448,4.440791644946369,BALANCE,1,-0.0003219176367725169
0.112,0.17453292519943295,0.0,0.17487380981896308,0.1745363288928632,0.0908602493345928,5.615810491809216,BALANCE,1,-0.0003219176367725169
0.114,0.17453292519943295,0.0,0.17640779060684875,0.17519134049275814,0.3275057999474751,5.511951136632149,BALANCE,1,-0.0003219176367725169
0.116,0.17453292519943295,0.0,0.17027186745530618,0.17346952492964995,-0.8609077815540933,6.379829512897586,BALANCE,1,-0.0003219176367725169
0.11800000000000001,0.17453292519943295,0.0,0.17333982903107745,0.1734241313651496,-0.0226967822501839,2.365099840258226,BALANCE,1,-0.0003219176367725169
0.12,0.17453292519943295,0.0,0.17640779060684875,0.17446841209974429,0.5221403672973496,5.258810248559424,BALANCE,1,-0.0003219176367725169
0.122,0.17453292519943295,0.0,0.17640779060684875,0.17514719457723085,0.3393912387432835,7.211943913999522,BALANCE,1,-0.0003219176367725169
0.124,0.17453292519943295,0.0,0.17487380981896308,0.17505150991183713,-0.047842332696862444,6.662019336275816,BALANCE,1,-0.0003219176367725169
0.126,0.17453292519943295,0.0,0.17333982903107745,0.17445242160357124,-0.29954415413294133,5.370267197759685,BALANCE,1,-0.0003219176367725169
0.128,0.17453292519943295,0.0,0.17640779060684875,0.17513680075471838,0.34218957557356766,4.522778717254346,BALANCE,1,-0.0003219176367725169
0.13,0.17453292519943295,0.0,0.17640779060684875,0.17558164720296401,0.2224232241228169,6.856488385415807,BALANCE,1,-0.0003219176367725169
0.132,0.17453292519943295,0.0,0.17640779060684875,0.17587079739432368,0.14457509567983307,6.5041615925050795,BALANCE,1,-0.0003219176367725169
0.134,0.17453292519943295,0.0,0.17333982903107745,0.1749849584671875,-0.44291946356808665,6.292532561154616,BALANCE,1,-0.0003219176367725169
0.136,0.17453292519943295,0.0,0.17333982903107745,0.174409163164549,-0.2878976513192577,4.206802528102717,BALANCE,1,-0.0003219176367725169
0.138,0.17453292519943295,0.0,0.1718058482431918,0.173498002942074,-0.4555801112375024,4.797976603537339,BALANCE,1,-0.0003219176367725169
0.14,0.17453292519943295,0.0,0.17794177139473438,0.17505332190050513,0.77765947921557,4.207507925457678,BALANCE,1,-0.0003219176367725169
0.14200000000000002,0.17453292519943295,0.0,0.17794177139473438,0.17606427922348536,0.5054786614901163,8.832481729329015,BALANCE,1,-0.0003219176367725169
0.14400000000000002,0.17453292519943295,0.0,0.17027186745530618,0.17403693510462265,-1.0136720594313557,7.926315068875434,BALANCE,1,-0.0003219176367725169
0.146,0.17453292519943295,0.0,0.1718058482431918,0.17325605470312186,-0.3904402007503943,2.273815295041811,BALANCE,1,-0.0003219176367725169
0.148,0.17453292519943295,0.0,0.17487380981896308,0.1738222689936663,0.2831071452722156,4.621096968136526,BALANCE,1,-0.0003219176367725169
0.15,0.17453292519943295,0.0,0.17640779060684875,0.17472720155828014,0.4524662823069264,7.226415013278843,BALANCE,1,-0.0003219176367725169
0.152,0.17453292519943295,0.0,0.17487380981896308,0.17477851444951917,0.025656445619512414,7.958300000148234,BALANCE,1,-0.0003219176367725169
0.154,0.17453292519943295,0.0,0.17487380981896308,0.17481186782882455,0.016676689652689314,6.394622611727029,BALANCE,1,-0.0003219176367725169
0.156,0.17453292519943295,0.0,0.17487380981896308,0.17483354752537303,0.010839848274241115,6.417981605696533,BALANCE,1,-0.0003219176367725169
0.158,0.17453292519943295,0.0,0.17333982903107745,0.17431074605236957,-0.26140073650172957,6.452963812971126,BALANCE,1,-0.0003219176367725169
0.16,0.17453292519943295,0.0,0.1718058482431918,0.17343403181915734,-0.438357116606114,5.434013811892817,BALANCE,1,-0.0003219176367725169
0.162,0.17453292519943295,0.0,0.1718058482431918,0.1728641675675694,-0.2849321257939741,4.765040356277867,BALANCE,1,-0.0003219176367725169
0.164,0.17453292519943295,0.0,0.17640779060684875,0.17410443563131717,0.6201340318738868,5.399510058868144,BALANCE,1,-0.0003219176367725169
0.166,0.17453292519943295,0.0,0.17947575218262002,0.17598439642427316,0.9399803964779962,9.07785116926773,BALANCE,1,-0.0003219176367725169
0.168,0.17453292519943295,0.0,0.17333982903107745,0.17505879783665465,-0.46279929380925455,10.483433483550215,BALANCE,1,-0.0003219176367725169
0.17,0.17453292519943295,0.0,0.17333982903107745,0.17445715875470263,-0.3008195409760078,4.902593775410068,BALANCE,1,-0.0003219176367725169
0.17200000000000001,0.17453292519943295,0.0,0.17640779060684875,0.17513987990295377,0.3413605741255654,5.58568085488322,BALANCE,1,-0.0003219176367725169
0.17400000000000002,0.17453292519943295,0.0,0.17640779060684875,0.175583648649317,0.22188437318161613,8.267286657557106,BALANCE,1,-0.0003219176367725169
0.176,0.17453292519943295,0.0,0.17487380981896308,0.17533520505869313,-0.12422179531193511,7.85924110575502,BALANCE,1,-0.0003219176367725169
0.178,0.17453292519943295,0.0,0.17640779060684875,0.1757106100005476,0.18770247092723957,6.492555358396931,BALANCE,1,-0.0003219176367725169
0.18,0.17453292519943295,0.0,0.1718058482431918,0.17434394338547307,-0.6833333075372677,7.850381953907621,BALANCE,1,-0.0003219176367725169
0.182,0.17453292519943295,0.0,0.17333982903107745,0.1739925033614346,-0.17572001201923704,4.247918360837387,BALANCE,1,-0.0003219176367725169
0.184,0.17453292519943295,0.0,0.17794177139473438,0.1753747471730895,0.6911219058274576,6.403451038494629,BALANCE,1,-0.0003219176367725169
0.186,0.17453292519943295,0.0,0.17487380981896308,0.17519941909914527,-0.087664036972121,10.149925943594607,BALANCE,1,-0.0003219176367725169
0.188,0.17453292519943295,0.0,0.17333982903107745,0.17454856257532153,-0.3254282619118698,6.924964330605857,BALANCE,1,-0.0003219176367725169
0.19,0.17453292519943295,0.0,0.17640779060684875,0.17519929238635606,0.32536490551726693,5.9501084255161745,BALANCE,1,-0.0003219176367725169
0.192,0.17453292519943295,0.0,0.17487380981896308,0.1750853734877685,-0.05695944929377805,8.808691176333458,BALANCE,1,-0.0003219176367725169
0.194,0.17453292519943295,0.0,0.17487380981896308,0.17501132620368662,-0.037023642040945326,7.227723567328347,BALANCE,1,-0.0003219176367725169
0.196,0.17453292519943295,0.0,0.17333982903107745,0.1744263021932734,-0.2925120052066077,7.370841683040179,BALANCE,1,-0.0003219176367725169
0.198,0.17453292519943295,0.0,0.17487380981896308,0.17458292986226479,0.07831383449569129,6.299712153448242,BALANCE,1,-0.0003219176367725169
0.2,0.17453292519943295,0.0,0.17333982903107745,0.17414784457134921,-0.21754264545778557,7.981426980278482,BALANCE,1,-0.0003219176367725169
0.202,0.17453292519943295,0.0,0.17487380981896308,0.17440193240801408,0.12704391833243123,6.7282307393467615,BALANCE,1,-0.0003219176367725169
0.20400000000000001,0.17453292519943295,0.0,0.1718058482431918,0.17349330295032628,-0.45431472884389923,8.317100626095984,BALANCE,1,-0.0003219176367725169
0.20600000000000002,0.17453292519943295,0.0,0.17487380981896308,0.17397648035434915,0.241588702011436,5.7653178349327225,BALANCE,1,-0.0003219176367725169
0.20800000000000002,0.17453292519943295,0.0,0.17487380981896308,0.17429054566696403,0.15703265630744034,8.944162148396927,BALANCE,1,-0.0003219176367725169
0.21,0.17453292519943295,0.0,0.17487380981896308,0.1744946881201637,0.10207122659983137,8.642179576792168,BALANCE,1,-0.0003219176367725169
0.212,0.17453292519943295,0.0,0.17487380981896308,0.17462738071474349,0.06634629728989594,8.466524874627662,BALANCE,1,-0.0003219176367725169
0.214,0.17453292519943295,0.0,0.17487380981896308,0.17471363090122036,0.04312509323843583,8.373505629250099,BALANCE,1,-0.0003219176367725169
0.216,0.17453292519943295,0.0,0.17333982903107745,0.17423280024667034,-0.24041532727500647,8.334564659306965,BALANCE,1,-0.0003219176367725169
0.218,0.17453292519943295,0.0,0.17487380981896308,0.1744571535969728,0.11217667515123209,7.079778472476048,BALANCE,1,-0.0003219176367725169
0.22,0.17453292519943295,0.0,0.17333982903107745,0.17406608999890943,-0.19553179903168683,8.772244950699324,BALANCE,1,-0.0003219176367725169
0.222,0.17453292519943295,0.0,0.17640779060684875,0.17488568521168818,0.4097976063893727,7.39666987618249,BALANCE,1,-0.0003219176367725169
0.224,0.17453292519943295,0.0,0.17487380981896308,0.17488152882423438,-0.0020781937268982142,10.307245971795593,BALANCE,1,-0.0003219176367725169
0.226,0.17453292519943295,0.0,0.17333982903107745,0.17434193389662944,-0.2697974638024708,8.449761199015974,BALANCE,1,-0.0003219176367725169
0.228,0.17453292519943295,0.0,0.1718058482431918,0.17345430391792627,-0.4438149893515875,7.232994356626233,BALANCE,1,-0.0003219176367725169
0.23,0.17453292519943295,0.0,0.1718058482431918,0.17287734443176922,-0.28847974307852353,6.434696107092411,BALANCE,1,-0.0003219176367725169
0.232,0.17453292519943295,0.0,0.17333982903107745,0.1730392140415271,0.080934804878946,7.206675086983224,BALANCE,1,-0.0003219176367725169
0.234,0.17453292519943295,0.0,0.17487380981896308,0.1736813225636297,0.32105426105129287,9.036793832918399,BALANCE,1,-0.0003219176367725169
0.23600000000000002,0.17453292519943295,0.0,0.17333982903107745,0.1735617998272364,-0.05976136819664524,10.280654192592527,BALANCE,1,-0.0003219176367725169
0.23800000000000002,0.17453292519943295,0.0,0.17333982903107745,0.17348411004858078,-0.038844889327815935,8.508505574912702,BALANCE,1,-0.0003219176367725169
0.24,0.17453292519943295,0.0,0.17487380981896308,0.1739705049682146,0.24319745981690732,8.670568294800363,BALANCE,1,-0.0003219176367725169
0.242,0.17453292519943295,0.0,0.17640779060684875,0.17482355494173654,0.42652498676097605,10.128814305369422,BALANCE,1,-0.0003219176367725169
0.244,0.17453292519943295,0.0,0.17794177139473438,0.1759149307002858,0.5456878792746284,11.130474884211209,BALANCE,1,-0.0003219176367725169
0.246,0.17453292519943295,0.0,0.17487380981896308,0.17555053839182286,-0.1821961542314704,11.83419173063768,BALANCE,1,-0.0003219176367725169
0.248,0.17453292519943295,0.0,0.17487380981896308,0.17531368339132195,-0.11842750025045645,8.295543673668297,BALANCE,1,-0.0003219176367725169
0.25,0.17453292519943295,0.0,0.17794177139473438,0.1762335141925163,0.45991540059717173,8.666030663012597,BALANCE,1,-0.0003219176367725169
0.252,0.17453292519943295,0.0,0.17487380981896308,0.17575761766177267,-0.23794826537180958,11.656065587114666,BALANCE,1,-0.0003219176367725169
0.254,0.17453292519943295,0.0,0.17333982903107745,0.17491139164102934,-0.4231130103716646,8.210091019604553,BALANCE,1,-0.0003219176367725169
0.256,0.17453292519943295,0.0,0.17487380981896308,0.17489823800330614,-0.006576818861597777,7.304635267354999,BALANCE,1,-0.0003219176367725169
0.258,0.17453292519943295,0.0,0.17487380981896308,0.17488968813878608,-0.004274932260031616,9.473712415195099,BALANCE,1,-0.0003219176367725169
0.26,0.17453292519943295,0.0,0.17640779060684875,0.175421024002608,0.2656679319109623,9.55222529194907,BALANCE,1,-0.0003219176367725169
0.262,0.17453292519943295,0.0,0.17487380981896308,0.1752294990383323,-0.09576248213785665,11.022176877048828,BALANCE,1,-0.0003219176367725169
0.264,0.17453292519943295,0.0,0.17487380981896308,0.17510500781155308,-0.062245613389605436,9.229790761747442,BALANCE,1,-0.0003219176367725169
0.266,0.17453292519943295,0.0,0.17640779060684875,0.17556098178990656,0.22798698917673998,9.463867013877543,BALANCE,1,-0.0003219176367725169
0.268,0.17453292519943295,0.0,0.17640779060684875,0.17585736487583634,0.14819154296488724,11.055247975369097,BALANCE,1,-0.0003219176367725169
0.27,0.17453292519943295,0.0,0.1718058482431918,0.17443933405441076,-0.7090154107127905,10.724664075809896,BALANCE,1,-0.0003219176367725169
0.272,0.17453292519943295,0.0,0.1718058482431918,0.17351761402048413,-0.46086001696331313,6.249369193863718,BALANCE,1,-0.0003219176367725169
0.274,0.17453292519943295,0.0,0.17487380981896308,0.17399228254995175,0.23733426473381003,7.570727662636703,BALANCE,1,-0.0003219176367725169
0.276,0.17453292519943295,0.0,0.17333982903107745,0.17376392381834574,-0.11417936580300492,11.339123153305236,BALANCE,1,-0.0003219176367725169
0.278,0.17453292519943295,0.0,0.17333982903107745,0.17361549064280185,-0.07421658777194418,9.537324278997488,BALANCE,1,-0.0003219176367725169
0.28,0.17453292519943295,0.0,0.17487380981896308,0.17405590235445828,0.22020585582821495,9.810875993875351,BALANCE,1,-0.0003219176367725169
0.28200000000000003,0.17453292519943295,0.0,0.17640779060684875,0.17487906324279495,0.4115804441683357,11.474135211829463,BALANCE,1,-0.0003219176367725169
0.28400000000000003,0.17453292519943295,0.0,0.17487380981896308,0.17487722454445379,-0.000919349170583339,12.612650678865275,BALANCE,1,-0.0003219176367725169
0.28600000000000003,0.17453292519943295,0.0,0.17333982903107745,0.17433913611477206,-0.2690442148408634,10.46164343098919,BALANCE,1,-0.0003219176367725169
0.28800000000000003,0.17453292519943295,0.0,0.17640779060684875,0.1750631651869989,0.36201453611342527,9.053370104403367,BALANCE,1,-0.0003219176367725169
0.29,0.17453292519943295,0.0,0.17640779060684875,0.17553378408394635,0.23530944847371948,12.589932697441224,BALANCE,1,-0.0003219176367725169
0.292,0.17453292519943295,0.0,0.17487380981896308,0.1753027930912022,-0.11549549637207557,11.994360317878916,BALANCE,1,-0.0003219176367725169
0.294,0.17453292519943295,0.0,0.1718058482431918,0.17407886239439857,-0.6119653484018134,10.130646302784323,BALANCE,1,-0.0003219176367725169
0.296,0.17453292519943295,0.0,0.17640779060684875,0.17489398726875613,0.4075624371787795,7.403648822666012,BALANCE,1,-0.0003219176367725169
0.298,0.17453292519943295,0.0,0.17487380981896308,0.17488692516132856,-0.003531053713784482,13.154427366562567,BALANCE,1,-0.0003219176367725169
0.3,0.17453292519943295,0.0,0.17333982903107745,0.17434544151574066,-0.270741822793949,10.943117480256129,BALANCE,1,-0.0003219176367725169
0.302,0.17453292519943295,0.0,0.17333982903107745,0.17399347714610855,-0.17598218481605643,9.495504158174692,BALANCE,1,-0.0003219176367725169
0.304,0.17453292519943295,0.0,0.17333982903107745,0.17376470030584767,-0.11438842013043737,10.078745005758766,BALANCE,1,-0.0003219176367725169
0.306,0.17453292519943295,0.0,0.17487380981896308,0.17415288863543807,0.19409416479519714,10.48448146906485,BALANCE,1,-0.0003219176367725169
0.308,0.17453292519943295,0.0,0.17947575218262002,0.17601589087695174,0.9315011207568363,12.319954722885692,BALANCE,1,-0.0003219176367725169
0.31,0.17453292519943295,0.0,0.17487380981896308,0.1756161625066557,-0.19986418514801596,16.677006431305614,BALANCE,1,-0.0003219176367725169
0.312,0.17453292519943295,0.0,0.17333982903107745,0.1748194457902033,-0.39835835822620014,10.283829931207777,BALANCE,1,-0.0003219176367725169
0.314,0.17453292519943295,0.0,0.17640779060684875,0.17537536647602922,0.2779603429129557,9.17760985409169,BALANCE,1,-0.0003219176367725169
0.316,0.17453292519943295,0.0,0.17487380981896308,0.17519982164605608,-0.08777241498657273,13.166300938255949,BALANCE,1,-0.0003219176367725169
0.318,0.17453292519943295,0.0,0.17487380981896308,0.17508571750657353,-0.057052069741270195,11.120503570311802,BALANCE,1,-0.0003219176367725169
0.32,0.17453292519943295,0.0,0.17333982903107745,0.1744746565401499,-0.3055304832118161,11.365732773703325,BALANCE,1,-0.0003219176367725169
0.322,0.17453292519943295,0.0,0.17487380981896308,0.17461436018773452,0.06985182379230792,9.96022890421574,BALANCE,1,-0.0003219176367725169
0.324,0.17453292519943295,0.0,0.17333982903107745,0.17416827428290454,-0.22304295241498684,12.234145831663787,BALANCE,1,-0.0003219176367725169
0.326,0.17453292519943295,0.0,0.17487380981896308,0.17441521172052504,0.12346871881024901,10.565591343964735,BALANCE,1,-0.0003219176367725169
0.328,0.17453292519943295,0.0,0.17333982903107745,0.1740388277792184,-0.18819197065332582,12.693962387589792,BALANCE,1,-0.0003219176367725169
0.33,0.17453292519943295,0.0,0.17640779060684875,0.17486796476888902,0.41456849483531566,10.904546930949756,BALANCE,1,-0.0003219176367725169
0.332,0.17453292519943295,0.0,0.17333982903107745,0.17433311726065498,-0.2674237541170216,14.604205520131291,BALANCE,1,-0.0003219176367725169
0.334,0.17453292519943295,0.0,0.17487380981896308,0.1745223596560628,0.09462119770391186,10.584049061862276,BALANCE,1,-0.0003219176367725169
0.336,0.17453292519943295,0.0,0.17333982903107745,0.17410847393731793,-0.20694285937243595,12.836405047792997,BALANCE,1,-0.0003219176367725169
0.338,0.17453292519943295,0.0,0.17333982903107745,0.17383944822013375,-0.1345128585920896,11.076179273986005,BALANCE,1,-0.0003219176367725169
0.34,0.17453292519943295,0.0,0.17333982903107745,0.17366458150396405,-0.08743335808485131,11.572985181906766,BALANCE,1,-0.0003219176367725169
0.342,0.17453292519943295,0.0,0.17333982903107745,0.17355091813845375,-0.05683168275515127,11.92351551698957,BALANCE,1,-0.0003219176367725169
0.34400000000000003,0.17453292519943295,0.0,0.17487380981896308,0.174013930226632,0.23150604408912756,12.17865501305662,BALANCE,1,-0.0003219176367725169
0.34600000000000003,0.17453292519943295,0.0,0.17333982903107745,0.1737779948081879,-0.11796770922205269,14.041412192814455,BALANCE,1,-0.0003219176367725169
0.34800000000000003,0.17453292519943295,0.0,0.17487380981896308,0.17416153006195922,0.19176762688566384,11.962283133789532,BALANCE,1,-0.0003219176367725169
0.35000000000000003,0.17453292519943295,0.0,0.17333982903107745,0.1738739347011506,-0.14379768040431729,13.96653136708011,BALANCE,1,-0.0003219176367725169
0.352,0.17453292519943295,0.0,0.17333982903107745,0.173686997716625,-0.0934684922627993,11.953877823106673,BALANCE,1,-0.0003219176367725169
0.354,0.17453292519943295,0.0,0.17487380981896308,0.17410238195244332,0.20769211790916398,12.331699243950817,BALANCE,1,-0.0003219176367725169
0.356,0.17453292519943295,0.0,0.17333982903107745,0.17383548842996527,-0.13344676123902555,14.307561973157755,BALANCE,1,-0.0003219176367725169
0.358,0.17453292519943295,0.0,0.17640779060684875,0.1747357941918745,0.45015288095461015,12.237600281165607,BALANCE,1,-0.0003219176367725169
0.36,0.17453292519943295,0.0,0.17027186745530618,0.17317341983407558,-0.7811871788994534,16.028787032596185,BALANCE,1,-0.0003219176367725169
0.362,0.17453292519943295,0.0,0.17333982903107745,0.17323166305302623,0.029121609475324384,8.261123550115222,BALANCE,1,-0.0003219176367725169
0.364,0.17453292519943295,0.0,0.17640779060684875,0.17434330769686412,0.5558223219189473,13.463339612936297,BALANCE,1,-0.0003219176367725169
0.366,0.17453292519943295,0.0,0.17640779060684875,0.17506587671535875,0.36128450924731437,16.949150541504167,BALANCE,1,-0.0003219176367725169
0.368,0.17453292519943295,0.0,0.17333982903107745,0.1744617600258603,-0.3020583447492231,15.832159036823832,BALANCE,1,-0.0003219176367725169
0.37,0.17453292519943295,0.0,0.17487380981896308,0.17460597745344628,0.07210871379298434,11.634509759307765,BALANCE,1,-0.0003219176367725169
0.372,0.17453292519943295,0.0,0.17794177139473438,0.17577350533289712,0.5837639397254235,14.12274349051421,BALANCE,1,-0.0003219176367725169
0.374,0.17453292519943295,0.0,0.17333982903107745,0.17492171862726025,-0.42589335281843776,17.567720963199747,BALANCE,1,-0.0003219176367725169
0.376,0.17453292519943295,0.0,0.17640779060684875,0.1754418438201162,0.2600625964279818,11.069215497584779,BALANCE,1,-0.0003219176367725169
0.378,0.17453292519943295,0.0,0.17333982903107745,0.17470613864395265,-0.36785258808177956,15.63107202881813,BALANCE,1,-0.0003219176367725169
0.38,0.17453292519943295,0.0,0.1718058482431918,0.17369103700368635,-0.5075508201331513,11.577109471751792,BALANCE,1,-0.0003219176367725169
0.382,0.17453292519943295,0.0,0.17333982903107745,0.17356811421327323,-0.06146139520656069,10.681742204756125,BALANCE,1,-0.0003219176367725169
0.384,0.17453292519943295,0.0,0.17487380981896308,0.1740251076752647,0.22849673099573087,13.680373907333246,BALANCE,1,-0.0003219176367725169
0.386,0.17453292519943295,0.0,0.17640779060684875,0.1748590467013191,0.4169695130272072,15.697682454658281,BALANCE,1,-0.0003219176367725169
0.388,0.17453292519943295,0.0,0.17487380981896308,0.1748642137924945,0.0025835455877004643,17.07511907672271,BALANCE,1,-0.0003219176367725169
0.39,0.17453292519943295,0.0,0.17487380981896308,0.17486757240175851,0.0016793046320046079,14.408113169566027,BALANCE,1,-0.0003219176367725169
0.392,0.17453292519943295,0.0,0.17640779060684875,0.1754066487735401,0.2695381858907886,14.483396322037462,BALANCE,1,-0.0003219176367725169
0.394,0.17453292519943295,0.0,0.1718058482431918,0.17414636858791818,-0.6301400928109546,16.387661330754405,BALANCE,1,-0.0003219176367725169
0.396,0.17453292519943295,0.0,0.17487380981896308,0.1744009730187839,0.1273022154328618,10.358990598015913,BALANCE,1,-0.0003219176367725169
0.398,0.17453292519943295,0.0,0.17333982903107745,0.17402957262308666,-0.18570019784862335,15.5525255199385,BALANCE,1,-0.0003219176367725169
0.4,0.17453292519943295,0.0,0.17487380981896308,0.1743250556416434,0.14774150927837626,13.497508697851119,BALANCE,1,-0.0003219176367725169
0.402,0.17453292519943295,0.0,0.17640779060684875,0.1750540128794653,0.3644786189109378,15.857424196288733,BALANCE,1,-0.0003219176367725169
0.404,0.17453292519943295,0.0,0.1718058482431918,0.17391715525676957,-0.5684288113478597,17.459577857966604,BALANCE,1,-0.0003219176367725169
0.406,0.17453292519943295,0.0,0.17487380981896308,0.1742519843535373,0.1674145483838707,11.103818699890697,BALANCE,1,-0.0003219176367725169
0.40800000000000003,0.17453292519943295,0.0,0.17333982903107745,0.17393272999067635,-0.15962718143047727,16.24664310297938,BALANCE,1,-0.0003219176367725169
0.41000000000000003,0.17453292519943295,0.0,0.17487380981896308,0.1742621079305767,0.1646889699501719,14.061577814697342,BALANCE,1,-0.0003219176367725169
0.41200000000000003,0.17453292519943295,0.0,0.1718058482431918,0.17340241703999199,-0.4298454452923567,16.402025847855867,BALANCE,1,-0.0003219176367725169
0.41400000000000003,0.17453292519943295,0.0,0.17487380981896308,0.17391740451263188,0.257493736319947,12.315794465206931,BALANCE,1,-0.0003219176367725169
0.41600000000000004,0.17453292519943295,0.0,0.17640779060684875,0.17478903964560777,0.4358175664879449,17.204949649770512,BALANCE,1,-0.0003219176367725169
0.418,0.17453292519943295,0.0,0.17487380981896308,0.17481870920628212,0.014834780337175113,18.58731083925773,BALANCE,1,-0.0003219176367725169
0.42,0.17453292519943295,0.0,0.17333982903107745,0.17430110114496047,-0.25880403066082247,15.729720863622415,BALANCE,1,-0.0003219176367725169
0.422,0.17453292519943295,0.0,0.17333982903107745,0.1739646559051014,-0.1682226199295339,13.86045840536009,BALANCE,1,-0.0003219176367725169
0.424,0.17453292519943295,0.0,0.17794177139473438,0.17535664632647294,0.6959952106857653,14.560474342936564,BALANCE,1,-0.0003219176367725169
0.426,0.17453292519943295,0.0,0.17640779060684875,0.17572454682460448,0.18395024906577018,20.840591070120436,BALANCE,1,-0.0003219176367725169
0.428,0.17453292519943295,0.0,0.17487380981896308,0.17542678887263,-0.14887897598724054,17.320361275526654,BALANCE,1,-0.0003219176367725169
0.43,0.17453292519943295,0.0,0.17487380981896308,0.1752332462038466,-0.09677133439170427,15.019100972284328,BALANCE,1,-0.0003219176367725169
0.432,0.17453292519943295,0.0,0.17333982903107745,0.1745705501933774,-0.3313480052345996,15.463677867296635,BALANCE,1,-0.0003219176367725169
0.434,0.17453292519943295,0.0,0.17640779060684875,0.17521358433809237,0.3215170723574884,13.82595943082901,BALANCE,1,-0.0003219176367725169
0.436,0.17453292519943295,0.0,0.17487380981896308,0.1750946632563971,-0.05946054084762786,18.64433599791888,BALANCE,1,-0.0003219176367725169
0.438,0.17453292519943295,0.0,0.17487380981896308,0.1750173645532952,-0.03864935155095672,15.976391545069037,BALANCE,1,-0.0003219176367725169
0.44,0.17453292519943295,0.0,0.17487380981896308,0.17496712039627896,-0.025122078508119094,16.207958087603117,BALANCE,1,-0.0003219176367725169
0.442,0.17453292519943295,0.0,0.17640779060684875,0.17547135496997837,0.2521172868497068,16.389146883979578,BALANCE,1,-0.0003219176367725169
0.444,0.17453292519943295,0.0,0.17333982903107745,0.17472532089136306,-0.3730170393076576,18.52779640248048,BALANCE,1,-0.0003219176367725169
0.446,0.17453292519943295,0.0,0.17640779060684875,0.17531418529178305,0.2944322002099986,13.99869965059332,BALANCE,1,-0.0003219176367725169
0.448,0.17453292519943295,0.0,0.17487380981896308,0.17516005387629607,-0.07706570774348998,19.01632645942093,BALANCE,1,-0.0003219176367725169
0.45,0.17453292519943295,0.0,0.17333982903107745,0.17452297518046955,-0.31853934791326033,16.362008089835737,BALANCE,1,-0.0003219176367725169
0.452,0.17453292519943295,0.0,0.17794177139473438,0.17571955385546223,0.5982893374963383,14.62527067340579,BALANCE,1,-0.0003219176367725169
0.454,0.17453292519943295,0.0,0.17640779060684875,0.17596043671844752,0.12044143149264608,21.578479193997943,BALANCE,1,-0.0003219176367725169
0.456,0.17453292519943295,0.0,0.1718058482431918,0.17450633075210803,-0.7270529831697459,18.135445554761546,BALANCE,1,-0.0003219176367725169
0.458,0.17453292519943295,0.0,0.17333982903107745,0.17409805514974733,-0.2041378011803513,11.812515572704033,BALANCE,1,-0.0003219176367725169
0.46,0.17453292519943295,0.0,0.17487380981896308,0.17436956928397285,0.13575706711276003,15.779902196908541,BALANCE,1,-0.0003219176367725169
0.462,0.17453292519943295,0.0,0.17487380981896308,0.17454605347121943,0.08824209362329194,18.434529115102514,BALANCE,1,-0.0003219176367725169
0.464,0.17453292519943295,0.0,0.17333982903107745,0.17412387491716974,-0.21108927702484515,18.17781461965589,BALANCE,1,-0.0003219176367725169
0.466,0.17453292519943295,0.0,0.17640779060684875,0.1749232454085574,0.39968524569382324,15.979285927978136,BALANCE,1,-0.0003219176367725169
0.468,0.1744890702040096,-0.04385565741830668,0.17333982903107745,0.1743690496764394,-0.27709786605899234,20.745676960486968,BALANCE,1,-0.00032131315820469803
0.47000000000000003,0.1744016299543848,-0.04358591217992465,0.17487380981896308,0.1745457157263227,0.08833302494164197,15.658422685668821,BALANCE,1,-0.00032099701293868707
0.47200000000000003,0.17431401611860675,-0.044029246211999835,0.17794177139473438,0.17573433521026677,0.5943097419720406,18.54311965824315,BALANCE,1,-0.00032066600549325813
0.47400000000000003,0.1742230270370444,-0.04696120893724068,0.17333982903107745,0.17489625804755052,-0.4190385813581249,22.581168401797395,BALANCE,1,-0.00032027024373204257
0.47600000000000003,0.17412759675170097,-0.04847051706259707,0.17333982903107745,0.17435150789178494,-0.2723750778827888,14.846551494616442,BALANCE,1,-0.00031988663092671074
0.47800000000000004,0.1740298333072915,-0.04929440325107803,0.17487380981896308,0.17453431356629728,0.09140283725617149,16.026074250222745,BALANCE,1,-0.0003195092754720795
0.48,0.17392966828594925,-0.05087213027720841,0.1718058482431918,0.17357935070321037,-0.47748143154345557,18.93449519826923,BALANCE,1,-0.00031910545966883
0.482,0.17382771984580492,-0.05107784900528781,0.17487380981896308,0.17403241139372383,0.22653034525672855,14.556790798414333,BALANCE,1,-0.0003187268964976774
0.484,0.17372396185739952,-0.05268170588509022,0.17333982903107745,0.1737900075667976,-0.12120191346311204,20.142155861865685,BALANCE,1,-0.00031830841251793924
0.486,0.17361700216061798,-0.05427960574907465,0.17640779060684875,0.1747062316308155,0.4581120320089477,17.508894282637062,BALANCE,1,-0.0003178773971824836
0.488,0.17350468407076644,-0.05804017988651531,0.17487380981896308,0.17476488399666715,0.029326182925823452,22.187925907838032,BALANCE,1,-0.00031736907943339364
0.49,0.17338447933188467,-0.06216637388927754,0.1718058482431918,0.17372922148295078,-0.5178312568581839,18.925155499405836,BALANCE,1,-0.000316815234717358
0.492,0.1732576852183295,-0.06462965409089307,0.1718058482431918,0.17305604084903514,-0.3365903169578188,14.644388033309522,BALANCE,1,-0.0003162799362541249
0.494,0.17312672256898143,-0.06633497266658799,0.17333982903107745,0.17315536671274995,0.04966293185740267,16.115808345031024,BALANCE,1,-0.00031575026230952003
0.496,0.17299154534271374,-0.06884429469371553,0.1718058482431918,0.1726830352484046,-0.2361657321726801,19.267184051900824,BALANCE,1,-0.00031517887718298087
0.498,0.1728516731767435,-0.07102998331078526,0.17333982903107745,0.17291291307234008,0.1149389119677463,17.058760544978277,BALANCE,1,-0.0003145984781208829
0.5,0.17270636544739623,-0.07427994020053433,0.1718058482431918,0.17252544038213818,-0.19373634510094773,19.958886505728447,BALANCE,1,-0.0003139603256316033
0.502,0.17255474354705613,-0.07734424970778697,0.17333982903107745,0.17281047640926692,0.1425180135643661,17.560798005850415,BALANCE,1,-0.0003133013983387702
0.504,0.1723958823484685,-0.08151934782965635,0.17027186745530618,0.17192196327538065,-0.4442565669431353,20.302497132082504,BALANCE,1,-0.0003125708676192266
0.506,0.17222988788551524,-0.08447762186377829,0.17333982903107745,0.17241821628987453,0.2481265072469402,15.589374092644391,BALANCE,1,-0.00031185463538590765
0.508,0.1720564348236889,-0.08897805941433239,0.17027186745530618,0.1716669941977756,-0.3756110460494677,21.192697510292604,BALANCE,1,-0.0003110452040803022
0.51,0.17187495687433285,-0.09250263066870978,0.17333982903107745,0.17225248638943125,0.2927460958278283,16.192057157234956,BALANCE,1,-0.0003102398004570291
0.512,0.17168476517383036,-0.0976919422500831,0.17487380981896308,0.1731699495897674,0.4587316001680719,21.608494321030555,BALANCE,1,-0.0003093235125844294
0.514,0.17148209287988622,-0.10498341270498457,0.17027186745530618,0.17215562084270597,-0.5071643735307108,23.026060137690624,BALANCE,1,-0.00030824976479938525
0.516,0.171266602142534,-0.11051057937723884,0.17027186745530618,0.17149630715711603,-0.3296568427949703,15.272463747445217,BALANCE,1,-0.00030719664359123616
0.518,0.17104092769507948,-0.11516727675062101,0.17333982903107745,0.17214153981300254,0.3226163279432537,16.68726443362717,BALANCE,1,-0.00030614005420239013
0.52,0.17080424114206205,-0.12152285141327043,0.1718058482431918,0.17202404776356878,-0.05874602471687973,21.97859206684875,BALANCE,1,-0.0003049404039879575
0.522,0.1705547672681633,-0.12795479094233891,0.1718058482431918,0.17194767793143684,-0.03818491606596974,18.955048532154372,BALANCE,1,-0.0003036728178583959
0.524,0.1702922695107575,-0.1345469318290252,0.17027186745530618,0.1713611442647911,-0.2932668333228694,19.149344747020024,BALANCE,1,-0.0003023307710373983
0.526,0.17001738977536626,-0.1403369561658029,0.17027186745530618,0.17097989738147137,-0.19062344165986234,17.107769617819038,BALANCE,1,-0.0003009777630905697
0.528,0.1697312356163112,-0.14582152602380558,0.16873788666742054,0.17019519363155358,-0.3923518749588961,17.940237917600207,BALANCE,1,-0.0002995910756663324
0.53,0.16943512603147165,-0.15029253257776762,0.17027186745530618,0.17022202946986698,0.013417919156696878,16.31336726493918,BALANCE,1,-0.0002982270952657854
0.532,0.1691294292472503,-0.1554088704910325,0.16873788666742054,0.1697025794890107,-0.25972499042813124,19.5951801740567,BALANCE,1,-0.00029677542120332503
0.534,0.1688139465266254,-0.16007861709250618,0.16873788666742054,0.16936493700145416,-0.1688212437782749,17.412810414424506,BALANCE,1,-0.00029531178491326425
0.536,0.16848916391038893,-0.16470890689231768,0.16873788666742054,0.1691454693845424,-0.10973380845588632,18.153654825770253,BALANCE,1,-0.00029381012754089737
0.538,0.1681549219530092,-0.169538101457695,0.17027186745530618,0.1695397087093097,0.1971196623836574,18.647015345211564,BALANCE,1,-0.0002922517171292063
0.54,0.16780968138580296,-0.17570768322710761,0.16720390587953488,0.1687221777188885,-0.4087654952106001,21.159405413155813,BALANCE,1,-0.00029053785518280196
0.542,0.1674531861965588,-0.1807928939029023,0.16720390587953488,0.16819078257511474,-0.26569757188688037,16.297016728520262,BALANCE,1,-0.00028885980343744405
0.544,0.16708692462836613,-0.18547421011806955,0.16873788666742054,0.16838226900742176,0.09574321615350712,17.443314562998616,BALANCE,1,-0.0002871726297823814
0.546,0.16671028579489458,-0.1911703163842917,0.16873788666742054,0.16850673518842132,0.062233090499783095,20.38000650706162,BALANCE,1,-0.0002853525143779672
0.548,0.16632147505372852,-0.1976463021735545,0.16720390587953488,0.16805074493031108,-0.22799512905512243,20.153094819729485,BALANCE,1,-0.0002834068232014261
0.55,0.16592010295983178,-0.20373185939922836,0.16566992509164924,0.16721745798677945,-0.4166434717658152,17.837519796789685,BALANCE,1,-0.00028143769207858617
0.552,0.165507598807957,-0.20877852886413828,0.16566992509164924,0.16667582147348387,-0.27081825664779235,16.311779330089607,BALANCE,1,-0.00027951619358586885
0.554,0.16508535548100825,-0.21347118215891042,0.1641359443037636,0.16578686446408178,-0.444478504701043,17.47921802453075,BALANCE,1,-0.00027758745295639747
0.556,0.16465468044722034,-0.21721036364891827,0.16720390587953488,0.16628282895949037,0.24798224770429533,16.069755992433436,BALANCE,1,-0.00027571864859071303
0.558,0.16421475375203987,-0.22272298392154538,0.16566992509164924,0.16606831260574598,-0.10725817687219641,21.672456447192555,BALANCE,1,-0.0002736339450443941
0.56,0.16376356517397364,-0.22847241733593168,0.16566992509164924,0.16592887697581213,-0.0697178149669242,18.850875731877107,BALANCE,1,-0.0002714754586690541
0.562,0.16330051574429377,-0.23458401543218968,0.16106798272799233,0.1642275639890752,-0.8506564933684624,19.176018264718415,BALANCE,1,-0.0002692260164436097
0.5640000000000001,0.16282784730297523,-0.23809157500339698,0.16106798272799233,0.1631217105476962,-0.5529267206895033,12.85927557109971,BALANCE,1,-0.0002672180611112192
0.5660000000000001,0.16234932714919323,-0.24043581696894828,0.16106798272799233,0.16240290581079986,-0.35940236844816953,15.207386888158183,BALANCE,1,-0.00026531826445866564
0.5680000000000001,0.16186640871711364,-0.24248992040552791,0.16106798272799233,0.16193568273181722,-0.2336115394913213,16.74493400303723,BALANCE,1,-0.0002634381430056292
0.5700000000000001,0.16137915948130466,-0.24476668679588393,0.16106798272799233,0.16163198773047852,-0.15184750066934982,17.755614386499424,BALANCE,1,-0.0002615211064788071
0.5720000000000001,0.16088684818153318,-0.24755206154355217,0.16106798272799233,0.16143458597960836,-0.09870087543507877,18.42383139454097,BALANCE,1,-0.0002595315051094004
0.5740000000000001,0.16038831272424348,-0.2509909390905308,0.16106798272799233,0.16130627484154275,-0.06415556903280328,18.869447208558846,BALANCE,1,-0.00025744685155639114
0.5760000000000001,0.15988218736038828,-0.2551420835740467,0.16106798272799233,0.1612228726018001,-0.0417011198713263,19.170372246461426,BALANCE,1,-0.0002552527189183367
0.578,0.15936703998449955,-0.26001308828893355,0.1595340019401067,0.16063176787020741,-0.29555236579634214,19.37724827988904,BALANCE,1,-0.00025293953587392145
0.58,0.15884246161742308,-0.264573218149086,0.1595340019401067,0.16024754979467215,-0.1921090377676321,17.343098382167398,BALANCE,1,-0.0002506272836999471
0.582,0.15830863814231463,-0.26925833692820744,0.16106798272799233,0.1605347013213342,0.14357576333103028,18.179641431823896,BALANCE,1,-0.00024826481838028037
0.584,0.15776406288287284,-0.27532516593073886,0.15800002115222103,0.1596475632621446,-0.4435690295948036,20.914455872477184,BALANCE,1,-0.00024568754864418983
0.586,0.15720833364950731,-0.28041248043015055,0.15800002115222103,0.15907092352367136,-0.28831986923662234,16.195998758171562,BALANCE,1,-0.00024318930826261782
0.588,0.1566426975205379,-0.28523221227301115,0.15800002115222103,0.15869610769366374,-0.18740791500380938,17.435207841433353,BALANCE,1,-0.00024068804198913442
0.59,0.1560672682851111,-0.2902057359401886,0.1564660403643354,0.15791558412839882,-0.3902617826324617,18.251753747034137,BALANCE,1,-0.00023812995173749956
0.592,0.15548250946753125,-0.294561936497244,0.1564660403643354,0.15740824381097662,-0.2536701587110973,16.6136745089147,BALANCE,1,-0.00023562065921981293
0.594,0.15488905917698273,-0.2988973413515859,0.1564660403643354,0.1570784726046522,-0.16488560316221812,17.70744873000248,BALANCE,1,-0.00023308423229090544
0.596,0.15428661410526737,-0.3035568547341185,0.15493205957644976,0.15632722804478133,-0.37562227993542807,18.429354596534978,BALANCE,1,-0.0002304719150957077
0.598,0.1536753481147611,-0.3077183946143239,0.15339807878856412,0.1553020258051053,-0.5126011198380159,16.729651954366002,BALANCE,1,-0.00022789924912722427
0.6,0.15305670406428895,-0.3109350273485498,0.15339807878856412,0.1546356443493159,-0.33319072789469995,15.603369505925759,BALANCE,1,-0.00022543818201820116
0.602,0.15243177738850125,-0.31400111600995895,0.15493205957644976,0.15473938967881276,0.05187266474843133,17.029596882994785,BALANCE,1,-0.00022298193512680815
0.604,0.1517993976193265,-0.3183882345738498,0.15033011721279282,0.15319614431570577,-0.7716226815534938,20.147276621845407,BALANCE,1,-0.00022031224301050138
0.606,0.15116016924446452,-0.3208498264058099,0.15339807878856412,0.1532668213812062,0.03533853275021481,13.49735835850673,BALANCE,1,-0.0002179057437856685
0.608,0.15051467335051968,-0.3246558495837995,0.15033011721279282,0.15223897492226152,-0.5139232294723434,19.987942061142668,BALANCE,1,-0.00021528438529426507
0.61,0.1498624407549296,-0.3275866311142848,0.1518640980006785,0.15210776799970746,-0.06560346127702787,15.56262497080997,BALANCE,1,-0.00021277606373218538
0.612,0.14920342588204785,-0.33143823065470673,0.1487961364249072,0.15094869694852736,-0.5795355255900497,19.171732254619194,BALANCE,1,-0.0002101108955467834
0.614,0.14853782300498697,-0.33417473615479887,0.15033011721279282,0.15073219404102028,-0.1082514537535384,15.020921216433916,BALANCE,1,-0.00020759932941397842
0.616,0.1478659515670922,-0.33770688753139183,0.15033011721279282,0.15059146715114066,-0.07036344493981106,18.808350055483785,BALANCE,1,-0.00020495035825163855
0.618,0.14718616731872872,-0.3420876676214541,0.14726215563702155,0.14942620812119897,-0.5826295149708449,19.133128806031056,BALANCE,1,-0.00020214690189390014
0.62,0.14649879308245375,-0.3452969915779805,0.14726215563702155,0.14866878975173686,-0.37870918473105475,14.994969945610524,BALANCE,1,-0.00019950752046288267
0.622,0.1458052586304012,-0.34824797788042644,0.14726215563702155,0.1481764678115865,-0.24616097007518212,16.610621243311467,BALANCE,1,-0.00019689580354042486
0.624,0.1451055463005855,-0.35147496411364165,0.14419419406125028,0.14678267199896883,-0.6968979063088354,17.671102937711744,BALANCE,1,-0.00019422654525296973
0.626,0.14440082643337293,-0.35325559232157955,0.14419419406125028,0.14587670472076733,-0.45298363910074857,14.01093623348525,BALANCE,1,-0.00019178340508490055
0.628,0.14369289821097764,-0.3546833690639652,0.14419419406125028,0.14528782598993636,-0.2944393654154831,15.937067675402009,BALANCE,1,-0.000189397180503803
0.63,0.1429818271298215,-0.35639849986559563,0.14572817484913592,0.14544194809065622,0.07706105035992783,17.199146706232263,BALANCE,1,-0.0001869638641658766
0.632,0.1422656742000678,-0.3597652958745611,0.14112623248547898,0.1439314476288442,-0.7552502309060155,20.209485748096874,BALANCE,1,-0.00018425134447970417
0.634,0.1415444584835044,-0.36146136461886486,0.14266021327336462,0.14348651560442635,-0.22246601220891893,13.489151759786374,BALANCE,1,-0.00018180814681036057
0.636,0.14081931528957703,-0.3636928339688732,0.14266021327336462,0.14319730978855474,-0.14460290793580355,17.753426891018957,BALANCE,1,-0.000179273192923316
0.638,0.14008894245085612,-0.36669108991990623,0.1380582709097077,0.1413986461809583,-0.8993318037982256,18.3876188382093,BALANCE,1,-0.0001766020735776278
0.64,0.13935473152168953,-0.3675309838185954,0.13959225169759334,0.14076640811178057,-0.31611903458886315,12.270147584090324,BALANCE,1,-0.00017429331750296593
0.642,0.13861854669044993,-0.36866502310702204,0.13959225169759334,0.14035545336681504,-0.20547737248276243,16.926068735236917,BALANCE,1,-0.00017193981911388636
0.644,0.13787941840125983,-0.3704744876068503,0.13959225169759334,0.14008833278258745,-0.13356029211379628,17.814615838061155,BALANCE,1,-0.00016947332967393248
0.646,0.13713580470924663,-0.37315049518905535,0.13959225169759334,0.1399147044028395,-0.08681418987396827,18.401942912515747,BALANCE,1,-0.00016685497730045007
0.648,0.13638589737725626,-0.37676822431758,0.1380582709097077,0.1392649526802434,-0.3248758612980629,18.79347696853006,BALANCE,1,-0.00016406350722219265
0.65,0.13562881575338856,-0.3803248971985935,0.13652429012182207,0.13830572078479592,-0.4796159477237355,16.877851484317585,BALANCE,1,-0.0001612679572227668
0.652,0.1348652509757317,-0.38325147776866675,0.13652429012182207,0.13768222005275507,-0.31175036602042183,15.610038023342316,BALANCE,1,-0.0001585715076111894
0.654,0.13409575224692302,-0.3862589396931742,0.1349903093339364,0.13674005130116854,-0.4710843757932681,16.943089077056925,BALANCE,1,-0.00015585214808428447
0.656,0.13332076238718066,-0.38874269333911216,0.13192234775816514,0.13505385506111733,-0.843098120025601,15.639234884039196,BALANCE,1,-0.000153219464535336
0.658,0.13254266130096926,-0.38937021465854915,0.13192234775816514,0.13395782750508406,-0.5480137780166372,12.588963926789685,BALANCE,1,-0.0001509216819303026
0.66,0.1317638293857829,-0.38947353464609696,0.13345632854605077,0.13378230286942241,-0.08776231783082233,14.910668575000415,BALANCE,1,-0.0001487285412200813
0.662,0.13098352345242442,-0.3908442564524066,0.12885438618239387,0.13205753202896242,-0.8623854202299969,18.60890523892112,BALANCE,1,-0.0001463161676056329
0.664,0.13020227275073923,-0.3904183185518156,0.1303883669702795,0.1314733242584234,-0.29210388526951236,12.334845675705918,BALANCE,1,-0.0001442370917114477
0.666,0.1294213133601844,-0.3905529421085429,0.1303883669702795,0.13109358920757302,-0.1898675254251858,16.888340154009136,BALANCE,1,-0.00014207074248245253
0.668,0.12863920916229088,-0.39156314449966495,0.1303883669702795,0.13084676142452029,-0.12341389152636939,17.70966564755424,BALANCE,1,-0.00013975628229220865
0.67,0.1278540647296386,-0.3935932242911253,0.1303883669702795,0.130686323365536,-0.08021902949213733,18.25265440404651,BALANCE,1,-0.00013726125872327426
0.672,0.12706379884131433,-0.39668467924657136,0.12578642460662257,0.1289713587999163,-0.8574822828098516,18.614724281454418,BALANCE,1,-0.000134569787817445
0.674,0.12626933469943846,-0.3977915428967636,0.12425244381873693,0.12731973855650353,-0.8258101217063912,12.319514652735505,BALANCE,1,-0.00013224052414806403
0.676,0.12547428367423932,-0.39727157271422764,0.12578642460662257,0.1267830786740452,-0.26832994122916176,12.499258674669722,BALANCE,1,-0.00013022082990693287
0.678,0.12467961121652238,-0.3974129708690671,0.12578642460662257,0.1264342497504473,-0.17441446179895792,16.952257141274867,BALANCE,1,-0.00012809428319364522
0.68,0.12388372325936668,-0.39848709184515524,0.12425244381873693,0.12567061767434867,-0.38181603804930686,17.70793809125071,BALANCE,1,-0.00012580675333291477
0.682,0.12308564665543692,-0.39960165213746546,0.12118448224296566,0.12410047027336461,-0.7850737004920296,16.028041680216873,BALANCE,1,-0.00012351887134435952
0.684,0.12228682171299808,-0.399235442938727,0.1227184630308513,0.12361676773848496,-0.2418512674398285,12.732591630670719,BALANCE,1,-0.00012151479569717548
0.686,0.12148799279348066,-0.3996056304693964,0.12425244381873693,0.12383925436657314,0.11124331404409327,17.074072296543246,BALANCE,1,-0.00011938859471685983
0.6880000000000001,0.12068645012289314,-0.4019492364881075,0.12118448224296566,0.12291008412331052,-0.46458512163131266,19.936945996973225,BALANCE,1,-0.00011690421371200632
0.6900000000000001,0.11988064712772308,-0.40386602107286856,0.11965050145508001,0.12176923018942984,-0.5704269669403391,15.299150313798881,BALANCE,1,-0.00011449949404488308
0.6920000000000001,0.1190717828095193,-0.405010607305291,0.11965050145508001,0.12102767513240739,-0.3707775285112236,14.408318161331717,BALANCE,1,-0.00011224328749111136
0.6940000000000001,0.11826055844993216,-0.406226099570418,0.12118448224296566,0.12108255762110279,0.027441244347697902,15.985225900369773,BALANCE,1,-0.00010998107066227683
0.6960000000000001,0.1174453439681811,-0.40900079139935347,0.11811652066719437,0.12004444468723484,-0.5190564669339744,19.19848554408709,BALANCE,1,-0.00010742881452525214
0.6980000000000001,0.11662526038822912,-0.41109527309357063,0.11811652066719437,0.11936967128022068,-0.337386703507081,14.788225966739084,BALANCE,1,-0.00010500395072280307
0.7000000000000001,0.11580090188125004,-0.413275784714721,0.11658253987930872,0.1183941752899015,-0.48774799515959033,16.224971603989424,BALANCE,1,-0.00010256437135380582
0.7020000000000001,0.11497267049419839,-0.41496821334289447,0.11811652066719437,0.11829699617195401,-0.04858955897374395,14.987230346408179,BALANCE,1,-0.00010022087459374808
0.704,0.11413983211707235,-0.4178828461528905,0.11811652066719437,0.11823382974528814,-0.031583213332936344,18.518326488052494,BALANCE,1,-9.764437497916842e-05
0.706,0.11330002256934484,-0.4219394913262014,0.11504855909142309,0.11711898501643536,-0.5574223644263867,18.67423403352806,BALANCE,1,-9.484012107408201e-05
0.708,0.1124530669688596,-0.42502900897868345,0.11351457830353745,0.11585744266692109,-0.6307711747571345,14.424053938052577,BALANCE,1,-9.221577099949917e-05
0.71,0.11160105570260882,-0.4269952353390988,0.11351457830353745,0.11503744013973682,-0.41000126359213435,13.784742402969123,BALANCE,1,-8.981150437019516e-05
0.712,0.11074526924097267,-0.4288042631164351,0.11351457830353745,0.11450443849706704,-0.26650082133489184,15.524709028686013,BALANCE,1,-8.744296852430787e-05
0.714,0.10988546298850604,-0.4310150886552313,0.11044661672776616,0.11308420087781174,-0.7101188096276523,16.66363335588318,BALANCE,1,-8.499924253775015e-05
0.716,0.10902254813374172,-0.43191291402431015,0.10737865515199488,0.11108725987377584,-0.9984705020179493,13.05209203256134,BALANCE,1,-8.282338503920353e-05
0.718,0.1081600780211918,-0.43057034090645496,0.10891263593988053,0.11032614149691247,-0.3805591884316825,10.647679485171567,BALANCE,1,-8.110952475268625e-05
0.72,0.10729994661222474,-0.42957417602984177,0.10737865515199488,0.10929452127619131,-0.5158101103605802,15.56736811954928,BALANCE,1,-7.934726777573218e-05
0.722,0.10644201644555895,-0.4283690662692977,0.10737865515199488,0.10862396813272256,-0.3352765717343775,14.445322435130068,BALANCE,1,-7.764634959123786e-05
0.724,0.10558600718521653,-0.4276532416245482,0.11044661672776616,0.10926189514098782,0.31896350413262997,15.871082349158108,BALANCE,1,-7.586819542878132e-05
0.726,0.10472854421886138,-0.42982279562527814,0.10737865515199488,0.10860276114484028,-0.3295669980737659,21.16513095561828,BALANCE,1,-7.353245858643165e-05
0.728,0.10386664113083047,-0.4320934321713851,0.1043106935762236,0.10710053749582445,-0.751111824507919,15.959059450427233,BALANCE,1,-7.118016798045961e-05
0.73,0.10300169146052875,-0.43286942552900304,0.10277671278833796,0.10558719884820418,-0.756669323810133,12.517987527512222,BALANCE,1,-6.913316585480782e-05
0.732,0.1021365272699841,-0.43230795686516993,0.10584467436410924,0.10567731527877096,0.045058215283388936,12.403844654006935,BALANCE,1,-6.736803612407633e-05
0.734,0.1012706529042708,-0.4335796126966776,0.10277671278833796,0.10466210440711941,-0.5076054358257726,18.844207415644874,BALANCE,1,-6.525154561393714e-05
0.736,0.10040270131596005,-0.4343852123047687,0.09970875121256667,0.10292843078902596,-0.8668368090467282,14.382917975353912,BALANCE,1,-6.323904135184996e-05
0.738,0.09953490085170992,-0.43342848748931295,0.09970875121256667,0.1018015429372652,-0.5634439258803761,11.425632258658464,BALANCE,1,-6.159513261202714e-05
0.74,0.09866942881253157,-0.43205675286293566,0.10277671278833796,0.10214285238514066,0.17065472393772846,13.805522361471088,BALANCE,1,-6.005420547496862e-05
0.742,0.09780431165092,-0.4330736056388001,0.09817477042468103,0.10075402369897979,-0.6944143430804364,19.71921869736548,BALANCE,1,-5.8053587507481556e-05
0.744,0.09693831335491403,-0.43293790182106867,0.09817477042468103,0.09985128505297522,-0.4513693230022847,12.735487244790304,BALANCE,1,-5.629670761918005e-05
0.746,0.09607269038464018,-0.43269827529274907,0.0966407896367954,0.09872761165731228,-0.5618366978314693,14.645653343665838,BALANCE,1,-5.457712209621449e-05
0.748,0.09520805740687928,-0.43194789530389793,0.09510680884890975,0.09746033067437139,-0.6336404914704454,13.71423946362405,BALANCE,1,-5.297702981877732e-05
0.75,0.09434564948039323,-0.4304731911529161,0.09357282806102411,0.09609970475969984,-0.6803129573357755,13.083264321670661,BALANCE,1,-5.154068832909063e-05
0.752,0.09348701009964784,-0.42817929312423675,0.0966407896367954,0.09628908446668329,0.09468985349172371,12.647466980819667,BALANCE,1,-5.028827430551053e-05
0.754,0.0926307736614058,-0.42807021302825954,0.09510680884890975,0.09587528800046255,-0.2068982331103683,18.878110066752004,BALANCE,1,-4.862383341409212e-05
0.756,0.09177397116811047,-0.4287453578568527,0.09510680884890975,0.09560632029741907,-0.13448385152173975,16.459752643562116,BALANCE,1,-4.6818961784862145e-05
0.758,0.09091485861905049,-0.43038030508684577,0.09357282806102411,0.09489459801468084,-0.3558611413691168,17.04205089814802,BALANCE,1,-4.483479098682349e-05
0.76,0.09005246459168996,-0.4320268872804248,0.09203884727313846,0.09389508525514101,-0.49975637976991394,15.247308162007645,BALANCE,1,-4.2856393831120186e-05
0.762,0.08918730858244375,-0.43314233016636394,0.09357282806102411,0.0937822952372001,-0.05639500897045707,14.054954506279906,BALANCE,1,-4.0993305955348586e-05
0.764,0.08831872360486061,-0.4354559089943186,0.08743690490948154,0.0915614086224986,-1.1104433073507447,17.613834530646546,BALANCE,1,-3.889894821257457e-05
0.766,0.08744841937689067,-0.43486160782714206,0.08897088569736719,0.0906547255987026,-0.45334151189799915,9.066507228446657,BALANCE,1,-3.739950770124115e-05
0.768,0.08657939625475951,-0.43417478460590186,0.0859029241215959,0.08899159508171527,-0.8315652584936702,14.287051555760602,BALANCE,1,-3.5936752728560956e-05
0.77,0.08571325524055677,-0.4319794568846161,0.08897088569736719,0.08898434679719344,-0.0036241422609120666,11.179272070992337,BALANCE,1,-3.4795752298356146e-05
0.772,0.08484972735151579,-0.4315616205169388,0.0859029241215959,0.0879058488607343,-0.539248968229572,17.82016297314253,BALANCE,1,-3.332031127988221e-05
0.774,0.08398748987933588,-0.43068902128219755,0.08743690490948154,0.08774171847779583,-0.08206519146923552,13.488035658977847,BALANCE,1,-3.1953127994711696e-05
0.776,0.08312568442354129,-0.4311295984877706,0.08283496254582462,0.0860243539016059,-0.858682288094964,17.15320639377979,BALANCE,1,-3.034156761322127e-05
0.778,0.08226476534246265,-0.4298026339716312,0.07976700097005335,0.08383428037556251,-1.095036763021695,10.854432616982887,BALANCE,1,-2.9097931335644967e-05
0.78,0.08140895009747702,-0.42602568535511776,0.08130098175793898,0.08294762585939428,-0.4433272580841169,8.848959262081546,BALANCE,1,-2.8360275927334495e-05
0.782,0.08056040516339609,-0.4225322128992352,0.08283496254582462,0.08290819369964489,-0.01971607987469315,14.026025555783958,BALANCE,1,-2.758873698447988e-05
0.784,0.07971701606895201,-0.4208697678259976,0.07976700097005335,0.08180877624428785,-0.5497087276785175,17.429130690614315,BALANCE,1,-2.648115038830466e-05
0.786,0.07887734090895251,-0.4188182225715706,0.07976700097005335,0.08109415489830578,-0.35731067299103747,13.139586216111155,BALANCE,1,-2.5468643372213382e-05
0.788,0.07804139579387881,-0.41713966675015307,0.07669903939428206,0.07955586447189748,-0.7691452132041476,14.65211220383173,BALANCE,1,-2.440358892013428e-05
0.79,0.07721003525587508,-0.4142335762725811,0.07976700097005335,0.07962976224625204,0.03694888717727801,11.281049629436732,BALANCE,1,-2.359414893522789e-05
0.792,0.07638254591840535,-0.4132684078662958,0.07976700097005335,0.0796777957995825,0.02401677666522689,17.75016225139866,BALANCE,1,-2.2432928699863334e-05
0.794,0.07555533407853936,-0.4139560752275545,0.07363107781851078,0.07756144450620739,-1.0581756466875523,17.665522939661997,BALANCE,1,-2.097153949743439e-05
0.796,0.07472936410744614,-0.4120265209038137,0.07669903939428206,0.07725960271703353,-0.15092089458693114,8.896514764138498,BALANCE,1,-2.002484394372595e-05
0.798,0.07390615250390012,-0.4111976662947785,0.07363107781851078,0.07598961900255057,-0.6349918572414806,16.151894194136442,BALANCE,1,-1.8886882897117525e-05
0.8,0.07308545589159758,-0.4095114919799751,0.07363107781851078,0.07516412958813663,-0.4127447072069662,12.21832539383158,BALANCE,1,-1.792876515863442e-05
0.802,0.0722680576025303,-0.40789929338746245,0.07516505860639641,0.07516445474452756,0.0001625781954617267,13.961806055160487,BALANCE,1,-1.697471438496298e-05
0.804,0.07145227354063814,-0.40789724086326934,0.07056311624273949,0.07355398626890174,-0.8052342378129101,17.28011673871227,BALANCE,1,-1.573398428195525e-05
0.806,0.07063810914682274,-0.4062796012748139,0.07056311624273949,0.07250718175974495,-0.5234022545783923,10.755024899361526,BALANCE,1,-1.4812803522066219e-05
0.808,0.06982754890816018,-0.40429303131657246,0.07209709703062514,0.07236365210455302,-0.07176482759596592,12.96137393104021,BALANCE,1,-1.3978518483706084e-05
0.81,0.06901959640962477,-0.4036718219724729,0.07056311624273949,0.07173346455291829,-0.31509377581736414,16.580334298009017,BALANCE,1,-1.2906569527070376e-05
0.812,0.0682126053789884,-0.40333154940402893,0.07056311624273949,0.0713238426443557,-0.2048109542812926,14.61023815205033,BALANCE,1,-1.1797435359930326e-05
0.8140000000000001,0.06740563791265798,-0.403648257986252,0.07056311624273949,0.07105758840379003,-0.13312712028283602,15.48218817835402,BALANCE,1,-1.0579948995147935e-05
0.8160000000000001,0.06659719307704556,-0.4048089419534018,0.0674951546669682,0.0698107365959024,-0.6234259039438195,16.05389511358849,BALANCE,1,-9.216832722552698e-06
0.8180000000000001,0.06578752954039514,-0.40486697833176,0.06596117387908257,0.06846338964501546,-0.6736734754434689,12.070655883146543,BALANCE,1,-8.071209497529761e-06
0.8200000000000001,0.06497891277754969,-0.40376215279812017,0.06596117387908257,0.06758761412693895,-0.4378877590382538,11.601527172025133,BALANCE,1,-7.1575520759172145e-06
0.8220000000000001,0.06417264844717727,-0.4025145105248908,0.06596117387908257,0.06701836004018921,-0.28462704337486877,13.44878389500765,BALANCE,1,-6.286848725559119e-06
0.8240000000000001,0.06336843543401831,-0.40171080484323707,0.06289321230331128,0.06557455833228194,-0.7219008539536345,14.654118047117786,BALANCE,1,-5.3497958568668105e-06
0.8260000000000001,0.06256708896535088,-0.3996479228083123,0.06442719309119693,0.06517298049790218,-0.20078891718987996,11.082414371679679,BALANCE,1,-4.662172608401432e-06
0.8280000000000001,0.0617690249979639,-0.39842825395845094,0.06289321230331128,0.06437506162979537,-0.3989594340534086,15.240249791826514,BALANCE,1,-3.835815800929482e-06
0.8300000000000001,0.06097341020083309,-0.3971987156828012,0.06135923151542565,0.06331952108976596,-0.5277702700147019,13.619885537157831,BALANCE,1,-3.027212282660732e-06
0.8320000000000001,0.06018075400093,-0.3954696120538856,0.059825250727540004,0.06209652646298688,-0.6114973133895425,12.538730321283673,BALANCE,1,-2.3261652390059136e-06
0.834,0.059392317795669676,-0.39297865704809476,0.06135923151542565,0.061838473231340445,-0.12902661582321617,11.807953601970802,BALANCE,1,-1.7804307051314517e-06
0.836,0.05860772890191639,-0.39162224224019054,0.059825250727540004,0.06113384535501029,-0.3523139381650768,15.664603683248894,BALANCE,1,-1.0453188360970921e-06
0.838,0.05782570111883847,-0.39041750773334805,0.056757289151768725,0.059602050683875744,-0.7658973355672734,13.8482542010052,BALANCE,1,-2.9823432005039925e-07
0.84,0.05704751078834272,-0.38778473147429643,0.05522330836388308,0.058069490871878314,-0.7662799059987152,10.459599751656333,BALANCE,1,1.762973346043116e-07
0.842,0.056275853011712416,-0.38388485442293685,0.056757289151768725,0.05761022026983996,-0.2296353010191772,10.376199497659329,BALANCE,1,4.089140141185624e-07
0.844,0.055511103975765926,-0.3808758855668909,0.056757289151768725,0.05731169437851503,-0.1492629456624657,14.6533221454273,BALANCE,1,7.839980356849348e-07
0.846,0.05475129714897083,-0.37894257012597177,0.05368932757599744,0.05604386599763387,-0.6339141904405793,15.289851773677197,BALANCE,1,1.3327105198207543e-06
0.848,0.05399624079124189,-0.3761253442746388,0.05522330836388308,0.05575667082582109,-0.14359758590638816,11.347780885798949,BALANCE,1,1.7121202789421405e-06
0.85,0.05324576282860809,-0.3743641054221494,0.05368932757599744,0.05503310068838282,-0.3617850687191379,15.264233345928874,BALANCE,1,2.2598697652651947e-06
0.852,0.052498706372610345,-0.37270378572417295,0.0521553467881118,0.05402588682328796,-0.5036069325474284,13.486325895318256,BALANCE,1,2.8106566016611935e-06
0.854,0.05175542242219458,-0.3705915425403907,0.04908738521234052,0.052297411259456354,-0.8642377819158032,12.3021233301509,BALANCE,1,3.269547615721546e-06
0.856,0.05101812464487461,-0.3667175214284681,0.05062136600022616,0.05171079541872579,-0.2933079203652836,9.323827483625895,BALANCE,1,3.4139089556757036e-06
0.858,0.05028799010582776,-0.363428195030031,0.05062136600022616,0.05132949512225092,-0.1906501482374333,13.866411584669962,BALANCE,1,3.6438916108875167e-06
0.86,0.04956354463353964,-0.3610283679830935,0.05062136600022616,0.051081649929542255,-0.1239225963543325,14.675061642928725,BALANCE,1,4.009402582408319e-06
0.862,0.04884287442282144,-0.35965287605863383,0.0521553467881118,0.051457443830041596,0.1878969502496705,15.20422767641692,BALANCE,1,4.532074047497758e-06
0.864,0.0481228887398574,-0.36034383013611604,0.05062136600022616,0.05116481658960619,-0.1463136202177022,17.731623172044912,BALANCE,1,5.386069712688095e-06
0.866,0.0474009626473181,-0.3615933157257611,0.04908738521234052,0.05043771560756321,-0.3635504910214915,15.05061393719773,BALANCE,1,6.324253983012745e-06
0.868,0.04667686465884348,-0.36251575970546646,0.04908738521234052,0.04996509996923527,-0.23630781916397087,13.279180454966347,BALANCE,1,7.199617893464913e-06
0.87,0.04595073343149873,-0.363626586104122,0.04908738521234052,0.04965789980432211,-0.15360008245658002,14.278757911520685,BALANCE,1,8.097811999068249e-06
0.872,0.04522190585543732,-0.3652121500815197,0.044485442848683596,0.047847539869848625,-0.9051799672367411,14.931919375245887,BALANCE,1,9.06783840395669e-06
0.874,0.044492316122328165,-0.3643887551921345,0.044485442848683596,0.04667080591244086,-0.5883669787038817,8.820228208910159,BALANCE,1,9.622671260261023e-06
0.876,0.04376530695929356,-0.3626315408522868,0.04601942363656923,0.04644282211588579,-0.11399189827753647,11.293462240911058,BALANCE,1,1.0007913419078043e-05
0.878,0.04304085787795066,-0.3618286346489376,0.044485442848683596,0.04575773937236502,-0.3425413717603846,15.08407242095169,BALANCE,1,1.0539958084811677e-05
0.88,0.0423180401080303,-0.3610002047929641,0.044485442848683596,0.04531243558907652,-0.2226518916442488,13.22372321635213,BALANCE,1,1.105548092826967e-05
0.882,0.04159645670392089,-0.3605942502721618,0.04295146206079795,0.04448609485417902,-0.4131703674487494,14.165183317401723,BALANCE,1,1.1629329589970886e-05
0.884,0.040876034767507875,-0.35983871964010816,0.04295146206079795,0.04394897337649565,-0.26856073884168674,12.600352285842703,BALANCE,1,1.2133232314047157e-05
0.886,0.040156893365741325,-0.35931369633801946,0.04295146206079795,0.043599844416001454,-0.17456448024709761,13.7337918207135,BALANCE,1,1.2663473647536703e-05
0.888,0.03943825102884764,-0.3593396474413441,0.03834951969714103,0.041762230764400304,-0.9188068258005749,14.473534120723762,BALANCE,1,1.3273637824031851e-05
0.89,0.03872187417019195,-0.3570481837132039,0.039883500485026674,0.04110467516661953,-0.3287777988903867,8.417690983352752,BALANCE,1,1.3488492697209417e-05
0.892,0.038009909210966863,-0.3549276807368459,0.04295146206079795,0.04175105057958198,0.3231877064812233,13.106690797800736,BALANCE,1,1.371930254494554e-05
0.894,0.037299592116306415,-0.35540029420112784,0.039883500485026674,0.04109740804648762,-0.32682126654717814,18.36954757566728,BALANCE,1,1.4363270595776007e-05
0.896,0.03658849561882866,-0.35570709578160586,0.03834951969714103,0.040135647124216314,-0.48088046113565347,13.138476721063707,BALANCE,1,1.4970077395614093e-05
0.898,0.035877514054621716,-0.3552853594535918,0.035281558121369745,0.038436715973220015,-0.8494655754981497,11.856324638444468,BALANCE,1,1.5446737456290113e-05
0.9,0.035169407453603085,-0.35283208883096673,0.03834951969714103,0.03840619727659237,-0.015259348313822335,8.813395197679363,BALANCE,1,1.5579385221169885e-05
0.902,0.0344648671975162,-0.3517189601577086,0.03681553890925539,0.03784946684802443,-0.27836521428397165,15.492895132811642,BALANCE,1,1.5918370098025962e-05
0.904,0.03376236976694919,-0.35078923227787223,0.032213596545598466,0.03587691224217534,-0.9862773029245437,13.362214272705973,BALANCE,1,1.6275590839642432e-05
0.906,0.03306423777791599,-0.3473534520019358,0.0337475773334841,0.03513164502413341,-0.37263360902096626,7.5877396696788875,BALANCE,1,1.621713407570307e-05
0.908,0.03237288570094485,-0.3440092165922625,0.035281558121369745,0.035184114608166124,0.026234792016358727,12.459199516829818,BALANCE,1,1.616365515132482e-05
0.91,0.03168665270980191,-0.342234287982328,0.032213596545598466,0.03414443328626744,-0.519840660949341,15.660331723092014,BALANCE,1,1.634868561200612e-05
0.912,0.03100464966951123,-0.3397792011619609,0.0337475773334841,0.03400553370279327,-0.06944979173708482,11.236176106709749,BALANCE,1,1.6415816783984185e-05
0.914,0.030326470780201713,-0.3384100786306635,0.02914563496982718,0.03230456914625514,-0.8504822782690671,14.837770192139908,BALANCE,1,1.6642490239145476e-05
0.916,0.029653017909609922,-0.33505311024866324,0.030679615757712823,0.03173583546026533,-0.2843668429949042,8.493913340321011,BALANCE,1,1.6549498558976818e-05
0.918,0.028985909976407195,-0.3320650442309098,0.030679615757712823,0.03136615856437195,-0.18483844794668983,12.995059968446979,BALANCE,1,1.6504614027257618e-05
0.92,0.028324089439896567,-0.3297656327393304,0.0260776733940559,0.029515188754761335,-0.9254849048053078,13.775379746791966,BALANCE,1,1.6555780931196757e-05
0.922,0.027669054985802112,-0.3252788580262004,0.02914563496982718,0.02938584493003438,-0.06467191236347695,7.745052941097337,BALANCE,1,1.626716615344363e-05
0.924,0.027021694887787807,-0.3220911592481662,0.02454369260617026,0.02769109161668194,-0.8473766566762208,14.629673420134374,BALANCE,1,1.6166765964293105e-05
0.926,0.02638252034637867,-0.3170931761679397,0.02761165418194154,0.0276632885145228,-0.013901551079569321,8.271888485154612,BALANCE,1,1.5792329073683966e-05
0.928,0.02575181465044356,-0.3136221841681308,0.02761165418194154,0.02764521649811936,-0.009036008201721013,14.943553801501182,BALANCE,1,1.5636268190201662e-05
0.93,0.025126700282343574,-0.3115017628103549,0.02454369260617026,0.026559683135937172,-0.5427666810910933,14.986922866839384,BALANCE,1,1.566779706783456e-05
0.932,0.024506653459446106,-0.30855456146265187,0.0260776733940559,0.026390979726278727,-0.08435170482922263,10.657257418620663,BALANCE,1,1.5572778536518767e-05
0.934,0.023891514719843097,-0.30659360444844097,0.02454369260617026,0.02574442923424076,-0.32327524601898255,14.319733220081377,BALANCE,1,1.5610245062554662e-05
0.936,0.023280336414579512,-0.30459406657129684,0.02454369260617026,0.025324171414416084,-0.21012890991233857,12.374700746887866,BALANCE,1,1.563409898391088e-05
0.9380000000000001,0.02267277365916397,-0.3029779993272953,0.02454369260617026,0.025051003831530045,-0.13658379144301963,13.25972080083442,BALANCE,1,1.5703648860088775e-05
0.9400000000000001,0.022067836361065518,-0.3019685691480441,0.02454369260617026,0.02487344490265412,-0.08877946443796268,13.836701894382117,BALANCE,1,1.584968193126811e-05
0.9420000000000001,0.0214642104950294,-0.301666547290933,0.023009711818284616,0.024221138323124794,-0.3261532897646628,14.213457663670546,BALANCE,1,1.6086055786709753e-05
0.9440000000000001,0.020861463314411174,-0.3010898703842794,0.019941750242513337,0.022723352494910785,-0.7488929141070046,12.28017289394981,BALANCE,1,1.6276240709783843e-05
0.9460000000000001,0.020261705423841012,-0.2986772115483907,0.019941750242513337,0.021749791706571677,-0.48678039416955377,8.812933420017217,BALANCE,1,1.6204135373604568e-05
0.9480000000000001,0.019667411142299474,-0.2956261777356927,0.01687378866674205,0.020043190642631308,-0.8533005319701844,10.855769890557795,BALANCE,1,1.60377590834105e-05
0.9500000000000001,0.019081168333250933,-0.2906256157693663,0.019941750242513337,0.02000768650259002,-0.017752070020644883,7.825221362444854,BALANCE,1,1.5602978334233952e-05
0.9520000000000001,0.01850351409033139,-0.28703748008044194,0.018407769454627694,0.019447715535803205,-0.27998548339340684,14.511480346939212,BALANCE,1,1.535543016431757e-05
0.9540000000000001,0.01793279049425196,-0.2836948628054018,0.018407769454627694,0.019083734407391775,-0.18199056420571505,12.383904325057067,BALANCE,1,1.5136194215588052e-05
0.9560000000000001,0.01736817821067312,-0.28092607400684166,0.018407769454627694,0.018847146673924346,-0.11829386673371453,13.149841557735392,BALANCE,1,1.4987163991905237e-05
0.9580000000000001,0.016808368576806967,-0.27889213957088743,0.015339807878856412,0.017619578095650568,-0.613784289136889,13.648989302838137,BALANCE,1,1.4927516485258077e-05
0.96,0.016253851032317485,-0.2756339036031468,0.015339807878856412,0.016821658519772614,-0.398959787938977,9.614935724535446,BALANCE,1,1.470546690673407e-05
0.962,0.015706129548715968,-0.27209597460003543,0.01687378866674205,0.016839904071211918,0.009122775719652004,11.289020891270017,BALANCE,1,1.4444446866066668e-05
0.964,0.015164206565701808,-0.26983531421612345,0.015339807878856412,0.01631487040388749,-0.262516833662213,14.55814411443965,BALANCE,1,1.4339415640620216e-05
0.966,0.014626710824922107,-0.26766866457868904,0.010737865515199488,0.01436291869284669,-0.9759758555204007,12.356788193426041,BALANCE,1,1.424073862976017e-05
0.968,0.014096155987584263,-0.26289430445816203,0.01380582709097077,0.014167936632190119,-0.09749103032828578,6.534871499636661,BALANCE,1,1.3818561891601917e-05
0.97,0.013574154300458236,-0.25911538333353007,0.01227184630308513,0.013504305017003372,-0.3318158075933733,13.553884764860623,BALANCE,1,1.3517093011373695e-05
0.972,0.013059726969554831,-0.2553198321996789,0.01380582709097077,0.013609837742891961,0.05276636294429451,11.642169510832119,BALANCE,1,1.3212379141328514e-05
0.974,0.012551470766086138,-0.2529441613653131,0.01380582709097077,0.013678434014719545,0.03429813591379182,14.727880806235355,BALANCE,1,1.3072087798641482e-05
0.976,0.012046794732424907,-0.25173960756721475,0.01380582709097077,0.013723021591407474,0.02229378834396438,14.586986453103933,BALANCE,1,1.3063545491259408e-05
0.978,0.01154354882430852,-0.2515140139470213,0.010737865515199488,0.012678216964734678,-0.5224023133363975,14.49637153146487,BALANCE,1,1.3163163827563243e-05
0.98,0.01104194485344078,-0.2500976451972686,0.015339807878856412,0.013609773784677285,0.46577840997130343,10.078650083814555,BALANCE,1,1.3119497866761234e-05
0.982,0.010540512483418508,-0.25134241051267425,0.01227184630308513,0.01314149916612003,-0.23413730927862758,18.042711234229653,BALANCE,1,1.3377964041632121e-05
0.984,0.010036882196139484,-0.252295596183552,0.01227184630308513,0.012837120664057814,-0.15218925103110784,12.417917302949993,BALANCE,1,1.359836619151594e-05
0.986,0.009531295670892302,-0.2532986785043869,0.006135923151542565,0.010491701534677477,-1.1727095646901688,13.05780648293923,BALANCE,1,1.3820031164217208e-05
0.988,0.009027497347268253,-0.25050736719046673,0.010737865515199488,0.01057785892786018,0.043078696591351655,4.755017166210859,BALANCE,1,1.3595083143176855e-05
0.99,0.008528057766007662,-0.2489398693655329,0.009203884727313847,0.010096967957668963,-0.24044548509560837,14.488608271839556,BALANCE,1,1.3507600392339638e-05
0.992,0.008031749220932718,-0.24737628304532291,0.007669903939428206,0.009247495551284698,-0.42473620319213257,12.193580753723936,BALANCE,1,1.3415877623298683e-05
0.994,0.007539263893384306,-0.24511659326766314,0.010737865515199488,0.009769125038654874,0.26081474368508817,10.670136163678944,BALANCE,1,1.3240715168134622e-05
0.996,0.007049340955057943,-0.2448138545741348,0.007669903939428206,0.00903439765392554,-0.3673636923646672,16.187795332946653,BALANCE,1,1.3282265490567035e-05
0.998,0.006560667797993692,-0.24386679287510488,0.007669903939428206,0.008556824853851473,-0.2387864000370334,11.120091080995634,BALANCE,1,1.3246097737770612e-05
1.0,0.006073977534760231,-0.24283093037345196,0.006135923151542565,0.007709509258043356,-0.42365779790405883,12.12176641658303,BALANCE,1,1.3195089809480116e-05
1.002,0.00559013766709304,-0.24101635364004795,0.006135923151542565,0.0071587541207680785,-0.2753775686376385,10.593498199749948,BALANCE,1,1.3052595764593171e-05
1.004,0.005110061552812376,-0.23906711931563346,0.0030679615757712823,0.0057269767300191995,-0.7158886953744394,11.748126476468949,BALANCE,1,1.2891412828764525e-05
1.006,0.004635665769758721,-0.2353359353627012,0.0046019423636569235,0.005333214701792403,-0.19688101411339826,8.139276214475611,BALANCE,1,1.2532568312804151e-05
1.008,0.004168359471488062,-0.23197752587922177,0.0030679615757712823,0.004540376107685011,-0.39641929705369616,12.268778585810693,BALANCE,1,1.2214560385452311e-05
1.01,0.0037082023088915775,-0.22818669011891043,0.0030679615757712823,0.0040250310215152055,-0.25767254308490256,10.625810081863403,BALANCE,1,1.1851049310788614e-05
1.012,0.0032554964930259656,-0.22452606494400262,0.0046019423636569235,0.004226949991264807,0.10095948487480076,11.705668414647864,BALANCE,1,1.1502627846058678e-05
1.014,0.0028086597411190323,-0.2223175362070057,0.0046019423636569235,0.004358197321602048,0.0656236651686206,14.587685166508718,BALANCE,1,1.1303962261313474e-05
1.016,0.002365103282296582,-0.22124572158620898,0.0030679615757712823,0.0039066148105612805,-0.22579125552038384,14.313745088143833,BALANCE,1,1.1218739562829832e-05
1.018,0.0019237915775574094,-0.2200727477225729,0.0030679615757712823,0.003613086178384781,-0.14676431608824972,11.956112094931465,BALANCE,1,1.111952502485349e-05
1.02,0.001484623355971095,-0.21910220558295368,0.0030679615757712823,0.0034222925674700566,-0.09539680545736225,12.571438509693623,BALANCE,1,1.1037178840245138e-05
1.022,0.0010470302640538756,-0.21849759391355394,0.0015339807878856412,0.002761383444615511,-0.3304545614272727,12.971615436599334,BALANCE,1,1.0987957359516624e-05
1.024,0.0006112126908486869,-0.21732665965847736,-0.0,0.0017948992390000823,-0.4832421028077144,11.052051118157701,BALANCE,1,1.0878036045049488e-05
1.026,0.00017881515373277122,-0.21507750540302378,0.0,0.0011666845053500536,-0.31410736682501433,9.772120714625041,BALANCE,1,1.0657581232083029e-05
1.028,-0.0002487637625260877,-0.2125079649405309,0.0015339807878856412,0.0012952382042375093,0.06427684944372786,11.087739055368711,BALANCE,1,1.0404124299248724e-05
1.03,-0.0006723359773318061,-0.21107074253250585,-0.0015339807878856412,0.00030501155699440654,-0.49511332362155136,14.122785055092743,BALANCE,1,1.0259728537284863e-05
1.032,-0.001091920706082086,-0.20852041776218125,-0.0015339807878856412,-0.00033863576371361015,-0.32182366035400833,9.58831107404732,BALANCE,1,1.0005336087690176e-05
1.034,-0.0015060688662580778,-0.20563409062184393,-0.0030679615757712823,-0.0012938997979337953,-0.47763201711009257,10.935941813792443,BALANCE,1,9.718519792691937e-06
1.036,-0.0019135541432701395,-0.2018574324638258,-0.006135923151542565,-0.0029886079716968644,-0.8473540868815346,9.631900337730972,BALANCE,1,9.349181012976131e-06
1.038,-0.0023113023005195345,-0.1958968216016566,-0.0015339807878856412,-0.0024794884573629363,0.254559757166964,6.571843567539314,BALANCE,1,8.785131459993085e-06
1.04,-0.002699335797345712,-0.19214262312469937,-0.0046019423636569235,-0.0032223473245658316,-0.37142943360144764,15.417205593095865,BALANCE,1,8.42889061844298e-06
1.042,-0.003079437811908813,-0.18796521775651137,-0.0015339807878856412,-0.0026314190367277652,0.2954641439190332,10.364076065451485,BALANCE,1,8.039774935024332e-06
1.044,-0.0034533085394255368,-0.18591124055566374,-0.0,-0.0017104223738730476,0.4604983314273588,15.734154099078271,BALANCE,1,7.8369662844058e-06
1.046,-0.003825552488070173,-0.18633841394018993,-0.0030679615757712823,-0.00218556109453743,-0.23756936033219114,17.109345314441384,BALANCE,1,7.844896699881053e-06
1.048,-0.004198206733717869,-0.18632154383993105,-0.006135923151542565,-0.003568187814489227,-0.6913133599758985,11.495858344906214,BALANCE,1,7.811768920116521e-06
1.05,-0.004568727695095257,-0.18420509696252427,-0.0015339807878856412,-0.0028562153551779717,0.3559862296556276,7.7822351069965485,BALANCE,1,7.596673923423832e-06
1.052,-0.00493709895334111,-0.18417180774678113,-0.0030679615757712823,-0.0029303265323856304,-0.037055588603829334,16.202778928536397,BALANCE,1,7.5567491446004925e-06
1.054,-0.005305755380295855,-0.18449027003208854,-0.006135923151542565,-0.004052285349090558,-0.5609794083524636,13.053411646521806,BALANCE,1,7.5437924627329356e-06
1.056,-0.005673386099341574,-0.1831460841053159,-0.0046019423636569235,-0.004244665304188786,-0.09618997754911414,8.793893102460618,BALANCE,1,7.387172068059286e-06
1.058,-0.006038607627348367,-0.18208104205300507,-0.007669903939428206,-0.005443498826522583,-0.5994167611668983,12.499816818520681,BALANCE,1,7.252231854448262e-06
1.06,-0.006400047679227089,-0.17936455000303425,-0.006135923151542565,-0.005685847340279576,-0.1211742568784967,8.400983838473074,BALANCE,1,6.978378277545183e-06
1.062,-0.0067563916763379315,-0.17698490915977286,-0.007669903939428206,-0.006380267149981597,-0.34720990485101033,12.211245792486814,BALANCE,1,6.733332451170529e-06
1.064,-0.007107415297707555,-0.17404409269835547,-0.0046019423636569235,-0.005757853474767961,0.3112068376068177,10.360019366694587,BALANCE,1,6.443928364558465e-06
1.066,-0.007454530243460404,-0.17307617361672537,-0.007669903939428206,-0.0064270711373990465,-0.3346088313155426,15.663546556175076,BALANCE,1,6.312964842051587e-06
1.068,-0.007799012089203231,-0.1714109523150171,-0.006135923151542565,-0.006325169342349278,0.0509508975248844,10.455582730810846,BALANCE,1,6.125125942590693e-06
1.07,-0.008140993464007193,-0.17057566433643576,-0.007669903939428206,-0.0067958264513269025,-0.23532855448881243,13.54490963536878,BALANCE,1,6.001556895163878e-06
1.072,-0.00848095356283532,-0.16938964534302034,-0.007669903939428206,-0.007101753572162359,-0.15296356041772816,11.225075427430282,BALANCE,1,5.8487899975929195e-06
1.074,-0.008818537587404458,-0.16819955364252087,-0.010737865515199488,-0.008374392752225355,-0.6363195900314979,11.864219402034397,BALANCE,1,5.69435081129796e-06
1.076,-0.00915191551562664,-0.16518348451165943,-0.007669903939428206,-0.008127821667746352,0.12328554223950144,7.919337935770014,BALANCE,1,5.399210073668024e-06
1.078,-0.009480502056956825,-0.1634080932935484,-0.007669903939428206,-0.007967550462835,0.0801356024556759,14.0093476946732,BALANCE,1,5.199935385270528e-06
1.08,-0.009806460693179152,-0.16255553910814155,-0.007669903939428206,-0.007863374179642621,0.05208814159618925,13.672170938604708,BALANCE,1,5.06930099479313e-06
1.082,-0.010131416132389555,-0.16240488088874555,-0.009203884727313847,-0.00833255287132755,-0.23458934584246435,13.45246915388443,BALANCE,1,4.989379340730449e-06
1.084,-0.010455606904222666,-0.16179085999421447,-0.009203884727313847,-0.008637519020922755,-0.15248307479760226,11.129232022299838,BALANCE,1,4.872805486860922e-06
1.086,-0.010778466799766505,-0.16107398418371086,-0.010737865515199488,-0.00937264029391961,-0.367560636498428,11.766056717878836,BALANCE,1,4.746845813473132e-06
1.088,-0.011098989785917971,-0.15945391476626367,-0.010737865515199488,-0.009850469121367568,-0.23891441372397848,9.999454419833636,BALANCE,1,4.552912621516128e-06
1.09,-0.011415955911975882,-0.15751706955554762,-0.010737865515199488,-0.01016105785920874,-0.15529436892058618,10.99798437855808,BALANCE,1,4.335856664203253e-06
1.092,-0.011729077589506696,-0.15560940729653552,-0.01227184630308513,-0.010899833814565477,-0.36938797767836845,11.646277201142906,BALANCE,1,4.121448584515047e-06
1.094,-0.012037598331770255,-0.15291606375135564,-0.01227184630308513,-0.011380038185547356,-0.24010218549093928,9.88702180699633,BALANCE,1,3.852309554006444e-06
1.096,-0.012340519372569383,-0.1500096199869386,-0.010737865515199488,-0.011155277750925603,0.11238021731087636,10.890219874599742,BALANCE,1,3.57122009561941e-06
1.098,-0.012638756892007297,-0.14823247058729008,-0.01227184630308513,-0.011546076744181438,-0.19539949662791736,13.721333667541385,BALANCE,1,3.3701766770143965e-06
1.1,-0.01293327032634156,-0.14628547778679346,-0.01380582709097077,-0.012336989365557703,-0.395456310688133,11.23333880108685,BALANCE,1,3.158269210757993e-06
1.102,-0.01322298185900325,-0.143430495299109,-0.01227184630308513,-0.012314189293692303,0.011400035932700343,9.582962133449435,BALANCE,1,2.8874148837829705e-06
1.104,-0.01350770610629948,-0.14129811596405184,-0.01380582709097077,-0.012836262522739766,-0.26103661452373145,12.836718072869289,BALANCE,1,2.6668943628455446e-06
1.106,-0.013787770286055389,-0.13877035631779067,-0.015339807878856412,-0.013712503397380591,-0.43812043732041267,10.623333222970437,BALANCE,1,2.422794377213406e-06
1.108,-0.014061757909695603,-0.13522146669783278,-0.01227184630308513,-0.01320827341437718,0.25211499150170574,9.151345687439061,BALANCE,1,2.117920855959304e-06
1.11,-0.014330334956602917,-0.1333596966411682,-0.015339807878856412,-0.013954310476944912,-0.373018531283866,14.70084126231334,BALANCE,1,1.9219249198046686e-06
1.112,-0.014594316228656541,-0.13062562139052114,-0.01687378866674205,-0.014976127843373911,-0.5109086832144998,9.652219994179312,BALANCE,1,1.6747379242152783e-06
1.114,-0.014851535780746404,-0.1265978730277838,-0.015339807878856412,-0.015103415855792786,-0.06364400620943733,8.484794511179828,BALANCE,1,1.3557936309995232e-06
1.116,-0.01510123295467975,-0.12310312792612547,-0.015339807878856412,-0.015186153063865055,-0.04136860403613444,12.052253963304034,BALANCE,1,1.0755002276463558e-06
1.118,-0.015344483934760365,-0.12015158036242475,-0.015339807878856412,-0.015239932249112029,-0.02688959262348717,12.222455717593348,BALANCE,1,8.31616599534299e-07
1.12,-0.01558235586844654,-0.11772399907557586,-0.01380582709097077,-0.01473799544376259,0.2509684026747198,12.332013071329886,BALANCE,1,6.206303970473484e-07
1.122,-0.015816871003001314,-0.1167947297690171,-0.01687378866674205,-0.015485523071805401,-0.37376381402140585,14.582045642947756,BALANCE,1,4.924064818167463e-07
1.124,-0.016048492752122234,-0.11483056928373335,-0.015339807878856412,-0.015434522754273254,0.025500158766073554,9.536239147081822,BALANCE,1,3.093923209232541e-07
1.1260000000000001,-0.01627677066723305,-0.11345084449674324,-0.015339807878856412,-0.01540137254787736,0.01657510319794716,12.73032404388273,BALANCE,1,1.586471158630554e-07
1.1280000000000001,-0.01650276466479042,-0.11254661671311922,-0.01380582709097077,-0.014842931637960053,0.2792204549586534,12.657832337211897,BALANCE,1,3.3081608666685166e-08
1.1300000000000001,-0.016728351842170083,-0.11304401807044312,-0.01687378866674205,-0.015553731598033752,-0.3553999800368496,14.789533019564994,BALANCE,1,-2.0485826962420957e-08
1.1320000000000001,-0.016953779662290707,-0.11238725699923983,-0.018407769454627694,-0.016552644847841632,-0.4994566249039399,9.66681079567694,BALANCE,1,-1.3503892317406975e-07
1.1340000000000001,-0.017176333588008852,-0.11017007960990294,-0.019941750242513337,-0.017738831735976728,-0.5930934440675477,8.451112312782177,BALANCE,1,-3.292015716654757e-07
1.1360000000000001,-0.017392721905428003,-0.10622155419365482,-0.021475731030398976,-0.019046746489024515,-0.6539573765238939,7.627298779838013,BALANCE,1,-6.053105093061624e-07
1.1380000000000001,-0.017599451357116856,-0.10051106583632098,-0.019941750242513337,-0.019359997802745603,-0.1566256568605439,7.058103085706572,BALANCE,1,-9.539458465323835e-07
1.1400000000000001,-0.01779506615310824,-0.09510672814206363,-0.01687378866674205,-0.01848982460514436,0.4350865988006214,11.01408976462956,BALANCE,1,-1.2708724781520393e-06
1.1420000000000001,-0.017982353276584966,-0.09218326568114572,-0.01687378866674205,-0.01792421202670355,0.28280628922040457,15.796300236853927,BALANCE,1,-1.4680128634454563e-06
1.1440000000000001,-0.018165395383925656,-0.0908616469372081,-0.01687378866674205,-0.017556563850717025,0.1838240879932628,14.6084096725133,BALANCE,1,-1.5938475290205059e-06
1.1460000000000001,-0.018346826482896247,-0.09057223261127309,-0.018407769454627694,-0.01785448581208576,-0.1489609806843671,13.835099640485213,BALANCE,1,-1.676126583690961e-06
1.1480000000000001,-0.018527332977992524,-0.0899370288835713,-0.01687378866674205,-0.017511241811215463,0.1716220004351482,11.151372876219636,BALANCE,1,-1.7730595450124788e-06
1.1500000000000001,-0.018707466802113763,-0.09019955591512774,-0.019941750242513337,-0.01836191976216972,-0.4253389754771287,13.73312911686573,BALANCE,1,-1.8332215965241383e-06
1.1520000000000001,-0.01888666958095459,-0.08900596932568237,-0.021475731030398976,-0.01945175370604996,-0.5449169719401199,8.902728248557827,BALANCE,1,-1.9538762228930603e-06
1.154,-0.01906175036828702,-0.08607750122636752,-0.018407769454627694,-0.019086359218052167,0.1826972439988965,7.876823889479874,BALANCE,1,-2.1423964190049054e-06
1.156,-0.019232175785819816,-0.08435052817054074,-0.019941750242513337,-0.019385746076613575,-0.1496934292807041,13.715844014428264,BALANCE,1,-2.2793489874435868e-06
1.158,-0.019398949140878804,-0.08242538277449568,-0.018407769454627694,-0.019043454258918516,0.1711459088475295,11.034878267462451,BALANCE,1,-2.4215772886814105e-06
1.16,-0.019562898307248618,-0.08152629619072149,-0.018407769454627694,-0.018820964577416728,0.11124484075089418,13.618321790698241,BALANCE,1,-2.5232125895544352e-06
1.162,-0.019725722966122666,-0.08130085803685133,-0.019941750242513337,-0.019213239560200542,-0.19613749139190706,13.148698433899781,BALANCE,1,-2.5994422197586527e-06
1.164,-0.019887531362552578,-0.08051001816427886,-0.021475731030398976,-0.020005111574769995,-0.39593600728472617,10.662260629878302,BALANCE,1,-2.6968313546391217e-06
1.166,-0.020046506115068304,-0.07846717068888598,-0.019941750242513337,-0.019982935108480163,0.011088233144915943,9.012359159546628,BALANCE,1,-2.8389141333281308e-06
1.168,-0.020201818121946602,-0.07684721638646072,-0.019941750242513337,-0.019968520405391772,0.00720735154419519,12.265887083939461,BALANCE,1,-2.9631074156722595e-06
1.17,-0.020354242568805487,-0.0755795664094483,-0.019941750242513337,-0.01995915084838432,0.004684778503726353,12.23171120923792,BALANCE,1,-3.0731159396975555e-06
1.172,-0.02050442779468575,-0.07460796108408495,-0.019941750242513337,-0.019953060636329477,0.0030451060274213487,12.208100968164938,BALANCE,1,-3.171745675401112e-06
1.174,-0.020652920325460376,-0.07388684535589775,-0.018407769454627694,-0.019412208722733852,0.27042595679781234,12.191358388950523,BALANCE,1,-3.2611635273836345e-06
1.176,-0.020801192967081064,-0.07438806855278167,-0.021475731030398976,-0.020134441530416644,-0.3611164038413959,14.35897386818484,BALANCE,1,-3.3091568605577845e-06
1.178,-0.02094916823056361,-0.07358946265403858,-0.021475731030398976,-0.02060389285541046,-0.23472566249690788,9.259274126304124,BALANCE,1,-3.4018346884165973e-06
1.18,-0.021094874708750856,-0.07211924848174685,-0.023009711818284616,-0.021445929492416416,-0.4210183185029779,10.238112198989317,BALANCE,1,-3.516091582200619e-06
1.182,-0.021236344960422687,-0.06935317121260513,-0.021475731030398976,-0.021456360030710313,-0.005215269146948906,8.692959566821916,BALANCE,1,-3.669695919846073e-06
1.184,-0.021372699160996864,-0.06700311897462834,-0.021475731030398976,-0.021463139880601344,-0.003389924945515488,12.014466857366372,BALANCE,1,-3.8050766175196805e-06
1.186,-0.021504719729830226,-0.06501947305342316,-0.023009711818284616,-0.02200444005879049,-0.2706500890945727,12.024370192008256,BALANCE,1,-3.925384572758021e-06
1.188,-0.02163208494919978,-0.06234769816322387,-0.02454369260617026,-0.02289317845037341,-0.44436919579145945,9.849409980112691,BALANCE,1,-4.06199354614308e-06
1.19,-0.021752841254318804,-0.05841045751826529,-0.023009711818284616,-0.022933965129142333,-0.020393339384462,8.401754187352548,BALANCE,1,-4.227039968976113e-06
1.192,-0.02186619440217532,-0.05494442744451214,-0.019941750242513337,-0.021886689918822186,0.5236376051600735,11.786527044856562,BALANCE,1,-4.369942456402442e-06
1.194,-0.02197506679462275,-0.053929633437676046,-0.019941750242513337,-0.021205961032114088,0.3403644433540489,16.19723377584829,BALANCE,1,-4.445964163271721e-06
1.196,-0.02208337322240454,-0.05437845410099588,-0.021475731030398976,-0.0213003805315138,-0.04720974969985546,14.767651022396159,BALANCE,1,-4.485316517602221e-06
1.198,-0.02219240699445309,-0.05465698884679711,-0.021475731030398976,-0.021361753206123612,-0.030686337304906483,11.65713223189464,BALANCE,1,-4.529462038403072e-06
1.2,-0.0223019091538603,-0.0548468486334792,-0.023009711818284616,-0.021938538720379964,-0.2883927571281763,11.781364819936417,BALANCE,1,-4.576287913564733e-06
1.202,-0.022410743017541115,-0.053988682875487345,-0.02454369260617026,-0.022850342580406566,-0.4559019300133006,9.6807186227508,BALANCE,1,-4.649359684369252e-06
1.204,-0.02251630567454759,-0.051575591826281415,-0.021475731030398976,-0.02236922853790391,0.2405570212513277,8.281366939552129,BALANCE,1,-4.758293776420163e-06
1.206,-0.02261828640497758,-0.050406701403559864,-0.021475731030398976,-0.022056504410277185,0.15636206381336273,13.877431546511733,BALANCE,1,-4.834521095600278e-06
1.208,-0.02271870349730509,-0.0500119297580066,-0.023009711818284616,-0.022390127003079786,-0.1668112964013004,13.21822403378356,BALANCE,1,-4.891884558899208e-06
1.21,-0.022817794790196674,-0.0490808816473365,-0.019941750242513337,-0.02153319513688153,0.4284659330991286,10.608341771097482,BALANCE,1,-4.960943776212775e-06
1.212,-0.02291678690465282,-0.04991274979846374,-0.019941750242513337,-0.02097618942385266,0.27850285651443396,15.417668880045433,BALANCE,1,-4.989932741686499e-06
1.214,-0.023018429955377215,-0.051731858535421504,-0.023009711818284616,-0.021687922261903844,-0.3558664190255918,14.247189372264835,BALANCE,1,-4.9967939091453695e-06
1.216,-0.023122196943137725,-0.0520367193794144,-0.023009711818284616,-0.022150548606637115,-0.2313131723666352,9.125193613209179,BALANCE,1,-5.040227276976911e-06
1.218,-0.023225709108330172,-0.05147703205898858,-0.023009711818284616,-0.02245125573071374,-0.15035356203831235,10.089431896075508,BALANCE,1,-5.104400345538953e-06
1.22,-0.023327643284198278,-0.05045870587006877,-0.019941750242513337,-0.0215729288098436,0.43916346043506965,10.714576100111353,BALANCE,1,-5.17858853514312e-06
1.222,-0.023429350286662917,-0.05124985516971563,-0.023009711818284616,-0.022075802862797957,-0.25143702647717825,15.479097309388647,BALANCE,1,-5.21042814406886e-06
1.224,-0.023531635229637048,-0.05103665523274628,-0.021475731030398976,-0.021865777721458313,0.10501257066982198,9.919705810340844,BALANCE,1,-5.266338991281923e-06
1.226,-0.023633948626401592,-0.051278309392170554,-0.023009711818284616,-0.02226615465534752,-0.2001884669446032,12.779530940452933,BALANCE,1,-5.311764670081755e-06
1.228,-0.02373599722713996,-0.050771855145383855,-0.02761165418194154,-0.024137079489655426,-0.9354624171539535,10.309446792573109,BALANCE,1,-5.374883467172258e-06
1.23,-0.023833608294966318,-0.04684070847719934,-0.021475731030398976,-0.023205607528915668,0.4657359803698791,4.310172284941901,BALANCE,1,-5.512485107215605e-06
1.232,-0.023925603271774315,-0.0451556780616661,-0.0260776733940559,-0.02421083058171475,-0.5026115263995403,15.571006661271165,BALANCE,1,-5.594745926540811e-06
1.234,-0.02401255891538574,-0.04180129805587044,-0.02454369260617026,-0.024327332290274176,-0.05825085427971395,7.759071057831522,BALANCE,1,-5.706110680701659e-06
1.236,-0.024093000046508533,-0.03864106574235482,-0.023009711818284616,-0.02386616512507783,0.2305835825981723,11.302100865818513,BALANCE,1,-5.8056765553192915e-06
1.238,-0.024168369906475886,-0.03672994918589277,-0.023009711818284616,-0.023566406467700207,0.1498793286888126,13.635673157728368,BALANCE,1,-5.8773983590313744e-06
1.24,-0.024240707946610415,-0.03560919944788461,-0.02454369260617026,-0.023908456616164725,-0.1710250742322592,13.00331136460261,BALANCE,1,-5.9331752643275445e-06
1.242,-0.02431028990224016,-0.03397382244563539,-0.0260776733940559,-0.024667682488426636,-0.37961293613095537,10.410771441002929,BALANCE,1,-5.995182126581192e-06
1.244,-0.024375359852723617,-0.031097125159284093,-0.02454369260617026,-0.024624286029636903,0.0216982293948665,8.69158145697996,BALANCE,1,-6.071871292233141e-06
1.246,-0.02443508654533042,-0.028630482688286257,-0.021475731030398976,-0.02352229177990363,0.5509971248666371,11.899749711507994,BALANCE,1,-6.136699165043897e-06
1.248,-0.02449222491618165,-0.028508763738444798,-0.023009711818284616,-0.023342888793336975,0.0897014932833267,16.195556071910175,BALANCE,1,-6.167917733955058e-06
1.25,-0.024549446519038377,-0.028713715967828887,-0.02454369260617026,-0.023763170127828623,-0.21014066724582384,12.511286620679021,BALANCE,1,-6.194944236059494e-06
1.252,-0.0246062373192959,-0.028077954536904617,-0.0260776733940559,-0.02457324627100817,-0.40503807158977395,10.082579822350754,BALANCE,1,-6.232836414506853e-06
1.254,-0.024660282324534565,-0.025967878872712923,-0.02454369260617026,-0.0245629024883149,0.005171891346635385,8.469881369754178,BALANCE,1,-6.2873183746104e-06
1.256,-0.024710348525514833,-0.0240990893073674,-0.0260776733940559,-0.02509307230532425,-0.26508490850467475,11.747269119709388,BALANCE,1,-6.335061231076482e-06
1.258,-0.02475587024648658,-0.021423329225545074,-0.023009711818284616,-0.02436389613486038,0.3645880852319351,9.548385917417281,BALANCE,1,-6.386980385038092e-06
1.26,-0.024797699715154616,-0.0204067804233199,-0.02454369260617026,-0.024426824899818837,-0.03146438247922899,14.62464765831102,BALANCE,1,-6.418736183292184e-06
1.262,-0.024837462348923606,-0.01935646265443558,-0.02454369260617026,-0.024467728597041834,-0.020451848611498236,11.447566825744236,BALANCE,1,-6.449266631600245e-06
1.264,-0.024875138564278827,-0.01832033003746542,-0.02454369260617026,-0.02449431600023678,-0.013293701597473853,11.528319329133293,BALANCE,1,-6.478102855589148e-06
1.266,-0.024910786767575348,-0.017328419518721563,-0.023009711818284616,-0.023974704536553523,0.2598057318416291,11.579090397853744,BALANCE,1,-6.505051369164427e-06
1.268,-0.024945524458920856,-0.017409804133149267,-0.02454369260617026,-0.02417385036091938,-0.09957291218292905,13.790267612280251,BALANCE,1,-6.522747153429769e-06
1.27,-0.02497998993284319,-0.017056197923945422,-0.023009711818284616,-0.023766401870997215,0.20372424496108327,10.898454940549652,BALANCE,1,-6.543783776697812e-06
1.272,-0.025014518848903083,-0.017473247242050457,-0.02454369260617026,-0.02403845362830778,-0.1360258786552819,13.344525826722878,BALANCE,1,-6.558753340240938e-06
1.274,-0.025049256789522967,-0.01726522568677055,-0.0260776733940559,-0.02475218054631962,-0.35686345900592076,10.605394041627662,BALANCE,1,-6.578841916130893e-06
1.276,-0.025082216833019505,-0.01569532287520995,-0.02454369260617026,-0.024679209767267344,0.03648538952613807,8.790919347632578,BALANCE,1,-6.608268262971958e-06
1.278,-0.025112383400449353,-0.014471706813593551,-0.02454369260617026,-0.024631778760883363,0.023715503191990353,11.937152540678731,BALANCE,1,-6.632813935670011e-06
1.28,-0.025140391489265897,-0.013536811185940805,-0.0260776733940559,-0.025137841882493753,-0.25303156080519473,11.83291295463641,BALANCE,1,-6.653757413503783e-06
1.282,-0.025165769739043584,-0.011841827476438926,-0.02454369260617026,-0.02492988963578053,0.1039761233566118,9.583545086985808,BALANCE,1,-6.677193154905454e-06
1.284,-0.02518869127050096,-0.011080055219424954,-0.02454369260617026,-0.024794720675416933,0.06758448018179784,12.4470977171559,BALANCE,1,-6.693443468600407e-06
1.286,-0.025210709934384228,-0.010938946066752452,-0.023009711818284616,-0.02416996757542062,0.312376549998156,12.15911576524412,BALANCE,1,-6.705915436760248e-06
1.288,-0.025233734585162402,-0.012086057528762588,-0.02454369260617026,-0.024300771336182993,-0.06540188038118601,14.150103516259678,BALANCE,1,-6.7121342477137946e-06
1.29,-0.025258320752449825,-0.012500486503993546,-0.0260776733940559,-0.024922687056438513,-0.31095786012775956,11.115167693311966,BALANCE,1,-6.722937667876594e-06
1.292,-0.025282409464998525,-0.011588595167698773,-0.023009711818284616,-0.024253145723084648,0.3347706666769323,9.108420374712757,BALANCE,1,-6.7408961625516255e-06
1.294,-0.025306276408889994,-0.01227871444752534,-0.0260776733940559,-0.024891730407924587,-0.3192923424199696,14.309570440006906,BALANCE,1,-6.749891946385261e-06
1.296,-0.025330050576276623,-0.01149581724167487,-0.0260776733940559,-0.02530681045307055,-0.2075400225729808,9.033772940059709,BALANCE,1,-6.766933429432571e-06
1.298,-0.025351786682191003,-0.010240621745177635,-0.0260776733940559,-0.025576612482415422,-0.13490101467243665,9.897825334036249,BALANCE,1,-6.784889799012828e-06
1.3,-0.025371217290676464,-0.009190284484355318,-0.0260776733940559,-0.02575198380148959,-0.08768565953708347,10.457633952983427,BALANCE,1,-6.800032924971295e-06
1.302,-0.025389134769717256,-0.008727469113769547,-0.0260776733940559,-0.025865975158887798,-0.05699567869910452,10.819684118161504,BALANCE,1,-6.811578452831577e-06
1.304,-0.025406540204565644,-0.008678232445367294,-0.02761165418194154,-0.02647696281695661,-0.3054938290344058,11.053191288389666,BALANCE,1,-6.8211419815109425e-06
1.306,-0.025422948825279304,-0.007730639704755557,-0.02761165418194154,-0.026874104794701335,-0.1985709888723628,9.023251433659736,BALANCE,1,-6.8335600094502634e-06
1.308,-0.02543817684729471,-0.007497615655888078,-0.02454369260617026,-0.02605846052871546,0.40782213299293824,9.849430815332457,BALANCE,1,-6.842582535410944e-06
1.31,-0.025455175546141136,-0.009501343667413533,-0.02454369260617026,-0.02552829175582464,0.26508438644540916,14.744302754108274,BALANCE,1,-6.843899606354589e-06
1.312,-0.025475078067700194,-0.010401482865323683,-0.02761165418194154,-0.026257468604965556,-0.36458842457045765,13.629105249750326,BALANCE,1,-6.850510075338732e-06
1.314,-0.025494830694997715,-0.009351447109752857,-0.0260776733940559,-0.026194540281147177,0.031464161909189325,8.542720656953943,BALANCE,1,-6.865954446851193e-06
1.316,-0.02551342914011842,-0.00924728300194857,-0.0260776733940559,-0.026153636870665232,0.020451705240972715,11.709678140163993,BALANCE,1,-6.876450730511284e-06
1.318,-0.02553209152950575,-0.009415392355955654,-0.0260776733940559,-0.026127049653851965,0.013293608406633392,11.618801964073043,BALANCE,1,-6.885819723632852e-06
1.32,-0.025551092454354066,-0.009585823650296083,-0.0260776733940559,-0.026109767962923344,0.008640845464310404,11.557907012476353,BALANCE,1,-6.895356084540336e-06
1.322,-0.025570406187280716,-0.009728205227428902,-0.023009711818284616,-0.02502474831229979,0.5425098253117773,11.516499856800902,BALANCE,1,-6.905182097960119e-06
1.324,-0.02559199589138942,-0.011861829706753469,-0.02454369260617026,-0.024856378815154453,0.08418474857266843,15.847547924955588,BALANCE,1,-6.9062702554617054e-06
1.326,-0.02561698168027002,-0.013124342038881987,-0.02454369260617026,-0.024746938642009986,0.05472008657223318,12.186078205108409,BALANCE,1,-6.9125567373450005e-06
1.328,-0.025644191208103122,-0.014085602734215642,-0.0260776733940559,-0.025212695805226056,-0.2328785816080349,11.951977931765194,BALANCE,1,-6.9213063570679365e-06
1.33,-0.02567209387038986,-0.013817487113919067,-0.02761165418194154,-0.026052331237076475,-0.41981771592520917,9.618200617369041,BALANCE,1,-6.938198654194569e-06
1.332,-0.025697836898129482,-0.011925935094828413,-0.0260776733940559,-0.026061200992019275,-0.004434877471400436,8.067098950673206,BALANCE,1,-6.9634271963397535e-06
1.334,-0.025720281350439363,-0.010518861138665807,-0.0260776733940559,-0.026066966332732096,-0.002882670356410197,11.384417232808703,BALANCE,1,-6.982929169224157e-06
1.336,-0.02574054374905468,-0.009743847963545698,-0.02454369260617026,-0.025533820528435454,0.26657290214832097,11.39127557601931,BALANCE,1,-6.997593528332689e-06
1.338,-0.025760797051573383,-0.010509764901783354,-0.0260776733940559,-0.02572416903140261,-0.0951742514835787,13.57380214020927,BALANCE,1,-7.005069349142597e-06
1.34,-0.025781728582235316,-0.010422086499685427,-0.0260776733940559,-0.025847895558331262,-0.06186326346432555,10.663259167169764,BALANCE,1,-7.016921278267326e-06
1.342,-0.025802296736217128,-0.010146382653462427,-0.023009711818284616,-0.024854531249314936,0.4966821545081632,10.917153900596404,BALANCE,1,-7.0294675432466576e-06
1.344,-0.02582435741531064,-0.011914634480591784,-0.02761165418194154,-0.025819524275734248,-0.482496513209656,15.440148196667431,BALANCE,1,-7.032545049228355e-06
1.346,-0.02584719816317838,-0.010926463381973521,-0.02761165418194154,-0.0264467697429068,-0.3136227335862763,7.543655368484572,BALANCE,1,-7.050248159298061e-06
1.348,-0.02586727270476652,-0.009148385813939107,-0.023009711818284616,-0.025243799469289036,0.6014851368088825,8.851721523492674,BALANCE,1,-7.069469909719512e-06
1.35,-0.02588731808567719,-0.010897302255851905,-0.02761165418194154,-0.02607254861871741,-0.41437457471418804,16.239713943177154,BALANCE,1,-7.0723827405257244e-06
1.352,-0.025908098531131383,-0.009883461622152995,-0.0260776733940559,-0.026074342290085883,-0.0008968356842355835,8.057896792303143,BALANCE,1,-7.088639141733529e-06
1.354,-0.025927462439906554,-0.009480743870484358,-0.0260776733940559,-0.02607550817647539,-0.0005829431947539099,11.360396215802638,BALANCE,1,-7.101069096396808e-06
1.356,-0.025946362528832378,-0.009419634665292057,-0.02761165418194154,-0.026613159278388542,-0.2688255509565758,11.357622300899823,BALANCE,1,-7.111721393639237e-06
1.358,-0.02596422991959963,-0.00844802988796509,-0.02914563496982718,-0.027499525770392066,-0.4431832460017621,9.174099740834782,BALANCE,1,-7.12554685482091e-06
1.36,-0.02597955239678787,-0.006874682090247295,-0.0260776733940559,-0.02700187743867441,0.24882416585882833,7.720556285799002,BALANCE,1,-7.139532859641864e-06
1.362,-0.025995356890029235,-0.008930053325313854,-0.0260776733940559,-0.026678406023057932,0.16173570780823876,13.281074105099052,BALANCE,1,-7.140750390396644e-06
1.364,-0.02601321523619298,-0.008928566485040814,-0.02761165418194154,-0.027005042878667194,-0.1633184278046311,12.59843904442671,BALANCE,1,-7.150595712586654e-06
1.366,-0.0260305390303873,-0.008395493164978765,-0.0260776733940559,-0.026680463559053243,0.1622896598069759,9.97300673961146,BALANCE,1,-7.162274598968078e-06
1.368,-0.026048092694283622,-0.009158439708649725,-0.0260776733940559,-0.026469487001304172,0.10548827887453538,12.592010106969344,BALANCE,1,-7.168873280298392e-06
1.37,-0.026066867666105078,-0.009616819804418336,-0.0260776733940559,-0.026332352238767277,0.06856738126844765,12.144963755574503,BALANCE,1,-7.177255792808292e-06
1.372,-0.02608645309841506,-0.009968912615889258,-0.0260776733940559,-0.026243214643118296,0.04456879782449054,11.852558190030262,BALANCE,1,-7.186487738004048e-06
1.374,-0.026106636573256684,-0.010214871499844529,-0.0260776733940559,-0.02618527520594646,0.028969718585918416,11.66066913528892,BALANCE,1,-7.19650364182908e-06
1.3760000000000001,-0.02612721886527266,-0.010367735901245208,-0.02761165418194154,-0.02668450784754474,-0.2496163207991401,11.53411581256946,BALANCE,1,-7.207167818074856e-06
1.3780000000000001,-0.026147020769224098,-0.009434471477667246,-0.0260776733940559,-0.026472115788823646,0.10619602936054635,9.27013663742359,BALANCE,1,-7.222391511448521e-06
1.3800000000000001,-0.026166006585571708,-0.009551635791767609,-0.0260776733940559,-0.026334060950654936,0.06902741908435504,12.124084539066581,BALANCE,1,-7.232400602078526e-06
1.3820000000000001,-0.026185395733852385,-0.009837809590805754,-0.02761165418194154,-0.02678121858160525,-0.22357881547515646,11.829752134957044,BALANCE,1,-7.241875183985026e-06
1.3840000000000001,-0.02620428351976295,-0.00905026573958621,-0.02761165418194154,-0.027071871041722952,-0.14532623005885162,9.456716556907612,BALANCE,1,-7.255785048254805e-06
1.3860000000000001,-0.02622171630827642,-0.008382789898453319,-0.02761165418194154,-0.02726079514079946,-0.09446204953825373,10.059883718422645,BALANCE,1,-7.268147826913648e-06
1.3880000000000001,-0.026238248322392726,-0.00814947753945351,-0.02761165418194154,-0.02738359580519919,-0.06140033219986449,10.450009557614676,BALANCE,1,-7.2782240084012555e-06
1.3900000000000001,-0.026254502793935347,-0.008105243071766466,-0.023009711818284616,-0.025852736409779087,0.765429697710051,10.701658537296765,BALANCE,1,-7.28742856009376e-06
1.3920000000000001,-0.02627375100944981,-0.0111432673830905,-0.02454369260617026,-0.025394571078515997,0.22908266563154492,17.40297979301934,BALANCE,1,-7.2846662647854896e-06
1.3940000000000001,-0.02629745303047938,-0.012559116833418999,-0.02761165418194154,-0.026170550164714937,-0.3879895430994699,13.134614542051375,BALANCE,1,-7.290134333916116e-06
1.3960000000000001,-0.02632181202142835,-0.011800247370065908,-0.02761165418194154,-0.026674936570744247,-0.2521932030146549,8.146244016998377,BALANCE,1,-7.307971752618778e-06
1.3980000000000001,-0.026343825173977518,-0.01021324248839067,-0.0260776733940559,-0.026465894458903325,0.10452105592046075,9.197016566000991,BALANCE,1,-7.328302416518889e-06
1.4000000000000001,-0.026363767145831923,-0.009729034937818662,-0.02761165418194154,-0.0268669103619667,-0.20050795153168757,12.057979985300593,BALANCE,1,-7.341662039828069e-06
1.4020000000000001,-0.02638227428170274,-0.008778384518835223,-0.02761165418194154,-0.027127570698957895,-0.13033016849559736,9.588313589427209,BALANCE,1,-7.35605693069897e-06
1.4040000000000001,-0.02639924566729529,-0.00819326112690831,-0.0260776733940559,-0.026760106642242196,0.18373202835784974,10.128670719356666,BALANCE,1,-7.367834380421786e-06
1.4060000000000001,-0.02641649806079881,-0.00905939673489461,-0.02454369260617026,-0.025984361729617017,0.3878724563125893,12.657864116258738,BALANCE,1,-7.374044319137488e-06
1.408,-0.026436061593937858,-0.010504436175647605,-0.0260776733940559,-0.026017020812170628,-0.016329541276805318,14.332335362308243,BALANCE,1,-7.37848435958455e-06
1.41,-0.026457321297083804,-0.010755592732605556,-0.02761165418194154,-0.02657514249159045,-0.27906083970991036,11.091556432477434,BALANCE,1,-7.389166555353747e-06
1.412,-0.026477782834198233,-0.009706257914268492,-0.0260776733940559,-0.026401028307453358,0.08705709206854526,8.950903715749085,BALANCE,1,-7.405587794376488e-06
1.414,-0.026497074371196368,-0.009585574687820042,-0.02914563496982718,-0.027361640639284195,-0.48030616591541836,11.885013815363468,BALANCE,1,-7.4169504755735755e-06
1.416,-0.02651437022928572,-0.007710548426428737,-0.02761165418194154,-0.027449145379214265,-0.04375236996503537,7.2829986834540525,BALANCE,1,-7.434135511514928e-06
1.418,-0.02652989610222883,-0.00781556241910135,-0.02914563496982718,-0.028042916735928784,-0.29688567835725943,10.76468893758547,BALANCE,1,-7.442484268889208e-06
1.42,-0.026544541368708232,-0.006829928469637859,-0.0260776733940559,-0.027355081566273275,0.3439175848277548,8.69838760569762,BALANCE,1,-7.454044372247654e-06
1.422,-0.02656044574281558,-0.009074689338688963,-0.0260776733940559,-0.026907988705997195,0.22354643013803957,13.86061280504381,BALANCE,1,-7.454765950162804e-06
1.424,-0.02657870629513624,-0.009186142787443341,-0.02761165418194154,-0.027154271622577716,-0.12314145829026013,12.919087541401453,BALANCE,1,-7.46457648999243e-06
1.426,-0.026596606568068813,-0.008714404430203805,-0.0260776733940559,-0.02677746224259508,0.1884046899913172,10.12537660465571,BALANCE,1,-7.476605573894129e-06
1.428,-0.02661473531545631,-0.009414620742584026,-0.0260776733940559,-0.02653253614560637,0.12246304849435584,12.634998861258769,BALANCE,1,-7.4838999420027245e-06
1.43,-0.026634049614999787,-0.009899974752273883,-0.02914563496982718,-0.027447120734083653,-0.45729229423864187,12.116854787873278,BALANCE,1,-7.492635148795057e-06
1.432,-0.02665216726518043,-0.008217953044459849,-0.0260776733940559,-0.02696781416507394,0.23965328450485657,7.418447546553841,BALANCE,1,-7.509883763425902e-06
1.434,-0.026669431806677118,-0.009046852994897835,-0.0260776733940559,-0.026656264895217628,0.15577463492815607,13.017377007809396,BALANCE,1,-7.516338686827509e-06
1.436,-0.026688064781946148,-0.009586407785191844,-0.02761165418194154,-0.026990651145570997,-0.1671931251766845,12.359709514408129,BALANCE,1,-7.524554517495507e-06
1.438,-0.026706632275275678,-0.008981370052421713,-0.02454369260617026,-0.02613421565678074,0.4282177443951287,9.750506128319088,BALANCE,1,-7.5376453758079996e-06
1.44,-0.02672608721220382,-0.010473864980871718,-0.0260776733940559,-0.026114425864827047,0.00989489597684641,14.559952371089652,BALANCE,1,-7.541967592251608e-06
1.442,-0.026747340168879478,-0.01077941735117969,-0.023009711818284616,-0.025027775948537195,0.5433249581449258,11.209334086087651,BALANCE,1,-7.552510598054388e-06
1.444,-0.0267709249048358,-0.012805679990089632,-0.02914563496982718,-0.02646902660598869,-0.720625328725747,15.536968023219968,BALANCE,1,-7.554871184443434e-06
1.446,-0.02679482340860263,-0.011093189971030492,-0.0260776733940559,-0.026332052981812213,0.06848681208823822,5.3335968834863,BALANCE,1,-7.577861886573764e-06
1.448,-0.026816030819698883,-0.010114546083731924,-0.02761165418194154,-0.026779913401857477,-0.2239302100226319,11.649446016852409,BALANCE,1,-7.5946880854810895e-06
1.45,-0.026834863371949007,-0.00871829473532801,-0.02761165418194154,-0.0270710226748869,-0.1455546365147116,9.277882232082359,BALANCE,1,-7.611450065715961e-06
1.452,-0.02685149052504794,-0.007909113139153946,-0.030679615757712823,-0.028334030253875972,-0.631503789494536,9.882006059228976,BALANCE,1,-7.624006329287849e-06
1.454,-0.02686517628124069,-0.005776852759132619,-0.02454369260617026,-0.027007412077178973,0.6633090883484994,5.912965574600262,BALANCE,1,-7.638517736739618e-06
1.456,-0.026881774754183813,-0.010821874517121112,-0.0260776733940559,-0.026682003538085898,0.1627042695465375,16.34566420553093,BALANCE,1,-7.6286744909907405e-06
1.458,-0.026902395323074337,-0.009799010339097993,-0.02761165418194154,-0.027007381263435375,-0.1626888626747383,12.355013766753203,BALANCE,1,-7.64528302638031e-06
1.46,-0.026920864781501297,-0.00867073109238669,-0.02761165418194154,-0.027218876784912534,-0.10574776073857955,9.72694456920934,BALANCE,1,-7.660615213990867e-06
1.462,-0.02693763814559953,-0.008102890021053842,-0.02761165418194154,-0.027356348873872685,-0.06873604448007567,10.164339878052997,BALANCE,1,-7.672379777983325e-06
1.464,-0.026953726397991682,-0.007985608888155579,-0.02914563496982718,-0.027982599007456758,-0.31312506679203633,10.446714013008647,BALANCE,1,-7.681999283951474e-06
1.466,-0.02696863828939669,-0.006926511009116097,-0.02761165418194154,-0.02785276831852643,0.06491534446516345,8.448430306696427,BALANCE,1,-7.694156163890145e-06
1.468,-0.02698358347899466,-0.008018907590236483,-0.02914563496982718,-0.028305271646481694,-0.22625166397763177,11.47497288442614,BALANCE,1,-7.698936407362119e-06
1.47,-0.026998273269995734,-0.006671108499859284,-0.02761165418194154,-0.02806250553389264,0.12138305629452728,9.112825562877166,BALANCE,1,-7.71189860849947e-06
1.472,-0.027013208142748654,-0.008263993095942942,-0.0260776733940559,-0.027367814284949783,0.3473456244714283,11.902856790703005,BALANCE,1,-7.71496272248407e-06
1.474,-0.02703021760523031,-0.00874573001746501,-0.0260776733940559,-0.026916264973136924,0.22577465590642962,13.746765248197795,BALANCE,1,-7.722812856840031e-06
1.476,-0.027048483166993115,-0.009520111623736088,-0.0260776733940559,-0.026622757920458567,0.1467535263391783,12.795907205391948,BALANCE,1,-7.730017944192e-06
1.478,-0.027068053084895124,-0.010050106142960796,-0.02761165418194154,-0.02696887161197761,-0.173056845759521,12.17602404043055,BALANCE,1,-7.738847329669858e-06
1.48,-0.027087496849955803,-0.009393956849798886,-0.0260776733940559,-0.026656952235705012,0.1559596881362986,9.591380467827417,BALANCE,1,-7.752941652623497e-06
1.482,-0.02710658081734862,-0.009690302961414812,-0.02761165418194154,-0.026991097916887797,-0.16707284059139238,12.236896511123188,BALANCE,1,-7.762594818781908e-06
1.484,-0.027125269048023568,-0.008998214068474713,-0.02761165418194154,-0.02720829260965661,-0.10859734638440574,9.627189320847314,BALANCE,1,-7.7763113244766e-06
1.486,-0.02714265993755508,-0.008392941939008235,-0.02914563496982718,-0.027886362435716308,-0.33903491302984984,10.076519934415149,BALANCE,1,-7.788734404500462e-06
1.488,-0.027158177964039354,-0.007125322324087774,-0.0260776733940559,-0.027253321271135167,0.3165205822905706,8.18675793920087,BALANCE,1,-7.802193186909931e-06
1.49,-0.02717432393937962,-0.009020900415288089,-0.030679615757712823,-0.028452524341437347,-0.59960153515109,13.463733707384876,BALANCE,1,-7.804434624568647e-06
1.492,-0.027189536793088758,-0.006192186397133818,-0.02761165418194154,-0.028158219785613815,0.14715227791176586,6.05711407876517,BALANCE,1,-7.823110669264478e-06
1.494,-0.027204334859216035,-0.008606106475209494,-0.02914563496982718,-0.028503815100088495,-0.17279765723733978,12.043171212660306,BALANCE,1,-7.823407303032575e-06
1.496,-0.02721942538245321,-0.006484647990295429,-0.0260776733940559,-0.027654665502977085,0.4245747985557047,9.457135249578961,BALANCE,1,-7.839483678384036e-06
1.498,-0.027235419854708034,-0.009510069341265276,-0.0260776733940559,-0.02710271826485467,0.2759736190612073,14.281532938649407,BALANCE,1,-7.837561129274198e-06
1.5,-0.027254345029992397,-0.009415395927381078,-0.02761165418194154,-0.027280845835835076,-0.08906378549020273,13.120419793327804,BALANCE,1,-7.848898252336165e-06
1.502,-0.027272680603675267,-0.008920458705546565,-0.0260776733940559,-0.026859735481212364,0.21055517731135598,10.183976733490532,BALANCE,1,-7.861580357150473e-06
1.504,-0.027291154706189875,-0.009553926881077738,-0.02761165418194154,-0.027122907026467576,-0.131585772627606,12.600823110084123,BALANCE,1,-7.869562423980339e-06
1.506,-0.027309712999559543,-0.009004650851043777,-0.02914563496982718,-0.027830861806643438,-0.35397739008793083,9.84248063645182,BALANCE,1,-7.882645437213255e-06
1.508,-0.027326198892126948,-0.0074814943244842025,-0.02761165418194154,-0.027754139137997774,0.038361334322832216,8.015304237597341,BALANCE,1,-7.897972787070377e-06
1.51,-0.027341703039000433,-0.008022890113113613,-0.02761165418194154,-0.02770426940337809,0.024934867309841027,11.153066565174585,BALANCE,1,-7.905017621255595e-06
1.512,-0.027357656682578984,-0.007930997917217745,-0.02761165418194154,-0.0276718540758753,0.01620766375139658,11.04310615926716,BALANCE,1,-7.914599839324366e-06
1.514,-0.027373637514471583,-0.008050078843549625,-0.030679615757712823,-0.02872457066451843,-0.5263582943215664,10.969699079634598,BALANCE,1,-7.923426980908402e-06
1.516,-0.027387737004356275,-0.006049627083128598,-0.02761165418194154,-0.02833504989561652,0.19476038445095586,6.560263505599402,BALANCE,1,-7.938104894848215e-06
1.518,-0.027402567680280623,-0.008781276084574253,-0.02761165418194154,-0.028081861395830278,0.1265942498931208,12.346917171934571,BALANCE,1,-7.937378757368324e-06
1.52,-0.02741888521303357,-0.007536506696012845,-0.02914563496982718,-0.028454182146729193,-0.18616037544945743,11.8111630331799,BALANCE,1,-7.951535014309913e-06
1.522,-0.027433607828472352,-0.007186334331611543,-0.0260776733940559,-0.027622404083293542,0.41588903171782543,9.281095948955992,BALANCE,1,-7.961277841820745e-06
1.524,-0.027449893663627618,-0.009099750363909654,-0.02761165418194154,-0.027618641617820343,0.0018812327365995418,14.141873409283736,BALANCE,1,-7.96356679860736e-06
1.526,-0.027467514815695062,-0.008521671705346559,-0.02454369260617026,-0.026542409463742814,0.5381160770387642,10.824513037038757,BALANCE,1,-7.97616516832791e-06
1.528,-0.02748648829436588,-0.01045209768709385,-0.02914563496982718,-0.02745353839087234,-0.45556446356476327,15.173657238807976,BALANCE,1,-7.978771677501791e-06
1.53,-0.027505831024294772,-0.008890928622785085,-0.02761165418194154,-0.02750887891774656,-0.027670263437109405,7.164054470673811,BALANCE,1,-7.996997520986015e-06
1.532,-0.027522984989041502,-0.008263298966862212,-0.02761165418194154,-0.027544850260214804,-0.01798567123412198,10.578385864299038,BALANCE,1,-8.009477953726131e-06
1.534,-0.027539433227740554,-0.00818519176120351,-0.02761165418194154,-0.02756823163281916,-0.011690686302178246,10.648195351322801,BALANCE,1,-8.019368243317504e-06
1.536,-0.027555741017464084,-0.008122847839184783,-0.02761165418194154,-0.027583429525011992,-0.0075989460964157735,10.691638702095528,BALANCE,1,-8.029120510088388e-06
1.538,-0.02757194569452864,-0.008082077522157885,-0.02454369260617026,-0.026519521603417386,0.5319539607973027,10.717944064305055,BALANCE,1,-8.038736146437243e-06
1.54,-0.02759009779234688,-0.010070298431210399,-0.02761165418194154,-0.026901768005900842,-0.19112320124172777,15.092897890429796,BALANCE,1,-8.041028095787703e-06
1.542,-0.02760947408782196,-0.00930629393794368,-0.02914563496982718,-0.02768712144327506,-0.3926767186871096,9.279965456367364,BALANCE,1,-8.055769261884515e-06
1.544,-0.02762623526579718,-0.0074551408615369085,-0.02761165418194154,-0.02766070790180833,0.013206770733366,7.614878686273203,BALANCE,1,-8.0727256925936e-06
1.546,-0.02764153300619418,-0.007842833935027466,-0.02761165418194154,-0.027643539099854952,0.008584400976688333,10.85799927254465,BALANCE,1,-8.080315675319257e-06
1.548,-0.02765709704970877,-0.007721448059693434,-0.030679615757712823,-0.028706165930105207,-0.5313134151251272,10.81652173478846,BALANCE,1,-8.089868434084535e-06
1.55,-0.027670617016648004,-0.005798726040066673,-0.02914563496982718,-0.0288599800940079,-0.07690708195134607,6.4278403629728995,BALANCE,1,-8.103782011093622e-06
1.552,-0.02768424549377095,-0.007829959904118661,-0.02761165418194154,-0.028423066024784675,0.2184570346116122,10.048090182510187,BALANCE,1,-8.105395559685494e-06
1.554,-0.027698868709077666,-0.006793479467052878,-0.02914563496982718,-0.02867596515554955,-0.12644956538243773,12.431533345962288,BALANCE,1,-8.117467123085832e-06
1.556,-0.027712811999893325,-0.007150024994192238,-0.02761165418194154,-0.028303456314786746,0.18625442038140183,9.651371405132886,BALANCE,1,-8.124506410487645e-06
1.558,-0.027727649842045985,-0.00768804451062247,-0.02914563496982718,-0.028598218844050897,-0.14738126463207518,12.169693130426415,BALANCE,1,-8.131381432461437e-06
1.56,-0.02774219042434269,-0.006852760584033354,-0.02914563496982718,-0.028789814488072597,-0.09579782201084991,9.477202254793937,BALANCE,1,-8.14272408831677e-06
1.562,-0.02775623561450471,-0.007192644784674713,-0.0260776733940559,-0.027840565105166755,0.47462469145292085,9.872616094224824,BALANCE,1,-8.149881640064656e-06
1.564,-0.02777224517898651,-0.008817165002149673,-0.0260776733940559,-0.027223553006277955,0.3085060494444,14.487383051888306,BALANCE,1,-8.153306764302045e-06
1.566,-0.027790417633527794,-0.009355567985316749,-0.0260776733940559,-0.026822495142000236,0.2005289321388593,13.190009931152213,BALANCE,1,-8.161748771357699e-06
1.568,-0.02780972690262373,-0.009953996975398666,-0.02914563496982718,-0.027635594081739667,-0.40654946986971513,12.34489196553615,BALANCE,1,-8.170459499039732e-06
1.57,-0.027827998367035027,-0.008317747399882953,-0.0260776733940559,-0.027090321841050348,0.2726361203446593,7.433951694266841,BALANCE,1,-8.18811690013876e-06
1.572,-0.02784537125072227,-0.009055402481659786,-0.030679615757712823,-0.028346574711882216,-0.6281264354159339,12.894734686054987,BALANCE,1,-8.19541027484748e-06
1.574,-0.027860925448009263,-0.0064990331343893985,-0.0260776733940559,-0.027552459250643004,0.39705773061960575,5.607589752777951,BALANCE,1,-8.213750497728372e-06
1.576,-0.027876721777462816,-0.009297538355650545,-0.0260776733940559,-0.027036284200837517,0.2580875249027434,13.851199516886494,BALANCE,1,-8.212892240563612e-06
1.578,-0.027895060364797792,-0.009041329970624028,-0.030679615757712823,-0.028311450245743875,-0.6375830224531788,12.765001117299756,BALANCE,1,-8.224809491131627e-06
1.58,-0.027910521709818614,-0.006420251956235617,-0.02761165418194154,-0.028066521623413058,0.12246431116540862,5.517464485708848,BALANCE,1,-8.243287002724768e-06
1.582,-0.02792523371998177,-0.00829198362915143,-0.030679615757712823,-0.028981104570417977,-0.45729147350245974,11.606925567672713,BALANCE,1,-8.245644429251227e-06
1.584,-0.027938874588238995,-0.005349093640030309,-0.02914563496982718,-0.029038690210211198,-0.02879281989661038,6.9082080925953875,BALANCE,1,-8.262966208570886e-06
1.586,-0.02795286760493121,-0.008644137456881518,-0.0260776733940559,-0.028002334324556843,0.5181779428271773,10.326934445012547,BALANCE,1,-8.260627905915009e-06
1.588,-0.027969130237663252,-0.007618744457691806,-0.0260776733940559,-0.027328702998881516,0.33681566283766395,14.759281433077199,BALANCE,1,-8.274104088591113e-06
1.59,-0.02798585037281113,-0.009101646881439569,-0.02761165418194154,-0.027427735912952524,-0.04951645703550438,13.343335332101836,BALANCE,1,-8.278302322901533e-06
1.592,-0.02800344660475797,-0.00849485468137823,-0.02761165418194154,-0.02749210730709868,-0.032185697073078626,10.241250851089637,BALANCE,1,-8.291199041033412e-06
1.594,-0.02802015486392686,-0.008213660497379255,-0.0260776733940559,-0.02699705543753371,0.24752593478248597,10.370536225678855,BALANCE,1,-8.302197576185047e-06
1.596,-0.02803744141254994,-0.009073152995658154,-0.02761165418194154,-0.027212164998076452,-0.10755478027137111,12.632532981609764,BALANCE,1,-8.30903978492814e-06
1.598,-0.028054945353398895,-0.008431056054787896,-0.030679615757712823,-0.028425772763949184,-0.6068038829363659,9.773538254546727,BALANCE,1,-8.322030354134509e-06
1.6,-0.028069382930820782,-0.006006742585487087,-0.02761165418194154,-0.02814083126024651,0.14247075185133684,5.701043812721615,BALANCE,1,-8.338678589949214e-06
1.602,-0.028083979944108946,-0.008590494361552636,-0.02914563496982718,-0.028492512558599744,-0.175840649176617,11.70670921499335,BALANCE,1,-8.33867202066867e-06
1.604,-0.028098651993647136,-0.0060817799875402066,-0.023009711818284616,-0.02657353229948945,0.9594901295551465,9.133418626356804,BALANCE,1,-8.355885006756773e-06
1.606,-0.02811634438431203,-0.011610881762973068,-0.02914563496982718,-0.027473768234107656,-0.4501179673091025,18.32588896529763,BALANCE,1,-8.34388219977611e-06
1.608,-0.028136907457297078,-0.008952506296833626,-0.02914563496982718,-0.02805892159160949,-0.2925766787509176,6.989515280659725,BALANCE,1,-8.368730873503363e-06
1.61,-0.02815250368650257,-0.006643961879676067,-0.030679615757712823,-0.028976164549745657,-0.45862147906808315,8.209124603356774,BALANCE,1,-8.386326431772266e-06
1.612,-0.028165156922081613,-0.006009467576124762,-0.02914563496982718,-0.02903547919677419,-0.029657323514266365,6.819936390421328,BALANCE,1,-8.395725068254964e-06
1.614,-0.028178192348133013,-0.0070261582072166685,-0.02761165418194154,-0.028537140441582762,0.24916937759571384,10.242283660190797,BALANCE,1,-8.400451954230846e-06
1.616,-0.028192162510205603,-0.006944217920034148,-0.02914563496982718,-0.028750113526468307,-0.10648654244277238,12.497090166293807,BALANCE,1,-8.409058033634215e-06
1.618,-0.028205810882493732,-0.006704363492196226,-0.02914563496982718,-0.028888546031643914,-0.06921625258780352,9.63331439818749,BALANCE,1,-8.417966454088193e-06
1.62,-0.028219319331881917,-0.006804292875914008,-0.030679615757712823,-0.029515420435768033,-0.31343720206205955,9.917393057510377,BALANCE,1,-8.425729889433344e-06
1.622,-0.028231778075794765,-0.005654641933516418,-0.02454369260617026,-0.027775315695408812,0.8700523701796106,7.920109913381727,BALANCE,1,-8.436480443764825e-06
1.624,-0.028248293226514468,-0.010860761832977746,-0.02914563496982718,-0.02825492744145524,-0.23980587302321366,17.48687771259756,BALANCE,1,-8.426551652779423e-06
1.6260000000000001,-0.028267072008982083,-0.007918308369039754,-0.02914563496982718,-0.02856667507638542,-0.1558738174650895,8.57358407672389,BALANCE,1,-8.45052541593029e-06
1.6280000000000001,-0.028281732225644337,-0.0067421329210244066,-0.032213596545598466,-0.029843097590609984,-0.6382112571122824,9.220622328077795,BALANCE,1,-8.46328036770662e-06
1.6300000000000001,-0.028293644142020864,-0.005169965973331337,-0.02761165418194154,-0.02906209239757603,0.39050259651697733,5.279368840528655,BALANCE,1,-8.47473436233184e-06
1.6320000000000001,-0.02830844761403275,-0.00963373285853681,-0.02761165418194154,-0.02855443902210396,0.2538266877360352,13.550127562665255,BALANCE,1,-8.46838574744572e-06
1.6340000000000001,-0.02832528114889152,-0.007200059928416634,-0.02914563496982718,-0.028761357603807085,-0.10345929085156351,12.48146860714162,BALANCE,1,-8.487923920960174e-06
1.6360000000000001,-0.028339631747704166,-0.007150758767110727,-0.02761165418194154,-0.028358961406154144,0.20119809882647097,9.605013392017883,BALANCE,1,-8.496701210199499e-06
1.6380000000000001,-0.02835473770178394,-0.007955426768761048,-0.0260776733940559,-0.02756051060191976,0.39922540211719154,12.060744489020102,BALANCE,1,-8.502973001649718e-06
1.6400000000000001,-0.028371628982876724,-0.008936113135059386,-0.0260776733940559,-0.02704151757916741,0.25949651137617546,13.687357861479548,BALANCE,1,-8.509306730902673e-06
1.6420000000000001,-0.028390113762123154,-0.009548949338327124,-0.02761165418194154,-0.027241065390138354,-0.09977390548547224,12.595258013400727,BALANCE,1,-8.517811558575637e-06
1.6440000000000001,-0.02840860958599781,-0.00894715793293568,-0.02761165418194154,-0.027370771467269468,-0.06485303856555713,9.703673596771262,BALANCE,1,-8.531504850988119e-06
1.6460000000000001,-0.028425902325056974,-0.00834584608881641,-0.02761165418194154,-0.027455080417404694,-0.04215447506761283,9.969784013209262,BALANCE,1,-8.544312089033083e-06
1.6480000000000001,-0.028442263459848894,-0.008015539391245982,-0.02914563496982718,-0.028046774510752565,-0.2958470466739357,10.14082296810122,BALANCE,1,-8.555413601442217e-06
1.6500000000000001,-0.02845710792572932,-0.006829153938973655,-0.02914563496982718,-0.028431375671428682,-0.19230058033805827,8.070171394747614,BALANCE,1,-8.568418890525318e-06
1.6520000000000001,-0.028470784822186814,-0.0068479520779831625,-0.02914563496982718,-0.028681366425868157,-0.12499537721973736,8.869780780659784,BALANCE,1,-8.576607618262629e-06
1.6540000000000001,-0.028484076227077264,-0.006443656465487092,-0.02761165418194154,-0.02830696714049384,0.1871996426871577,9.387486687054807,BALANCE,1,-8.585865014540941e-06
1.6560000000000001,-0.028498248525819427,-0.007728859426000951,-0.02914563496982718,-0.02860050088076051,-0.14676687013333473,11.901849410004328,BALANCE,1,-8.590223270796461e-06
1.6580000000000001,-0.028512106574112604,-0.006129401202781733,-0.02761165418194154,-0.028254404536173873,0.17304817229331879,9.206785182848236,BALANCE,1,-8.60369956223965e-06
1.6600000000000001,-0.028526611763032308,-0.008376009966208799,-0.02454369260617026,-0.02695565536067261,0.6493745877506323,11.78042042202943,BALANCE,1,-8.604955788566911e-06
1.6620000000000001,-0.028544100755890166,-0.00911325085974374,-0.0260776733940559,-0.02664836167235676,0.15364684415792446,15.663565565145879,BALANCE,1,-8.612558390624863e-06
1.6640000000000001,-0.028562612142986814,-0.00939841987031126,-0.02761165418194154,-0.026985514050711434,-0.16857618917733713,11.710851565368696,BALANCE,1,-8.622540619927978e-06
1.666,-0.028580498762620973,-0.008488473824915957,-0.0260776733940559,-0.026667769820882,0.1588721149147175,9.10744105317518,BALANCE,1,-8.637118076219797e-06
1.668,-0.02859779031090157,-0.008803339398298615,-0.02761165418194154,-0.02699812934725284,-0.16517976318542077,11.740758585737208,BALANCE,1,-8.646337305154151e-06
1.67,-0.028614510087239944,-0.007916693122386178,-0.02761165418194154,-0.027212863039393884,-0.10736684607052203,9.123122363484399,BALANCE,1,-8.659886287020196e-06
1.672,-0.028629919628340314,-0.007493084084428864,-0.02761165418194154,-0.027352439939285565,-0.06978844994584045,9.567299106267248,BALANCE,1,-8.670734781093363e-06
1.674,-0.0286447511642779,-0.0073386791031354644,-0.02914563496982718,-0.02798005819997513,-0.3138091303447818,9.854081173283342,BALANCE,1,-8.680261168541415e-06
1.676,-0.028658298199818168,-0.006208564006273137,-0.02914563496982718,-0.028388010069423347,-0.20397593472410921,7.858662622810443,BALANCE,1,-8.692012054039486e-06
1.678,-0.028671224986833416,-0.006718421073779218,-0.030679615757712823,-0.029190072060324663,-0.4010309954506578,8.707173473595045,BALANCE,1,-8.69834409572265e-06
1.68,-0.0286826818721374,-0.004738639774189701,-0.0260776733940559,-0.028100732527130596,0.5446697665970335,7.0767712539165135,BALANCE,1,-8.710530996466137e-06
1.682,-0.028698360269625862,-0.010939997936578582,-0.030679615757712823,-0.029003341657834376,-0.4513045653518899,14.70211757578426,BALANCE,1,-8.6976596977107e-06
1.684,-0.028714521643559747,-0.005221623625281919,-0.02761165418194154,-0.028516251041271885,0.24354530828124554,6.67436570401908,BALANCE,1,-8.728782109475247e-06
1.686,-0.02872888158955365,-0.009138542390417323,-0.030679615757712823,-0.029273428692026215,-0.37858882537716504,12.25668687986966,BALANCE,1,-8.724560942821264e-06
1.688,-0.028742362456568943,-0.004342531181399324,-0.02761165418194154,-0.02869180761349658,0.29081053926481754,7.22832846581871,BALANCE,1,-8.747664863280856e-06
1.69,-0.02875839494219944,-0.011690200095797024,-0.0260776733940559,-0.02777686063669234,0.457473488402119,12.61268228614365,BALANCE,1,-8.730288795147174e-06
1.692,-0.028778728825381204,-0.008643994643505964,-0.02914563496982718,-0.028255931653289535,-0.2395355082985967,13.995327325722975,BALANCE,1,-8.756953972959605e-06
1.694,-0.02879378275414465,-0.006410164777425309,-0.02914563496982718,-0.02856732781407771,-0.1556980803940882,8.384859904790762,BALANCE,1,-8.773883128900658e-06
1.696,-0.028807322894131824,-0.0071301826714760316,-0.02914563496982718,-0.028769735318590027,-0.10120375225615777,9.031162092816725,BALANCE,1,-8.779898920559098e-06
1.698,-0.02882050823959659,-0.00605536481962142,-0.02914563496982718,-0.028901300196523032,-0.06578243896650238,9.449218320585711,BALANCE,1,-8.791213432843637e-06
1.7,-0.028833723092726637,-0.007159690787772859,-0.02914563496982718,-0.028986817367179483,-0.042758585328225504,9.718914674187669,BALANCE,1,-8.795922015195056e-06
1.702,-0.028846700067437486,-0.005817482756726228,-0.02914563496982718,-0.029042403528106178,-0.027793080463347705,9.892177109581061,BALANCE,1,-8.807864430485836e-06
1.704,-0.02886002816126042,-0.007510815278199261,-0.02761165418194154,-0.028541641256948556,0.25038113557881125,10.002757498138859,BALANCE,1,-8.810812026732128e-06
1.706,-0.028874168418315048,-0.0066296584334861915,-0.02914563496982718,-0.028753039056456074,-0.1056988997537589,12.252488634494199,BALANCE,1,-8.822330948279357e-06
1.708,-0.028887742112662658,-0.006944243889682082,-0.02761165418194154,-0.028353554350375988,0.19974235304004265,9.385413876051896,BALANCE,1,-8.829652724129193e-06
1.71,-0.028902082044993293,-0.007395908156629601,-0.032213596545598466,-0.029704569118703856,-0.6755073841639339,11.847242269897038,BALANCE,1,-8.836939150502076e-06
1.712,-0.028913915516722764,-0.004437744886157204,-0.0260776733940559,-0.028435155615077073,0.6347067518133915,4.758242572341812,BALANCE,1,-8.852252075671816e-06
1.714,-0.02893075063345226,-0.01239762978640747,-0.02761165418194154,-0.028146930113479636,0.14411275079871838,15.310433439255007,BALANCE,1,-8.831692722197588e-06
1.716,-0.028951993131345992,-0.008845193585286609,-0.02761165418194154,-0.027959583537441303,0.09367328801916652,11.397345575210773,BALANCE,1,-8.862104848667265e-06
1.718,-0.02896819410206108,-0.007356025360680763,-0.02914563496982718,-0.02837470153877636,-0.20755900066752805,10.99947875082917,BALANCE,1,-8.877603938930538e-06
1.72,-0.028982370786397548,-0.006820876190143448,-0.030679615757712823,-0.02918142151540412,-0.4033599883138811,8.559038420947754,BALANCE,1,-8.8880548346012e-06
1.722,-0.028994884385862806,-0.005692915008012603,-0.02914563496982718,-0.029168896224452193,0.006262645475964279,6.938391036876183,BALANCE,1,-8.898992441743427e-06
1.724,-0.029008051372023554,-0.0074742728953302185,-0.02914563496982718,-0.029160754785333438,0.004070719559377475,10.210289845407171,BALANCE,1,-8.90167866777489e-06
1.726,-0.02902098809858073,-0.005462651878130284,-0.02761165418194154,-0.028618569574146276,0.27109260559358106,10.187410773464535,BALANCE,1,-8.915627103181465e-06
1.728,-0.02903563047071458,-0.009179944602968847,-0.02761165418194154,-0.028266149186874617,0.17621019363582915,12.350393260494565,BALANCE,1,-8.912091475692535e-06
1.73,-0.029051701966903758,-0.006891797833063155,-0.030679615757712823,-0.02911086248666799,-0.42235664989668553,11.606825958231475,BALANCE,1,-8.930453710454882e-06
1.732,-0.029064520778385092,-0.005927210057131421,-0.030679615757712823,-0.02965992613153368,-0.2745318224328455,6.761786239486421,BALANCE,1,-8.941194432847136e-06
1.734,-0.029076692355979598,-0.006244554028717475,-0.0260776733940559,-0.028406137673416456,0.6268942290586117,7.905509055278892,BALANCE,1,-8.947801050686267e-06
1.736,-0.029091229489456687,-0.008292802183587761,-0.0260776733940559,-0.027591175175640262,0.4074812488880971,15.186463547162901,BALANCE,1,-8.949898279524029e-06
1.738,-0.029107717859289357,-0.008195820281793324,-0.10564699100585197,-0.05491071071621435,-13.659767770287045,13.474539220630229,BALANCE,1,-8.960432108101081e-06
1.74,-0.029072820058851118,0.04309415539567317,-0.02914563496982718,-0.045892934204978836,4.508888255617759,-100.0,BALANCE,1,-8.526522779682587e-06
1.742,-0.029041732038058817,-0.012005658250292164,-0.030679615757712823,-0.040568272748435726,2.662330728271555,45.16752900372296,BALANCE,1,-8.902052583914769e-06
1.744,-0.029047754805560766,0.005982798459687511,-0.02914563496982718,-0.03657034952592273,1.9989616112564972,30.70643481779624,BALANCE,1,-8.930720739811096e-06
1.746,-0.029105563747179947,-0.0637926257878125,-0.0260776733940559,-0.032897912879769335,1.836218323076698,25.63204320512137,BALANCE,1,-8.036967442584452e-06
1.748,-0.029230623168538205,-0.061268711712049694,-0.0337475773334841,-0.0331952954385695,-0.14869127940008234,24.543863515876225,BALANCE,1,-8.186975131823414e-06
1.75,-0.029349552989011766,-0.05766293098036167,-0.030679615757712823,-0.03231480755026966,0.4402439441499213,8.64010468344626,BALANCE,1,-8.359582870719825e-06
1.752,-0.029462537396869274,-0.05532320799517544,-0.02914563496982718,-0.031205597147114787,0.554605201577435,13.397952783634228,BALANCE,1,-8.490881257153526e-06
1.754,-0.029572392102103082,-0.0545331803979388,-0.0337475773334841,-0.032095290212344044,-0.4448465326146282,14.373154347814205,BALANCE,1,-8.579577682102899e-06
1.756,-0.02967828156660693,-0.05135790650699704,-0.02914563496982718,-0.031062910877463136,0.5161896674404538,6.317739832321477,BALANCE,1,-8.723508098693252e-06
1.758,-0.02977933950930522,-0.049701584560106656,-0.0337475773334841,-0.03200254413707047,-0.46981662980366545,14.061759610679495,BALANCE,1,-8.825725301360054e-06
1.76,-0.02987472117494918,-0.045681542479926264,-0.02761165418194154,-0.03046573265277534,0.7684057421475636,6.110930728322687,BALANCE,1,-8.974345294700433e-06
1.762,-0.02996464089368182,-0.0442395539583169,-0.02914563496982718,-0.03000369846374348,0.23101709451592983,16.102825246459673,BALANCE,1,-9.061219498522065e-06
1.764,-0.03005193142206785,-0.0430523118465055,-0.032213596545598466,-0.03077716279239272,-0.3867321643246206,11.825437377055763,BALANCE,1,-9.140593904286677e-06
1.766,-0.030134756812833972,-0.03977434792372452,-0.02914563496982718,-0.030206128054494776,0.28551736894897284,6.830880014053928,BALANCE,1,-9.25595510810512e-06
1.768,-0.030211717918881463,-0.037187937275542676,-0.02761165418194154,-0.029298062199101138,0.4540329276968187,12.237097138905652,BALANCE,1,-9.351015924273707e-06
1.77,-0.030284752773815666,-0.03584803665171897,-0.02761165418194154,-0.028707819393095274,0.295121403002932,13.633845947772217,BALANCE,1,-9.42036749313126e-06
1.772,-0.030355613958839598,-0.03501423405911362,-0.030679615757712823,-0.029397948120711413,-0.34506436380806954,12.392226754702856,BALANCE,1,-9.479500102124523e-06
1.774,-0.030422853901584234,-0.03222673888898716,-0.030679615757712823,-0.029846531793661903,-0.2242918364752447,7.223453306933732,BALANCE,1,-9.565976406068583e-06
1.776,-0.0304832584180747,-0.028178703076242286,-0.032213596545598466,-0.030675004456839697,-0.41423633158889706,8.156749198860568,BALANCE,1,-9.661286885665534e-06
1.778,-0.03053374604778701,-0.022309700171252903,-0.030679615757712823,-0.030676618412145286,-0.0008069776527945549,6.581349877269314,BALANCE,1,-9.76219154651715e-06
1.78,-0.030572455461795718,-0.016400306915133528,-0.032213596545598466,-0.031214560758853895,-0.26897117335430465,9.882552547757369,BALANCE,1,-9.83995304303793e-06
1.782,-0.030598401814344017,-0.00954644316539998,-0.030679615757712823,-0.031027330008454514,0.09361537519969078,7.698719529191002,BALANCE,1,-9.897739367687116e-06
1.784,-0.030612812775590924,-0.004864738876657774,-0.02914563496982718,-0.03036873674493494,0.3292966317597866,10.604440296645238,BALANCE,1,-9.922628546502087e-06
1.786,-0.030628106272870305,-0.010428992714449171,-0.032213596545598466,-0.03101443767516717,-0.32285046511611526,12.523332197588193,BALANCE,1,-9.91294333029298e-06
1.788,-0.03064365253513946,-0.005117507744082599,-0.030679615757712823,-0.030897250004058144,0.05859383555451361,7.26121047923201,BALANCE,1,-9.942059075695418e-06
1.79,-0.030657432534788386,-0.008662703028761497,-0.032213596545598466,-0.03135797129359725,-0.23036064476955262,10.31361669486277,BALANCE,1,-9.939751553310964e-06
1.792,-0.030670138080565363,-0.004043037414010418,-0.02914563496982718,-0.03058365358027772,0.38715885665976424,7.9680659806391745,BALANCE,1,-9.961529351638264e-06
1.794,-0.030686898006475317,-0.012717145273162093,-0.032213596545598466,-0.031154133618139977,-0.2852400189311283,12.948564324156823,BALANCE,1,-9.938927225453434e-06
1.796,-0.030706001143144743,-0.0063862840810424365,-0.032213596545598466,-0.03152494564275044,-0.1854060123052323,7.52891369043432,BALANCE,1,-9.979215666381123e-06
1.798,-0.030717518664178208,-0.005131413414464537,-0.032213596545598466,-0.031765973458747244,-0.12051390799840134,8.29903203283631,BALANCE,1,-9.990039766322479e-06
1.8,-0.030729809085838455,-0.007159196547927351,-0.032213596545598466,-0.03192264153914517,-0.07833404019896156,8.797354003639402,BALANCE,1,-9.992297656148207e-06
1.802,-0.030740821958705325,-0.0038538450500444654,-0.0337475773334841,-0.03256136906716379,-0.31936376400931027,9.119008332903213,BALANCE,1,-1.0007855884829412e-05
1.804,-0.03075480796422607,-0.010132374748944932,-0.032213596545598466,-0.03243964868461592,0.06086019127393358,7.145934616925874,BALANCE,1,-9.996734714443524e-06
1.806,-0.0307680398761156,-0.0030997398714407353,-0.02914563496982718,-0.03128674388443986,0.5764524000880302,10.188541552407775,BALANCE,1,-1.002679845682925e-05
1.808,-0.030787590649475755,-0.016451333021805167,-0.0337475773334841,-0.03214803559160534,-0.43064585358273955,14.376196162154224,BALANCE,1,-9.979403715331997e-06
1.81,-0.03081278936030443,-0.008747763882197071,-0.02761165418194154,-0.030560302098223004,0.793866746691168,6.261303023239814,BALANCE,1,-1.004057283106308e-05
1.812,-0.030828118572150454,-0.00658168282492858,-0.030679615757712823,-0.030602061879044434,-0.020879890410715335,16.14655577461437,BALANCE,1,-1.0058232733462597e-05
1.814,-0.03084206482184827,-0.007364780544032474,-0.032213596545598466,-0.03116609901233834,-0.2820185666469535,9.619956678574212,BALANCE,1,-1.0064827234999889e-05
1.816,-0.030854821843804035,-0.0053924368638467515,-0.030679615757712823,-0.030995829873219406,0.0851345695594679,7.490771820884204,BALANCE,1,-1.0078961982817107e-05
1.818,-0.03086856294603225,-0.008348875891243503,-0.030679615757712823,-0.0308851549327921,0.055337470213653525,10.432013892908067,BALANCE,1,-1.0078586426485147e-05
1.82,-0.030882306800975423,-0.0053951896236620524,-0.030679615757712823,-0.030813216221514346,0.035969355638876266,10.194100563580632,BALANCE,1,-1.0096929991179099e-05
1.822,-0.030896192162411854,-0.008490384549601349,-0.030679615757712823,-0.030766456059183808,0.02338008116526888,10.037309326414777,BALANCE,1,-1.0096114683337106e-05
1.824,-0.030910068307278788,-0.005385972915777167,-0.030679615757712823,-0.03073606195366896,0.015197052757424945,9.933247449153912,BALANCE,1,-1.0115124837312602e-05
1.826,-0.030923891384013722,-0.008437315601560939,-0.032213596545598466,-0.03125319906084428,-0.2585685535876625,9.863459655831319,BALANCE,1,-1.0114460969516576e-05
1.828,-0.030936592772518947,-0.004264267503956807,-0.032213596545598466,-0.03158933818050824,-0.16806955983197924,7.63605593882793,BALANCE,1,-1.0134996320091934e-05
1.83,-0.030950810573939915,-0.009953751745585805,-0.032213596545598466,-0.03180782860828982,-0.1092452138907879,8.333561674057457,BALANCE,1,-1.012567943428297e-05
1.832,-0.030964334501603692,-0.003570383121491963,-0.032213596545598466,-0.03194984738634784,-0.07100938902901074,8.784685450198435,BALANCE,1,-1.0154439749780906e-05
1.834,-0.030980147436653418,-0.01224279419427255,-0.0337475773334841,-0.03257905286784553,-0.3146027407488448,9.075660952931901,BALANCE,1,-1.013321927088068e-05
1.836,-0.0309961165867458,-0.0037266005654689564,-0.032213596545598466,-0.03245114315505905,0.06395485639323906,7.082645999709798,BALANCE,1,-1.0175037398576594e-05
1.838,-0.03101086427499255,-0.01102131362709435,-0.0337475773334841,-0.03290489511750781,-0.2268759812243809,10.112291130982646,BALANCE,1,-1.0159937516088617e-05
1.84,-0.03102462637765899,-0.0027409998922261706,-0.030679615757712823,-0.03212604734157956,0.3894238879641257,7.751838333271259,BALANCE,1,-1.0195236782959415e-05
1.842,-0.031044249261025943,-0.016882184109869604,-0.032213596545598466,-0.032156689562986174,-0.015321110703306329,12.722542943866689,BALANCE,1,-1.0144204001657687e-05
1.844,-0.031070513480058546,-0.009382437319508375,-0.030679615757712823,-0.031639713731140495,0.25848791592283926,9.47631308333024,BALANCE,1,-1.0206869268247895e-05
1.846,-0.03108468791981491,-0.004792219605011458,-0.032213596545598466,-0.03184057271620078,-0.10042949253014077,11.691475903503918,BALANCE,1,-1.0231192866201975e-05
1.848,-0.031098369772322203,-0.008889842519358416,-0.0337475773334841,-0.03250802433224993,-0.3337258080245778,8.80171698223322,BALANCE,1,-1.0227288122091587e-05
1.85,-0.031110249613319315,-0.002990180490921139,-0.030679615757712823,-0.03186808133116194,0.31997150054399737,6.888797756448323,BALANCE,1,-1.0251265021839554e-05
1.852,-0.031129402979731685,-0.016163479362807952,-0.030679615757712823,-0.031452118380454745,0.2079814753535962,12.150399188795971,BALANCE,1,-1.0205759222003987e-05
1.854,-0.031155629765094603,-0.010063707821645326,-0.032213596545598466,-0.03171863573825504,-0.13325867890014859,11.273146340639105,BALANCE,1,-1.0259922771202641e-05
1.856,-0.031170417986537153,-0.004724740192530418,-0.032213596545598466,-0.03189187202082524,-0.08661814128509832,8.520890337993476,BALANCE,1,-1.0287877569158792e-05
1.858,-0.03118402046667098,-0.008877948341730273,-0.030679615757712823,-0.03146758232873589,0.2121448460446762,8.877242087555501,BALANCE,1,-1.0283845956829098e-05
1.86,-0.03119774366319019,-0.0048454584311543635,-0.030679615757712823,-0.031191794028877808,0.13789414992903917,11.286509851253314,BALANCE,1,-1.0305664673707282e-05
1.862,-0.031212317231628067,-0.00972833328457598,-0.030679615757712823,-0.03101253163397006,0.08963119745387417,10.702813221513926,BALANCE,1,-1.0298903750541882e-05
1.864,-0.031227649906613142,-0.005604576612665662,-0.032213596545598466,-0.03143290435304,-0.21018635953496886,10.321262839080276,BALANCE,1,-1.0323613270069597e-05
1.866,-0.03124036823935651,-0.007113950986091634,-0.02914563496982718,-0.030632360068915506,0.40027214206224576,7.891213439154729,BALANCE,1,-1.0327606360673836e-05
1.868,-0.031253974846408863,-0.006492864531705938,-0.02914563496982718,-0.030112006284234587,0.2601768923404593,12.816787636966133,BALANCE,1,-1.0338561146636143e-05
1.87,-0.03126833247084499,-0.007864979875082183,-0.032213596545598466,-0.03084756287571194,-0.36777829573867576,11.721224465015847,BALANCE,1,-1.0343531228385729e-05
1.872,-0.03128129176606387,-0.005094513892694295,-0.030679615757712823,-0.030788781384412243,0.029390745649848088,6.647280052318985,BALANCE,1,-1.0360390207161895e-05
1.874,-0.03129512893984252,-0.008742871881615197,-0.032213596545598466,-0.031287466690827416,-0.24934265320758658,9.822001516628275,BALANCE,1,-1.0357931091436838e-05
1.8760000000000001,-0.03130775030201066,-0.0038786836588234593,-0.02914563496982718,-0.030537825588477327,0.3748205511750445,7.55595571404572,BALANCE,1,-1.038044612255119e-05
1.8780000000000001,-0.031324686349254977,-0.013057623055725252,-0.032213596545598466,-0.031124345423469722,-0.2932599174961976,12.58813225013008,BALANCE,1,-1.0355865306932237e-05
1.8800000000000001,-0.03134399851097577,-0.006254834546709299,-0.030679615757712823,-0.030968690040454803,0.07782769150745973,7.202072441575905,BALANCE,1,-1.0398955375091766e-05
1.8820000000000001,-0.03135609087386335,-0.005837713606085091,-0.032213596545598466,-0.03140440731725508,-0.2178586384001379,10.173918898577968,BALANCE,1,-1.0408149104700804e-05
1.8840000000000001,-0.03136756761788922,-0.005639206253029027,-0.032213596545598466,-0.03168762354717526,-0.14160811496009146,7.77600434124572,BALANCE,1,-1.0416299572469013e-05
1.8860000000000001,-0.03137873850707415,-0.005531854079099216,-0.030679615757712823,-0.031334820820863404,0.17640136315592858,8.362678030261446,BALANCE,1,-1.0424000893330837e-05
1.8880000000000001,-0.031390787537832504,-0.006517361279719382,-0.032213596545598466,-0.03164239232452067,-0.1537857518286341,10.921655054604145,BALANCE,1,-1.0429276646584828e-05
1.8900000000000001,-0.03140164109652373,-0.004336363697789192,-0.032213596545598466,-0.03184231380189789,-0.09996073868860991,8.255375366043303,BALANCE,1,-1.0441950059170079e-05
1.8920000000000001,-0.031414888753621986,-0.00891149636302373,-0.02914563496982718,-0.03089847621067314,0.4719187956123763,8.667611719760483,BALANCE,1,-1.0436800594682543e-05
1.8940000000000001,-0.031428534463990444,-0.004734423070505455,-0.0337475773334841,-0.03189566160365697,-0.4985926964919153,13.293098554399723,BALANCE,1,-1.0459017399181167e-05
1.8960000000000001,-0.03144079593900349,-0.007527239796675763,-0.032213596545598466,-0.03200693883333649,-0.05563861483975918,5.462796361665628,BALANCE,1,-1.045929332475904e-05
1.8980000000000001,-0.03145126653948508,-0.0029435211048572446,-0.0337475773334841,-0.032616162308388146,-0.3046117375258284,8.99335099333544,BALANCE,1,-1.047732709104472e-05
1.9000000000000001,-0.03146791521995383,-0.013705414429535243,-0.02761165418194154,-0.03086458446413183,0.8757889221281574,6.958489370882108,BALANCE,1,-1.0447141834375799e-05
1.9020000000000001,-0.03148953328217039,-0.007912978995011716,-0.032213596545598466,-0.031336738692645145,-0.23607711425665742,16.50061640187655,BALANCE,1,-1.0490410580294464e-05
1.9040000000000001,-0.03150164834970633,-0.004202274154682327,-0.032213596545598466,-0.0316436389411788,-0.15345012426682889,7.571091509348701,BALANCE,1,-1.0508852476937531e-05
1.9060000000000001,-0.03151581641128829,-0.009966004489928827,-0.0337475773334841,-0.03238001737848566,-0.36818921865342663,8.207364686567075,BALANCE,1,-1.049949536699944e-05
1.9080000000000001,-0.03152809762112662,-0.002315393509277646,-0.030679615757712823,-0.03178487681121516,0.2975702836352477,6.438793221760185,BALANCE,1,-1.052934552086468e-05
1.9100000000000001,-0.03154941458565921,-0.019001897607087936,-0.032213596545598466,-0.031934928718249316,-0.07502595351707719,11.794220698743565,BALANCE,1,-1.0461633321274247e-05
1.9120000000000001,-0.031579254183994675,-0.010838157896471834,-0.030679615757712823,-0.03149556918206154,0.2196797680938875,8.798060701359267,BALANCE,1,-1.0537714718850305e-05
1.9140000000000001,-0.03159471597185336,-0.004623866850749449,-0.030679615757712823,-0.031209985483539485,0.14279184926102756,11.175768932581839,BALANCE,1,-1.0570199917783356e-05
1.9160000000000001,-0.031608900123947424,-0.009560502552233363,-0.030679615757712823,-0.03102435607950015,0.09281470201966818,10.571558606733573,BALANCE,1,-1.0563563152014815e-05
1.9180000000000001,-0.031623241421395026,-0.004781014616319488,-0.032213596545598466,-0.031440590242634556,-0.20811708156720335,10.17667432182916,BALANCE,1,-1.058896203699102e-05
1.92,-0.03163641047445595,-0.008388240201926099,-0.030679615757712823,-0.031174249172911943,0.13317053486130645,7.737957885297597,BALANCE,1,-1.0586841741802135e-05
1.922,-0.03164900998942021,-0.004211467797513732,-0.030679615757712823,-0.031001127477592247,0.08656084765984798,10.47800443107445,BALANCE,1,-1.060741331755017e-05
1.924,-0.031664142375126096,-0.010921149743660801,-0.030679615757712823,-0.030888598375634443,0.056264550978901706,10.109314009686445,BALANCE,1,-1.0594168602389287e-05
1.926,-0.031680283393543736,-0.005220115967911238,-0.032213596545598466,-0.03135234773512185,-0.23187467974370227,9.867517662681216,BALANCE,1,-1.0626201222239935e-05
1.928,-0.03169250075769439,-0.0069974353600600085,-0.032213596545598466,-0.03165378481878866,-0.1507185418334056,7.528308385784115,BALANCE,1,-1.062939983768065e-05
1.93,-0.03170309842125176,-0.0036003905621003547,-0.0337475773334841,-0.03238661219893206,-0.3664136900717006,8.153140507082721,BALANCE,1,-1.0644811408698674e-05
1.932,-0.03171721828609486,-0.01051969060331145,-0.032213596545598466,-0.0323260567202653,0.030277739333381404,6.377132355927973,BALANCE,1,-1.063178698861618e-05
1.934,-0.031730141503938304,-0.0024037252360017934,-0.030679615757712823,-0.031749802383371925,0.2881271684466863,9.54783190854458,BALANCE,1,-1.0664638408156717e-05
1.936,-0.03175081234885436,-0.018267436363160833,-0.030679615757712823,-0.031375237064391236,0.1872826594903447,11.638852641187947,BALANCE,1,-1.060298554705221e-05
1.938,-0.03177997238449379,-0.010893046029757422,-0.030679615757712823,-0.031131769607053786,0.12173372866872492,10.84829544126318,BALANCE,1,-1.0672155144113977e-05
1.94,-0.031795803074473744,-0.0049378864889180136,-0.032213596545598466,-0.03151040903554442,-0.18931971424531596,10.332285688209057,BALANCE,1,-1.0704537595751604e-05
1.942,-0.031808363823873385,-0.00762305534779323,-0.0337475773334841,-0.0322934179398233,-0.3915044521394413,7.814837697380181,BALANCE,1,-1.0705229535536687e-05
1.944,-0.03181814732820248,-0.002160598873056597,-0.030679615757712823,-0.03172858717608463,0.2824153818693359,6.143920576382481,BALANCE,1,-1.072413680053404e-05
1.946,-0.031840021113753995,-0.019713521789654694,-0.02914563496982718,-0.030824553903894516,0.4520166360950564,11.562823376841802,BALANCE,1,-1.0650423812013088e-05
1.948,-0.03187299897857548,-0.013264848274958059,-0.0337475773334841,-0.03184761210425087,-0.5115291001781767,12.967710496198194,BALANCE,1,-1.0721679403699689e-05
1.95,-0.03189134947473052,-0.0050859290239870705,-0.0337475773334841,-0.032512599934482495,-0.33249391511581267,5.191591591570097,BALANCE,1,-1.0768654984532737e-05
1.952,-0.03190175007308922,-0.005314828677630493,-0.0337475773334841,-0.03294484202413305,-0.21612104482527858,6.577471282268216,BALANCE,1,-1.0775134778259402e-05
1.954,-0.03191119774859542,-0.004132991572783683,-0.030679615757712823,-0.032152012830885965,0.3964145966235434,7.475930750808628,BALANCE,1,-1.078409372696944e-05
1.956,-0.03192472104555356,-0.009390512567272021,-0.030679615757712823,-0.03163667385527536,0.25766948780530163,12.417355231427853,BALANCE,1,-1.0776856904554956e-05
1.958,-0.03193780460673715,-0.0036932490662916614,-0.0337475773334841,-0.032375490072648415,-0.3694081086865267,11.3319873646475,BALANCE,1,-1.0802882270915459e-05
1.96,-0.0319521726355946,-0.010674999913837703,-0.030679615757712823,-0.031781934062420955,0.29677800511372987,6.264562521655959,BALANCE,1,-1.0789493658425049e-05
1.962,-0.03196677651894918,-0.003929107183175317,-0.030679615757712823,-0.0313961226557731,0.19290570332392704,11.623308405859175,BALANCE,1,-1.082208033587044e-05
1.964,-0.03198229017615136,-0.011584787692786869,-0.035281558121369745,-0.032756025068731924,-0.6799512064794115,10.80919945140847,BALANCE,1,-1.0805225000469601e-05
1.966,-0.03199632819346887,-0.0024534446987000517,-0.02914563496982718,-0.03149238853411526,0.631818267308331,3.7381988231904852,BALANCE,1,-1.084427341227556e-05
1.968,-0.03201748974254892,-0.018708428579425083,-0.0337475773334841,-0.03228170461389435,-0.3946580398895456,14.301874327862603,BALANCE,1,-1.077936865883332e-05
1.97,-0.032045934967502604,-0.009737232173444214,-0.030679615757712823,-0.03172097351423081,0.28036554983177153,6.036248564570064,BALANCE,1,-1.085746839269432e-05
1.972,-0.03205923794467621,-0.0035659488111397615,-0.0337475773334841,-0.03243028485096946,-0.354655668369324,11.463736953617568,BALANCE,1,-1.0885417291468561e-05
1.974,-0.03207387201629861,-0.011068347008739302,-0.0337475773334841,-0.032891337219849576,-0.2305261844400587,6.33452247083429,BALANCE,1,-1.0870062960193138e-05
1.976,-0.032086949573161654,-0.002009410212912663,-0.030679615757712823,-0.03211723470810171,0.3870512558739325,7.293316932691636,BALANCE,1,-1.0906246801042538e-05
1.978,-0.032109361170198865,-0.020402530171734035,-0.0337475773334841,-0.03268785462698554,-0.28530995944191573,12.273959158966818,BALANCE,1,-1.0826510608775257e-05
1.98,-0.03214064992117591,-0.010886700167548941,-0.032213596545598466,-0.03252186429850006,0.08299516424273984,6.854294670381606,BALANCE,1,-1.0916405685957565e-05
1.982,-0.032154403754738235,-0.0028673441133229526,-0.032213596545598466,-0.0324139705849845,0.053946856757781936,9.80419070670828,BALANCE,1,-1.0951185883090749e-05
1.984,-0.03217219817150595,-0.014927345266881695,-0.032213596545598466,-0.03234383967119938,0.0350654568925593,9.571795075522552,BALANCE,1,-1.091386642062224e-05
1.986,-0.032193560278171524,-0.006435088679175962,-0.0337475773334841,-0.03283514785299903,-0.2456540908998238,9.41848296349364,BALANCE,1,-1.0970229709286745e-05
1.988,-0.032202940344527996,-0.0029451213854399835,-0.0337475773334841,-0.0331544981711688,-0.15967515908488564,7.136681060675997,BALANCE,1,-1.098417084179028e-05
1.99,-0.03221913082584451,-0.013245607971027083,-0.032213596545598466,-0.03282518260221918,0.1646577844748101,7.798720596471081,BALANCE,1,-1.0956795206448138e-05
1.992,-0.03223669812946255,-0.004321964789325488,-0.032213596545598466,-0.03261112748240193,0.10702755990862553,10.40657804256518,BALANCE,1,-1.1004908841466347e-05
1.994,-0.032249536005413415,-0.00851610784086877,-0.032213596545598466,-0.032471991654520714,0.06956791394060677,9.951857327728257,BALANCE,1,-1.1001272577484006e-05
1.996,-0.032260727136055066,-0.0026751942559711467,-0.030679615757712823,-0.031844660090637945,0.31366578194138434,9.654033911326076,BALANCE,1,-1.1023980746160588e-05
1.998,-0.032280767447629456,-0.01736542433669353,-0.030679615757712823,-0.031436894574114145,0.20388275826190017,11.638087817147136,BALANCE,1,-1.0969851958465221e-05
2.0,-0.03230869989537528,-0.010567451347676303,-0.030679615757712823,-0.031171846988373678,0.13252379287023372,10.778002179787867,BALANCE,1,-1.1032713108574478e-05
2.0020000000000002,-0.03232446057600566,-0.0051934707444739395,-0.032213596545598466,-0.03153645933340235,-0.18230617251433628,10.21679894240129,BALANCE,1,-1.1063018380807915e-05
2.004,-0.032336931701707546,-0.007277846018438285,-0.032213596545598466,-0.03177345735767099,-0.11849901213431893,7.6699751867563295,BALANCE,1,-1.1065571316966578e-05
2.0060000000000002,-0.03234778712178092,-0.003577740365439013,-0.032213596545598466,-0.0319275060734456,-0.07702435788730505,8.159857896868816,BALANCE,1,-1.108226390908016e-05
2.008,-0.03236313518102798,-0.011770554015213801,-0.035281558121369745,-0.03310142429021905,-0.5869591083867247,8.476026706683761,BALANCE,1,-1.1063812878661952e-05
2.0100000000000002,-0.03237664895109475,-0.0017434230916860641,-0.032213596545598466,-0.03279068457960184,0.15536985530860414,4.319493324823952,BALANCE,1,-1.1104301102012524e-05
2.012,-0.0323989926420353,-0.020600610152531472,-0.032213596545598466,-0.03258870376770066,0.1009904059505913,10.270211280107695,BALANCE,1,-1.1022554530920049e-05
2.0140000000000002,-0.03243072055772175,-0.011127791619790226,-0.032213596545598466,-0.032457416239964884,0.06564376386788626,9.840776793204123,BALANCE,1,-1.1113591705792772e-05
2.016,-0.032444785683585595,-0.0029375497297994234,-0.030679615757712823,-0.031835186071176656,0.3111150843941139,9.559389424958635,BALANCE,1,-1.11497993219391e-05
2.0180000000000002,-0.032463137739584515,-0.015414787422053659,-0.035281558121369745,-0.033041416288744234,-0.6031151087837888,11.554126762081516,BALANCE,1,-1.1109659083827276e-05
2.02,-0.032483750661338476,-0.005198450132406628,-0.0337475773334841,-0.03328857265440318,-0.12357818282947297,4.161303120346492,BALANCE,1,-1.1172360675835775e-05
2.0220000000000002,-0.03249308656276578,-0.004137594323939574,-0.030679615757712823,-0.03237543774056155,0.45656745692081513,7.9761114315106,BALANCE,1,-1.1181068461743092e-05
2.024,-0.03250648472662103,-0.009260774792324455,-0.0337475773334841,-0.03285568659808444,-0.2401244287614443,12.66558955679529,BALANCE,1,-1.1174478405631227e-05
2.0260000000000002,-0.032517341889880806,-0.001596554805604799,-0.032213596545598466,-0.03263095507971434,0.11236575918504785,7.056668402566226,BALANCE,1,-1.1201129011092975e-05
2.028,-0.032541269925638994,-0.022331847526354733,-0.030679615757712823,-0.03194798631701381,0.3414843813502669,9.883547606224425,BALANCE,1,-1.1103303467214113e-05
2.0300000000000002,-0.032577972627489016,-0.014371416621444215,-0.0337475773334841,-0.032577843172778405,-0.3149284278822981,11.751085112044807,BALANCE,1,-1.1195937960899402e-05
2.032,-0.03259768563262777,-0.005341890529154198,-0.0337475773334841,-0.0329872501290254,-0.20470347812349618,6.455475658203855,BALANCE,1,-1.1250559456064602e-05
2.0340000000000003,-0.03260746568934738,-0.004438316023441696,-0.0337475773334841,-0.03325336465058594,-0.1330572607802713,7.306113388873646,BALANCE,1,-1.1259350748214844e-05
2.036,-0.03261844390516954,-0.006540067986295459,-0.032213596545598466,-0.03288944581384032,0.181959418372811,7.856665583395696,BALANCE,1,-1.1261619746727812e-05
2.0380000000000003,-0.03262778331421865,-0.0027994841462198362,-0.0337475773334841,-0.03318979184571564,-0.1501730159376609,10.392056257662325,BALANCE,1,-1.1276123772761354e-05
2.04,-0.03264455797301617,-0.013975431637138876,-0.032213596545598466,-0.032848123490674626,0.1708341775205069,7.710338062896886,BALANCE,1,-1.1244527812096315e-05
2.0420000000000003,-0.032663386137161125,-0.0048530209631157655,-0.032213596545598466,-0.032626039059897964,0.11104221538833087,10.292326087166554,BALANCE,1,-1.1297126873141838e-05
2.044,-0.03267496296396638,-0.006723983200338515,-0.02914563496982718,-0.031407897628373184,0.60907071576239,9.820790248143766,BALANCE,1,-1.130014897261316e-05
2.0460000000000003,-0.032687146203833756,-0.005459443316992499,-0.032213596545598466,-0.03168989224940203,-0.14099731051442355,13.871825157502052,BALANCE,1,-1.1312133987061093e-05
2.048,-0.03269921924575672,-0.0066137835664735745,-0.032213596545598466,-0.031873188753070776,-0.09164825183437253,7.848023291575933,BALANCE,1,-1.1317285167654395e-05
2.05,-0.032710007540149216,-0.0041746761055969335,-0.0337475773334841,-0.03252922475621543,-0.3280180015723284,8.225443333045602,BALANCE,1,-1.1330822892463455e-05
2.052,-0.0327225374821114,-0.008355457815303703,-0.032213596545598466,-0.03241875488249949,0.0552349368579709,6.288617330002031,BALANCE,1,-1.1327437981295464e-05
2.054,-0.032732862380021675,-0.001969598276964143,-0.0337475773334841,-0.0328838427403441,-0.23254392892230538,9.354785278890883,BALANCE,1,-1.1349788160355739e-05
2.056,-0.03275370043824121,-0.018868779176680832,-0.030679615757712823,-0.03211236329642315,0.385739721960477,7.018072312629927,BALANCE,1,-1.1283107668895191e-05
2.058,-0.03278278325385235,-0.010214481991070251,-0.032213596545598466,-0.0321477949336345,-0.01771581860567778,12.004207813668158,BALANCE,1,-1.1361288160817584e-05
2.06,-0.03279578320562894,-0.0027856689498293,-0.032213596545598466,-0.03217082549782189,-0.011515282093692292,8.768008031919512,BALANCE,1,-1.1392569841430351e-05
2.062,-0.03281381480279929,-0.015246204460772477,-0.0337475773334841,-0.03272268864030366,-0.2759315712408845,8.809796325064589,BALANCE,1,-1.1353333889044865e-05
2.064,-0.03283441030086087,-0.005349609130605806,-0.0337475773334841,-0.03308139968291681,-0.17935552130657686,6.654809685610084,BALANCE,1,-1.141461817071215e-05
2.066,-0.03284354555306572,-0.0037857830279133453,-0.030679615757712823,-0.03224077530909541,0.42031218691070127,7.399279142591173,BALANCE,1,-1.1424265278416265e-05
2.068,-0.032857775501946324,-0.010444383853657275,-0.0337475773334841,-0.032768156017631445,-0.2636903542680181,12.240610115696864,BALANCE,1,-1.1412337764153355e-05
2.07,-0.03286991425117756,-0.0016945513483281344,-0.032213596545598466,-0.032574060202419895,0.09704790760577467,6.730393312551419,BALANCE,1,-1.1445260949320264e-05
2.072,-0.032892887071037775,-0.02127862044800384,-0.032213596545598466,-0.03244789792253239,0.06308113994375406,9.62143034441397,BALANCE,1,-1.1357605387769411e-05
2.074,-0.03292604736297216,-0.011882179508451949,-0.032213596545598466,-0.03236589244060551,0.04100274096343823,9.350776360326549,BALANCE,1,-1.1452516302467945e-05
2.076,-0.03294126076226551,-0.003331452858914395,-0.032213596545598466,-0.03231258887735304,0.02665178162623502,9.172596318911513,BALANCE,1,-1.14931032543679e-05
2.078,-0.032956798613379204,-0.012206636291120676,-0.0337475773334841,-0.03281483483699891,-0.251122979822934,9.054524340233565,BALANCE,1,-1.1472176516772232e-05
2.08,-0.03297161728774116,-0.0026122650979114124,-0.0337475773334841,-0.03314129471076872,-0.1632299368849073,6.795628524094061,BALANCE,1,-1.1515283282875612e-05
2.082,-0.03298862602825423,-0.014396735983950772,-0.030679615757712823,-0.032279707077199155,0.4307938167847844,7.472557016229931,BALANCE,1,-1.1480985586582745e-05
2.084,-0.03300862918643231,-0.00560672864693852,-0.0337475773334841,-0.03279346166689888,-0.2568772948498624,12.2699863621862,BALANCE,1,-1.1535481181452951e-05
2.086,-0.03301805502476566,-0.003819254091163249,-0.030679615757712823,-0.032053615598683756,0.36992303410756167,6.731233501393663,BALANCE,1,-1.1545955671622774e-05
2.088,-0.033032477478108224,-0.01060342020022556,-0.035281558121369745,-0.03318339548162385,-0.5648899414700467,11.783616174026225,BALANCE,1,-1.1533502880682108e-05
2.09,-0.03304395656840145,-0.0008758459571732418,-0.0337475773334841,-0.03338085912977493,-0.09873182407554165,4.230688897332628,BALANCE,1,-1.1567265257917336e-05
2.092,-0.03304395656840145,0.0,-0.030679615757712823,-0.03243542394955319,0.47271759011087083,7.94142984577365,BALANCE,1,-1.1567441999172153e-05
2.094,-0.03304395656840145,0.0,-0.0337475773334841,-0.032894677633929004,-0.22962684218790635,12.563264185288343,BALANCE,1,-1.1567441999172153e-05
2.096,-0.03304395656840145,0.0,-0.0337475773334841,-0.033193192528773285,-0.14925744742214087,6.910374570308791,BALANCE,1,-1.1567441999172153e-05
2.098,-0.03304395656840145,0.0,-0.02914563496982718,-0.031776547383142145,0.7083225728155701,7.528780196238504,BALANCE,1,-1.1567441999172153e-05
2.1,-0.03304395656840145,0.0,-0.035281558121369745,-0.0330033011415218,-0.6133768791898274,14.468063757401431,BALANCE,1,-1.1567441999172153e-05
2.102,-0.03304395656840145,0.0,-0.0337475773334841,-0.0332637978087086,-0.1302483335933989,3.814262255627166,BALANCE,1,-1.1567441999172153e-05
2.104,-0.03304395656840145,0.0,-0.035281558121369745,-0.033970013918139995,-0.3531080547156985,7.657008060805646,BALANCE,1,-1.1567441999172153e-05
2.106,-0.03304395656840145,0.0,-0.030679615757712823,-0.03281837456199048,0.5758196780747578,5.824963322477737,BALANCE,1,-1.1567441999172153e-05
2.108,-0.03304395656840145,0.0,-0.030679615757712823,-0.032069808980493296,0.37428279074859166,13.318919871257961,BALANCE,1,-1.1567441999172153e-05
2.11,-0.03304395656840145,0.0,-0.030679615757712823,-0.03158324135252013,0.24328381398658339,11.745124745742363,BALANCE,1,-1.1567441999172153e-05
2.112,-0.03304395656840145,0.0,-0.030679615757712823,-0.03126697239433757,0.15813447909128128,10.720010341054182,BALANCE,1,-1.1567441999172153e-05
2.114,-0.03304395656840145,0.0,-0.035281558121369745,-0.03267207739879882,-0.7025525022306273,10.051538404903852,BALANCE,1,-1.1567441999172153e-05
2.116,-0.03304395656840145,0.0,-0.032213596545598466,-0.032511609100178696,0.08023414931006279,3.0752018385811475,BALANCE,1,-1.1567441999172153e-05
2.118,-0.03304395656840145,0.0,-0.032213596545598466,-0.03240730470607561,0.052152197051541505,9.340620827003839,BALANCE,1,-1.1567441999172153e-05
2.12,-0.03304395656840145,0.0,-0.030679615757712823,-0.03180261357414863,0.3023455659634903,9.11574201164064,BALANCE,1,-1.1567441999172153e-05
2.122,-0.03304395656840145,0.0,-0.032213596545598466,-0.03194645761415607,-0.07192202000371947,11.147209908137018,BALANCE,1,-1.1567441999172153e-05
2.124,-0.03304395656840145,0.0,-0.032213596545598466,-0.032039956240160906,-0.04674931300241783,8.138049286476063,BALANCE,1,-1.1567441999172153e-05
2.126,-0.03304395656840145,0.0,-0.0337475773334841,-0.03263762362282402,-0.2988336913315563,8.327413033678155,BALANCE,1,-1.1567441999172153e-05
2.128,-0.03304395656840145,0.0,-0.0337475773334841,-0.03302610742155504,-0.1942418993655104,6.268350439360696,BALANCE,1,-1.1567441999172153e-05
2.13,-0.03304395656840145,0.0,-0.0337475773334841,-0.033278621890730206,-0.12625723458758314,7.07517052568089,BALANCE,1,-1.1567441999172153e-05
2.132,-0.03304395656840145,0.0,-0.0337475773334841,-0.033442756295694064,-0.0820672024819287,7.597241251375653,BALANCE,1,-1.1567441999172153e-05
2.134,-0.03304395656840145,0.0,-0.03681553890925539,-0.034623230210440524,-0.5902369573732302,7.9342248926639165,BALANCE,1,-1.1567441999172153e-05
2.136,-0.03304395656840145,0.0,-0.030679615757712823,-0.033242965151985826,0.690132529227349,3.7911137726066304,BALANCE,1,-1.1567441999172153e-05
2.138,-0.03304395656840145,0.0,-0.0337475773334841,-0.033419579415510214,-0.08830713176219418,14.110236975888148,BALANCE,1,-1.1567441999172153e-05
2.14,-0.03304395656840145,0.0,-0.03681553890925539,-0.03460816523832102,-0.5942929114054023,7.8654389162772365,BALANCE,1,-1.1567441999172153e-05
2.142,-0.03304395656840145,0.0,-0.035281558121369745,-0.03484385274738807,-0.11784375453352536,3.7393158967152598,BALANCE,1,-1.1567441999172153e-05
2.144,-0.03304395656840145,0.0,-0.0337475773334841,-0.03446015635252168,0.1918481974331962,7.529799130596775,BALANCE,1,-1.1567441999172153e-05
2.146,-0.03304395656840145,0.0,-0.030679615757712823,-0.03313696714433857,0.6615946040915526,10.023464498752027,BALANCE,1,-1.1567441999172153e-05
2.148,-0.03304395656840145,0.0,-0.032213596545598466,-0.03281378743477953,0.16158985477952165,13.854199711080996,BALANCE,1,-1.1567441999172153e-05
2.15,-0.03304395656840145,0.0,-0.0337475773334841,-0.03314061389932613,-0.16341323227329896,9.866989741671336,BALANCE,1,-1.1567441999172153e-05
2.152,-0.03304395656840145,0.0,-0.032213596545598466,-0.03281615782552144,0.16222803690234266,7.2407273345961105,BALANCE,1,-1.1567441999172153e-05
2.154,-0.03304395656840145,0.0,-0.0337475773334841,-0.033142154653308366,-0.16299841389346217,9.858761620864419,BALANCE,1,-1.1567441999172153e-05
2.156,-0.03304395656840145,0.0,-0.030679615757712823,-0.032280266039849924,0.43094430672922096,7.230761773900102,BALANCE,1,-1.1567441999172153e-05
2.158,-0.03304395656840145,0.0,-0.032213596545598466,-0.032256931716861906,0.011667161494009065,12.027560802481105,BALANCE,1,-1.1567441999172153e-05
2.16,-0.03304395656840145,0.0,-0.032213596545598466,-0.0322417644069197,0.007583654971103637,8.668292313635316,BALANCE,1,-1.1567441999172153e-05
2.162,-0.03304395656840145,0.0,-0.0337475773334841,-0.03276879893121724,-0.26351726214876925,8.630085947167222,BALANCE,1,-1.1567441999172153e-05
2.164,-0.03304395656840145,0.0,-0.0337475773334841,-0.03311137137201064,-0.17128622039670055,6.423102778964144,BALANCE,1,-1.1567441999172153e-05
2.166,-0.03304395656840145,0.0,-0.0337475773334841,-0.03333404345852634,-0.11133604325785224,7.133774492258687,BALANCE,1,-1.1567441999172153e-05
2.168,-0.03304395656840145,0.0,-0.0337475773334841,-0.03347878031476156,-0.07236842811760708,7.5933487754868265,BALANCE,1,-1.1567441999172153e-05
2.17,-0.03304395656840145,0.0,-0.030679615757712823,-0.03249907271979449,0.48985379748353247,7.889709729171722,BALANCE,1,-1.1567441999172153e-05
2.172,-0.03304395656840145,0.0,-0.0337475773334841,-0.03293604933458585,-0.21848830739567768,12.439770175134903,BALANCE,1,-1.1567441999172153e-05
2.174,-0.03304395656840145,0.0,-0.0337475773334841,-0.03322008413420023,-0.14201739980719205,6.740227529346824,BALANCE,1,-1.1567441999172153e-05
2.176,-0.03304395656840145,0.0,-0.0337475773334841,-0.03340470675394958,-0.0923113098746757,7.328308685251006,BALANCE,1,-1.1567441999172153e-05
2.178,-0.03304395656840145,0.0,-0.035281558121369745,-0.03406160473254664,-0.32844898929852706,7.708199106175385,BALANCE,1,-1.1567441999172153e-05
2.18,-0.03304395656840145,0.0,-0.0337475773334841,-0.033951695142874744,0.05495479483594648,5.772871471122242,BALANCE,1,-1.1567441999172153e-05
2.182,-0.03304395656840145,0.0,-0.035281558121369745,-0.03441714718534799,-0.23272602123662264,8.839905980549768,BALANCE,1,-1.1567441999172153e-05
2.184,-0.03304395656840145,0.0,-0.032213596545598466,-0.03364590446143565,0.3856213619561691,6.503648899983751,BALANCE,1,-1.1567441999172153e-05
2.186,-0.03304395656840145,0.0,-0.0337475773334841,-0.03368148996665261,-0.017792752608478124,11.489973348068538,BALANCE,1,-1.1567441999172153e-05
2.188,-0.03304395656840145,0.0,-0.032213596545598466,-0.03316772726928365,0.2568813486844776,8.253789003245013,BALANCE,1,-1.1567441999172153e-05
2.19,-0.03304395656840145,0.0,-0.0337475773334841,-0.033370674791753804,-0.1014737612350762,10.475374029976939,BALANCE,1,-1.1567441999172153e-05
2.192,-0.03304395656840145,0.0,-0.035281558121369745,-0.03403948395711938,-0.3344045826827874,7.589682164313949,BALANCE,1,-1.1567441999172153e-05
2.194,-0.03304395656840145,0.0,-0.032213596545598466,-0.03340042336308705,0.31953029701616353,5.679299146018901,BALANCE,1,-1.1567441999172153e-05
2.196,-0.03304395656840145,0.0,-0.03681553890925539,-0.03459571380424596,-0.5976452205794548,10.94244173457983,BALANCE,1,-1.1567441999172153e-05
2.198,-0.03304395656840145,0.0,-0.032213596545598466,-0.03376197276371933,0.4168705202633148,3.5264010245844997,BALANCE,1,-1.1567441999172153e-05
2.2,-0.03304395656840145,0.0,-0.030679615757712823,-0.03268314781161705,0.5394124760511425,11.685799019205511,BALANCE,1,-1.1567441999172153e-05
2.202,-0.03304395656840145,0.0,-0.035281558121369745,-0.03359259142003049,-0.45472180420672026,12.724327533071946,BALANCE,1,-1.1567441999172153e-05
2.204,-0.03304395656840145,0.0,-0.035281558121369745,-0.03418372976549922,-0.29556917273436745,4.709968156220231,BALANCE,1,-1.1567441999172153e-05
2.206,-0.03304395656840145,0.0,-0.035281558121369745,-0.0345679696900539,-0.19211996227733869,5.940884161317831,BALANCE,1,-1.1567441999172153e-05
2.208,-0.03304395656840145,0.0,-0.0337475773334841,-0.03428083236525446,0.14356866239971858,6.73850985556277,BALANCE,1,-1.1567441999172153e-05
2.21,-0.03304395656840145,0.0,-0.030679615757712823,-0.03302040655261489,0.6302129063197881,9.434390925994142,BALANCE,1,-1.1567441999172153e-05
2.212,-0.03304395656840145,0.0,-0.032213596545598466,-0.03273802305015913,0.14119175122787736,13.396566344802551,BALANCE,1,-1.1567441999172153e-05
2.214,-0.03304395656840145,0.0,-0.030679615757712823,-0.03201758049780292,0.3602212761781055,9.494792509604578,BALANCE,1,-1.1567441999172153e-05
2.216,-0.03304395656840145,0.0,-0.032213596545598466,-0.03208618611453136,-0.034302808364219256,11.283851746248216,BALANCE,1,-1.1567441999172153e-05
2.218,-0.03304395656840145,0.0,-0.0337475773334841,-0.032667673041164816,-0.2907434633167283,8.117125495683004,BALANCE,1,-1.1567441999172153e-05
2.22,-0.03304395656840145,0.0,-0.035281558121369745,-0.03358253281923654,-0.45742988903586107,6.0241775058566915,BALANCE,1,-1.1567441999172153e-05
2.222,-0.03304395656840145,0.0,-0.0337475773334841,-0.03364029839922318,-0.028882789993321667,4.629078006855478,BALANCE,1,-1.1567441999172153e-05
2.224,-0.03304395656840145,0.0,-0.0337475773334841,-0.0336778460262145,-0.01877381349565943,8.04726080471675,BALANCE,1,-1.1567441999172153e-05
2.226,-0.03304395656840145,0.0,-0.030679615757712823,-0.03262846543223891,0.5246902969877967,8.119144189873326,BALANCE,1,-1.1567441999172153e-05
2.228,-0.03304395656840145,0.0,-0.032213596545598466,-0.032483261321914744,0.07260205516208124,12.523294216293062,BALANCE,1,-1.1567441999172153e-05
2.23,-0.03304395656840145,0.0,-0.032213596545598466,-0.03238887865020404,0.047191335855352456,8.908803876042406,BALANCE,1,-1.1567441999172153e-05
2.232,-0.03304395656840145,0.0,-0.03681553890925539,-0.03393820974087201,-0.7746655453339836,8.704703306161177,BALANCE,1,-1.1567441999172153e-05
2.234,-0.03304395656840145,0.0,-0.030679615757712823,-0.03279770184676629,0.5702539470528595,2.030100749258235,BALANCE,1,-1.1567441999172153e-05
2.236,-0.03304395656840145,0.0,-0.02914563496982718,-0.031519478439837594,0.639111703464347,12.851327621629968,BALANCE,1,-1.1567441999172153e-05
2.238,-0.03304395656840145,0.0,-0.035281558121369745,-0.03283620632837384,-0.6583639442681241,13.472579181649623,BALANCE,1,-1.1567441999172153e-05
2.24,-0.03304395656840145,0.0,-0.0337475773334841,-0.03315518618016243,-0.15948992589429403,3.007203085212005,BALANCE,1,-1.1567441999172153e-05
2.242,-0.03304395656840145,0.0,-0.032213596545598466,-0.03282562980806504,0.16477818604869465,6.972425403859298,BALANCE,1,-1.1567441999172153e-05
2.244,-0.03304395656840145,0.0,-0.0337475773334841,-0.03314831144196171,-0.16134081694833477,9.579778555767438,BALANCE,1,-1.1567441999172153e-05
2.246,-0.03304395656840145,0.0,-0.0337475773334841,-0.033358054503994546,-0.10487153101641777,6.9448359714690096,BALANCE,1,-1.1567441999172153e-05
2.248,-0.03304395656840145,0.0,-0.032213596545598466,-0.03295749421855591,0.20028014271931613,7.377334064301576,BALANCE,1,-1.1567441999172153e-05
2.25,-0.03304395656840145,0.0,-0.0337475773334841,-0.03323402330878077,-0.13826454511242994,9.835989572470055,BALANCE,1,-1.1567441999172153e-05
2.2520000000000002,-0.03304395656840145,0.0,-0.035281558121369745,-0.03395066049318691,-0.35831859220306767,7.10439351974084,BALANCE,1,-1.1567441999172153e-05
2.254,-0.03304395656840145,0.0,-0.035281558121369745,-0.034416474663050894,-0.23290708493199294,5.294172779852731,BALANCE,1,-1.1567441999172153e-05
2.2560000000000002,-0.03304395656840145,0.0,-0.02914563496982718,-0.03257168077042259,0.9223969463141509,6.262632692896879,BALANCE,1,-1.1567441999172153e-05
2.258,-0.03304395656840145,0.0,-0.030679615757712823,-0.03190945801597417,0.3311113772242122,15.609238240269644,BALANCE,1,-1.1567441999172153e-05
2.2600000000000002,-0.03304395656840145,0.0,-0.03681553890925539,-0.03362658632862259,-0.8585641563242097,10.912305161213846,BALANCE,1,-1.1567441999172153e-05
2.262,-0.03304395656840145,0.0,-0.0337475773334841,-0.033668933180324115,-0.021173425850763705,1.2851478768018403,BALANCE,1,-1.1567441999172153e-05
2.2640000000000002,-0.03304395656840145,0.0,-0.032213596545598466,-0.033159565358170134,0.25468391107699023,7.974999122851251,BALANCE,1,-1.1567441999172153e-05
2.266,-0.03304395656840145,0.0,-0.032213596545598466,-0.032828476273770044,0.16554454220004539,10.205787974530889,BALANCE,1,-1.1567441999172153e-05
2.2680000000000002,-0.03304395656840145,0.0,-0.032213596545598466,-0.03261326836890999,0.10760395243002846,9.505972673324582,BALANCE,1,-1.1567441999172153e-05
2.27,-0.03304395656840145,0.0,-0.035281558121369745,-0.033547169782270896,-0.4669507066804544,9.048837775782268,BALANCE,1,-1.1567441999172153e-05
2.2720000000000002,-0.03304395656840145,0.0,-0.032213596545598466,-0.03308041914943554,0.23337531641767773,4.389656984140295,BALANCE,1,-1.1567441999172153e-05
2.274,-0.03304395656840145,0.0,-0.032213596545598466,-0.03277703123809256,0.15169395567149122,10.013654123065587,BALANCE,1,-1.1567441999172153e-05
2.2760000000000002,-0.03304395656840145,0.0,-0.03681553890925539,-0.034190508922999546,-0.7067388424534943,9.371851105529055,BALANCE,1,-1.1567441999172153e-05
2.278,-0.03304395656840145,0.0,-0.035281558121369745,-0.03457237614242911,-0.1909336097147829,2.4127419576501516,BALANCE,1,-1.1567441999172153e-05
2.2800000000000002,-0.03304395656840145,0.0,-0.032213596545598466,-0.03374680328353838,0.4127864294453665,6.509357311165584,BALANCE,1,-1.1567441999172153e-05
2.282,-0.03304395656840145,0.0,-0.032213596545598466,-0.0332101809252594,0.2683111791394882,11.381902635323517,BALANCE,1,-1.1567441999172153e-05
2.2840000000000003,-0.03304395656840145,0.0,-0.0337475773334841,-0.03339826966813804,-0.09404437143931826,10.251655938188176,BALANCE,1,-1.1567441999172153e-05
2.286,-0.03304395656840145,0.0,-0.032213596545598466,-0.03298363407524919,0.2073177964444263,7.334846555051378,BALANCE,1,-1.1567441999172153e-05
2.2880000000000003,-0.03304395656840145,0.0,-0.032213596545598466,-0.03271412093987143,0.1347565676888783,9.764025306879615,BALANCE,1,-1.1567441999172153e-05
2.29,-0.03304395656840145,0.0,-0.0337475773334841,-0.03307583067763586,-0.18085486888221383,9.193163440769922,BALANCE,1,-1.1567441999172153e-05
2.2920000000000003,-0.03304395656840145,0.0,-0.032213596545598466,-0.03277404873142276,0.15089097310654748,6.639954197799793,BALANCE,1,-1.1567441999172153e-05
2.294,-0.03304395656840145,0.0,-0.032213596545598466,-0.032577890466384256,0.09807913251925343,9.305473040736384,BALANCE,1,-1.1567441999172153e-05
2.2960000000000003,-0.03304395656840145,0.0,-0.0337475773334841,-0.0329872808698692,-0.20469520174247122,8.888232233847065,BALANCE,1,-1.1567441999172153e-05
2.298,-0.03304395656840145,0.0,-0.035281558121369745,-0.033790277907894385,-0.4014985190125934,6.434876679370197,BALANCE,1,-1.1567441999172153e-05
2.3000000000000003,-0.03304395656840145,0.0,-0.0337475773334841,-0.033775332706850784,0.007472600521800377,4.805512263346129,BALANCE,1,-1.1567441999172153e-05
2.302,-0.03304395656840145,0.0,-0.0337475773334841,-0.03376561832617244,0.0048571903391719795,8.071422865142527,BALANCE,1,-1.1567441999172153e-05
2.3040000000000003,-0.03304395656840145,0.0,-0.032213596545598466,-0.03322241070297154,0.2716038116004488,8.044329322856965,BALANCE,1,-1.1567441999172153e-05
2.306,-0.03304395656840145,0.0,-0.032213596545598466,-0.03286932574789096,0.17654247754029032,10.204250268198638,BALANCE,1,-1.1567441999172153e-05
2.308,-0.03304395656840145,0.0,-0.032213596545598466,-0.03263982052708858,0.11475261040119061,9.458370827872628,BALANCE,1,-1.1567441999172153e-05
2.31,-0.03304395656840145,0.0,-0.032213596545598466,-0.03249064213356703,0.07458919676077425,8.971294239902555,BALANCE,1,-1.1567441999172153e-05
2.312,-0.03304395656840145,0.0,-0.030679615757712823,-0.03185678290201806,0.31692961577448747,8.652439505963804,BALANCE,1,-1.1567441999172153e-05
2.314,-0.03304395656840145,0.0,-0.0337475773334841,-0.03251856095303117,-0.3308890255065561,10.622823055386043,BALANCE,1,-1.1567441999172153e-05
2.316,-0.03304395656840145,0.0,-0.0337475773334841,-0.03294871668618969,-0.21507786657926076,5.394063529886303,BALANCE,1,-1.1567441999172153e-05
2.318,-0.03304395656840145,0.0,-0.030679615757712823,-0.03215453136122278,0.39709266248345515,6.288153713977917,BALANCE,1,-1.1567441999172153e-05
2.32,-0.03304395656840145,0.0,-0.0337475773334841,-0.03271209745151424,-0.2787830451457286,11.226738159705414,BALANCE,1,-1.1567441999172153e-05
2.322,-0.03304395656840145,0.0,-0.030679615757712823,-0.03200072885868374,0.35568429641524846,5.779736113764153,BALANCE,1,-1.1567441999172153e-05
2.324,-0.03304395656840145,0.0,-0.0337475773334841,-0.03261212582486386,-0.3056984830900611,10.891756816050062,BALANCE,1,-1.1567441999172153e-05
2.326,-0.03304395656840145,0.0,-0.032213596545598466,-0.03247264057712097,0.0697426238714452,5.557488336871804,BALANCE,1,-1.1567441999172153e-05
2.328,-0.03304395656840145,0.0,-0.0337475773334841,-0.03291886844184806,-0.2231139323635445,8.562891779313006,BALANCE,1,-1.1567441999172153e-05
2.33,-0.03304395656840145,0.0,-0.032213596545598466,-0.0326720232781607,0.12342258184368238,6.186681883861093,BALANCE,1,-1.1567441999172153e-05
2.332,-0.03304395656840145,0.0,-0.032213596545598466,-0.03251157392176391,0.08022467819839355,8.967250302684517,BALANCE,1,-1.1567441999172153e-05
2.334,-0.03304395656840145,0.0,-0.0337475773334841,-0.032944175115865976,-0.21630059705103274,8.624791720121662,BALANCE,1,-1.1567441999172153e-05
2.336,-0.03304395656840145,0.0,-0.035281558121369745,-0.03376225916779229,-0.40904202596315703,6.220044611456955,BALANCE,1,-1.1567441999172153e-05
2.338,-0.03304395656840145,0.0,-0.0337475773334841,-0.03375712052578442,0.0025693210039361147,4.622275685210823,BALANCE,1,-1.1567441999172153e-05
2.34,-0.03304395656840145,0.0,-0.032213596545598466,-0.03321688713271933,0.2701166965325442,7.908723355362883,BALANCE,1,-1.1567441999172153e-05
2.342,-0.03304395656840145,0.0,-0.030679615757712823,-0.03232884215146705,0.4440224906261392,10.07487298574911,BALANCE,1,-1.1567441999172153e-05
2.344,-0.03304395656840145,0.0,-0.0337475773334841,-0.032825399465173016,-0.2482786568529828,11.512936268942713,BALANCE,1,-1.1567441999172153e-05
2.346,-0.03304395656840145,0.0,-0.032213596545598466,-0.03261126844332192,0.10706551092554834,5.938168570394344,BALANCE,1,-1.1567441999172153e-05
2.348,-0.03304395656840145,0.0,-0.035281558121369745,-0.033545869830638654,-0.4673006936583672,8.787247520244994,BALANCE,1,-1.1567441999172153e-05
2.35,-0.03304395656840145,0.0,-0.032213596545598466,-0.03307957418087459,0.23314782488203373,4.129532626368539,BALANCE,1,-1.1567441999172153e-05
2.352,-0.03304395656840145,0.0,-0.035281558121369745,-0.033850268560047886,-0.3853471895866496,9.754482598841415,BALANCE,1,-1.1567441999172153e-05
2.354,-0.03304395656840145,0.0,-0.032213596545598466,-0.03327743335499059,0.2864176025286491,4.75351076662954,BALANCE,1,-1.1567441999172153e-05
2.356,-0.03304395656840145,0.0,-0.0337475773334841,-0.033441983747463315,-0.08227519623636367,10.15534372918437,BALANCE,1,-1.1567441999172153e-05
2.358,-0.03304395656840145,0.0,-0.032213596545598466,-0.033012048226810614,0.21496776032635043,7.189239918766412,BALANCE,1,-1.1567441999172153e-05
2.36,-0.03304395656840145,0.0,-0.032213596545598466,-0.03273259013838636,0.13972904421212864,9.586377292861924,BALANCE,1,-1.1567441999172153e-05
2.362,-0.03304395656840145,0.0,-0.035281558121369745,-0.033624728932430535,-0.44606939702208914,8.994688531225927,BALANCE,1,-1.1567441999172153e-05
2.364,-0.03304395656840145,0.0,-0.030679615757712823,-0.03259393932127933,0.5153948055756016,4.2480477279230495,BALANCE,1,-1.1567441999172153e-05
2.366,-0.03304395656840145,0.0,-0.032213596545598466,-0.032460819349791024,0.06655998574415373,11.995089937509391,BALANCE,1,-1.1567441999172153e-05
2.368,-0.03304395656840145,0.0,-0.0337475773334841,-0.032911184644083595,-0.22518264714628533,8.405906413277147,BALANCE,1,-1.1567441999172153e-05
2.37,-0.03304395656840145,0.0,-0.032213596545598466,-0.03266702880961379,0.12207791723490083,6.038361195567266,BALANCE,1,-1.1567441999172153e-05
2.372,-0.03304395656840145,0.0,-0.0337475773334841,-0.0330452207929684,-0.189095991677303,8.82456165492302,BALANCE,1,-1.1567441999172153e-05
2.374,-0.03304395656840145,0.0,-0.035281558121369745,-0.033827938857908864,-0.3913590324702322,6.305869820465519,BALANCE,1,-1.1567441999172153e-05
2.376,-0.03304395656840145,0.0,-0.030679615757712823,-0.03272602577284024,0.5509565425343109,4.6340368224540756,BALANCE,1,-1.1567441999172153e-05
2.378,-0.03304395656840145,0.0,-0.032213596545598466,-0.03254667554330561,0.08967511476731457,12.232131002439969,BALANCE,1,-1.1567441999172153e-05
2.38,-0.03304395656840145,0.0,-0.032213596545598466,-0.032430097894108105,0.05828882459875395,8.546131258967415,BALANCE,1,-1.1567441999172153e-05
2.382,-0.03304395656840145,0.0,-0.0337475773334841,-0.0328912156978897,-0.23055890189079692,8.295549576991961,BALANCE,1,-1.1567441999172153e-05
2.384,-0.03304395656840145,0.0,-0.035281558121369745,-0.03372783554610771,-0.4183099241090067,5.9505224537090795,BALANCE,1,-1.1567441999172153e-05
2.386,-0.03304395656840145,0.0,-0.032213596545598466,-0.03319785189592947,0.26499182508912117,4.3915715179611,BALANCE,1,-1.1567441999172153e-05
2.388,-0.03304395656840145,0.0,-0.030679615757712823,-0.03231646924755364,0.44069132418791607,9.883144960177631,BALANCE,1,-1.1567441999172153e-05
2.39,-0.03304395656840145,0.0,-0.035281558121369745,-0.03335425035338927,-0.5188905529178167,11.335160618021028,BALANCE,1,-1.1567441999172153e-05
2.392,-0.03304395656840145,0.0,-0.030679615757712823,-0.03241812824490251,0.4680610542433794,3.5895678847543504,BALANCE,1,-1.1567441999172153e-05
2.394,-0.03304395656840145,0.0,-0.0337475773334841,-0.03288343542590606,-0.23265359050177528,11.534864442904146,BALANCE,1,-1.1567441999172153e-05
2.396,-0.03304395656840145,0.0,-0.030679615757712823,-0.03211209854203843,0.3856684419338181,5.8946521669975125,BALANCE,1,-1.1567441999172153e-05
2.398,-0.03304395656840145,0.0,-0.0337475773334841,-0.03268451611904441,-0.28620878850299164,10.88108621980591,BALANCE,1,-1.1567441999172153e-05
2.4,-0.03304395656840145,0.0,-0.032213596545598466,-0.032519694268338326,0.08241092535304223,5.465186418467266,BALANCE,1,-1.1567441999172153e-05
2.402,-0.03304395656840145,0.0,-0.0337475773334841,-0.03294945334113934,-0.2148795364005085,8.417529501504234,BALANCE,1,-1.1567441999172153e-05
2.404,-0.03304395656840145,0.0,-0.035281558121369745,-0.03376569001421998,-0.40811833654031887,6.0068303724395395,BALANCE,1,-1.1567441999172153e-05
2.406,-0.03304395656840145,0.0,-0.035281558121369745,-0.03429624385172239,-0.26527691875120535,4.405192632933374,BALANCE,1,-1.1567441999172153e-05
2.408,-0.03304395656840145,0.0,-0.035281558121369745,-0.03464110384609896,-0.17242999718828506,5.509231496225794,BALANCE,1,-1.1567441999172153e-05
2.41,-0.03304395656840145,0.0,-0.0337475773334841,-0.03432836956668375,0.15636713970760413,6.224387048297341,BALANCE,1,-1.1567441999172153e-05
2.412,-0.03304395656840145,0.0,-0.035281558121369745,-0.034661985560823845,-0.16680799707004604,8.86666252631603,BALANCE,1,-1.1567441999172153e-05
2.414,-0.03304395656840145,0.0,-0.0337475773334841,-0.03434194268125493,0.16002143978445862,6.254312075334259,BALANCE,1,-1.1567441999172153e-05
2.416,-0.03304395656840145,0.0,-0.032213596545598466,-0.03359702153377516,0.3724605737398835,8.88128175440818,BALANCE,1,-1.1567441999172153e-05
2.418,-0.03304395656840145,0.0,-0.030679615757712823,-0.03257592951215334,0.5105460108109118,10.61877069059361,BALANCE,1,-1.1567441999172153e-05
2.42,-0.03304395656840145,0.0,-0.032213596545598466,-0.03244911297385913,0.06340826914710482,11.778204522556717,BALANCE,1,-1.1567441999172153e-05
2.422,-0.03304395656840145,0.0,-0.0337475773334841,-0.03290357549972786,-0.2272312629343666,8.202221758949142,BALANCE,1,-1.1567441999172153e-05
2.424,-0.03304395656840145,0.0,-0.0337475773334841,-0.03319897614154254,-0.1477003209073395,5.843257035645301,BALANCE,1,-1.1567441999172153e-05
2.426,-0.03304395656840145,0.0,-0.035281558121369745,-0.033927879834482054,-0.36445184646975715,6.455140738124328,BALANCE,1,-1.1567441999172153e-05
2.428,-0.03304395656840145,0.0,-0.0337475773334841,-0.03386477395913277,0.031552937674643455,4.6706087360817214,BALANCE,1,-1.1567441999172153e-05
2.43,-0.03304395656840145,0.0,-0.0337475773334841,-0.03382375514015573,0.0205094094885179,7.835660406966056,BALANCE,1,-1.1567441999172153e-05
2.432,-0.03304395656840145,0.0,-0.032213596545598466,-0.033260199632060686,0.28177775404752275,7.743008559587642,BALANCE,1,-1.1567441999172153e-05
2.434,-0.03304395656840145,0.0,-0.032213596545598466,-0.0328938885517989,0.18315554013089222,9.860316606618973,BALANCE,1,-1.1567441999172153e-05
2.436,-0.03304395656840145,0.0,-0.032213596545598466,-0.03265578634962874,0.11905110108507977,9.086738782391274,BALANCE,1,-1.1567441999172153e-05
2.438,-0.03304395656840145,0.0,-0.035281558121369745,-0.03357480646973809,-0.4595100600546728,8.581658244885059,BALANCE,1,-1.1567441999172153e-05
2.44,-0.03304395656840145,0.0,-0.035281558121369745,-0.03417216954780916,-0.29868153903553696,3.8913127872665285,BALANCE,1,-1.1567441999172153e-05
2.442,-0.03304395656840145,0.0,-0.035281558121369745,-0.03456045554855536,-0.19414300037309817,5.135264736825789,BALANCE,1,-1.1567441999172153e-05
2.444,-0.03304395656840145,0.0,-0.0337475773334841,-0.03427594817328041,0.14225368763747318,5.941363794970817,BALANCE,1,-1.1567441999172153e-05
2.446,-0.03304395656840145,0.0,-0.032213596545598466,-0.03355412510359172,0.36091153484434435,8.642752551937226,BALANCE,1,-1.1567441999172153e-05
2.448,-0.03304395656840145,0.0,-0.0337475773334841,-0.03362183338405405,-0.033854140231163315,10.4286138887528,BALANCE,1,-1.1567441999172153e-05
2.45,-0.03304395656840145,0.0,-0.032213596545598466,-0.03312895049059459,0.24644144672972962,7.2597016246441886,BALANCE,1,-1.1567441999172153e-05
2.452,-0.03304395656840145,0.0,-0.0337475773334841,-0.03334546988560592,-0.10825969750566378,9.52501350384078,BALANCE,1,-1.1567441999172153e-05
2.454,-0.03304395656840145,0.0,-0.030679615757712823,-0.03241242094084333,0.4665244723812932,6.667744092279833,BALANCE,1,-1.1567441999172153e-05
2.456,-0.03304395656840145,0.0,-0.032213596545598466,-0.032342832402507626,0.03479426916785239,11.315517903873076,BALANCE,1,-1.1567441999172153e-05
2.458,-0.03304395656840145,0.0,-0.035281558121369745,-0.03337138640410936,-0.5142770008008668,7.859383023985189,BALANCE,1,-1.1567441999172153e-05
2.46,-0.03304395656840145,0.0,-0.032213596545598466,-0.032966159953630544,0.20261322523940778,3.3984253468585113,BALANCE,1,-1.1567441999172153e-05
2.462,-0.03304395656840145,0.0,-0.0337475773334841,-0.03323965603657929,-0.13674804147437158,9.15126751021871,BALANCE,1,-1.1567441999172153e-05
2.464,-0.03304395656840145,0.0,-0.03681553890925539,-0.03449121504201592,-0.6257795027183148,6.4133196803242365,BALANCE,1,-1.1567441999172153e-05
2.466,-0.03304395656840145,0.0,-0.032213596545598466,-0.033694048568269803,0.39858323687305686,2.4190762070380885,BALANCE,1,-1.1567441999172153e-05
2.468,-0.03304395656840145,0.0,-0.0337475773334841,-0.033712783636094805,-0.009367533912500725,10.655069302480175,BALANCE,1,-1.1567441999172153e-05
2.47,-0.03304395656840145,0.0,-0.030679615757712823,-0.03265117487866111,0.5308043787168488,7.383596475398997,BALANCE,1,-1.1567441999172153e-05
2.472,-0.03304395656840145,0.0,-0.030679615757712823,-0.0319611291863292,0.34502284616595363,11.762138066904082,BALANCE,1,-1.1567441999172153e-05
2.474,-0.03304395656840145,0.0,-0.0337475773334841,-0.03258638603783341,-0.312628425752106,10.310896322199568,BALANCE,1,-1.1567441999172153e-05
2.476,-0.03304395656840145,0.0,-0.035281558121369745,-0.03352969626707113,-0.47165511461885745,5.005653458557273,BALANCE,1,-1.1567441999172153e-05
2.478,-0.03304395656840145,0.0,-0.035281558121369745,-0.034142847916075636,-0.30657582450225457,3.670135394615583,BALANCE,1,-1.1567441999172153e-05
2.48,-0.03304395656840145,0.0,-0.032213596545598466,-0.03346760993640862,0.33761898983350813,4.947152047024922,BALANCE,1,-1.1567441999172153e-05
2.482,-0.03304395656840145,0.0,-0.032213596545598466,-0.03302870524962506,0.21945234339177874,10.134531318503761,BALANCE,1,-1.1567441999172153e-05
2.484,-0.03304395656840145,0.0,-0.035281558121369745,-0.033817203754735695,-0.39424925255531623,9.208926687127015,BALANCE,1,-1.1567441999172153e-05
2.486,-0.03304395656840145,0.0,-0.0337475773334841,-0.033792834507297635,0.012184623719029702,4.245240568492671,BALANCE,1,-1.1567441999172153e-05
2.488,-0.03304395656840145,0.0,-0.02914563496982718,-0.032166314669182974,0.8132599190573304,7.491415166632263,BALANCE,1,-1.1567441999172153e-05
2.49,-0.03304395656840145,0.0,-0.0337475773334841,-0.03271975660168836,-0.27672096625269355,13.991175456691712,BALANCE,1,-1.1567441999172153e-05
2.492,-0.03304395656840145,0.0,-0.0337475773334841,-0.03307949385781687,-0.17986862806425308,5.231577906940858,BALANCE,1,-1.1567441999172153e-05
2.494,-0.03304395656840145,0.0,-0.035281558121369745,-0.03385021635006037,-0.38536124612175215,5.9781964783091075,BALANCE,1,-1.1567441999172153e-05
2.496,-0.03304395656840145,0.0,-0.035281558121369745,-0.03435118597001865,-0.250484809979138,4.281242141044494,BALANCE,1,-1.1567441999172153e-05
2.498,-0.03304395656840145,0.0,-0.032213596545598466,-0.03360302967147158,0.3740781492735344,5.323325215793906,BALANCE,1,-1.1567441999172153e-05
2.5,-0.03304395656840145,0.0,-0.030679615757712823,-0.03257983480165601,0.5115974349077859,10.357997661793815,BALANCE,1,-1.1567441999172153e-05
2.5020000000000002,-0.03304395656840145,0.0,-0.0337475773334841,-0.032988544687795836,-0.20435494306991417,11.513027672096431,BALANCE,1,-1.1567441999172153e-05
2.504,-0.03304395656840145,0.0,-0.0337475773334841,-0.033254206113786725,-0.13283071299544438,5.754288346168882,BALANCE,1,-1.1567441999172153e-05
2.5060000000000002,-0.03304395656840145,0.0,-0.0337475773334841,-0.0334268860406808,-0.08633996344703868,6.303891659982429,BALANCE,1,-1.1567441999172153e-05
2.508,-0.03304395656840145,0.0,-0.0337475773334841,-0.03353912799316195,-0.05612097624057427,6.658771483547894,BALANCE,1,-1.1567441999172153e-05
2.5100000000000002,-0.03304395656840145,0.0,-0.0337475773334841,-0.0336120852622747,-0.036478634556375705,6.8870810384521075,BALANCE,1,-1.1567441999172153e-05
2.512,-0.03304395656840145,0.0,-0.032213596545598466,-0.033122614211438015,0.24473552541834365,7.0331199187264755,BALANCE,1,-1.1567441999172153e-05
2.5140000000000002,-0.03304395656840145,0.0,-0.030679615757712823,-0.03226756475263419,0.42752472940191244,9.305576938732145,BALANCE,1,-1.1567441999172153e-05
2.516,-0.03304395656840145,0.0,-0.0337475773334841,-0.03278556915593166,-0.25900220164873367,10.812740025178398,BALANCE,1,-1.1567441999172153e-05
2.5180000000000002,-0.03304395656840145,0.0,-0.035281558121369745,-0.03365916529383498,-0.43679806895166245,5.282887198744195,BALANCE,1,-1.1567441999172153e-05
2.52,-0.03304395656840145,0.0,-0.0337475773334841,-0.03369010950771217,-0.015472106938592411,3.8013726589877983,BALANCE,1,-1.1567441999172153e-05
2.5220000000000002,-0.03304395656840145,0.0,-0.032213596545598466,-0.033173329970972366,0.2583897683699002,7.163385680358186,BALANCE,1,-1.1567441999172153e-05
2.524,-0.03304395656840145,0.0,-0.0337475773334841,-0.03337431654785147,-0.10049328843955013,9.37865278903632,BALANCE,1,-1.1567441999172153e-05
2.5260000000000002,-0.03304395656840145,0.0,-0.035281558121369745,-0.03404185109858286,-0.33376727536569767,6.488854276638401,BALANCE,1,-1.1567441999172153e-05
2.528,-0.03304395656840145,0.0,-0.035281558121369745,-0.034475748556558265,-0.2169487289877016,4.575801937965619,BALANCE,1,-1.1567441999172153e-05
2.5300000000000002,-0.03304395656840145,0.0,-0.0337475773334841,-0.034220888628482306,0.12742996403797974,5.477421311799752,BALANCE,1,-1.1567441999172153e-05
2.532,-0.03304395656840145,0.0,-0.0337475773334841,-0.03405522967523293,0.08282947662468718,8.240898273964063,BALANCE,1,-1.1567441999172153e-05
2.5340000000000003,-0.03304395656840145,0.0,-0.032213596545598466,-0.033410658079860864,0.3222857976860338,7.887222865917638,BALANCE,1,-1.1567441999172153e-05
2.536,-0.03304395656840145,0.0,-0.032213596545598466,-0.03299168654286902,0.209485768495922,9.834865598514765,BALANCE,1,-1.1567441999172153e-05
2.5380000000000003,-0.03304395656840145,0.0,-0.030679615757712823,-0.032182461768064344,0.404612387402338,8.951005319904807,BALANCE,1,-1.1567441999172153e-05
2.54,-0.03304395656840145,0.0,-0.0337475773334841,-0.03273025221596126,-0.27389522394845667,10.554135265290803,BALANCE,1,-1.1567441999172153e-05
2.5420000000000003,-0.03304395656840145,0.0,-0.0337475773334841,-0.033086316007094246,-0.1780318955664946,5.086660897167439,BALANCE,1,-1.1567441999172153e-05
2.544,-0.03304395656840145,0.0,-0.032213596545598466,-0.03278086419557072,0.1527259057617636,5.825586433553736,BALANCE,1,-1.1567441999172153e-05
2.5460000000000003,-0.03304395656840145,0.0,-0.0337475773334841,-0.0331192137938404,-0.16917479913483927,8.483419780032097,BALANCE,1,-1.1567441999172153e-05
2.548,-0.03304395656840145,0.0,-0.0337475773334841,-0.03333914103271569,-0.10996361943764466,5.881289322204328,BALANCE,1,-1.1567441999172153e-05
2.5500000000000003,-0.03304395656840145,0.0,-0.035281558121369745,-0.0340189870137446,-0.33992299051445807,6.335115297242824,BALANCE,1,-1.1567441999172153e-05
2.552,-0.03304395656840145,0.0,-0.032213596545598466,-0.03338710034989345,0.3159433319255764,4.447845772363832,BALANCE,1,-1.1567441999172153e-05
2.5540000000000003,-0.03304395656840145,0.0,-0.032213596545598466,-0.0329763740183902,0.2053631657516243,9.726012131645199,BALANCE,1,-1.1567441999172153e-05
2.556,-0.03304395656840145,0.0,-0.0337475773334841,-0.033246295178673065,-0.13496058014143136,8.859419107340099,BALANCE,1,-1.1567441999172153e-05
2.5580000000000003,-0.03304395656840145,0.0,-0.035281558121369745,-0.0339586372086169,-0.3561710149719184,6.113984611542946,BALANCE,1,-1.1567441999172153e-05
2.56,-0.03304395656840145,0.0,-0.032213596545598466,-0.033347872976560444,0.30538211602822857,4.294768883660698,BALANCE,1,-1.1567441999172153e-05
2.562,-0.03304395656840145,0.0,-0.030679615757712823,-0.032413982949963775,0.4669450132983345,9.617170210989947,BALANCE,1,-1.1567441999172153e-05
2.564,-0.03304395656840145,0.0,-0.0337475773334841,-0.03288074098419588,-0.23337901711605394,10.959223994156602,BALANCE,1,-1.1567441999172153e-05
2.566,-0.03304395656840145,0.0,-0.0337475773334841,-0.03318413370644675,-0.1516963611254349,5.322050120590729,BALANCE,1,-1.1567441999172153e-05
2.568,-0.03304395656840145,0.0,-0.030679615757712823,-0.032307552424389874,0.43829064102843956,5.950670978439339,BALANCE,1,-1.1567441999172153e-05
2.57,-0.03304395656840145,0.0,-0.035281558121369745,-0.033348454418332826,-0.5204509969714762,10.71670036210887,BALANCE,1,-1.1567441999172153e-05
2.572,-0.03304395656840145,0.0,-0.0337475773334841,-0.03348814743863577,-0.06984651015147156,2.9776434475892994,BALANCE,1,-1.1567441999172153e-05
2.574,-0.03304395656840145,0.0,-0.035281558121369745,-0.03411584117759266,-0.31384686947844365,6.567400131443433,BALANCE,1,-1.1567441999172153e-05
2.576,-0.03304395656840145,0.0,-0.0337475773334841,-0.03398694883215466,0.06444617271899808,4.570912464254725,BALANCE,1,-1.1567441999172153e-05
2.578,-0.03304395656840145,0.0,-0.030679615757712823,-0.03282938225610001,0.5787832880273236,7.598192952794107,BALANCE,1,-1.1567441999172153e-05
2.58,-0.03304395656840145,0.0,-0.030679615757712823,-0.03207696398166449,0.37620913721776034,11.77577799337277,BALANCE,1,-1.1567441999172153e-05
2.582,-0.03304395656840145,0.0,-0.030679615757712823,-0.031587892103281404,0.24453593919154457,10.193914490566062,BALANCE,1,-1.1567441999172153e-05
2.584,-0.03304395656840145,0.0,-0.032213596545598466,-0.03180688865809237,-0.10949827740548354,9.163555640638666,BALANCE,1,-1.1567441999172153e-05
2.586,-0.03304395656840145,0.0,-0.030679615757712823,-0.03141234314295952,0.1972727575664246,6.311780736842165,BALANCE,1,-1.1567441999172153e-05
2.588,-0.03304395656840145,0.0,-0.0337475773334841,-0.03222967510964312,-0.4086659833417994,8.783339278896808,BALANCE,1,-1.1567441999172153e-05
2.59,-0.03304395656840145,0.0,-0.030679615757712823,-0.03168715433646751,0.27126038658780577,3.880343498608072,BALANCE,1,-1.1567441999172153e-05
2.592,-0.03304395656840145,0.0,-0.035281558121369745,-0.032945195661183285,-0.6290206623578882,9.345968273568156,BALANCE,1,-1.1567441999172153e-05
2.594,-0.03304395656840145,0.0,-0.0337475773334841,-0.03322602924648857,-0.14041679265264229,2.0616483633874205,BALANCE,1,-1.1567441999172153e-05
2.596,-0.03304395656840145,0.0,-0.032213596545598466,-0.03287167780117703,0.1771757226557702,5.946984100061774,BALANCE,1,-1.1567441999172153e-05
2.598,-0.03304395656840145,0.0,-0.032213596545598466,-0.032641349361724525,0.11516421972625202,8.50241097368753,BALANCE,1,-1.1567441999172153e-05
2.6,-0.03304395656840145,0.0,-0.0337475773334841,-0.033028529151840375,-0.19358989505792457,8.013610386746189,BALANCE,1,-1.1567441999172153e-05
2.602,-0.03304395656840145,0.0,-0.032213596545598466,-0.0327433027396557,0.1426132060923374,5.513740975235458,BALANCE,1,-1.1567441999172153e-05
2.604,-0.03304395656840145,0.0,-0.030679615757712823,-0.03202101229597569,0.3611452218400049,8.213930708620703,BALANCE,1,-1.1567441999172153e-05
2.606,-0.03304395656840145,0.0,-0.032213596545598466,-0.032088416783343655,-0.03370224368398275,9.99912005876365,BALANCE,1,-1.1567441999172153e-05
2.608,-0.03304395656840145,0.0,-0.030679615757712823,-0.03159533642437286,0.24654017948539872,6.829878381973,BALANCE,1,-1.1567441999172153e-05
2.61,-0.03304395656840145,0.0,-0.035281558121369745,-0.032885514018321765,-0.6450887969744536,9.095083521581426,BALANCE,1,-1.1567441999172153e-05
2.612,-0.03304395656840145,0.0,-0.035281558121369745,-0.03372412945438855,-0.41930771803339384,1.8780639514620079,BALANCE,1,-1.1567441999172153e-05
2.614,-0.03304395656840145,0.0,-0.035281558121369745,-0.03426922948783197,-0.2725500167217072,3.6272508309356004,BALANCE,1,-1.1567441999172153e-05
2.616,-0.03304395656840145,0.0,-0.0337475773334841,-0.03408665123381021,0.09128912701087885,4.761752593524922,BALANCE,1,-1.1567441999172153e-05
2.618,-0.03304395656840145,0.0,-0.032213596545598466,-0.0334310820929361,0.32778457043705633,7.676603108380153,BALANCE,1,-1.1567441999172153e-05
2.62,-0.03304395656840145,0.0,-0.032213596545598466,-0.033004962151367924,0.21305997078408662,9.601214587823433,BALANCE,1,-1.1567441999172153e-05
2.622,-0.03304395656840145,0.0,-0.03681553890925539,-0.03433866401662853,-0.6668509326303029,8.702383994663492,BALANCE,1,-1.1567441999172153e-05
2.624,-0.03304395656840145,0.0,-0.032213596545598466,-0.033594890401768,0.37188680743026337,1.5762069226294138,BALANCE,1,-1.1567441999172153e-05
2.626,-0.03304395656840145,0.0,-0.032213596545598466,-0.03311143755210866,0.24172642482967258,9.924016281925221,BALANCE,1,-1.1567441999172153e-05
2.628,-0.03304395656840145,0.0,-0.032213596545598466,-0.032797193199830085,0.1571221761392863,8.905118104589635,BALANCE,1,-1.1567441999172153e-05
2.63,-0.03304395656840145,0.0,-0.0337475773334841,-0.03312982764660899,-0.16631722338945193,8.240579337563291,BALANCE,1,-1.1567441999172153e-05
2.632,-0.03304395656840145,0.0,-0.035281558121369745,-0.03388293331277525,-0.376552833083129,5.626480108997329,BALANCE,1,-1.1567441999172153e-05
2.634,-0.03304395656840145,0.0,-0.032213596545598466,-0.03329866544426337,0.2921339342559399,3.8926323048153826,BALANCE,1,-1.1567441999172153e-05
2.636,-0.03304395656840145,0.0,-0.0337475773334841,-0.03345578460549062,-0.0785595806136255,9.270522782549794,BALANCE,1,-1.1567441999172153e-05
2.638,-0.03304395656840145,0.0,-0.030679615757712823,-0.032484125508768384,0.485829548361117,6.2888563569985365,BALANCE,1,-1.1567441999172153e-05
2.64,-0.03304395656840145,0.0,-0.0337475773334841,-0.03292633364741888,-0.22110406932524668,10.855772109498057,BALANCE,1,-1.1567441999172153e-05
2.642,-0.03304395656840145,0.0,-0.032213596545598466,-0.03267687566178173,0.12472899281857491,5.167185412958635,BALANCE,1,-1.1567441999172153e-05
2.644,-0.03304395656840145,0.0,-0.0337475773334841,-0.033051621246877556,-0.18737279254791434,7.94228201411508,BALANCE,1,-1.1567441999172153e-05
2.646,-0.03304395656840145,0.0,-0.0337475773334841,-0.03329520587718984,-0.12179231515614328,5.416372671828041,BALANCE,1,-1.1567441999172153e-05
2.648,-0.03304395656840145,0.0,-0.032213596545598466,-0.032916642611132856,0.18928163302849368,5.919742371968033,BALANCE,1,-1.1567441999172153e-05
2.65,-0.03304395656840145,0.0,-0.030679615757712823,-0.03213368321243584,0.3914796993485063,8.424464424886322,BALANCE,1,-1.1567441999172153e-05
2.652,-0.03304395656840145,0.0,-0.035281558121369745,-0.0332354394305627,-0.5508781090634296,10.082599782725755,BALANCE,1,-1.1567441999172153e-05
2.654,-0.03304395656840145,0.0,-0.032213596545598466,-0.03287779442082522,0.17882250486874265,2.470984854456545,BALANCE,1,-1.1567441999172153e-05
2.656,-0.03304395656840145,0.0,-0.030679615757712823,-0.032108431888735876,0.38468126604467023,8.323472907614008,BALANCE,1,-1.1567441999172153e-05
2.658,-0.03304395656840145,0.0,-0.035281558121369745,-0.033219026070157726,-0.5552970907109246,10.010083062569041,BALANCE,1,-1.1567441999172153e-05
2.66,-0.03304395656840145,0.0,-0.0337475773334841,-0.033404019012321956,-0.09249647108211523,2.4169767524249384,BALANCE,1,-1.1567441999172153e-05
2.662,-0.03304395656840145,0.0,-0.0337475773334841,-0.0335242644247287,-0.06012270620337282,6.1016013291230955,BALANCE,1,-1.1567441999172153e-05
2.664,-0.03304395656840145,0.0,-0.0337475773334841,-0.033602423942793086,-0.03907975903219216,6.346671870523684,BALANCE,1,-1.1567441999172153e-05
2.666,-0.03304395656840145,0.0,-0.0337475773334841,-0.03365322762953494,-0.025401843370926463,6.503605392020708,BALANCE,1,-1.1567441999172153e-05
2.668,-0.03304395656840145,0.0,-0.0337475773334841,-0.033686250025917144,-0.01651119819110272,6.603249850580416,BALANCE,1,-1.1567441999172153e-05
2.67,-0.03304395656840145,0.0,-0.0337475773334841,-0.03370771458356558,-0.010732278824216596,6.66565641823089,BALANCE,1,-1.1567441999172153e-05
2.672,-0.03304395656840145,0.0,-0.030679615757712823,-0.03264787999451711,0.5299172945242326,6.70385835679036,BALANCE,1,-1.1567441999172153e-05
2.674,-0.03304395656840145,0.0,-0.032213596545598466,-0.032495880787395584,0.07599960356076407,11.086115442921958,BALANCE,1,-1.1567441999172153e-05
2.676,-0.03304395656840145,0.0,-0.014576026680127831,-0.026223931849851865,3.1359744687718596,7.457394691484022,BALANCE,1,-1.1567441999172153e-05
2.678,-0.03304395656840145,0.0,-0.030679615757712823,-0.027783421217603195,-0.779744683875665,32.30826576305544,BALANCE,1,-1.1567441999172153e-05
2.68,-0.03304395656840145,0.0,-0.0337475773334841,-0.02987087585816151,-1.0437273202791568,0.8833864955666408,BALANCE,1,-1.1567441999172153e-05
2.682,-0.03304395656840145,0.0,-0.032213596545598466,-0.030690828098764437,-0.40997612030146435,-1.3596960492664234,BALANCE,1,-1.1567441999172153e-05
2.684,-0.03304395656840145,0.0,-0.032213596545598466,-0.031223797055156342,-0.26648447819595245,3.6549782504991883,BALANCE,1,-1.1567441999172153e-05
2.686,-0.03304395656840145,0.0,-0.0337475773334841,-0.032107120152571056,-0.44166154870735674,4.764688490548737,BALANCE,1,-1.1567441999172153e-05
2.688,-0.03304395656840145,0.0,-0.032213596545598466,-0.03214438689013065,-0.018633368779795434,3.3038511165821065,BALANCE,1,-1.1567441999172153e-05
2.69,-0.03304395656840145,0.0,-0.035281558121369745,-0.03324239682106433,-0.5490049654668406,6.6794116743709955,BALANCE,1,-1.1567441999172153e-05
2.692,-0.03304395656840145,0.0,-0.0337475773334841,-0.033419210000411245,-0.08840658967345857,2.3639098256544004,BALANCE,1,-1.1567441999172153e-05
2.694,-0.03304395656840145,0.0,-0.032213596545598466,-0.032997245291226766,0.21098235459223943,6.031404199240559,BALANCE,1,-1.1567441999172153e-05
2.696,-0.03304395656840145,0.0,-0.030679615757712823,-0.03218607495449688,0.40558516836494346,8.445234186858965,BALANCE,1,-1.1567441999172153e-05
2.698,-0.03304395656840145,0.0,-0.032213596545598466,-0.032195707511382426,-0.004816278442773547,10.044289702253494,BALANCE,1,-1.1567441999172153e-05
2.7,-0.03304395656840145,0.0,-0.030679615757712823,-0.03166507539759806,0.26531605689218346,6.754061032876347,BALANCE,1,-1.1567441999172153e-05
2.702,-0.03304395656840145,0.0,-0.032213596545598466,-0.031857057799398195,-0.09599120090006755,8.940624627303546,BALANCE,1,-1.1567441999172153e-05
2.704,-0.03304395656840145,0.0,-0.0337475773334841,-0.03251873963632826,-0.3308409184650321,6.032276209297649,BALANCE,1,-1.1567441999172153e-05
2.706,-0.03304395656840145,0.0,-0.0337475773334841,-0.0329488328303328,-0.21504659700227052,4.107273810634863,BALANCE,1,-1.1567441999172153e-05
2.708,-0.03304395656840145,0.0,-0.030679615757712823,-0.0321546068549158,0.39711298770849984,5.0012330241306175,BALANCE,1,-1.1567441999172153e-05
2.71,-0.03304395656840145,0.0,-0.0337475773334841,-0.0327121465224147,-0.2787698337494496,9.939732338970817,BALANCE,1,-1.1567441999172153e-05
2.712,-0.03304395656840145,0.0,-0.035281558121369745,-0.03361144058204896,-0.44964702981712884,4.492674957952805,BALANCE,1,-1.1567441999172153e-05
2.714,-0.03304395656840145,0.0,-0.035281558121369745,-0.03419598172081123,-0.2922705693811367,3.064977457716907,BALANCE,1,-1.1567441999172153e-05
2.716,-0.03304395656840145,0.0,-0.0337475773334841,-0.03403904018524673,0.0784707677822516,4.282077476534946,BALANCE,1,-1.1567441999172153e-05
2.718,-0.03304395656840145,0.0,-0.030679615757712823,-0.03286324163560986,0.5878992748184347,7.250616857938873,BALANCE,1,-1.1567441999172153e-05
2.72,-0.03304395656840145,0.0,-0.0337475773334841,-0.033172759129865836,-0.15475874712798932,11.390020178879428,BALANCE,1,-1.1567441999172153e-05
2.722,-0.03304395656840145,0.0,-0.0337475773334841,-0.03337394550113222,-0.10059318563319236,5.423550401826704,BALANCE,1,-1.1567441999172153e-05
2.724,-0.03304395656840145,0.0,-0.0337475773334841,-0.03350471664245538,-0.06538557066157816,5.838128922408871,BALANCE,1,-1.1567441999172153e-05
2.726,-0.03304395656840145,0.0,-0.0337475773334841,-0.033589717884315425,-0.04250062093002355,6.105242630373904,BALANCE,1,-1.1567441999172153e-05
2.728,-0.03304395656840145,0.0,-0.0337475773334841,-0.03364496869152446,-0.027625403604517734,6.276504210137875,BALANCE,1,-1.1567441999172153e-05
2.73,-0.03304395656840145,0.0,-0.032213596545598466,-0.033143988440450356,0.250490125537052,6.3854619065710745,BALANCE,1,-1.1567441999172153e-05
2.732,-0.03304395656840145,0.0,-0.0337475773334841,-0.03335524455301216,-0.10562805628090352,8.63381615707999,BALANCE,1,-1.1567441999172153e-05
2.734,-0.03304395656840145,0.0,-0.0337475773334841,-0.033492561026177335,-0.06865823658258607,5.765524286872033,BALANCE,1,-1.1567441999172153e-05
2.736,-0.03304395656840145,0.0,-0.032213596545598466,-0.033044923457974724,0.22381878410130535,6.046345343863427,BALANCE,1,-1.1567441999172153e-05
2.738,-0.03304395656840145,0.0,-0.0337475773334841,-0.033290852314403,-0.12296442821413747,8.40641077873512,BALANCE,1,-1.1567441999172153e-05
2.74,-0.03304395656840145,0.0,-0.035281558121369745,-0.033987599346841355,-0.34837351621917756,5.610731178362999,BALANCE,1,-1.1567441999172153e-05
2.742,-0.03304395656840145,0.0,-0.03681553890925539,-0.034977378193686265,-0.4948894234224552,3.7588561325070096,BALANCE,1,-1.1567441999172153e-05
2.744,-0.03304395656840145,0.0,-0.032213596545598466,-0.03401005461685553,0.4836617884153675,2.5203466684313574,BALANCE,1,-1.1567441999172153e-05
2.746,-0.03304395656840145,0.0,-0.030679615757712823,-0.03284440101615558,0.5828268003499754,10.399993766820412,BALANCE,1,-1.1567441999172153e-05
2.748,-0.03304395656840145,0.0,-0.032213596545598466,-0.032623619451460584,0.11039078234749769,11.25668419813604,BALANCE,1,-1.1567441999172153e-05
2.75,-0.03304395656840145,0.0,-0.032213596545598466,-0.032480111434408834,0.07175400852587471,7.4839182241076285,BALANCE,1,-1.1567441999172153e-05
2.7520000000000002,-0.03304395656840145,0.0,-0.0337475773334841,-0.03292372449908517,-0.22180653233816808,7.176938492270866,BALANCE,1,-1.1567441999172153e-05
2.754,-0.03304395656840145,0.0,-0.030679615757712823,-0.03213828643960484,0.39271902974016487,4.795252636578127,BALANCE,1,-1.1567441999172153e-05
2.7560000000000002,-0.03304395656840145,0.0,-0.0337475773334841,-0.03270153825246258,-0.2816259064288701,9.752155759485692,BALANCE,1,-1.1567441999172153e-05
2.758,-0.03304395656840145,0.0,-0.032213596545598466,-0.03253075865506014,0.08538979870122143,4.317060853711455,BALANCE,1,-1.1567441999172153e-05
2.7600000000000002,-0.03304395656840145,0.0,-0.032213596545598466,-0.03241975191674855,0.055503369155794624,7.256927118865322,BALANCE,1,-1.1567441999172153e-05
2.762,-0.03304395656840145,0.0,-0.0337475773334841,-0.032884490812605985,-0.23236944792871805,7.018012136417252,BALANCE,1,-1.1567441999172153e-05
2.7640000000000002,-0.03304395656840145,0.0,-0.030679615757712823,-0.03211278454339337,0.3858531346063072,4.680568367827184,BALANCE,1,-1.1567441999172153e-05
2.766,-0.03304395656840145,0.0,-0.030679615757712823,-0.031611175468405174,0.25080453749409815,9.666228847351466,BALANCE,1,-1.1567441999172153e-05
2.7680000000000002,-0.03304395656840145,0.0,-0.032213596545598466,-0.03182202284542282,-0.1054236885088232,8.609614379859401,BALANCE,1,-1.1567441999172153e-05
2.77,-0.03304395656840145,0.0,-0.032213596545598466,-0.031959073640484295,-0.06852539753073733,5.740773324645889,BALANCE,1,-1.1567441999172153e-05
2.7720000000000002,-0.03304395656840145,0.0,-0.0337475773334841,-0.032585049933034224,-0.3129881462749645,6.02134479003879,BALANCE,1,-1.1567441999172153e-05
2.774,-0.03304395656840145,0.0,-0.0337475773334841,-0.03299193452319168,-0.20344229507872694,4.021567212545371,BALANCE,1,-1.1567441999172153e-05
2.7760000000000002,-0.03304395656840145,0.0,-0.035281558121369745,-0.033793302782554,-0.40068412968116,4.866922559801186,BALANCE,1,-1.1567441999172153e-05
2.778,-0.03304395656840145,0.0,-0.035281558121369745,-0.034314192151139504,-0.26044468429275297,3.234147126863471,BALANCE,1,-1.1567441999172153e-05
2.7800000000000002,-0.03304395656840145,0.0,-0.0337475773334841,-0.03411587696496011,0.0991575930896979,4.317946489425369,BALANCE,1,-1.1567441999172153e-05
2.782,-0.03304395656840145,0.0,-0.032213596545598466,-0.03345007881818353,0.33289907338828956,7.199840444262747,BALANCE,1,-1.1567441999172153e-05
2.7840000000000003,-0.03304395656840145,0.0,-0.0337475773334841,-0.033554203298538726,-0.052062240177598584,9.103030159694438,BALANCE,1,-1.1567441999172153e-05
2.786,-0.03304395656840145,0.0,-0.032213596545598466,-0.033084990935009634,0.23460618176454617,6.010381341686314,BALANCE,1,-1.1567441999172153e-05
2.7880000000000003,-0.03304395656840145,0.0,-0.035281558121369745,-0.03385378945023567,-0.38439925761301824,8.325264460848215,BALANCE,1,-1.1567441999172153e-05
2.79,-0.03304395656840145,0.0,-0.032213596545598466,-0.033279721933612644,0.2870337583115133,3.32032227702409,BALANCE,1,-1.1567441999172153e-05
2.7920000000000003,-0.03304395656840145,0.0,-0.030679615757712823,-0.0323696847720477,0.4550185807824722,8.719574511031002,BALANCE,1,-1.1567441999172153e-05
2.794,-0.03304395656840145,0.0,-0.0337475773334841,-0.03285194716855044,-0.24113119825136878,10.111581383538159,BALANCE,1,-1.1567441999172153e-05
2.7960000000000003,-0.03304395656840145,0.0,-0.035281558121369745,-0.03370231100203719,-0.4251819167433758,4.506877018043557,BALANCE,1,-1.1567441999172153e-05
2.798,-0.03304395656840145,0.0,-0.032213596545598466,-0.03318126094228363,0.26052502987677917,2.9767089778978875,BALANCE,1,-1.1567441999172153e-05
2.8000000000000003,-0.03304395656840145,0.0,-0.032213596545598466,-0.03284257840344382,0.16934126941990646,8.486991302255886,BALANCE,1,-1.1567441999172153e-05
2.802,-0.03304395656840145,0.0,-0.030679615757712823,-0.032085541477437966,0.37851846300292546,7.771273655250604,BALANCE,1,-1.1567441999172153e-05
2.8040000000000003,-0.03304395656840145,0.0,-0.032213596545598466,-0.032130360751294135,-0.022409636928084203,9.483696311179619,BALANCE,1,-1.1567441999172153e-05
2.806,-0.03304395656840145,0.0,-0.0337475773334841,-0.032696386555060616,-0.28301290188324085,6.267156283149912,BALANCE,1,-1.1567441999172153e-05
2.8080000000000003,-0.03304395656840145,0.0,-0.0337475773334841,-0.03306430332750883,-0.1839583862241062,4.141829337971658,BALANCE,1,-1.1567441999172153e-05
2.81,-0.03304395656840145,0.0,-0.030679615757712823,-0.03222966267808022,0.41732032471430286,4.905577596232343,BALANCE,1,-1.1567441999172153e-05
2.8120000000000003,-0.03304395656840145,0.0,-0.03681553890925539,-0.03383471935899152,-0.80252834045565,9.759439790169713,BALANCE,1,-1.1567441999172153e-05
2.814,-0.03304395656840145,0.0,-0.03681553890925539,-0.03487800620158387,-0.5216434212961737,-0.10241987591638413,BALANCE,1,-1.1567441999172153e-05
2.816,-0.03304395656840145,0.0,-0.032213596545598466,-0.03394546282198897,0.46627168979744904,2.0750866655635676,BALANCE,1,-1.1567441999172153e-05
2.818,-0.03304395656840145,0.0,-0.032213596545598466,-0.03333930962525229,0.30307659836834033,10.027571064523846,BALANCE,1,-1.1567441999172153e-05
2.82,-0.03304395656840145,0.0,-0.0337475773334841,-0.03348220332313342,-0.071446848940563,8.751711662970127,BALANCE,1,-1.1567441999172153e-05
2.822,-0.03304395656840145,0.0,-0.032213596545598466,-0.03303819095099618,0.22200618606861913,5.740254021961407,BALANCE,1,-1.1567441999172153e-05
2.824,-0.03304395656840145,0.0,-0.032213596545598466,-0.032749582909106977,0.14430402094460157,8.1079114061729,BALANCE,1,-1.1567441999172153e-05
2.826,-0.03304395656840145,0.0,-0.030679615757712823,-0.03202509440611902,0.36224425149397954,7.497060651112289,BALANCE,1,-1.1567441999172153e-05
2.828,-0.03304395656840145,0.0,-0.035281558121369745,-0.03316485670645677,-0.5698811501688751,9.277646786805366,BALANCE,1,-1.1567441999172153e-05
2.83,-0.03304395656840145,0.0,-0.032213596545598466,-0.032831915650156356,0.16647052815020602,1.7456248641409733,BALANCE,1,-1.1567441999172153e-05
2.832,-0.03304395656840145,0.0,-0.032213596545598466,-0.03261550396356109,0.10820584329763322,7.649848370941615,BALANCE,1,-1.1567441999172153e-05
2.834,-0.03304395656840145,0.0,-0.0337475773334841,-0.033011729643034136,-0.19811283973652366,7.190192492524036,BALANCE,1,-1.1567441999172153e-05
2.836,-0.03304395656840145,0.0,-0.032213596545598466,-0.03273238305893165,0.13967329205124418,4.709267141553792,BALANCE,1,-1.1567441999172153e-05
2.838,-0.03304395656840145,0.0,-0.032213596545598466,-0.03255080777926503,0.09078763983330976,7.421770514290298,BALANCE,1,-1.1567441999172153e-05
2.84,-0.03304395656840145,0.0,-0.0337475773334841,-0.0329696771232417,-0.20943467198833443,7.035069651770966,BALANCE,1,-1.1567441999172153e-05
2.842,-0.03304395656840145,0.0,-0.032213596545598466,-0.032705048921066564,0.13231410108756683,4.601565061134564,BALANCE,1,-1.1567441999172153e-05
2.844,-0.03304395656840145,0.0,-0.035281558121369745,-0.03360682714117267,-0.45088911005305293,7.344891928088069,BALANCE,1,-1.1567441999172153e-05
2.846,-0.03304395656840145,0.0,-0.032213596545598466,-0.033119196432721695,0.24381535422548714,2.6184381803285106,BALANCE,1,-1.1567441999172153e-05
2.848,-0.03304395656840145,0.0,-0.032213596545598466,-0.03280223647222856,0.1584799802465675,8.198707897777345,BALANCE,1,-1.1567441999172153e-05
2.85,-0.03304395656840145,0.0,-0.032213596545598466,-0.03259621249790802,0.10301198716027027,7.528482056281129,BALANCE,1,-1.1567441999172153e-05
2.852,-0.03304395656840145,0.0,-0.030679615757712823,-0.031925403638839694,0.33540442953416266,7.090580307550402,BALANCE,1,-1.1567441999172153e-05
2.854,-0.03304395656840145,0.0,-0.0337475773334841,-0.03256316443196523,-0.3188803965627693,8.983583297357871,BALANCE,1,-1.1567441999172153e-05
2.856,-0.03304395656840145,0.0,-0.0337475773334841,-0.03297770894749683,-0.2072722577657997,3.7045264081084905,BALANCE,1,-1.1567441999172153e-05
2.858,-0.03304395656840145,0.0,-0.030679615757712823,-0.03217337633107242,0.40216630821220467,4.565923305762852,BALANCE,1,-1.1567441999172153e-05
2.86,-0.03304395656840145,0.0,-0.032213596545598466,-0.03218745340615653,-0.0070385375420534135,9.483257115306138,BALANCE,1,-1.1567441999172153e-05
2.862,-0.03304395656840145,0.0,-0.035281558121369745,-0.03327039005648115,-0.54146832516231,6.202336234085795,BALANCE,1,-1.1567441999172153e-05
2.864,-0.03304395656840145,0.0,-0.0337475773334841,-0.033437405603432176,-0.08350777347551283,1.855267656092968,BALANCE,1,-1.1567441999172153e-05
2.866,-0.03304395656840145,0.0,-0.03681553890925539,-0.034619752260470295,-0.5911733285190596,5.502243655649599,BALANCE,1,-1.1567441999172153e-05
2.868,-0.03304395656840145,0.0,-0.0337475773334841,-0.03431449103602512,0.15263061222258595,1.3630544654268437,BALANCE,1,-1.1567441999172153e-05
2.87,-0.03304395656840145,0.0,-0.030679615757712823,-0.033042284688615815,0.6361031737046537,7.324938766619513,BALANCE,1,-1.1567441999172153e-05
2.872,-0.03304395656840145,0.0,-0.032213596545598466,-0.032752243838559736,0.14502042502803972,11.26244318238289,BALANCE,1,-1.1567441999172153e-05
2.874,-0.03304395656840145,0.0,-0.03681553890925539,-0.03417439711330321,-0.7110766373717367,7.344633195205631,BALANCE,1,-1.1567441999172153e-05
2.876,-0.03304395656840145,0.0,-0.0337475773334841,-0.034025010190366516,0.07469346146834685,0.40369262010015206,BALANCE,1,-1.1567441999172153e-05
2.878,-0.03304395656840145,0.0,-0.035281558121369745,-0.034464801966217644,-0.21989588792556414,6.692011624158947,BALANCE,1,-1.1567441999172153e-05
2.88,-0.03304395656840145,0.0,-0.030679615757712823,-0.033139986793240955,0.6624075864883443,4.302016362063348,BALANCE,1,-1.1567441999172153e-05
2.882,-0.03304395656840145,0.0,-0.0337475773334841,-0.033352643482326055,-0.10632834454255002,11.433305070394567,BALANCE,1,-1.1567441999172153e-05
2.884,-0.03304395656840145,0.0,-0.02914563496982718,-0.03188019050295145,0.7362264896873041,5.263987692105843,BALANCE,1,-1.1567441999172153e-05
2.886,-0.03304395656840145,0.0,-0.035281558121369745,-0.03307066916939785,-0.5952393332231999,12.086397506606563,BALANCE,1,-1.1567441999172153e-05
2.888,-0.03304395656840145,0.0,-0.035281558121369745,-0.033844480302588006,-0.38690556659507974,1.3566280695018662,BALANCE,1,-1.1567441999172153e-05
2.89,-0.03304395656840145,0.0,-0.035281558121369745,-0.03434745753916161,-0.2514886182868013,2.970100638474901,BALANCE,1,-1.1567441999172153e-05
2.892,-0.03304395656840145,0.0,-0.032213596545598466,-0.03360060619141451,0.37342567387355086,4.01638809923888,BALANCE,1,-1.1567441999172153e-05
2.894,-0.03304395656840145,0.0,-0.032213596545598466,-0.03311515281537889,0.24272668801780806,9.05379339614824,BALANCE,1,-1.1567441999172153e-05
2.896,-0.03304395656840145,0.0,-0.035281558121369745,-0.03387339467247569,-0.379120928548398,8.03070568130136,BALANCE,1,-1.1567441999172153e-05
2.898,-0.03304395656840145,0.0,-0.030679615757712823,-0.03275557205230868,0.5589113100835027,3.003655558411408,BALANCE,1,-1.1567441999172153e-05
2.9,-0.03304395656840145,0.0,-0.0337475773334841,-0.03310277390072008,-0.17360092420569753,10.568431710266172,BALANCE,1,-1.1567441999172153e-05
2.902,-0.03304395656840145,0.0,-0.032213596545598466,-0.03279156182642751,0.15560603714628515,4.6808811702677415,BALANCE,1,-1.1567441999172153e-05
2.904,-0.03304395656840145,0.0,-0.032213596545598466,-0.03258927397813734,0.10114392414508483,7.326651273175871,BALANCE,1,-1.1567441999172153e-05
2.906,-0.03304395656840145,0.0,-0.035281558121369745,-0.03353157342826867,-0.47114972506566777,6.896573785268052,BALANCE,1,-1.1567441999172153e-05
2.908,-0.03304395656840145,0.0,-0.0337475773334841,-0.03360717479509407,-0.03780068341269899,2.2549803098884986,BALANCE,1,-1.1567441999172153e-05
2.91,-0.03304395656840145,0.0,-0.03681553890925539,-0.034730102235050526,-0.561463719978228,5.710515126143706,BALANCE,1,-1.1567441999172153e-05
2.912,-0.03304395656840145,0.0,-0.032213596545598466,-0.033849325243742304,0.44038849565411137,1.446889166775076,BALANCE,1,-1.1567441999172153e-05
2.914,-0.03304395656840145,0.0,-0.032213596545598466,-0.03327682019939195,0.28625252217517533,9.507783646263535,BALANCE,1,-1.1567441999172153e-05
2.916,-0.03304395656840145,0.0,-0.032213596545598466,-0.03290469192056423,0.18606413941386207,8.302390797053189,BALANCE,1,-1.1567441999172153e-05
2.918,-0.03304395656840145,0.0,-0.032213596545598466,-0.03266280853932621,0.1209416906190093,7.516630493308234,BALANCE,1,-1.1567441999172153e-05
2.92,-0.03304395656840145,0.0,-0.030679615757712823,-0.03196869106576152,0.3470587367823442,7.003631344115828,BALANCE,1,-1.1567441999172153e-05
2.922,-0.03304395656840145,0.0,-0.0337475773334841,-0.03259130125946442,-0.3113050968514483,8.847821023623236,BALANCE,1,-1.1567441999172153e-05
2.924,-0.03304395656840145,0.0,-0.032213596545598466,-0.03245910460961133,0.06609832492654455,3.537035482678829,BALANCE,1,-1.1567441999172153e-05
2.926,-0.03304395656840145,0.0,-0.030679615757712823,-0.03183628351144685,0.31141054908223953,6.5577028349720345,BALANCE,1,-1.1567441999172153e-05
2.928,-0.03304395656840145,0.0,-0.032213596545598466,-0.03196834307339991,-0.06602978097652867,8.551202637405174,BALANCE,1,-1.1567441999172153e-05
2.93,-0.03304395656840145,0.0,-0.032213596545598466,-0.032054181788669395,-0.04291935763474364,5.517362754603164,BALANCE,1,-1.1567441999172153e-05
2.932,-0.03304395656840145,0.0,-0.032213596545598466,-0.03210997695359456,-0.02789758246258406,5.690684982063541,BALANCE,1,-1.1567441999172153e-05
2.934,-0.03304395656840145,0.0,-0.0337475773334841,-0.032683137086555895,-0.28658006648066625,5.801089478154588,BALANCE,1,-1.1567441999172153e-05
2.936,-0.03304395656840145,0.0,-0.0337475773334841,-0.03305569117298076,-0.18627704321243221,3.6907033706149406,BALANCE,1,-1.1567441999172153e-05
2.938,-0.03304395656840145,0.0,-0.0337475773334841,-0.03329785132915693,-0.12108007808808371,4.464163173340723,BALANCE,1,-1.1567441999172153e-05
2.94,-0.03304395656840145,0.0,-0.032213596545598466,-0.03291836215491146,0.18974458712273448,4.96454971469911,BALANCE,1,-1.1567441999172153e-05
2.942,-0.03304395656840145,0.0,-0.032213596545598466,-0.032671694191651904,0.12333398162977724,7.467332714409403,BALANCE,1,-1.1567441999172153e-05
2.944,-0.03304395656840145,0.0,-0.0337475773334841,-0.03304825329129317,-0.188279549820633,6.944313609422987,BALANCE,1,-1.1567441999172153e-05
2.946,-0.03304395656840145,0.0,-0.030679615757712823,-0.03221923015454004,0.4145115683765639,4.422202161182971,BALANCE,1,-1.1567441999172153e-05
2.948,-0.03304395656840145,0.0,-0.035281558121369745,-0.033291044942930434,-0.535907394195196,9.287828648934825,BALANCE,1,-1.1567441999172153e-05
2.95,-0.03304395656840145,0.0,-0.0337475773334841,-0.03345083127962421,-0.07989316834688953,1.613509852068737,BALANCE,1,-1.1567441999172153e-05
2.952,-0.03304395656840145,0.0,-0.035281558121369745,-0.03409158567423515,-0.32037719730546727,5.245346312397636,BALANCE,1,-1.1567441999172153e-05
2.954,-0.03304395656840145,0.0,-0.035281558121369745,-0.03450807603073225,-0.2082451782485506,3.276210499917511,BALANCE,1,-1.1567441999172153e-05
2.956,-0.03304395656840145,0.0,-0.035281558121369745,-0.034778794762455364,-0.1353593658615579,4.141375615776871,BALANCE,1,-1.1567441999172153e-05
2.958,-0.03304395656840145,0.0,-0.032213596545598466,-0.03388097538655545,0.4489096879499582,4.7012632320169345,BALANCE,1,-1.1567441999172153e-05
2.96,-0.03304395656840145,0.0,-0.032213596545598466,-0.0332973927922205,0.2917912971674742,9.422508629985748,BALANCE,1,-1.1567441999172153e-05
2.962,-0.03304395656840145,0.0,-0.032213596545598466,-0.03291806410590278,0.18966434315885808,8.193916980827527,BALANCE,1,-1.1567441999172153e-05
2.964,-0.03304395656840145,0.0,-0.032213596545598466,-0.03267150045979627,0.12328182305325688,7.3930774571164815,BALANCE,1,-1.1567441999172153e-05
2.966,-0.03304395656840145,0.0,-0.032213596545598466,-0.032511234089827035,0.0801331849846175,6.870276814946103,BALANCE,1,-1.1567441999172153e-05
2.968,-0.03304395656840145,0.0,-0.032213596545598466,-0.03240706094934703,0.05208657024000085,6.528201445777177,BALANCE,1,-1.1567441999172153e-05
2.97,-0.03304395656840145,0.0,-0.035281558121369745,-0.033413134959554974,-0.5030370051039706,6.303597504059174,BALANCE,1,-1.1567441999172153e-05
2.972,-0.03304395656840145,0.0,-0.032213596545598466,-0.032993296514670194,0.20991922244239028,1.7955618337030144,BALANCE,1,-1.1567441999172153e-05
2.974,-0.03304395656840145,0.0,-0.035281558121369745,-0.03379418807701503,-0.4004457811724177,7.517803301464055,BALANCE,1,-1.1567441999172153e-05
2.976,-0.03304395656840145,0.0,-0.030679615757712823,-0.03270408776525925,0.5450501558778887,2.580070941189498,BALANCE,1,-1.1567441999172153e-05
2.978,-0.03304395656840145,0.0,-0.02914563496982718,-0.031458629286858025,0.6227292392006131,10.202903638744244,BALANCE,1,-1.1567441999172153e-05
2.98,-0.03304395656840145,0.0,-0.035281558121369745,-0.03279665437893712,-0.669012546039547,10.892772088172741,BALANCE,1,-1.1567441999172153e-05
2.982,-0.03304395656840145,0.0,-0.030679615757712823,-0.03205569086150861,0.3704817587142535,0.4719969698509283,BALANCE,1,-1.1567441999172153e-05
2.984,-0.03304395656840145,0.0,-0.032213596545598466,-0.03211095785094006,-0.02763349471572238,8.82599808075474,BALANCE,1,-1.1567441999172153e-05
2.986,-0.03304395656840145,0.0,-0.032213596545598466,-0.032146881394070494,-0.017961771565218332,5.6313378423788585,BALANCE,1,-1.1567441999172153e-05
2.988,-0.03304395656840145,0.0,-0.02914563496982718,-0.03109644514558533,0.5252181242425824,5.700126838716249,BALANCE,1,-1.1567441999172153e-05
2.99,-0.03304395656840145,0.0,-0.0337475773334841,-0.032024341411349896,-0.46394813288228376,10.102372891058648,BALANCE,1,-1.1567441999172153e-05
2.992,-0.03304395656840145,0.0,-0.032213596545598466,-0.03209058070833689,-0.033119648493496606,2.1269641898315745,BALANCE,1,-1.1567441999172153e-05
2.994,-0.03304395656840145,0.0,-0.032213596545598466,-0.03213363625137844,-0.021527771520774702,5.563199590980986,BALANCE,1,-1.1567441999172153e-05
2.996,-0.03304395656840145,0.0,-0.030679615757712823,-0.03162472907859547,0.2544535863914857,5.646924546929992,BALANCE,1,-1.1567441999172153e-05
2.998,-0.03304395656840145,0.0,-0.0337475773334841,-0.03236772596780649,-0.37149844460551,7.878984894779333,BALANCE,1,-1.1567441999172153e-05
3.0,-0.03304395656840145,0.0,-0.032213596545598466,-0.032313780670033675,0.02697264888640652,2.820315288257146,BALANCE,1,-1.1567441999172153e-05
3.0020000000000002,-0.03304395656840145,0.0,-0.032213596545598466,-0.032278716226481347,0.017532221776164064,6.00485799792484,BALANCE,1,-1.1567441999172153e-05
3.004,-0.03304395656840145,0.0,-0.030679615757712823,-0.03171903106241236,0.2798425820344924,5.924982704410743,BALANCE,1,-1.1567441999172153e-05
3.0060000000000002,-0.03304395656840145,0.0,-0.035281558121369745,-0.03296591553304744,-0.6234422353175381,8.050702890109028,BALANCE,1,-1.1567441999172153e-05
3.008,-0.03304395656840145,0.0,-0.032213596545598466,-0.03270260388744029,0.13165582280357316,0.7430180999480696,BALANCE,1,-1.1567441999172153e-05
3.0100000000000002,-0.03304395656840145,0.0,-0.032213596545598466,-0.03253145131779565,0.08557628482232238,6.793060742875899,BALANCE,1,-1.1567441999172153e-05
3.012,-0.03304395656840145,0.0,-0.030679615757712823,-0.03188330887176665,0.3240712230144979,6.428187302941012,BALANCE,1,-1.1567441999172153e-05
3.0140000000000002,-0.03304395656840145,0.0,-0.032213596545598466,-0.03199890955760778,-0.057800342920563685,8.368658693465804,BALANCE,1,-1.1567441999172153e-05
3.016,-0.03304395656840145,0.0,-0.032213596545598466,-0.03207405000340451,-0.03757022289836709,5.300350342923321,BALANCE,1,-1.1567441999172153e-05
3.0180000000000002,-0.03304395656840145,0.0,-0.035281558121369745,-0.03319667784469234,-0.5613139206439126,5.45126806635241,BALANCE,1,-1.1567441999172153e-05
3.02,-0.03304395656840145,0.0,-0.0337475773334841,-0.03338949266576945,-0.09640741053855775,1.187321478341838,BALANCE,1,-1.1567441999172153e-05
3.0220000000000002,-0.03304395656840145,0.0,-0.0337475773334841,-0.033514822299469574,-0.06266481685006028,4.888326771386895,BALANCE,1,-1.1567441999172153e-05
3.024,-0.03304395656840145,0.0,-0.0337475773334841,-0.03359628656137465,-0.040732130952538664,5.144044778412974,BALANCE,1,-1.1567441999172153e-05
3.0260000000000002,-0.03304395656840145,0.0,-0.035281558121369745,-0.03418613160737293,-0.29492252299914007,5.307899152566566,BALANCE,1,-1.1567441999172153e-05
3.028,-0.03304395656840145,0.0,-0.032213596545598466,-0.033495744335751865,0.34519363581053325,3.2321480871123835,BALANCE,1,-1.1567441999172153e-05
3.0300000000000002,-0.03304395656840145,0.0,-0.032213596545598466,-0.03304699260919817,0.2243758632768482,8.387801445019884,BALANCE,1,-1.1567441999172153e-05
3.032,-0.03304395656840145,0.0,-0.0337475773334841,-0.03329219726269824,-0.12260232675003618,7.441574969821785,BALANCE,1,-1.1567441999172153e-05
3.0340000000000003,-0.03304395656840145,0.0,-0.0337475773334841,-0.03345158028747329,-0.07969151238752456,4.644378730944166,BALANCE,1,-1.1567441999172153e-05
3.036,-0.03304395656840145,0.0,-0.0337475773334841,-0.03355517925357707,-0.05179948305188836,4.971411948300261,BALANCE,1,-1.1567441999172153e-05
3.0380000000000003,-0.03304395656840145,0.0,-0.032213596545598466,-0.03308562530578455,0.23477697389625782,5.181621209168409,BALANCE,1,-1.1567441999172153e-05
3.04,-0.03304395656840145,0.0,-0.032213596545598466,-0.03278041523971942,0.15260503303256637,7.4957889765599734,BALANCE,1,-1.1567441999172153e-05
3.0420000000000003,-0.03304395656840145,0.0,-0.032213596545598466,-0.03258202869677708,0.09919327147116935,6.850169970566406,BALANCE,1,-1.1567441999172153e-05
3.044,-0.03304395656840145,0.0,-0.035281558121369745,-0.03352686399538451,-0.4724176493037142,6.428262664912415,BALANCE,1,-1.1567441999172153e-05
3.0460000000000003,-0.03304395656840145,0.0,-0.032213596545598466,-0.03306722038795939,0.2298218037125599,1.7919798079978246,BALANCE,1,-1.1567441999172153e-05
3.048,-0.03304395656840145,0.0,-0.032213596545598466,-0.03276845204313306,0.14938417241316254,7.4308606044959316,BALANCE,1,-1.1567441999172153e-05
3.0500000000000003,-0.03304395656840145,0.0,-0.0337475773334841,-0.033111145894755924,-0.1713469258114303,6.798731964381705,BALANCE,1,-1.1567441999172153e-05
3.052,-0.03304395656840145,0.0,-0.032213596545598466,-0.03279700362255081,0.157071136102558,4.205699318308639,BALANCE,1,-1.1567441999172153e-05
3.0540000000000003,-0.03304395656840145,0.0,-0.035281558121369745,-0.03366659769713743,-0.43479703729331143,6.845332949228343,BALANCE,1,-1.1567441999172153e-05
3.056,-0.03304395656840145,0.0,-0.0337475773334841,-0.033694940569858764,-0.014171436360666673,2.0514785980467636,BALANCE,1,-1.1567441999172153e-05
3.0580000000000003,-0.03304395656840145,0.0,-0.030679615757712823,-0.03263957688560768,0.5276818421255415,5.40804384503067,BALANCE,1,-1.1567441999172153e-05
3.06,-0.03304395656840145,0.0,-0.032213596545598466,-0.032490483766604454,0.07454655950161343,9.799663978598279,BALANCE,1,-1.1567441999172153e-05
3.0620000000000003,-0.03304395656840145,0.0,-0.0337475773334841,-0.03293046651501232,-0.21999137420393444,6.1770292079937255,BALANCE,1,-1.1567441999172153e-05
3.064,-0.03304395656840145,0.0,-0.030679615757712823,-0.03214266874995749,0.3938988825274159,3.787740680141867,BALANCE,1,-1.1567441999172153e-05
3.0660000000000003,-0.03304395656840145,0.0,-0.0337475773334841,-0.0327043867541918,-0.28085900211715503,8.739702066145968,BALANCE,1,-1.1567441999172153e-05
3.068,-0.03304395656840145,0.0,-0.0337475773334841,-0.0330695034569441,-0.18255835137614973,3.301395031384504,BALANCE,1,-1.1567441999172153e-05
3.0700000000000003,-0.03304395656840145,0.0,-0.02914563496982718,-0.031696149486453176,0.6866769852454623,4.059279334456019,BALANCE,1,-1.1567441999172153e-05
3.072,-0.03304395656840145,0.0,-0.035281558121369745,-0.03295104250867397,-0.6274465111103973,11.089224035761081,BALANCE,1,-1.1567441999172153e-05
3.074,-0.03304395656840145,0.0,-0.032213596545598466,-0.03269293642159754,0.1290530435382152,0.49435227507922086,BALANCE,1,-1.1567441999172153e-05
3.076,-0.03304395656840145,0.0,-0.035281558121369745,-0.03359895401651781,-0.4530087974601339,6.555296490208387,BALANCE,1,-1.1567441999172153e-05
3.078,-0.03304395656840145,0.0,-0.0337475773334841,-0.03365097217745601,-0.02600908046910058,1.8377209157230743,BALANCE,1,-1.1567441999172153e-05
3.08,-0.03304395656840145,0.0,-0.032213596545598466,-0.03314789070630587,0.25154073557507106,5.2438673675595595,BALANCE,1,-1.1567441999172153e-05
3.082,-0.03304395656840145,0.0,-0.035281558121369745,-0.03389467430157822,-0.3733917976361765,7.48782120604068,BALANCE,1,-1.1567441999172153e-05
3.084,-0.03304395656840145,0.0,-0.0337475773334841,-0.033843190362745273,0.025741969416473443,2.436774989774042,BALANCE,1,-1.1567441999172153e-05
3.086,-0.03304395656840145,0.0,-0.035281558121369745,-0.034346619078263835,-0.25171435775928064,5.62616552445267,BALANCE,1,-1.1567441999172153e-05
3.088,-0.03304395656840145,0.0,-0.032213596545598466,-0.033600061191830954,0.3732789432164402,3.3694398602998703,BALANCE,1,-1.1567441999172153e-05
3.09,-0.03304395656840145,0.0,-0.032213596545598466,-0.03311479856564958,0.2426313130906889,8.407459729053244,BALANCE,1,-1.1567441999172153e-05
3.092,-0.03304395656840145,0.0,-0.035281558121369745,-0.03387316441015163,-0.37918292225102773,7.3847714859049844,BALANCE,1,-1.1567441999172153e-05
3.094,-0.03304395656840145,0.0,-0.0337475773334841,-0.03382920893331799,0.02197773841682016,2.357981019619099,BALANCE,1,-1.1567441999172153e-05
3.096,-0.03304395656840145,0.0,-0.0337475773334841,-0.03380063787337612,0.01428552997093449,5.563137791785236,BALANCE,1,-1.1567441999172153e-05
3.098,-0.03304395656840145,0.0,-0.0337475773334841,-0.033782066684413914,0.00928559448110447,5.496554260239989,BALANCE,1,-1.1567441999172153e-05
3.1,-0.03304395656840145,0.0,-0.032213596545598466,-0.0332331021358285,0.2744822742927061,5.450912634322199,BALANCE,1,-1.1567441999172153e-05
3.102,-0.03304395656840145,0.0,-0.0337475773334841,-0.033413168455007955,-0.09003315958972663,7.598777325302971,BALANCE,1,-1.1567441999172153e-05
3.104,-0.03304395656840145,0.0,-0.030679615757712823,-0.03245642501095465,0.478371722026652,4.66516724140174,BALANCE,1,-1.1567441999172153e-05
3.106,-0.03304395656840145,0.0,-0.0337475773334841,-0.032908328323839955,-0.22595165644265225,9.263319615973776,BALANCE,1,-1.1567441999172153e-05
3.108,-0.03304395656840145,0.0,-0.035281558121369745,-0.033738958752975376,-0.41531521456771026,3.595036723781456,BALANCE,1,-1.1567441999172153e-05
3.11,-0.03304395656840145,0.0,-0.035281558121369745,-0.0342788685319134,-0.26995488946901164,2.023542641282271,BALANCE,1,-1.1567441999172153e-05
3.112,-0.03304395656840145,0.0,-0.035281558121369745,-0.03462980988822312,-0.17547067815485914,3.147174881629196,BALANCE,1,-1.1567441999172153e-05
3.114,-0.03304395656840145,0.0,-0.032213596545598466,-0.033784135218304485,0.422837334959316,3.8750661287861883,BALANCE,1,-1.1567441999172153e-05
3.116,-0.03304395656840145,0.0,-0.030679615757712823,-0.0326975534070974,0.5432909056035419,8.705513886851048,BALANCE,1,-1.1567441999172153e-05
3.118,-0.03304395656840145,0.0,-0.0337475773334841,-0.03306506178133274,-0.18375418711766983,9.72779784999586,BALANCE,1,-1.1567441999172153e-05
3.12,-0.03304395656840145,0.0,-0.035281558121369745,-0.03384083550034569,-0.3878868595064734,3.882773593415779,BALANCE,1,-1.1567441999172153e-05
3.122,-0.03304395656840145,0.0,-0.03681553890925539,-0.03488198169346408,-0.5205730965591945,2.1963976240645042,BALANCE,1,-1.1567441999172153e-05
3.124,-0.03304395656840145,0.0,-0.032213596545598466,-0.03394804689171111,0.4669674008764835,1.0654625597169405,BALANCE,1,-1.1567441999172153e-05
3.126,-0.03304395656840145,0.0,-0.0337475773334841,-0.03387788254633165,0.03508217268972935,9.015033017929198,BALANCE,1,-1.1567441999172153e-05
3.128,-0.03304395656840145,0.0,-0.032213596545598466,-0.03329538244607503,0.29125005012831107,5.557385476648668,BALANCE,1,-1.1567441999172153e-05
3.13,-0.03304395656840145,0.0,-0.0337475773334841,-0.0334536506566682,-0.07913410529658549,7.635019425683503,BALANCE,1,-1.1567441999172153e-05
3.132,-0.03304395656840145,0.0,-0.032213596545598466,-0.03301963171779379,0.21700946943720503,4.655759359517407,BALANCE,1,-1.1567441999172153e-05
3.134,-0.03304395656840145,0.0,-0.032213596545598466,-0.03273751940752542,0.1410561551341838,7.044345167376637,BALANCE,1,-1.1567441999172153e-05
3.136,-0.03304395656840145,0.0,-0.032213596545598466,-0.032554146405850984,0.09168650083721946,6.447097887687064,BALANCE,1,-1.1567441999172153e-05
3.138,-0.03304395656840145,0.0,-0.032213596545598466,-0.0324349539547626,0.059596225544193,6.056632204130645,BALANCE,1,-1.1567441999172153e-05
3.14,-0.03304395656840145,0.0,-0.0337475773334841,-0.03289437213731512,-0.2297090912762624,5.800574558060785,BALANCE,1,-1.1567441999172153e-05
3.142,-0.03304395656840145,0.0,-0.030679615757712823,-0.032119207404454314,0.3875823664304043,3.451988058116527,BALANCE,1,-1.1567441999172153e-05
3.144,-0.03304395656840145,0.0,-0.0337475773334841,-0.032689136879614736,-0.28496473758021085,8.43040576226062,BALANCE,1,-1.1567441999172153e-05
3.146,-0.03304395656840145,0.0,-0.035281558121369745,-0.033596484314228986,-0.4536737173071251,3.009295334290151,BALANCE,1,-1.1567441999172153e-05
3.148,-0.03304395656840145,0.0,-0.030679615757712823,-0.03257558031944832,0.5104519973903321,1.5984633535351351,BALANCE,1,-1.1567441999172153e-05
3.15,-0.03304395656840145,0.0,-0.032213596545598466,-0.032448885998600865,0.06334716042372818,9.366208194737743,BALANCE,1,-1.1567441999172153e-05
3.152,-0.03304395656840145,0.0,-0.0337475773334841,-0.03290342796580999,-0.22727098360456402,5.79048138105604,BALANCE,1,-1.1567441999172153e-05
3.154,-0.03304395656840145,0.0,-0.032213596545598466,-0.032661986968735957,0.12072049853701847,3.4316830252039923,BALANCE,1,-1.1567441999172153e-05
3.156,-0.03304395656840145,0.0,-0.03681553890925539,-0.03411573014791775,-0.7268715895908974,6.223568944767346,BALANCE,1,-1.1567441999172153e-05
3.158,-0.03304395656840145,0.0,-0.032213596545598466,-0.033449983387105996,0.33287338040587783,-0.6512154970364703,BALANCE,1,-1.1567441999172153e-05
3.16,-0.03304395656840145,0.0,-0.032213596545598466,-0.03301724799257835,0.21636769726382163,7.859999071909015,BALANCE,1,-1.1567441999172153e-05
3.162,-0.03304395656840145,0.0,-0.032213596545598466,-0.032735969986135385,0.14063900322148354,6.947314280845708,BALANCE,1,-1.1567441999172153e-05
3.164,-0.03304395656840145,0.0,-0.0337475773334841,-0.033090032557707434,-0.17703128578602442,6.351814214896354,BALANCE,1,-1.1567441999172153e-05
3.166,-0.03304395656840145,0.0,-0.0337475773334841,-0.03332017322922926,-0.11507033576091397,3.782590142030427,BALANCE,1,-1.1567441999172153e-05
3.168,-0.03304395656840145,0.0,-0.032213596545598466,-0.03293287138995848,0.19365091963539222,4.257805267294156,BALANCE,1,-1.1567441999172153e-05
3.17,-0.03304395656840145,0.0,-0.0337475773334841,-0.03321801847019244,-0.1425735401169824,6.74422684654286,BALANCE,1,-1.1567441999172153e-05
3.172,-0.03304395656840145,0.0,-0.0337475773334841,-0.03340336407234452,-0.09267280107603734,4.030678740015786,BALANCE,1,-1.1567441999172153e-05
3.174,-0.03304395656840145,0.0,-0.035281558121369745,-0.034060731989503344,-0.3286839585794135,4.4120832433997546,BALANCE,1,-1.1567441999172153e-05
3.176,-0.03304395656840145,0.0,-0.030679615757712823,-0.032877341308376655,0.5916953405633446,2.4777397619453145,BALANCE,1,-1.1567441999172153e-05
3.178,-0.03304395656840145,0.0,-0.032213596545598466,-0.03264503064140428,0.11615533348618631,9.905202127693304,BALANCE,1,-1.1567441999172153e-05
3.18,-0.03304395656840145,0.0,-0.032213596545598466,-0.03249402870787224,0.07550096676602058,6.108291704966101,BALANCE,1,-1.1567441999172153e-05
3.182,-0.03304395656840145,0.0,-0.030679615757712823,-0.03185898417531644,0.31752226627789965,5.785618081475123,BALANCE,1,-1.1567441999172153e-05
3.184,-0.03304395656840145,0.0,-0.032213596545598466,-0.031983098504915146,-0.06205716479935203,7.753519352688441,BALANCE,1,-1.1567441999172153e-05
3.186,-0.03304395656840145,0.0,-0.0337475773334841,-0.03260066609491428,-0.30878379499956615,4.703040424593523,BALANCE,1,-1.1567441999172153e-05
3.188,-0.03304395656840145,0.0,-0.035281558121369745,-0.03353897830417368,-0.46915610462970253,2.685653194372878,BALANCE,1,-1.1567441999172153e-05
3.19,-0.03304395656840145,0.0,-0.032213596545598466,-0.033075094688672355,0.23194180775066436,1.3396681891153879,BALANCE,1,-1.1567441999172153e-05
3.192,-0.03304395656840145,0.0,-0.035281558121369745,-0.033847356890116434,-0.3861311007220397,6.969669486150668,BALANCE,1,-1.1567441999172153e-05
3.194,-0.03304395656840145,0.0,-0.032213596545598466,-0.03327554076953514,0.28590806029064536,1.971981014904367,BALANCE,1,-1.1567441999172153e-05
3.196,-0.03304395656840145,0.0,-0.0337475773334841,-0.033440753566917274,-0.08260639869106523,7.375948162086819,BALANCE,1,-1.1567441999172153e-05
3.198,-0.03304395656840145,0.0,-0.0337475773334841,-0.03354814188521566,-0.05369415914919379,4.411231571676822,BALANCE,1,-1.1567441999172153e-05
3.2,-0.03304395656840145,0.0,-0.032213596545598466,-0.03308105101634964,0.23354543443301207,4.629376560536848,BALANCE,1,-1.1567441999172153e-05
3.202,-0.03304395656840145,0.0,-0.032213596545598466,-0.032777441951586724,0.1518045323814568,6.948702551123187,BALANCE,1,-1.1567441999172153e-05
3.204,-0.03304395656840145,0.0,-0.032213596545598466,-0.03258009605949083,0.09867294604794588,6.306436390206202,BALANCE,1,-1.1567441999172153e-05
3.206,-0.03304395656840145,0.0,-0.0337475773334841,-0.03298871450538847,-0.20430922294881887,5.88670843385197,BALANCE,1,-1.1567441999172153e-05
3.208,-0.03304395656840145,0.0,-0.032213596545598466,-0.032717423219461965,0.1356456429632523,3.4317362322229163,BALANCE,1,-1.1567441999172153e-05
3.21,-0.03304395656840145,0.0,-0.032213596545598466,-0.03254108388360973,0.08816966792611625,6.161109152031184,BALANCE,1,-1.1567441999172153e-05
3.212,-0.03304395656840145,0.0,-0.032213596545598466,-0.032426463315305784,0.05731028415197417,5.785373495108506,BALANCE,1,-1.1567441999172153e-05
3.214,-0.03304395656840145,0.0,-0.032213596545598466,-0.03235195994590822,0.037251684698782345,5.538890366350547,BALANCE,1,-1.1567441999172153e-05
3.216,-0.03304395656840145,0.0,-0.035281558121369745,-0.03337731930731975,-0.5126796807057645,5.376421380899684,BALANCE,1,-1.1567441999172153e-05
3.218,-0.03304395656840145,0.0,-0.032213596545598466,-0.03297001634071729,0.20365148330122804,0.9087734321171537,BALANCE,1,-1.1567441999172153e-05
3.22,-0.03304395656840145,0.0,-0.03681553890925539,-0.03431594923970562,-0.6729664494941646,6.6572669189010965,BALANCE,1,-1.1567441999172153e-05
3.222,-0.03304395656840145,0.0,-0.035281558121369745,-0.03465391234828806,-0.16898155429121917,-0.4432957072492858,BALANCE,1,-1.1567441999172153e-05
3.224,-0.03304395656840145,0.0,-0.0337475773334841,-0.03433669509310667,0.15860862759069574,3.5613748853896743,BALANCE,1,-1.1567441999172153e-05
3.226,-0.03304395656840145,0.0,-0.0337475773334841,-0.03413050387723877,0.10309560793395067,6.194262036737256,BALANCE,1,-1.1567441999172153e-05
3.228,-0.03304395656840145,0.0,-0.032213596545598466,-0.033459586311164656,0.3354587830370556,5.755703251659922,BALANCE,1,-1.1567441999172153e-05
3.23,-0.03304395656840145,0.0,-0.0337475773334841,-0.03356038316897646,-0.05039842890590049,7.648171789186975,BALANCE,1,-1.1567441999172153e-05
3.232,-0.03304395656840145,0.0,-0.030679615757712823,-0.03255211457503418,0.5041342969711384,4.548554205540823,BALANCE,1,-1.1567441999172153e-05
3.234,-0.03304395656840145,0.0,-0.032213596545598466,-0.03243363326473168,0.05924065515125129,9.038801705278663,BALANCE,1,-1.1567441999172153e-05
3.236,-0.03304395656840145,0.0,-0.0337475773334841,-0.03289351368879502,-0.2299402120316714,5.48027472268477,BALANCE,1,-1.1567441999172153e-05
3.238,-0.03304395656840145,0.0,-0.0337475773334841,-0.0331924359644362,-0.1494611378205883,3.1326562570398293,BALANCE,1,-1.1567441999172153e-05
3.24,-0.03304395656840145,0.0,-0.032213596545598466,-0.03284984216784299,0.1712968982966051,3.7519150269971364,BALANCE,1,-1.1567441999172153e-05
3.242,-0.03304395656840145,0.0,-0.0337475773334841,-0.03316404947581737,-0.15710365398719298,6.3319649752967075,BALANCE,1,-1.1567441999172153e-05
3.244,-0.03304395656840145,0.0,-0.032213596545598466,-0.03283139095024075,0.16632926278831173,3.6792753086526964,BALANCE,1,-1.1567441999172153e-05
3.246,-0.03304395656840145,0.0,-0.0337475773334841,-0.033152056184375917,-0.16033261706758367,6.280131876201283,BALANCE,1,-1.1567441999172153e-05
3.248,-0.03304395656840145,0.0,-0.030679615757712823,-0.03228670203504383,0.43267707466604355,3.640966512069134,BALANCE,1,-1.1567441999172153e-05
3.25,-0.03304395656840145,0.0,-0.035281558121369745,-0.0333349016652579,-0.5240998151070341,8.43050795449107,BALANCE,1,-1.1567441999172153e-05
3.2520000000000002,-0.03304395656840145,0.0,-0.035281558121369745,-0.03401623142489704,-0.3406648798195723,0.7067338781605521,BALANCE,1,-1.1567441999172153e-05
3.254,-0.03304395656840145,0.0,-0.0337475773334841,-0.03392220249290251,0.04701446599726655,2.1265303285969184,BALANCE,1,-1.1567441999172153e-05
3.2560000000000002,-0.03304395656840145,0.0,-0.032213596545598466,-0.033324190411346086,0.29900604077821163,5.22682239055272,BALANCE,1,-1.1567441999172153e-05
3.258,-0.03304395656840145,0.0,-0.0337475773334841,-0.03347237583409439,-0.07409271137415185,7.271970875611396,BALANCE,1,-1.1567441999172153e-05
3.2600000000000002,-0.03304395656840145,0.0,-0.030679615757712823,-0.03249490980736083,0.48873301336677805,4.271595257860772,BALANCE,1,-1.1567441999172153e-05
3.262,-0.03304395656840145,0.0,-0.0337475773334841,-0.03293334344150397,-0.2192168170715679,8.826350035430751,BALANCE,1,-1.1567441999172153e-05
3.2640000000000002,-0.03304395656840145,0.0,-0.030679615757712823,-0.032144538752177064,0.3944023446634526,3.1298587051870954,BALANCE,1,-1.1567441999172153e-05
3.266,-0.03304395656840145,0.0,-0.030679615757712823,-0.03163181570411457,0.25636152403124557,8.079711372676439,BALANCE,1,-1.1567441999172153e-05
3.2680000000000002,-0.03304395656840145,0.0,-0.032213596545598466,-0.03183543899863393,-0.10181164725968014,6.999821827361709,BALANCE,1,-1.1567441999172153e-05
3.27,-0.03304395656840145,0.0,-0.0337475773334841,-0.032504687415831485,-0.3346242085987758,4.115851971563414,BALANCE,1,-1.1567441999172153e-05
3.2720000000000002,-0.03304395656840145,0.0,-0.02914563496982718,-0.03132901905972997,0.587834178050757,2.2066956383356304,BALANCE,1,-1.1567441999172153e-05
3.274,-0.03304395656840145,0.0,-0.030679615757712823,-0.031101727904023966,0.11364557785300232,9.650637029086038,BALANCE,1,-1.1567441999172153e-05
3.2760000000000002,-0.03304395656840145,0.0,-0.035281558121369745,-0.03256466848009498,-0.7314702880355083,5.864545351265555,BALANCE,1,-1.1567441999172153e-05
3.278,-0.03304395656840145,0.0,-0.035281558121369745,-0.03351557985454114,-0.4754556872230801,-0.9906709441028108,BALANCE,1,-1.1567441999172153e-05
3.2800000000000002,-0.03304395656840145,0.0,-0.030679615757712823,-0.03252299242065122,0.49629371694496005,0.9936880639589365,BALANCE,1,-1.1567441999172153e-05
3.282,-0.03304395656840145,0.0,-0.032213596545598466,-0.032414703864382756,0.05414427813423342,8.820733944852522,BALANCE,1,-1.1567441999172153e-05
3.2840000000000003,-0.03304395656840145,0.0,-0.032213596545598466,-0.03234431630280825,0.03519378078725363,5.283552806969941,BALANCE,1,-1.1567441999172153e-05
3.286,-0.03304395656840145,0.0,-0.032213596545598466,-0.03229856438778482,0.02287595751171434,5.129703218628011,BALANCE,1,-1.1567441999172153e-05
3.2880000000000003,-0.03304395656840145,0.0,-0.030679615757712823,-0.031731932367259616,0.283316010262602,5.027446034447546,BALANCE,1,-1.1567441999172153e-05
3.29,-0.03304395656840145,0.0,-0.030679615757712823,-0.03136362155391823,0.184155406670692,7.138617991212707,BALANCE,1,-1.1567441999172153e-05
3.2920000000000003,-0.03304395656840145,0.0,-0.032213596545598466,-0.03166111280100631,-0.14874562354403806,6.361159086967126,BALANCE,1,-1.1567441999172153e-05
3.294,-0.03304395656840145,0.0,-0.035281558121369745,-0.0329282686631335,-0.6335779310635975,3.6737691478638,BALANCE,1,-1.1567441999172153e-05
3.2960000000000003,-0.03304395656840145,0.0,-0.02914563496982718,-0.03160434687047629,0.6619608963286082,-0.2875043177529353,BALANCE,1,-1.1567441999172153e-05
3.298,-0.03304395656840145,0.0,-0.035281558121369745,-0.032891370808288994,-0.6435119689063539,10.14992073957005,BALANCE,1,-1.1567441999172153e-05
3.3000000000000003,-0.03304395656840145,0.0,-0.03681553890925539,-0.034264829643627225,-0.6867294176691151,-0.37766189274006745,BALANCE,1,-1.1567441999172153e-05
3.302,-0.03304395656840145,0.0,-0.030679615757712823,-0.03301000478355718,0.6274124300350222,-0.8126619788911764,BALANCE,1,-1.1567441999172153e-05
3.3040000000000003,-0.03304395656840145,0.0,-0.0337475773334841,-0.0332681551760316,-0.12907519623720984,9.769160293389415,BALANCE,1,-1.1567441999172153e-05
3.306,-0.03304395656840145,0.0,-0.0337475773334841,-0.03343595293113997,-0.08389887755418449,3.6951166286278863,BALANCE,1,-1.1567441999172153e-05
3.3080000000000003,-0.03304395656840145,0.0,-0.032213596545598466,-0.033008128196200436,0.21391236746976655,4.039772122199358,BALANCE,1,-1.1567441999172153e-05
3.31,-0.03304395656840145,0.0,-0.0337475773334841,-0.033266935394249714,-0.12940359902463908,6.4413299408480995,BALANCE,1,-1.1567441999172153e-05
3.3120000000000003,-0.03304395656840145,0.0,-0.0337475773334841,-0.033435160072981744,-0.08411233936601523,3.672620389931047,BALANCE,1,-1.1567441999172153e-05
3.314,-0.03304395656840145,0.0,-0.0337475773334841,-0.03354450611415757,-0.05467302058791146,4.01816995446152,BALANCE,1,-1.1567441999172153e-05
3.3160000000000003,-0.03304395656840145,0.0,-0.032213596545598466,-0.033078687765161874,0.23290917449784662,4.240414840992968,BALANCE,1,-1.1567441999172153e-05
3.318,-0.03304395656840145,0.0,-0.0337475773334841,-0.03331279911407465,-0.1170556744563879,6.562405765065742,BALANCE,1,-1.1567441999172153e-05
3.3200000000000003,-0.03304395656840145,0.0,-0.030679615757712823,-0.032391184939348006,0.460807087363322,3.7419777326742842,BALANCE,1,-1.1567441999172153e-05
3.322,-0.03304395656840145,0.0,-0.030679615757712823,-0.03179213572577569,0.29952460678615844,8.413698440727693,BALANCE,1,-1.1567441999172153e-05
3.3240000000000003,-0.03304395656840145,0.0,-0.0337475773334841,-0.03247654028847363,-0.3422022813489717,7.153023121779569,BALANCE,1,-1.1567441999172153e-05
3.326,-0.03304395656840145,0.0,-0.035281558121369745,-0.03345829652998727,-0.49087812075681786,1.971648434878957,BALANCE,1,-1.1567441999172153e-05
3.3280000000000003,-0.03304395656840145,0.0,-0.035281558121369745,-0.03409643808697113,-0.3190707784919318,0.7166446858193716,BALANCE,1,-1.1567441999172153e-05
3.33,-0.03304395656840145,0.0,-0.0337475773334841,-0.03397433682325067,0.0610506318602308,2.0459956429020334,BALANCE,1,-1.1567441999172153e-05
3.332,-0.03304395656840145,0.0,-0.035281558121369745,-0.034431864277592344,-0.22876372717083732,5.087498134177912,BALANCE,1,-1.1567441999172153e-05
3.334,-0.03304395656840145,0.0,-0.032213596545598466,-0.03365547057139448,0.38819685309893215,2.7346452418133476,BALANCE,1,-1.1567441999172153e-05
3.336,-0.03304395656840145,0.0,-0.032213596545598466,-0.03315081466236587,0.2523279545143045,7.710182412229097,BALANCE,1,-1.1567441999172153e-05
3.338,-0.03304395656840145,0.0,-0.032213596545598466,-0.03282278832149727,0.16401317043429967,6.646880415161318,BALANCE,1,-1.1567441999172153e-05
3.34,-0.03304395656840145,0.0,-0.032213596545598466,-0.032609571199932685,0.10660856078229322,5.953479165309096,BALANCE,1,-1.1567441999172153e-05
3.342,-0.03304395656840145,0.0,-0.0337475773334841,-0.033007873346675674,-0.19915107337149449,5.500513401146933,BALANCE,1,-1.1567441999172153e-05
3.344,-0.03304395656840145,0.0,-0.0337475773334841,-0.03326676974205862,-0.1294481976914716,3.023936624442717,BALANCE,1,-1.1567441999172153e-05
3.346,-0.03304395656840145,0.0,-0.032213596545598466,-0.03289815912329756,0.18430530938052733,3.5593724922115113,BALANCE,1,-1.1567441999172153e-05
3.348,-0.03304395656840145,0.0,-0.035281558121369745,-0.03373234877262282,-0.41709482466262965,6.084937554088508,BALANCE,1,-1.1567441999172153e-05
3.35,-0.03304395656840145,0.0,-0.032213596545598466,-0.03320078549316429,0.2657816397292657,1.216938633029212,BALANCE,1,-1.1567441999172153e-05
3.352,-0.03304395656840145,0.0,-0.030679615757712823,-0.03231837608575627,0.4412047037040088,6.7052039878332526,BALANCE,1,-1.1567441999172153e-05
3.354,-0.03304395656840145,0.0,-0.032213596545598466,-0.032281703246701036,0.018336419527618247,8.155069388858529,BALANCE,1,-1.1567441999172153e-05
3.356,-0.03304395656840145,0.0,-0.030679615757712823,-0.031720972625555156,0.28036531057294006,4.767867145141377,BALANCE,1,-1.1567441999172153e-05
3.358,-0.03304395656840145,0.0,-0.035281558121369745,-0.03296717754909026,-0.6231024617675517,6.891397916247594,BALANCE,1,-1.1567441999172153e-05
3.36,-0.03304395656840145,0.0,-0.030679615757712823,-0.03216653092210815,0.4003233134910536,-0.4177099933982644,BALANCE,1,-1.1567441999172153e-05
3.362,-0.03304395656840145,0.0,-0.032213596545598466,-0.032183003890329756,-0.0082364841108018,7.811301700105083,BALANCE,1,-1.1567441999172153e-05
3.364,-0.03304395656840145,0.0,-0.032213596545598466,-0.0321937113196738,-0.005353714672022558,4.535398340418878,BALANCE,1,-1.1567441999172153e-05
3.366,-0.03304395656840145,0.0,-0.032213596545598466,-0.03220067114874743,-0.0034799145368150097,4.551379307904534,BALANCE,1,-1.1567441999172153e-05
3.368,-0.03304395656840145,0.0,-0.0337475773334841,-0.03274208831340526,-0.2707085823289157,4.559511985012025,BALANCE,1,-1.1567441999172153e-05
3.37,-0.03304395656840145,0.0,-0.032213596545598466,-0.03255711619467288,0.09248605936619178,2.3826491951330695,BALANCE,1,-1.1567441999172153e-05
3.372,-0.03304395656840145,0.0,-0.0337475773334841,-0.0329737775932568,-0.20833069929196077,5.292793232578937,BALANCE,1,-1.1567441999172153e-05
3.374,-0.03304395656840145,0.0,-0.035281558121369745,-0.03378150077809633,-0.40386159241976444,2.8546647238800293,BALANCE,1,-1.1567441999172153e-05
3.376,-0.03304395656840145,0.0,-0.0337475773334841,-0.033769627572482044,0.0059366028071425325,1.2351978876116094,BALANCE,1,-1.1567441999172153e-05
3.378,-0.03304395656840145,0.0,-0.032213596545598466,-0.033225016713072784,0.27230542970462995,4.507541916249226,BALANCE,1,-1.1567441999172153e-05
3.38,-0.03304395656840145,0.0,-0.030679615757712823,-0.032334126378696794,0.44544516718799526,6.664524179651066,BALANCE,1,-1.1567441999172153e-05
3.382,-0.03304395656840145,0.0,-0.030679615757712823,-0.0317550476613524,0.28953935867219793,8.096628674304808,BALANCE,1,-1.1567441999172153e-05
3.384,-0.03304395656840145,0.0,-0.030679615757712823,-0.031378646495078544,0.1882005831369271,6.877775919686823,BALANCE,1,-1.1567441999172153e-05
3.386,-0.03304395656840145,0.0,-0.0337475773334841,-0.03220777228852048,-0.4145628967209686,6.0833740560820715,BALANCE,1,-1.1567441999172153e-05
3.388,-0.03304395656840145,0.0,-0.032213596545598466,-0.03220981077849777,-0.0010192449886453625,1.2050771151546869,BALANCE,1,-1.1567441999172153e-05
3.39,-0.03304395656840145,0.0,-0.035281558121369745,-0.03328492234850296,-0.5375557850025927,4.506862057458935,BALANCE,1,-1.1567441999172153e-05
3.392,-0.03304395656840145,0.0,-0.032213596545598466,-0.03290995831748638,0.18748201550828833,0.14340605867734446,BALANCE,1,-1.1567441999172153e-05
3.394,-0.03304395656840145,0.0,-0.032213596545598466,-0.032666231697325604,0.12186331008038828,5.959624312961891,BALANCE,1,-1.1567441999172153e-05
3.396,-0.03304395656840145,0.0,-0.035281558121369745,-0.03358159594574105,-0.4576821242077214,5.442765020408872,BALANCE,1,-1.1567441999172153e-05
3.398,-0.03304395656840145,0.0,-0.032213596545598466,-0.03310279615569114,0.2393998950249547,0.7447633720099178,BALANCE,1,-1.1567441999172153e-05
3.4,-0.03304395656840145,0.0,-0.035281558121369745,-0.033865362843678644,-0.38128334399375324,6.343526954043184,BALANCE,1,-1.1567441999172153e-05
3.402,-0.03304395656840145,0.0,-0.032213596545598466,-0.03328724463935058,0.2890591021640319,1.3255339680455345,BALANCE,1,-1.1567441999172153e-05
3.404,-0.03304395656840145,0.0,-0.0337475773334841,-0.03344836108229731,-0.08055822147336536,6.7163031806396285,BALANCE,1,-1.1567441999172153e-05
3.406,-0.03304395656840145,0.0,-0.0337475773334841,-0.03355308677021268,-0.05236284395768523,3.7430079327471883,BALANCE,1,-1.1567441999172153e-05
3.408,-0.03304395656840145,0.0,-0.032213596545598466,-0.033084265191597705,0.2344107893074883,3.9555767942436644,BALANCE,1,-1.1567441999172153e-05
3.41,-0.03304395656840145,0.0,-0.0337475773334841,-0.03331642444125794,-0.1160796248301163,6.271278302043631,BALANCE,1,-1.1567441999172153e-05
3.412,-0.03304395656840145,0.0,-0.02914563496982718,-0.031856648126257166,0.7298881575003857,3.4467621490749285,BALANCE,1,-1.1567441999172153e-05
3.414,-0.03304395656840145,0.0,-0.030679615757712823,-0.03144468679726664,0.20598066449526234,10.29571965699374,BALANCE,1,-1.1567441999172153e-05
3.416,-0.03304395656840145,0.0,-0.02914563496982718,-0.030640018657662825,0.402334069801908,6.12288845533273,BALANCE,1,-1.1567441999172153e-05
3.418,-0.03304395656840145,0.0,-0.030679615757712823,-0.030653877642680318,-0.006929492508746596,7.735867782430592,BALANCE,1,-1.1567441999172153e-05
3.42,-0.03304395656840145,0.0,-0.035281558121369745,-0.032273565810221616,-0.8098440837706489,4.454796969315771,BALANCE,1,-1.1567441999172153e-05
3.422,-0.03304395656840145,0.0,-0.0337475773334841,-0.03278946984336348,-0.2579520165709309,-2.07215576399397,BALANCE,1,-1.1567441999172153e-05
3.424,-0.03304395656840145,0.0,-0.0337475773334841,-0.03312480746490569,-0.1676688107711058,2.3054686376465883,BALANCE,1,-1.1567441999172153e-05
3.426,-0.03304395656840145,0.0,-0.0337475773334841,-0.03334277691890813,-0.10898472700121911,3.0009890652596756,BALANCE,1,-1.1567441999172153e-05
3.428,-0.03304395656840145,0.0,-0.0337475773334841,-0.033484457064009716,-0.07084007255079433,3.4507150127948405,BALANCE,1,-1.1567441999172153e-05
3.43,-0.03304395656840145,0.0,-0.032213596545598466,-0.03303965588256577,0.2224005907219724,3.7406745482793418,BALANCE,1,-1.1567441999172153e-05
3.432,-0.03304395656840145,0.0,-0.0337475773334841,-0.03328742839038718,-0.1238862539107051,6.106679994171599,BALANCE,1,-1.1567441999172153e-05
3.434,-0.03304395656840145,0.0,-0.0337475773334841,-0.0334484805204711,-0.08052606504195883,3.3148614009628163,BALANCE,1,-1.1567441999172153e-05
3.436,-0.03304395656840145,0.0,-0.0337475773334841,-0.03355316440502565,-0.052341942277274456,3.6453900880036585,BALANCE,1,-1.1567441999172153e-05
3.438,-0.03304395656840145,0.0,-0.0337475773334841,-0.0336212089299861,-0.03402226248022666,3.857871404166856,BALANCE,1,-1.1567441999172153e-05
3.44,-0.03304395656840145,0.0,-0.030679615757712823,-0.03259165131969045,0.5147788051478274,3.9936219292596125,BALANCE,1,-1.1567441999172153e-05
3.442,-0.03304395656840145,0.0,-0.0337475773334841,-0.03299622542451822,-0.2022870524138881,8.439285596637847,BALANCE,1,-1.1567441999172153e-05
3.444,-0.03304395656840145,0.0,-0.032213596545598466,-0.0327223053168963,0.1369600538109611,2.671885044769552,BALANCE,1,-1.1567441999172153e-05
3.446,-0.03304395656840145,0.0,-0.032213596545598466,-0.03254425724694206,0.08902403497712194,5.395752639962281,BALANCE,1,-1.1567441999172153e-05
3.448,-0.03304395656840145,0.0,-0.032213596545598466,-0.032428526001471794,0.05786562273513152,5.016438522039435,BALANCE,1,-1.1567441999172153e-05
3.45,-0.03304395656840145,0.0,-0.035281558121369745,-0.03342708724343607,-0.4992806209821385,4.767629393631433,BALANCE,1,-1.1567441999172153e-05
3.452,-0.03304395656840145,0.0,-0.0337475773334841,-0.033539258774952875,-0.05608576575840199,0.2438603519267284,BALANCE,1,-1.1567441999172153e-05
3.454,-0.03304395656840145,0.0,-0.030679615757712823,-0.03253838371891885,0.5004375280170115,3.775981050070622,BALANCE,1,-1.1567441999172153e-05
3.456,-0.03304395656840145,0.0,-0.032213596545598466,-0.032424708208256714,0.05683775533106908,8.281712226892187,BALANCE,1,-1.1567441999172153e-05
3.458,-0.03304395656840145,0.0,-0.0337475773334841,-0.032887712402086294,-0.23150209691479018,4.733249634402725,BALANCE,1,-1.1567441999172153e-05
3.46,-0.03304395656840145,0.0,-0.0337475773334841,-0.03318866512807552,-0.15047636299461362,2.3921730223256583,BALANCE,1,-1.1567441999172153e-05
3.462,-0.03304395656840145,0.0,-0.0337475773334841,-0.03338428439996852,-0.09780963594649764,3.015683997102103,BALANCE,1,-1.1567441999172153e-05
3.464,-0.03304395656840145,0.0,-0.0337475773334841,-0.033511436926698966,-0.06357626336522468,3.4186038002934573,BALANCE,1,-1.1567441999172153e-05
3.466,-0.03304395656840145,0.0,-0.030679615757712823,-0.03252029951755381,0.4955687045725791,3.6781393419544735,BALANCE,1,-1.1567441999172153e-05
3.468,-0.03304395656840145,0.0,-0.0337475773334841,-0.032949846753129404,-0.21477361778779805,8.204263270102103,BALANCE,1,-1.1567441999172153e-05
3.47,-0.03304395656840145,0.0,-0.032213596545598466,-0.03269215918049357,0.12884378631791704,2.489161887733924,BALANCE,1,-1.1567441999172153e-05
3.472,-0.03304395656840145,0.0,-0.032213596545598466,-0.03252466225828028,0.083748461106644,5.247023943101696,BALANCE,1,-1.1567441999172153e-05
3.474,-0.03304395656840145,0.0,-0.0337475773334841,-0.03295268253460162,-0.21401013816066752,4.889806224292652,BALANCE,1,-1.1567441999172153e-05
3.476,-0.03304395656840145,0.0,-0.032213596545598466,-0.03269400243845051,0.12934004807555258,2.4754656770679597,BALANCE,1,-1.1567441999172153e-05
3.478,-0.03304395656840145,0.0,-0.035281558121369745,-0.03359964692747224,-0.45282224451086495,5.231249172239097,BALANCE,1,-1.1567441999172153e-05
3.48,-0.03304395656840145,0.0,-0.0337475773334841,-0.033651422569576386,-0.025887821052072296,0.5128922328209571,BALANCE,1,-1.1567441999172153e-05
3.482,-0.03304395656840145,0.0,-0.030679615757712823,-0.032611290185424135,0.5200661920761254,3.918530797451136,BALANCE,1,-1.1567441999172153e-05
3.484,-0.03304395656840145,0.0,-0.032213596545598466,-0.03247209741148514,0.06959638696949627,8.342048587488767,BALANCE,1,-1.1567441999172153e-05
3.486,-0.03304395656840145,0.0,-0.030679615757712823,-0.03184472883266483,0.31368428941015714,4.740147293589777,BALANCE,1,-1.1567441999172153e-05
3.488,-0.03304395656840145,0.0,-0.032213596545598466,-0.0319738325321916,-0.06455184976338416,6.72412368207775,BALANCE,1,-1.1567441999172153e-05
3.49,-0.03304395656840145,0.0,-0.0337475773334841,-0.03259464321264397,-0.3104053402261872,3.6840935802113757,BALANCE,1,-1.1567441999172153e-05
3.492,-0.03304395656840145,0.0,-0.032213596545598466,-0.03246127687917804,0.06668316673296565,1.673498087039281,BALANCE,1,-1.1567441999172153e-05
3.494,-0.03304395656840145,0.0,-0.035281558121369745,-0.03344837531394513,-0.49354921738354457,4.691715867344624,BALANCE,1,-1.1567441999172153e-05
3.496,-0.03304395656840145,0.0,-0.032213596545598466,-0.033016202745023794,0.21608628446066758,0.14394121326372744,BALANCE,1,-1.1567441999172153e-05
3.498,-0.03304395656840145,0.0,-0.0337475773334841,-0.0332721838509849,-0.12799055298055168,5.840352341603701,BALANCE,1,-1.1567441999172153e-05
3.5,-0.03304395656840145,0.0,-0.0337475773334841,-0.03343857156985961,-0.08319385943735685,3.065724338946083,BALANCE,1,-1.1567441999172153e-05
3.5020000000000002,-0.03304395656840145,0.0,-0.035281558121369745,-0.034083616862888154,-0.32252264651427137,3.4074269098451873,BALANCE,1,-1.1567441999172153e-05
3.504,-0.03304395656840145,0.0,-0.0337475773334841,-0.03396600302759673,0.05880691764571094,1.447277172275581,BALANCE,1,-1.1567441999172153e-05
3.5060000000000002,-0.03304395656840145,0.0,-0.035281558121369745,-0.03442644731041728,-0.23022214141027453,4.498177315067405,BALANCE,1,-1.1567441999172153e-05
3.508,-0.03304395656840145,0.0,-0.030679615757712823,-0.03311505626697071,0.6556955217232839,2.151432896188205,BALANCE,1,-1.1567441999172153e-05
3.5100000000000002,-0.03304395656840145,0.0,-0.032213596545598466,-0.03279954536449042,0.15775545124014495,9.310834652610072,BALANCE,1,-1.1567441999172153e-05
3.512,-0.03304395656840145,0.0,-0.032213596545598466,-0.03259446327787823,0.10254104330609595,5.33968483382088,BALANCE,1,-1.1567441999172153e-05
3.5140000000000002,-0.03304395656840145,0.0,-0.032213596545598466,-0.03246115992158031,0.0666516781489615,4.903755602889644,BALANCE,1,-1.1567441999172153e-05
3.516,-0.03304395656840145,0.0,-0.030679615757712823,-0.03183761946422668,0.311770228676813,4.6181466510261275,BALANCE,1,-1.1567441999172153e-05
3.5180000000000002,-0.03304395656840145,0.0,-0.030679615757712823,-0.031432318166946825,0.20265064863992863,6.610139958797312,BALANCE,1,-1.1567441999172153e-05
3.52,-0.03304395656840145,0.0,-0.0337475773334841,-0.032242658875234864,-0.4051703541440195,5.755214932705639,BALANCE,1,-1.1567441999172153e-05
3.5220000000000002,-0.03304395656840145,0.0,-0.032213596545598466,-0.03223248705986212,0.005085907686372404,0.8375779361617255,BALANCE,1,-1.1567441999172153e-05
3.524,-0.03304395656840145,0.0,-0.032213596545598466,-0.03222587537986984,0.003305839996140675,4.113791842315253,BALANCE,1,-1.1567441999172153e-05
3.5260000000000002,-0.03304395656840145,0.0,-0.0337475773334841,-0.032758471063634824,-0.26629784188249295,4.093502826516962,BALANCE,1,-1.1567441999172153e-05
3.528,-0.03304395656840145,0.0,-0.0337475773334841,-0.033104658258082065,-0.17309359722362042,1.898165936249267,BALANCE,1,-1.1567441999172153e-05
3.5300000000000002,-0.03304395656840145,0.0,-0.032213596545598466,-0.0327927866587128,0.1559357996846339,2.6164077302017965,BALANCE,1,-1.1567441999172153e-05
3.532,-0.03304395656840145,0.0,-0.032213596545598466,-0.03259007011912278,0.10135826979500856,5.260796644098244,BALANCE,1,-1.1567441999172153e-05
3.5340000000000003,-0.03304395656840145,0.0,-0.032213596545598466,-0.032458304368389264,0.06588287536675799,4.829821383332818,BALANCE,1,-1.1567441999172153e-05
3.536,-0.03304395656840145,0.0,-0.032213596545598466,-0.03237265663041248,0.04282386898839252,4.547432512077147,BALANCE,1,-1.1567441999172153e-05
3.5380000000000003,-0.03304395656840145,0.0,-0.0337475773334841,-0.032853878876487545,-0.24061112303753324,4.361624794002747,BALANCE,1,-1.1567441999172153e-05
3.54,-0.03304395656840145,0.0,-0.032213596545598466,-0.032629780060676364,0.11204940790559073,2.05870074725554,BALANCE,1,-1.1567441999172153e-05
3.5420000000000003,-0.03304395656840145,0.0,-0.030679615757712823,-0.03194722255463912,0.34127875301862354,4.886904967737067,BALANCE,1,-1.1567441999172153e-05
3.544,-0.03304395656840145,0.0,-0.030679615757712823,-0.03150356017571491,0.22183118946210445,6.755303734492637,BALANCE,1,-1.1567441999172153e-05
3.5460000000000003,-0.03304395656840145,0.0,-0.035281558121369745,-0.0328258594566941,-0.6611496404895951,5.820042256740794,BALANCE,1,-1.1567441999172153e-05
3.548,-0.03304395656840145,0.0,-0.0337475773334841,-0.033148460713570596,-0.161300628438249,-1.3297075116228925,BALANCE,1,-1.1567441999172153e-05
3.5500000000000003,-0.03304395656840145,0.0,-0.0337475773334841,-0.033358151530540316,-0.10484540848485976,2.6430988172325725,BALANCE,1,-1.1567441999172153e-05
3.552,-0.03304395656840145,0.0,-0.0337475773334841,-0.03349445056157064,-0.0681495155151618,3.075487497535395,BALANCE,1,-1.1567441999172153e-05
3.5540000000000003,-0.03304395656840145,0.0,-0.032213596545598466,-0.03304615165598038,0.22414945279513113,3.3541778093188452,BALANCE,1,-1.1567441999172153e-05
3.556,-0.03304395656840145,0.0,-0.035281558121369745,-0.03382854391886665,-0.39119613144313753,5.712858259805408,BALANCE,1,-1.1567441999172153e-05
3.5580000000000003,-0.03304395656840145,0.0,-0.0337475773334841,-0.03380020561398275,0.014169152441949329,0.7363843413423092,BALANCE,1,-1.1567441999172153e-05
3.56,-0.03304395656840145,0.0,-0.0337475773334841,-0.03378178571580822,0.009209949087266717,3.9742468695932414,BALANCE,1,-1.1567441999172153e-05
3.5620000000000003,-0.03304395656840145,0.0,-0.0337475773334841,-0.03376981278199477,0.00598646690672458,3.9289220795030912,BALANCE,1,-1.1567441999172153e-05
3.564,-0.03304395656840145,0.0,-0.032213596545598466,-0.03322513709925606,0.27233784136935707,3.8970986355311616,BALANCE,1,-1.1567441999172153e-05
3.5660000000000003,-0.03304395656840145,0.0,-0.032213596545598466,-0.0328710979054759,0.1770195968900795,6.053945144776693,BALANCE,1,-1.1567441999172153e-05
3.568,-0.03304395656840145,0.0,-0.035281558121369745,-0.03371475898103874,-0.4218305377814216,5.306067320988188,BALANCE,1,-1.1567441999172153e-05
3.5700000000000003,-0.03304395656840145,0.0,-0.030679615757712823,-0.03265245885287466,0.5311500640820394,0.4579036272861998,BALANCE,1,-1.1567441999172153e-05
3.572,-0.03304395656840145,0.0,-0.0337475773334841,-0.033035750321087964,-0.19164573410665117,8.138955958113158,BALANCE,1,-1.1567441999172153e-05
3.5740000000000003,-0.03304395656840145,0.0,-0.0337475773334841,-0.03328488977542661,-0.12456972716932274,2.3269849344466182,BALANCE,1,-1.1567441999172153e-05
3.576,-0.03304395656840145,0.0,-0.032213596545598466,-0.03290993714498675,0.18747631521992894,2.8419876447298424,BALANCE,1,-1.1567441999172153e-05
3.5780000000000003,-0.03304395656840145,0.0,-0.0337475773334841,-0.03320311121096082,-0.14658703298703335,5.35427115424125,BALANCE,1,-1.1567441999172153e-05
3.58,-0.03304395656840145,0.0,-0.0337475773334841,-0.033393674353843966,-0.09528157144157376,2.6575333023849153,BALANCE,1,-1.1567441999172153e-05
3.5820000000000003,-0.03304395656840145,0.0,-0.0337475773334841,-0.03351754039671801,-0.06193302143702242,3.0498644713048346,BALANCE,1,-1.1567441999172153e-05
3.584,-0.03304395656840145,0.0,-0.030679615757712823,-0.03252426677306619,0.49663681182591024,3.3025174006894584,BALANCE,1,-1.1567441999172153e-05
3.586,-0.03304395656840145,0.0,-0.02914563496982718,-0.03134174564193253,0.5912605655668292,7.824167630857417,BALANCE,1,-1.1567441999172153e-05
3.588,-0.03304395656840145,0.0,-0.030679615757712823,-0.03111000018245563,0.11587272973845146,8.645840579524402,BALANCE,1,-1.1567441999172153e-05
3.59,-0.03304395656840145,0.0,-0.0337475773334841,-0.03203315218531559,-0.4615760014299811,4.850420620429503,BALANCE,1,-1.1567441999172153e-05
3.592,-0.03304395656840145,0.0,-0.035281558121369745,-0.03317009426293454,-0.5684710388094739,0.16903502047338126,BALANCE,1,-1.1567441999172153e-05
3.594,-0.03304395656840145,0.0,-0.032213596545598466,-0.03283532006186691,0.1673871005338154,-0.7609758220722851,BALANCE,1,-1.1567441999172153e-05
3.596,-0.03304395656840145,0.0,-0.030679615757712823,-0.032080823555412974,0.3772482532269673,5.1394086807257136,BALANCE,1,-1.1567441999172153e-05
3.598,-0.03304395656840145,0.0,-0.0337475773334841,-0.032664187377737866,-0.2916819111624461,6.857151527947083,BALANCE,1,-1.1567441999172153e-05
3.6,-0.03304395656840145,0.0,-0.032213596545598466,-0.03250648058648907,0.07885339562439808,1.464175546016735,BALANCE,1,-1.1567441999172153e-05
3.602,-0.03304395656840145,0.0,-0.0337475773334841,-0.032940864447937326,-0.21719193072412823,4.431419111669118,BALANCE,1,-1.1567441999172153e-05
3.604,-0.03304395656840145,0.0,-0.030679615757712823,-0.032149427406358747,0.39571852078928993,2.030405296304424,BALANCE,1,-1.1567441999172153e-05
3.606,-0.03304395656840145,0.0,-0.030679615757712823,-0.031634993329332665,0.2572170385130405,6.974745245425212,BALANCE,1,-1.1567441999172153e-05
3.608,-0.03304395656840145,0.0,-0.030679615757712823,-0.03130061117926572,0.16719107503347305,5.891272433170916,BALANCE,1,-1.1567441999172153e-05
3.61,-0.03304395656840145,0.0,-0.030679615757712823,-0.0310832627817222,0.10867419877175905,5.18486753210254,BALANCE,1,-1.1567441999172153e-05
3.612,-0.03304395656840145,0.0,-0.035281558121369745,-0.03255266615059884,-0.7347016844383193,4.723556773305095,BALANCE,1,-1.1567441999172153e-05
3.614,-0.03304395656840145,0.0,-0.032213596545598466,-0.032433991788848704,0.05933718087506798,-2.11812502773825,BALANCE,1,-1.1567441999172153e-05
3.616,-0.03304395656840145,0.0,-0.0337475773334841,-0.03289374672947109,-0.22987747031119263,4.234819558116087,BALANCE,1,-1.1567441999172153e-05
3.618,-0.03304395656840145,0.0,-0.030679615757712823,-0.03211880088935569,0.38747292005769995,1.886938302842764,BALANCE,1,-1.1567441999172153e-05
3.62,-0.03304395656840145,0.0,-0.0337475773334841,-0.03268887264480063,-0.2850358777224705,6.865814416022959,BALANCE,1,-1.1567441999172153e-05
3.622,-0.03304395656840145,0.0,-0.0337475773334841,-0.03305941928583984,-0.1852733205196036,1.4450019539259378,BALANCE,1,-1.1567441999172153e-05
3.624,-0.03304395656840145,0.0,-0.035281558121369745,-0.0338371678782753,-0.38887429621773173,2.2142577292293524,BALANCE,1,-1.1567441999172153e-05
3.626,-0.03304395656840145,0.0,-0.032213596545598466,-0.033268917911838405,0.2841249832184478,0.5320175745225448,BALANCE,1,-1.1567441999172153e-05
3.628,-0.03304395656840145,0.0,-0.03681553890925539,-0.034510235260934344,-0.6206586745479692,5.943453024415827,BALANCE,1,-1.1567441999172153e-05
3.63,-0.03304395656840145,0.0,-0.0337475773334841,-0.03424330498632675,0.13346513730379608,-1.376197325713452,BALANCE,1,-1.1567441999172153e-05
3.632,-0.03304395656840145,0.0,-0.0337475773334841,-0.03406980030783182,0.08675233924746589,4.66596032457986,BALANCE,1,-1.1567441999172153e-05
3.634,-0.03304395656840145,0.0,-0.0337475773334841,-0.03395702226681011,0.05638902051085387,4.295854260777348,BALANCE,1,-1.1567441999172153e-05
3.636,-0.03304395656840145,0.0,-0.032213596545598466,-0.03334682326438603,0.30509950121204027,4.0529229888923926,BALANCE,1,-1.1567441999172153e-05
3.638,-0.03304395656840145,0.0,-0.0337475773334841,-0.03348708718857035,-0.07013196209216047,6.072549409994451,BALANCE,1,-1.1567441999172153e-05
3.64,-0.03304395656840145,0.0,-0.030679615757712823,-0.032504472187770216,0.49130750040006843,3.0555844506720717,BALANCE,1,-1.1567441999172153e-05
3.642,-0.03304395656840145,0.0,-0.0337475773334841,-0.032939558988770073,-0.21754340049992896,7.599556156220356,BALANCE,1,-1.1567441999172153e-05
3.644,-0.03304395656840145,0.0,-0.0337475773334841,-0.03322236540941998,-0.14140321032495365,1.8960558291626315,BALANCE,1,-1.1567441999172153e-05
3.646,-0.03304395656840145,0.0,-0.0337475773334841,-0.033406189582842416,-0.09191208671121762,2.481564492241555,BALANCE,1,-1.1567441999172153e-05
3.648,-0.03304395656840145,0.0,-0.032213596545598466,-0.032988782019807025,0.20870378151769536,2.859782792829529,BALANCE,1,-1.1567441999172153e-05
3.65,-0.03304395656840145,0.0,-0.030679615757712823,-0.03218057382807405,0.4041040958664872,5.283156436038995,BALANCE,1,-1.1567441999172153e-05
3.652,-0.03304395656840145,0.0,-0.032213596545598466,-0.03219213177920759,-0.0057789755667711495,6.888415327567694,BALANCE,1,-1.1567441999172153e-05
3.654,-0.03304395656840145,0.0,-0.032213596545598466,-0.032199644447444394,-0.0037563341184002064,3.6022188526777725,BALANCE,1,-1.1567441999172153e-05
3.656,-0.03304395656840145,0.0,-0.035281558121369745,-0.033278314233318264,-0.5393348929369352,3.611509295281043,BALANCE,1,-1.1567441999172153e-05
3.658,-0.03304395656840145,0.0,-0.032213596545598466,-0.03290566304261633,0.18632559535096752,-0.7444950252663318,BALANCE,1,-1.1567441999172153e-05
3.66,-0.03304395656840145,0.0,-0.0337475773334841,-0.03320033304442004,-0.1473350009018569,5.076566819870482,BALANCE,1,-1.1567441999172153e-05
3.662,-0.03304395656840145,0.0,-0.0337475773334841,-0.03339186854559246,-0.09576775058620784,2.3829617831307806,BALANCE,1,-1.1567441999172153e-05
3.664,-0.03304395656840145,0.0,-0.032213596545598466,-0.032979473345594555,0.20619759999895154,2.7773292818765096,BALANCE,1,-1.1567441999172153e-05
3.666,-0.03304395656840145,0.0,-0.035281558121369745,-0.033785203017115864,-0.4028648357606544,5.21119990388854,BALANCE,1,-1.1567441999172153e-05
3.668,-0.03304395656840145,0.0,-0.0337475773334841,-0.03377203402784474,0.006584494635562127,0.2835995969169902,BALANCE,1,-1.1567441999172153e-05
3.67,-0.03304395656840145,0.0,-0.0337475773334841,-0.03376347418481851,0.004279921513115209,3.5532299726374212,BALANCE,1,-1.1567441999172153e-05
3.672,-0.03304395656840145,0.0,-0.032213596545598466,-0.03322101701109149,0.271228586863511,3.528554283402456,BALANCE,1,-1.1567441999172153e-05
3.674,-0.03304395656840145,0.0,-0.032213596545598466,-0.03286841984816893,0.17629858146128025,5.690046833227026,BALANCE,1,-1.1567441999172153e-05
3.676,-0.03304395656840145,0.0,-0.035281558121369745,-0.03371301824378921,-0.42229919781014075,4.945188935814899,BALANCE,1,-1.1567441999172153e-05
3.678,-0.03304395656840145,0.0,-0.0337475773334841,-0.03372511392518242,-0.006047840696604689,0.09898819425755612,BALANCE,1,-1.1567441999172153e-05
3.68,-0.03304395656840145,0.0,-0.0337475773334841,-0.033732976118088,-0.003931096452792354,3.4215282874972157,BALANCE,1,-1.1567441999172153e-05
3.682,-0.03304395656840145,0.0,-0.035281558121369745,-0.034274979819236606,-0.2710018505743018,3.4312439146497615,BALANCE,1,-1.1567441999172153e-05
3.684,-0.03304395656840145,0.0,-0.03681553890925539,-0.035164175500743175,-0.4445978407532844,1.2553026636449225,BALANCE,1,-1.1567441999172153e-05
3.686,-0.03304395656840145,0.0,-0.0337475773334841,-0.03466836614220249,0.24790467927034154,-0.193849833777481,BALANCE,1,-1.1567441999172153e-05
3.688,-0.03304395656840145,0.0,-0.0337475773334841,-0.03434609005915105,0.161138041525722,5.3689852146955275,BALANCE,1,-1.1567441999172153e-05
3.69,-0.03304395656840145,0.0,-0.030679615757712823,-0.03306282405364767,0.6416330027516903,4.687319459709827,BALANCE,1,-1.1567441999172153e-05
3.692,-0.03304395656840145,0.0,-0.032213596545598466,-0.03276559442583044,0.14861481390861242,8.601662545037048,BALANCE,1,-1.1567441999172153e-05
3.694,-0.03304395656840145,0.0,-0.0337475773334841,-0.033109288443509216,-0.17184700883938683,4.66879769307629,BALANCE,1,-1.1567441999172153e-05
3.696,-0.03304395656840145,0.0,-0.030679615757712823,-0.03225890300348047,0.42519272001437236,2.077859612342869,BALANCE,1,-1.1567441999172153e-05
3.698,-0.03304395656840145,0.0,-0.03681553890925539,-0.03385372557050169,-0.7974112835106086,6.89874878897397,BALANCE,1,-1.1567441999172153e-05
3.7,-0.03304395656840145,0.0,-0.0337475773334841,-0.03381657368754553,0.018575941478079366,-2.9845433383612505,BALANCE,1,-1.1567441999172153e-05
3.702,-0.03304395656840145,0.0,-0.0337475773334841,-0.03379242496362402,0.012074361960753843,3.538820259788113,BALANCE,1,-1.1567441999172153e-05
3.704,-0.03304395656840145,0.0,-0.032213596545598466,-0.033239835017315075,0.2762949731544735,3.481498062092075,BALANCE,1,-1.1567441999172153e-05
3.706,-0.03304395656840145,0.0,-0.032213596545598466,-0.03288065155221426,0.179591732550409,5.621770381416906,BALANCE,1,-1.1567441999172153e-05
3.708,-0.03304395656840145,0.0,-0.035281558121369745,-0.033720968851418676,-0.42015864960220917,4.863119334179996,BALANCE,1,-1.1567441999172153e-05
3.71,-0.03304395656840145,0.0,-0.032213596545598466,-0.0331933885443816,0.263790153518538,0.00795304523650131,BALANCE,1,-1.1567441999172153e-05
3.712,-0.03304395656840145,0.0,-0.0337475773334841,-0.03338735462056747,-0.09698303809293693,5.504559610915827,BALANCE,1,-1.1567441999172153e-05
3.714,-0.03304395656840145,0.0,-0.032213596545598466,-0.03297653929432832,0.2054076631195778,2.6000586425287615,BALANCE,1,-1.1567441999172153e-05
3.716,-0.03304395656840145,0.0,-0.030679615757712823,-0.03217261605651289,0.40196161890771254,5.037237863944363,BALANCE,1,-1.1567441999172153e-05
3.718,-0.03304395656840145,0.0,-0.032213596545598466,-0.03218695922769284,-0.007171585589972607,6.651470381307064,BALANCE,1,-1.1567441999172153e-05
3.72,-0.03304395656840145,0.0,-0.032213596545598466,-0.0321962822889598,-0.0046615306334811535,3.371106763209247,BALANCE,1,-1.1567441999172153e-05
3.722,-0.03304395656840145,0.0,-0.035281558121369745,-0.03327612883030327,-0.5399232706717362,3.384188562727369,BALANCE,1,-1.1567441999172153e-05
3.724,-0.03304395656840145,0.0,-0.035281558121369745,-0.033978029082176536,-0.35095012593663183,-0.9693513758253403,BALANCE,1,-1.1567441999172153e-05
3.726,-0.03304395656840145,0.0,-0.0337475773334841,-0.03389737097013418,0.04032905602117942,0.493524161126663,BALANCE,1,-1.1567441999172153e-05
3.728,-0.03304395656840145,0.0,-0.030679615757712823,-0.0327711566457867,0.5631071621737399,3.6218176293176683,BALANCE,1,-1.1567441999172153e-05
3.73,-0.03304395656840145,0.0,-0.0337475773334841,-0.033112903886480784,-0.17087362034704304,7.865061106669843,BALANCE,1,-1.1567441999172153e-05
3.732,-0.03304395656840145,0.0,-0.0337475773334841,-0.03333503959293194,-0.11106785322557988,1.9660874312846381,BALANCE,1,-1.1567441999172153e-05
3.734,-0.03304395656840145,0.0,-0.032213596545598466,-0.032942534526365225,0.19625253328335937,2.424538417950687,BALANCE,1,-1.1567441999172153e-05
3.736,-0.03304395656840145,0.0,-0.032213596545598466,-0.032687406233096857,0.1275641466341841,4.900063307110931,BALANCE,1,-1.1567441999172153e-05
3.738,-0.03304395656840145,0.0,-0.0337475773334841,-0.03305846611823239,-0.18552994256776714,4.3593264302670125,BALANCE,1,-1.1567441999172153e-05
3.74,-0.03304395656840145,0.0,-0.032213596545598466,-0.03276276176781051,0.1478521752109399,1.8256984303196235,BALANCE,1,-1.1567441999172153e-05
3.742,-0.03304395656840145,0.0,-0.0337475773334841,-0.03310744721579626,-0.172342723992875,4.503945081221031,BALANCE,1,-1.1567441999172153e-05
3.744,-0.03304395656840145,0.0,-0.035281558121369745,-0.03386838603274697,-0.38046940847535554,1.915083271268207,BALANCE,1,-1.1567441999172153e-05
3.746,-0.03304395656840145,0.0,-0.0337475773334841,-0.033826102988004966,0.02114152237100292,0.19763978918477054,BALANCE,1,-1.1567441999172153e-05
3.748,-0.03304395656840145,0.0,-0.032213596545598466,-0.03326172573316269,0.28218862742113854,3.406298998042558,BALANCE,1,-1.1567441999172153e-05
3.75,-0.03304395656840145,0.0,-0.032213596545598466,-0.032894880517515206,0.18342260782374178,5.521886128587546,BALANCE,1,-1.1567441999172153e-05
3.7520000000000002,-0.03304395656840145,0.0,-0.032213596545598466,-0.03265643112734434,0.11922469508543129,4.7471897086437185,BALANCE,1,-1.1567441999172153e-05
3.754,-0.03304395656840145,0.0,-0.035281558121369745,-0.03357522557525323,-0.45939722395444205,4.2413820839220175,BALANCE,1,-1.1567441999172153e-05
3.7560000000000002,-0.03304395656840145,0.0,-0.032213596545598466,-0.033098655414874056,0.2382850801895854,-0.44943598038655264,BALANCE,1,-1.1567441999172153e-05
3.758,-0.03304395656840145,0.0,-0.032213596545598466,-0.0327888848106276,0.15488530212322965,5.153996931305443,BALANCE,1,-1.1567441999172153e-05
3.7600000000000002,-0.03304395656840145,0.0,-0.032213596545598466,-0.032587533917867395,0.10067544638010101,4.498827166067258,BALANCE,1,-1.1567441999172153e-05
3.762,-0.03304395656840145,0.0,-0.032213596545598466,-0.03245665583757326,0.0654390401470667,4.070711866904267,BALANCE,1,-1.1567441999172153e-05
3.7640000000000002,-0.03304395656840145,0.0,-0.032213596545598466,-0.03237158508538208,0.042535376095591965,3.7901819706901265,BALANCE,1,-1.1567441999172153e-05
3.766,-0.03304395656840145,0.0,-0.030679615757712823,-0.03177939582069783,0.2960946323421233,3.605582586392723,BALANCE,1,-1.1567441999172153e-05
3.7680000000000002,-0.03304395656840145,0.0,-0.032213596545598466,-0.03193136607441305,-0.07598512685760839,5.663232113081889,BALANCE,1,-1.1567441999172153e-05
3.77,-0.03304395656840145,0.0,-0.032213596545598466,-0.03203014673932794,-0.04939033245744684,2.6710895510462396,BALANCE,1,-1.1567441999172153e-05
3.7720000000000002,-0.03304395656840145,0.0,-0.030679615757712823,-0.03155746089576265,0.23634292178264724,2.8715150370047735,BALANCE,1,-1.1567441999172153e-05
3.774,-0.03304395656840145,0.0,-0.032213596545598466,-0.031787108373205177,-0.11482373872126472,5.17943072936029,BALANCE,1,-1.1567441999172153e-05
3.7760000000000002,-0.03304395656840145,0.0,-0.0337475773334841,-0.0324732725093028,-0.34308206804881114,2.3499611750078024,BALANCE,1,-1.1567441999172153e-05
3.778,-0.03304395656840145,0.0,-0.0337475773334841,-0.03291927919776625,-0.22300334423172585,0.47623003771971284,BALANCE,1,-1.1567441999172153e-05
3.7800000000000002,-0.03304395656840145,0.0,-0.032213596545598466,-0.03267229026950752,0.12349446412936518,1.4035155711090352,BALANCE,1,-1.1567441999172153e-05
3.782,-0.03304395656840145,0.0,-0.030679615757712823,-0.03197485419037937,0.34871803956407554,4.183782915639386,BALANCE,1,-1.1567441999172153e-05
3.7840000000000003,-0.03304395656840145,0.0,-0.0337475773334841,-0.03259530729046602,-0.3102265500433271,6.0210227130266825,BALANCE,1,-1.1567441999172153e-05
3.786,-0.03304395656840145,0.0,-0.030679615757712823,-0.0319248152540024,0.3352460182318127,0.7057197487041682,BALANCE,1,-1.1567441999172153e-05
3.7880000000000003,-0.03304395656840145,0.0,-0.0337475773334841,-0.03256278198182099,-0.3189833639092969,5.903344854042304,BALANCE,1,-1.1567441999172153e-05
3.79,-0.03304395656840145,0.0,-0.0337475773334841,-0.03297746035490307,-0.2073391865410404,0.6247192368479482,BALANCE,1,-1.1567441999172153e-05
3.7920000000000003,-0.03304395656840145,0.0,-0.032213596545598466,-0.03271010802164646,0.1336761666283076,1.486396461338094,BALANCE,1,-1.1567441999172153e-05
3.794,-0.03304395656840145,0.0,-0.035281558121369745,-0.0336101155565496,-0.45000376745157195,4.224018405083946,BALANCE,1,-1.1567441999172153e-05
3.7960000000000003,-0.03304395656840145,0.0,-0.030679615757712823,-0.03258444062695672,0.5128374647964395,-0.5061435427605891,BALANCE,1,-1.1567441999172153e-05
3.798,-0.03304395656840145,0.0,-0.0337475773334841,-0.0329915384742413,-0.20354892364228896,7.251609922873684,BALANCE,1,-1.1567441999172153e-05
3.8000000000000003,-0.03304395656840145,0.0,-0.02914563496982718,-0.03164547224769635,0.6730331132724747,1.4894946368319326,BALANCE,1,-1.1567441999172153e-05
3.802,-0.03304395656840145,0.0,-0.0337475773334841,-0.03238120902772206,-0.3678683900128557,8.5765858112932,BALANCE,1,-1.1567441999172153e-05
3.8040000000000003,-0.03304395656840145,0.0,-0.0337475773334841,-0.03285943793473877,-0.23911445350835447,0.19875333640346948,BALANCE,1,-1.1567441999172153e-05
3.806,-0.03304395656840145,0.0,-0.0337475773334841,-0.033170286724299634,-0.1554243947804318,1.193519206431529,BALANCE,1,-1.1567441999172153e-05
3.8080000000000003,-0.03304395656840145,0.0,-0.0337475773334841,-0.03337233843751419,-0.10102585660727928,1.8377546915363991,BALANCE,1,-1.1567441999172153e-05
3.81,-0.03304395656840145,0.0,-0.035281558121369745,-0.03404056532686363,-0.33411344467471765,2.2541454264412426,BALANCE,1,-1.1567441999172153e-05
3.8120000000000003,-0.03304395656840145,0.0,-0.0337475773334841,-0.03393801952918079,0.05127289884141947,0.34254299547539624,BALANCE,1,-1.1567441999172153e-05
3.814,-0.03304395656840145,0.0,-0.030679615757712823,-0.032797578209167,0.5702206600068961,3.424998887559627,BALANCE,1,-1.1567441999172153e-05
3.8160000000000003,-0.03304395656840145,0.0,-0.0337475773334841,-0.03313007790267798,-0.16624984675549237,7.638447940442434,BALANCE,1,-1.1567441999172153e-05
3.818,-0.03304395656840145,0.0,-0.0337475773334841,-0.03334620270346012,-0.10806240039107004,1.7201078891521329,BALANCE,1,-1.1567441999172153e-05
3.8200000000000003,-0.03304395656840145,0.0,-0.0337475773334841,-0.03348668382396851,-0.07024056025419292,2.1659707314798906,BALANCE,1,-1.1567441999172153e-05
3.822,-0.03304395656840145,0.0,-0.0337475773334841,-0.03357799655229896,-0.04565636416522731,2.4534192485796105,BALANCE,1,-1.1567441999172153e-05
3.8240000000000003,-0.03304395656840145,0.0,-0.032213596545598466,-0.033100456549953784,0.23877000117258906,2.637898454281048,BALANCE,1,-1.1567441999172153e-05
3.826,-0.03304395656840145,0.0,-0.032213596545598466,-0.03279005554842942,0.1552005007621829,4.9353416858143,BALANCE,1,-1.1567441999172153e-05
3.8280000000000003,-0.03304395656840145,0.0,-0.0337475773334841,-0.03312518817319855,-0.16756631238456707,4.278851731512827,BALANCE,1,-1.1567441999172153e-05
3.83,-0.03304395656840145,0.0,-0.0337475773334841,-0.03334302437929849,-0.10891810304996738,1.6699842312180389,BALANCE,1,-1.1567441999172153e-05
3.8320000000000003,-0.03304395656840145,0.0,-0.030679615757712823,-0.0324108313617435,0.466096508777495,2.1194311286529803,BALANCE,1,-1.1567441999172153e-05
3.834,-0.03304395656840145,0.0,-0.032213596545598466,-0.03234179917609273,0.03451609282538459,6.76899743805363,BALANCE,1,-1.1567441999172153e-05
3.8360000000000003,-0.03304395656840145,0.0,-0.0337475773334841,-0.032833821531179704,-0.2460111775434877,3.314027681740575,BALANCE,1,-1.1567441999172153e-05
3.838,-0.03304395656840145,0.0,-0.0337475773334841,-0.033153636061986236,-0.15990726540326614,1.0337214131781418,BALANCE,1,-1.1567441999172153e-05
3.84,-0.03304395656840145,0.0,-0.032213596545598466,-0.03282462223125051,0.16450691536786313,1.696733111239126,BALANCE,1,-1.1567441999172153e-05
3.842,-0.03304395656840145,0.0,-0.0337475773334841,-0.03314765651703226,-0.16151714289087613,4.305222462806054,BALANCE,1,-1.1567441999172153e-05
3.844,-0.03304395656840145,0.0,-0.030679615757712823,-0.032283842251270456,0.43190713288090293,1.6710184082858275,BALANCE,1,-1.1567441999172153e-05
3.846,-0.03304395656840145,0.0,-0.0337475773334841,-0.03279614953004523,-0.25615363938738533,6.463784701955515,BALANCE,1,-1.1567441999172153e-05
3.848,-0.03304395656840145,0.0,-0.032213596545598466,-0.03259225598548886,0.10194677227818444,0.9220008571767133,BALANCE,1,-1.1567441999172153e-05
3.85,-0.03304395656840145,0.0,-0.0337475773334841,-0.032996618457287186,-0.20218123589916398,3.7925193119775553,BALANCE,1,-1.1567441999172153e-05
3.852,-0.03304395656840145,0.0,-0.0337475773334841,-0.0332594540639561,-0.13141780333445624,1.328634174559411,BALANCE,1,-1.1567441999172153e-05
3.854,-0.03304395656840145,0.0,-0.0337475773334841,-0.033430297208290896,-0.08542157216739898,1.8723196078641466,BALANCE,1,-1.1567441999172153e-05
3.856,-0.03304395656840145,0.0,-0.032213596545598466,-0.03300445197634854,0.21292261597117765,2.2233528090988592,BALANCE,1,-1.1567441999172153e-05
3.858,-0.03304395656840145,0.0,-0.035281558121369745,-0.03380143912710596,-0.3984935753787097,4.629056137728744,BALANCE,1,-1.1567441999172153e-05
3.86,-0.03304395656840145,0.0,-0.0337475773334841,-0.0337825874993383,0.009425813883828793,-0.31685290994122095,BALANCE,1,-1.1567441999172153e-05
3.862,-0.03304395656840145,0.0,-0.035281558121369745,-0.034307227217049305,-0.262319858855501,2.9408767843252783,BALANCE,1,-1.1567441999172153e-05
3.864,-0.03304395656840145,0.0,-0.0337475773334841,-0.03411134975780148,0.09793872962391217,0.7285715739045706,BALANCE,1,-1.1567441999172153e-05
3.866,-0.03304395656840145,0.0,-0.032213596545598466,-0.03344713613353042,0.3321068121355311,3.6155706593431853,BALANCE,1,-1.1567441999172153e-05
3.868,-0.03304395656840145,0.0,-0.035281558121369745,-0.03408918382927418,-0.3210238478718805,5.522078709665695,BALANCE,1,-1.1567441999172153e-05
3.87,-0.03304395656840145,0.0,-0.032213596545598466,-0.033432728279987674,0.3282277746432527,0.25169273109592094,BALANCE,1,-1.1567441999172153e-05
3.872,-0.03304395656840145,0.0,-0.035281558121369745,-0.0340798187244714,-0.3235452222418618,5.478406498518178,BALANCE,1,-1.1567441999172153e-05
3.874,-0.03304395656840145,0.0,-0.032213596545598466,-0.033426640961865865,0.32658888130276603,0.2185811330233447,BALANCE,1,-1.1567441999172153e-05
3.876,-0.03304395656840145,0.0,-0.035281558121369745,-0.03407586196769222,-0.32461050291317584,5.452159298944325,BALANCE,1,-1.1567441999172153e-05
3.878,-0.03304395656840145,0.0,-0.030679615757712823,-0.032887175794199426,0.5943430867463955,0.1967957924736714,BALANCE,1,-1.1567441999172153e-05
3.88,-0.03304395656840145,0.0,-0.032213596545598466,-0.032651423057189086,0.11787636850517022,7.613168245000969,BALANCE,1,-1.1567441999172153e-05
3.882,-0.03304395656840145,0.0,-0.0337475773334841,-0.03303507705389234,-0.19182699835162617,3.80904937868035,BALANCE,1,-1.1567441999172153e-05
3.884,-0.03304395656840145,0.0,-0.032213596545598466,-0.03274755887598948,0.1437590889514298,1.3017961886130056,BALANCE,1,-1.1567441999172153e-05
3.886,-0.03304395656840145,0.0,-0.032213596545598466,-0.03256067206035262,0.09344340781843041,3.997186465936427,BALANCE,1,-1.1567441999172153e-05
3.888,-0.03304395656840145,0.0,-0.032213596545598466,-0.03243919563018866,0.06073821508197769,3.599362091398573,BALANCE,1,-1.1567441999172153e-05
3.89,-0.03304395656840145,0.0,-0.032213596545598466,-0.032360235950582086,0.039479839803287925,3.33852129619075,BALANCE,1,-1.1567441999172153e-05
3.892,-0.03304395656840145,0.0,-0.035281558121369745,-0.03338269871035776,-0.5112313798878373,3.1667198275475106,BALANCE,1,-1.1567441999172153e-05
3.894,-0.03304395656840145,0.0,-0.032213596545598466,-0.032973512952692005,0.20459287883287797,-1.3069942353101025,BALANCE,1,-1.1567441999172153e-05
3.896,-0.03304395656840145,0.0,-0.03834951969714103,-0.03485511531324916,-0.9408011802785783,4.437556277325026,BALANCE,1,-1.1567441999172153e-05
3.898,-0.03304395656840145,0.0,-0.030679615757712823,-0.03339369046881144,0.730712422218862,-4.845463360262703,BALANCE,1,-1.1567441999172153e-05
3.9,-0.03304395656840145,0.0,-0.032213596545598466,-0.03298065759568689,0.20651643656227278,8.60765221228932,BALANCE,1,-1.1567441999172153e-05
3.902,-0.03304395656840145,0.0,-0.030679615757712823,-0.03217529295239596,0.40268232164546514,4.432270167904942,BALANCE,1,-1.1567441999172153e-05
3.904,-0.03304395656840145,0.0,-0.02914563496982718,-0.031114912658496884,0.5301901469495391,6.043484068577457,BALANCE,1,-1.1567441999172153e-05
3.906,-0.03304395656840145,0.0,-0.032213596545598466,-0.03149945201898243,-0.1922696802427737,7.120946506112293,BALANCE,1,-1.1567441999172153e-05
3.908,-0.03304395656840145,0.0,-0.035281558121369745,-0.03282318915481799,-0.6618685679177783,1.311895636540862,BALANCE,1,-1.1567441999172153e-05
3.91,-0.03304395656840145,0.0,-0.032213596545598466,-0.03260983174159115,0.1066787066134195,-2.530884330840271,BALANCE,1,-1.1567441999172153e-05
3.912,-0.03304395656840145,0.0,-0.0337475773334841,-0.033008042698753674,-0.19910547858126293,3.6237733438546025,BALANCE,1,-1.1567441999172153e-05
3.914,-0.03304395656840145,0.0,-0.035281558121369745,-0.03380377309666929,-0.39786519895780925,1.1470055963276407,BALANCE,1,-1.1567441999172153e-05
3.916,-0.03304395656840145,0.0,-0.030679615757712823,-0.03271031802803452,0.5467275343173857,-0.49757674517900163,BALANCE,1,-1.1567441999172153e-05
3.918,-0.03304395656840145,0.0,-0.0337475773334841,-0.03307335878494187,-0.18152037845367563,7.118230361535039,BALANCE,1,-1.1567441999172153e-05
3.92,-0.03304395656840145,0.0,-0.035281558121369745,-0.03384622855269162,-0.38643488387487407,1.263849942195118,BALANCE,1,-1.1567441999172153e-05
3.922,-0.03304395656840145,0.0,-0.035281558121369745,-0.03434859390172896,-0.25118267451866916,-0.428607532949993,BALANCE,1,-1.1567441999172153e-05
3.924,-0.03304395656840145,0.0,-0.032213596545598466,-0.03360134482708328,0.37362453732283846,0.6163985021770602,BALANCE,1,-1.1567441999172153e-05
3.926,-0.03304395656840145,0.0,-0.032213596545598466,-0.03311563292856359,0.2428559492598445,5.652970872422445,BALANCE,1,-1.1567441999172153e-05
3.928,-0.03304395656840145,0.0,-0.030679615757712823,-0.03226302691876582,0.42630300489888623,4.629341755243962,BALANCE,1,-1.1567441999172153e-05
3.93,-0.03304395656840145,0.0,-0.032213596545598466,-0.03224572628815724,0.008650315304288558,6.141621955560408,BALANCE,1,-1.1567441999172153e-05
3.932,-0.03304395656840145,0.0,-0.032213596545598466,-0.03223448087826167,0.00562270494778791,2.79498933138251,BALANCE,1,-1.1567441999172153e-05
3.934,-0.03304395656840145,0.0,-0.030679615757712823,-0.03169027808606957,0.2721013960960486,2.7649962769485867,BALANCE,1,-1.1567441999172153e-05
3.936,-0.03304395656840145,0.0,-0.032213596545598466,-0.03187343954690468,-0.09158073041755366,4.923139918048985,BALANCE,1,-1.1567441999172153e-05
3.938,-0.03304395656840145,0.0,-0.030679615757712823,-0.031455601220687524,0.2089191631085771,1.9963185303806794,BALANCE,1,-1.1567441999172153e-05
3.94,-0.03304395656840145,0.0,-0.032213596545598466,-0.03172089958440635,-0.13264918185941152,4.419096857918618,BALANCE,1,-1.1567441999172153e-05
3.942,-0.03304395656840145,0.0,-0.02914563496982718,-0.030819556969303635,0.4506713075513556,1.6642880164346971,BALANCE,1,-1.1567441999172153e-05
3.944,-0.03304395656840145,0.0,-0.035281558121369745,-0.03238125737252677,-0.7808502016115673,6.378768577233137,BALANCE,1,-1.1567441999172153e-05
3.946,-0.03304395656840145,0.0,-0.03681553890925539,-0.03393325591038178,-0.7759992689275047,-3.57358177173814,BALANCE,1,-1.1567441999172153e-05
3.948,-0.03304395656840145,0.0,-0.0337475773334841,-0.033868268408467586,0.03249375095709661,-3.6346808737190157,BALANCE,1,-1.1567441999172153e-05
3.95,-0.03304395656840145,0.0,-0.035281558121369745,-0.03436291980798334,-0.24732569975787627,2.830388881790952,BALANCE,1,-1.1567441999172153e-05
3.952,-0.03304395656840145,0.0,-0.035281558121369745,-0.03468444321766857,-0.16076170484261715,0.5552816081386265,BALANCE,1,-1.1567441999172153e-05
3.954,-0.03304395656840145,0.0,-0.032213596545598466,-0.03381964688244403,0.4323981676122718,1.2215652742360525,BALANCE,1,-1.1567441999172153e-05
3.956,-0.03304395656840145,0.0,-0.032213596545598466,-0.03325752926454808,0.28105880894797525,6.011968104612148,BALANCE,1,-1.1567441999172153e-05
3.958,-0.03304395656840145,0.0,-0.03681553890925539,-0.03450283264019563,-0.6226516878237754,4.8283287865186235,BALANCE,1,-1.1567441999172153e-05
3.96,-0.03304395656840145,0.0,-0.0337475773334841,-0.03423849328284659,0.13216967867452079,-2.482973956722275,BALANCE,1,-1.1567441999172153e-05
3.962,-0.03304395656840145,0.0,-0.0337475773334841,-0.03406667270056971,0.08591029113843782,3.564609638048468,BALANCE,1,-1.1567441999172153e-05
3.964,-0.03304395656840145,0.0,-0.035281558121369745,-0.034491882597849716,-0.21260494864000154,3.1980304381563043,BALANCE,1,-1.1567441999172153e-05
3.966,-0.03304395656840145,0.0,-0.035281558121369745,-0.03476826903108172,-0.13819321661600117,0.7774975495724181,BALANCE,1,-1.1567441999172153e-05
3.968,-0.03304395656840145,0.0,-0.030679615757712823,-0.0333372403854026,0.7155143228395576,1.3492545659642845,BALANCE,1,-1.1567441999172153e-05
3.97,-0.03304395656840145,0.0,-0.032213596545598466,-0.03294396504147115,0.19663767196572562,8.258109152272421,BALANCE,1,-1.1567441999172153e-05
3.972,-0.03304395656840145,0.0,-0.02914563496982718,-0.03161454951639576,0.6647077625376967,4.124103672909358,BALANCE,1,-1.1567441999172153e-05
3.974,-0.03304395656840145,0.0,-0.035281558121369745,-0.03289800252813665,-0.6417265058704449,7.942106419086372,BALANCE,1,-1.1567441999172153e-05
3.976,-0.03304395656840145,0.0,-0.032213596545598466,-0.032658460434248276,0.1197710469441858,-2.592954509388843,BALANCE,1,-1.1567441999172153e-05
3.978,-0.03304395656840145,0.0,-0.032213596545598466,-0.03250275807322084,0.07785118051371887,3.506866746674655,BALANCE,1,-1.1567441999172153e-05
3.98,-0.03304395656840145,0.0,-0.030679615757712823,-0.03186465826279303,0.31904990521390564,3.1743494052779226,BALANCE,1,-1.1567441999172153e-05
3.982,-0.03304395656840145,0.0,-0.035281558121369745,-0.03306057321329487,-0.5979574752509216,5.135852259852526,BALANCE,1,-1.1567441999172153e-05
3.984,-0.03304395656840145,0.0,-0.032213596545598466,-0.03276413137960112,0.14822091684687372,-2.278573795538861,BALANCE,1,-1.1567441999172153e-05
3.986,-0.03304395656840145,0.0,-0.030679615757712823,-0.03203455091194021,0.3647902338304552,3.7020870249892055,BALANCE,1,-1.1567441999172153e-05
3.988,-0.03304395656840145,0.0,-0.035281558121369745,-0.03317100343524054,-0.5682262616501649,5.472009478735124,BALANCE,1,-1.1567441999172153e-05
3.99,-0.03304395656840145,0.0,-0.0337475773334841,-0.03337280429962578,-0.10090043219261949,-2.0669438371949047,BALANCE,1,-1.1567441999172153e-05
3.992,-0.03304395656840145,0.0,-0.032213596545598466,-0.032967081585716214,0.2028613569547838,1.6528801857424185,BALANCE,1,-1.1567441999172153e-05
3.994,-0.03304395656840145,0.0,-0.035281558121369745,-0.03377714837319495,-0.4050333937393666,4.100724445439076,BALANCE,1,-1.1567441999172153e-05
3.996,-0.03304395656840145,0.0,-0.032213596545598466,-0.033229905233536174,0.27362156982938673,-0.8177929970374898,BALANCE,1,-1.1567441999172153e-05
3.998,-0.03304395656840145,0.0,-0.0337475773334841,-0.033411090468517944,-0.09059261749088526,4.637635318845355,BALANCE,1,-1.1567441999172153e-05
4.0,-0.03304395656840145,0.0,-0.032213596545598466,-0.03299196759549612,0.20956143651091122,1.7063684880905696,BALANCE,1,-1.1567441999172153e-05
4.002,-0.03304395656840145,0.0,-0.032213596545598466,-0.03271953772803194,0.13621493373209073,4.126149898967151,BALANCE,1,-1.1567441999172153e-05
4.0040000000000004,-0.03304395656840145,0.0,-0.032213596545598466,-0.03254245831418022,0.08853970692586019,3.5491797612388316,BALANCE,1,-1.1567441999172153e-05
4.006,-0.03304395656840145,0.0,-0.032213596545598466,-0.0324273566951766,0.0575508095018093,3.171894219957255,BALANCE,1,-1.1567441999172153e-05
4.008,-0.03304395656840145,0.0,-0.0337475773334841,-0.03288943391858422,-0.23103861170380852,2.9244036663660298,BALANCE,1,-1.1567441999172153e-05
4.01,-0.03304395656840145,0.0,-0.030679615757712823,-0.032115997562279223,0.38671817815249737,0.5813857765329136,BALANCE,1,-1.1567441999172153e-05
4.0120000000000005,-0.03304395656840145,0.0,-0.0337475773334841,-0.03268705048220093,-0.28552645996085185,5.563423077249205,BALANCE,1,-1.1567441999172153e-05
4.014,-0.03304395656840145,0.0,-0.032213596545598466,-0.03252134160439006,0.08285443890543309,0.14466538705066778,BALANCE,1,-1.1567441999172153e-05
4.016,-0.03304395656840145,0.0,-0.030679615757712823,-0.03187673755805302,0.3223020231685192,3.0951508423287217,BALANCE,1,-1.1567441999172153e-05
4.018,-0.03304395656840145,0.0,-0.0337475773334841,-0.032531531479453896,-0.3273969607004365,5.043032411702022,BALANCE,1,-1.1567441999172153e-05
4.0200000000000005,-0.03304395656840145,0.0,-0.0337475773334841,-0.03295714752836446,-0.21280802445528338,-0.20035340082956754,BALANCE,1,-1.1567441999172153e-05
4.022,-0.03304395656840145,0.0,-0.0337475773334841,-0.03323379796015633,-0.13832521589593472,0.684229696691351,BALANCE,1,-1.1567441999172153e-05
4.024,-0.03304395656840145,0.0,-0.032213596545598466,-0.032876727465061074,0.17853524754762873,1.2568463796665972,BALANCE,1,-1.1567441999172153e-05
4.026,-0.03304395656840145,0.0,-0.030679615757712823,-0.03210773836748918,0.38449454878594636,3.8065789714278075,BALANCE,1,-1.1567441999172153e-05
4.0280000000000005,-0.03304395656840145,0.0,-0.035281558121369745,-0.033218575281347376,-0.5554184569290972,5.493971179515165,BALANCE,1,-1.1567441999172153e-05
4.03,-0.03304395656840145,0.0,-0.032213596545598466,-0.032866832723835254,0.17587127875606096,-2.098626796092945,BALANCE,1,-1.1567441999172153e-05
4.032,-0.03304395656840145,0.0,-0.035281558121369745,-0.03371198661297232,-0.4225769445685319,3.766222276294281,BALANCE,1,-1.1567441999172153e-05
4.034,-0.03304395656840145,0.0,-0.0337475773334841,-0.03372444336515144,-0.006228376089559284,-1.0788151409732798,BALANCE,1,-1.1567441999172153e-05
4.0360000000000005,-0.03304395656840145,0.0,-0.0337475773334841,-0.03373254025406786,-0.004048444458212841,2.2444811130547233,BALANCE,1,-1.1567441999172153e-05
4.038,-0.03304395656840145,0.0,-0.032213596545598466,-0.03320090995610357,0.26581514898214514,2.254688244719696,BALANCE,1,-1.1567441999172153e-05
4.04,-0.03304395656840145,0.0,-0.0337475773334841,-0.033392243538186754,-0.09566679104159106,4.438854628129196,BALANCE,1,-1.1567441999172153e-05
4.042,-0.03304395656840145,0.0,-0.032213596545598466,-0.03297971709078085,0.20626322370295366,1.528840644306678,BALANCE,1,-1.1567441999172153e-05
4.0440000000000005,-0.03304395656840145,0.0,-0.0337475773334841,-0.03324846817572698,-0.13437554247306555,3.9624364056892345,BALANCE,1,-1.1567441999172153e-05
4.046,-0.03304395656840145,0.0,-0.035281558121369745,-0.03396004965670194,-0.355790740487482,1.2145515175491672,BALANCE,1,-1.1567441999172153e-05
4.048,-0.03304395656840145,0.0,-0.035281558121369745,-0.03442257761933567,-0.2312639813168635,-0.6062569653560033,BALANCE,1,-1.1567441999172153e-05
4.05,-0.03304395656840145,0.0,-0.0337475773334841,-0.034186327519287615,0.11812505002402676,0.35532091472705396,BALANCE,1,-1.1567441999172153e-05
4.0520000000000005,-0.03304395656840145,0.0,-0.032213596545598466,-0.03349587167849641,0.3452279203956035,3.1577709059532024,BALANCE,1,-1.1567441999172153e-05
4.054,-0.03304395656840145,0.0,-0.03681553890925539,-0.034657755209262044,-0.5809417653828176,5.00932204503759,BALANCE,1,-1.1567441999172153e-05
4.056,-0.03304395656840145,0.0,-0.030679615757712823,-0.03326540640121981,0.696174404021116,-2.4766800040775703,BALANCE,1,-1.1567441999172153e-05
4.058,-0.03304395656840145,0.0,-0.032213596545598466,-0.032897272951752335,0.1840667247337384,7.817137198356188,BALANCE,1,-1.1567441999172153e-05
4.0600000000000005,-0.03304395656840145,0.0,-0.0337475773334841,-0.03319487948535845,-0.14880326680305825,3.7357843164348656,BALANCE,1,-1.1567441999172153e-05
4.062,-0.03304395656840145,0.0,-0.0337475773334841,-0.03338832373220242,-0.09672212342198491,1.0483290162270533,BALANCE,1,-1.1567441999172153e-05
4.064,-0.03304395656840145,0.0,-0.032213596545598466,-0.032977169216891034,0.20557725765569385,1.4466938437185624,BALANCE,1,-1.1567441999172153e-05
4.066,-0.03304395656840145,0.0,-0.032213596545598466,-0.03270991878193863,0.13362521747620204,3.8831627294152975,BALANCE,1,-1.1567441999172153e-05
4.0680000000000005,-0.03304395656840145,0.0,-0.032213596545598466,-0.03253620599921957,0.08685639135953133,3.3170394503201193,BALANCE,1,-1.1567441999172153e-05
4.07,-0.03304395656840145,0.0,-0.035281558121369745,-0.03349707924197212,-0.4804366213762776,2.9468043671500532,BALANCE,1,-1.1567441999172153e-05
4.072,-0.03304395656840145,0.0,-0.032213596545598466,-0.03304786029824134,0.22460947186539112,-1.6558915451499656,BALANCE,1,-1.1567441999172153e-05
4.074,-0.03304395656840145,0.0,-0.0337475773334841,-0.0332927612605763,-0.1224504811674805,4.004820765347582,BALANCE,1,-1.1567441999172153e-05
4.0760000000000005,-0.03304395656840145,0.0,-0.030679615757712823,-0.03237816033457408,0.45730046300111044,1.2069885310923967,BALANCE,1,-1.1567441999172153e-05
4.078,-0.03304395656840145,0.0,-0.032213596545598466,-0.03232056300843261,0.028798663070733754,5.893396507934343,BALANCE,1,-1.1567441999172153e-05
4.08,-0.03304395656840145,0.0,-0.032213596545598466,-0.032283124746440656,0.018719130995978328,2.4623738354581306,BALANCE,1,-1.1567441999172153e-05
4.082,-0.03304395656840145,0.0,-0.0337475773334841,-0.032795683151905855,-0.2562792027325997,2.3775272496303166,BALANCE,1,-1.1567441999172153e-05
4.0840000000000005,-0.03304395656840145,0.0,-0.030679615757712823,-0.03205505956393829,0.3703117939837831,0.1402279388433998,BALANCE,1,-1.1567441999172153e-05
4.086,-0.03304395656840145,0.0,-0.030679615757712823,-0.03157365423175937,0.24070266608946025,5.190982315939729,BALANCE,1,-1.1567441999172153e-05
4.088,-0.03304395656840145,0.0,-0.030679615757712823,-0.03126074076584307,0.1564567329581483,4.176678881869529,BALANCE,1,-1.1567441999172153e-05
4.09,-0.03304395656840145,0.0,-0.0337475773334841,-0.032131133564517425,-0.4351963993371767,3.5152340766208425,BALANCE,1,-1.1567441999172153e-05
4.0920000000000005,-0.03304395656840145,0.0,-0.030679615757712823,-0.03162310233213581,0.2540156161908065,-1.2766407763751229,BALANCE,1,-1.1567441999172153e-05
4.094,-0.03304395656840145,0.0,-0.035281558121369745,-0.03290356185836768,-0.6402297631159342,4.261212601325212,BALANCE,1,-1.1567441999172153e-05
4.096,-0.03304395656840145,0.0,-0.0337475773334841,-0.033198967274658424,-0.14770270814537176,-2.9761587170742976,BALANCE,1,-1.1567441999172153e-05
4.098,-0.03304395656840145,0.0,-0.0337475773334841,-0.0333909807952474,-0.09600676029448973,0.9396936042578252,BALANCE,1,-1.1567441999172153e-05
4.1,-0.03304395656840145,0.0,-0.0337475773334841,-0.033515789583630246,-0.0624043941914211,1.3350621796704925,BALANCE,1,-1.1567441999172153e-05
4.102,-0.03304395656840145,0.0,-0.035281558121369745,-0.034133808571839064,-0.30900949410440914,1.5896894232753453,BALANCE,1,-1.1567441999172153e-05
4.104,-0.03304395656840145,0.0,-0.03681553890925539,-0.03507241418993477,-0.4693028090478543,-0.42705927703545665,BALANCE,1,-1.1567441999172153e-05
4.106,-0.03304395656840145,0.0,-0.032213596545598466,-0.03407182801441706,0.5002930877588546,-1.772736616506747,BALANCE,1,-1.1567441999172153e-05
4.108,-0.03304395656840145,0.0,-0.032213596545598466,-0.03342144700033055,0.3251905070432576,6.037251362875104,BALANCE,1,-1.1567441999172153e-05
4.11,-0.03304395656840145,0.0,-0.030679615757712823,-0.032461806065414336,0.4798204674581058,4.668769288595453,BALANCE,1,-1.1567441999172153e-05
4.112,-0.03304395656840145,0.0,-0.032213596545598466,-0.03237493273347878,0.043436665967778315,5.956895066796127,BALANCE,1,-1.1567441999172153e-05
4.114,-0.03304395656840145,0.0,-0.030679615757712823,-0.03178157179196069,0.2966804707590434,2.4645620682429454,BALANCE,1,-1.1567441999172153e-05
4.116,-0.03304395656840145,0.0,-0.0337475773334841,-0.032469673731493884,-0.3440509697665954,4.519757848705759,BALANCE,1,-1.1567441999172153e-05
4.118,-0.03304395656840145,0.0,-0.0337475773334841,-0.032916939992190454,-0.2236331303482851,-0.6538737266176415,BALANCE,1,-1.1567441999172153e-05
4.12,-0.03304395656840145,0.0,-0.035281558121369745,-0.0337445563374032,-0.41380817260637176,0.27604962508860886,BALANCE,1,-1.1567441999172153e-05
4.122,-0.03304395656840145,0.0,-0.0337475773334841,-0.03374561368603151,-0.0005286743141562356,-1.3017566049563296,BALANCE,1,-1.1567441999172153e-05
4.124,-0.03304395656840145,0.0,-0.0337475773334841,-0.03374630096263991,-0.0003436383042010327,1.9976668177264898,BALANCE,1,-1.1567441999172153e-05
4.126,-0.03304395656840145,0.0,-0.0337475773334841,-0.033746747692435373,-0.00022336489773067125,1.992356609017099,BALANCE,1,-1.1567441999172153e-05
4.128,-0.03304395656840145,0.0,-0.0337475773334841,-0.033747038066802425,-0.0001451871835256302,1.9865426429426472,BALANCE,1,-1.1567441999172153e-05
4.13,-0.03304395656840145,0.0,-0.0337475773334841,-0.03374722681014101,-9.437166929165963e-05,1.9804012345809037,BALANCE,1,-1.1567441999172153e-05
4.132,-0.03304395656840145,0.0,-0.0337475773334841,-0.03374734949331109,-6.13415850406196e-05,1.974046988732432,BALANCE,1,-1.1567441999172153e-05
4.134,-0.03304395656840145,0.0,-0.0337475773334841,-0.03374742923737164,-3.987203027466801e-05,1.9675543985175734,BALANCE,1,-1.1567441999172153e-05
4.136,-0.03304395656840145,0.0,-0.032213596545598466,-0.033210587795251025,0.26842072106030707,1.9609718844645938,BALANCE,1,-1.1567441999172153e-05
4.138,-0.03304395656840145,0.0,-0.0337475773334841,-0.0333985341336326,-0.09397316919078705,4.134224998157434,BALANCE,1,-1.1567441999172153e-05
4.14,-0.03304395656840145,0.0,-0.0337475773334841,-0.03352069925358062,-0.0610825599740121,1.2171173890190596,BALANCE,1,-1.1567441999172153e-05
4.142,-0.03304395656840145,0.0,-0.0337475773334841,-0.033600106581546836,-0.03970366398310665,1.4662082157056622,BALANCE,1,-1.1567441999172153e-05
4.144,-0.03304395656840145,0.0,-0.030679615757712823,-0.03257793479320493,0.511085894170954,1.6257549226386234,BALANCE,1,-1.1567441999172153e-05
4.146,-0.03304395656840145,0.0,-0.0337475773334841,-0.03298730968230264,-0.2046874445488546,6.0868861082129815,BALANCE,1,-1.1567441999172153e-05
4.148,-0.03304395656840145,0.0,-0.030679615757712823,-0.032179616808696195,0.4038464368032214,0.3295394431721905,BALANCE,1,-1.1567441999172153e-05
4.15,-0.03304395656840145,0.0,-0.030679615757712823,-0.03165461644085201,0.2625001839220917,5.239836143043446,BALANCE,1,-1.1567441999172153e-05
4.152,-0.03304395656840145,0.0,-0.0337475773334841,-0.03238715275327324,-0.3662681562106133,4.1342352187768885,BALANCE,1,-1.1567441999172153e-05
4.154,-0.03304395656840145,0.0,-0.032213596545598466,-0.032326408080587066,0.03037233634308606,-0.9463411115806797,BALANCE,1,-1.1567441999172153e-05
4.156,-0.03304395656840145,0.0,-0.030679615757712823,-0.031750030767581074,0.288188656502996,2.2239622275939688,BALANCE,1,-1.1567441999172153e-05
4.158,-0.03304395656840145,0.0,-0.032213596545598466,-0.03191227878988716,-0.08112401115304216,4.314725421500092,BALANCE,1,-1.1567441999172153e-05
4.16,-0.03304395656840145,0.0,-0.0337475773334841,-0.032554633280146086,-0.3211772451294642,1.3441067431554443,BALANCE,1,-1.1567441999172153e-05
4.162,-0.03304395656840145,0.0,-0.030679615757712823,-0.03189837714729444,0.3281280664258236,-0.6213713247274972,BALANCE,1,-1.1567441999172153e-05
4.164,-0.03304395656840145,0.0,-0.030679615757712823,-0.03147181066094087,0.21328324317678587,4.606066860256445,BALANCE,1,-1.1567441999172153e-05
4.166,-0.03304395656840145,0.0,-0.032213596545598466,-0.03173143572057102,-0.1298125298150772,3.7066079013131694,BALANCE,1,-1.1567441999172153e-05
4.168,-0.03304395656840145,0.0,-0.032213596545598466,-0.03190019200933062,-0.08437814437979932,0.9399179266563413,BALANCE,1,-1.1567441999172153e-05
4.17,-0.03304395656840145,0.0,-0.035281558121369745,-0.03308367014854431,-0.5917390696068454,1.2868875944111227,BALANCE,1,-1.1567441999172153e-05
4.172,-0.03304395656840145,0.0,-0.032213596545598466,-0.03277914438751326,0.1522628805155253,-2.849625229787776,BALANCE,1,-1.1567441999172153e-05
4.174,-0.03304395656840145,0.0,-0.0337475773334841,-0.03311809591860305,-0.16947576554489363,3.11410608797555,BALANCE,1,-1.1567441999172153e-05
4.176,-0.03304395656840145,0.0,-0.035281558121369745,-0.033875307689571386,-0.37860588548416924,0.5132362084430908,BALANCE,1,-1.1567441999172153e-05
4.178,-0.03304395656840145,0.0,-0.030679615757712823,-0.032756815513420884,0.5592460880752513,-1.212012518867129,BALANCE,1,-1.1567441999172153e-05
4.18,-0.03304395656840145,0.0,-0.030679615757712823,-0.03202979559892306,0.3635099572489135,6.351361437074582,BALANCE,1,-1.1567441999172153e-05
4.182,-0.03304395656840145,0.0,-0.0337475773334841,-0.03263101920601942,-0.30061180354818207,4.822687626213964,BALANCE,1,-1.1567441999172153e-05
4.184,-0.03304395656840145,0.0,-0.032213596545598466,-0.03248492127487208,0.0730489655736688,-0.5328860804297868,BALANCE,1,-1.1567441999172153e-05
4.186,-0.03304395656840145,0.0,-0.032213596545598466,-0.03238995761962631,0.047481827622885414,2.4586689641588864,BALANCE,1,-1.1567441999172153e-05
4.188,-0.03304395656840145,0.0,-0.0337475773334841,-0.032865124519476534,-0.2375834499251106,2.2533516883434404,BALANCE,1,-1.1567441999172153e-05
4.19,-0.03304395656840145,0.0,-0.032213596545598466,-0.03263708972861921,0.11401739542866302,-0.062253570935436375,BALANCE,1,-1.1567441999172153e-05
4.192,-0.03304395656840145,0.0,-0.032213596545598466,-0.03248886711456194,0.07411130702863339,2.757707861400468,BALANCE,1,-1.1567441999172153e-05
4.194,-0.03304395656840145,0.0,-0.0337475773334841,-0.03292941569118469,-0.22027428831137424,2.4408547376207546,BALANCE,1,-1.1567441999172153e-05
4.196,-0.03304395656840145,0.0,-0.032213596545598466,-0.032678878990229504,0.1252683504775927,0.052751177165092145,BALANCE,1,-1.1567441999172153e-05
4.198,-0.03304395656840145,0.0,-0.03681553890925539,-0.03412670996188856,-0.7239154858295279,2.825588713736093,BALANCE,1,-1.1567441999172153e-05
4.2,-0.03304395656840145,0.0,-0.032213596545598466,-0.033457120266187024,0.33479484785076813,-4.0615771770127935,BALANCE,1,-1.1567441999172153e-05
4.202,-0.03304395656840145,0.0,-0.030679615757712823,-0.032484993688221046,0.4860632889829887,4.44158945011843,BALANCE,1,-1.1567441999172153e-05
4.204,-0.03304395656840145,0.0,-0.035281558121369745,-0.033463791239823085,-0.48939877580101915,5.703567575116509,BALANCE,1,-1.1567441999172153e-05
4.206,-0.03304395656840145,0.0,-0.035281558121369745,-0.03410000964836441,-0.3181092042706633,-2.1655495544996413,BALANCE,1,-1.1567441999172153e-05
4.208,-0.03304395656840145,0.0,-0.030679615757712823,-0.032902871786636353,0.598568930864029,-0.8402260886989463,BALANCE,1,-1.1567441999172153e-05
4.21,-0.03304395656840145,0.0,-0.035281558121369745,-0.033735412003793035,-0.41627010857834057,6.558446689724947,BALANCE,1,-1.1567441999172153e-05
4.212,-0.03304395656840145,0.0,-0.035281558121369745,-0.03427656314494488,-0.2705755705759219,-1.6169651212441685,BALANCE,1,-1.1567441999172153e-05
4.214,-0.03304395656840145,0.0,-0.02914563496982718,-0.03248073828365368,0.8979124306455998,-0.4907331983229186,BALANCE,1,-1.1567441999172153e-05
4.216,-0.03304395656840145,0.0,-0.0337475773334841,-0.032924131951094324,-0.22169683372032234,8.958424155469995,BALANCE,1,-1.1567441999172153e-05
4.218,-0.03304395656840145,0.0,-0.0337475773334841,-0.033212337834930744,-0.14410294191821021,-0.031638405894038435,BALANCE,1,-1.1567441999172153e-05
4.22,-0.03304395656840145,0.0,-0.032213596545598466,-0.03286277838366444,0.1747797256331507,0.5651779079256869,BALANCE,1,-1.1567441999172153e-05
4.222,-0.03304395656840145,0.0,-0.0337475773334841,-0.03317245801610132,-0.15483981621843695,3.1306402597358196,BALANCE,1,-1.1567441999172153e-05
4.224,-0.03304395656840145,0.0,-0.032213596545598466,-0.032836856501425316,0.16780075733800054,0.46846865537368565,BALANCE,1,-1.1567441999172153e-05
4.226,-0.03304395656840145,0.0,-0.0337475773334841,-0.03315560879264588,-0.15937614561028352,3.06316196340546,BALANCE,1,-1.1567441999172153e-05
4.228,-0.03304395656840145,0.0,-0.032213596545598466,-0.03282590450617928,0.16485214323330027,0.4199904805874244,BALANCE,1,-1.1567441999172153e-05
4.23,-0.03304395656840145,0.0,-0.0337475773334841,-0.03314848999573596,-0.16129274477834007,3.027033867622855,BALANCE,1,-1.1567441999172153e-05
4.232,-0.03304395656840145,0.0,-0.0337475773334841,-0.033358170563947805,-0.10484028410592122,0.3918899361571846,BALANCE,1,-1.1567441999172153e-05
4.234,-0.03304395656840145,0.0,-0.035281558121369745,-0.03403135620904548,-0.3365928225488382,0.8242571533310352,BALANCE,1,-1.1567441999172153e-05
4.236,-0.03304395656840145,0.0,-0.032213596545598466,-0.03339514032683902,0.31810794110323154,-1.0769605641599704,BALANCE,1,-1.1567441999172153e-05
4.238,-0.03304395656840145,0.0,-0.0337475773334841,-0.03351849327916479,-0.06167647616288699,4.192139469923607,BALANCE,1,-1.1567441999172153e-05
4.24,-0.03304395656840145,0.0,-0.032213596545598466,-0.03306177942241657,0.22835692837410923,1.1397592559992797,BALANCE,1,-1.1567441999172153e-05
4.242,-0.03304395656840145,0.0,-0.032213596545598466,-0.032764915415530234,0.14843200344316979,3.4808169678156595,BALANCE,1,-1.1567441999172153e-05
4.244,-0.03304395656840145,0.0,-0.03681553890925539,-0.034182633638334035,-0.7088591114019007,2.8526764256982187,BALANCE,1,-1.1567441999172153e-05
4.246,-0.03304395656840145,0.0,-0.035281558121369745,-0.03456725720739653,-0.1923117845312461,-4.09755211315824,BALANCE,1,-1.1567441999172153e-05
4.248,-0.03304395656840145,0.0,-0.035281558121369745,-0.034817262527287146,-0.12500265994530926,0.004835636221767636,BALANCE,1,-1.1567441999172153e-05
4.25,-0.03304395656840145,0.0,-0.02914563496982718,-0.032832192882176155,0.9925348225554957,0.5213448612103679,BALANCE,1,-1.1567441999172153e-05
4.252,-0.03304395656840145,0.0,-0.0337475773334841,-0.03315257744013393,-0.16019227897888857,9.574182461347032,BALANCE,1,-1.1567441999172153e-05
4.2540000000000004,-0.03304395656840145,0.0,-0.035281558121369745,-0.03389772067856646,-0.3725716192162637,0.32651206010646394,BALANCE,1,-1.1567441999172153e-05
4.256,-0.03304395656840145,0.0,-0.032213596545598466,-0.03330827723202766,0.2947217232694005,-1.424010800234202,BALANCE,1,-1.1567441999172153e-05
4.258,-0.03304395656840145,0.0,-0.0337475773334841,-0.03346203226753741,-0.07687751775487667,3.943040890997034,BALANCE,1,-1.1567441999172153e-05
4.26,-0.03304395656840145,0.0,-0.032213596545598466,-0.03302507976485878,0.2184762513393161,0.9543292542187238,BALANCE,1,-1.1567441999172153e-05
4.2620000000000005,-0.03304395656840145,0.0,-0.032213596545598466,-0.032741060638117665,0.14200956337055703,3.3367715411800125,BALANCE,1,-1.1567441999172153e-05
4.264,-0.03304395656840145,0.0,-0.035281558121369745,-0.033630234757255885,-0.4445870595691098,2.7355309729067825,BALANCE,1,-1.1567441999172153e-05
4.266,-0.03304395656840145,0.0,-0.030679615757712823,-0.03259751810741581,0.5163583249200367,-2.017318504710297,BALANCE,1,-1.1567441999172153e-05
4.268,-0.03304395656840145,0.0,-0.032213596545598466,-0.032463145560779734,0.06718627331803867,5.725688066571797,BALANCE,1,-1.1567441999172153e-05
4.2700000000000005,-0.03304395656840145,0.0,-0.035281558121369745,-0.033449589956986235,-0.4932221981032506,2.1338813774418215,BALANCE,1,-1.1567441999172153e-05
4.272,-0.03304395656840145,0.0,-0.032213596545598466,-0.03301699226300051,0.21629884699286145,-2.41526297569228,BALANCE,1,-1.1567441999172153e-05
4.274,-0.03304395656840145,0.0,-0.030679615757712823,-0.03219891048614982,0.4090408884253466,3.280257848263159,BALANCE,1,-1.1567441999172153e-05
4.276,-0.03304395656840145,0.0,-0.032213596545598466,-0.032204050606956844,-0.002570060403512403,4.864839304236852,BALANCE,1,-1.1567441999172153e-05
4.2780000000000005,-0.03304395656840145,0.0,-0.030679615757712823,-0.03167049840972143,0.26677609861770757,1.5652024962361673,BALANCE,1,-1.1567441999172153e-05
4.28,-0.03304395656840145,0.0,-0.032213596545598466,-0.031860582757278384,-0.09504217377847776,3.745650800558108,BALANCE,1,-1.1567441999172153e-05
4.282,-0.03304395656840145,0.0,-0.030679615757712823,-0.031447244307430434,0.20666922492397488,0.8333274439837521,BALANCE,1,-1.1567441999172153e-05
4.284,-0.03304395656840145,0.0,-0.032213596545598466,-0.03171546759078924,-0.13411164167940332,3.2655294917327646,BALANCE,1,-1.1567441999172153e-05
4.2860000000000005,-0.03304395656840145,0.0,-0.030679615757712823,-0.031352919449212494,0.1812740707883738,0.5168460683860525,BALANCE,1,-1.1567441999172153e-05
4.288,-0.03304395656840145,0.0,-0.030679615757712823,-0.031117263157187606,0.11782814601244383,3.055414072733032,BALANCE,1,-1.1567441999172153e-05
4.29,-0.03304395656840145,0.0,-0.032213596545598466,-0.0315009798431314,-0.19185834297189874,2.555762599415648,BALANCE,1,-1.1567441999172153e-05
4.292,-0.03304395656840145,0.0,-0.030679615757712823,-0.031213502413234895,0.14373871494825427,0.04894749041565305,BALANCE,1,-1.1567441999172153e-05
4.2940000000000005,-0.03304395656840145,0.0,-0.032213596545598466,-0.03156353535956214,-0.17501647316362293,2.744729899088021,BALANCE,1,-1.1567441999172153e-05
4.296,-0.03304395656840145,0.0,-0.03681553890925539,-0.03340173660195477,-0.9191006211963156,0.16737371034145632,BALANCE,1,-1.1567441999172153e-05
4.298,-0.03304395656840145,0.0,-0.0337475773334841,-0.033522780857990035,-0.06052212801763157,-5.902271895784034,BALANCE,1,-1.1567441999172153e-05
4.3,-0.03304395656840145,0.0,-0.0337475773334841,-0.03360145962441295,-0.03933938321145844,0.952388838111724,BALANCE,1,-1.1567441999172153e-05
4.3020000000000005,-0.03304395656840145,0.0,-0.032213596545598466,-0.033115707546827876,0.24287603879253813,1.1104097786508516,BALANCE,1,-1.1567441999172153e-05
4.304,-0.03304395656840145,0.0,-0.032213596545598466,-0.03279996869639758,0.15786942521514927,3.3906551378285634,BALANCE,1,-1.1567441999172153e-05
4.306,-0.03304395656840145,0.0,-0.032213596545598466,-0.032594738443617884,0.10261512638984685,2.722986566495991,BALANCE,1,-1.1567441999172153e-05
4.308,-0.03304395656840145,0.0,-0.0337475773334841,-0.032998232055071054,-0.20174680572658532,2.2867470433716295,BALANCE,1,-1.1567441999172153e-05
4.3100000000000005,-0.03304395656840145,0.0,-0.030679615757712823,-0.03218671635099567,0.4057578520376935,-0.1789576766580323,BALANCE,1,-1.1567441999172153e-05
4.312,-0.03304395656840145,0.0,-0.0337475773334841,-0.03273301769486661,-0.2731506719354723,4.723333184430523,BALANCE,1,-1.1567441999172153e-05
4.314,-0.03304395656840145,0.0,-0.0337475773334841,-0.03308811356838273,-0.17754793675806013,-0.7472596915260343,BALANCE,1,-1.1567441999172153e-05
4.316,-0.03304395656840145,0.0,-0.0337475773334841,-0.03331892588616821,-0.1154061588927377,-0.010361185231380965,BALANCE,1,-1.1567441999172153e-05
4.3180000000000005,-0.03304395656840145,0.0,-0.035281558121369745,-0.03400584716848874,-0.34346064116026753,0.4662605134468367,BALANCE,1,-1.1567441999172153e-05
4.32,-0.03304395656840145,0.0,-0.030679615757712823,-0.03284166617471716,0.5820904968857898,-1.4061917910663317,BALANCE,1,-1.1567441999172153e-05
4.322,-0.03304395656840145,0.0,-0.032213596545598466,-0.03262184180452561,0.10991218509577572,6.061499839693479,BALANCE,1,-1.1567441999172153e-05
4.324,-0.03304395656840145,0.0,-0.03681553890925539,-0.03408963579118103,-0.7338969933277095,2.2907384392239534,BALANCE,1,-1.1567441999172153e-05
4.3260000000000005,-0.03304395656840145,0.0,-0.0337475773334841,-0.0339699153309871,0.05986023009696417,-4.55462055452149,BALANCE,1,-1.1567441999172153e-05
4.328,-0.03304395656840145,0.0,-0.035281558121369745,-0.034428990307621025,-0.22953748831696166,1.795826477421338,BALANCE,1,-1.1567441999172153e-05
4.33,-0.03304395656840145,0.0,-0.032213596545598466,-0.03365360249091313,0.38769390835394907,-0.5537855665496281,BALANCE,1,-1.1567441999172153e-05
4.332,-0.03304395656840145,0.0,-0.032213596545598466,-0.03314960041005299,0.2520010404300672,4.423858155321948,BALANCE,1,-1.1567441999172153e-05
4.3340000000000005,-0.03304395656840145,0.0,-0.032213596545598466,-0.0328219990574939,0.16380067627954492,3.3619254167004913,BALANCE,1,-1.1567441999172153e-05
4.336,-0.03304395656840145,0.0,-0.035281558121369745,-0.03368284472985044,-0.4304228361782687,2.6694141848383595,BALANCE,1,-1.1567441999172153e-05
4.338,-0.03304395656840145,0.0,-0.032213596545598466,-0.03316860786536224,0.25711843224409875,-2.142761224111512,BALANCE,1,-1.1567441999172153e-05
4.34,-0.03304395656840145,0.0,-0.030679615757712823,-0.03229746062768494,0.43557361883865203,3.3817894135636473,BALANCE,1,-1.1567441999172153e-05
4.3420000000000005,-0.03304395656840145,0.0,-0.032213596545598466,-0.03226810819895467,0.014676214365134943,4.855240248455175,BALANCE,1,-1.1567441999172153e-05
4.344,-0.03304395656840145,0.0,-0.0337475773334841,-0.03278592239603997,-0.25890709854264893,1.4833685367510627,BALANCE,1,-1.1567441999172153e-05
4.346,-0.03304395656840145,0.0,-0.035281558121369745,-0.03365939489990538,-0.4367362519327074,-0.7429240028155335,BALANCE,1,-1.1567441999172153e-05
4.348,-0.03304395656840145,0.0,-0.035281558121369745,-0.034227152027417905,-0.2838785637562617,-2.2246974591479076,BALANCE,1,-1.1567441999172153e-05
4.3500000000000005,-0.03304395656840145,0.0,-0.032213596545598466,-0.0335224076087811,0.35237220931840296,-1.042746811792576,BALANCE,1,-1.1567441999172153e-05
4.352,-0.03304395656840145,0.0,-0.032213596545598466,-0.03306432373666717,0.22904193605696385,4.0828395564011934,BALANCE,1,-1.1567441999172153e-05
4.354,-0.03304395656840145,0.0,-0.035281558121369745,-0.033840355771313065,-0.3880160173229466,3.117069537889182,BALANCE,1,-1.1567441999172153e-05
4.356,-0.03304395656840145,0.0,-0.032213596545598466,-0.03327099004231295,0.28468286450005625,-1.8727240823831175,BALANCE,1,-1.1567441999172153e-05
4.358,-0.03304395656840145,0.0,-0.035281558121369745,-0.033974688869982825,-0.35184941383493634,3.536374717932449,BALANCE,1,-1.1567441999172153e-05
4.36,-0.03304395656840145,0.0,-0.032213596545598466,-0.033358306556448294,0.30819115676726516,-1.6049003761816816,BALANCE,1,-1.1567441999172153e-05
4.362,-0.03304395656840145,0.0,-0.030679615757712823,-0.032420764776890876,0.46877088977870934,3.7057354661367135,BALANCE,1,-1.1567441999172153e-05
4.364,-0.03304395656840145,0.0,-0.0337475773334841,-0.0328851491716985,-0.23219219740381117,5.0401416840463344,BALANCE,1,-1.1567441999172153e-05
4.366,-0.03304395656840145,0.0,-0.030679615757712823,-0.03211321247680351,0.3859683474474948,-0.602003106936627,BALANCE,1,-1.1567441999172153e-05
4.368,-0.03304395656840145,0.0,-0.032213596545598466,-0.03214834690088174,-0.017567212039115015,4.383174811072159,BALANCE,1,-1.1567441999172153e-05
4.37,-0.03304395656840145,0.0,-0.032213596545598466,-0.03217118427653259,-0.01141868782542424,1.1463526003544109,BALANCE,1,-1.1567441999172153e-05
4.372,-0.03304395656840145,0.0,-0.032213596545598466,-0.03218602857070564,-0.00742214708652697,1.1877363146695794,BALANCE,1,-1.1567441999172153e-05
4.374,-0.03304395656840145,0.0,-0.032213596545598466,-0.032195677361918126,-0.004824395606242704,1.212380777216233,BALANCE,1,-1.1567441999172153e-05
4.376,-0.03304395656840145,0.0,-0.032213596545598466,-0.03220194907620624,-0.0031358571440584515,1.2261447261133747,BALANCE,1,-1.1567441999172153e-05
4.378,-0.03304395656840145,0.0,-0.0337475773334841,-0.03274291896625349,-0.27048494502362325,1.23283634113832,BALANCE,1,-1.1567441999172153e-05
4.38,-0.03304395656840145,0.0,-0.0337475773334841,-0.0330945493947842,-0.17581521426535476,-0.9449631390942832,BALANCE,1,-1.1567441999172153e-05
4.382,-0.03304395656840145,0.0,-0.032213596545598466,-0.032786215897569186,0.15416674860750657,-0.2153220286189348,BALANCE,1,-1.1567441999172153e-05
4.384,-0.03304395656840145,0.0,-0.032213596545598466,-0.03258579912437943,0.10020838659487857,2.4364764410173425,BALANCE,1,-1.1567441999172153e-05
4.386,-0.03304395656840145,0.0,-0.035281558121369745,-0.03352931477332603,-0.47175782447330183,2.010317391482828,BALANCE,1,-1.1567441999172153e-05
4.388,-0.03304395656840145,0.0,-0.035281558121369745,-0.03414259994514133,-0.3066425859076481,-2.628729098954077,BALANCE,1,-1.1567441999172153e-05
4.39,-0.03304395656840145,0.0,-0.0337475773334841,-0.03400434203106129,0.06912895704001831,-1.3514328207267918,BALANCE,1,-1.1567441999172153e-05
4.392,-0.03304395656840145,0.0,-0.0337475773334841,-0.03391447438690927,0.0449338220760119,1.6562341292931286,BALANCE,1,-1.1567441999172153e-05
4.394,-0.03304395656840145,0.0,-0.03681553890925539,-0.03492984696973041,-0.5076862914105695,1.4612822133528176,BALANCE,1,-1.1567441999172153e-05
4.396,-0.03304395656840145,0.0,-0.030679615757712823,-0.03344226604552425,0.7437904621030791,-3.0275870189030476,BALANCE,1,-1.1567441999172153e-05
4.398,-0.03304395656840145,0.0,-0.0337475773334841,-0.033549124996310194,-0.05342947539297219,7.066793411449405,BALANCE,1,-1.1567441999172153e-05
4.4,-0.03304395656840145,0.0,-0.032213596545598466,-0.03308169003856108,0.23371747887455593,0.6759125494345763,BALANCE,1,-1.1567441999172153e-05
4.402,-0.03304395656840145,0.0,-0.030679615757712823,-0.032240964040264185,0.4203629991484485,2.9945179430320357,BALANCE,1,-1.1567441999172153e-05
4.404,-0.03304395656840145,0.0,-0.0337475773334841,-0.03276827869289115,-0.26365732631348365,4.531677472312937,BALANCE,1,-1.1567441999172153e-05
4.406,-0.03304395656840145,0.0,-0.030679615757712823,-0.03203724666557873,0.36551601365621134,-0.9786776662787164,BALANCE,1,-1.1567441999172153e-05
4.408,-0.03304395656840145,0.0,-0.0337475773334841,-0.03263586239934561,-0.2993078668834387,4.092163525784473,BALANCE,1,-1.1567441999172153e-05
4.41,-0.03304395656840145,0.0,-0.032213596545598466,-0.0324880693505341,0.07389652440575184,-1.2688716350386087,BALANCE,1,-1.1567441999172153e-05
4.412,-0.03304395656840145,0.0,-0.032213596545598466,-0.032392003868806626,0.04803274086373835,1.7191334643334988,BALANCE,1,-1.1567441999172153e-05
4.414,-0.03304395656840145,0.0,-0.0337475773334841,-0.03286645458144374,-0.23722535631855515,1.5115087241272782,BALANCE,1,-1.1567441999172153e-05
4.416,-0.03304395656840145,0.0,-0.0337475773334841,-0.03317484754465786,-0.15419648160706206,-0.8055963870055853,BALANCE,1,-1.1567441999172153e-05
4.418,-0.03304395656840145,0.0,-0.032213596545598466,-0.03283840969498707,0.168218924835397,-0.1665039366154195,BALANCE,1,-1.1567441999172153e-05
4.42,-0.03304395656840145,0.0,-0.030679615757712823,-0.032082831816941076,0.3777889390229952,2.4264379039655033,BALANCE,1,-1.1567441999172153e-05
4.422,-0.03304395656840145,0.0,-0.0337475773334841,-0.03266549274773113,-0.29133046539502744,4.14191612378566,BALANCE,1,-1.1567441999172153e-05
4.424,-0.03304395656840145,0.0,-0.030679615757712823,-0.03197043580122472,0.3475284732532072,-1.2525318659554707,BALANCE,1,-1.1567441999172153e-05
4.426,-0.03304395656840145,0.0,-0.035281558121369745,-0.03312932861327547,-0.5794464060253773,3.8936489728605466,BALANCE,1,-1.1567441999172153e-05
4.428,-0.03304395656840145,0.0,-0.032213596545598466,-0.032808822389588516,0.160253111843478,-3.59830949581383,BALANCE,1,-1.1567441999172153e-05
4.43,-0.03304395656840145,0.0,-0.032213596545598466,-0.032600493344191996,0.10416452269826001,2.3319552560803123,BALANCE,1,-1.1567441999172153e-05
4.432,-0.03304395656840145,0.0,-0.0337475773334841,-0.03300197274044423,-0.2007396981261178,1.8892261869735212,BALANCE,1,-1.1567441999172153e-05
4.434,-0.03304395656840145,0.0,-0.0337475773334841,-0.03326293434800818,-0.1304808037819738,-0.5806967379447245,BALANCE,1,-1.1567441999172153e-05
4.436,-0.03304395656840145,0.0,-0.035281558121369745,-0.03396945266868472,-0.35325916033827204,-0.04093586651501102,BALANCE,1,-1.1567441999172153e-05
4.438,-0.03304395656840145,0.0,-0.0337475773334841,-0.0338917963013645,0.03882818366011259,-1.872347708739727,BALANCE,1,-1.1567441999172153e-05
4.44,-0.03304395656840145,0.0,-0.030679615757712823,-0.032767533111086405,0.5621315951390461,1.2622320660262911,BALANCE,1,-1.1567441999172153e-05
4.442,-0.03304395656840145,0.0,-0.0337475773334841,-0.03311054858892559,-0.17150773891959348,5.509561642652227,BALANCE,1,-1.1567441999172153e-05
4.444,-0.03304395656840145,0.0,-0.0337475773334841,-0.03333350864952107,-0.11148003029773715,-0.3867560682050257,BALANCE,1,-1.1567441999172153e-05
4.446,-0.03304395656840145,0.0,-0.032213596545598466,-0.03294153941314815,0.19598461818645663,0.0734212954041924,BALANCE,1,-1.1567441999172153e-05
4.448,-0.03304395656840145,0.0,-0.032213596545598466,-0.03268675940950576,0.1273900018211975,2.5500683295774875,BALANCE,1,-1.1567441999172153e-05
4.45,-0.03304395656840145,0.0,-0.0337475773334841,-0.03305804568289818,-0.18564313669620913,2.010060846992057,BALANCE,1,-1.1567441999172153e-05
4.452,-0.03304395656840145,0.0,-0.032213596545598466,-0.032762488484843276,0.14777859902745036,-0.5230930466873205,BALANCE,1,-1.1567441999172153e-05
4.454,-0.03304395656840145,0.0,-0.0337475773334841,-0.03310726958186756,-0.1723905485121434,2.155461773288281,BALANCE,1,-1.1567441999172153e-05
4.456,-0.03304395656840145,0.0,-0.0337475773334841,-0.033331377294933344,-0.1120538565328906,-0.43319972676630014,BALANCE,1,-1.1567441999172153e-05
4.458,-0.03304395656840145,0.0,-0.032213596545598466,-0.03294015403266613,0.1956116311336055,0.02938107082478858,BALANCE,1,-1.1567441999172153e-05
4.46,-0.03304395656840145,0.0,-0.0337475773334841,-0.03322275218795242,-0.1412990776431429,2.507590337086257,BALANCE,1,-1.1567441999172153e-05
4.462,-0.03304395656840145,0.0,-0.0337475773334841,-0.0334064409888885,-0.09184440046804132,-0.2112957728824978,BALANCE,1,-1.1567441999172153e-05
4.464,-0.03304395656840145,0.0,-0.032213596545598466,-0.03298894543373698,0.20874777757575944,0.1666390282643717,BALANCE,1,-1.1567441999172153e-05
4.466,-0.03304395656840145,0.0,-0.0337475773334841,-0.03325446659864847,-0.1327605824557425,2.589828396837121,BALANCE,1,-1.1567441999172153e-05
4.468,-0.03304395656840145,0.0,-0.032213596545598466,-0.03289016208008096,0.18215225928375212,-0.1648206466293125,BALANCE,1,-1.1567441999172153e-05
4.47,-0.03304395656840145,0.0,-0.032213596545598466,-0.032653364143012086,0.11839896853443888,2.369762325984678,BALANCE,1,-1.1567441999172153e-05
4.472,-0.03304395656840145,0.0,-0.0337475773334841,-0.033036338759677285,-0.19148730833259964,1.8674132033857027,BALANCE,1,-1.1567441999172153e-05
4.474,-0.03304395656840145,0.0,-0.0337475773334841,-0.03328527226050967,-0.12446675041619115,-0.6412627563024529,BALANCE,1,-1.1567441999172153e-05
4.476,-0.03304395656840145,0.0,-0.032213596545598466,-0.03291018576029074,0.18754325010946274,-0.12669135747323024,BALANCE,1,-1.1567441999172153e-05
4.478,-0.03304395656840145,0.0,-0.030679615757712823,-0.03212948625938847,0.3903497504511369,2.3853117995930786,BALANCE,1,-1.1567441999172153e-05
4.48,-0.03304395656840145,0.0,-0.03681553890925539,-0.033769604686841884,-0.8200592137267079,4.048179875128731,BALANCE,1,-1.1567441999172153e-05
4.482,-0.03304395656840145,0.0,-0.032213596545598466,-0.03322500183740668,0.27230142471760044,-5.740252864878601,BALANCE,1,-1.1567441999172153e-05
4.484,-0.03304395656840145,0.0,-0.030679615757712823,-0.032334116709513826,0.4454425639464285,3.024663413274496,BALANCE,1,-1.1567441999172153e-05
4.486,-0.03304395656840145,0.0,-0.032213596545598466,-0.032291934652143445,0.0210910286851905,4.45677881143679,BALANCE,1,-1.1567441999172153e-05
4.488,-0.03304395656840145,0.0,-0.035281558121369745,-0.03333830286637265,-0.5231841071146014,1.0580390658586796,BALANCE,1,-1.1567441999172153e-05
4.49,-0.03304395656840145,0.0,-0.0337475773334841,-0.03348154892986165,-0.07162303174450269,-3.3656117739666827,BALANCE,1,-1.1567441999172153e-05
4.492,-0.03304395656840145,0.0,-0.0337475773334841,-0.0335746588711295,-0.046554970633924664,0.23158575539879456,BALANCE,1,-1.1567441999172153e-05
4.494,-0.03304395656840145,0.0,-0.035281558121369745,-0.034172073608713584,-0.2987073687920408,0.419828716033122,BALANCE,1,-1.1567441999172153e-05
4.496,-0.03304395656840145,0.0,-0.0337475773334841,-0.03402349991238326,0.0742868481651629,-1.6400697682085954,BALANCE,1,-1.1567441999172153e-05
4.498,-0.03304395656840145,0.0,-0.0337475773334841,-0.03392692700976855,0.04828645130735415,1.3459936892463777,BALANCE,1,-1.1567441999172153e-05
4.5,-0.03304395656840145,0.0,-0.03681553890925539,-0.03493794117458894,-0.5055070824101955,1.1369995031388362,BALANCE,1,-1.1567441999172153e-05
4.502,-0.03304395656840145,0.0,-0.032213596545598466,-0.03398442055444227,0.47676031007333475,-3.360997204725702,BALANCE,1,-1.1567441999172153e-05
4.5040000000000004,-0.03304395656840145,0.0,-0.030679615757712823,-0.03282773887558696,0.5783408394276559,4.547556288240452,BALANCE,1,-1.1567441999172153e-05
4.506,-0.03304395656840145,0.0,-0.032213596545598466,-0.032612789060090984,0.10747490774798765,5.423035876031222,BALANCE,1,-1.1567441999172153e-05
4.508,-0.03304395656840145,0.0,-0.0337475773334841,-0.03300996495577857,-0.1985879478437931,1.6624828537116163,BALANCE,1,-1.1567441999172153e-05
4.51,-0.03304395656840145,0.0,-0.032213596545598466,-0.03273123601221553,0.13936447178151956,-0.8164525377550409,BALANCE,1,-1.1567441999172153e-05
4.5120000000000005,-0.03304395656840145,0.0,-0.030679615757712823,-0.03201316892313958,0.35903354453797537,1.8973443086587998,BALANCE,1,-1.1567441999172153e-05
4.514,-0.03304395656840145,0.0,-0.035281558121369745,-0.033157105142520134,-0.5719681096902768,3.6913782822703753,BALANCE,1,-1.1567441999172153e-05
4.516,-0.03304395656840145,0.0,-0.0337475773334841,-0.03336377040935752,-0.10333263341869361,-3.8319025457469795,BALANCE,1,-1.1567441999172153e-05
4.518,-0.03304395656840145,0.0,-0.0337475773334841,-0.03349810283280182,-0.06716621172215068,-0.10189140566642862,BALANCE,1,-1.1567441999172153e-05
4.5200000000000005,-0.03304395656840145,0.0,-0.032213596545598466,-0.03304852563228064,0.2247886002605913,0.17268040193269663,BALANCE,1,-1.1567441999172153e-05
4.522,-0.03304395656840145,0.0,-0.032213596545598466,-0.032756300451941875,0.14611259016938244,2.5286838246994474,BALANCE,1,-1.1567441999172153e-05
4.524,-0.03304395656840145,0.0,-0.035281558121369745,-0.03364014063624163,-0.44192009214987643,1.9102579946997142,BALANCE,1,-1.1567441999172153e-05
4.526,-0.03304395656840145,0.0,-0.032213596545598466,-0.033140850204516514,0.24964521586255672,-2.8537619030395898,BALANCE,1,-1.1567441999172153e-05
4.5280000000000005,-0.03304395656840145,0.0,-0.03681553890925539,-0.03442699125117511,-0.643070523329299,2.702089816922478,BALANCE,1,-1.1567441999172153e-05
4.53,-0.03304395656840145,0.0,-0.0337475773334841,-0.03418919637998325,0.1188974355959306,-4.5236899576621195,BALANCE,1,-1.1567441999172153e-05
4.532,-0.03304395656840145,0.0,-0.032213596545598466,-0.03349773643794857,0.34572997101733893,1.5794835667352334,BALANCE,1,-1.1567441999172153e-05
4.534,-0.03304395656840145,0.0,-0.032213596545598466,-0.033048287475626034,0.2247244811612696,3.428931899340991,BALANCE,1,-1.1567441999172153e-05
4.5360000000000005,-0.03304395656840145,0.0,-0.032213596545598466,-0.03275614565011638,0.1460709127548282,2.4812452607366637,BALANCE,1,-1.1567441999172153e-05
4.538,-0.03304395656840145,0.0,-0.0337475773334841,-0.033103146739295077,-0.17350054458934935,1.8629939938856876,BALANCE,1,-1.1567441999172153e-05
4.54,-0.03304395656840145,0.0,-0.032213596545598466,-0.03279180417150126,0.15567128389690904,-0.7210183595663135,BALANCE,1,-1.1567441999172153e-05
4.542,-0.03304395656840145,0.0,-0.035281558121369745,-0.033663218053955224,-0.4357069412269827,1.9244784615570822,BALANCE,1,-1.1567441999172153e-05
4.5440000000000005,-0.03304395656840145,0.0,-0.030679615757712823,-0.03261895725027038,0.522130401842423,-2.865564815992081,BALANCE,1,-1.1567441999172153e-05
4.546,-0.03304395656840145,0.0,-0.0337475773334841,-0.033013974279395175,-0.19750851456239865,4.853265785334202,BALANCE,1,-1.1567441999172153e-05
4.548,-0.03304395656840145,0.0,-0.0337475773334841,-0.033270735348326294,-0.12838053446555947,-0.9341493625077377,BALANCE,1,-1.1567441999172153e-05
4.55,-0.03304395656840145,0.0,-0.0337475773334841,-0.03343763004313152,-0.083447347402614,-0.4031853329385573,BALANCE,1,-1.1567441999172153e-05
4.5520000000000005,-0.03304395656840145,0.0,-0.032213596545598466,-0.03300921831899495,0.21420586206828685,-0.060421044131933055,BALANCE,1,-1.1567441999172153e-05
4.554,-0.03304395656840145,0.0,-0.0337475773334841,-0.03326764397406615,-0.12921282753559915,2.339907491419669,BALANCE,1,-1.1567441999172153e-05
4.556,-0.03304395656840145,0.0,-0.035281558121369745,-0.0339725139256224,-0.3524349757781271,-0.42960109351050413,BALANCE,1,-1.1567441999172153e-05
4.558,-0.03304395656840145,0.0,-0.032213596545598466,-0.03335689284261402,0.3078105415041908,-2.2644649793292273,BALANCE,1,-1.1567441999172153e-05
4.5600000000000005,-0.03304395656840145,0.0,-0.032213596545598466,-0.03295673913865857,0.2000768519777249,3.0477650453412957,BALANCE,1,-1.1567441999172153e-05
4.562,-0.03304395656840145,0.0,-0.032213596545598466,-0.03269663923108753,0.13004995378551945,2.203313403539164,BALANCE,1,-1.1567441999172153e-05
4.564,-0.03304395656840145,0.0,-0.030679615757712823,-0.03199068101540638,0.3529791078405765,1.6521648846095651,BALANCE,1,-1.1567441999172153e-05
4.566,-0.03304395656840145,0.0,-0.032213596545598466,-0.032068701450973604,-0.039010217783613105,3.471557473787809,BALANCE,1,-1.1567441999172153e-05
4.5680000000000005,-0.03304395656840145,0.0,-0.0337475773334841,-0.032656308009852274,-0.293803279439335,0.3245479023700639,BALANCE,1,-1.1567441999172153e-05
4.57,-0.03304395656840145,0.0,-0.032213596545598466,-0.032501358997363436,0.0774745062444189,-1.7555842460104012,BALANCE,1,-1.1567441999172153e-05
4.572,-0.03304395656840145,0.0,-0.032213596545598466,-0.03240064213924569,0.05035842905887211,1.217434708409487,BALANCE,1,-1.1567441999172153e-05
4.574,-0.03304395656840145,0.0,-0.0337475773334841,-0.03287206945722913,-0.2357136589917208,1.0000689739843283,BALANCE,1,-1.1567441999172153e-05
4.5760000000000005,-0.03304395656840145,0.0,-0.0337475773334841,-0.03317849721391837,-0.15321387834461853,-1.323367783390868,BALANCE,1,-1.1567441999172153e-05
4.578,-0.03304395656840145,0.0,-0.032213596545598466,-0.0328407819800064,0.16885761695598425,-0.688390903058187,BALANCE,1,-1.1567441999172153e-05
4.58,-0.03304395656840145,0.0,-0.0337475773334841,-0.03315816035372359,-0.15868918685859462,1.901875816985352,BALANCE,1,-1.1567441999172153e-05
4.582,-0.03304395656840145,0.0,-0.02914563496982718,-0.03175377646935984,0.7021919421818755,-0.7441729480250547,BALANCE,1,-1.1567441999172153e-05
4.5840000000000005,-0.03304395656840145,0.0,-0.035281558121369745,-0.032988500047563304,-0.6173617891017321,6.220788362066659,BALANCE,1,-1.1567441999172153e-05
4.586,-0.03304395656840145,0.0,-0.035281558121369745,-0.03379107037339556,-0.40128516291612626,-4.416322602903922,BALANCE,1,-1.1567441999172153e-05
4.588,-0.03304395656840145,0.0,-0.0337475773334841,-0.033775847809426544,0.007611281984506307,-2.7426220270436894,BALANCE,1,-1.1567441999172153e-05
4.59,-0.03304395656840145,0.0,-0.032213596545598466,-0.03322905986708671,0.27339397116991554,0.5227077164376259,BALANCE,1,-1.1567441999172153e-05
4.5920000000000005,-0.03304395656840145,0.0,-0.032213596545598466,-0.03287364770456582,0.17770608126044599,2.6751306944878723,BALANCE,1,-1.1567441999172153e-05
4.594,-0.03304395656840145,0.0,-0.032213596545598466,-0.03264262979892724,0.11550895281928902,1.924377575422456,BALANCE,1,-1.1567441999172153e-05
4.596,-0.03304395656840145,0.0,-0.02914563496982718,-0.03141868160874221,0.611974095092515,1.4341330962717296,BALANCE,1,-1.1567441999172153e-05
4.598,-0.03304395656840145,0.0,-0.032213596545598466,-0.031696901836641894,-0.13911011394984046,5.473007389546892,BALANCE,1,-1.1567441999172153e-05
4.6000000000000005,-0.03304395656840145,0.0,-0.032213596545598466,-0.03187774498477669,-0.09042157406739804,-0.5586988768332621,BALANCE,1,-1.1567441999172153e-05
4.602,-0.03304395656840145,0.0,-0.032213596545598466,-0.031995293031064305,-0.058774023143807336,-0.18641669565876562,BALANCE,1,-1.1567441999172153e-05
4.604,-0.03304395656840145,0.0,-0.032213596545598466,-0.032071699261151256,-0.03820311504347529,0.05331177034649004,BALANCE,1,-1.1567441999172153e-05
4.606,-0.03304395656840145,0.0,-0.032213596545598466,-0.03212136331070777,-0.024832024778258244,0.20688032149169944,BALANCE,1,-1.1567441999172153e-05
4.6080000000000005,-0.03304395656840145,0.0,-0.032213596545598466,-0.03215364494291951,-0.016140816105868205,0.30444492797790357,BALANCE,1,-1.1567441999172153e-05
4.61,-0.03304395656840145,0.0,-0.032213596545598466,-0.03217462800385714,-0.010491530468816068,0.3656069704357354,BALANCE,1,-1.1567441999172153e-05
4.612,-0.03304395656840145,0.0,-0.0337475773334841,-0.032725160269226575,-0.27526613268471706,0.4031073462751227,BALANCE,1,-1.1567441999172153e-05
4.614,-0.03304395656840145,0.0,-0.032213596545598466,-0.03254611296595673,0.08952365163492071,-1.754666439428096,BALANCE,1,-1.1567441999172153e-05
4.616,-0.03304395656840145,0.0,-0.032213596545598466,-0.03242973221883134,0.05819037356269777,1.1678854507320053,BALANCE,1,-1.1567441999172153e-05
4.618,-0.03304395656840145,0.0,-0.032213596545598466,-0.032354084733199825,0.03782374281575615,0.917716124537979,BALANCE,1,-1.1567441999172153e-05
4.62,-0.03304395656840145,0.0,-0.0337475773334841,-0.03284180714329932,-0.243861205049746,0.752851110753697,BALANCE,1,-1.1567441999172153e-05
4.622,-0.03304395656840145,0.0,-0.0337475773334841,-0.03315882670986399,-0.15850978328233595,-1.5364601782049494,BALANCE,1,-1.1567441999172153e-05
4.624,-0.03304395656840145,0.0,-0.030679615757712823,-0.03229110287661108,0.43386191662645596,-0.879301743401522,BALANCE,1,-1.1567441999172153e-05
4.626,-0.03304395656840145,0.0,-0.032213596545598466,-0.03226397566075666,0.013563607927209731,3.905277065288666,BALANCE,1,-1.1567441999172153e-05
4.628,-0.03304395656840145,0.0,-0.0337475773334841,-0.03278323624621126,-0.259630292727301,0.5380654335138098,BALANCE,1,-1.1567441999172153e-05
4.63,-0.03304395656840145,0.0,-0.0337475773334841,-0.03312075562675675,-0.16875969027274618,-1.6851980540987936,BALANCE,1,-1.1567441999172153e-05
4.632,-0.03304395656840145,0.0,-0.032213596545598466,-0.03280324994835135,0.15875283920270197,-0.9851085484204365,BALANCE,1,-1.1567441999172153e-05
4.634,-0.03304395656840145,0.0,-0.0337475773334841,-0.03313376453314781,-0.16525729239822914,1.6474813780978026,BALANCE,1,-1.1567441999172153e-05
4.636,-0.03304395656840145,0.0,-0.0337475773334841,-0.033348599013265506,-0.10741724005884981,-0.9710573027040637,BALANCE,1,-1.1567441999172153e-05
4.638,-0.03304395656840145,0.0,-0.0337475773334841,-0.033488241425342014,-0.06982120603825359,-0.5278966725987444,BALANCE,1,-1.1567441999172153e-05
4.64,-0.03304395656840145,0.0,-0.0337475773334841,-0.03357900899319174,-0.04538378392486206,-0.242204593443633,BALANCE,1,-1.1567441999172153e-05
4.642,-0.03304395656840145,0.0,-0.032213596545598466,-0.03310111463653409,0.2389471783288237,-0.05886707240612221,BALANCE,1,-1.1567441999172153e-05
4.644,-0.03304395656840145,0.0,-0.0337475773334841,-0.03332737658046659,-0.11313097196625002,2.237834064095516,BALANCE,1,-1.1567441999172153e-05
4.646,-0.03304395656840145,0.0,-0.030679615757712823,-0.03240066029250277,0.4633581439819102,-0.599032330217117,BALANCE,1,-1.1567441999172153e-05
4.648,-0.03304395656840145,0.0,-0.02914563496982718,-0.03126140142956631,0.5696294314682312,4.062003442587493,BALANCE,1,-1.1567441999172153e-05
4.65,-0.03304395656840145,0.0,-0.0337475773334841,-0.03213156299593753,-0.435080783185611,4.974276993968335,BALANCE,1,-1.1567441999172153e-05
4.652,-0.03304395656840145,0.0,-0.032213596545598466,-0.03216027473831885,-0.014355871190661895,-3.1220407298438624,BALANCE,1,-1.1567441999172153e-05
4.654,-0.03304395656840145,0.0,-0.030679615757712823,-0.031642044095106736,0.2591153216060585,0.23560380662518687,BALANCE,1,-1.1567441999172153e-05
4.656,-0.03304395656840145,0.0,-0.0337475773334841,-0.03237898072853881,-0.3684683167160356,2.448138778772656,BALANCE,1,-1.1567441999172153e-05
4.658,-0.03304395656840145,0.0,-0.035281558121369745,-0.033394882816029633,-0.5079510437454131,-2.623222321955729,BALANCE,1,-1.1567441999172153e-05
4.66,-0.03304395656840145,0.0,-0.035281558121369745,-0.034055219172898665,-0.3301681784345159,-3.806717240003404,BALANCE,1,-1.1567441999172153e-05
4.662,-0.03304395656840145,0.0,-0.0337475773334841,-0.03394754452910356,0.053837321897551305,-2.430885542762949,BALANCE,1,-1.1567441999172153e-05
4.664,-0.03304395656840145,0.0,-0.032213596545598466,-0.03334066273487678,0.30344089711339256,0.6408294296154744,BALANCE,1,-1.1567441999172153e-05
4.666,-0.03304395656840145,0.0,-0.032213596545598466,-0.03294618956862937,0.1972365831237055,2.667402806448836,BALANCE,1,-1.1567441999172153e-05
4.668,-0.03304395656840145,0.0,-0.0337475773334841,-0.03322667528632852,-0.14024285884957702,1.8348474465924585,BALANCE,1,-1.1567441999172153e-05
4.67,-0.03304395656840145,0.0,-0.0337475773334841,-0.03340899100283297,-0.0911578582522242,-0.8884625673130166,BALANCE,1,-1.1567441999172153e-05
4.672,-0.03304395656840145,0.0,-0.0337475773334841,-0.03352749621856086,-0.0592526078639459,-0.5134033037250276,BALANCE,1,-1.1567441999172153e-05
4.674,-0.03304395656840145,0.0,-0.0337475773334841,-0.03360452460878399,-0.0385141951115657,-0.2719771128061872,BALANCE,1,-1.1567441999172153e-05
4.676,-0.03304395656840145,0.0,-0.0337475773334841,-0.033654593062429024,-0.025034226822515798,-0.1174124191222905,BALANCE,1,-1.1567441999172153e-05
4.678,-0.03304395656840145,0.0,-0.035281558121369745,-0.03422403083305827,-0.28471888531462347,-0.01930769864107873,BALANCE,1,-1.1567441999172153e-05
4.68,-0.03304395656840145,0.0,-0.030679615757712823,-0.032983485556687356,0.6202726381854574,-2.137796038982306,BALANCE,1,-1.1567441999172153e-05
4.682,-0.03304395656840145,0.0,-0.030679615757712823,-0.03217713112704627,0.40317721482054436,5.169972168489258,BALANCE,1,-1.1567441999172153e-05
4.684,-0.03304395656840145,0.0,-0.032213596545598466,-0.032189894023539535,-0.006381448246634003,3.4751546211230098,BALANCE,1,-1.1567441999172153e-05
4.686,-0.03304395656840145,0.0,-0.035281558121369745,-0.0332719764577801,-0.5410412171202826,0.19148156399127902,BALANCE,1,-1.1567441999172153e-05
4.688,-0.03304395656840145,0.0,-0.032213596545598466,-0.032901543488516524,0.18521648463178803,-4.1573759283439,BALANCE,1,-1.1567441999172153e-05
4.69,-0.03304395656840145,0.0,-0.0337475773334841,-0.03319765533425517,-0.14805592286932373,1.6683313551307764,BALANCE,1,-1.1567441999172153e-05
4.692,-0.03304395656840145,0.0,-0.032213596545598466,-0.03285323475822532,0.1722102880149269,-1.0222541466892876,BALANCE,1,-1.1567441999172153e-05
4.694,-0.03304395656840145,0.0,-0.0337475773334841,-0.03316625465956589,-0.15650995067028467,1.553970127994864,BALANCE,1,-1.1567441999172153e-05
4.696,-0.03304395656840145,0.0,-0.0337475773334841,-0.033369717595437255,-0.101731467935684,-1.1012062264991758,BALANCE,1,-1.1567441999172153e-05
4.698,-0.03304395656840145,0.0,-0.0337475773334841,-0.03350196850375365,-0.06612545415819737,-0.6818600842937403,BALANCE,1,-1.1567441999172153e-05
4.7,-0.03304395656840145,0.0,-0.0337475773334841,-0.033587931594159307,-0.04298154520282829,-0.41164742227358175,BALANCE,1,-1.1567441999172153e-05
4.702,-0.03304395656840145,0.0,-0.03834951969714103,-0.0352544874302029,-0.8332779180217977,-0.23837152237380055,BALANCE,1,-1.1567441999172153e-05
4.704,-0.03304395656840145,0.0,-0.032213596545598466,-0.034190175620591345,0.5321559048057783,-6.667786752574211,BALANCE,1,-1.1567441999172153e-05
4.706,-0.03304395656840145,0.0,-0.0337475773334841,-0.034035266220103805,0.07745470024377032,4.312704503498972,BALANCE,1,-1.1567441999172153e-05
4.708,-0.03304395656840145,0.0,-0.0337475773334841,-0.0339345751097869,0.05034555515845071,0.6775823777881396,BALANCE,1,-1.1567441999172153e-05
4.71,-0.03304395656840145,0.0,-0.0337475773334841,-0.03386912588808092,0.032724610852991054,0.4599637687026392,BALANCE,1,-1.1567441999172153e-05
4.712,-0.03304395656840145,0.0,-0.032213596545598466,-0.033289690618212055,0.28971763493443325,0.31614934238370473,BALANCE,1,-1.1567441999172153e-05
4.714,-0.03304395656840145,0.0,-0.0337475773334841,-0.03344995096855727,-0.08013017517260676,2.400201713103732,BALANCE,1,-1.1567441999172153e-05
4.716,-0.03304395656840145,0.0,-0.02914563496982718,-0.031943440369001735,0.7532552997777664,-0.5748863789670122,BALANCE,1,-1.1567441999172153e-05
4.718,-0.03304395656840145,0.0,-0.032213596545598466,-0.03203799503081059,-0.047277330904427206,6.176199368535505,BALANCE,1,-1.1567441999172153e-05
4.72,-0.03304395656840145,0.0,-0.032213596545598466,-0.03209945556098634,-0.03073026508787491,-0.24014255563673714,BALANCE,1,-1.1567441999172153e-05
4.722,-0.03304395656840145,0.0,-0.032213596545598466,-0.03213940490560058,-0.01997467230711869,-0.11787355202706085,BALANCE,1,-1.1567441999172153e-05
4.724,-0.03304395656840145,0.0,-0.035281558121369745,-0.03323915853111978,-0.5498768127596004,-0.04065365143898614,BALANCE,1,-1.1567441999172153e-05
4.726,-0.03304395656840145,0.0,-0.032213596545598466,-0.03288021183618731,0.1794733474662323,-4.352503824296216,BALANCE,1,-1.1567441999172153e-05
4.728,-0.03304395656840145,0.0,-0.035281558121369745,-0.03372068303600116,-0.42023559990692416,1.4972582168391568,BALANCE,1,-1.1567441999172153e-05
4.73,-0.03304395656840145,0.0,-0.035281558121369745,-0.03426698931588016,-0.27315313993949913,-3.357585770742126,BALANCE,1,-1.1567441999172153e-05
4.732,-0.03304395656840145,0.0,-0.0337475773334841,-0.034085195122041535,0.09089709691931236,-2.2205578656586415,BALANCE,1,-1.1567441999172153e-05
4.734,-0.03304395656840145,0.0,-0.035281558121369745,-0.0345039221718064,-0.20936352488243326,0.6959346418177592,BALANCE,1,-1.1567441999172153e-05
4.736,-0.03304395656840145,0.0,-0.0337475773334841,-0.03423920147839359,0.13236034670640467,-1.738174740016459,BALANCE,1,-1.1567441999172153e-05
4.738,-0.03304395656840145,0.0,-0.030679615757712823,-0.032993346476155316,0.6229275011191381,1.0046516340033342,BALANCE,1,-1.1567441999172153e-05
4.74,-0.03304395656840145,0.0,-0.032213596545598466,-0.032720434000460416,0.13645623784745015,4.997341500144268,BALANCE,1,-1.1567441999172153e-05
4.742,-0.03304395656840145,0.0,-0.032213596545598466,-0.03254304089125873,0.08869655460084364,1.1154020557123656,BALANCE,1,-1.1567441999172153e-05
4.744,-0.03304395656840145,0.0,-0.030679615757712823,-0.03189084209451766,0.3260993983705343,0.7374595681133629,BALANCE,1,-1.1567441999172153e-05
4.746,-0.03304395656840145,0.0,-0.0337475773334841,-0.03254069942815591,-0.3249286668191263,2.669436077656449,BALANCE,1,-1.1567441999172153e-05
4.748,-0.03304395656840145,0.0,-0.02914563496982718,-0.031352426867740854,0.5941362802075294,-2.5842880237647625,BALANCE,1,-1.1567441999172153e-05
4.75,-0.03304395656840145,0.0,-0.032213596545598466,-0.03165383625499101,-0.15070469362507902,4.833257420699839,BALANCE,1,-1.1567441999172153e-05
4.752,-0.03304395656840145,0.0,-0.0337475773334841,-0.03238664563246359,-0.36640468873628745,-1.1498857004470362,BALANCE,1,-1.1567441999172153e-05
4.7540000000000004,-0.03304395656840145,0.0,-0.030679615757712823,-0.03178918517630081,0.2987302280813876,-2.9259315531115506,BALANCE,1,-1.1567441999172153e-05
4.756,-0.03304395656840145,0.0,-0.032213596545598466,-0.031937729155554984,-0.0742719896270859,2.424637571764356,BALANCE,1,-1.1567441999172153e-05
4.758,-0.03304395656840145,0.0,-0.0337475773334841,-0.03257117601783017,-0.31672343113759227,-0.5746803544897932,BALANCE,1,-1.1567441999172153e-05
4.76,-0.03304395656840145,0.0,-0.0337475773334841,-0.03298291647830904,-0.20587023023943551,-2.558812933513922,BALANCE,1,-1.1567441999172153e-05
4.7620000000000005,-0.03304395656840145,0.0,-0.0337475773334841,-0.03325054777762031,-0.13381564965563378,-1.7032883372530616,BALANCE,1,-1.1567441999172153e-05
4.764,-0.03304395656840145,0.0,-0.0337475773334841,-0.03342450812217263,-0.08698017227616248,-1.1495596800968477,BALANCE,1,-1.1567441999172153e-05
4.766,-0.03304395656840145,0.0,-0.030679615757712823,-0.03246379579461169,0.4803561637804696,-0.791998383358651,BALANCE,1,-1.1567441999172153e-05
4.768,-0.03304395656840145,0.0,-0.0337475773334841,-0.03291311933321703,-0.2246617693026677,3.7978422855891387,BALANCE,1,-1.1567441999172153e-05
4.7700000000000005,-0.03304395656840145,0.0,-0.0337475773334841,-0.0332051796333105,-0.1460301500467373,-1.8758432152589228,BALANCE,1,-1.1567441999172153e-05
4.772,-0.03304395656840145,0.0,-0.032213596545598466,-0.032858125552611285,0.17352704034960878,-1.2709549151437505,BALANCE,1,-1.1567441999172153e-05
4.774,-0.03304395656840145,0.0,-0.030679615757712823,-0.03209564712439682,0.3812392141072339,1.299754227758449,BALANCE,1,-1.1567441999172153e-05
4.776,-0.03304395656840145,0.0,-0.032213596545598466,-0.03213692942181739,-0.020641148710285467,3.0007811940874385,BALANCE,1,-1.1567441999172153e-05
4.7780000000000005,-0.03304395656840145,0.0,-0.02914563496982718,-0.031089976363620812,0.5234765290982879,-0.2231660321823139,BALANCE,1,-1.1567441999172153e-05
4.78,-0.03304395656840145,0.0,-0.03681553890925539,-0.03309392325459291,-1.0019734454860472,4.186374578505344,BALANCE,1,-1.1567441999172153e-05
4.782,-0.03304395656840145,0.0,-0.0337475773334841,-0.03332270218220482,-0.11438946380595838,-8.144080816278581,BALANCE,1,-1.1567441999172153e-05
4.784,-0.03304395656840145,0.0,-0.032213596545598466,-0.03293451520939259,0.19409348640611612,-1.0638002389310275,BALANCE,1,-1.1567441999172153e-05
4.7860000000000005,-0.03304395656840145,0.0,-0.032213596545598466,-0.032682193677064646,0.1261607661639727,1.4207676780924243,BALANCE,1,-1.1567441999172153e-05
4.788,-0.03304395656840145,0.0,-0.032213596545598466,-0.03251818468105148,0.08200449800658399,0.8859087693595407,BALANCE,1,-1.1567441999172153e-05
4.79,-0.03304395656840145,0.0,-0.0337475773334841,-0.03294847210940289,-0.21514371417570566,0.5359955269250105,BALANCE,1,-1.1567441999172153e-05
4.792,-0.03304395656840145,0.0,-0.0337475773334841,-0.033228158937831306,-0.13984341421420868,-1.873597110656272,BALANCE,1,-1.1567441999172153e-05
4.7940000000000005,-0.03304395656840145,0.0,-0.032213596545598466,-0.032873062100549806,0.17754841864075013,-1.2946215524575675,BALANCE,1,-1.1567441999172153e-05
4.796,-0.03304395656840145,0.0,-0.032213596545598466,-0.03264224915631683,0.11540647211648672,1.2592443081988831,BALANCE,1,-1.1567441999172153e-05
4.798,-0.03304395656840145,0.0,-0.03681553890925539,-0.03410290056984532,-0.7303257067642448,0.7694290628274909,BALANCE,1,-1.1567441999172153e-05
4.8,-0.03304395656840145,0.0,-0.030679615757712823,-0.032904750885598945,0.5990748421231886,-6.09088803314404,BALANCE,1,-1.1567441999172153e-05
4.8020000000000005,-0.03304395656840145,0.0,-0.032213596545598466,-0.032662846866598774,0.1209520095000853,4.60962438883309,BALANCE,1,-1.1567441999172153e-05
4.804,-0.03304395656840145,0.0,-0.0337475773334841,-0.033042502530008636,-0.18982783170493067,0.7926233996149543,BALANCE,1,-1.1567441999172153e-05
4.806,-0.03304395656840145,0.0,-0.0337475773334841,-0.03328927871122504,-0.12338809060820355,-1.7230031703357669,BALANCE,1,-1.1567441999172153e-05
4.808,-0.03304395656840145,0.0,-0.032213596545598466,-0.032912789953255736,0.1882443789846533,-1.212949668177179,BALANCE,1,-1.1567441999172153e-05
4.8100000000000005,-0.03304395656840145,0.0,-0.0337475773334841,-0.03320496553633566,-0.14608779153996165,1.2961168560531828,BALANCE,1,-1.1567441999172153e-05
4.812,-0.03304395656840145,0.0,-0.035281558121369745,-0.03393177294109759,-0.36340370238096414,-1.4027120362357992,BALANCE,1,-1.1567441999172153e-05
4.814,-0.03304395656840145,0.0,-0.0337475773334841,-0.033867304478432864,0.03223423133236203,-3.191634121837754,BALANCE,1,-1.1567441999172153e-05
4.816,-0.03304395656840145,0.0,-0.035281558121369745,-0.03436229325346077,-0.24749438751395236,-0.02943600526694823,BALANCE,1,-1.1567441999172153e-05
4.8180000000000005,-0.03304395656840145,0.0,-0.0337475773334841,-0.03414714268146893,0.10757528599592003,-2.3038367411898295,BALANCE,1,-1.1567441999172153e-05
4.82,-0.03304395656840145,0.0,-0.0337475773334841,-0.03400729480967424,0.06992393589734525,0.5428002526723659,BALANCE,1,-1.1567441999172153e-05
4.822,-0.03304395656840145,0.0,-0.035281558121369745,-0.03445328696876766,-0.22299607954671258,0.24317886522951415,BALANCE,1,-1.1567441999172153e-05
4.824,-0.03304395656840145,0.0,-0.032213596545598466,-0.03366939532065844,0.3919458240546104,-2.1338314452623077,BALANCE,1,-1.1567441999172153e-05
4.8260000000000005,-0.03304395656840145,0.0,-0.032213596545598466,-0.033159865749387445,0.2547647856354987,2.826003403370698,BALANCE,1,-1.1567441999172153e-05
4.828,-0.03304395656840145,0.0,-0.032213596545598466,-0.0328286715280613,0.16559711066307242,1.7524948971441867,BALANCE,1,-1.1567441999172153e-05
4.83,-0.03304395656840145,0.0,-0.035281558121369745,-0.03368718183571925,-0.4292551538289738,1.052459416338733,BALANCE,1,-1.1567441999172153e-05
4.832,-0.03304395656840145,0.0,-0.035281558121369745,-0.034245213535696914,-0.2790158499888333,-3.764606754424257,BALANCE,1,-1.1567441999172153e-05
4.8340000000000005,-0.03304395656840145,0.0,-0.02914563496982718,-0.0324603610376425,0.8924262490272068,-2.6030232684089327,BALANCE,1,-1.1567441999172153e-05
4.836,-0.03304395656840145,0.0,-0.0337475773334841,-0.032910886741187056,-0.2252628517722781,6.869112601395124,BALANCE,1,-1.1567441999172153e-05
4.838,-0.03304395656840145,0.0,-0.0337475773334841,-0.03320372844849102,-0.14642085365198024,-2.1060139245616654,BALANCE,1,-1.1567441999172153e-05
4.84,-0.03304395656840145,0.0,-0.0337475773334841,-0.03339407555823859,-0.09517355487378629,-1.4994891877272185,BALANCE,1,-1.1567441999172153e-05
4.8420000000000005,-0.03304395656840145,0.0,-0.030679615757712823,-0.03244401462805457,0.4750304650920113,-1.107610439198169,BALANCE,1,-1.1567441999172153e-05
4.844,-0.03304395656840145,0.0,-0.032213596545598466,-0.03236336829919493,0.040323164429818814,3.5045365734136418,BALANCE,1,-1.1567441999172153e-05
4.846,-0.03304395656840145,0.0,-0.032213596545598466,-0.032310948185436165,0.026210056879381882,0.025244274187841365,BALANCE,1,-1.1567441999172153e-05
4.848,-0.03304395656840145,0.0,-0.032213596545598466,-0.032276875111492964,0.017036536971600652,-0.09097756902721543,BALANCE,1,-1.1567441999172153e-05
4.8500000000000005,-0.03304395656840145,0.0,-0.0337475773334841,-0.032791620889189854,-0.257372888848445,-0.16877671887517187,BALANCE,1,-1.1567441999172153e-05
4.852,-0.03304395656840145,0.0,-0.035281558121369745,-0.033663098920452814,-0.4357390156314797,-2.4014951962751887,BALANCE,1,-1.1567441999172153e-05
4.854,-0.03304395656840145,0.0,-0.032213596545598466,-0.033155773089253784,0.2536629155995146,-3.887445512199334,BALANCE,1,-1.1567441999172153e-05
4.856,-0.03304395656840145,0.0,-0.032213596545598466,-0.03282601129897442,0.1648808951396838,1.651578332902711,BALANCE,1,-1.1567441999172153e-05
4.8580000000000005,-0.03304395656840145,0.0,-0.032213596545598466,-0.03261166613529283,0.10717258184079342,0.9545426743810321,BALANCE,1,-1.1567441999172153e-05
4.86,-0.03304395656840145,0.0,-0.032213596545598466,-0.0324723417788998,0.06966217819651468,0.4992145445837457,BALANCE,1,-1.1567441999172153e-05
4.862,-0.03304395656840145,0.0,-0.032213596545598466,-0.03238178094724433,0.045280415827735065,0.20099630845731764,BALANCE,1,-1.1567441999172153e-05
4.864,-0.03304395656840145,0.0,-0.032213596545598466,-0.032322916406668276,0.029432270288027446,0.004899503216960088,BALANCE,1,-1.1567441999172153e-05
4.866,-0.03304395656840145,0.0,-0.0337475773334841,-0.03282154773105381,-0.24931566219276585,-0.12481837194747114,BALANCE,1,-1.1567441999172153e-05
4.868,-0.03304395656840145,0.0,-0.035281558121369745,-0.03368255136766438,-0.4305018183052879,-2.3912840208031603,BALANCE,1,-1.1567441999172153e-05
4.87,-0.03304395656840145,0.0,-0.035281558121369745,-0.03424220373146125,-0.27982618189843417,-3.8991699981735035,BALANCE,1,-1.1567441999172153e-05
4.872,-0.03304395656840145,0.0,-0.035281558121369745,-0.034605977767929216,-0.1818870182339824,-2.734192489492779,BALANCE,1,-1.1567441999172153e-05
4.874,-0.03304395656840145,0.0,-0.032213596545598466,-0.03376864434011345,0.4186667139078823,-1.9794268179188286,BALANCE,1,-1.1567441999172153e-05
4.876,-0.03304395656840145,0.0,-0.0337475773334841,-0.033761270887793175,0.0036867261601382373,2.868489316017013,BALANCE,1,-1.1567441999172153e-05
4.878,-0.03304395656840145,0.0,-0.035281558121369745,-0.03429337141954497,-0.266050265875898,-0.4576604330032823,BALANCE,1,-1.1567441999172153e-05
4.88,-0.03304395656840145,0.0,-0.0337475773334841,-0.03410234348942366,0.09551396506065485,-2.6543410754805885,BALANCE,1,-1.1567441999172153e-05
4.882,-0.03304395656840145,0.0,-0.03681553890925539,-0.03505196188636476,-0.47480919847054864,0.24281397912122782,BALANCE,1,-1.1567441999172153e-05
4.884,-0.03304395656840145,0.0,-0.0337475773334841,-0.03459542729285652,0.22826729675411855,-4.383758825322139,BALANCE,1,-1.1567441999172153e-05
4.886,-0.03304395656840145,0.0,-0.032213596545598466,-0.033761786531316194,0.4168203807701637,1.2613261266271214,BALANCE,1,-1.1567441999172153e-05
4.888,-0.03304395656840145,0.0,-0.030679615757712823,-0.03268302676055501,0.5393798853805913,2.8130168871416394,BALANCE,1,-1.1567441999172153e-05
4.89,-0.03304395656840145,0.0,-0.0337475773334841,-0.03305561946108019,-0.18629635026258876,3.85168190491862,BALANCE,1,-1.1567441999172153e-05
4.892,-0.03304395656840145,0.0,-0.03681553890925539,-0.0343715912679415,-0.6579859034306564,-1.9826946661505471,BALANCE,1,-1.1567441999172153e-05
4.894,-0.03304395656840145,0.0,-0.035281558121369745,-0.03469007966664138,-0.1592441993499387,-5.8420437181603555,BALANCE,1,-1.1567441999172153e-05
4.896,-0.03304395656840145,0.0,-0.030679615757712823,-0.03328641729851638,0.7018311840625013,-1.878157405369935,BALANCE,1,-1.1567441999172153e-05
4.898,-0.03304395656840145,0.0,-0.032213596545598466,-0.0329109300349951,0.1877436317606375,5.088008120557382,BALANCE,1,-1.1567441999172153e-05
4.9,-0.03304395656840145,0.0,-0.030679615757712823,-0.0321299700379463,0.3904799985244012,0.9912547519467492,BALANCE,1,-1.1567441999172153e-05
4.902,-0.03304395656840145,0.0,-0.0337475773334841,-0.03269613259138453,-0.2830812767191139,2.653577291872198,BALANCE,1,-1.1567441999172153e-05
4.904,-0.03304395656840145,0.0,-0.032213596545598466,-0.0325272449753594,0.08444380801256313,-2.7754218898004934,BALANCE,1,-1.1567441999172153e-05
4.906,-0.03304395656840145,0.0,-0.0337475773334841,-0.03295436130070304,-0.21355816267181957,0.16840659601935815,BALANCE,1,-1.1567441999172153e-05
4.908,-0.03304395656840145,0.0,-0.032213596545598466,-0.032695093636416435,0.1296338321433027,-2.2478270212364624,BALANCE,1,-1.1567441999172153e-05
4.91,-0.03304395656840145,0.0,-0.030679615757712823,-0.031989676378870166,0.3527086287731344,0.5067259784144289,BALANCE,1,-1.1567441999172153e-05
4.912,-0.03304395656840145,0.0,-0.035281558121369745,-0.03314183498874501,-0.5760793049374227,2.327251451630085,BALANCE,1,-1.1567441999172153e-05
4.914,-0.03304395656840145,0.0,-0.035281558121369745,-0.033890738085163664,-0.37445154820932647,-5.1788099016446125,BALANCE,1,-1.1567441999172153e-05
4.916,-0.03304395656840145,0.0,-0.032213596545598466,-0.03330373854631584,0.2934997694239126,-3.6175001812219936,BALANCE,1,-1.1567441999172153e-05
4.918,-0.03304395656840145,0.0,-0.032213596545598466,-0.03292218884606475,0.19077485012554407,1.7546695844655247,BALANCE,1,-1.1567441999172153e-05
4.92,-0.03304395656840145,0.0,-0.0337475773334841,-0.033211074816661516,-0.14444298529838265,0.9491787743244287,BALANCE,1,-1.1567441999172153e-05
4.922,-0.03304395656840145,0.0,-0.0337475773334841,-0.033398850697549415,-0.09388794044394924,-1.756539282266123,BALANCE,1,-1.1567441999172153e-05
4.924,-0.03304395656840145,0.0,-0.0337475773334841,-0.03352090502012655,-0.06102716128856753,-1.3700452464234398,BALANCE,1,-1.1567441999172153e-05
4.926,-0.03304395656840145,0.0,-0.035281558121369745,-0.03413713360556166,-0.30811429271755675,-1.12118645353904,BALANCE,1,-1.1567441999172153e-05
4.928,-0.03304395656840145,0.0,-0.030679615757712823,-0.032927002358814565,0.6050656233735491,-3.141684646818172,BALANCE,1,-1.1567441999172153e-05
4.93,-0.03304395656840145,0.0,-0.032213596545598466,-0.03267731032418893,0.12484601731281922,4.2297771562437365,BALANCE,1,-1.1567441999172153e-05
4.932,-0.03304395656840145,0.0,-0.030679615757712823,-0.03197811722592229,0.3495965491333193,0.3964663677705986,BALANCE,1,-1.1567441999172153e-05
4.934,-0.03304395656840145,0.0,-0.035281558121369745,-0.033134321539328895,-0.5781021567033036,2.2300265847854135,BALANCE,1,-1.1567441999172153e-05
4.936,-0.03304395656840145,0.0,-0.030679615757712823,-0.03227517451576326,0.42957351178281655,-5.267562185019831,BALANCE,1,-1.1567441999172153e-05
4.938,-0.03304395656840145,0.0,-0.0337475773334841,-0.03279051550196555,-0.25767049310114476,2.8389369493799146,BALANCE,1,-1.1567441999172153e-05
4.94,-0.03304395656840145,0.0,-0.0337475773334841,-0.03312548714299704,-0.1674858205157441,-2.6964936519643063,BALANCE,1,-1.1567441999172153e-05
4.942,-0.03304395656840145,0.0,-0.0337475773334841,-0.033343218709667506,-0.10886578333523314,-2.0017396671715897,BALANCE,1,-1.1567441999172153e-05
4.944,-0.03304395656840145,0.0,-0.0337475773334841,-0.03348474422800331,-0.07076275916790067,-1.5525119074696634,BALANCE,1,-1.1567441999172153e-05
4.946,-0.03304395656840145,0.0,-0.0337475773334841,-0.03357673581492158,-0.045995793459135265,-1.2628761940767523,BALANCE,1,-1.1567441999172153e-05
4.948,-0.03304395656840145,0.0,-0.0337475773334841,-0.033636530346418454,-0.029897265748438095,-1.07697531078471,BALANCE,1,-1.1567441999172153e-05
4.95,-0.03304395656840145,0.0,-0.0337475773334841,-0.033675396791891424,-0.019433222736484762,-0.9585020670582289,BALANCE,1,-1.1567441999172153e-05
4.952,-0.03304395656840145,0.0,-0.035281558121369745,-0.034237553257208835,-0.28107823265870535,-0.8838567890493583,BALANCE,1,-1.1567441999172153e-05
4.954,-0.03304395656840145,0.0,-0.0337475773334841,-0.03406606168390517,0.08574578665183213,-3.017593766997609,BALANCE,1,-1.1567441999172153e-05
4.956,-0.03304395656840145,0.0,-0.032213596545598466,-0.03341769888549782,0.32418139920367683,-0.07952533045187127,BALANCE,1,-1.1567441999172153e-05
4.958,-0.03304395656840145,0.0,-0.0337475773334841,-0.033533156342293015,-0.05772872839759913,1.8601777980902283,BALANCE,1,-1.1567441999172153e-05
4.96,-0.03304395656840145,0.0,-0.032213596545598466,-0.03307131041344992,0.23092296442154756,-1.20873730139615,BALANCE,1,-1.1567441999172153e-05
4.962,-0.03304395656840145,0.0,-0.0337475773334841,-0.033308003835461876,-0.11834671100597813,1.1215727348049191,BALANCE,1,-1.1567441999172153e-05
4.964,-0.03304395656840145,0.0,-0.035281558121369745,-0.03399874783552963,-0.3453720000338757,-1.6934478747030959,BALANCE,1,-1.1567441999172153e-05
4.966,-0.03304395656840145,0.0,-0.035281558121369745,-0.03444773143557366,-0.22449180002201766,-3.557894576497448,BALANCE,1,-1.1567441999172153e-05
4.968,-0.03304395656840145,0.0,-0.0337475773334841,-0.034202677499842314,0.1225269678656743,-2.62468153869234,BALANCE,1,-1.1567441999172153e-05
4.97,-0.03304395656840145,0.0,-0.030679615757712823,-0.03296960589009699,0.6165358048726629,0.15933130505310777,BALANCE,1,-1.1567441999172153e-05
4.972,-0.03304395656840145,0.0,-0.030679615757712823,-0.032168109343762526,0.4007482731672313,4.178792376515717,BALANCE,1,-1.1567441999172153e-05
4.974,-0.03304395656840145,0.0,-0.030679615757712823,-0.031647136588645125,0.2604863775587003,2.4941482937835793,BALANCE,1,-1.1567441999172153e-05
4.976,-0.03304395656840145,0.0,-0.032213596545598466,-0.03184539757357879,-0.09913049246683403,1.3969820669046467,BALANCE,1,-1.1567441999172153e-05
4.978,-0.03304395656840145,0.0,-0.0337475773334841,-0.032511160489545644,-0.3328814579834256,-1.498217631910364,BALANCE,1,-1.1567441999172153e-05
4.98,-0.03304395656840145,0.0,-0.032213596545598466,-0.03240701310916413,0.052073690190758415,-3.4146733630990167,BALANCE,1,-1.1567441999172153e-05
4.982,-0.03304395656840145,0.0,-0.032213596545598466,-0.03233931731191614,0.033847898623994704,-0.3352647375044866,BALANCE,1,-1.1567441999172153e-05
4.984,-0.03304395656840145,0.0,-0.0337475773334841,-0.03283220831946492,-0.24644550377439164,-0.4834771856661002,BALANCE,1,-1.1567441999172153e-05
4.986,-0.03304395656840145,0.0,-0.0337475773334841,-0.03315258747437163,-0.16018957745335405,-2.761964306970011,BALANCE,1,-1.1567441999172153e-05
4.988,-0.03304395656840145,0.0,-0.035281558121369745,-0.033897727200820967,-0.3725698632246685,-2.0977701631909875,BALANCE,1,-1.1567441999172153e-05
4.99,-0.03304395656840145,0.0,-0.035281558121369745,-0.03438206802301303,-0.2421704110960321,-3.848300378388627,BALANCE,1,-1.1567441999172153e-05
4.992,-0.03304395656840145,0.0,-0.0337475773334841,-0.0341599962816779,0.11103587066756473,-2.8410416242956624,BALANCE,1,-1.1567441999172153e-05
4.994,-0.03304395656840145,0.0,-0.032213596545598466,-0.033478756374050095,0.3406199538139032,-0.008899064963115544,BALANCE,1,-1.1567441999172153e-05
4.996,-0.03304395656840145,0.0,-0.0337475773334841,-0.033572843709851995,-0.04704366790094991,1.8619522433904505,BALANCE,1,-1.1567441999172153e-05
4.998,-0.03304395656840145,0.0,-0.0337475773334841,-0.033634000478123226,-0.030578384135615533,-1.2517165392184586,BALANCE,1,-1.1567441999172153e-05
5.0,-0.03304395656840145,0.0,-0.032213596545598466,-0.03313685910173955,0.2485706881918369,-1.1303904752876819,BALANCE,1,-1.1567441999172153e-05
5.002,-0.03304395656840145,0.0,-0.032213596545598466,-0.03281371720709017,0.16157094732469068,1.12600321409461,BALANCE,1,-1.1567441999172153e-05
5.0040000000000004,-0.03304395656840145,0.0,-0.035281558121369745,-0.03367746152708802,-0.43187215999892364,0.44283105739498496,BALANCE,1,-1.1567441999172153e-05
5.006,-0.03304395656840145,0.0,-0.035281558121369745,-0.03423889533508662,-0.2807169039992993,-4.363273952699218,BALANCE,1,-1.1567441999172153e-05
5.008,-0.03304395656840145,0.0,-0.0337475773334841,-0.03406693403452573,0.08598065028044347,-3.1945657122491564,BALANCE,1,-1.1567441999172153e-05
5.01,-0.03304395656840145,0.0,-0.0337475773334841,-0.03395515918916116,0.055887422682286,-0.2574809867844663,BALANCE,1,-1.1567441999172153e-05
5.0120000000000005,-0.03304395656840145,0.0,-0.032213596545598466,-0.033345612263914214,0.304773462623472,-0.4983113486856843,BALANCE,1,-1.1567441999172153e-05
5.014,-0.03304395656840145,0.0,-0.0337475773334841,-0.03348630003826367,-0.07034388717472653,1.5226806639058375,BALANCE,1,-1.1567441999172153e-05
5.016,-0.03304395656840145,0.0,-0.02914563496982718,-0.031967067264310894,0.7596163869763861,-1.4933966609483702,BALANCE,1,-1.1567441999172153e-05
5.018,-0.03304395656840145,0.0,-0.032213596545598466,-0.03205335251276154,-0.043142624225323695,5.231046085244834,BALANCE,1,-1.1567441999172153e-05
5.0200000000000005,-0.03304395656840145,0.0,-0.0337475773334841,-0.032646331200014436,-0.2964893436264472,-1.2026137897784352,BALANCE,1,-1.1567441999172153e-05
5.022,-0.03304395656840145,0.0,-0.0337475773334841,-0.033031767346728816,-0.19271807335718982,-3.271495532462599,BALANCE,1,-1.1567441999172153e-05
5.024,-0.03304395656840145,0.0,-0.032213596545598466,-0.032745407566333186,0.143179890197815,-2.471057892580749,BALANCE,1,-1.1567441999172153e-05
5.026,-0.03304395656840145,0.0,-0.035281558121369745,-0.033633060260595975,-0.4438263471313944,0.2267583211697608,BALANCE,1,-1.1567441999172153e-05
5.0280000000000005,-0.03304395656840145,0.0,-0.030679615757712823,-0.03259935468458687,0.5168527880045521,-4.5292773511718005,BALANCE,1,-1.1567441999172153e-05
5.03,-0.03304395656840145,0.0,-0.032213596545598466,-0.03246433933594092,0.06750767432297383,3.2116581935394004,BALANCE,1,-1.1567441999172153e-05
5.032,-0.03304395656840145,0.0,-0.032213596545598466,-0.03237657935932106,0.04387998830993056,-0.38149466286165734,BALANCE,1,-1.1567441999172153e-05
5.034,-0.03304395656840145,0.0,-0.0337475773334841,-0.03285642865027812,-0.23992464547853073,-0.5717258682406763,BALANCE,1,-1.1567441999172153e-05
5.0360000000000005,-0.03304395656840145,0.0,-0.032213596545598466,-0.03263143741364024,0.11249561831894184,-2.877525181735846,BALANCE,1,-1.1567441999172153e-05
5.038,-0.03304395656840145,0.0,-0.0337475773334841,-0.03302208638558558,-0.19532448597267202,-0.05118988464052032,BALANCE,1,-1.1567441999172153e-05
5.04,-0.03304395656840145,0.0,-0.032213596545598466,-0.03273911494159009,0.14148572199774653,-2.543794074567269,BALANCE,1,-1.1567441999172153e-05
5.042,-0.03304395656840145,0.0,-0.032213596545598466,-0.03255518350299302,0.09196571929853681,0.16111805284749114,BALANCE,1,-1.1567441999172153e-05
5.0440000000000005,-0.03304395656840145,0.0,-0.02761165418194154,-0.030824948240624997,0.8651176311840099,-0.23051711913096096,BALANCE,1,-1.1567441999172153e-05
5.046,-0.03304395656840145,0.0,-0.030679615757712823,-0.03077408187160573,0.02543318450963332,6.052347302046779,BALANCE,1,-1.1567441999172153e-05
5.048,-0.03304395656840145,0.0,-0.035281558121369745,-0.03235169855902313,-0.7888083437087006,-0.6682311055813978,BALANCE,1,-1.1567441999172153e-05
5.05,-0.03304395656840145,0.0,-0.035281558121369745,-0.03337714940584444,-0.5127254234106559,-7.2832906722849176,BALANCE,1,-1.1567441999172153e-05
5.0520000000000005,-0.03304395656840145,0.0,-0.0337475773334841,-0.03350679918051832,-0.06482488733693809,-5.142829790591008,BALANCE,1,-1.1567441999172153e-05
5.054,-0.03304395656840145,0.0,-0.032213596545598466,-0.03305417825829637,0.2263104611109762,-1.5741058483178016,BALANCE,1,-1.1567441999172153e-05
5.056,-0.03304395656840145,0.0,-0.0337475773334841,-0.03329686793461207,-0.12134483815785108,0.7755233589471703,BALANCE,1,-1.1567441999172153e-05
5.058,-0.03304395656840145,0.0,-0.030679615757712823,-0.03238082967269733,0.4580191309573704,-2.026939789369312,BALANCE,1,-1.1567441999172153e-05
5.0600000000000005,-0.03304395656840145,0.0,-0.032213596545598466,-0.03232229807821272,0.029265797242303965,2.6564580933328044,BALANCE,1,-1.1567441999172153e-05
5.062,-0.03304395656840145,0.0,-0.0337475773334841,-0.0328211458175577,-0.2494238696724889,-0.776521140334293,BALANCE,1,-1.1567441999172153e-05
5.064,-0.03304395656840145,0.0,-0.02914563496982718,-0.03153471702085201,0.6432143983528433,-3.0425335691768463,BALANCE,1,-1.1567441999172153e-05
5.066,-0.03304395656840145,0.0,-0.030679615757712823,-0.03123543157875329,0.14964272104936102,4.169451359423983,BALANCE,1,-1.1567441999172153e-05
5.0680000000000005,-0.03304395656840145,0.0,-0.032213596545598466,-0.031577789317149094,-0.17117886919790215,0.23258798120629687,BALANCE,1,-1.1567441999172153e-05
5.07,-0.03304395656840145,0.0,-0.0337475773334841,-0.032337215122866345,-0.37971290285862547,-2.3608417629389864,BALANCE,1,-1.1567441999172153e-05
5.072,-0.03304395656840145,0.0,-0.032213596545598466,-0.032293948620822584,0.021633251021880434,-4.081147023592381,BALANCE,1,-1.1567441999172153e-05
5.074,-0.03304395656840145,0.0,-0.0337475773334841,-0.03280271867025411,-0.25438502471576346,-0.8742405921498733,BALANCE,1,-1.1567441999172153e-05
5.0760000000000005,-0.03304395656840145,0.0,-0.032213596545598466,-0.03259652592662463,0.10309637181473916,-3.1194735447509667,BALANCE,1,-1.1567441999172153e-05
5.078,-0.03304395656840145,0.0,-0.032213596545598466,-0.03246250064326547,0.06701264167958271,-0.2537701130745018,BALANCE,1,-1.1567441999172153e-05
5.08,-0.03304395656840145,0.0,-0.0337475773334841,-0.03291227748484198,-0.22488842078825788,-0.5408909372828568,BALANCE,1,-1.1567441999172153e-05
5.082,-0.03304395656840145,0.0,-0.0337475773334841,-0.03320463243186672,-0.146177473512369,-2.9096685030171408,BALANCE,1,-1.1567441999172153e-05
5.0840000000000005,-0.03304395656840145,0.0,-0.0337475773334841,-0.0333946631474328,-0.09501535778303968,-2.3041631481178872,BALANCE,1,-1.1567441999172153e-05
5.086,-0.03304395656840145,0.0,-0.032213596545598466,-0.03298128983679078,0.20668665532101033,-1.9129469978467042,BALANCE,1,-1.1567441999172153e-05
5.088,-0.03304395656840145,0.0,-0.0337475773334841,-0.03324949046063344,-0.13410031192133062,0.5188752476568591,BALANCE,1,-1.1567441999172153e-05
5.09,-0.03304395656840145,0.0,-0.032213596545598466,-0.03288692759037119,0.181281435131124,-2.2301624258045547,BALANCE,1,-1.1567441999172153e-05
5.0920000000000005,-0.03304395656840145,0.0,-0.032213596545598466,-0.03265126172470073,0.11783293283523094,0.30806793731274273,BALANCE,1,-1.1567441999172153e-05
5.094,-0.03304395656840145,0.0,-0.032213596545598466,-0.032498078912014935,0.07659140634289768,-0.1919103814591141,BALANCE,1,-1.1567441999172153e-05
5.096,-0.03304395656840145,0.0,-0.0337475773334841,-0.03293540335952914,-0.21866222375710107,-0.5191512404190354,BALANCE,1,-1.1567441999172153e-05
5.098,-0.03304395656840145,0.0,-0.032213596545598466,-0.0326827709746534,0.12631619243786904,-2.9140068287417833,BALANCE,1,-1.1567441999172153e-05
5.1000000000000005,-0.03304395656840145,0.0,-0.032213596545598466,-0.032518559924484165,0.08210552508461713,-0.1455581102844089,BALANCE,1,-1.1567441999172153e-05
5.102,-0.03304395656840145,0.0,-0.0337475773334841,-0.03294871601763414,-0.2150780465749874,-0.49589449808516695,BALANCE,1,-1.1567441999172153e-05
5.104,-0.03304395656840145,0.0,-0.032213596545598466,-0.03269142420242165,0.12864590760624378,-2.9057621801545284,BALANCE,1,-1.1567441999172153e-05
5.106,-0.03304395656840145,0.0,-0.030679615757712823,-0.03198729124677356,0.35206647782404576,-0.14707132263241407,BALANCE,1,-1.1567441999172153e-05
5.1080000000000005,-0.03304395656840145,0.0,-0.032213596545598466,-0.03206649810136227,-0.039603427294355315,1.6761437581995327,BALANCE,1,-1.1567441999172153e-05
5.11,-0.03304395656840145,0.0,-0.0337475773334841,-0.03265487583260491,-0.29418886562131846,-1.4683811936432711,BALANCE,1,-1.1567441999172153e-05
5.112,-0.03304395656840145,0.0,-0.0337475773334841,-0.033037321357912625,-0.19122276265385804,-3.5468983393000557,BALANCE,1,-1.1567441999172153e-05
5.114,-0.03304395656840145,0.0,-0.03681553890925539,-0.03435969750088259,-0.6611880714849812,-2.7527237113504173,BALANCE,1,-1.1567441999172153e-05
5.1160000000000005,-0.03304395656840145,0.0,-0.032213596545598466,-0.03360856216653314,0.37556766717472195,-6.598660690077776,BALANCE,1,-1.1567441999172153e-05
5.118,-0.03304395656840145,0.0,-0.032213596545598466,-0.033120324199206,0.24411898366357224,1.7337316268275083,BALANCE,1,-1.1567441999172153e-05
5.12,-0.03304395656840145,0.0,-0.035281558121369745,-0.033876756071963304,-0.37821593637865286,0.7048123719380981,BALANCE,1,-1.1567441999172153e-05
5.122,-0.03304395656840145,0.0,-0.032213596545598466,-0.033294650237735604,0.2910529171138501,-4.326028251979534,BALANCE,1,-1.1567441999172153e-05
5.124,-0.03304395656840145,0.0,-0.032213596545598466,-0.032916281445487604,0.18918439612400015,1.056389995966605,BALANCE,1,-1.1567441999172153e-05
5.126,-0.03304395656840145,0.0,-0.032213596545598466,-0.0326703417305264,0.12296985748060096,0.2575606992935875,BALANCE,1,-1.1567441999172153e-05
5.128,-0.03304395656840145,0.0,-0.035281558121369745,-0.033584267467321564,-0.45696286839758127,-0.263933295302039,BALANCE,1,-1.1567441999172153e-05
5.13,-0.03304395656840145,0.0,-0.0337475773334841,-0.033641425920478446,-0.028579226578440836,-4.964947500028671,BALANCE,1,-1.1567441999172153e-05
5.132,-0.03304395656840145,0.0,-0.035281558121369745,-0.034215472190790394,-0.28702313515597405,-1.5480361578490558,BALANCE,1,-1.1567441999172153e-05
5.134,-0.03304395656840145,0.0,-0.0337475773334841,-0.03405170899073319,0.08188160002860212,-3.6568732971261966,BALANCE,1,-1.1567441999172153e-05
5.136,-0.03304395656840145,0.0,-0.0337475773334841,-0.033945262910696,0.05322304001859415,-0.7026199654443018,BALANCE,1,-1.1567441999172153e-05
5.138,-0.03304395656840145,0.0,-0.035281558121369745,-0.034412966234431804,-0.23385166186790096,-0.9322907333042735,BALANCE,1,-1.1567441999172153e-05
5.14,-0.03304395656840145,0.0,-0.032213596545598466,-0.03364318684334013,0.3848896955458356,-3.263833141067269,BALANCE,1,-1.1567441999172153e-05
5.142,-0.03304395656840145,0.0,-0.0337475773334841,-0.033679723514890514,-0.01826833577519074,1.7255558443394556,BALANCE,1,-1.1567441999172153e-05
5.144,-0.03304395656840145,0.0,-0.032213596545598466,-0.03316657907563829,0.2565722196261125,-1.5086365512247557,BALANCE,1,-1.1567441999172153e-05
5.146,-0.03304395656840145,0.0,-0.035281558121369745,-0.03390682174164429,-0.3701213330030012,0.714243242525676,BALANCE,1,-1.1567441999172153e-05
5.148,-0.03304395656840145,0.0,-0.030679615757712823,-0.03277729964726827,0.5647610471880109,-4.350501102815922,BALANCE,1,-1.1567441999172153e-05
5.15,-0.03304395656840145,0.0,-0.0337475773334841,-0.03311689683744381,-0.1697985950877695,3.1897738044452817,BALANCE,1,-1.1567441999172153e-05
5.152,-0.03304395656840145,0.0,-0.035281558121369745,-0.03387452828681788,-0.37881572468703717,-2.7137025445389824,BALANCE,1,-1.1567441999172153e-05
5.154,-0.03304395656840145,0.0,-0.032213596545598466,-0.03329320217739108,0.2906630547134005,-4.438072373952932,BALANCE,1,-1.1567441999172153e-05
5.156,-0.03304395656840145,0.0,-0.030679615757712823,-0.032378446930503686,0.4573776234436978,0.9459787873806992,BALANCE,1,-1.1567441999172153e-05
5.158,-0.03304395656840145,0.0,-0.030679615757712823,-0.03178385602002688,0.297295455238402,2.3281049626502206,BALANCE,1,-1.1567441999172153e-05
5.16,-0.03304395656840145,0.0,-0.0337475773334841,-0.0324711584797369,-0.3436512298550104,1.0767663004324572,BALANCE,1,-1.1567441999172153e-05
5.162,-0.03304395656840145,0.0,-0.0337475773334841,-0.032917905078548415,-0.22337329940575607,-4.09853955959339,BALANCE,1,-1.1567441999172153e-05
5.164,-0.03304395656840145,0.0,-0.0337475773334841,-0.0332082903677759,-0.14519264461374318,-3.1697044929437563,BALANCE,1,-1.1567441999172153e-05
5.166,-0.03304395656840145,0.0,-0.035281558121369745,-0.033933934081533744,-0.36282185687892127,-2.5683240300348578,BALANCE,1,-1.1567441999172153e-05
5.168,-0.03304395656840145,0.0,-0.0337475773334841,-0.03386870921971637,0.03261243090868851,-4.35968313779806,BALANCE,1,-1.1567441999172153e-05
5.17,-0.03304395656840145,0.0,-0.0337475773334841,-0.03382631305953507,0.02119808009064944,-1.199069085632082,BALANCE,1,-1.1567441999172153e-05
5.172,-0.03304395656840145,0.0,-0.035281558121369745,-0.0343356488311772,-0.25466788582106586,-1.2946053851774235,BALANCE,1,-1.1567441999172153e-05
5.174,-0.03304395656840145,0.0,-0.03681553890925539,-0.03520361035850456,-0.4339807636636814,-3.5389603885359096,BALANCE,1,-1.1567441999172153e-05
5.176,-0.03304395656840145,0.0,-0.032213596545598466,-0.03415710552398742,0.5232524172585697,-5.032581824988176,BALANCE,1,-1.1567441999172153e-05
5.178,-0.03304395656840145,0.0,-0.0337475773334841,-0.03401377065731125,0.07166743333808512,2.6812424913560635,BALANCE,1,-1.1567441999172153e-05
5.18,-0.03304395656840145,0.0,-0.035281558121369745,-0.03445749626973172,-0.22186280621023374,-0.9296400421387055,BALANCE,1,-1.1567441999172153e-05
5.182,-0.03304395656840145,0.0,-0.030679615757712823,-0.0331352380905251,0.6611290896033107,-3.311396994524431,BALANCE,1,-1.1567441999172153e-05
5.184,-0.03304395656840145,0.0,-0.0337475773334841,-0.03334955682556075,-0.10715936751782423,3.825246615118217,BALANCE,1,-1.1567441999172153e-05
5.186,-0.03304395656840145,0.0,-0.0337475773334841,-0.03348886400333392,-0.06965358888658471,-2.3405900773181134,BALANCE,1,-1.1567441999172153e-05
5.188,-0.03304395656840145,0.0,-0.0337475773334841,-0.033579413668886476,-0.04527483277627989,-2.0556000517352544,BALANCE,1,-1.1567441999172153e-05
5.19,-0.03304395656840145,0.0,-0.032213596545598466,-0.03310137767573567,0.23901799657540315,-1.8727188655197464,BALANCE,1,-1.1567441999172153e-05
5.192,-0.03304395656840145,0.0,-0.030679615757712823,-0.03225376100442767,0.42380833565399884,0.42368565334761893,BALANCE,1,-1.1567441999172153e-05
5.194,-0.03304395656840145,0.0,-0.0337475773334841,-0.032776596719597414,-0.26141785758487107,1.9464146140539786,BALANCE,1,-1.1567441999172153e-05
5.196,-0.03304395656840145,0.0,-0.035281558121369745,-0.033653333210217726,-0.4383682453101556,-3.573320394111084,BALANCE,1,-1.1567441999172153e-05
5.198,-0.03304395656840145,0.0,-0.0337475773334841,-0.033686318653360955,-0.016492721571614855,-5.048258351992624,BALANCE,1,-1.1567441999172153e-05
5.2,-0.03304395656840145,0.0,-0.02914563496982718,-0.03209707936412413,0.7946196446184141,-1.6819705524035633,BALANCE,1,-1.1567441999172153e-05
5.202,-0.03304395656840145,0.0,-0.032213596545598466,-0.03213786037764014,-0.02039050675800569,4.895863318598053,BALANCE,1,-1.1567441999172153e-05
5.204,-0.03304395656840145,0.0,-0.030679615757712823,-0.031627474760665575,0.2551928084872819,-1.6330923252997933,BALANCE,1,-1.1567441999172153e-05
5.206,-0.03304395656840145,0.0,-0.032213596545598466,-0.03183261738539208,-0.10257131236325254,0.5958718387288477,BALANCE,1,-1.1567441999172153e-05
5.208,-0.03304395656840145,0.0,-0.0337475773334841,-0.032502853367224284,-0.335117990916102,-2.2849162090360964,BALANCE,1,-1.1567441999172153e-05
5.21,-0.03304395656840145,0.0,-0.0337475773334841,-0.032938506755415216,-0.21782669409546596,-4.192004367042269,BALANCE,1,-1.1567441999172153e-05
5.212,-0.03304395656840145,0.0,-0.030679615757712823,-0.032147894906219374,0.3953059245979211,-3.28640089711972,BALANCE,1,-1.1567441999172153e-05
5.214,-0.03304395656840145,0.0,-0.032213596545598466,-0.03217089048000205,-0.011497786891339484,1.6596671843978832,BALANCE,1,-1.1567441999172153e-05
5.216,-0.03304395656840145,0.0,-0.032213596545598466,-0.032185837602960794,-0.007473561479370838,-1.6025764200391626,BALANCE,1,-1.1567441999172153e-05
5.218,-0.03304395656840145,0.0,-0.032213596545598466,-0.03219555323288398,-0.004857814961591739,-1.57771661164153,BALANCE,1,-1.1567441999172153e-05
5.22,-0.03304395656840145,0.0,-0.0337475773334841,-0.032738761668094016,-0.271604217605019,-1.5638126879412648,BALANCE,1,-1.1567441999172153e-05
5.222,-0.03304395656840145,0.0,-0.03681553890925539,-0.03416563370250049,-0.7134360172032367,-3.7369241675349043,BALANCE,1,-1.1567441999172153e-05
5.224,-0.03304395656840145,0.0,-0.032213596545598466,-0.033482420697584774,0.3416065024578578,-7.364024013125534,BALANCE,1,-1.1567441999172153e-05
5.226,-0.03304395656840145,0.0,-0.035281558121369745,-0.03411211879590951,-0.3148490491623676,1.1106124403186477,BALANCE,1,-1.1567441999172153e-05
5.228,-0.03304395656840145,0.0,-0.0337475773334841,-0.033984529284060615,0.063794755924447,-4.185636282301822,BALANCE,1,-1.1567441999172153e-05
5.23,-0.03304395656840145,0.0,-0.0337475773334841,-0.03390159610135883,0.041466591350892285,-1.1556273767531833,BALANCE,1,-1.1567441999172153e-05
5.232,-0.03304395656840145,0.0,-0.02914563496982718,-0.03223700970532275,0.8322931980180408,-1.3360570215997858,BALANCE,1,-1.1567441999172153e-05
5.234,-0.03304395656840145,0.0,-0.0337475773334841,-0.03276570837517922,-0.264349334928235,5.083983613558503,BALANCE,1,-1.1567441999172153e-05
5.236,-0.03304395656840145,0.0,-0.032213596545598466,-0.03257246923482595,0.09661957017663425,-3.7274317118781273,BALANCE,1,-1.1567441999172153e-05
5.238,-0.03304395656840145,0.0,-0.032213596545598466,-0.03244686379359633,0.06280272061481157,-0.8346006164649427,BALANCE,1,-1.1567441999172153e-05
5.24,-0.03304395656840145,0.0,-0.03681553890925539,-0.03397590008407699,-0.7645181452403323,-1.104088459244466,BALANCE,1,-1.1567441999172153e-05
5.242,-0.03304395656840145,0.0,-0.032213596545598466,-0.033359093845609505,0.30840311923374314,-7.821192743531272,BALANCE,1,-1.1567441999172153e-05
5.244,-0.03304395656840145,0.0,-0.032213596545598466,-0.03295816979060564,0.20046202750193323,0.7925139278002586,BALANCE,1,-1.1567441999172153e-05
5.246,-0.03304395656840145,0.0,-0.030679615757712823,-0.032160675879093145,0.39874695575624686,-0.05355099671210989,BALANCE,1,-1.1567441999172153e-05
5.248,-0.03304395656840145,0.0,-0.032213596545598466,-0.03217919811237,-0.009261116638428074,1.5741459288373303,BALANCE,1,-1.1567441999172153e-05
5.25,-0.03304395656840145,0.0,-0.0337475773334841,-0.03272813083975993,-0.274466363694964,-1.6974658239391545,BALANCE,1,-1.1567441999172153e-05
5.252,-0.03304395656840145,0.0,-0.030679615757712823,-0.032011150561043436,0.35849013935824664,-3.85858939020279,BALANCE,1,-1.1567441999172153e-05
5.2540000000000004,-0.03304395656840145,0.0,-0.02914563496982718,-0.031008220104117742,0.5014652284628471,1.2416792208336762,BALANCE,1,-1.1567441999172153e-05
5.256,-0.03304395656840145,0.0,-0.030679615757712823,-0.030893208582876017,0.05750576062086253,2.439454117065198,BALANCE,1,-1.1567441999172153e-05
5.258,-0.03304395656840145,0.0,-0.030679615757712823,-0.030818451094068895,0.03737874440356073,-1.11149957611275,BALANCE,1,-1.1567441999172153e-05
5.26,-0.03304395656840145,0.0,-0.0337475773334841,-0.031843645277864215,-0.5125970918976597,-1.274193946741551,BALANCE,1,-1.1567441999172153e-05
5.2620000000000005,-0.03304395656840145,0.0,-0.0337475773334841,-0.03251002149733117,-0.3331881097334774,-5.741881017234606,BALANCE,1,-1.1567441999172153e-05
5.264,-0.03304395656840145,0.0,-0.0337475773334841,-0.03294316603998469,-0.21657227132676135,-4.353093737388632,BALANCE,1,-1.1567441999172153e-05
5.266,-0.03304395656840145,0.0,-0.032213596545598466,-0.03268781671694951,0.12767466151759194,-3.452744335902111,BALANCE,1,-1.1567441999172153e-05
5.268,-0.03304395656840145,0.0,-0.032213596545598466,-0.03252183965697664,0.0829885299864358,-0.689985477108564,BALANCE,1,-1.1567441999172153e-05
5.2700000000000005,-0.03304395656840145,0.0,-0.032213596545598466,-0.03241395456799427,0.053942544491182576,-1.0440202736908362,BALANCE,1,-1.1567441999172153e-05
5.272,-0.03304395656840145,0.0,-0.032213596545598466,-0.032343829260155735,0.03506265391926833,-1.276397843227519,BALANCE,1,-1.1567441999172153e-05
5.274,-0.03304395656840145,0.0,-0.0337475773334841,-0.03283514108582066,-0.24565591283246327,-1.429698215184552,BALANCE,1,-1.1567441999172153e-05
5.276,-0.03304395656840145,0.0,-0.032213596545598466,-0.032617600496742886,0.10877029453888742,-3.711492486955464,BALANCE,1,-1.1567441999172153e-05
5.2780000000000005,-0.03304395656840145,0.0,-0.0337475773334841,-0.03301309238960231,-0.19774594642971155,-0.8695539127393409,BALANCE,1,-1.1567441999172153e-05
5.28,-0.03304395656840145,0.0,-0.03681553890925539,-0.034343948671480884,-0.6654281409392871,-3.3520159725376186,BALANCE,1,-1.1567441999172153e-05
5.282,-0.03304395656840145,0.0,-0.032213596545598466,-0.033598325427422034,0.37281162202942514,-7.1801936952612335,BALANCE,1,-1.1567441999172153e-05
5.284,-0.03304395656840145,0.0,-0.032213596545598466,-0.03311367031878378,0.24232755431912584,1.1637421380465107,BALANCE,1,-1.1567441999172153e-05
5.2860000000000005,-0.03304395656840145,0.0,-0.035281558121369745,-0.033872431049688866,-0.37938036545254183,0.14232616881865473,BALANCE,1,-1.1567441999172153e-05
5.288,-0.03304395656840145,0.0,-0.032213596545598466,-0.03329183897325722,0.2902960382158218,-4.88363731941893,BALANCE,1,-1.1567441999172153e-05
5.29,-0.03304395656840145,0.0,-0.0337475773334841,-0.033451347399336626,-0.07975421303970179,0.5019510667192267,BALANCE,1,-1.1567441999172153e-05
5.292,-0.03304395656840145,0.0,-0.0337475773334841,-0.03355502787628824,-0.05184023847580599,-2.4747117183695937,BALANCE,1,-1.1567441999172153e-05
5.2940000000000005,-0.03304395656840145,0.0,-0.0337475773334841,-0.03362242018630678,-0.033696155009272505,-2.264331756050781,BALANCE,1,-1.1567441999172153e-05
5.296,-0.03304395656840145,0.0,-0.035281558121369745,-0.03420311846357881,-0.29034913863601464,-2.1299471109568873,BALANCE,1,-1.1567441999172153e-05
5.298,-0.03304395656840145,0.0,-0.030679615757712823,-0.03296989251652571,0.6166129735265501,-4.224853500299862,BALANCE,1,-1.1567441999172153e-05
5.3,-0.03304395656840145,0.0,-0.030679615757712823,-0.032168295650941196,0.4007984327922577,3.0982429753205367,BALANCE,1,-1.1567441999172153e-05
5.3020000000000005,-0.03304395656840145,0.0,-0.030679615757712823,-0.03164725768831126,0.26051898131496803,1.41338880225108,BALANCE,1,-1.1567441999172153e-05
5.304,-0.03304395656840145,0.0,-0.035281558121369745,-0.032919262839881724,-0.6360025757852321,0.3160860166528968,BALANCE,1,-1.1567441999172153e-05
5.306,-0.03304395656840145,0.0,-0.02914563496982718,-0.03159849308536263,0.6603848772595462,-6.938990601810908,BALANCE,1,-1.1567441999172153e-05
5.308,-0.03304395656840145,0.0,-0.032213596545598466,-0.03181377929644517,-0.10764310554126771,3.505035509201391,BALANCE,1,-1.1567441999172153e-05
5.3100000000000005,-0.03304395656840145,0.0,-0.035281558121369745,-0.033027501885168765,-0.606861294361799,-2.6584682817293612,BALANCE,1,-1.1567441999172153e-05
5.312,-0.03304395656840145,0.0,-0.0337475773334841,-0.03327952829207913,-0.126013203455181,-6.731642647994062,BALANCE,1,-1.1567441999172153e-05
5.314,-0.03304395656840145,0.0,-0.0337475773334841,-0.033443345456570864,-0.08190858224586817,-2.906635410814155,BALANCE,1,-1.1567441999172153e-05
5.316,-0.03304395656840145,0.0,-0.0337475773334841,-0.03354982661349049,-0.05324057845981431,-2.5703161401004704,BALANCE,1,-1.1567441999172153e-05
5.3180000000000005,-0.03304395656840145,0.0,-0.032213596545598466,-0.03308214608972828,0.23384026188110613,-2.3540709445499157,BALANCE,1,-1.1567441999172153e-05
5.32,-0.03304395656840145,0.0,-0.030679615757712823,-0.03224126047352287,0.4204428081027063,-0.035979819614765235,BALANCE,1,-1.1567441999172153e-05
5.322,-0.03304395656840145,0.0,-0.032213596545598466,-0.032231578098749325,0.004841187386771251,1.5008454350356564,BALANCE,1,-1.1567441999172153e-05
5.324,-0.03304395656840145,0.0,-0.032213596545598466,-0.03222528455514652,0.0031467718014030477,-1.8298329038251613,BALANCE,1,-1.1567441999172153e-05
5.3260000000000005,-0.03304395656840145,0.0,-0.032213596545598466,-0.0322211937518047,0.00204540167091094,-1.8494556728029679,BALANCE,1,-1.1567441999172153e-05
5.328,-0.03304395656840145,0.0,-0.035281558121369745,-0.03329232128115246,-0.5355637646738826,-1.8644654243967562,BALANCE,1,-1.1567441999172153e-05
5.33,-0.03304395656840145,0.0,-0.032213596545598466,-0.03291476762370856,0.1887768287219503,-6.2362648711722,BALANCE,1,-1.1567441999172153e-05
5.332,-0.03304395656840145,0.0,-0.0337475773334841,-0.03320625102213,-0.14574169921071842,-0.4254698580836455,BALANCE,1,-1.1567441999172153e-05
5.3340000000000005,-0.03304395656840145,0.0,-0.030679615757712823,-0.03232192867958398,0.4421611712730096,-3.1257483356547073,BALANCE,1,-1.1567441999172153e-05
5.336,-0.03304395656840145,0.0,-0.0337475773334841,-0.03282090570844902,-0.24948851443252,1.624069583031961,BALANCE,1,-1.1567441999172153e-05
5.338,-0.03304395656840145,0.0,-0.030679615757712823,-0.03207145422569135,0.37472574137883613,-3.945630705485868,BALANCE,1,-1.1567441999172153e-05
5.34,-0.03304395656840145,0.0,-0.0337475773334841,-0.03265809731341881,-0.293321543863731,1.0866361391253032,BALANCE,1,-1.1567441999172153e-05
5.3420000000000005,-0.03304395656840145,0.0,-0.030679615757712823,-0.03196562876892171,0.3462342722485509,-4.299472347541565,BALANCE,1,-1.1567441999172153e-05
5.344,-0.03304395656840145,0.0,-0.0337475773334841,-0.03258931076651854,-0.3118409987984162,0.8521291682727318,BALANCE,1,-1.1567441999172153e-05
5.346,-0.03304395656840145,0.0,-0.0337475773334841,-0.032994704064956484,-0.20269664921897246,-4.456411782112119,BALANCE,1,-1.1567441999172153e-05
5.348,-0.03304395656840145,0.0,-0.032213596545598466,-0.03272131643318117,0.13669381588765628,-3.614179524195837,BALANCE,1,-1.1567441999172153e-05
5.3500000000000005,-0.03304395656840145,0.0,-0.032213596545598466,-0.03254361447252722,0.08885098032697727,-0.8891968087229246,BALANCE,1,-1.1567441999172153e-05
5.352,-0.03304395656840145,0.0,-0.0337475773334841,-0.032965001473862124,-0.21069350066745332,-1.2677860984636247,BALANCE,1,-1.1567441999172153e-05
5.354,-0.03304395656840145,0.0,-0.0337475773334841,-0.03323890302472981,-0.1369507754338424,-3.6960181667939365,BALANCE,1,-1.1567441999172153e-05
5.356,-0.03304395656840145,0.0,-0.035281558121369745,-0.03395383230855378,-0.3574646419119871,-3.1291582385820558,BALANCE,1,-1.1567441999172153e-05
5.3580000000000005,-0.03304395656840145,0.0,-0.035281558121369745,-0.03441853634303937,-0.23235201724279217,-4.942955693898363,BALANCE,1,-1.1567441999172153e-05
5.36,-0.03304395656840145,0.0,-0.032213596545598466,-0.03364680741393505,0.3858644645521603,-3.976820645882546,BALANCE,1,-1.1567441999172153e-05
5.362,-0.03304395656840145,0.0,-0.0337475773334841,-0.033682076885777214,-0.0176347359210835,1.0084855827405452,BALANCE,1,-1.1567441999172153e-05
5.364,-0.03304395656840145,0.0,-0.032213596545598466,-0.033168108766714645,0.25698405953128445,-2.22836060473309,BALANCE,1,-1.1567441999172153e-05
5.3660000000000005,-0.03304395656840145,0.0,-0.035281558121369745,-0.033907816040843926,-0.3698536370646405,-0.007205775723735305,BALANCE,1,-1.1567441999172153e-05
5.368,-0.03304395656840145,0.0,-0.035281558121369745,-0.03438862576902796,-0.2404048640920163,-5.073071348147061,BALANCE,1,-1.1567441999172153e-05
5.37,-0.03304395656840145,0.0,-0.035281558121369745,-0.03470115209234758,-0.15626316165981077,-4.073207473210915,BALANCE,1,-1.1567441999172153e-05
5.372,-0.03304395656840145,0.0,-0.032213596545598466,-0.033830507650985386,0.43532222068109677,-3.4257656635709175,BALANCE,1,-1.1567441999172153e-05
5.3740000000000006,-0.03304395656840145,0.0,-0.035281558121369745,-0.03433837531561991,-0.2539338323172616,1.3523899601078777,BALANCE,1,-1.1567441999172153e-05
5.376,-0.03304395656840145,0.0,-0.032213596545598466,-0.0335947027461124,0.3718362847537557,-4.198998198820185,BALANCE,1,-1.1567441999172153e-05
5.378,-0.03304395656840145,0.0,-0.0337475773334841,-0.033648208851692486,-0.026753052790044057,0.845064151369182,BALANCE,1,-1.1567441999172153e-05
5.38,-0.03304395656840145,0.0,-0.030679615757712823,-0.0326092012687996,0.5195037914464441,-2.35359055708636,BALANCE,1,-1.1567441999172153e-05
5.382,-0.03304395656840145,0.0,-0.032213596545598466,-0.0324707396156792,0.06923082656019874,2.072282811525359,BALANCE,1,-1.1567441999172153e-05
5.384,-0.03304395656840145,0.0,-0.032213596545598466,-0.032380739541150935,0.04500003726413265,-1.528087356300516,BALANCE,1,-1.1567441999172153e-05
5.386,-0.03304395656840145,0.0,-0.0337475773334841,-0.03285913276846754,-0.2391966136583018,-1.723009814105579,BALANCE,1,-1.1567441999172153e-05
5.388,-0.03304395656840145,0.0,-0.032213596545598466,-0.032633195090463356,0.11296883900209151,-4.031858441677745,BALANCE,1,-1.1567441999172153e-05
5.39,-0.03304395656840145,0.0,-0.0337475773334841,-0.03302322887552061,-0.19501689252862664,-1.2075051987324397,BALANCE,1,-1.1567441999172153e-05
5.392,-0.03304395656840145,0.0,-0.0337475773334841,-0.033276750835807827,-0.1267609801436087,-3.701397723856724,BALANCE,1,-1.1567441999172153e-05
5.394,-0.03304395656840145,0.0,-0.0337475773334841,-0.03344154010999452,-0.08239463709334635,-3.177217092560975,BALANCE,1,-1.1567441999172153e-05
5.396,-0.03304395656840145,0.0,-0.0337475773334841,-0.03354865313821587,-0.053556514110673914,-2.838862012632077,BALANCE,1,-1.1567441999172153e-05
5.398,-0.03304395656840145,0.0,-0.030679615757712823,-0.032544490055039794,0.5020815415880363,-2.6212935410916214,BALANCE,1,-1.1567441999172153e-05
5.4,-0.03304395656840145,0.0,-0.0337475773334841,-0.032965570602495296,-0.21054027372775092,1.8775517914776167,BALANCE,1,-1.1567441999172153e-05
5.402,-0.03304395656840145,0.0,-0.030679615757712823,-0.032165486406821424,0.40004209783693623,-3.85528067801651,BALANCE,1,-1.1567441999172153e-05
5.404,-0.03304395656840145,0.0,-0.032213596545598466,-0.03218232495539338,-0.00841927428597844,1.070950248960055,BALANCE,1,-1.1567441999172153e-05
5.406,-0.03304395656840145,0.0,-0.032213596545598466,-0.032193270011965154,-0.00547252828588668,-2.2041875059286586,BALANCE,1,-1.1567441999172153e-05
5.408,-0.03304395656840145,0.0,-0.035281558121369745,-0.03327417085025676,-0.5404504191458027,-2.1877088953246235,BALANCE,1,-1.1567441999172153e-05
5.41,-0.03304395656840145,0.0,-0.0337475773334841,-0.03343986311938633,-0.08284613456478393,-6.5390409066715005,BALANCE,1,-1.1567441999172153e-05
5.412,-0.03304395656840145,0.0,-0.032213596545598466,-0.03301066981856057,0.21459665041287726,-2.894836138795001,BALANCE,1,-1.1567441999172153e-05
5.414,-0.03304395656840145,0.0,-0.032213596545598466,-0.03273169417302383,0.13948782276837143,-0.496144394887878,BALANCE,1,-1.1567441999172153e-05
5.416,-0.03304395656840145,0.0,-0.032213596545598466,-0.03255036000342495,0.09066708479944091,-1.0868228161463247,BALANCE,1,-1.1567441999172153e-05
5.418,-0.03304395656840145,0.0,-0.0337475773334841,-0.032969386068945644,-0.20951303276034797,-1.4730187417225213,BALANCE,1,-1.1567441999172153e-05
5.42,-0.03304395656840145,0.0,-0.0337475773334841,-0.0332417530115341,-0.1361834712942274,-3.9061951233458636,BALANCE,1,-1.1567441999172153e-05
5.422,-0.03304395656840145,0.0,-0.030679615757712823,-0.03234500497269665,0.44837401941872496,-3.3425489987745127,BALANCE,1,-1.1567441999172153e-05
5.424,-0.03304395656840145,0.0,-0.032213596545598466,-0.03229901202321228,0.022996474742183887,1.381246808264814,BALANCE,1,-1.1567441999172153e-05
5.426,-0.03304395656840145,0.0,-0.032213596545598466,-0.03226911660604744,0.0149477085824197,-2.025473774583095,BALANCE,1,-1.1567441999172153e-05
5.428,-0.03304395656840145,0.0,-0.032213596545598466,-0.0322496845848903,0.009716010578572631,-2.0945240021525278,BALANCE,1,-1.1567441999172153e-05
5.43,-0.03304395656840145,0.0,-0.032213596545598466,-0.03223705377113815,0.006315406876074292,-2.1416616018308536,BALANCE,1,-1.1567441999172153e-05
5.432,-0.03304395656840145,0.0,-0.032213596545598466,-0.032228843742199254,0.004105014469447249,-2.174555993379939,BALANCE,1,-1.1567441999172153e-05
5.434,-0.03304395656840145,0.0,-0.032213596545598466,-0.03222350722338897,0.0026682594051405384,-2.1981922996450614,BALANCE,1,-1.1567441999172153e-05
5.436,-0.03304395656840145,0.0,-0.02914563496982718,-0.03114625193464234,0.5386276443733167,-2.215810850475576,BALANCE,1,-1.1567441999172153e-05
5.438,-0.03304395656840145,0.0,-0.0337475773334841,-0.03205671582423695,-0.455231944797305,2.1302702962077023,BALANCE,1,-1.1567441999172153e-05
5.44,-0.03304395656840145,0.0,-0.032213596545598466,-0.032111624076713474,-0.02745412623826257,-5.881645593697795,BALANCE,1,-1.1567441999172153e-05
5.442,-0.03304395656840145,0.0,-0.032213596545598466,-0.032147314440823214,-0.01784518205487015,-2.4691398651893897,BALANCE,1,-1.1567441999172153e-05
5.444,-0.03304395656840145,0.0,-0.032213596545598466,-0.032170513177494545,-0.011599368335665078,-2.4008391964569995,BALANCE,1,-1.1567441999172153e-05
5.446,-0.03304395656840145,0.0,-0.0337475773334841,-0.03272248563209088,-0.27598622729816874,-2.3586987135391375,BALANCE,1,-1.1567441999172153e-05
5.448,-0.03304395656840145,0.0,-0.032213596545598466,-0.032544374451818535,0.08905559013617365,-4.513456429641365,BALANCE,1,-1.1567441999172153e-05
5.45,-0.03304395656840145,0.0,-0.030679615757712823,-0.03189170890888153,0.32633277146850226,-1.5889440942406492,BALANCE,1,-1.1567441999172153e-05
5.452,-0.03304395656840145,0.0,-0.032213596545598466,-0.03200436958173245,-0.056330336425460675,0.3420549472124239,BALANCE,1,-1.1567441999172153e-05
5.454,-0.03304395656840145,0.0,-0.0337475773334841,-0.032614492294845525,-0.3050613565565366,-2.732410430226681,BALANCE,1,-1.1567441999172153e-05
5.456,-0.03304395656840145,0.0,-0.030679615757712823,-0.03193728550684907,0.3386033939982262,-4.765388852521043,BALANCE,1,-1.1567441999172153e-05
5.458,-0.03304395656840145,0.0,-0.032213596545598466,-0.03203399437041136,-0.04835443178114254,0.41817410209547734,BALANCE,1,-1.1567441999172153e-05
5.46,-0.03304395656840145,0.0,-0.035281558121369745,-0.033170641683246786,-0.5683236564177143,-2.689697834827292,BALANCE,1,-1.1567441999172153e-05
5.462,-0.03304395656840145,0.0,-0.035281558121369745,-0.033909462436589814,-0.369410376671514,-6.924284599026641,BALANCE,1,-1.1567441999172153e-05
5.464,-0.03304395656840145,0.0,-0.0337475773334841,-0.03385280265050281,0.02832989304350081,-5.384089498744938,BALANCE,1,-1.1567441999172153e-05
5.466,-0.03304395656840145,0.0,-0.030679615757712823,-0.03274218723802631,0.5553077062382499,-2.2055383143897003,BALANCE,1,-1.1567441999172153e-05
5.468,-0.03304395656840145,0.0,-0.035281558121369745,-0.03363096704719651,-0.4443899045850977,2.0703726784692766,BALANCE,1,-1.1567441999172153e-05
5.47,-0.03304395656840145,0.0,-0.032213596545598466,-0.03313488737163719,0.24803983777966013,-5.987261190077155,BALANCE,1,-1.1567441999172153e-05
5.472,-0.03304395656840145,0.0,-0.032213596545598466,-0.03281243558252363,0.1612258945567803,-0.4246854480998603,BALANCE,1,-1.1567441999172153e-05
5.474,-0.03304395656840145,0.0,-0.0337475773334841,-0.03313973519535979,-0.16364980641807997,-1.10641237365259,BALANCE,1,-1.1567441999172153e-05
5.476,-0.03304395656840145,0.0,-0.0337475773334841,-0.03335247994370329,-0.10637237417175302,-3.7316839052607134,BALANCE,1,-1.1567441999172153e-05
5.478,-0.03304395656840145,0.0,-0.030679615757712823,-0.032416977478606626,0.4677512325483336,-3.292899628179449,BALANCE,1,-1.1567441999172153e-05
5.48,-0.03304395656840145,0.0,-0.030679615757712823,-0.03180890087629379,0.3040383011564188,1.3497359779913227,BALANCE,1,-1.1567441999172153e-05
5.482,-0.03304395656840145,0.0,-0.032213596545598466,-0.03195054436055042,-0.07082174212831582,0.07015534281951552,BALANCE,1,-1.1567441999172153e-05
5.484,-0.03304395656840145,0.0,-0.0337475773334841,-0.03257950590107721,-0.31448077026339366,-2.9436137213858693,BALANCE,1,-1.1567441999172153e-05
5.486,-0.03304395656840145,0.0,-0.032213596545598466,-0.03245143762665964,0.06403413720878354,-4.937139540078315,BALANCE,1,-1.1567441999172153e-05
5.488,-0.03304395656840145,0.0,-0.035281558121369745,-0.033441979799808175,-0.4952710865742671,-1.907826471361175,BALANCE,1,-1.1567441999172153e-05
5.49,-0.03304395656840145,0.0,-0.0337475773334841,-0.03354893893659475,-0.05347956839328594,-6.4483891879744535,BALANCE,1,-1.1567441999172153e-05
5.492,-0.03304395656840145,0.0,-0.032213596545598466,-0.03308156909974604,0.23368491842435182,-2.9271843785211176,BALANCE,1,-1.1567441999172153e-05
5.494,-0.03304395656840145,0.0,-0.030679615757712823,-0.03224088543003441,0.42034183485581755,-0.6084426075890426,BALANCE,1,-1.1567441999172153e-05
5.496,-0.03304395656840145,0.0,-0.0337475773334841,-0.032768227596241796,-0.2636710831036941,0.9288055669593746,BALANCE,1,-1.1567441999172153e-05
5.498,-0.03304395656840145,0.0,-0.030679615757712823,-0.032037213452756653,0.36550707174257124,-4.5814919522084105,BALANCE,1,-1.1567441999172153e-05
5.5,-0.03304395656840145,0.0,-0.035281558121369745,-0.03317273408677123,-0.5677603170072889,0.4893866924802698,BALANCE,1,-1.1567441999172153e-05
5.502,-0.03304395656840145,0.0,-0.032213596545598466,-0.03283703594736076,0.1678490697052358,-7.05151820237684,BALANCE,1,-1.1567441999172153e-05
5.5040000000000004,-0.03304395656840145,0.0,-0.032213596545598466,-0.03261883215674395,0.10910189530840414,-1.1530686275014865,BALANCE,1,-1.1567441999172153e-05
5.506,-0.03304395656840145,0.0,-0.035281558121369745,-0.03355078624436297,-0.46597704380951094,-1.6164775616704803,BALANCE,1,-1.1567441999172153e-05
5.508,-0.03304395656840145,0.0,-0.035281558121369745,-0.03415655640131534,-0.3028850784761831,-6.279736477119815,BALANCE,1,-1.1567441999172153e-05
5.51,-0.03304395656840145,0.0,-0.032213596545598466,-0.03347652045181443,0.3400179747504554,-5.018178275150597,BALANCE,1,-1.1567441999172153e-05
5.5120000000000005,-0.03304395656840145,0.0,-0.0337475773334841,-0.03357139036039881,-0.047434954292189385,0.15915300354220263,BALANCE,1,-1.1567441999172153e-05
5.514,-0.03304395656840145,0.0,-0.0337475773334841,-0.03363305580097865,-0.030832720289922927,-2.952876901386098,BALANCE,1,-1.1567441999172153e-05
5.516,-0.03304395656840145,0.0,-0.035281558121369745,-0.03421003161311553,-0.2884879060684395,-2.8304855669629534,BALANCE,1,-1.1567441999172153e-05
5.518,-0.03304395656840145,0.0,-0.032213596545598466,-0.033511279339484557,0.34937613681548796,-4.933187608241922,BALANCE,1,-1.1567441999172153e-05
5.5200000000000005,-0.03304395656840145,0.0,-0.0337475773334841,-0.03359398363738439,-0.041352148949916345,0.2049476153794597,BALANCE,1,-1.1567441999172153e-05
5.522,-0.03304395656840145,0.0,-0.03681553890925539,-0.03472152798253923,-0.5637721725774216,-2.932559725345241,BALANCE,1,-1.1567441999172153e-05
5.524,-0.03304395656840145,0.0,-0.0337475773334841,-0.034380645255369935,0.17044136358464884,-7.186516880671082,BALANCE,1,-1.1567441999172153e-05
5.526,-0.03304395656840145,0.0,-0.032213596545598466,-0.03362217820694992,0.3792335242100084,-1.2992317567954346,BALANCE,1,-1.1567441999172153e-05
5.5280000000000005,-0.03304395656840145,0.0,-0.032213596545598466,-0.033129174625476904,0.2465017907365072,0.40988911547125295,BALANCE,1,-1.1567441999172153e-05
5.53,-0.03304395656840145,0.0,-0.0337475773334841,-0.03334561557327942,-0.10822047390125766,-0.6290103723534711,BALANCE,1,-1.1567441999172153e-05
5.532,-0.03304395656840145,0.0,-0.0337475773334841,-0.03348630218935105,-0.0703433080358161,-3.486444069438397,BALANCE,1,-1.1567441999172153e-05
5.534,-0.03304395656840145,0.0,-0.032213596545598466,-0.03304085521403764,0.22272348765670427,-3.1985651999170326,BALANCE,1,-1.1567441999172153e-05
5.5360000000000005,-0.03304395656840145,0.0,-0.035281558121369745,-0.03382510123160387,-0.3921230087831143,-0.8339121869008724,BALANCE,1,-1.1567441999172153e-05
5.538,-0.03304395656840145,0.0,-0.03834951969714103,-0.03540864769454187,-0.7917732314689993,-5.806503939719716,BALANCE,1,-1.1567441999172153e-05
5.54,-0.03304395656840145,0.0,-0.032213596545598466,-0.034290379792411674,0.559133951065098,-9.105800238521983,BALANCE,1,-1.1567441999172153e-05
5.542,-0.03304395656840145,0.0,-0.0337475773334841,-0.03410039893178702,0.0949904303123271,1.761695219920124,BALANCE,1,-1.1567441999172153e-05
5.5440000000000005,-0.03304395656840145,0.0,-0.035281558121369745,-0.03451380464814097,-0.2067028581769735,-1.9468741742509212,BALANCE,1,-1.1567441999172153e-05
5.546,-0.03304395656840145,0.0,-0.032213596545598466,-0.033708731812251085,0.402536417944941,-4.3921275860761915,BALANCE,1,-1.1567441999172153e-05
5.548,-0.03304395656840145,0.0,-0.032213596545598466,-0.033185434468922664,0.2616486716642101,0.5233492466900675,BALANCE,1,-1.1567441999172153e-05
5.55,-0.03304395656840145,0.0,-0.032213596545598466,-0.03284529119575919,0.17007163658173605,-0.5789919698498592,BALANCE,1,-1.1567441999172153e-05
5.5520000000000005,-0.03304395656840145,0.0,-0.030679615757712823,-0.032087304792442956,0.37899320165811834,-1.297768712358995,BALANCE,1,-1.1567441999172153e-05
5.554,-0.03304395656840145,0.0,-0.0337475773334841,-0.032668400181807354,-0.29054769468219926,0.41266553149254903,BALANCE,1,-1.1567441999172153e-05
5.556,-0.03304395656840145,0.0,-0.032213596545598466,-0.03250921890913424,0.07959063633655727,-4.985061042628217,BALANCE,1,-1.1567441999172153e-05
5.558,-0.03304395656840145,0.0,-0.0337475773334841,-0.03294264435765669,-0.21671272426122476,-2.020905361899605,BALANCE,1,-1.1567441999172153e-05
5.5600000000000005,-0.03304395656840145,0.0,-0.032213596545598466,-0.03268747762343631,0.12758336711019003,-4.423926302464739,BALANCE,1,-1.1567441999172153e-05
5.562,-0.03304395656840145,0.0,-0.0337475773334841,-0.033058512521953035,-0.18551744925836278,-1.6607850629648855,BALANCE,1,-1.1567441999172153e-05
5.564,-0.03304395656840145,0.0,-0.0337475773334841,-0.0332996852059889,-0.12058634201793372,-4.194465390328702,BALANCE,1,-1.1567441999172153e-05
5.566,-0.03304395656840145,0.0,-0.0337475773334841,-0.033456447450612214,-0.07838112231165623,-3.69614683048862,BALANCE,1,-1.1567441999172153e-05
5.5680000000000005,-0.03304395656840145,0.0,0.135376355070657,0.025635033431832023,29.54574044122212,-3.3746020970059205,BALANCE,1,-1.1567441999172153e-05
5.57,-0.03304395656840145,0.0,-0.035281558121369745,0.004314226388211419,-10.660403521810302,100.0,BALANCE,1,-1.1567441999172153e-05
5.572,-0.03304395656840145,0.0,-0.035281558121369745,-0.009544298190141975,-6.929262289176696,-85.75855101070165,BALANCE,1,-1.1567441999172153e-05
5.574,-0.03304395656840145,0.0,-0.030679615757712823,-0.01694165933879176,-3.6986805743248925,-56.74284148397205,BALANCE,1,-1.1567441999172153e-05
5.5760000000000005,-0.03304395656840145,0.0,-0.032213596545598466,-0.022286837361174094,-2.6725890111911674,-31.34541776594436,BALANCE,1,-1.1567441999172153e-05
5.578,-0.032999262476266236,0.04469477682787892,-0.032213596545598466,-0.025761203075722612,-1.7371828572742587,-23.461853309689733,BALANCE,1,-1.1075922212587782e-05
5.58,-0.0329074451985322,0.04712390754919409,-0.0337475773334841,-0.02855643406593912,-1.3976154951082542,-16.19221826184252,BALANCE,1,-1.0960432392412745e-05
5.582,-0.03281095735204306,0.04936541714093358,-0.030679615757712823,-0.029299547658059904,-0.37155679606039155,-13.649104510740665,BALANCE,1,-1.0843431252705224e-05
5.5840000000000005,-0.03271392451609528,0.047668905363692456,-0.030679615757712823,-0.029782571492938413,-0.24151191743925457,-5.4910816434166225,BALANCE,1,-1.0814009292975186e-05
5.586,-0.03262416197450555,0.042095011407025075,-0.032213596545598466,-0.03063343026136942,-0.4254293842155029,-4.485660558838824,BALANCE,1,-1.0867159849222446e-05
5.588,-0.03254819941295604,0.033868713909679826,-0.02914563496982718,-0.030112701909329624,0.26036417601989736,-6.014178505206946,BALANCE,1,-1.095869489084858e-05
5.59,-0.03249353982767071,0.020791708780564862,-0.030679615757712823,-0.030311121756263732,-0.09920992346705397,-0.5026088625832213,BALANCE,1,-1.108572406127223e-05
5.5920000000000005,-0.03246787795253493,0.004870559509666344,-0.030679615757712823,-0.030440094656770902,-0.06448645025358517,-3.3971690736461313,BALANCE,1,-1.1162200472276091e-05
5.594,-0.03246585778219703,-0.0028503582185598064,-0.0337475773334841,-0.03159771359362051,-0.5788094684248054,-3.133207680900165,BALANCE,1,-1.1164404655110784e-05
5.596,-0.03242465549897056,0.04405327265403946,-0.0337475773334841,-0.03235016590257276,-0.3762261544761232,-7.323568505199628,BALANCE,1,-1.069081969908432e-05
5.598,-0.03235642028477999,0.024182986931160593,-0.032213596545598466,-0.032302366627631744,0.023899637470507773,-5.754519165327819,BALANCE,1,-1.0956388521142441e-05
5.6000000000000005,-0.03233026545303089,0.0019722455293633943,-0.030679615757712823,-0.03173440382316011,0.2839814022358167,-2.557105346583837,BALANCE,1,-1.1072312233328517e-05
5.602,-0.032324430447693384,0.0038628492015849065,-0.03681553890925539,-0.033512801103293445,-0.889198640066667,-0.44872034095769964,BALANCE,1,-1.1065774191382143e-05
5.604,-0.03232488716207373,-0.004319570575116147,-0.0337475773334841,-0.033594972783860165,-0.04108584028335999,-9.947567076406228,BALANCE,1,-1.1065225937250002e-05
5.606,-0.03228484611791477,0.04436122815452996,-0.035281558121369745,-0.034185277651988505,-0.2951524340641699,-3.174313973530547,BALANCE,1,-1.0588712045629523e-05
5.6080000000000005,-0.03222156551370276,0.018920345552810917,-0.032213596545598466,-0.03349518926475198,0.345044193618263,-5.249102071395124,BALANCE,1,-1.091640148584536e-05
5.61,-0.03221186411722337,-0.009218800430882829,-0.032213596545598466,-0.03304663181304824,0.22427872585186956,-0.09282278455442028,BALANCE,1,-1.0972677514901215e-05
5.612,-0.032175742007286325,0.04534146374810269,-0.0337475773334841,-0.03329196274520078,-0.12266546607626883,-1.038642405945953,BALANCE,1,-1.0493953596818211e-05
5.614,-0.032115571284325,0.0148301810695461,-0.0337475773334841,-0.03345142785109993,-0.07973255294957751,-3.8355741898492526,BALANCE,1,-1.0875969750623709e-05
5.6160000000000005,-0.03211667740156874,-0.015936315245067903,-0.032213596545598466,-0.033018186894174406,0.21662047846276317,-3.508369076759892,BALANCE,1,-1.0868881421246313e-05
5.618,-0.03209441802121832,0.03819603659403804,-0.030679615757712823,-0.03219968699641284,0.40924994888078337,-1.1181540054244692,BALANCE,1,-1.0576115549455505e-05
5.62,-0.03205260959763066,0.0036130275348111654,-0.035281558121369745,-0.03327834189014774,-0.5393274468674519,0.4655518143861038,BALANCE,1,-1.0880837873272399e-05
5.622,-0.03206164503255092,-0.012648600874676692,-0.032213596545598466,-0.03290568101955548,0.18633043529613091,-7.194442313601902,BALANCE,1,-1.085312099703998e-05
5.6240000000000006,-0.032034671537686465,0.03962250896172008,-0.02914563496982718,-0.031589664902150566,0.6580080587024577,-1.3734007402616148,BALANCE,1,-1.0509952876808669e-05
5.626,-0.031992204830759825,0.0028448485936120385,-0.032213596545598466,-0.031808040977357316,-0.10918803760337492,2.472663281052864,BALANCE,1,-1.0841000675892117e-05
5.628,-0.032001792541672756,-0.012432706388031707,-0.032213596545598466,-0.03194998542624171,-0.07097222444219647,-3.6843696621016733,BALANCE,1,-1.0813751302014982e-05
5.63,-0.031976556498188154,0.03766913647836618,-0.032213596545598466,-0.03204224931801656,-0.04613194588742528,-3.3935498208305575,BALANCE,1,-1.0505332437506893e-05
5.632,-0.031937204069957384,0.0016838946694954088,-0.030679615757712823,-0.03156532757191024,0.23846087305316038,-3.206771875762482,BALANCE,1,-1.0804965307914084e-05
5.634,-0.03194146515714819,-0.005945047138890081,-0.02914563496982718,-0.030718435161181157,0.42344620536454053,-0.9077270849857999,BALANCE,1,-1.0800358780962381e-05
5.636,-0.031912397763508654,0.035012886087608275,-0.032213596545598466,-0.031241741645727204,-0.2616532422730234,0.6168254311167499,BALANCE,1,-1.0506392777228166e-05
5.638,-0.03187962955468197,-0.002244175216015852,-0.032213596545598466,-0.03158189086068213,-0.1700746074774634,-4.90161688738567,BALANCE,1,-1.076553718345222e-05
5.64,-0.03185896759888856,0.02290644755068632,-0.030679615757712823,-0.03126609457464286,0.1578981430196344,-4.195713140090622,BALANCE,1,-1.0631854832712949e-05
5.642,-0.03185025299813569,-0.014191713267630093,-0.032213596545598466,-0.03159772026447731,-0.16581284491722428,-1.559236577866412,BALANCE,1,-1.070046205148155e-05
5.644,-0.03182853015248234,0.035914891704291504,-0.030679615757712823,-0.03127638368710973,0.16066828868379138,-4.1751415668042435,BALANCE,1,-1.0435024330572414e-05
5.646,-0.031793707776063815,-0.0010919817685289337,-0.032213596545598466,-0.03160440818758077,-0.16401225023552138,-1.5502675800914854,BALANCE,1,-1.070846923785452e-05
5.648,-0.03177947259418003,0.015327381736374986,-0.0337475773334841,-0.032354517388646926,-0.37505460053307776,-4.173714243111766,BALANCE,1,-1.0645029992898682e-05
5.65,-0.03178354051508771,-0.019395364950818946,-0.032213596545598466,-0.03230519509357995,0.024661147533487637,-5.913530501033915,BALANCE,1,-1.0615224664594165e-05
5.652,-0.0317707364266052,0.03219964957569521,-0.030679615757712823,-0.03173624232602645,0.2844763837767522,-2.71930621781609,BALANCE,1,-1.0454393725748141e-05
5.654,-0.03174271286219415,-0.004175655808869083,-0.032213596545598466,-0.03190331630287664,-0.08353698842509735,-0.6129944102819685,BALANCE,1,-1.0670404952943428e-05
5.656,-0.03171405261649893,0.032836340580169716,-0.032213596545598466,-0.03201191438782927,-0.05429904247631484,-3.573506489768352,BALANCE,1,-1.0406733743328068e-05
5.658,-0.031684240585671,-0.003023852995439613,-0.032213596545598466,-0.032082503143048474,-0.035294377609601524,-3.352521190152816,BALANCE,1,-1.0633028982103562e-05
5.66,-0.03165919458855792,0.028070233815444393,-0.032213596545598466,-0.03212838583394096,-0.022941345446243072,-3.211135697160871,BALANCE,1,-1.0436788931412518e-05
5.662,-0.0316387781887971,-0.007653521244653551,-0.02914563496982718,-0.031084423031501125,0.5219814012199179,-3.1214900784743413,BALANCE,1,-1.0591144301537962e-05
5.664,-0.0316088960691712,0.03753609866420889,-0.02914563496982718,-0.03040584720991523,0.3392879107929469,1.2943127783950366,BALANCE,1,-1.0259995650868864e-05
5.666,-0.031572637683044316,-0.0012771570148174746,-0.030679615757712823,-0.030501666201644375,-0.04790949586457212,-0.13260176516756061,BALANCE,1,-1.0559976752214985e-05
5.668,-0.031559246575801746,0.014668469411360806,-0.032213596545598466,-0.031100841822028293,-0.2995878101919591,-3.24203049117179,BALANCE,1,-1.0501823361826127e-05
5.67,-0.03156658640215425,-0.022008408198109935,-0.030679615757712823,-0.030953412699517867,0.07371456125521321,-5.297627711378327,BALANCE,1,-1.0444706392774909e-05
5.672,-0.0315609147953307,0.02768010189146074,-0.030679615757712823,-0.03085758376988609,0.0479144648158885,-2.3085536749902262,BALANCE,1,-1.0375982850751262e-05
5.674,-0.03154271952767268,-0.009484555451202959,-0.032213596545598466,-0.03133218824138541,-0.23730223574965936,-2.5153762274808944,BALANCE,1,-1.0519623731610462e-05
5.676,-0.031512939496125415,0.03926504322776901,-0.032213596545598466,-0.031640681147859964,-0.15424645323727781,-4.831852537943513,BALANCE,1,-1.0165240432010969e-05
5.678,-0.03146996600161523,0.003709109685696127,-0.032213596545598466,-0.03184120153706843,-0.10026019460423335,-4.192243988462506,BALANCE,1,-1.048861733620961e-05
5.68,-0.03148173548957585,-0.015478777954890586,-0.030679615757712823,-0.03143464651429396,0.20327751138723635,-3.7787533830580724,BALANCE,1,-1.0444433425219945e-05
5.682,-0.03146215919601328,0.03505537141761589,-0.032213596545598466,-0.03170727902525052,-0.1363162554782818,-1.3323453630627056,BALANCE,1,-1.0203448972024916e-05
5.684,-0.031427616674669055,-0.0005123208382497857,-0.032213596545598466,-0.03188449015737229,-0.08860556606088421,-4.071794904449295,BALANCE,1,-1.0463510186932031e-05
5.686,-0.031427616674669055,0.0,-0.032213596545598466,-0.03199967739325144,-0.057593617939576125,-3.7071189550688946,BALANCE,1,-1.0463570660628587e-05
5.688,-0.031427616674669055,0.0,-0.0337475773334841,-0.03261144237233286,-0.3058824895407104,-3.4723345397298297,BALANCE,1,-1.0463570660628587e-05
5.69,-0.031427616674669055,0.0,-0.032213596545598466,-0.032472196332975815,0.069623019678524,-5.501873699758255,BALANCE,1,-1.0463570660628587e-05
5.692,-0.031427616674669055,0.0,-0.030679615757712823,-0.031844793131633756,0.3137016006710298,-2.495969302909552,BALANCE,1,-1.0463570660628587e-05
5.694,-0.031427616674669055,0.0,-0.032213596545598466,-0.03197387432652139,-0.06454059744381846,-0.5120654215153089,BALANCE,1,-1.0463570660628587e-05
5.696,-0.031427616674669055,0.0,-0.02914563496982718,-0.030983990551678407,0.49494188742149264,-3.552142652992657,BALANCE,1,-1.0463570660628587e-05
5.698,-0.031427616674669055,0.0,-0.030679615757712823,-0.03087745937379044,0.053265588943984116,0.976913454310075,BALANCE,1,-1.0463570660628587e-05
5.7,-0.031427616674669055,0.0,-0.0337475773334841,-0.03188200065968321,-0.5022706429463862,-2.5562805547114733,BALANCE,1,-1.0463570660628587e-05
5.702,-0.031427616674669055,0.0,-0.030679615757712823,-0.03146116594399356,0.21041735784482415,-7.067219287119939,BALANCE,1,-1.0463570660628587e-05
5.704,-0.031427616674669055,0.0,-0.032213596545598466,-0.031724516654555265,-0.13167535528085111,-1.3467574310376758,BALANCE,1,-1.0463570660628587e-05
5.706,-0.031427616674669055,0.0,-0.030679615757712823,-0.0313588013406604,0.18285765694743203,-4.10564508200769,BALANCE,1,-1.0463570660628587e-05
5.708,-0.031427616674669055,0.0,-0.02761165418194154,-0.030047299835108787,0.6557507527758071,-1.5737098256158661,BALANCE,1,-1.0463570660628587e-05
5.71,-0.031427616674669055,0.0,-0.02914563496982718,-0.029731717132260214,0.15779135142428638,2.282115571377209,BALANCE,1,-1.0463570660628587e-05
5.712,-0.031427616674669055,0.0,-0.032213596545598466,-0.03060037492692859,-0.4343288973341873,-1.6885710206904943,BALANCE,1,-1.0463570660628587e-05
5.714,-0.031427616674669055,0.0,-0.030679615757712823,-0.030628109217703058,-0.013867145387234242,-6.483772553423771,BALANCE,1,-1.0463570660628587e-05
5.716,-0.031427616674669055,0.0,-0.030679615757712823,-0.030646136506706462,-0.00901364450170243,-3.1278682171381558,BALANCE,1,-1.0463570660628587e-05
5.718,-0.031427616674669055,0.0,-0.02914563496982718,-0.030120960968798703,0.26258776895387964,-3.096251074695447,BALANCE,1,-1.0463570660628587e-05
5.72,-0.031427616674669055,0.0,-0.030679615757712823,-0.030316490144918634,-0.09776458805996549,-0.8979534269700848,BALANCE,1,-1.0463570660628587e-05
5.722,-0.031427616674669055,0.0,-0.030679615757712823,-0.030443584109396588,-0.06354698223897705,-3.7985673316770248,BALANCE,1,-1.0463570660628587e-05
5.724,-0.031427616674669055,0.0,-0.032213596545598466,-0.031063088462067234,-0.30975217633532304,-3.5385408397996745,BALANCE,1,-1.0463570660628587e-05
5.726,-0.031427616674669055,0.0,-0.02761165418194154,-0.02985508646402323,0.6040009990220027,-5.551565271423094,BALANCE,1,-1.0463570660628587e-05
5.728,-0.031427616674669055,0.0,-0.030679615757712823,-0.030143671716814573,-0.14429262639567217,1.824969234025347,BALANCE,1,-1.0463570660628587e-05
5.73,-0.031427616674669055,0.0,-0.02914563496982718,-0.029794358855368974,0.1746564307227999,-4.1847236188268955,BALANCE,1,-1.0463570660628587e-05
5.732,-0.031427616674669055,0.0,-0.032213596545598466,-0.030641092046949283,-0.42336659579015473,-1.6181312619634567,BALANCE,1,-1.0463570660628587e-05
5.734,-0.031427616674669055,0.0,-0.030679615757712823,-0.03065457534571651,-0.006741649383613935,-6.459247683971302,BALANCE,1,-1.0463570660628587e-05
5.736,-0.031427616674669055,0.0,-0.032213596545598466,-0.031200232765675184,-0.2728287099793367,-3.1331880257141527,BALANCE,1,-1.0463570660628587e-05
5.738,-0.031427616674669055,0.0,-0.032213596545598466,-0.03155491008864832,-0.1773386614865695,-5.30086400223059,BALANCE,1,-1.0463570660628587e-05
5.74,-0.031427616674669055,0.0,-0.030679615757712823,-0.031248557072820884,0.15317650791371942,-4.564535235684571,BALANCE,1,-1.0463570660628587e-05
5.742,-0.031427616674669055,0.0,-0.030679615757712823,-0.03104942761253305,0.09956473014391745,-1.9082824109471772,BALANCE,1,-1.0463570660628587e-05
5.744,-0.031427616674669055,0.0,-0.030679615757712823,-0.03091999346334596,0.06471707459354548,-2.33143875101083,BALANCE,1,-1.0463570660628587e-05
5.746,-0.031427616674669055,0.0,-0.030679615757712823,-0.03083586126637435,0.042066098485804906,-2.608637945155249,BALANCE,1,-1.0463570660628587e-05
5.748,-0.031427616674669055,0.0,-0.030679615757712823,-0.030781175338342803,0.027342964015773102,-2.790964994452152,BALANCE,1,-1.0463570660628587e-05
5.75,-0.031427616674669055,0.0,-0.0337475773334841,-0.03181941603664225,-0.5191203491497227,-2.911625149598182,BALANCE,1,-1.0463570660628587e-05
5.752,-0.031427616674669055,0.0,-0.0337475773334841,-0.03249427249053689,-0.3374282269473193,-7.351989980027444,BALANCE,1,-1.0463570660628587e-05
5.7540000000000004,-0.031427616674669055,0.0,-0.02914563496982718,-0.03132224935828848,0.5860115661242039,-5.9454432441400025,BALANCE,1,-1.0463570660628587e-05
5.756,-0.031427616674669055,0.0,-0.02914563496982718,-0.030560434322327013,0.38090751798073275,1.5061320384954304,BALANCE,1,-1.0463570660628587e-05
5.758,-0.031427616674669055,0.0,-0.032213596545598466,-0.03113904110047201,-0.2893033890724976,-0.09510353135911664,BALANCE,1,-1.0463570660628587e-05
5.76,-0.031427616674669055,0.0,-0.035281558121369745,-0.032588922057786206,-0.7249404786570987,-5.497735002693753,BALANCE,1,-1.0463570660628587e-05
5.7620000000000005,-0.031427616674669055,0.0,-0.030679615757712823,-0.03192066485276051,0.33412860251284815,-9.07634236122097,BALANCE,1,-1.0463570660628587e-05
5.764,-0.031427616674669055,0.0,-0.032213596545598466,-0.032023190945253785,-0.05126304624663777,-0.570078412530407,BALANCE,1,-1.0463570660628587e-05
5.766,-0.031427616674669055,0.0,-0.030679615757712823,-0.03155293962961444,0.23512565781967296,-3.6657678063449417,BALANCE,1,-1.0463570660628587e-05
5.768,-0.031427616674669055,0.0,-0.0337475773334841,-0.03232106282596881,-0.3840615981771864,-1.352753682802018,BALANCE,1,-1.0463570660628587e-05
5.7700000000000005,-0.031427616674669055,0.0,-0.030679615757712823,-0.0317465563520792,0.28725323694480526,-6.358803335123348,BALANCE,1,-1.0463570660628587e-05
5.772,-0.031427616674669055,0.0,-0.02914563496982718,-0.030836233868290982,0.4551612418941097,-0.9601635769844548,BALANCE,1,-1.0463570660628587e-05
5.774,-0.031427616674669055,0.0,-0.02914563496982718,-0.03024452425382864,0.2958548072311707,0.43155256486361604,BALANCE,1,-1.0463570660628587e-05
5.776,-0.031427616674669055,0.0,-0.02914563496982718,-0.029859913004428116,0.19230562470026225,-0.8134452404229215,BALANCE,1,-1.0463570660628587e-05
5.7780000000000005,-0.031427616674669055,0.0,-0.032213596545598466,-0.030683702243837728,-0.411894619704806,-1.6247340083070432,BALANCE,1,-1.0463570660628587e-05
5.78,-0.031427616674669055,0.0,-0.02914563496982718,-0.030145378697934024,0.26916177295185223,-6.513900058360933,BALANCE,1,-1.0463570660628587e-05
5.782,-0.031427616674669055,0.0,-0.0337475773334841,-0.03140614822037654,-0.6303847612212573,-1.039178580093032,BALANCE,1,-1.0463570660628587e-05
5.784,-0.031427616674669055,0.0,-0.032213596545598466,-0.0316887551342042,-0.14130345691383203,-8.317478254468535,BALANCE,1,-1.0463570660628587e-05
5.7860000000000005,-0.031427616674669055,0.0,-0.0337475773334841,-0.03240934290395216,-0.3602938848739773,-4.4281219858656335,BALANCE,1,-1.0463570660628587e-05
5.788,-0.031427616674669055,0.0,-0.032213596545598466,-0.03234083167852835,0.034255612711902445,-6.229762544312463,BALANCE,1,-1.0463570660628587e-05
5.79,-0.031427616674669055,0.0,-0.0337475773334841,-0.032833192657762855,-0.2461804896172516,-3.0757240564357025,BALANCE,1,-1.0463570660628587e-05
5.792,-0.031427616674669055,0.0,-0.032213596545598466,-0.032616334018505305,0.108429319628775,-5.355321172354558,BALANCE,1,-1.0463570660628587e-05
5.7940000000000005,-0.031427616674669055,0.0,-0.032213596545598466,-0.0324753759029879,0.07047905775870236,-2.5119544468345927,BALANCE,1,-1.0463570660628587e-05
5.796,-0.031427616674669055,0.0,-0.032213596545598466,-0.032383753127901586,0.045811387543157056,-2.813594130044727,BALANCE,1,-1.0463570660628587e-05
5.798,-0.031427616674669055,0.0,-0.032213596545598466,-0.032324198324095485,0.0297774019030507,-3.011914875889491,BALANCE,1,-1.0463570660628587e-05
5.8,-0.031427616674669055,0.0,-0.030679615757712823,-0.03174859442586154,0.2878019491169732,-3.1430783124467947,BALANCE,1,-1.0463570660628587e-05
5.8020000000000005,-0.031427616674669055,0.0,-0.02761165418194154,-0.030300665340489526,0.7239645426860061,-1.0506954197265506,BALANCE,1,-1.0463570660628587e-05
5.804,-0.031427616674669055,0.0,-0.032213596545598466,-0.03097019126227764,-0.3347629608940576,2.519420940879935,BALANCE,1,-1.0463570660628587e-05
5.806,-0.031427616674669055,0.0,-0.030679615757712823,-0.030868489835679944,0.05085071329884866,-5.996764681320316,BALANCE,1,-1.0463570660628587e-05
5.808,-0.031427616674669055,0.0,-0.032213596545598466,-0.031339277184151415,-0.23539367423573535,-2.9119269001483405,BALANCE,1,-1.0463570660628587e-05
5.8100000000000005,-0.031427616674669055,0.0,-0.0337475773334841,-0.03218218223641784,-0.4214525261332126,-5.236397096770131,BALANCE,1,-1.0463570660628587e-05
5.812,-0.031427616674669055,0.0,-0.032213596545598466,-0.03219317724463105,-0.005497504106603823,-6.781878651533219,BALANCE,1,-1.0463570660628587e-05
5.814,-0.031427616674669055,0.0,-0.0337475773334841,-0.032737217275729605,-0.2720200155492784,-3.4613368112620666,BALANCE,1,-1.0463570660628587e-05
5.816,-0.031427616674669055,0.0,-0.032213596545598466,-0.03255395002018369,0.09163362777295583,-5.632706748124523,BALANCE,1,-1.0463570660628587e-05
5.8180000000000005,-0.031427616674669055,0.0,-0.0337475773334841,-0.032971719579838826,-0.20888477982756656,-2.718992356217931,BALANCE,1,-1.0463570660628587e-05
5.82,-0.031427616674669055,0.0,-0.030679615757712823,-0.03216948324209471,0.4011181688720576,-5.1548001345173855,BALANCE,1,-1.0463570660628587e-05
5.822,-0.031427616674669055,0.0,-0.030679615757712823,-0.03164802962256104,0.2607268097668362,-0.2330762613041648,BALANCE,1,-1.0463570660628587e-05
5.824,-0.031427616674669055,0.0,-0.030679615757712823,-0.03130908476986415,0.16947242634844303,-1.3312495228984278,BALANCE,1,-1.0463570660628587e-05
5.8260000000000005,-0.031427616674669055,0.0,-0.032213596545598466,-0.03162566389137115,-0.15828956075349815,-2.0472097160377327,BALANCE,1,-1.0463570660628587e-05
5.828,-0.031427616674669055,0.0,-0.02914563496982718,-0.03075765376883075,0.43400506127020017,-4.694625492921956,BALANCE,1,-1.0463570660628587e-05
5.83,-0.031427616674669055,0.0,-0.0337475773334841,-0.03180412701645941,-0.5232366238143317,0.08966055986628829,BALANCE,1,-1.0463570660628587e-05
5.832,-0.031427616674669055,0.0,-0.02914563496982718,-0.03087365480013812,0.4652361081606462,-7.637422141070978,BALANCE,1,-1.0463570660628587e-05
5.8340000000000005,-0.031427616674669055,0.0,-0.032213596545598466,-0.03134263441104923,-0.2344898054555556,0.3200133167480945,BALANCE,1,-1.0463570660628587e-05
5.836,-0.031427616674669055,0.0,-0.02914563496982718,-0.0305736846066215,0.3844749022138653,-5.312201295718396,BALANCE,1,-1.0463570660628587e-05
5.838,-0.031427616674669055,0.0,-0.02914563496982718,-0.030073867233743477,0.2499086864390116,-0.3204613830186893,BALANCE,1,-1.0463570660628587e-05
5.84,-0.031427616674669055,0.0,-0.030679615757712823,-0.030285879217132737,-0.10600599169463022,-1.3730168402915863,BALANCE,1,-1.0463570660628587e-05
5.8420000000000005,-0.031427616674669055,0.0,-0.030679615757712823,-0.030423687006335756,-0.06890389460150956,-4.239112160207504,BALANCE,1,-1.0463570660628587e-05
5.844,-0.031427616674669055,0.0,-0.0337475773334841,-0.031587048620837666,-0.5816808072509546,-3.956648588215986,BALANCE,1,-1.0463570660628587e-05
5.846,-0.031427616674669055,0.0,-0.030679615757712823,-0.03126944711874396,0.1588007510468538,-8.134982996005828,BALANCE,1,-1.0463570660628587e-05
5.848,-0.031427616674669055,0.0,-0.032213596545598466,-0.03159989941814302,-0.1652261496995315,-2.1983283289214874,BALANCE,1,-1.0463570660628587e-05
5.8500000000000005,-0.031427616674669055,0.0,-0.030679615757712823,-0.03127780013699244,0.16104964057529064,-4.816690652740142,BALANCE,1,-1.0463570660628587e-05
5.852,-0.031427616674669055,0.0,-0.0337475773334841,-0.03214222215576451,-0.4322110093860354,-2.1934139336999285,BALANCE,1,-1.0463570660628587e-05
5.854,-0.031427616674669055,0.0,-0.0337475773334841,-0.032704096467966355,-0.2809371561009223,-6.997792898948014,BALANCE,1,-1.0463570660628587e-05
5.856,-0.031427616674669055,0.0,-0.030679615757712823,-0.03199552821937761,0.3542841242943732,-5.827855350692814,BALANCE,1,-1.0463570660628587e-05
5.8580000000000005,-0.031427616674669055,0.0,-0.032213596545598466,-0.032071852133554894,-0.03816195708864281,-0.7099701182590001,BALANCE,1,-1.0463570660628587e-05
5.86,-0.031427616674669055,0.0,-0.032213596545598466,-0.032121462677770135,-0.02480527210762043,-3.8605325746004766,BALANCE,1,-1.0463570660628587e-05
5.862,-0.031427616674669055,0.0,-0.032213596545598466,-0.03215370953151004,-0.016123426869952412,-3.763080019940766,BALANCE,1,-1.0463570660628587e-05
5.864,-0.031427616674669055,0.0,-0.02914563496982718,-0.031100883434921026,0.5264130482945072,-3.701990811170118,BALANCE,1,-1.0463570660628587e-05
5.8660000000000005,-0.031427616674669055,0.0,-0.035281558121369745,-0.03256411957517807,-0.7316180701285209,0.6952503792539151,BALANCE,1,-1.0463570660628587e-05
5.868,-0.031427616674669055,0.0,-0.032213596545598466,-0.032441436514825193,0.061341530176436954,-9.463305560460768,BALANCE,1,-1.0463570660628587e-05
5.87,-0.031427616674669055,0.0,-0.032213596545598466,-0.03236169252559583,0.03987199461468263,-3.1187560617028978,BALANCE,1,-1.0463570660628587e-05
5.872,-0.031427616674669055,0.0,-0.030679615757712823,-0.031772965656836766,0.2943634343795312,-3.2922000453482894,BALANCE,1,-1.0463570660628587e-05
5.8740000000000006,-0.031427616674669055,0.0,-0.032213596545598466,-0.03192718646790335,-0.07711040553329274,-1.2272995082353244,BALANCE,1,-1.0463570660628587e-05
5.876,-0.031427616674669055,0.0,-0.032213596545598466,-0.032027429995096626,-0.0501217635966375,-4.214728913495492,BALANCE,1,-1.0463570660628587e-05
5.878,-0.031427616674669055,0.0,-0.0337475773334841,-0.03262948156353223,-0.3010257842178017,-4.011239875632866,BALANCE,1,-1.0463570660628587e-05
5.88,-0.031427616674669055,0.0,-0.030679615757712823,-0.031947028531495426,0.34122651601840165,-6.061121031021021,BALANCE,1,-1.0463570660628587e-05
5.882000000000001,-0.031427616674669055,0.0,-0.0337475773334841,-0.032577220612191454,-0.3150960403480139,-0.888544852915486,BALANCE,1,-1.0463570660628587e-05
5.884,-0.031427616674669055,0.0,-0.030679615757712823,-0.03191305891312392,0.3320808495337682,-6.18345227281101,BALANCE,1,-1.0463570660628587e-05
5.886,-0.031427616674669055,0.0,-0.02914563496982718,-0.030944460532970047,0.4842991900769356,-0.972570063595326,BALANCE,1,-1.0463570660628587e-05
5.888,-0.031427616674669055,0.0,-0.030679615757712823,-0.030851764861630007,0.046347835670019696,0.2971036714526516,BALANCE,1,-1.0463570660628587e-05
5.89,-0.031427616674669055,0.0,-0.030679615757712823,-0.03079151267525898,0.030126093185513236,-3.2071157764945997,BALANCE,1,-1.0463570660628587e-05
5.892,-0.031427616674669055,0.0,-0.030679615757712823,-0.030752348754117812,0.019581960570584298,-3.339432887723442,BALANCE,1,-1.0463570660628587e-05
5.894,-0.031427616674669055,0.0,-0.032213596545598466,-0.03126378548113603,-0.2557183635091085,-3.427586583125227,BALANCE,1,-1.0463570660628587e-05
5.896,-0.031427616674669055,0.0,-0.0337475773334841,-0.032133112629457845,-0.4346635741609081,-5.666928136480089,BALANCE,1,-1.0463570660628587e-05
5.898,-0.031427616674669055,0.0,-0.032213596545598466,-0.03216128200010705,-0.014084685324603635,-7.157076073119687,BALANCE,1,-1.0463570660628587e-05
5.9,-0.031427616674669055,0.0,-0.032213596545598466,-0.03217959209102904,-0.009155045460992883,-3.800567381068225,BALANCE,1,-1.0463570660628587e-05
5.902,-0.031427616674669055,0.0,-0.030679615757712823,-0.031654600374368354,0.2624958583303423,-3.768664786032864,BALANCE,1,-1.0463570660628587e-05
5.904,-0.031427616674669055,0.0,-0.032213596545598466,-0.03185024903429888,-0.09782432996526327,-1.5702889727774152,BALANCE,1,-1.0463570660628587e-05
5.906,-0.031427616674669055,0.0,-0.032213596545598466,-0.03197742066325372,-0.06358581447742095,-4.470959448544951,BALANCE,1,-1.0463570660628587e-05
5.908,-0.031427616674669055,0.0,-0.0337475773334841,-0.03259697549783434,-0.3097774172903106,-4.211077106512153,BALANCE,1,-1.0463570660628587e-05
5.91,-0.031427616674669055,0.0,-0.030679615757712823,-0.0319258995887918,0.3355379545212714,-6.224302614189675,BALANCE,1,-1.0463570660628587e-05
5.912,-0.031427616674669055,0.0,-0.0337475773334841,-0.03256348679943409,-0.31879360532114515,-1.0279002650722247,BALANCE,1,-1.0463570660628587e-05
5.914,-0.031427616674669055,0.0,-0.030679615757712823,-0.03190413193483164,0.3296774323012265,-6.307320673809981,BALANCE,1,-1.0463570660628587e-05
5.916,-0.031427616674669055,0.0,-0.032213596545598466,-0.032012444548600014,-0.05415630688418785,-1.0863719073418272,BALANCE,1,-1.0463570660628587e-05
5.918,-0.031427616674669055,0.0,-0.02914563496982718,-0.03100906119602951,0.501691676285252,-4.169943066560965,BALANCE,1,-1.0463570660628587e-05
5.92,-0.031427616674669055,0.0,-0.030679615757712823,-0.030893755292618657,0.05765295170542632,0.33084198770957896,BALANCE,1,-1.0463570660628587e-05
5.922,-0.031427616674669055,0.0,-0.02914563496982718,-0.03028191317964163,0.3059210564885142,-3.2207282057828994,BALANCE,1,-1.0463570660628587e-05
5.924,-0.031427616674669055,0.0,-0.030679615757712823,-0.030421109081966536,-0.06959795116245372,-1.203929223375503,BALANCE,1,-1.0463570660628587e-05
5.926,-0.031427616674669055,0.0,-0.02914563496982718,-0.02997469314271775,0.2232079696243925,-4.222517260539134,BALANCE,1,-1.0463570660628587e-05
5.928,-0.031427616674669055,0.0,-0.030679615757712823,-0.030221416057966015,-0.12336145762413195,-1.8592798765179808,BALANCE,1,-1.0463570660628587e-05
5.93,-0.031427616674669055,0.0,-0.0337475773334841,-0.03145557250439733,-0.6170782232156579,-4.652682952632666,BALANCE,1,-1.0463570660628587e-05
5.932,-0.031427616674669055,0.0,-0.030679615757712823,-0.031183987643057742,0.13579243066979413,-8.68275757865163,BALANCE,1,-1.0463570660628587e-05
5.934,-0.031427616674669055,0.0,-0.032213596545598466,-0.03154435075894698,-0.18018155794461907,-2.6497340534162515,BALANCE,1,-1.0463570660628587e-05
5.936,-0.031427616674669055,0.0,-0.030679615757712823,-0.031241693508515012,0.15132862521598406,-5.205456619436701,BALANCE,1,-1.0463570660628587e-05
5.938,-0.031427616674669055,0.0,-0.02761165418194154,-0.029971179744214285,0.6352568821503639,-2.5414640578276613,BALANCE,1,-1.0463570660628587e-05
5.94,-0.031427616674669055,0.0,-0.032213596545598466,-0.030756025624698737,-0.392422940242226,1.4001985875565788,BALANCE,1,-1.0463570660628587e-05
5.942,-0.031427616674669055,0.0,-0.032213596545598466,-0.03126617544701363,-0.25507491115744557,-6.874481949538148,BALANCE,1,-1.0463570660628587e-05
5.944,-0.031427616674669055,0.0,-0.030679615757712823,-0.031060879555758335,0.10264794562764648,-5.8125599412882005,BALANCE,1,-1.0463570660628587e-05
5.946,-0.031427616674669055,0.0,-0.032213596545598466,-0.03146433050220237,-0.20172547322201695,-2.944671509443298,BALANCE,1,-1.0463570660628587e-05
5.948,-0.031427616674669055,0.0,-0.02914563496982718,-0.030652787065871042,0.4057717181656633,-5.410158783127688,BALANCE,1,-1.0463570660628587e-05
5.95,-0.031427616674669055,0.0,-0.030679615757712823,-0.030662177108015654,-0.004695021072306099,-0.5076192032595401,BALANCE,1,-1.0463570660628587e-05
5.952,-0.031427616674669055,0.0,-0.02914563496982718,-0.030131387359649677,0.2653948741829885,-3.7980489551135754,BALANCE,1,-1.0463570660628587e-05
5.954,-0.031427616674669055,0.0,-0.0337475773334841,-0.03139705385049171,-0.6328332454210179,-1.6115086856411902,BALANCE,1,-1.0463570660628587e-05
5.956,-0.031427616674669055,0.0,-0.02914563496982718,-0.030609057242259114,0.39399830411629944,-8.879553042693862,BALANCE,1,-1.0463570660628587e-05
5.958,-0.031427616674669055,0.0,-0.02914563496982718,-0.030096859446907924,0.25609889767559507,-0.6237426613498191,BALANCE,1,-1.0463570660628587e-05
5.96,-0.031427616674669055,0.0,-0.0337475773334841,-0.03137461070720957,-0.6388756301508244,-1.7022254170437643,BALANCE,1,-1.0463570660628587e-05
5.962,-0.031427616674669055,0.0,-0.0337475773334841,-0.032205149026405644,-0.4152691595980355,-8.94496163741466,BALANCE,1,-1.0463570660628587e-05
5.964,-0.031427616674669055,0.0,-0.032213596545598466,-0.03220810565812312,-0.0014783158587376721,-7.212383201949395,BALANCE,1,-1.0463570660628587e-05
5.966,-0.031427616674669055,0.0,-0.030679615757712823,-0.031673134192979506,0.26748573257180663,-3.908675471069686,BALANCE,1,-1.0463570660628587e-05
5.968,-0.031427616674669055,0.0,-0.032213596545598466,-0.03186229601639613,-0.09458091170831337,-1.7311994225553102,BALANCE,1,-1.0463570660628587e-05
5.97,-0.031427616674669055,0.0,-0.032213596545598466,-0.03198525120161694,-0.061477592610402476,-4.645454745404548,BALANCE,1,-1.0463570660628587e-05
5.972,-0.031427616674669055,0.0,-0.0337475773334841,-0.03260206534777043,-0.30840707307674614,-4.394402553974832,BALANCE,1,-1.0463570660628587e-05
5.974,-0.031427616674669055,0.0,-0.0337475773334841,-0.033002994542770205,-0.20046459749988726,-6.413367659544344,BALANCE,1,-1.0463570660628587e-05
5.976,-0.031427616674669055,0.0,-0.0337475773334841,-0.03326359851952006,-0.13030198837492638,-5.5804842055380135,BALANCE,1,-1.0463570660628587e-05
5.978,-0.031427616674669055,0.0,-0.032213596545598466,-0.03289609782864749,0.18375034543628363,-5.0414722908472225,BALANCE,1,-1.0463570660628587e-05
5.98,-0.031427616674669055,0.0,-0.032213596545598466,-0.03265722237958032,0.11943772453358592,-2.513582798470918,BALANCE,1,-1.0463570660628587e-05
5.982,-0.031427616674669055,0.0,-0.032213596545598466,-0.032501953337686657,0.07763452094683085,-3.0202826832243854,BALANCE,1,-1.0463570660628587e-05
5.984,-0.031427616674669055,0.0,-0.030679615757712823,-0.0318641351846958,0.3189090764954272,-3.3518925600723435,BALANCE,1,-1.0463570660628587e-05
5.986,-0.031427616674669055,0.0,-0.032213596545598466,-0.03198644666101172,-0.061155738157958606,-1.3897998535410605,BALANCE,1,-1.0463570660628587e-05
5.988,-0.031427616674669055,0.0,-0.032213596545598466,-0.03206594912061707,-0.03975122980267448,-4.4440543486793045,BALANCE,1,-1.0463570660628587e-05
5.99,-0.031427616674669055,0.0,-0.030679615757712823,-0.03158073244360057,0.24260833850824753,-4.2840016192374755,BALANCE,1,-1.0463570660628587e-05
5.992,-0.031427616674669055,0.0,-0.02761165418194154,-0.0301915550520199,0.6945886957903362,-2.0023282186178295,BALANCE,1,-1.0463570660628587e-05
5.994,-0.031427616674669055,0.0,-0.0337475773334841,-0.031436162850532356,-0.6223038992562279,1.690826972123316,BALANCE,1,-1.0463570660628587e-05
5.996,-0.031427616674669055,0.0,-0.035281558121369745,-0.03278205119532543,-0.6729441723965363,-8.92527748873005,BALANCE,1,-1.0463570660628587e-05
5.998,-0.031427616674669055,0.0,-0.02914563496982718,-0.03150930551640103,0.6363728394622008,-9.417709384779167,BALANCE,1,-1.0463570660628587e-05
