t,th,om,th_meas,th_hat,om_hat,duty,mode,valid,E
0.0,0.17453292519943295,0.0,0.17333982903107745,0.17411534154050853,-0.2087918294622071,0.0,BALANCE,1,-0.00017884313154028722
0.002,0.17453292519943295,0.0,0.1718058482431918,0.17330701888644767,-0.4041613270304306,2.2028522312602394,BALANCE,1,-0.00017884313154028722
0.004,0.17453292519943295,0.0,0.17487380981896308,0.17385539571282807,0.27418841319019893,1.8303575922242878,BALANCE,1,-0.00017884313154028722
0.006,0.17453292519943295,0.0,0.17333982903107745,0.17367494737421535,-0.09022416930636046,3.258646169476924,BALANCE,1,-0.00017884313154028722
0.008,0.17453292519943295,0.0,0.17487380981896308,0.17409454922987705,0.20980092783084991,2.547962753434553,BALANCE,1,-0.00017884313154028722
0.01,0.17453292519943295,0.0,0.17487380981896308,0.17436729043605717,0.13637060309006077,3.222047134670908,BALANCE,1,-0.00017884313154028722
0.012,0.17453292519943295,0.0,0.17487380981896308,0.17454457222007425,0.08864089200853742,3.1168465672727748,BALANCE,1,-0.00017884313154028722
0.014,0.17453292519943295,0.0,0.17487380981896308,0.17465980537968534,0.05761657980554724,3.062005402350539,BALANCE,1,-0.00017884313154028722
0.016,0.17453292519943295,0.0,0.17333982903107745,0.1741978136576726,-0.23099586100637504,3.0403611259983694,BALANCE,1,-0.00017884313154028722
0.018000000000000002,0.17453292519943295,0.0,0.17487380981896308,0.17443441231412427,0.11829932822583766,2.443330686253331,BALANCE,1,-0.00017884313154028722
0.02,0.17453292519943295,0.0,0.17333982903107745,0.17405130816505787,-0.19155207453319667,3.2577165575392346,BALANCE,1,-0.00017884313154028722
0.022,0.17453292519943295,0.0,0.17487380981896308,0.1743391837439247,0.14393778943341817,2.6022422676939385,BALANCE,1,-0.00017884313154028722
0.024,0.17453292519943295,0.0,0.17487380981896308,0.17452630287018814,0.09355956313171487,3.404428211997283,BALANCE,1,-0.00017884313154028722
0.026000000000000002,0.17453292519943295,0.0,0.17333982903107745,0.17411103702649938,-0.20763292184437787,3.3384460439533465,BALANCE,1,-0.00017884313154028722
0.028,0.17453292519943295,0.0,0.17333982903107745,0.1738411142281017,-0.13496139919884353,2.679970591695902,BALANCE,1,-0.00017884313154028722
0.03,0.17453292519943295,0.0,0.17333982903107745,0.17366566440914322,-0.08772490947923928,2.8829743061665027,BALANCE,1,-0.00017884313154028722
0.032,0.17453292519943295,0.0,0.17333982903107745,0.1735516220268202,-0.05702119116150761,3.0312128333453,BALANCE,1,-0.00017884313154028722
0.034,0.17453292519943295,0.0,0.17640779060684875,0.1745512810298302,0.4998295015049975,3.143540989912096,BALANCE,1,-0.00017884313154028722
0.036000000000000004,0.17453292519943295,0.0,0.17333982903107745,0.17412727283026674,-0.2120040997817263,4.544645672369881,BALANCE,1,-0.00017884313154028722
0.038,0.17453292519943295,0.0,0.17333982903107745,0.17385166750055048,-0.1378026648581332,2.8616148544862514,BALANCE,1,-0.00017884313154028722
0.04,0.17453292519943295,0.0,0.17487380981896308,0.17420941731199488,0.1788749057222011,3.0776910411442917,BALANCE,1,-0.00017884313154028722
0.042,0.17453292519943295,0.0,0.17487380981896308,0.17444195468943374,0.11626868871943141,3.9105817033035826,BALANCE,1,-0.00017884313154028722
0.044,0.17453292519943295,0.0,0.17333982903107745,0.17405621070900903,-0.1928719902123538,3.8069471933047363,BALANCE,1,-0.00017884313154028722
0.046,0.17453292519943295,0.0,0.17487380981896308,0.17434237039749295,0.1430798442419584,3.065614515370055,BALANCE,1,-0.00017884313154028722
0.048,0.17453292519943295,0.0,0.17794177139473438,0.17560216074652746,0.6298951745172532,3.968667671838903,BALANCE,1,-0.00017884313154028722
0.05,0.17453292519943295,0.0,0.17794177139473438,0.17642102447339988,0.4094318634362132,5.295674784789054,BALANCE,1,-0.00017884313154028722
0.052000000000000005,0.17453292519943295,0.0,0.17333982903107745,0.17534260606858704,-0.5392092024064238,4.799243970194585,BALANCE,1,-0.00017884313154028722
0.054,0.17453292519943295,0.0,0.17640779060684875,0.17571542065697865,0.18640729419580615,2.3445897277459147,BALANCE,1,-0.00017884313154028722
0.056,0.17453292519943295,0.0,0.17640779060684875,0.17595775013943318,0.12116474122726706,4.306503087563147,BALANCE,1,-0.00017884313154028722
0.058,0.17453292519943295,0.0,0.17487380981896308,0.17557837102726864,-0.18968955608227034,4.187816996607251,BALANCE,1,-0.00017884313154028722
0.06,0.17453292519943295,0.0,0.17487380981896308,0.1753317746043617,-0.12329821145347364,3.3915318703440263,BALANCE,1,-0.00017884313154028722
0.062,0.17453292519943295,0.0,0.17333982903107745,0.1746345936537122,-0.34859047532474763,3.609199999751162,BALANCE,1,-0.00017884313154028722
0.064,0.17453292519943295,0.0,0.17333982903107745,0.17418142603579004,-0.2265838089610811,3.0204758591994105,BALANCE,1,-0.00017884313154028722
0.066,0.17453292519943295,0.0,0.1718058482431918,0.17334997380838066,-0.4157261137046897,3.387254062830562,BALANCE,1,-0.00017884313154028722
0.068,0.17453292519943295,0.0,0.17640779060684875,0.1744202096878445,0.5351179397319189,2.8832272213963135,BALANCE,1,-0.00017884313154028722
0.07,0.17453292519943295,0.0,0.17487380981896308,0.174578969733736,0.07938002294574642,5.620470828559642,BALANCE,1,-0.00017884313154028722
0.07200000000000001,0.17453292519943295,0.0,0.17487380981896308,0.17468216376356546,0.05159701491473656,4.38985358073163,BALANCE,1,-0.00017884313154028722
0.074,0.17453292519943295,0.0,0.17333982903107745,0.17421234660719465,-0.23490857818540822,4.3621042506203915,BALANCE,1,-0.00017884313154028722
0.076,0.17453292519943295,0.0,0.17333982903107745,0.17390696545555362,-0.15269057582051326,3.5736319357994706,BALANCE,1,-0.00017884313154028722
0.078,0.17453292519943295,0.0,0.17487380981896308,0.17424536098274693,0.16919776359665406,3.8487394337390324,BALANCE,1,-0.00017884313154028722
0.08,0.17453292519943295,0.0,0.17333982903107745,0.1739284247996626,-0.15846809154215769,4.845765057221165,BALANCE,1,-0.00017884313154028722
0.082,0.17453292519943295,0.0,0.17487380981896308,0.17425930955641777,0.16544237837758102,3.9213200046868795,BALANCE,1,-0.00017884313154028722
0.084,0.17453292519943295,0.0,0.17333982903107745,0.17393749137254866,-0.16090909193455794,4.940068278800957,BALANCE,1,-0.00017884313154028722
0.08600000000000001,0.17453292519943295,0.0,0.17333982903107745,0.17372830955303373,-0.10459090975746543,4.003955389869684,BALANCE,1,-0.00017884313154028722
0.088,0.17453292519943295,0.0,0.17487380981896308,0.174129234646109,0.20046254653763307,4.215070382097726,BALANCE,1,-0.00017884313154028722
0.09,0.17453292519943295,0.0,0.17333982903107745,0.17385294268084794,-0.1381459826305248,5.203171094405012,BALANCE,1,-0.00017884313154028722
0.092,0.17453292519943295,0.0,0.17487380981896308,0.17421024617918823,0.17865174917014448,4.208123756973821,BALANCE,1,-0.00017884313154028722
0.094,0.17453292519943295,0.0,0.17487380981896308,0.17444249345310944,0.11612363696060501,5.246091231757632,BALANCE,1,-0.00017884313154028722
0.096,0.17453292519943295,0.0,0.1718058482431918,0.17351966762963827,-0.4614129117355842,5.1101557818707075,BALANCE,1,-0.00017884313154028722
0.098,0.17453292519943295,0.0,0.1718058482431918,0.172919830844382,-0.2999183926281346,3.320826684105316,BALANCE,1,-0.00017884313154028722
0.1,0.17453292519943295,0.0,0.17794177139473438,0.17467751003700532,0.8788395963116591,3.8584604815011003,BALANCE,1,-0.00017884313154028722
0.10200000000000001,0.17453292519943295,0.0,0.17487380981896308,0.17474621496069054,0.03435246184260721,7.715801679636384,BALANCE,1,-0.00017884313154028722
0.10400000000000001,0.17453292519943295,0.0,0.17333982903107745,0.17425397988532595,-0.2461175376822916,5.066789500685974,BALANCE,1,-0.00017884313154028722
0.106,0.17453292519943295,0.0,0.17487380981896308,0.17447092036209894,0.1084702383864905,4.195699554945164,BALANCE,1,-0.00017884313154028722
0.108,0.17453292519943295,0.0,0.17333982903107745,0.17407503839624142,-0.19794098292875983,5.406508904898872,BALANCE,1,-0.00017884313154028722
0.11,0.17453292519943295,0.0,0.17487380981896308,0.174354608394194,0.13978499897629448,4.440791644946369,BALANCE,1,-0.00017884313154028722
0.112,0.17453292519943295,0.0,0.17487380981896308,0.1745363288928632,0.0908602493345928,5.615810491809216,BALANCE,1,-0.00017884313154028722
0.114,0.17453292519943295,0.0,0.17640779060684875,0.17519134049275814,0.3275057999474751,5.511951136632149,BALANCE,1,-0.00017884313154028722
0.116,0.17453292519943295,0.0,0.17027186745530618,0.17346952492964995,-0.8609077815540933,6.379829512897586,BALANCE,1,-0.00017884313154028722
0.11800000000000001,0.17453292519943295,0.0,0.17333982903107745,0.1734241313651496,-0.0226967822501839,2.365099840258226,BALANCE,1,-0.00017884313154028722
0.12,0.17453292519943295,0.0,0.17640779060684875,0.17446841209974429,0.5221403672973496,5.258810248559424,BALANCE,1,-0.00017884313154028722
0.122,0.17453292519943295,0.0,0.17640779060684875,0.17514719457723085,0.3393912387432835,7.211943913999522,BALANCE,1,-0.00017884313154028722
0.124,0.17453292519943295,0.0,0.17487380981896308,0.17505150991183713,-0.047842332696862444,6.662019336275816,BALANCE,1,-0.00017884313154028722
0.126,0.17453292519943295,0.0,0.17333982903107745,0.17445242160357124,-0.29954415413294133,5.370267197759685,BALANCE,1,-0.00017884313154028722
0.128,0.17453292519943295,0.0,0.17640779060684875,0.17513680075471838,0.34218957557356766,4.522778717254346,BALANCE,1,-0.00017884313154028722
0.13,0.17453292519943295,0.0,0.17640779060684875,0.17558164720296401,0.2224232241228169,6.856488385415807,BALANCE,1,-0.00017884313154028722
0.132,0.17453292519943295,0.0,0.17640779060684875,0.17587079739432368,0.14457509567983307,6.5041615925050795,BALANCE,1,-0.00017884313154028722
0.134,0.17453292519943295,0.0,0.17333982903107745,0.1749849584671875,-0.44291946356808665,6.292532561154616,BALANCE,1,-0.00017884313154028722
0.136,0.17453292519943295,0.0,0.17333982903107745,0.174409163164549,-0.2878976513192577,4.206802528102717,BALANCE,1,-0.00017884313154028722
0.138,0.17453292519943295,0.0,0.1718058482431918,0.173498002942074,-0.4555801112375024,4.797976603537339,BALANCE,1,-0.00017884313154028722
0.14,0.17453292519943295,0.0,0.17794177139473438,0.17505332190050513,0.77765947921557,4.207507925457678,BALANCE,1,-0.00017884313154028722
0.14200000000000002,0.17453292519943295,0.0,0.17794177139473438,0.17606427922348536,0.5054786614901163,8.832481729329015,BALANCE,1,-0.00017884313154028722
0.14400000000000002,0.17453292519943295,0.0,0.17027186745530618,0.17403693510462265,-1.0136720594313557,7.926315068875434,BALANCE,1,-0.00017884313154028722
0.146,0.17453292519943295,0.0,0.1718058482431918,0.17325605470312186,-0.3904402007503943,2.273815295041811,BALANCE,1,-0.00017884313154028722
0.148,0.17453292519943295,0.0,0.17487380981896308,0.1738222689936663,0.2831071452722156,4.621096968136526,BALANCE,1,-0.00017884313154028722
0.15,0.17453292519943295,0.0,0.17640779060684875,0.17472720155828014,0.4524662823069264,7.226415013278843,BALANCE,1,-0.00017884313154028722
0.152,0.17453292519943295,0.0,0.17487380981896308,0.17477851444951917,0.025656445619512414,7.958300000148234,BALANCE,1,-0.00017884313154028722
0.154,0.17453292519943295,0.0,0.17487380981896308,0.17481186782882455,0.016676689652689314,6.394622611727029,BALANCE,1,-0.00017884313154028722
0.156,0.17453292519943295,0.0,0.17487380981896308,0.17483354752537303,0.010839848274241115,6.417981605696533,BALANCE,1,-0.00017884313154028722
0.158,0.17453292519943295,0.0,0.17333982903107745,0.17431074605236957,-0.26140073650172957,6.452963812971126,BALANCE,1,-0.00017884313154028722
0.16,0.17453292519943295,0.0,0.1718058482431918,0.17343403181915734,-0.438357116606114,5.434013811892817,BALANCE,1,-0.00017884313154028722
0.162,0.17453292519943295,0.0,0.1718058482431918,0.1728641675675694,-0.2849321257939741,4.765040356277867,BALANCE,1,-0.00017884313154028722
0.164,0.17453292519943295,0.0,0.17640779060684875,0.17410443563131717,0.6201340318738868,5.399510058868144,BALANCE,1,-0.00017884313154028722
0.166,0.17453292519943295,0.0,0.17947575218262002,0.17598439642427316,0.9399803964779962,9.07785116926773,BALANCE,1,-0.00017884313154028722
0.168,0.17453292519943295,0.0,0.17333982903107745,0.17505879783665465,-0.46279929380925455,10.483433483550215,BALANCE,1,-0.00017884313154028722
0.17,0.17453292519943295,0.0,0.17333982903107745,0.17445715875470263,-0.3008195409760078,4.902593775410068,BALANCE,1,-0.00017884313154028722
0.17200000000000001,0.17453292519943295,0.0,0.17640779060684875,0.17513987990295377,0.3413605741255654,5.58568085488322,BALANCE,1,-0.00017884313154028722
0.17400000000000002,0.17453292519943295,0.0,0.17640779060684875,0.175583648649317,0.22188437318161613,8.267286657557106,BALANCE,1,-0.00017884313154028722
0.176,0.17453292519943295,0.0,0.17487380981896308,0.17533520505869313,-0.12422179531193511,7.85924110575502,BALANCE,1,-0.00017884313154028722
0.178,0.17453292519943295,0.0,0.17640779060684875,0.1757106100005476,0.18770247092723957,6.492555358396931,BALANCE,1,-0.00017884313154028722
0.18,0.17453292519943295,0.0,0.1718058482431918,0.17434394338547307,-0.6833333075372677,7.850381953907621,BALANCE,1,-0.00017884313154028722
0.182,0.17453292519943295,0.0,0.17333982903107745,0.1739925033614346,-0.17572001201923704,4.247918360837387,BALANCE,1,-0.00017884313154028722
0.184,0.17453292519943295,0.0,0.17794177139473438,0.1753747471730895,0.6911219058274576,6.403451038494629,BALANCE,1,-0.00017884313154028722
0.186,0.17453292519943295,0.0,0.17487380981896308,0.17519941909914527,-0.087664036972121,10.149925943594607,BALANCE,1,-0.00017884313154028722
0.188,0.17453292519943295,0.0,0.17333982903107745,0.17454856257532153,-0.3254282619118698,6.924964330605857,BALANCE,1,-0.00017884313154028722
0.19,0.17453292519943295,0.0,0.17640779060684875,0.17519929238635606,0.32536490551726693,5.9501084255161745,BALANCE,1,-0.00017884313154028722
0.192,0.17453292519943295,0.0,0.17487380981896308,0.1750853734877685,-0.05695944929377805,8.808691176333458,BALANCE,1,-0.00017884313154028722
0.194,0.17453292519943295,0.0,0.17487380981896308,0.17501132620368662,-0.037023642040945326,7.227723567328347,BALANCE,1,-0.00017884313154028722
0.196,0.17453292519943295,0.0,0.17333982903107745,0.1744263021932734,-0.2925120052066077,7.370841683040179,BALANCE,1,-0.00017884313154028722
0.198,0.17453292519943295,0.0,0.17487380981896308,0.17458292986226479,0.07831383449569129,6.299712153448242,BALANCE,1,-0.00017884313154028722
0.2,0.17453292519943295,0.0,0.17333982903107745,0.17414784457134921,-0.21754264545778557,7.981426980278482,BALANCE,1,-0.00017884313154028722
0.202,0.17453292519943295,0.0,0.17487380981896308,0.17440193240801408,0.12704391833243123,6.7282307393467615,BALANCE,1,-0.00017884313154028722
0.20400000000000001,0.17453292519943295,0.0,0.1718058482431918,0.17349330295032628,-0.45431472884389923,8.317100626095984,BALANCE,1,-0.00017884313154028722
0.20600000000000002,0.17453292519943295,0.0,0.17487380981896308,0.17397648035434915,0.241588702011436,5.7653178349327225,BALANCE,1,-0.00017884313154028722
0.20800000000000002,0.17453292519943295,0.0,0.17487380981896308,0.17429054566696403,0.15703265630744034,8.944162148396927,BALANCE,1,-0.00017884313154028722
0.21,0.17453292519943295,0.0,0.17487380981896308,0.1744946881201637,0.10207122659983137,8.642179576792168,BALANCE,1,-0.00017884313154028722
0.212,0.17453292519943295,0.0,0.17487380981896308,0.17462738071474349,0.06634629728989594,8.466524874627662,BALANCE,1,-0.00017884313154028722
0.214,0.17453292519943295,0.0,0.17487380981896308,0.17471363090122036,0.04312509323843583,8.373505629250099,BALANCE,1,-0.00017884313154028722
0.216,0.17453292519943295,0.0,0.17333982903107745,0.17423280024667034,-0.24041532727500647,8.334564659306965,BALANCE,1,-0.00017884313154028722
0.218,0.17453292519943295,0.0,0.17487380981896308,0.1744571535969728,0.11217667515123209,7.079778472476048,BALANCE,1,-0.00017884313154028722
0.22,0.17453292519943295,0.0,0.17333982903107745,0.17406608999890943,-0.19553179903168683,8.772244950699324,BALANCE,1,-0.00017884313154028722
0.222,0.17453292519943295,0.0,0.17640779060684875,0.17488568521168818,0.4097976063893727,7.39666987618249,BALANCE,1,-0.00017884313154028722
0.224,0.17453292519943295,0.0,0.17487380981896308,0.17488152882423438,-0.0020781937268982142,10.307245971795593,BALANCE,1,-0.00017884313154028722
0.226,0.17453292519943295,0.0,0.17333982903107745,0.17434193389662944,-0.2697974638024708,8.449761199015974,BALANCE,1,-0.00017884313154028722
0.228,0.17453292519943295,0.0,0.1718058482431918,0.17345430391792627,-0.4438149893515875,7.232994356626233,BALANCE,1,-0.00017884313154028722
0.23,0.17453292519943295,0.0,0.1718058482431918,0.17287734443176922,-0.28847974307852353,6.434696107092411,BALANCE,1,-0.00017884313154028722
0.232,0.17453292519943295,0.0,0.17333982903107745,0.1730392140415271,0.080934804878946,7.206675086983224,BALANCE,1,-0.00017884313154028722
0.234,0.17453292519943295,0.0,0.17487380981896308,0.1736813225636297,0.32105426105129287,9.036793832918399,BALANCE,1,-0.00017884313154028722
0.23600000000000002,0.17453292519943295,0.0,0.17333982903107745,0.1735617998272364,-0.05976136819664524,10.280654192592527,BALANCE,1,-0.00017884313154028722
0.23800000000000002,0.17453292519943295,0.0,0.17333982903107745,0.17348411004858078,-0.038844889327815935,8.508505574912702,BALANCE,1,-0.00017884313154028722
0.24,0.17453292519943295,0.0,0.17487380981896308,0.1739705049682146,0.24319745981690732,8.670568294800363,BALANCE,1,-0.00017884313154028722
0.242,0.17453292519943295,0.0,0.17640779060684875,0.17482355494173654,0.42652498676097605,10.128814305369422,BALANCE,1,-0.00017884313154028722
0.244,0.17448528604220845,-0.047640020162827285,0.17794177139473438,0.1759149307002858,0.5456878792746284,11.130474884211209,BALANCE,1,-0.0001785036737518728
0.246,0.17438631129062976,-0.051336524335699484,0.17487380981896308,0.17555053839182286,-0.1821961542314704,11.83419173063768,BALANCE,1,-0.00017826243652715882
0.248,0.17428093462367533,-0.05404205154394118,0.17487380981896308,0.17531368339132195,-0.11842750025045645,8.295543673668297,BALANCE,1,-0.00017801685930705097
0.25,0.17417063321459478,-0.056261355713122144,0.17794177139473438,0.1762335141925163,0.45991540059717173,8.666030663012597,BALANCE,1,-0.00017776566377765264
0.252,0.1740533225133563,-0.06105147072035608,0.17487380981896308,0.17575761766177267,-0.23794826537180958,11.656065587114666,BALANCE,1,-0.00017746649088150099
0.254,0.173927647393454,-0.06462592595602153,0.1718058482431918,0.17437449836526936,-0.6915596482516551,8.210091019604553,BALANCE,1,-0.0001771624601973038
0.256,0.17379815545453894,-0.06486835893478989,0.17333982903107745,0.1740123640983022,-0.1810671334835784,5.929122103985134,BALANCE,1,-0.00017689541179676655
0.258,0.17366843842088933,-0.06485102482220667,0.17333982903107745,0.17377697682477353,-0.11769363676433775,8.554818489207543,BALANCE,1,-0.00017663168844478722
0.26,0.1735386027030391,-0.06498704533909207,0.17487380981896308,0.17416086837273986,0.19194577398316814,8.93139272741333,BALANCE,1,-0.0001763657953010951
0.262,0.1734066956675712,-0.06692238002083253,0.17333982903107745,0.173873504603158,-0.1436818847909277,10.595843611103628,BALANCE,1,-0.00017607054347120515
0.264,0.17327102207821282,-0.06875366752971161,0.17333982903107745,0.1736867181529298,-0.09339322511410508,8.930316589758228,BALANCE,1,-0.00017576857710140787
0.266,0.17313145706521896,-0.07081387422359098,0.17487380981896308,0.17410220023604145,0.20774104155582562,9.247074415883269,BALANCE,1,-0.00017545476440768558
0.268,0.17298592568411972,-0.07472014380348131,0.17487380981896308,0.17437226359006402,0.13503167701128804,10.892283936383356,BALANCE,1,-0.00017509911927014745
0.27,0.1728312749143384,-0.07993342821548462,0.17027186745530618,0.17293712494289878,-0.7175693235826203,10.596684453038538,BALANCE,1,-0.00017469989660491065
0.272,0.17266951460860502,-0.08182980866200897,0.17027186745530618,0.17200428482224137,-0.4664200603287094,6.144066775011174,BALANCE,1,-0.00017433985016054065
0.274,0.17250549721084327,-0.08219056122849171,0.17333982903107745,0.172471725295334,0.23372023654631702,7.480064496553827,BALANCE,1,-0.00017400195629379685
0.276,0.17233830874939907,-0.08500092989254324,0.1718058482431918,0.17223866832708423,-0.1165284841248837,11.257849475198146,BALANCE,1,-0.00017361416491678088
0.278,0.17216516980078334,-0.08814115632351026,0.17027186745530618,0.1715502880219619,-0.34419015256116625,9.462011203499108,BALANCE,1,-0.00017320682117919858
0.28,0.17198663829787125,-0.0903935820116198,0.1718058482431918,0.17163973409939237,0.04472303871523586,8.285294419952459,BALANCE,1,-0.00017280406148810853
0.28200000000000003,0.1718022198743523,-0.09402818372011439,0.17487380981896308,0.17277166060124213,0.5659632509248808,10.433729774169638,BALANCE,1,-0.0001723612196226411
0.28400000000000003,0.17160640917001294,-0.10178606940870195,0.1718058482431918,0.1724336262759245,-0.1690171626588105,13.355767527386655,BALANCE,1,-0.00017180533095222979
0.28600000000000003,0.17139541125232174,-0.10921567245390335,0.17027186745530618,0.17167701068870808,-0.3783077936082152,9.45013117264207,BALANCE,1,-0.00017121421359068696
0.28800000000000003,0.17117093686143922,-0.11526278700508732,0.17333982903107745,0.17225899710853737,0.2909932099146445,8.347692136302829,BALANCE,1,-0.0001706190112168775
0.29,0.17093182610848873,-0.12385229997673579,0.17333982903107745,0.1726372882814264,0.18914558644451962,12.083591715236095,BALANCE,1,-0.00016992079747030377
0.292,0.17067379415185358,-0.1341843338483465,0.17027186745530618,0.17180939099228432,-0.41394864457104663,11.61781944356601,BALANCE,1,-0.00016912011605139607
0.294,0.17039686191888442,-0.14275291913772759,0.16873788666742054,0.170734364478582,-0.5375132568511548,8.338735129227796,BALANCE,1,-0.00016831373802976958
0.296,0.1701049830191283,-0.14913127183781083,0.1718058482431918,0.17110938379619545,0.18750965880671988,7.671055606101091,BALANCE,1,-0.00016753299239338884
0.298,0.16979814211351896,-0.15771519650895302,0.17027186745530618,0.1708162530768842,-0.146565359655626,11.769052769486333,BALANCE,1,-0.0001666411016617411
0.3,0.16947401670783754,-0.16641608557970952,0.16873788666742054,0.1700888248335719,-0.3637141216561446,9.968678393417237,BALANCE,1,-0.00016569611280458973
0.302,0.1691335620083237,-0.17404478674413845,0.16873788666742054,0.16961599647541892,-0.23641417907649398,8.788812569130814,BALANCE,1,-0.00016474376590329585
0.304,0.1687780153959613,-0.1815082724442833,0.16873788666742054,0.1693086580426195,-0.15366921639971276,9.54631789473831,BALANCE,1,-0.00016375690438348063
0.306,0.1684071596932732,-0.18935415507277703,0.16873788666742054,0.16910888806129987,-0.0998849906598126,10.065287169136322,BALANCE,1,-0.0001627139866723285
0.308,0.1680199109366495,-0.19790162409195278,0.17333982903107745,0.170589717400722,0.7404146697110731,10.428603064933275,BALANCE,1,-0.00016159769144431625
0.31,0.16761003421344278,-0.2119825325006014,0.16873788666742054,0.1699415766440665,-0.32407037832775376,15.346629605776258,BALANCE,1,-0.00016017613677947888
0.312,0.1671732202447474,-0.22483935867426694,0.16720390587953488,0.16898339187648043,-0.4790923837930394,9.318934303186625,BALANCE,1,-0.00015872033874036543
0.314,0.1667126134254066,-0.2357758153103739,0.16873788666742054,0.16889746505330946,-0.042963411585481004,8.450575742729612,BALANCE,1,-0.0001572819959894226
0.316,0.16622921786672948,-0.24762851205671374,0.16720390587953488,0.16830471934248836,-0.29637285541055103,11.022114286808648,BALANCE,1,-0.0001557278950488308
0.318,0.16572273737048038,-0.2588611724017798,0.16566992509164924,0.16738254135469466,-0.4610889938968521,9.598850217135936,BALANCE,1,-0.00015413598489434524
0.32,0.16519525388963827,-0.2686318784996875,0.1641359443037636,0.16624623238686878,-0.5681544839129388,8.664747414616247,BALANCE,1,-0.00015256348506684998
0.322,0.16465010172975747,-0.2765301728866427,0.1641359443037636,0.16550763155778198,-0.36930041454340257,8.049742061454575,BALANCE,1,-0.00015105058939189278
0.324,0.16408957545657735,-0.2840062716890856,0.16260196351587797,0.16449064774311556,-0.5084919073332084,9.240683210320071,BALANCE,1,-0.000149523869669463
0.326,0.16351525600269523,-0.29032360486186753,0.1641359443037636,0.16436650153934237,-0.06207310188659221,8.438246704719782,BALANCE,1,-0.00014803435399266218
0.328,0.1629266042546228,-0.2983388270037664,0.16260196351587797,0.16374891323112983,-0.30879415410627054,11.13065843610141,BALANCE,1,-0.00014640503121072924
0.33,0.16232186350456299,-0.3064128999349188,0.1641359443037636,0.16388437410655166,0.06773043771091114,9.708112929611262,BALANCE,1,-0.00014473157120827292
0.332,0.1616985997229109,-0.31686219595080245,0.16106798272799233,0.1628986371240559,-0.4928684912478831,12.021924500158068,BALANCE,1,-0.0001428533881848804
0.334,0.16105569452594204,-0.32605467301259655,0.16260196351587797,0.16279480136119362,-0.05191788143113496,8.695840703836815,BALANCE,1,-0.0001410069352019239
0.336,0.16039277880275643,-0.3368730867360236,0.16106798272799233,0.16219041483957317,-0.3021932608102268,11.399721273764955,BALANCE,1,-0.0001389930666410496
0.338,0.15970827299133897,-0.3476451546106895,0.15800002115222103,0.16072377704899993,-0.7333188952866193,9.932714221208313,BALANCE,1,-0.0001369223526949352
0.34,0.15900486529626573,-0.3557753150605899,0.1595340019401067,0.16030735576088728,-0.2082106440563225,7.319056353324918,BALANCE,1,-0.0001349983577502921
0.342,0.15828424809394032,-0.3648549758988073,0.15800002115222103,0.1594997886478541,-0.4037835565165876,10.54609793548759,BALANCE,1,-0.00013296026894581844
0.34400000000000003,0.15754580167982152,-0.37360485224980555,0.1595340019401067,0.15951176330014252,0.005987326144207827,9.381319457099009,BALANCE,1,-0.0001309039939439454
0.34600000000000003,0.15678755620672413,-0.3846543961674888,0.15493205957644976,0.15790886699685006,-0.8014481516462335,11.954268905050789,BALANCE,1,-0.00012861318424139416
0.34800000000000003,0.15601017637345002,-0.3927395617638389,0.15800002115222103,0.1579407709512299,0.01595197718992636,6.984072879523113,BALANCE,1,-0.00012651731840647887
0.35000000000000003,0.1552140810254601,-0.4033702527245714,0.15493205957644976,0.15688772197005685,-0.5265244905865302,12.085445979464536,BALANCE,1,-0.0001241621159317026
0.352,0.1543978462945004,-0.41287931257482036,0.15493205957644976,0.15620324013229436,-0.34224091888124253,8.7444068668453,BALANCE,1,-0.00012185264197072746
0.354,0.1535623788629782,-0.42260330477599345,0.15493205957644976,0.15575832693774874,-0.22245659727281042,9.917590746020759,BALANCE,1,-0.00011947762190806474
0.356,0.15270647338075902,-0.43331773679886293,0.15339807878856412,0.15493224008553413,-0.41304342610730405,10.707726643639635,BALANCE,1,-0.00011696249691716917
0.358,0.15182943545127897,-0.44373613832652287,0.15339807878856412,0.15439528363159463,-0.2684782269697511,9.538931135084802,BALANCE,1,-0.00011442180922581344
0.36,0.15093085722361768,-0.4548584288286983,0.1487961364249072,0.15243558210925404,-0.9798507611702978,10.484561374739922,BALANCE,1,-0.00011176053697048425
0.362,0.15001393443785602,-0.46208103230386194,0.1487961364249072,0.15116177611973264,-0.6369029947606991,5.959848490191055,BALANCE,1,-0.00010943603768643661
0.364,0.1490837696277006,-0.4681006964073655,0.1518640980006785,0.15140758877806368,0.12290632916552025,8.12150802504341,BALANCE,1,-0.00010720732247056036
0.366,0.14813768831873128,-0.4779978230416451,0.15033011721279282,0.15103047373021888,-0.18855752392239744,13.026542394921025,BALANCE,1,-0.00010455950030699328
0.368,0.14717037311430564,-0.48933498064812236,0.14572817484913592,0.14917466912183985,-0.9279023041895151,11.090816229317543,BALANCE,1,-0.00010171443961707423
0.37,0.14618388731455254,-0.49716876975933966,0.14726215563702155,0.14850528940215346,-0.33468985984319577,6.323449032423264,BALANCE,1,-9.919286572604662e-05
0.372,0.1451809186733294,-0.5058181247218884,0.1487961364249072,0.14860708586011726,0.050898228981896554,10.158969284519607,BALANCE,1,-9.655352564961851e-05
0.374,0.14415736932510212,-0.517749854074306,0.14419419406125028,0.14706257373051382,-0.7722560648017185,12.71822020090365,BALANCE,1,-9.351373586250988e-05
0.376,0.14311244014974514,-0.5271983438630402,0.14572817484913592,0.14659553412203155,-0.2335198042411335,7.373513846675457,BALANCE,1,-9.069982600081543e-05
0.378,0.1420472125531802,-0.5380486477557109,0.14266021327336462,0.14521817182499813,-0.6886811485167094,10.910095550840197,BALANCE,1,-8.768506640212449e-05
0.38,0.14096203093703202,-0.5471527297972221,0.13959225169759334,0.14324909978040645,-0.9845360222958399,7.9315805514924795,BALANCE,1,-8.482956455911609e-05
0.382,0.13986212225018588,-0.5527759897448682,0.13959225169759334,0.14196920295142187,-0.639948414492289,5.946511618060293,BALANCE,1,-8.235770660976192e-05
0.384,0.1387517157776461,-0.5576507098348833,0.13959225169759334,0.1411372700125819,-0.4159664694199927,8.197198783539395,BALANCE,1,-7.996522309158149e-05
0.386,0.13763069950916512,-0.563385982134274,0.13959225169759334,0.1405965136023359,-0.2703782051229897,9.689237190124114,BALANCE,1,-7.746155932849113e-05
0.388,0.13649645256051465,-0.5708816342770612,0.13652429012182207,0.13917123538415607,-0.7126391090899187,10.686383171156036,BALANCE,1,-7.473027469808444e-05
0.39,0.13534862416609011,-0.5769676786627019,0.13652429012182207,0.13824480454233917,-0.4632154209084499,7.733374873470557,BALANCE,1,-7.215414881246084e-05
0.392,0.13418815677380377,-0.5835208658013371,0.1380582709097077,0.13817951777091816,-0.03264338571050407,9.404082572875074,BALANCE,1,-6.950745379605446e-05
0.394,0.1330112199696046,-0.5934373941509575,0.1303883669702795,0.13545261499069464,-1.363451390111764,12.344300888169778,BALANCE,1,-6.641700214127019e-05
0.396,0.131820541285187,-0.5972629999790402,0.13345632854605077,0.13475391473506929,-0.3493501278126754,3.3200002580623313,BALANCE,1,-6.408050908642777e-05
0.398,0.13062062507616254,-0.6026750906526808,0.1303883669702795,0.13322597301739286,-0.7639708588382116,10.16641930588399,BALANCE,1,-6.153956705733484e-05
0.4,0.12941131999130998,-0.6066520505132252,0.13192234775816514,0.13276970417666317,-0.228134420364845,7.3380042757055906,BALANCE,1,-5.91808703787046e-05
0.402,0.12819161730239928,-0.6130728878656768,0.13192234775816514,0.13247312943018885,-0.14828737323716035,11.006983766201127,BALANCE,1,-5.6501227852826443e-05
0.404,0.126956345179368,-0.6222217722106977,0.12578642460662257,0.13013278274194065,-1.1701733441241007,11.598129414155036,BALANCE,1,-5.3445622582987355e-05
0.406,0.12570744691247554,-0.6266992839462857,0.12732040539450823,0.1291484506703393,-0.4921660358006702,4.543123419570975,BALANCE,1,-5.0996737560845065e-05
0.40800000000000003,0.12444897601952555,-0.6317945765827959,0.12578642460662257,0.12797174154803845,-0.5883545611504309,9.189767032741607,BALANCE,1,-4.846457811585008e-05
0.41000000000000003,0.12318043003929792,-0.6367745587578225,0.12425244381873693,0.12666998734278292,-0.6508771026277616,8.519748540581604,BALANCE,1,-4.594647225038569e-05
0.41200000000000003,0.12190245336456464,-0.6412254469073924,0.12118448224296566,0.12475006055784688,-0.9599633924680245,8.071096515125,BALANCE,1,-4.350078247963339e-05
0.41400000000000003,0.12061821071304017,-0.6430406536233836,0.1227184630308513,0.12403900142339842,-0.3555295672242262,5.874460384276575,BALANCE,1,-4.1423383345564615e-05
0.41600000000000004,0.11932838606820238,-0.6468075458152829,0.1227184630308513,0.12357681298600692,-0.23109421869575014,10.090906356764908,BALANCE,1,-3.908783452223339e-05
0.418,0.11802841473260993,-0.6531875333598123,0.11965050145508001,0.12220260395018251,-0.6871045179122071,10.993078657999533,BALANCE,1,-3.6391239988259325e-05
0.42,0.11671661155868697,-0.6586396039618133,0.11658253987930872,0.12023558152537668,-0.9835112124029141,7.780567535568767,BALANCE,1,-3.3819969790441605e-05
0.422,0.11539683113650437,-0.6611649310657501,0.11658253987930872,0.1189570169492529,-0.6392822880618917,5.637782481031753,BALANCE,1,-3.166539147836685e-05
0.424,0.11407211242056256,-0.6635779916552043,0.11811652066719437,0.11866284325053242,-0.14708684936023952,8.041904773530451,BALANCE,1,-2.9539097984786032e-05
0.426,0.11273912365542291,-0.6694351350897698,0.11658253987930872,0.11793473707060412,-0.3640530899641503,11.563297264821944,BALANCE,1,-2.69305396095769e-05
0.428,0.11139293745484259,-0.6767756720219269,0.11351457830353745,0.11638768150213079,-0.7735277842366647,10.0415183510039,BALANCE,1,-2.4104239832132383e-05
0.43,0.11003371408604595,-0.6824725453691237,0.1119805975156518,0.11484520210686314,-0.7712396976338256,7.091357969729074,BALANCE,1,-2.1510387873282608e-05
0.432,0.10866452257805898,-0.6867439972182691,0.10891263593988053,0.11276880394841922,-1.0381990792219589,7.069316676099245,BALANCE,1,-1.9127551338548697e-05
0.434,0.10728998848271395,-0.6878152341760118,0.11044661672776616,0.11195603842119065,-0.40638276361428666,5.083553456733444,BALANCE,1,-1.7226698567191845e-05
0.436,0.10591151739494178,-0.6906810653773352,0.10737865515199488,0.11035395427697213,-0.8010420721092578,9.630904751361971,BALANCE,1,-1.5078733437994827e-05
0.438,0.1045286279777088,-0.6922336481602162,0.10584467436410924,0.10877570630747012,-0.7891239847510056,6.741850968686845,BALANCE,1,-1.3139952690950696e-05
0.44,0.10314370822462934,-0.6927114420425435,0.10584467436410924,0.10774984512729381,-0.5129305900881537,6.784545668414565,BALANCE,1,-1.1379540336495247e-05
0.442,0.10175674713864555,-0.6942750220505628,0.10584467436410924,0.10708303536017921,-0.3334048835572992,8.781272647053909,BALANCE,1,-9.478404721934494e-06
0.444,0.10036437416588144,-0.6981234314614848,0.09970875121256667,0.10450203590851483,-1.2904997258321935,10.104503181254294,BALANCE,1,-7.2531625731254735e-06
0.446,0.09896940663559636,-0.6968696306390463,0.10277671278833796,0.10389817281645292,-0.3019315460309549,3.0014073116835025,BALANCE,1,-5.805750062903209e-06
0.448,0.09757408416499824,-0.6984783818071132,0.09970875121256667,0.10243187525509273,-0.7331487806800929,10.264989979459896,BALANCE,1,-3.954719410571388e-06
0.45,0.09617625232618858,-0.6993790482841207,0.0966407896367954,0.10040499528868867,-1.0134399832020315,7.055613729863113,BALANCE,1,-2.2288104082735893e-06
0.452,0.09477935728315344,-0.6975415723316482,0.09970875121256667,0.10016130986204597,-0.12184271332135038,4.910499445598944,BALANCE,1,-9.349270123343352e-07
0.454,0.09338184950440649,-0.6999917986115127,0.0966407896367954,0.09892912778320827,-0.6160910394188492,11.55066505589594,BALANCE,1,9.758098390906815e-07
0.456,0.09197939910720458,-0.7024842846670598,0.09050486648525283,0.09598063632892387,-1.4742457271421996,7.8564349478252735,BALANCE,1,2.8766139641756805e-06
0.458,0.09057844040344412,-0.6985000811716144,0.09050486648525283,0.094064116883639,-0.958259722642435,1.3223149598348298,BALANCE,1,3.784511336789679e-06
0.46,0.0891872606568508,-0.692705151606632,0.09050486648525283,0.09281837924420384,-0.6228688197175771,5.104274206180096,BALANCE,1,4.39459866628839e-06
0.462,0.08780673467222117,-0.687846127166823,0.08897088569736719,0.09147175650281102,-0.6733113706964139,7.589946442011719,BALANCE,1,5.115401433232746e-06
0.464,0.08643551148160818,-0.6834021901863526,0.0859029241215959,0.08952266516938573,-0.9745456667126436,7.1746907293213695,BALANCE,1,5.869936541528182e-06
0.466,0.08507514769300921,-0.6769865291134267,0.08897088569736719,0.08932954235417924,-0.09656140760324478,4.824081944297899,BALANCE,1,6.310592481708726e-06
0.468,0.08372261787031993,-0.6755680835718519,0.08436894333371027,0.0875933326970151,-0.8681048285820725,11.510995130614644,BALANCE,1,7.448152338744674e-06
0.47000000000000003,0.08237449716930145,-0.6725773294308425,0.08283496254582462,0.08592790314409843,-0.8327147764583334,5.588814726322713,BALANCE,1,8.334547757701934e-06
0.47200000000000003,0.08103349219714268,-0.6684522270057441,0.0859029241215959,0.08591916048622254,-0.004371328937942398,5.79778965177884,BALANCE,1,9.03285009149533e-06
0.47400000000000003,0.07969531867205376,-0.6697458331183064,0.07976700097005335,0.08376590465556333,-1.0766279153296074,12.180386368535265,BALANCE,1,1.0482117293318022e-05
0.47600000000000003,0.07835815597961156,-0.6674413784474711,0.07976700097005335,0.08236628836563484,-0.6998081449642451,3.866963980379188,BALANCE,1,1.139609694895323e-05
0.47800000000000004,0.07702584781453828,-0.6648912192941937,0.0782330201821677,0.08091964450142133,-0.7233219321067519,6.719996151388225,BALANCE,1,1.2250970360259104e-05
0.48,0.0756990630067659,-0.6619179223531444,0.07516505860639641,0.07890553943816261,-1.00705253162936,6.490721927392232,BALANCE,1,1.3021710098374371e-05
0.482,0.07438085602511475,-0.6563132382785258,0.07669903939428206,0.07813326442280442,-0.3861375076790949,4.207195911159395,BALANCE,1,1.3397000458185302e-05
0.484,0.07307130379081796,-0.6532630186009336,0.07516505860639641,0.07709439238706162,-0.5194360178714038,9.023529721565312,BALANCE,1,1.4106456375161644e-05
0.486,0.07176667840267177,-0.6513863040385462,0.07516505860639641,0.0764191255638288,-0.33763341161641147,7.964769210112301,BALANCE,1,1.4956530404947479e-05
0.488,0.07046334697144198,-0.6519690401857414,0.07209709703062514,0.07490641557720751,-0.7563549933106428,9.388426786462169,BALANCE,1,1.6127730189381758e-05
0.49,0.06916003473695306,-0.6513671091460811,0.06902913545485385,0.07284936753438373,-1.028524021411889,6.053302226849269,BALANCE,1,1.7114270592018416e-05
0.492,0.06786116737355175,-0.6475240896883525,0.0674951546669682,0.0709753930307883,-0.9369872517977148,3.819882848145273,BALANCE,1,1.7628552412168246e-05
0.494,0.06657213811207909,-0.6415288287610369,0.06902913545485385,0.07029420287921125,-0.3405950757885273,4.4579591652242705,BALANCE,1,1.7823418111726348e-05
0.496,0.06529223119278049,-0.6384015821058909,0.06442719309119693,0.06824074945340623,-1.0267267129025064,9.173121394477727,BALANCE,1,1.8389152735719285e-05
0.498,0.06402161247243755,-0.6322404612755111,0.06442719309119693,0.06690600472663298,-0.6673723633866258,3.635870202597085,BALANCE,1,1.85205508877554e-05
0.5,0.0627631166207717,-0.6262784927784952,0.06289321230331128,0.06550152737847038,-0.7022386740812986,6.4465505734383495,BALANCE,1,1.8658733946890815e-05
0.502,0.06151668527572299,-0.6201757349898619,0.06289321230331128,0.0645886171021647,-0.4564551381528448,6.115849597722988,BALANCE,1,1.875853246890463e-05
0.504,0.06028063964330935,-0.6158925912102782,0.059825250727540004,0.06292143887104605,-0.8335891155593217,8.04026099199271,BALANCE,1,1.9079383849555983e-05
0.506,0.059054670558664896,-0.6100990038888917,0.06135923151542565,0.06237466629657891,-0.2733862872335707,4.935742766647985,BALANCE,1,1.918236143105024e-05
0.508,0.05783711907011834,-0.6074748421668243,0.05829126993965436,0.06094547757165532,-0.7145943624617956,9.39703397204528,BALANCE,1,1.9678778684443938e-05
0.51,0.0566256551875927,-0.6040112876482915,0.05829126993965436,0.06001650490045499,-0.4644863356001658,5.793807142238396,BALANCE,1,2.004695166481859e-05
0.512,0.05541987137810737,-0.6017946663341841,0.059825250727540004,0.059949565939934744,-0.033469480260121115,7.750936297839507,BALANCE,1,2.0556649811658564e-05
0.514,0.05421396670937166,-0.6041321505968068,0.05368932757599744,0.05775848251255669,-1.0955417136890264,11.207044716116638,BALANCE,1,2.1635111865024556e-05
0.516,0.0530080391815009,-0.6018175273417374,0.0521553467881118,0.05579738500900098,-0.9805487517778565,2.5905535395452226,BALANCE,1,2.2098077975626137e-05
0.518,0.05180994145789263,-0.5963022039249042,0.05522330836388308,0.05559645818320971,-0.1004634128956329,3.403990861623039,BALANCE,1,2.2132061096774244e-05
0.52,0.050618591385126026,-0.5950697539066365,0.0521553467881118,0.054392069194925445,-0.6021944941421338,10.443737254769994,BALANCE,1,2.2693385981355948e-05
0.522,0.04943005279204728,-0.5934906739067953,0.05062136600022616,0.0530723230767807,-0.6598730590723738,6.368503679339917,BALANCE,1,2.3192812766486706e-05
0.524,0.04824548551986017,-0.5910983613355972,0.04908738521234052,0.05167759482422663,-0.6973641262770329,5.8385048574246685,BALANCE,1,2.3571287902140816e-05
0.526,0.04706676383711749,-0.5876449783026443,0.047553404424454875,0.05023412818430652,-0.7217333199600572,5.4652281435989964,BALANCE,1,2.3798106858060457e-05
0.528,0.04589612314087118,-0.5830172275565798,0.04601942363656923,0.04875898159259847,-0.7375732958540236,5.193713421376456,BALANCE,1,2.386055666914806e-05
0.53,0.04473594460926352,-0.5771826225718499,0.04601942363656923,0.04780013630798824,-0.4794226423051155,4.988236615040762,BALANCE,1,2.3757194574772598e-05
0.532,0.04358644769248775,-0.5723354175392766,0.044485442848683596,0.046639993597231616,-0.5800713553783116,7.005471153617011,BALANCE,1,2.3760242936834572e-05
0.534,0.04244663887651749,-0.567494344782077,0.04295146206079795,0.045349007559479834,-0.6454930188758908,6.140000885105492,BALANCE,1,2.374866701350211e-05
0.536,0.041317082661683366,-0.5620826289912468,0.04295146206079795,0.04450986663494118,-0.41957046226932804,5.548238216371647,BALANCE,1,2.365336502380787e-05
0.538,0.040197062649492424,-0.5579579678393468,0.04295146206079795,0.04396442503399105,-0.2727208004750653,7.3141721870788174,BALANCE,1,2.369781578381649e-05
0.54,0.03908300992628224,-0.5561152312572039,0.039883500485026674,0.04253610144185352,-0.7141617960687643,8.46503587038271,BALANCE,1,2.399856334339289e-05
0.542,0.03797425792018584,-0.5526571541870968,0.039883500485026674,0.04160769110696412,-0.46420516744469925,4.856315710393237,BALANCE,1,2.409233994150829e-05
0.544,0.036871853801203766,-0.5497672283167525,0.039883500485026674,0.04100422438928601,-0.30173335883905417,6.808585657513785,BALANCE,1,2.4238052348511153e-05
0.546,0.035773449638676395,-0.5486571250267757,0.03834951969714103,0.04007507774703527,-0.4645733211253722,8.080352968176118,BALANCE,1,2.457755042871373e-05
0.548,0.0346770578385776,-0.5477548296884575,0.03681553890925539,0.03893423915381231,-0.5704192966114775,6.729899486899937,BALANCE,1,2.4926575038786555e-05
0.55,0.033583182011108506,-0.5461411069112346,0.035281558121369745,0.037655800792457415,-0.6392191806774485,5.822468215248479,BALANCE,1,2.5177694098845345e-05
0.552,0.03249375387808546,-0.5433070542141606,0.0337475773334841,0.036287922581816755,-0.6839391053203303,5.202894001197908,BALANCE,1,2.527198798450478e-05
0.554,0.031411468351671724,-0.5389983696952444,0.030679615757712823,0.03432501519338038,-0.9814536942181866,4.770319495932778,BALANCE,1,2.518159620354266e-05
0.556,0.03034155389090174,-0.5309357617998517,0.032213596545598466,0.03358601866665671,-0.36949826336183517,2.279293344482422,BALANCE,1,2.465026940657742e-05
0.558,0.029286145094543418,-0.5244924392171618,0.030679615757712823,0.03256877764852635,-0.5086205090651802,7.137314203463144,BALANCE,1,2.4295247037550017e-05
0.56,0.028243372723028435,-0.5182991052134555,0.030679615757712823,0.031907570986741615,-0.3306033308923678,5.969815532278268,BALANCE,1,2.3959409256637838e-05
0.562,0.02721136514414309,-0.5137274492159943,0.0260776733940559,0.029867106829301614,-1.0202320787200003,7.3606620721510305,BALANCE,1,2.3792959311103724e-05
0.5640000000000001,0.026192714701815754,-0.5049417235832073,0.02454369260617026,0.02800391185120564,-0.9315974890479871,1.7271776614494305,BALANCE,1,2.3158480403471436e-05
0.5660000000000001,0.02519467098766149,-0.49312034262307725,0.02454369260617026,0.026792835115443257,-0.6055383678811918,2.3300634625100187,BALANCE,1,2.220181794939848e-05
0.5680000000000001,0.02422034659622286,-0.48122196516172827,0.02454369260617026,0.02600563523719771,-0.393599939122774,4.871230394721728,BALANCE,1,2.124858143526104e-05
0.5700000000000001,0.023268219704607823,-0.4709224350289465,0.023009711818284616,0.024957062040578126,-0.5242865983097912,6.524706959141776,BALANCE,1,2.0468651144754734e-05
0.5720000000000001,0.02233639740248554,-0.4609170026654179,0.023009711818284616,0.0242754894627754,-0.3407862889013638,5.42129070625658,BALANCE,1,1.9724255357877187e-05
0.5740000000000001,0.021422886976879663,-0.4526102221150622,0.023009711818284616,0.023832467287203625,-0.22151108778588682,6.8532539247483895,BALANCE,1,1.9150090032506462e-05
0.5760000000000001,0.020523573569267366,-0.4467197239127793,0.021475731030398976,0.023007609597322,-0.4124288449408129,7.78564069659534,BALANCE,1,1.8807044590546595e-05
0.578,0.01963550723321289,-0.44136294402241455,0.021475731030398976,0.02247145209889894,-0.26807874921152935,6.213408699882498,BALANCE,1,1.8509506929761645e-05
0.58,0.018756552579098702,-0.43760787468462353,0.018407769454627694,0.021049163173404006,-0.7111444627474675,7.340534306231163,BALANCE,1,1.8356053474104324e-05
0.582,0.017887333445522905,-0.43162724470466735,0.019941750242513337,0.020661568647592273,-0.19379726290586624,3.714881095048643,BALANCE,1,1.7989006782815168e-05
0.584,0.017027872592126476,-0.42784941528368714,0.018407769454627694,0.01987273893005467,-0.3944148587688018,7.834535335962266,BALANCE,1,1.781928438555195e-05
0.586,0.016175694789761504,-0.4243440599568145,0.01687378866674205,0.018823106337895253,-0.5248162960797085,6.186239333792537,BALANCE,1,1.7667184086052912e-05
0.588,0.015331382035385392,-0.41998422285807835,0.01687378866674205,0.018140845152991632,-0.3411305924518101,5.083814501043298,BALANCE,1,1.7431101688780504e-05
0.59,0.014495085478048474,-0.41632771568301835,0.015339807878856412,0.017160482107044305,-0.49018152297366363,6.515992628002865,BALANCE,1,1.7251730687188684e-05
0.592,0.013666728538034913,-0.4120444596932248,0.015339807878856412,0.016523246127178544,-0.31861798993288065,5.268195497492606,BALANCE,1,1.7010567745767694e-05
0.594,0.012846132110136016,-0.40856706100452844,0.015339807878856412,0.016109042740265797,-0.2071016934563734,6.605774252252361,BALANCE,1,1.6834238620319323e-05
0.596,0.012030910102223461,-0.40666994101452136,0.01227184630308513,0.014766023987252564,-0.6715093765066165,7.476274229397705,BALANCE,1,1.678863453309975e-05
0.598,0.011221894173460088,-0.402360867856066,0.010737865515199488,0.013356168522033987,-0.7049277326092884,3.6833848446124184,BALANCE,1,1.6527500367241282e-05
0.6,0.010423924559919936,-0.3956234227521722,0.010737865515199488,0.012439762469641912,-0.4582030261960374,3.334117901582334,BALANCE,1,1.605568548745038e-05
0.602,0.00963960216661373,-0.38871339672779914,0.01227184630308513,0.012380991811347039,-0.029385329147436565,5.255419142238745,BALANCE,1,1.557019693383447e-05
0.604,0.008865809365533167,-0.3850936369587334,0.007669903939428206,0.010732111056175447,-0.824440377585796,8.68491067749213,BALANCE,1,1.5355706587325472e-05
0.606,0.008102851365981054,-0.37787839600966167,0.010737865515199488,0.010734125116833861,0.0010070303292069455,2.2276838668861956,BALANCE,1,1.484470515124189e-05
0.608,0.00735082351772534,-0.3741632847019821,0.007669903939428206,0.009661647704741882,-0.5362387060459896,8.83353079886909,BALANCE,1,1.46150911916154e-05
0.61,0.006607542764871626,-0.36913113979368395,0.009203884727313847,0.00950143066264207,-0.08010852104990608,4.473148592682947,BALANCE,1,1.4277185562446028e-05
0.612,0.0058718160582179445,-0.3666090996199977,0.006135923151542565,0.008323503033757243,-0.5889638144424133,8.114477336258155,BALANCE,1,1.4133299829579111e-05
0.614,0.005143087749975775,-0.3621326127145,0.007669903939428206,0.00809474335074208,-0.11437984150758189,3.974624031991759,BALANCE,1,1.3832577468067624e-05
0.616,0.004421211422691418,-0.3597569926762894,0.006135923151542565,0.007409156281022249,-0.3427935348599151,7.759189183159649,BALANCE,1,1.3690289231819677e-05
0.618,0.0037041225352756808,-0.35734508482829513,0.0046019423636569235,0.006426631409944385,-0.49126243553893184,5.892226243413997,BALANCE,1,1.3540095452275418e-05
0.62,0.002993124175490286,-0.35366635305263766,0.0030679615757712823,0.005251096967983799,-0.587767220980293,4.6468088719991805,BALANCE,1,1.328912344441279e-05
0.622,0.0022914127197262084,-0.34805801001242975,0.0030679615757712823,0.004486999580709418,-0.3820486936371905,3.8052887413442544,BALANCE,1,1.2891162167519296e-05
0.624,0.001600979816040435,-0.34238759353670994,0.0,0.0029165497274611218,-0.7852249266241482,5.406088516768753,BALANCE,1,1.2489368231379396e-05
0.626,0.0009252513795552863,-0.3333532723529648,0.0,0.0018957573228497292,-0.5103962023056963,2.0870349716236847,BALANCE,1,1.1848230834038987e-05
0.628,0.0002683603141576396,-0.3235498759612428,0.0,0.001232242259852324,-0.3317575314987026,4.2247963733591885,BALANCE,1,1.1165925144771569e-05
0.63,-0.00036965520176969425,-0.3144773756857878,0.0015339807878856412,0.001337850744663985,0.05280424240583048,5.614341284487265,BALANCE,1,1.0548104488336301e-05
0.632,-0.000993250211098034,-0.30912910410502104,-0.0030679615757712823,-0.00020418356748835831,-0.7710171560761716,8.697439554961163,BALANCE,1,1.0187345511337303e-05
0.634,-0.0016027010613099244,-0.30033295639599117,0.0,-0.0001327193188674329,0.03573212431046271,2.0143054716625066,BALANCE,1,9.606201959669356e-06
0.636,-0.002198037755880944,-0.2950146888344522,-0.0015339807878856412,-0.0006231608330238058,-0.24522075707818647,8.472561025809062,BALANCE,1,9.255153674764486e-06
0.638,-0.0027834824510204973,-0.29044077499608667,-0.0046019423636569235,-0.002015734368745397,-0.6962867678607955,6.195386851683882,BALANCE,1,8.952353298313739e-06
0.64,-0.0033567396971819516,-0.28282701566511576,-0.0030679615757712823,-0.002384013891204457,-0.18413976122952996,2.502901206405964,BALANCE,1,8.466064589469013e-06
0.642,-0.0039162171070677146,-0.27666068523354975,-0.0030679615757712823,-0.0026233955808028456,-0.11969084479919434,6.577503685330305,BALANCE,1,8.07411567411102e-06
0.644,-0.00446512413306887,-0.27225643732613514,-0.0030679615757712823,-0.0027789936790417985,-0.07779904911947642,7.078207436280925,BALANCE,1,7.789162934173216e-06
0.646,-0.0050070822657466195,-0.26971166406718583,-0.0030679615757712823,-0.002880132442897118,-0.05056938192765973,7.403450117088523,BALANCE,1,7.611833869189402e-06
0.648,-0.005545780988781749,-0.26899696770227827,-0.0046019423636569235,-0.00348276591516305,-0.30131673613296606,7.614643102303159,BALANCE,1,7.537305145797999e-06
0.65,-0.006082601151741027,-0.26783306940827417,-0.006135923151542565,-0.00441137094789588,-0.4643025163664151,5.571809707141719,BALANCE,1,7.433915887643549e-06
0.652,-0.006615351460364756,-0.2649270384760448,-0.0046019423636569235,-0.004478070943412246,-0.033349997758182724,4.211324889120578,BALANCE,1,7.228955133817348e-06
0.654,-0.0071442301978422405,-0.26396142701397607,-0.006135923151542565,-0.0050583192162578575,-0.2901241364228059,7.654047424066773,BALANCE,1,7.131647418070515e-06
0.656,-0.007670776793483343,-0.2625948537068157,-0.009203884727313847,-0.0065092671451274535,-0.725473964434798,5.564027754535799,BALANCE,1,7.008977418913258e-06
0.658,-0.008190679091900377,-0.2573170075417477,-0.009203884727313847,-0.007452383298892691,-0.4715580768826187,1.9928704012786618,BALANCE,1,6.667744660027014e-06
0.66,-0.008698616417222972,-0.25062966049617313,-0.007669903939428206,-0.007528515523080121,-0.03806611209371518,3.9661200558104026,BALANCE,1,6.2549240087471134e-06
0.662,-0.009195425969740722,-0.2461890300175283,-0.010737865515199488,-0.0086517880203219,-0.561636248620889,7.427982137565769,BALANCE,1,5.967271828994094e-06
0.664,-0.009681050045477832,-0.23944397793834904,-0.009203884727313847,-0.00884502186776908,-0.09661692372359056,3.170294337909808,BALANCE,1,5.563916967400709e-06
0.666,-0.010154900023916136,-0.23441471611295983,-0.009203884727313847,-0.008970623868609749,-0.06280100042033425,6.877085901867809,BALANCE,1,5.254390130329213e-06
0.668,-0.010620445716252518,-0.23113953905214843,-0.009203884727313847,-0.009052265169156182,-0.04082065027321679,7.138283043469698,BALANCE,1,5.0348200993452386e-06
0.67,-0.01108113656456946,-0.22955978275508915,-0.009203884727313847,-0.009105332014511365,-0.026533422677591303,7.30741691358002,BALANCE,1,4.8983434561381446e-06
0.672,-0.011540252925957175,-0.22956502311926458,-0.01380582709097077,-0.010750505291272156,-0.8225866383803956,7.416709657220813,BALANCE,1,4.837470284804506e-06
0.674,-0.01199429062879821,-0.22448103075653822,-0.01380582709097077,-0.011819867921166672,-0.5346813149472579,0.9474234339344765,BALANCE,1,4.528350693113615e-06
0.676,-0.012435992815078652,-0.21722927963163938,-0.01227184630308513,-0.011978060354838132,-0.07909621683572977,3.1841402900216735,BALANCE,1,4.1231651668849985e-06
0.678,-0.012864951208638472,-0.21173700359906497,-0.01227184630308513,-0.012080885436724581,-0.05141254094322492,6.816933916822643,BALANCE,1,3.8079790068369593e-06
0.68,-0.013284668096030128,-0.20798760344468187,-0.01380582709097077,-0.012684615015710748,-0.30186478949308354,7.0298176419621505,BALANCE,1,3.575516439422106e-06
0.682,-0.01369635967786323,-0.2037115503934975,-0.015339807878856412,-0.01361393251781173,-0.46465875105049065,4.98743895582097,BALANCE,1,3.3223564888186746e-06
0.684,-0.014097687301032773,-0.19762345412303295,-0.01380582709097077,-0.013681095618417394,-0.03358155030283236,3.6266054267320937,BALANCE,1,2.996077382772851e-06
0.686,-0.014488715336064991,-0.19341177278150382,-0.01227184630308513,-0.013187858358051101,0.24661863018314664,7.068457027553337,BALANCE,1,2.7546144006121075e-06
0.6880000000000001,-0.014875219745464872,-0.19309974524854787,-0.015339807878856412,-0.01394104069033296,-0.376591166140929,9.337015135391535,BALANCE,1,2.6749506393139028e-06
0.6900000000000001,-0.01525945130848272,-0.1911388845576448,-0.015339807878856412,-0.014430609206316168,-0.24478425799160428,4.303357616723952,BALANCE,1,2.5264342733619425e-06
0.6920000000000001,-0.015639359881433695,-0.18877667563277417,-0.015339807878856412,-0.014748828741705253,-0.15910976769454263,5.325552649118295,BALANCE,1,2.3616159716744042e-06
0.6940000000000001,-0.01601486482502902,-0.18673517416990068,-0.01380582709097077,-0.014418778163948185,0.16502528887853402,5.988905633623103,BALANCE,1,2.209884507020092e-06
0.6960000000000001,-0.01638917993359931,-0.1875868186812536,-0.01687378866674205,-0.015278031839926038,-0.4296268379889263,8.598905365240352,BALANCE,1,2.1724986214788573e-06
0.6980000000000001,-0.016762899167533058,-0.18613928853365022,-0.015339807878856412,-0.015299653453551668,-0.010810806812815328,3.7870775233740126,BALANCE,1,2.041872441941112e-06
0.7000000000000001,-0.01713508245075474,-0.1860508396769347,-0.01687378866674205,-0.015850600778168304,-0.2754736623083176,7.133248545274652,BALANCE,1,1.9641052346224283e-06
0.7020000000000001,-0.01750611846714954,-0.18499200056407727,-0.015339807878856412,-0.015671823263409143,0.0893887573795802,4.979718741678002,BALANCE,1,1.8465488440927007e-06
0.704,-0.017877127733164716,-0.18602408875959905,-0.015339807878856412,-0.015555617878815688,0.05810269229672774,7.906210385414053,BALANCE,1,1.8101292798648444e-06
0.706,-0.018251772297666898,-0.18862736586162182,-0.01687378866674205,-0.016016977654589915,-0.23067988788711377,7.659783064251076,BALANCE,1,1.8344979827305478e-06
0.708,-0.01863064969184577,-0.19025699623536427,-0.018407769454627694,-0.016853754784603138,-0.41838856500661137,5.318637440702973,BALANCE,1,1.818112598777108e-06
0.71,-0.019010393168303396,-0.189493464020714,-0.018407769454627694,-0.017397659919111734,-0.271952567254298,3.763390644989278,BALANCE,1,1.7030552500641445e-06
0.712,-0.019387676600870436,-0.18779690705322785,-0.01687378866674205,-0.017214304980782344,0.09167746916469502,4.898764786953446,BALANCE,1,1.5495135103174186e-06
0.714,-0.01976368032583185,-0.18821373282844178,-0.019941750242513337,-0.018168910822388192,-0.47730292080292414,7.815363513608997,BALANCE,1,1.4795888743808763e-06
0.716,-0.02013774185425583,-0.1858546747485873,-0.023009711818284616,-0.01986319117095194,-0.8471401742818734,3.202610261207214,BALANCE,1,1.2976147939313308e-06
0.718,-0.02050162051990619,-0.1780306827415967,-0.021475731030398976,-0.020427580121758403,-0.2821944754032319,0.1382827742276076,BALANCE,1,9.068959574327011e-07
0.72,-0.020849601283076974,-0.16995647985543558,-0.021475731030398976,-0.020794432939782604,-0.18342640901210064,4.619899512183999,BALANCE,1,5.225024537828939e-07
0.722,-0.02118198465809668,-0.16243300770838026,-0.021475731030398976,-0.021032887271498334,-0.11922716585786516,5.38387398764364,BALANCE,1,1.7353376100947288e-07
0.724,-0.021500297135501757,-0.15588532343563474,-0.018407769454627694,-0.02011409603559361,0.4593956179523625,5.878954095520281,BALANCE,1,-1.2874892644267462e-07
0.726,-0.021811043662227022,-0.1548669178491045,-0.019941750242513337,-0.020053775008015515,0.030160513789047327,10.559041020949266,BALANCE,1,-2.417185119723439e-07
0.728,-0.02212111495834639,-0.15521008037286452,-0.023009711818284616,-0.0210883528916097,-0.5172889417970928,7.1247686942958275,BALANCE,1,-3.105416933119743e-07
0.73,-0.02242861111840637,-0.15229173439744148,-0.023009711818284616,-0.02176082851594592,-0.33623781216811016,2.678880706012734,BALANCE,1,-4.868888853102264e-07
0.732,-0.022728852063284944,-0.14795473173482288,-0.019941750242513337,-0.021124151120244516,0.3183386978507022,4.082589039881234,BALANCE,1,-7.055832992561289e-07
0.734,-0.023024464060376868,-0.14766270144767055,-0.021475731030398976,-0.02124720408879858,-0.06152648427703092,9.353176933549767,BALANCE,1,-7.94394306799441e-07
0.736,-0.023319950939272163,-0.14782961120006743,-0.02454369260617026,-0.022400975069878665,-0.5768854905400436,6.3026228575969,BALANCE,1,-8.697300990465736e-07
0.738,-0.023611977058411376,-0.14420187801693254,-0.02454369260617026,-0.023150926207580722,-0.3749755688510284,2.106044353614017,BALANCE,1,-1.0633963597229285e-06
0.74,-0.02389502879785718,-0.1388550664423933,-0.019941750242513337,-0.022027714619807136,0.5616057938867929,3.6716964736224984,BALANCE,1,-1.303972504968336e-06
0.742,-0.024173456316415574,-0.1395775720567373,-0.02454369260617026,-0.02290830691503423,-0.44029614761354613,11.227334527867523,BALANCE,1,-1.361282683814583e-06
0.744,-0.02445051975905522,-0.13749096540764166,-0.023009711818284616,-0.022943798631171863,-0.017745858068816955,3.154701796768177,BALANCE,1,-1.5022381554519999e-06
0.746,-0.024724353192323096,-0.13634750325489356,-0.02454369260617026,-0.023503761522421302,-0.2799814456247197,6.528385850431518,BALANCE,1,-1.6148893080165834e-06
0.748,-0.024994584628025205,-0.13388890157389952,-0.02454369260617026,-0.023867737401733438,-0.181987939656068,4.392202624204844,BALANCE,1,-1.7648329474632074e-06
0.75,-0.025259520140419617,-0.1310514825312851,-0.0260776733940559,-0.0246412149990463,-0.38673879865643024,5.149538571714984,BALANCE,1,-1.923377811069736e-06
0.752,-0.025516766621012894,-0.12619972835484206,-0.023009711818284616,-0.02407018888577971,0.2855130566332947,3.460194800873505,BALANCE,1,-2.1333853691222044e-06
0.754,-0.02576797461768241,-0.12501288753846582,-0.023009711818284616,-0.023699021912156427,0.1855834868116409,8.867657172210144,BALANCE,1,-2.2410098052763395e-06
0.756,-0.026019206423362633,-0.12622353777181458,-0.02454369260617026,-0.02399465665506127,-0.14781737145242063,8.08575082767188,BALANCE,1,-2.285137889625956e-06
0.758,-0.026272251213975036,-0.12682590577754915,-0.02454369260617026,-0.024186819237949415,-0.09608129144407333,5.396006945654084,BALANCE,1,-2.3467539631511176e-06
0.76,-0.02652637496719425,-0.12730252018732507,-0.02454369260617026,-0.02431172491682671,-0.0624528394386481,5.793528466899984,BALANCE,1,-2.4127999163290487e-06
0.762,-0.026781603463375363,-0.12793066902129047,-0.023009711818284616,-0.02385602033233698,0.22785229224486606,6.050199397227383,BALANCE,1,-2.4757724010575934e-06
0.764,-0.02704056848025685,-0.13103910955870215,-0.02761165418194154,-0.025170492179698575,-0.6572359236807975,8.395211521698412,BALANCE,1,-2.4719360879777527e-06
0.766,-0.02730073927961271,-0.12913647363670466,-0.0260776733940559,-0.02548800560472364,-0.15875671251253282,1.2306033850154687,BALANCE,1,-2.6079443139991094e-06
0.768,-0.02755672964821325,-0.12685860190363363,-0.02761165418194154,-0.026231282606749905,-0.37163850101313256,5.194288667739138,BALANCE,1,-2.752790839485573e-06
0.77,-0.027806089584581046,-0.12250591945855487,-0.02454369260617026,-0.025640626106547028,0.29532825010143876,3.4413914830914134,BALANCE,1,-2.949814763994969e-06
0.772,-0.02805031531832165,-0.12172430484040579,-0.02761165418194154,-0.02633048593293511,-0.34492991319404026,8.807436756798847,BALANCE,1,-3.0504606332736358e-06
0.774,-0.02829090705304978,-0.11887185359936475,-0.0260776733940559,-0.026242001544327386,0.04424219430386109,3.6387137636651428,BALANCE,1,-3.203440318557304e-06
0.776,-0.028527115948225105,-0.11734138467105641,-0.02914563496982718,-0.027258273243252314,-0.5081358494624637,6.752151286655951,BALANCE,1,-3.3209870580713756e-06
0.778,-0.02875692719487948,-0.11247408742115007,-0.030679615757712823,-0.028455743123313493,-0.5987349400305899,2.2666989799412063,BALANCE,1,-3.517778036010173e-06
0.78,-0.02897331252437293,-0.10391522063089037,-0.030679615757712823,-0.02923409854535326,-0.3891777110198828,1.4643669139678632,BALANCE,1,-3.788847310078437e-06
0.782,-0.029171006900294186,-0.09378279016837689,-0.02761165418194154,-0.02866624301815916,0.28392776359704996,3.088276601022063,BALANCE,1,-4.070166745230709e-06
0.784,-0.029352487414987194,-0.08770106126828262,-0.02914563496982718,-0.028834030201242967,-0.08389359154190382,8.501458480985539,BALANCE,1,-4.2504040834388525e-06
0.786,-0.029522357943567043,-0.08217259057505095,-0.02914563496982718,-0.02894309187024744,-0.05453083450223696,5.543053602848632,BALANCE,1,-4.409437156858328e-06
0.788,-0.029681875173773232,-0.07734757252290576,-0.030679615757712823,-0.029550875230860325,-0.303891680306442,5.76562334065165,BALANCE,1,-4.547117001282571e-06
0.79,-0.02983031624748202,-0.07109623041959748,-0.02761165418194154,-0.02887214786373875,0.3393636835607866,3.7283593975350637,BALANCE,1,-4.698090353914097e-06
0.792,-0.02997020091954043,-0.06879101354126324,-0.02761165418194154,-0.028430975075109728,0.22058639431451163,8.909351520927439,BALANCE,1,-4.781717288469146e-06
0.794,-0.03010796699466858,-0.06897759452487198,-0.032213596545598466,-0.029754892589780785,-0.6619587573355283,7.979917379259958,BALANCE,1,-4.827684948017813e-06
0.796,-0.03024112172465464,-0.06417958360933444,-0.02914563496982718,-0.029541652422797025,0.10662008349188005,0.8341701366614194,BALANCE,1,-4.943124516398115e-06
0.798,-0.030366517774453983,-0.061218771679013254,-0.030679615757712823,-0.029939939590017554,-0.19914358361026485,6.989686942815153,BALANCE,1,-5.027454327237172e-06
0.8,-0.030485109601443128,-0.05737523569164463,-0.030679615757712823,-0.030198826248710897,-0.12944332934667138,4.513692388046759,BALANCE,1,-5.1185449620142814e-06
0.802,-0.030595786595859608,-0.05330379358064054,-0.02914563496982718,-0.029830209301101595,0.1843084738046511,5.049721457384164,BALANCE,1,-5.206396089343744e-06
0.804,-0.030700650411527076,-0.05156195005643923,-0.032213596545598466,-0.0306643948366755,-0.4170927677869529,7.575886857591081,BALANCE,1,-5.263707772618235e-06
0.806,-0.030799183085269976,-0.04697253525144977,-0.030679615757712823,-0.030669722159038564,-0.002663661181531371,2.70849291375648,BALANCE,1,-5.34760613277683e-06
0.808,-0.030889379081965672,-0.043225119730764046,-0.02914563496982718,-0.03013629164281458,0.26671525811199254,6.0174721828262605,BALANCE,1,-5.416405201714371e-06
0.81,-0.03097499168991492,-0.0423890622316031,-0.030679615757712823,-0.030326455083028964,-0.09508172010719296,8.198482109819329,BALANCE,1,-5.455209692269766e-06
0.812,-0.031058544299849392,-0.04116508383856261,-0.02914563496982718,-0.02991316804340834,0.20664351981031226,5.2866311866363755,BALANCE,1,-5.496620951397448e-06
0.8140000000000001,-0.03114174649254882,-0.042038638548674935,-0.02914563496982718,-0.029644531467654934,0.13431828787670297,7.719247694744974,BALANCE,1,-5.519324418079022e-06
0.8160000000000001,-0.031227946386219067,-0.044162839917667576,-0.030679615757712823,-0.030006810969175197,-0.18113975076013145,7.150835127527772,BALANCE,1,-5.531432302384125e-06
0.8180000000000001,-0.031316928605079924,-0.0448210148892534,-0.032213596545598466,-0.03077918592092334,-0.38618747587407243,4.599432686148046,BALANCE,1,-5.557937659387389e-06
0.8200000000000001,-0.03140426526257607,-0.04251724829672339,-0.030679615757712823,-0.03074433636379966,0.017424778561840257,2.9065525509474446,BALANCE,1,-5.6116371322971495e-06
0.8220000000000001,-0.03148765348454028,-0.040872506760594715,-0.030679615757712823,-0.030721684151669267,0.011326106065197294,6.131392692589407,BALANCE,1,-5.65713067337279e-06
0.8240000000000001,-0.03156827070926624,-0.039746200109528534,-0.032213596545598466,-0.031243853489544487,-0.2610846689376101,6.077818108513753,BALANCE,1,-5.696732052601878e-06
0.8260000000000001,-0.03164486868505392,-0.03685318392633687,-0.030679615757712823,-0.031046370283403405,0.09874160307054083,3.8609529775208724,BALANCE,1,-5.748864991807656e-06
0.8280000000000001,-0.03171703465005453,-0.035314107836332785,-0.032213596545598466,-0.031454899475171674,-0.20426459588413456,6.745202871897865,BALANCE,1,-5.787622222238815e-06
0.8300000000000001,-0.03178484167843664,-0.032494167167508095,-0.032213596545598466,-0.03172044344982105,-0.13277198732468756,4.2903505488593305,BALANCE,1,-5.833358635664608e-06
0.8320000000000001,-0.031846449213408824,-0.029114500447897776,-0.0337475773334841,-0.032429940309103115,-0.35474842964103304,4.840014690165979,BALANCE,1,-5.878638634075084e-06
0.834,-0.031898988333219996,-0.023425585285487674,-0.030679615757712823,-0.03181732671611651,0.3063067964933011,3.015147352016471,BALANCE,1,-5.930230520600628e-06
0.836,-0.03194347395403319,-0.021060853384878172,-0.032213596545598466,-0.0319560211564352,-0.069347220159343,8.333982511327116,BALANCE,1,-5.958165516455975e-06
0.838,-0.03198309739869733,-0.01856331974580582,-0.0337475773334841,-0.03258306581840231,-0.31352233098355664,5.314037507455556,BALANCE,1,-5.983628184624621e-06
0.84,-0.032015637674510405,-0.013977554312659086,-0.035281558121369745,-0.03352753812444091,-0.4722361530192995,3.316497327980139,BALANCE,1,-6.011801216245011e-06
0.842,-0.03203612557401136,-0.006510721856327298,-0.032213596545598466,-0.033067658571846056,0.22993977629742757,1.9834129057069925,BALANCE,1,-6.035842147896596e-06
0.844,-0.03205067464995549,-0.008038621566382034,-0.032213596545598466,-0.0327687368626594,0.14946085459332722,7.621799581682131,BALANCE,1,-6.0389581437354e-06
0.846,-0.032067310622786345,-0.008597657110407443,-0.0337475773334841,-0.033111331027448045,-0.17129708239432134,6.989349763227996,BALANCE,1,-6.044243429954857e-06
0.848,-0.0320833895973482,-0.007481613058154834,-0.032213596545598466,-0.03279712395880069,0.15710353432367777,4.396108351233998,BALANCE,1,-6.0522278172644325e-06
0.85,-0.03210059537873889,-0.009724484652716496,-0.032213596545598466,-0.03259288936417991,0.10211729731039038,7.035606284305072,BALANCE,1,-6.054610440439482e-06
0.852,-0.03212081147318742,-0.010491981460221409,-0.0337475773334841,-0.03299703015343638,-0.20207039462823498,6.6014518860031846,BALANCE,1,-6.060595908726223e-06
0.854,-0.032140583032145474,-0.009279940990740594,-0.035281558121369745,-0.03379661494221306,-0.3997923943883409,4.137102497108106,BALANCE,1,-6.070629266743823e-06
0.856,-0.03215584890168521,-0.005986209207885092,-0.0337475773334841,-0.03377945177915793,0.008581581527566245,2.5005920887122164,BALANCE,1,-6.08176909939471e-06
0.858,-0.03217085249530162,-0.009017660241163855,-0.032213596545598466,-0.033231402447412114,0.2740246658729066,5.761857795466949,BALANCE,1,-6.082597312252561e-06
0.86,-0.032189335444646784,-0.009465628904683554,-0.032213596545598466,-0.03287517038177734,0.1781160328173867,7.911639149644938,BALANCE,1,-6.088714696885399e-06
0.862,-0.03220997209997773,-0.011171405820802985,-0.030679615757712823,-0.03210672626335476,0.38422205921129216,7.15916897506251,BALANCE,1,-6.092780859731354e-06
0.864,-0.03223612709889889,-0.014984073945388423,-0.030679615757712823,-0.03160723758638008,0.2497443384873385,8.847702488066439,BALANCE,1,-6.092063480999131e-06
0.866,-0.03227073377154442,-0.01962323492411798,-0.032213596545598466,-0.03181946322210651,-0.10611281786321661,7.795528595376014,BALANCE,1,-6.088075706383896e-06
0.868,-0.03231299217659991,-0.02263594702892026,-0.030679615757712823,-0.031420516609568724,0.19947330626889428,4.929573913783565,BALANCE,1,-6.090556776895791e-06
0.87,-0.03236247496716333,-0.026847753246604177,-0.02914563496982718,-0.030624308035659183,0.3981042869547705,7.391915600270806,BALANCE,1,-6.087159578751808e-06
0.872,-0.032423065840296035,-0.03374423381063054,-0.0337475773334841,-0.031717452289897904,-0.5465721271193605,9.022611098585257,BALANCE,1,-6.065687560349955e-06
0.874,-0.03249215444923261,-0.035345645277485,-0.0337475773334841,-0.03242799605515308,-0.35527188262758636,1.3932676402799045,BALANCE,1,-6.08027931899216e-06
0.876,-0.03256134150266281,-0.033842680113331934,-0.030679615757712823,-0.03181606295104899,0.3059665520520442,2.8745513710877573,BALANCE,1,-6.117858723278595e-06
0.878,-0.03263015371668442,-0.03497079897310197,-0.030679615757712823,-0.03141830643338133,0.19887825883382892,8.194811622180836,BALANCE,1,-6.135977963587494e-06
0.88,-0.03270266414076607,-0.037540958158378684,-0.030679615757712823,-0.031159764696897352,0.1292708682419895,7.355687006208497,BALANCE,1,-6.1439776924144455e-06
0.882,-0.03278101838003489,-0.0408147215905489,-0.032213596545598466,-0.03152860584394274,-0.18442057352269572,6.808108432723441,BALANCE,1,-6.146811000496644e-06
0.884,-0.03286399354220751,-0.04216196601155416,-0.030679615757712823,-0.031231459313762273,0.14857326509023527,4.270140708614448,BALANCE,1,-6.166941476272131e-06
0.886,-0.0329506707590573,-0.04451684432183361,-0.030679615757712823,-0.031038314069144965,0.09657262230865389,6.945673917465972,BALANCE,1,-6.178740287952561e-06
0.888,-0.033042521929319495,-0.04733601453731306,-0.0337475773334841,-0.031986556211663665,-0.47412107125935005,6.535049827076531,BALANCE,1,-6.186790898941683e-06
0.89,-0.033135786648326476,-0.04593041905101639,-0.032213596545598466,-0.03206602032854085,-0.03973205843859143,1.9062084387390446,BALANCE,1,-6.237096712134549e-06
0.892,-0.03322604427098202,-0.04432886289844172,-0.02914563496982718,-0.031043885452991065,0.5110674377748915,5.370139490226774,BALANCE,1,-6.287764621404114e-06
0.894,-0.033317391642180325,-0.04702018761970412,-0.030679615757712823,-0.03091639105964368,0.06374719667369237,9.831654775377025,BALANCE,1,-6.297312475979837e-06
0.896,-0.03341426634405416,-0.04985629518222104,-0.0337475773334841,-0.03190730625548783,-0.49545759792207417,6.254559231956348,BALANCE,1,-6.306049214159107e-06
0.898,-0.03351240103683116,-0.048280201683460894,-0.0337475773334841,-0.032551401132786525,-0.32204743864934837,1.7150845021884678,BALANCE,1,-6.36119861303454e-06
0.9,-0.033604903410728054,-0.044223872754986515,-0.030679615757712823,-0.03189627625151073,0.3275624406378977,3.0572098035057955,BALANCE,1,-6.437759252477093e-06
0.902,-0.033692374460329404,-0.04324878488645656,-0.032213596545598466,-0.03200733835444144,-0.05553105146535384,8.28701707543001,BALANCE,1,-6.481499003707894e-06
0.904,-0.03377748870721556,-0.041867026708816375,-0.03681553890925539,-0.03369020854862632,-0.8414350970924397,5.209203944757267,BALANCE,1,-6.527838820673087e-06
0.906,-0.03385309300613276,-0.03373866209099988,-0.0337475773334841,-0.03371028762332654,-0.010039537350112204,-1.1857386736202384,BALANCE,1,-6.623481225672174e-06
0.908,-0.03391323747340517,-0.026406910854000706,-0.032213596545598466,-0.033186445746121715,0.26192093860241333,5.457479002311703,BALANCE,1,-6.694503670627543e-06
0.91,-0.033961611200514615,-0.021967705536685256,-0.035281558121369745,-0.033919735077458525,-0.3666446656684051,7.6579560334149726,BALANCE,1,-6.736731932348937e-06
0.912,-0.03399854362486762,-0.014965397767166079,-0.032213596545598466,-0.033322586591307504,0.29857424307551045,2.5786498923527246,BALANCE,1,-6.779088365424321e-06
0.914,-0.03402481120669731,-0.011302666953776292,-0.035281558121369745,-0.034008226626829285,-0.3428200177608906,7.929565554154848,BALANCE,1,-6.7998661998562315e-06
0.916,-0.03404205040069049,-0.005936843958662814,-0.0337475773334841,-0.03391699937415847,0.045613626335407054,2.750471420006967,BALANCE,1,-6.816638714810478e-06
0.918,-0.03405648842656374,-0.008501447333236788,-0.0337475773334841,-0.03385770165992244,0.029648857118015626,5.856630808062765,BALANCE,1,-6.8184750560141185e-06
0.92,-0.03407180177762248,-0.006812185238369356,-0.03681553890925539,-0.03489294469718897,-0.5176215186332641,5.725698976845811,BALANCE,1,-6.827373902163046e-06
0.922,-0.0340826381392247,-0.004024375575001465,-0.0337475773334841,-0.034492066119892265,0.20043928864835192,1.2784427996601435,BALANCE,1,-6.834942572225948e-06
0.924,-0.03410018573733544,-0.01352354511383472,-0.03681553890925539,-0.03530528159616936,-0.4066077381385466,7.040083559326895,BALANCE,1,-6.824203143705832e-06
0.926,-0.034118725317998574,-0.005016376375366234,-0.0337475773334841,-0.03476008510422952,0.2725982459699204,2.1278533601358482,BALANCE,1,-6.848469724446569e-06
0.928,-0.03413397529925746,-0.010233885226171257,-0.032213596545598466,-0.03386881410870865,0.4456354977604333,7.587261005499128,BALANCE,1,-6.846107699299513e-06
0.93,-0.03415414494829894,-0.009936134601564605,-0.035281558121369745,-0.03436327451314004,-0.24723020221569317,9.018261516732743,BALANCE,1,-6.8548537922475635e-06
0.932,-0.03417184802345708,-0.007767265999966532,-0.0337475773334841,-0.03414778050026046,0.10774700643978799,3.438795637755219,BALANCE,1,-6.866067607063614e-06
0.934,-0.03418855799288361,-0.008943010610887455,-0.0337475773334841,-0.034007709391888734,0.07003555418586341,6.284713391671791,BALANCE,1,-6.870694195611892e-06
0.936,-0.03420677188490985,-0.009271216247178889,-0.032213596545598466,-0.03337976989568714,0.3139697481007973,5.984624498264321,BALANCE,1,-6.877387567870582e-06
0.9380000000000001,-0.03422785434977691,-0.011811636183885562,-0.0337475773334841,-0.03350850249891608,-0.06436630161446924,7.96709846537675,BALANCE,1,-6.880165066746994e-06
0.9400000000000001,-0.03425174088430128,-0.012075337453804678,-0.032213596545598466,-0.03305528541525491,0.22660854183058354,4.925984410961097,BALANCE,1,-6.889119256490298e-06
0.9420000000000001,-0.034277678327090305,-0.013862582149576938,-0.0337475773334841,-0.033297587586635126,-0.12115108569010768,7.274365126458138,BALANCE,1,-6.894634653921178e-06
0.9440000000000001,-0.03430540095478281,-0.013860555175599884,-0.035281558121369745,-0.033991977273792245,-0.34719484357855973,4.471090458492468,BALANCE,1,-6.905829525279794e-06
0.9460000000000001,-0.03433004034633849,-0.010779289334455613,-0.035281558121369745,-0.03444333057044437,-0.22567664832606402,2.6142786187006655,BALANCE,1,-6.9238799324009485e-06
0.9480000000000001,-0.03434766213105195,-0.006842819327235887,-0.03834951969714103,-0.0358104967647882,-0.6835830971719143,3.552454316807416,BALANCE,1,-6.9384012587483e-06
0.9500000000000001,-0.034356619408304714,-0.0021146225924654014,-0.035281558121369745,-0.03562536823959174,0.0925642625982312,-0.19998934497297416,BALANCE,1,-6.946540415264356e-06
0.9520000000000001,-0.03438023282487374,-0.021499228054228534,-0.0337475773334841,-0.034968141422454066,0.3286134085688369,6.0131721710520605,BALANCE,1,-6.907266019050191e-06
0.9540000000000001,-0.0344178396929737,-0.016108331384191685,-0.0337475773334841,-0.03454094399131458,0.2135987155697447,7.934005319560676,BALANCE,1,-6.944117182664637e-06
0.9560000000000001,-0.03444681025601041,-0.012862764225942631,-0.035281558121369745,-0.034800158936833886,-0.12960747275965467,7.032611432638045,BALANCE,1,-6.965887327657213e-06
0.9580000000000001,-0.034468660628512116,-0.008988009957477928,-0.03681553890925539,-0.03550554192718141,-0.3526914951737618,4.264448997484324,BALANCE,1,-6.983779962185162e-06
0.96,-0.03448200211283641,-0.004353719628562655,-0.035281558121369745,-0.035427147595147326,0.039197166017041624,2.430352730365179,BALANCE,1,-6.995788586873623e-06
0.962,-0.03449832415785603,-0.01196862543649046,-0.0337475773334841,-0.034839298003565194,0.29392479579106595,5.563080250294623,BALANCE,1,-6.989156387580945e-06
0.964,-0.03451940719742409,-0.009114801705900162,-0.035281558121369745,-0.03499408904479679,-0.07739552061579794,7.629204404381031,BALANCE,1,-7.004137388374086e-06
0.966,-0.03453577829757938,-0.007256599402623382,-0.03834951969714103,-0.03616848977311728,-0.5872003641602431,4.642355592843265,BALANCE,1,-7.014035191092708e-06
0.968,-0.03454623733423487,-0.00320262952529612,-0.035281558121369745,-0.03585806369500564,0.15521303905581887,0.48621910283385184,BALANCE,1,-7.022809980807351e-06
0.97,-0.034565977251383335,-0.016537650495165587,-0.035281558121369745,-0.03565628674423307,0.10088847538628279,6.436980280510045,BALANCE,1,-7.002759853921366e-06
0.972,-0.03459334049069593,-0.010826091842228169,-0.035281558121369745,-0.03552513172623091,0.06557750900108156,6.007359130851263,BALANCE,1,-7.030567328460885e-06
0.974,-0.0346111386596881,-0.0069724043376671405,-0.0337475773334841,-0.034902987688769524,0.3110720187306931,5.725635674504537,BALANCE,1,-7.045131994473197e-06
0.976,-0.034628099162629655,-0.009988410387896276,-0.0337475773334841,-0.03449859406441963,0.20219681217494706,7.71993979705136,BALANCE,1,-7.046586315622586e-06
0.978,-0.03464880445403182,-0.01071726164027015,-0.03681553890925539,-0.03530952476011215,-0.4054653478462594,6.866302043253501,BALANCE,1,-7.053417752302129e-06
0.98,-0.0346668845198992,-0.007363136595995686,-0.032213596545598466,-0.03422594988503236,0.5417874375398951,1.9492870163902758,BALANCE,1,-7.067261484942965e-06
0.982,-0.03468613303922343,-0.011885736571289454,-0.032213596545598466,-0.0335216262162305,0.3521618344009304,9.585478602007292,BALANCE,1,-7.065831522536588e-06
0.984,-0.03471293120697782,-0.014912923812188311,-0.032213596545598466,-0.03306381583150929,0.2289051923606046,8.10402887178044,BALANCE,1,-7.068122632318178e-06
0.986,-0.03474632824957764,-0.018484732722930598,-0.03834951969714103,-0.0349138121844804,-0.9249981764855552,7.138831595374805,BALANCE,1,-7.069049569425591e-06
0.988,-0.03477829611064545,-0.013483716012662857,-0.0337475773334841,-0.034505629986631696,0.20409109892435134,-2.210377899009636,BALANCE,1,-7.099182191205443e-06
0.99,-0.03480240786868127,-0.010628485270514281,-0.0337475773334841,-0.03424031155803004,0.13265921430082733,6.839926110143212,BALANCE,1,-7.1163987810461e-06
0.992,-0.03482268078683138,-0.009644805556163897,-0.035281558121369745,-0.03460474785519894,-0.18221814858444818,6.277542076559514,BALANCE,1,-7.126832405937602e-06
0.994,-0.034839908719313986,-0.0075834436277326025,-0.032213596545598466,-0.033767844896838775,0.41845147918008124,3.7297360460761353,BALANCE,1,-7.137683139161616e-06
0.996,-0.034858758758522554,-0.011266942097102169,-0.035281558121369745,-0.034297644525424616,-0.26489981429292025,8.578553676714613,BALANCE,1,-7.138008294734487e-06
0.998,-0.034879112728592274,-0.009087402139234929,-0.0337475773334841,-0.034105121008245434,0.09626175858959071,3.073095822310367,BALANCE,1,-7.15109350535435e-06
1.0,-0.03489715380352629,-0.008954004442050353,-0.035281558121369745,-0.03451687399783894,-0.20587649479675285,5.967118792199557,BALANCE,1,-7.158758240568799e-06
1.002,-0.03491317924084696,-0.00707172747365208,-0.035281558121369745,-0.03478451344107472,-0.13381972161789074,3.51840421093363,BALANCE,1,-7.168559399434364e-06
1.004,-0.03492705876850116,-0.006808055326339861,-0.03834951969714103,-0.03603226563069793,-0.6238760948116053,4.071843127082165,BALANCE,1,-7.174654200462883e-06
1.006,-0.0349360239188327,-0.0021572598135075503,-0.035281558121369745,-0.03576951800243307,0.1313738141324322,0.06932055702891571,BALANCE,1,-7.18278760409623e-06
1.008,-0.03495950521985191,-0.021324472846133764,-0.03681553890925539,-0.03613562531982088,-0.18305365869390744,6.119930782676622,BALANCE,1,-7.14443749803698e-06
1.01,-0.0349925153427189,-0.011686256847122808,-0.03681553890925539,-0.03637359507612296,-0.11898487815103706,3.575317435958671,BALANCE,1,-7.1919637868708495e-06
1.012,-0.035006719186070324,-0.0025178476172452585,-0.0337475773334841,-0.035454488866199355,0.4595531049618011,4.066314775908285,BALANCE,1,-7.211705893551285e-06
1.014,-0.03503114922509542,-0.02191264048752659,-0.0337475773334841,-0.03485706982974902,0.2987095182251688,8.742674115633166,BALANCE,1,-7.171233691213718e-06
1.016,-0.0350718116805475,-0.018750562456063748,-0.0337475773334841,-0.0344687474560563,0.19416118684635955,7.484799149961178,BALANCE,1,-7.201723866771683e-06
1.018,-0.03510754552438643,-0.016983938270912907,-0.0337475773334841,-0.03421633791315603,0.12620477145013423,6.664818091861055,BALANCE,1,-7.223215426479164e-06
1.02,-0.03514044120477052,-0.01591234682674228,-0.0337475773334841,-0.03405227171027086,0.08203310144258569,6.129468073682637,BALANCE,1,-7.2405744712852485e-06
1.022,-0.035171455974409405,-0.015102992948585648,-0.0337475773334841,-0.03394562867839549,0.05332151593768347,5.779128231453305,BALANCE,1,-7.256085058353956e-06
1.024,-0.03520086234495314,-0.014303918164259029,-0.03681553890925539,-0.034950097259196455,-0.5022342904004822,5.54904500359093,BALANCE,1,-7.2707694885729875e-06
1.026,-0.03522419827551933,-0.009032441382569884,-0.035281558121369745,-0.035066108560957106,-0.058005650880325194,1.0373404185857078,BALANCE,1,-7.293562565720951e-06
1.028,-0.03523873887774414,-0.0055084281397634015,-0.0337475773334841,-0.03460462263134156,0.2307429648077744,4.577195634929132,BALANCE,1,-7.305057794517448e-06
1.03,-0.03525506872026037,-0.010821714558878766,-0.03681553890925539,-0.0353784433286114,-0.38691034863492024,6.907952791684593,BALANCE,1,-7.3025769595130836e-06
1.032,-0.03527063970472624,-0.004749556147098495,-0.035281558121369745,-0.03534453350607682,0.016954911267290373,1.9132213536411236,BALANCE,1,-7.319124822367894e-06
1.034,-0.03528542804063066,-0.010039051602443769,-0.03834951969714103,-0.03639627867294929,-0.525872583436237,5.139109115509667,BALANCE,1,-7.3169211186546226e-06
1.036,-0.035296173986983,-0.0007070922950125087,-0.039883500485026674,-0.03761680630717638,-0.6102638171135433,0.7261051921345096,BALANCE,1,-7.332081331825428e-06
1.038,-0.035296173986983,0.0,-0.035281558121369745,-0.03679946944214406,0.4086684325161592,-0.02977969659900115,BALANCE,1,-7.332134662973553e-06
1.04,-0.035296173986983,0.0,-0.03681553890925539,-0.036805093755633025,-0.0028121567444833184,8.16335861845213,BALANCE,1,-7.332134662973553e-06
1.042,-0.035296173986983,0.0,-0.0337475773334841,-0.0357349630078809,0.5350653738760632,4.863815426806524,BALANCE,1,-7.332134662973553e-06
1.044,-0.035296173986983,0.0,-0.032213596545598466,-0.03450248474608205,0.6162391308994243,9.223896524034448,BALANCE,1,-7.332134662973553e-06
1.046,-0.035296173986983,0.0,-0.035281558121369745,-0.03477516042743274,-0.13633784067534557,9.94033477898005,BALANCE,1,-7.332134662973553e-06
1.048,-0.035296173986983,0.0,-0.03681553890925539,-0.03548929289607067,-0.35706623431896317,3.8964034334153634,BALANCE,1,-7.332134662973553e-06
1.05,-0.035296173986983,0.0,-0.0337475773334841,-0.03487969244916537,0.3048002234526496,2.080630477568932,BALANCE,1,-7.332134662973553e-06
1.052,-0.035296173986983,0.0,-0.0337475773334841,-0.034483452158676924,0.19812014524422245,7.40516222806632,BALANCE,1,-7.332134662973553e-06
1.054,-0.035296173986983,0.0,-0.03681553890925539,-0.03529968252137938,-0.4081151813512297,6.5685993293964735,BALANCE,1,-7.332134662973553e-06
1.056,-0.035296173986983,0.0,-0.0337475773334841,-0.034756445705616035,0.27161840788167413,1.6626829583664327,BALANCE,1,-7.332134662973553e-06
1.058,-0.035296173986983,0.0,-0.03681553890925539,-0.03547712832688981,-0.36034131063688785,7.1261945920343415,BALANCE,1,-7.332134662973553e-06
1.06,-0.035296173986983,0.0,-0.035281558121369745,-0.03540867875495779,0.03422478596601039,2.020180460944041,BALANCE,1,-7.332134662973553e-06
1.062,-0.035296173986983,0.0,-0.035281558121369745,-0.035364186533201974,0.02224611087790762,5.173734472332157,BALANCE,1,-7.332134662973553e-06
1.064,-0.035296173986983,0.0,-0.0337475773334841,-0.03479837331330072,0.2829066099506276,5.073501767626043,BALANCE,1,-7.332134662973553e-06
1.066,-0.035296173986983,0.0,-0.03681553890925539,-0.035504381271884856,-0.3530039792920686,7.185774878739219,BALANCE,1,-7.332134662973553e-06
1.068,-0.035296173986983,0.0,-0.0337475773334841,-0.034889499893444594,0.30744068922013146,2.049028811028223,BALANCE,1,-7.332134662973553e-06
1.07,-0.035296173986983,0.0,-0.035281558121369745,-0.0350267202732184,-0.06861018988690154,7.362501141853551,BALANCE,1,-7.332134662973553e-06
1.072,-0.035296173986983,0.0,-0.035281558121369745,-0.035115913520071367,-0.04459662342648496,4.338855542156216,BALANCE,1,-7.332134662973553e-06
1.074,-0.035296173986983,0.0,-0.03834951969714103,-0.036247675682045746,-0.5658810809871899,4.518589296324356,BALANCE,1,-7.332134662973553e-06
1.076,-0.035296173986983,0.0,-0.035281558121369745,-0.03590953453580915,0.16907057311829968,0.2731583709838432,BALANCE,1,-7.332134662973553e-06
1.078,-0.035296173986983,0.0,-0.0337475773334841,-0.03515284951499538,0.37834251040688366,6.165878165694794,BALANCE,1,-7.332134662973553e-06
1.08,-0.035296173986983,0.0,-0.0337475773334841,-0.03466100425146643,0.24592263176447318,7.878424195349292,BALANCE,1,-7.332134662973553e-06
1.082,-0.035296173986983,0.0,-0.0337475773334841,-0.034341304830172614,0.15984971064690948,6.841643681171452,BALANCE,1,-7.332134662973553e-06
1.084,-0.035296173986983,0.0,-0.035281558121369745,-0.03467039348209161,-0.16454432595949808,6.165374016542536,BALANCE,1,-7.332134662973553e-06
1.086,-0.035296173986983,0.0,-0.035281558121369745,-0.034884301105838955,-0.10695381187367237,3.5435423258797165,BALANCE,1,-7.332134662973553e-06
1.088,-0.035296173986983,0.0,-0.035281558121369745,-0.035023341061274735,-0.06951997771788981,3.984455120920314,BALANCE,1,-7.332134662973553e-06
1.09,-0.035296173986983,0.0,-0.035281558121369745,-0.035113717032307985,-0.045187985516625256,4.268578728628174,BALANCE,1,-7.332134662973553e-06
1.092,-0.035296173986983,0.0,-0.035281558121369745,-0.0351724614134796,-0.029372190585807284,4.450789364569834,BALANCE,1,-7.332134662973553e-06
1.094,-0.035296173986983,0.0,-0.035281558121369745,-0.03521064526124115,-0.019091923880776296,4.5667565688633855,BALANCE,1,-7.332134662973553e-06
1.096,-0.035296173986983,0.0,-0.0337475773334841,-0.034698571486526185,0.25603688735748376,4.639665542585693,BALANCE,1,-7.332134662973553e-06
1.098,-0.035296173986983,0.0,-0.035281558121369745,-0.034902616808721434,-0.10202266109762478,6.8644807446773655,BALANCE,1,-7.332134662973553e-06
1.1,-0.035296173986983,0.0,-0.035281558121369745,-0.03503524626814834,-0.0663147297134542,3.9807811143430385,BALANCE,1,-7.332134662973553e-06
1.102,-0.035296173986983,0.0,-0.0337475773334841,-0.03458456214101586,0.22534206356624245,4.251479748597159,BALANCE,1,-7.332134662973553e-06
1.104,-0.035296173986983,0.0,-0.035281558121369745,-0.03482851073413972,-0.12197429656193165,6.604858230034478,BALANCE,1,-7.332134662973553e-06
1.106,-0.035296173986983,0.0,-0.03681553890925539,-0.03552397059543021,-0.3477299306452429,3.804724731274825,BALANCE,1,-7.332134662973553e-06
1.108,-0.035296173986983,0.0,-0.0337475773334841,-0.03490223295374907,0.310868820840568,1.9498472728118186,BALANCE,1,-7.332134662973553e-06
1.11,-0.035296173986983,0.0,-0.03681553890925539,-0.03557189003817628,-0.33482854221360614,7.248961096608424,BALANCE,1,-7.332134662973553e-06
1.112,-0.035296173986983,0.0,-0.03681553890925539,-0.03600716714305397,-0.21763855243884384,2.0360883891017645,BALANCE,1,-7.332134662973553e-06
1.114,-0.035296173986983,0.0,-0.03681553890925539,-0.036290097261224466,-0.14146505908524745,2.9402902475785897,BALANCE,1,-7.332134662973553e-06
1.116,-0.035296173986983,0.0,-0.03681553890925539,-0.036474001838035286,-0.09195228840540998,3.5254443678648872,BALANCE,1,-7.332134662973553e-06
1.118,-0.035296173986983,0.0,-0.035281558121369745,-0.03605664653720235,0.20867765041646807,3.9032174583273305,BALANCE,1,-7.332134662973553e-06
1.12,-0.035296173986983,0.0,-0.0337475773334841,-0.03524847231590096,0.40408711065069436,6.32608695764489,BALANCE,1,-7.332134662973553e-06
1.122,-0.035296173986983,0.0,-0.03681553890925539,-0.03579694562357501,-0.27423665383702334,7.930803398333603,BALANCE,1,-7.332134662973553e-06
1.124,-0.035296173986983,0.0,-0.035281558121369745,-0.035616559997803166,0.09019281288592113,2.4641454948467034,BALANCE,1,-7.332134662973553e-06
1.1260000000000001,-0.035296173986983,0.0,-0.035281558121369745,-0.03549930934105147,0.058625328375847,5.383281054177008,BALANCE,1,-7.332134662973553e-06
1.1280000000000001,-0.035296173986983,0.0,-0.032213596545598466,-0.03434930986264292,0.5749997392042773,5.130676355633307,BALANCE,1,-7.332134662973553e-06
1.1300000000000001,-0.035296173986983,0.0,-0.035281558121369745,-0.034675596753197306,-0.1631434452771946,9.323801748992732,BALANCE,1,-7.332134662973553e-06
1.1320000000000001,-0.035296173986983,0.0,-0.03681553890925539,-0.035424576507817634,-0.37448987731016414,3.392143940357055,BALANCE,1,-7.332134662973553e-06
1.1340000000000001,-0.035296173986983,0.0,-0.03681553890925539,-0.03591141334832085,-0.24341842025160654,1.6493487835145144,BALANCE,1,-7.332134662973553e-06
1.1360000000000001,-0.035296173986983,0.0,-0.03834951969714103,-0.036764750570407914,-0.4266686110435333,2.661527946883119,BALANCE,1,-7.332134662973553e-06
1.1380000000000001,-0.035296173986983,0.0,-0.03681553890925539,-0.03678252648900453,-0.008887959298306547,1.1369732371083998,BALANCE,1,-7.332134662973553e-06
1.1400000000000001,-0.035296173986983,0.0,-0.0337475773334841,-0.03572029428457238,0.531116102216074,4.470795390656615,BALANCE,1,-7.332134662973553e-06
1.1420000000000001,-0.035296173986983,0.0,-0.0337475773334841,-0.03502984335169148,0.3452254664404498,8.847417756180674,BALANCE,1,-7.332134662973553e-06
1.1440000000000001,-0.035296173986983,0.0,-0.0337475773334841,-0.0345810502453189,0.22439655318629015,7.394713757278197,BALANCE,1,-7.332134662973553e-06
1.1460000000000001,-0.035296173986983,0.0,-0.035281558121369745,-0.034826228001936695,-0.1225888783088977,6.44809382757821,BALANCE,1,-7.332134662973553e-06
1.1480000000000001,-0.035296173986983,0.0,-0.0337475773334841,-0.034448700267978284,0.18876386697920522,3.650534464619252,BALANCE,1,-7.332134662973553e-06
1.1500000000000001,-0.035296173986983,0.0,-0.03681553890925539,-0.035277093792425274,-0.4141967622234947,6.157118350907984,BALANCE,1,-7.332134662973553e-06
1.1520000000000001,-0.035296173986983,0.0,-0.03681553890925539,-0.035815549583315814,-0.26922789544527037,1.2766742870610805,BALANCE,1,-7.332134662973553e-06
1.154,-0.035296173986983,0.0,-0.035281558121369745,-0.03562865257163469,0.09344850584056333,2.3969547639167796,BALANCE,1,-7.332134662973553e-06
1.156,-0.035296173986983,0.0,-0.035281558121369745,-0.03550716951404196,0.06074152879636391,5.302454064389991,BALANCE,1,-7.332134662973553e-06
1.158,-0.035296173986983,0.0,-0.0337475773334841,-0.03489131225084671,0.30792863159762385,5.040985797589151,BALANCE,1,-7.332134662973553e-06
1.16,-0.035296173986983,0.0,-0.035281558121369745,-0.03502789830552978,-0.06829302734153234,7.048455793340777,BALANCE,1,-7.332134662973553e-06
1.162,-0.035296173986983,0.0,-0.03681553890925539,-0.035653572516833744,-0.3128371056519835,4.023481778885437,BALANCE,1,-7.332134662973553e-06
1.164,-0.035296173986983,0.0,-0.03681553890925539,-0.03606026075418132,-0.2033441186737872,2.022457985220223,BALANCE,1,-7.332134662973553e-06
1.166,-0.035296173986983,0.0,-0.035281558121369745,-0.03578771483269727,0.1362729607420239,2.8667885346541033,BALANCE,1,-7.332134662973553e-06
1.168,-0.035296173986983,0.0,-0.035281558121369745,-0.03561055998373264,0.08857742448231676,5.592920382303095,BALANCE,1,-7.332134662973553e-06
1.17,-0.035296173986983,0.0,-0.035281558121369745,-0.03549540933190563,0.0575753259135052,5.21486327116657,BALANCE,1,-7.332134662973553e-06
1.172,-0.035296173986983,0.0,-0.035281558121369745,-0.03542056140821807,0.03742396184377994,4.966656439859317,BALANCE,1,-7.332134662973553e-06
1.174,-0.035296173986983,0.0,-0.0337475773334841,-0.03483501698206118,0.2927722130784439,4.802852290441125,BALANCE,1,-7.332134662973553e-06
1.176,-0.035296173986983,0.0,-0.03681553890925539,-0.03552819965657915,-0.3465913372589849,6.873803962491438,BALANCE,1,-7.332134662973553e-06
1.178,-0.035296173986983,0.0,-0.03681553890925539,-0.035978768395015834,-0.2252843692183426,1.710198959389614,BALANCE,1,-7.332134662973553e-06
1.18,-0.035296173986983,0.0,-0.03681553890925539,-0.036271638074999675,-0.1464348399919206,2.646424825729549,BALANCE,1,-7.332134662973553e-06
1.182,-0.035296173986983,0.0,-0.03681553890925539,-0.036462003366989175,-0.09518264599474996,3.252394551126894,BALANCE,1,-7.332134662973553e-06
1.184,-0.035296173986983,0.0,-0.035281558121369745,-0.036048847531022374,0.20657791798340056,3.6436977849114918,BALANCE,1,-7.332134662973553e-06
1.186,-0.035296173986983,0.0,-0.03681553890925539,-0.03631718951340393,-0.1341709911907782,6.0753618773885,BALANCE,1,-7.332134662973553e-06
1.188,-0.035296173986983,0.0,-0.03834951969714103,-0.037028505077711917,-0.35565778215399313,3.3260066471494953,BALANCE,1,-7.332134662973553e-06
1.19,-0.035296173986983,0.0,-0.03681553890925539,-0.036953966918752135,0.037269079479890915,1.5040276845697544,BALANCE,1,-7.332134662973553e-06
1.192,-0.035296173986983,0.0,-0.0337475773334841,-0.03583173056390832,0.5611181774219064,4.644524073794663,BALANCE,1,-7.332134662973553e-06
1.194,-0.035296173986983,0.0,-0.0337475773334841,-0.035102276933259846,0.3647268153242379,8.895484692508635,BALANCE,1,-7.332134662973553e-06
1.196,-0.035296173986983,0.0,-0.035281558121369745,-0.03516502534909831,-0.03137420791923112,7.361100558179542,BALANCE,1,-7.332134662973553e-06
1.198,-0.035296173986983,0.0,-0.035281558121369745,-0.035205811819393314,-0.02039323514750266,4.181494462211662,BALANCE,1,-7.332134662973553e-06
1.2,-0.035296173986983,0.0,-0.03681553890925539,-0.03576921630084504,-0.2817022407258646,4.2598538938039106,BALANCE,1,-7.332134662973553e-06
1.202,-0.035296173986983,0.0,-0.03681553890925539,-0.036135429213788664,-0.1831064564718106,2.1284237370297427,BALANCE,1,-7.332134662973553e-06
1.204,-0.035296173986983,0.0,-0.035281558121369745,-0.03583657433144204,0.14942744117331028,2.8879901504428,BALANCE,1,-7.332134662973553e-06
1.206,-0.035296173986983,0.0,-0.035281558121369745,-0.03564231865791674,0.09712783676265116,5.559025309678276,BALANCE,1,-7.332134662973553e-06
1.208,-0.035296173986983,0.0,-0.035281558121369745,-0.03551605247012529,0.06313309389572447,5.145155351072939,BALANCE,1,-7.332134662973553e-06
1.21,-0.035296173986983,0.0,-0.032213596545598466,-0.0343601928965409,0.5779297867921952,4.873670168910987,BALANCE,1,-7.332134662973553e-06
1.212,-0.035296173986983,0.0,-0.032213596545598466,-0.03360888417371105,0.3756543614149253,9.054523247918507,BALANCE,1,-7.332134662973553e-06
1.214,-0.035296173986983,0.0,-0.035281558121369745,-0.034194320055391594,-0.29271794084027164,7.474676591435397,BALANCE,1,-7.332134662973553e-06
1.216,-0.035296173986983,0.0,-0.035281558121369745,-0.03457485337848395,-0.1902666615461769,2.0857331564819104,BALANCE,1,-7.332134662973553e-06
1.218,-0.035296173986983,0.0,-0.035281558121369745,-0.034822200038493976,-0.12367333000501413,2.87559642077343,BALANCE,1,-7.332134662973553e-06
1.22,-0.035296173986983,0.0,-0.030679615757712823,-0.03337229554022057,0.7249522491367018,3.3865378334944323,BALANCE,1,-7.332134662973553e-06
1.222,-0.035296173986983,0.0,-0.0337475773334841,-0.033503644167862806,-0.0656743138211166,10.255862277416519,BALANCE,1,-7.332134662973553e-06
1.224,-0.035296173986983,0.0,-0.032213596545598466,-0.033052127500070284,0.22575833389626085,3.9162681272618656,BALANCE,1,-7.332134662973553e-06
1.226,-0.035296173986983,0.0,-0.035281558121369745,-0.03383242821752509,-0.3901503587274042,6.268209883568422,BALANCE,1,-7.332134662973553e-06
1.228,-0.035296173986983,0.0,-0.039883500485026674,-0.035950303511150646,-1.0589376468127762,1.2873558138883077,BALANCE,1,-7.332134662973553e-06
1.23,-0.035296173986983,0.0,-0.0337475773334841,-0.035179349348967354,0.3854770810916459,-4.197205069114433,BALANCE,1,-7.332134662973553e-06
1.232,-0.035296173986983,0.0,-0.03681553890925539,-0.03575201569506817,-0.28633317305040706,7.397334133982148,BALANCE,1,-7.332134662973553e-06
1.234,-0.035296173986983,0.0,-0.035281558121369745,-0.03558735554427372,0.08233007539722517,1.981341716940661,BALANCE,1,-7.332134662973553e-06
1.236,-0.035296173986983,0.0,-0.0337475773334841,-0.034943433170497355,0.3219611868881811,4.933409842460532,BALANCE,1,-7.332134662973553e-06
1.238,-0.035296173986983,0.0,-0.0337475773334841,-0.03452488362754272,0.2092747714773184,6.882105390180662,BALANCE,1,-7.332134662973553e-06
1.24,-0.035296173986983,0.0,-0.035281558121369745,-0.03478971970038218,-0.13241803641973054,5.998822062745531,BALANCE,1,-7.332134662973553e-06
1.242,-0.035296173986983,0.0,-0.03681553890925539,-0.0354987564234878,-0.3545183615528101,3.2424314912586945,BALANCE,1,-7.332134662973553e-06
1.244,-0.035296173986983,0.0,-0.03681553890925539,-0.035959630293506455,-0.23043693500932744,1.4159869355230228,BALANCE,1,-7.332134662973553e-06
1.246,-0.035296173986983,0.0,-0.0337475773334841,-0.03518541175749863,0.38710926800391077,2.3737939896110642,BALANCE,1,-7.332134662973553e-06
1.248,-0.035296173986983,0.0,-0.035281558121369745,-0.03521906298485352,-0.016825613677443757,7.35357964352594,BALANCE,1,-7.332134662973553e-06
1.25,-0.035296173986983,0.0,-0.035281558121369745,-0.0352409362826342,-0.01093664889034035,4.11303770383684,BALANCE,1,-7.332134662973553e-06
1.252,-0.035296173986983,0.0,-0.03681553890925539,-0.035792047201951616,-0.27555545965870715,4.151788837010299,BALANCE,1,-7.332134662973553e-06
1.254,-0.035296173986983,0.0,-0.035281558121369745,-0.035613376023747964,0.08933558910182576,1.9946132862639292,BALANCE,1,-7.332134662973553e-06
1.256,-0.035296173986983,0.0,-0.03681553890925539,-0.036034133033675565,-0.2103785049638006,4.917339271835662,BALANCE,1,-7.332134662973553e-06
1.258,-0.035296173986983,0.0,-0.0337475773334841,-0.03523383853860855,0.40014724753350756,2.487174272108259,BALANCE,1,-7.332134662973553e-06
1.26,-0.035296173986983,0.0,-0.035281558121369745,-0.03525054039257497,-0.008350926983209661,7.412351194083024,BALANCE,1,-7.332134662973553e-06
1.262,-0.035296173986983,0.0,-0.035281558121369745,-0.03526139659765314,-0.005428102539086627,4.136313578632786,BALANCE,1,-7.332134662973553e-06
1.264,-0.035296173986983,0.0,-0.035281558121369745,-0.035268453130953954,-0.003528266650405787,4.1519925225615495,BALANCE,1,-7.332134662973553e-06
1.266,-0.035296173986983,0.0,-0.0337475773334841,-0.034736146601839504,0.26615326455722493,4.159714127046756,BALANCE,1,-7.332134662973553e-06
1.268,-0.035296173986983,0.0,-0.035281558121369745,-0.03492704063367509,-0.09544701591779337,6.342157539134301,BALANCE,1,-7.332134662973553e-06
1.27,-0.035296173986983,0.0,-0.0337475773334841,-0.034514228478608244,0.20640607753342338,3.430916245297285,BALANCE,1,-7.332134662973553e-06
1.272,-0.035296173986983,0.0,-0.035281558121369745,-0.03478279385357477,-0.13428268748326422,5.863606876515307,BALANCE,1,-7.332134662973553e-06
1.274,-0.035296173986983,0.0,-0.03681553890925539,-0.035494254623062986,-0.3557303847441066,3.1150262751130997,BALANCE,1,-7.332134662973553e-06
1.276,-0.035296173986983,0.0,-0.035281558121369745,-0.035419810847470354,0.037221887796316105,1.2936581999324552,BALANCE,1,-7.332134662973553e-06
1.278,-0.035296173986983,0.0,-0.035281558121369745,-0.03537142239333514,0.02419422706760599,4.434659044621901,BALANCE,1,-7.332134662973553e-06
1.28,-0.035296173986983,0.0,-0.03681553890925539,-0.03587686317390723,-0.2527203902860445,4.3262667815616656,BALANCE,1,-7.332134662973553e-06
1.282,-0.035296173986983,0.0,-0.0337475773334841,-0.03513161312975913,0.37262502207404885,2.0734480232633548,BALANCE,1,-7.332134662973553e-06
1.284,-0.035296173986983,0.0,-0.035281558121369745,-0.03518409387682285,-0.026240373531858513,7.1139000021670356,BALANCE,1,-7.332134662973553e-06
1.286,-0.035296173986983,0.0,-0.0337475773334841,-0.034681313086654286,0.2513903950842819,3.9127911737205894,BALANCE,1,-7.332134662973553e-06
1.288,-0.035296173986983,0.0,-0.035281558121369745,-0.0348913988488047,-0.10504288107520549,6.157067907442496,BALANCE,1,-7.332134662973553e-06
1.29,-0.035296173986983,0.0,-0.03681553890925539,-0.03556484786996244,-0.3367245105788709,3.286018272667811,BALANCE,1,-7.332134662973553e-06
1.292,-0.035296173986983,0.0,-0.032213596545598466,-0.03439190990643505,0.5864689817636943,1.38504532579503,BALANCE,1,-7.332134662973553e-06
1.294,-0.035296173986983,0.0,-0.035281558121369745,-0.03470328678166219,-0.15568843761357143,8.834091160365908,BALANCE,1,-7.332134662973553e-06
1.296,-0.035296173986983,0.0,-0.03681553890925539,-0.03544257502631981,-0.3696441223288091,2.871208535477821,BALANCE,1,-7.332134662973553e-06
1.298,-0.035296173986983,0.0,-0.035281558121369745,-0.03538621910958729,0.028177958366262107,1.1081172480712,BALANCE,1,-7.332134662973553e-06
1.3,-0.035296173986983,0.0,-0.03681553890925539,-0.035886481039471126,-0.2501309649419192,4.286998004813802,BALANCE,1,-7.332134662973553e-06
1.302,-0.035296173986983,0.0,-0.035281558121369745,-0.03567475801813564,0.10586151066774296,2.0233336063474274,BALANCE,1,-7.332134662973553e-06
1.304,-0.035296173986983,0.0,-0.03681553890925539,-0.03607403133002755,-0.19963665594595684,4.8768418409012275,BALANCE,1,-7.332134662973553e-06
1.306,-0.035296173986983,0.0,-0.03681553890925539,-0.036333558982757294,-0.12976382636487038,2.4016853030121084,BALANCE,1,-7.332134662973553e-06
1.308,-0.035296173986983,0.0,-0.0337475773334841,-0.03542846540551168,0.4525467886228075,2.937829568700464,BALANCE,1,-7.332134662973553e-06
1.31,-0.035296173986983,0.0,-0.035281558121369745,-0.035377047856062,0.025708774724839123,7.643534410155521,BALANCE,1,-7.332134662973553e-06
1.312,-0.035296173986983,0.0,-0.03681553890925539,-0.035880519724679684,-0.25173593430884156,4.224839942367542,BALANCE,1,-7.332134662973553e-06
1.314,-0.035296173986983,0.0,-0.03681553890925539,-0.03620777643928118,-0.163628357300747,1.9678978540361003,BALANCE,1,-7.332134662973553e-06
1.316,-0.035296173986983,0.0,-0.03681553890925539,-0.03642049330377215,-0.10635843224548677,2.645881511936911,BALANCE,1,-7.332134662973553e-06
1.318,-0.035296173986983,0.0,-0.035281558121369745,-0.03602186598993131,0.1993136569204204,3.0839938018487807,BALANCE,1,-7.332134662973553e-06
1.32,-0.035296173986983,0.0,-0.035281558121369745,-0.03576275823593476,0.12955387699827361,5.546083780808502,BALANCE,1,-7.332134662973553e-06
1.322,-0.035296173986983,0.0,-0.032213596545598466,-0.03452055164431706,0.6211032958088509,4.9963994550239335,BALANCE,1,-7.332134662973553e-06
1.324,-0.035296173986983,0.0,-0.0337475773334841,-0.034250010635525525,0.13527050439576804,8.996423090676751,BALANCE,1,-7.332134662973553e-06
1.326,-0.035296173986983,0.0,-0.035281558121369745,-0.034611052255571005,-0.18052081002273984,5.119143217772475,BALANCE,1,-7.332134662973553e-06
1.328,-0.035296173986983,0.0,-0.035281558121369745,-0.03484572930860056,-0.11733852651477777,2.5642279947705684,BALANCE,1,-7.332134662973553e-06
1.33,-0.035296173986983,0.0,-0.03681553890925539,-0.03553516266882975,-0.34471668011459494,3.0486364937907715,BALANCE,1,-7.332134662973553e-06
1.332,-0.035296173986983,0.0,-0.035281558121369745,-0.03544640107721875,0.04438079580550147,1.1811382308447165,BALANCE,1,-7.332134662973553e-06
1.334,-0.035296173986983,0.0,-0.03681553890925539,-0.03592559931843157,-0.23959912060641034,4.292154453486704,BALANCE,1,-7.332134662973553e-06
1.336,-0.035296173986983,0.0,-0.035281558121369745,-0.03570018489945993,0.11270720948581767,1.9843781078549547,BALANCE,1,-7.332134662973553e-06
1.338,-0.035296173986983,0.0,-0.035281558121369745,-0.03555366552712837,0.07325968616578304,4.809213576751184,BALANCE,1,-7.332134662973553e-06
1.34,-0.035296173986983,0.0,-0.035281558121369745,-0.03545842793511285,0.04761879600775898,4.495313819425377,BALANCE,1,-7.332134662973553e-06
1.342,-0.035296173986983,0.0,-0.032213596545598466,-0.034322736948782816,0.5678454931650166,4.288809268095092,BALANCE,1,-7.332134662973553e-06
1.344,-0.035296173986983,0.0,-0.03681553890925539,-0.03519521763494821,-0.4362403430826986,8.5118997571432,BALANCE,1,-7.332134662973553e-06
1.346,-0.035296173986983,0.0,-0.03681553890925539,-0.03576233008095572,-0.2835562230037551,0.4198251824645638,BALANCE,1,-7.332134662973553e-06
1.348,-0.035296173986983,0.0,-0.032213596545598466,-0.03452027334358068,0.6210283686875206,1.6001189303194705,BALANCE,1,-7.332134662973553e-06
1.35,-0.035296173986983,0.0,-0.03681553890925539,-0.03532361629156683,-0.40167147399307324,8.904415013423462,BALANCE,1,-7.332134662973553e-06
1.352,-0.035296173986983,0.0,-0.035281558121369745,-0.03530889593199785,0.007360179784490772,0.6675509718412291,BALANCE,1,-7.332134662973553e-06
1.354,-0.035296173986983,0.0,-0.035281558121369745,-0.03529932769827801,0.004784116859918308,3.9336256444494806,BALANCE,1,-7.332134662973553e-06
1.356,-0.035296173986983,0.0,-0.03681553890925539,-0.03583000162212009,-0.2653369619210408,3.9065313695364363,BALANCE,1,-7.332134662973553e-06
1.358,-0.035296173986983,0.0,-0.039883500485026674,-0.0372487262241374,-0.7093623010086536,1.706556303533814,BALANCE,1,-7.332134662973553e-06
1.36,-0.035296173986983,0.0,-0.035281558121369745,-0.03656021738816872,0.34425441798434026,-1.938219630532954,BALANCE,1,-7.332134662973553e-06
1.362,-0.035296173986983,0.0,-0.035281558121369745,-0.03611268664478908,0.22376537168981858,6.524712608091484,BALANCE,1,-7.332134662973553e-06
1.364,-0.035296173986983,0.0,-0.03681553890925539,-0.03635868493735229,-0.12299914628160352,5.580429545009132,BALANCE,1,-7.332134662973553e-06
1.366,-0.035296173986983,0.0,-0.035281558121369745,-0.0359816905517584,0.18849719279694435,2.784281766696491,BALANCE,1,-7.332134662973553e-06
1.368,-0.035296173986983,0.0,-0.035281558121369745,-0.035736644201122374,0.12252317531801296,5.291675804350156,BALANCE,1,-7.332134662973553e-06
1.37,-0.035296173986983,0.0,-0.035281558121369745,-0.03557736407320895,0.07964006395671033,4.771439116716642,BALANCE,1,-7.332134662973553e-06
1.372,-0.035296173986983,0.0,-0.035281558121369745,-0.03547383199006523,0.05176604157186224,4.430815560686385,BALANCE,1,-7.332134662973553e-06
1.374,-0.035296173986983,0.0,-0.035281558121369745,-0.03540653613602181,0.03364792702171063,4.206940540198211,BALANCE,1,-7.332134662973553e-06
1.3760000000000001,-0.035296173986983,0.0,-0.03681553890925539,-0.03589968710665356,-0.24657548531587664,4.058952067812398,BALANCE,1,-7.332134662973553e-06
1.3780000000000001,-0.035296173986983,0.0,-0.035281558121369745,-0.03568334196180423,0.10817257242466682,1.7803957734524642,BALANCE,1,-7.332134662973553e-06
1.3800000000000001,-0.035296173986983,0.0,-0.035281558121369745,-0.03554271761765216,0.07031217207603344,4.624224275675411,BALANCE,1,-7.332134662973553e-06
1.3820000000000001,-0.035296173986983,0.0,-0.03681553890925539,-0.03598820506971329,-0.22274372603056647,4.322669990011937,BALANCE,1,-7.332134662973553e-06
1.3840000000000001,-0.035296173986983,0.0,-0.03681553890925539,-0.036277771913553025,-0.14478342191986612,1.944295917021528,BALANCE,1,-7.332134662973553e-06
1.3860000000000001,-0.035296173986983,0.0,-0.035281558121369745,-0.03592909708628888,0.17433741363207314,2.543348784894036,BALANCE,1,-7.332134662973553e-06
1.3880000000000001,-0.035296173986983,0.0,-0.03681553890925539,-0.03623935172432716,-0.15512731901913893,5.110050139528142,BALANCE,1,-7.332134662973553e-06
1.3900000000000001,-0.035296173986983,0.0,-0.032213596545598466,-0.03483033741177211,0.7045071562775223,2.448469129691283,BALANCE,1,-7.332134662973553e-06
1.3920000000000001,-0.035296173986983,0.0,-0.0337475773334841,-0.03445137138437131,0.18948301370040263,9.403119723335521,BALANCE,1,-7.332134662973553e-06
1.3940000000000001,-0.035296173986983,0.0,-0.03681553890925539,-0.035278830018080735,-0.41372931685471415,5.298774270085738,BALANCE,1,-7.332134662973553e-06
1.3960000000000001,-0.035296173986983,0.0,-0.03681553890925539,-0.03581667812999186,-0.26892405595556335,0.41637234161862136,BALANCE,1,-7.332134662973553e-06
1.3980000000000001,-0.035296173986983,0.0,-0.035281558121369745,-0.035629386126974125,0.09364600150886873,1.535380206471162,BALANCE,1,-7.332134662973553e-06
1.4000000000000001,-0.035296173986983,0.0,-0.03681553890925539,-0.036044539600772564,-0.2075767368992197,4.440052309142288,BALANCE,1,-7.332134662973553e-06
1.4020000000000001,-0.035296173986983,0.0,-0.03681553890925539,-0.03631438935874155,-0.13492487898449437,1.9981522855295202,BALANCE,1,-7.332134662973553e-06
1.4040000000000001,-0.035296173986983,0.0,-0.035281558121369745,-0.03595289842566142,0.1807454665400665,2.555913285497435,BALANCE,1,-7.332134662973553e-06
1.4060000000000001,-0.035296173986983,0.0,-0.0337475773334841,-0.03518103604339936,0.3859311911310302,5.095774925993597,BALANCE,1,-7.332134662973553e-06
1.408,-0.035296173986983,0.0,-0.035281558121369745,-0.03521621877068899,-0.017591363644816477,6.776536258448351,BALANCE,1,-7.332134662973553e-06
1.41,-0.035296173986983,0.0,-0.035281558121369745,-0.03523908754342726,-0.011434386369132271,3.5392016128500607,BALANCE,1,-7.332134662973553e-06
1.412,-0.035296173986983,0.0,-0.035281558121369745,-0.035253952245707126,-0.007432351139934762,3.5800374871825538,BALANCE,1,-7.332134662973553e-06
1.414,-0.035296173986983,0.0,-0.03681553890925539,-0.03580050757794902,-0.27327766612094545,3.6041110964301994,BALANCE,1,-7.332134662973553e-06
1.416,-0.035296173986983,0.0,-0.035281558121369745,-0.03561887526814627,0.09081615490137349,1.4373951551320117,BALANCE,1,-7.332134662973553e-06
1.418,-0.035296173986983,0.0,-0.03681553890925539,-0.036037707542534464,-0.20941613719409682,4.353919886845098,BALANCE,1,-7.332134662973553e-06
1.42,-0.035296173986983,0.0,-0.035281558121369745,-0.03577305524512681,0.1323261487038256,1.9197240721095374,BALANCE,1,-7.332134662973553e-06
1.422,-0.035296173986983,0.0,-0.035281558121369745,-0.03560103125181184,0.08601199665748613,4.662386886088351,BALANCE,1,-7.332134662973553e-06
1.424,-0.035296173986983,0.0,-0.03681553890925539,-0.03602610893191708,-0.21253884005261944,4.29507490306617,BALANCE,1,-7.332134662973553e-06
1.426,-0.035296173986983,0.0,-0.0337475773334841,-0.03522862287246554,0.39874302972577047,1.8739583267926276,BALANCE,1,-7.332134662973553e-06
1.428,-0.035296173986983,0.0,-0.0337475773334841,-0.034710256933822035,0.2591829693217515,6.805016724012346,BALANCE,1,-7.332134662973553e-06
1.43,-0.035296173986983,0.0,-0.03681553890925539,-0.035447105625223706,-0.36842434570083515,5.71269614571204,BALANCE,1,-7.332134662973553e-06
1.432,-0.035296173986983,0.0,-0.0337475773334841,-0.034852270723114843,0.2974174510544311,0.6405372829222014,BALANCE,1,-7.332134662973553e-06
1.434,-0.035296173986983,0.0,-0.0337475773334841,-0.034465628036744085,0.1933213431853792,5.99599129694624,BALANCE,1,-7.332134662973553e-06
1.436,-0.035296173986983,0.0,-0.03681553890925539,-0.03528809684212304,-0.41123440268947886,5.179527869568721,BALANCE,1,-7.332134662973553e-06
1.438,-0.035296173986983,0.0,-0.0337475773334841,-0.034748915014099414,0.26959091401181423,0.2866761548786956,BALANCE,1,-7.332134662973553e-06
1.44,-0.035296173986983,0.0,-0.035281558121369745,-0.03493534010164403,-0.0932125437723072,5.758679815167637,BALANCE,1,-7.332134662973553e-06
1.442,-0.035296173986983,0.0,-0.032213596545598466,-0.033982729857028084,0.47630512230797256,2.83807957962166,BALANCE,1,-7.332134662973553e-06
1.444,-0.035296173986983,0.0,-0.03681553890925539,-0.03497421302530764,-0.49574158413977915,7.4445809769694495,BALANCE,1,-7.332134662973553e-06
1.446,-0.035296173986983,0.0,-0.0337475773334841,-0.034544890533169406,0.21466124606911788,-0.39827650731439945,BALANCE,1,-7.332134662973553e-06
1.448,-0.035296173986983,0.0,-0.035281558121369745,-0.03480272418903953,-0.12891682793506054,5.303796505778438,BALANCE,1,-7.332134662973553e-06
1.45,-0.035296173986983,0.0,-0.035281558121369745,-0.034970316065355105,-0.08379593815778866,2.532741349554995,BALANCE,1,-7.332134662973553e-06
1.452,-0.035296173986983,0.0,-0.039883500485026674,-0.03668993061224016,-0.8598072734425262,2.8766588919811635,BALANCE,1,-7.332134662973553e-06
1.454,-0.035296173986983,0.0,-0.0337475773334841,-0.03566010696467554,0.5149118237823096,-3.441946649232287,BALANCE,1,-7.332134662973553e-06
1.456,-0.035296173986983,0.0,-0.035281558121369745,-0.03552761486951851,0.06624604757851302,7.61046352602734,BALANCE,1,-7.332134662973553e-06
1.458,-0.035296173986983,0.0,-0.035281558121369745,-0.03544149500766644,0.04305993092603572,4.021981319132486,BALANCE,1,-7.332134662973553e-06
1.46,-0.035296173986983,0.0,-0.035281558121369745,-0.0353855170974626,0.027988955101920787,3.8345712786222585,BALANCE,1,-7.332134662973553e-06
1.462,-0.035296173986983,0.0,-0.03681553890925539,-0.035886024731590076,-0.25025381706373845,3.7102850432220773,BALANCE,1,-7.332134662973553e-06
1.464,-0.035296173986983,0.0,-0.03681553890925539,-0.036211354693772936,-0.16266498109143018,1.4471352029028361,BALANCE,1,-7.332134662973553e-06
1.466,-0.035296173986983,0.0,-0.03681553890925539,-0.036422819169191795,-0.10573223770942927,2.121083822011577,BALANCE,1,-7.332134662973553e-06
1.468,-0.035296173986983,0.0,-0.03681553890925539,-0.03656027107821405,-0.0687259545111285,2.556573336708614,BALANCE,1,-7.332134662973553e-06
1.47,-0.035296173986983,0.0,-0.03681553890925539,-0.03664961481907852,-0.044671870432232835,2.8370644335380426,BALANCE,1,-7.332134662973553e-06
1.472,-0.035296173986983,0.0,-0.0337475773334841,-0.03563390169912047,0.5078565599790225,3.016806558753524,BALANCE,1,-7.332134662973553e-06
1.474,-0.035296173986983,0.0,-0.035281558121369745,-0.03551058144690772,0.06166012610637692,7.490850008901225,BALANCE,1,-7.332134662973553e-06
1.476,-0.035296173986983,0.0,-0.035281558121369745,-0.03543042328296943,0.04007908196914517,3.9215756367634445,BALANCE,1,-7.332134662973553e-06
1.478,-0.035296173986983,0.0,-0.03681553890925539,-0.035915213752169516,-0.24239523460004367,3.746650688845294,BALANCE,1,-7.332134662973553e-06
1.48,-0.035296173986983,0.0,-0.0337475773334841,-0.03515654100562962,0.3793363732699471,1.4505856853893446,BALANCE,1,-7.332134662973553e-06
1.482,-0.035296173986983,0.0,-0.035281558121369745,-0.035200296996138664,-0.021877995254521165,6.462927604940537,BALANCE,1,-7.332134662973553e-06
1.484,-0.035296173986983,0.0,-0.035281558121369745,-0.035228738389969545,-0.01422069691544084,3.2435472379150214,BALANCE,1,-7.332134662973553e-06
1.486,-0.035296173986983,0.0,-0.03681553890925539,-0.03578411857171959,-0.27769009087502333,3.2960533933198173,BALANCE,1,-7.332134662973553e-06
1.488,-0.035296173986983,0.0,-0.0337475773334841,-0.03507132913833717,0.3563947166912093,1.1478186070238108,BALANCE,1,-7.332134662973553e-06
1.49,-0.035296173986983,0.0,-0.03834951969714103,-0.03621869583391853,-0.5736833477906766,6.25625016772895,BALANCE,1,-7.332134662973553e-06
1.492,-0.035296173986983,0.0,-0.03681553890925539,-0.036427590910286425,-0.10444753818394936,-1.260460089027803,BALANCE,1,-7.332134662973553e-06
1.494,-0.035296173986983,0.0,-0.03681553890925539,-0.03656337270992556,-0.06789089981956709,2.4736071650618836,BALANCE,1,-7.332134662973553e-06
1.496,-0.035296173986983,0.0,-0.0337475773334841,-0.03557784432817105,0.49276419087725465,2.750600689456609,BALANCE,1,-7.332134662973553e-06
1.498,-0.035296173986983,0.0,-0.0337475773334841,-0.03493725088003062,0.32029672407021464,7.287857549070819,BALANCE,1,-7.332134662973553e-06
1.5,-0.035296173986983,0.0,-0.03681553890925539,-0.03559465169025929,-0.3287004051143356,5.939565971326918,BALANCE,1,-7.332134662973553e-06
1.502,-0.035296173986983,0.0,-0.0337475773334841,-0.03494817566538798,0.32323801243565664,0.701025958898744,BALANCE,1,-7.332134662973553e-06
1.504,-0.035296173986983,0.0,-0.035281558121369745,-0.0350648595249816,-0.05834192979680894,5.948332225657883,BALANCE,1,-7.332134662973553e-06
1.506,-0.035296173986983,0.0,-0.03681553890925539,-0.03567759730947742,-0.30636889224791225,2.8816786843175457,BALANCE,1,-7.332134662973553e-06
1.508,-0.035296173986983,0.0,-0.035281558121369745,-0.03553898359363974,0.06930685791884175,0.8535631981770733,BALANCE,1,-7.332134662973553e-06
1.51,-0.035296173986983,0.0,-0.035281558121369745,-0.03544888467834524,0.04504945764724835,3.860178225742639,BALANCE,1,-7.332134662973553e-06
1.512,-0.035296173986983,0.0,-0.03681553890925539,-0.03592721365916379,-0.23916449040927573,3.6644351815518936,BALANCE,1,-7.332134662973553e-06
1.514,-0.035296173986983,0.0,-0.03834951969714103,-0.03677502077245583,-0.42390355664601725,1.3548384155187536,BALANCE,1,-7.332134662973553e-06
1.516,-0.035296173986983,0.0,-0.035281558121369745,-0.0362523088445757,0.2613559639400645,-0.18129754532719122,BALANCE,1,-7.332134662973553e-06
1.518,-0.035296173986983,0.0,-0.035281558121369745,-0.03591254609145361,0.16988137656104296,5.324890873265355,BALANCE,1,-7.332134662973553e-06
1.52,-0.035296173986983,0.0,-0.03681553890925539,-0.03622859357768424,-0.15802374311531253,4.6062974302022175,BALANCE,1,-7.332134662973553e-06
1.522,-0.035296173986983,0.0,-0.0337475773334841,-0.03536023789221419,0.43417784273502497,1.9568479049020002,BALANCE,1,-7.332134662973553e-06
1.524,-0.035296173986983,0.0,-0.035281558121369745,-0.035332699972418634,0.013768959897776656,6.73948988525446,BALANCE,1,-7.332134662973553e-06
1.526,-0.035296173986983,0.0,-0.032213596545598466,-0.03424101377303158,0.5458430996935284,3.3708045577497225,BALANCE,1,-7.332134662973553e-06
1.528,-0.035296173986983,0.0,-0.03681553890925539,-0.035142097570709914,-0.4505418988391685,7.686050645324354,BALANCE,1,-7.332134662973553e-06
1.53,-0.035296173986983,0.0,-0.035281558121369745,-0.03519090876344085,-0.024405596365469073,-0.34612279031206405,BALANCE,1,-7.332134662973553e-06
1.532,-0.035296173986983,0.0,-0.035281558121369745,-0.03522263603871596,-0.015863637637555245,3.0530007761609874,BALANCE,1,-7.332134662973553e-06
1.534,-0.035296173986983,0.0,-0.035281558121369745,-0.03524325876764479,-0.01031136446441247,3.1123882822600475,BALANCE,1,-7.332134662973553e-06
1.536,-0.035296173986983,0.0,-0.035281558121369745,-0.035256663541448525,-0.006702386901868973,3.148520452155932,BALANCE,1,-7.332134662973553e-06
1.538,-0.035296173986983,0.0,-0.032213596545598466,-0.03419159009290101,0.5325367242737591,3.169536653519766,BALANCE,1,-7.332134662973553e-06
1.54,-0.035296173986983,0.0,-0.035281558121369745,-0.03457307890286507,-0.19074440498203019,7.540515631819061,BALANCE,1,-7.332134662973553e-06
1.542,-0.035296173986983,0.0,-0.03681553890925539,-0.03535793990510168,-0.39243050111830574,1.7244626533943306,BALANCE,1,-7.332134662973553e-06
1.544,-0.035296173986983,0.0,-0.035281558121369745,-0.0353312062807955,0.013366812153088603,0.056810636188909136,BALANCE,1,-7.332134662973553e-06
1.546,-0.035296173986983,0.0,-0.035281558121369745,-0.03531382942499649,0.008688427899507245,3.2977269185622755,BALANCE,1,-7.332134662973553e-06
1.548,-0.035296173986983,0.0,-0.03834951969714103,-0.03637632102024708,-0.5312457976252953,3.254279689996566,BALANCE,1,-7.332134662973553e-06
1.55,-0.035296173986983,0.0,-0.03681553890925539,-0.03653004728139999,-0.07686313057645583,-1.1362188741209387,BALANCE,1,-7.332134662973553e-06
1.552,-0.035296173986983,0.0,-0.035281558121369745,-0.036093076075389405,0.21848560300529243,2.4823128771443224,BALANCE,1,-7.332134662973553e-06
1.554,-0.035296173986983,0.0,-0.03681553890925539,-0.0363459380672425,-0.12643099592654639,4.864102402943865,BALANCE,1,-7.332134662973553e-06
1.556,-0.035296173986983,0.0,-0.035281558121369745,-0.03597340508618704,0.18626649052773045,2.0823287043645204,BALANCE,1,-7.332134662973553e-06
1.558,-0.035296173986983,0.0,-0.03681553890925539,-0.03626815192426096,-0.14737341903696063,4.599065893844825,BALANCE,1,-7.332134662973553e-06
1.56,-0.035296173986983,0.0,-0.03681553890925539,-0.03645973736900901,-0.09579272237402597,1.9050081766580087,BALANCE,1,-7.332134662973553e-06
1.562,-0.035296173986983,0.0,-0.0337475773334841,-0.035510481356575294,0.47462800621685813,2.298866675802802,BALANCE,1,-7.332134662973553e-06
1.564,-0.035296173986983,0.0,-0.0337475773334841,-0.03489346494849338,0.30850820404095675,6.912085769004583,BALANCE,1,-7.332134662973553e-06
1.566,-0.035296173986983,0.0,-0.0337475773334841,-0.03449240428324013,0.200530332626625,5.613169643092586,BALANCE,1,-7.332134662973553e-06
1.568,-0.035296173986983,0.0,-0.03681553890925539,-0.03530550140234547,-0.40654855955267116,4.766511830836481,BALANCE,1,-7.332134662973553e-06
1.57,-0.035296173986983,0.0,-0.0337475773334841,-0.03476022797824399,0.27263671205074097,-0.14596623402467923,BALANCE,1,-7.332134662973553e-06
1.572,-0.035296173986983,0.0,-0.03834951969714103,-0.03601648007985796,-0.6281260508069832,5.3132802986530585,BALANCE,1,-7.332134662973553e-06
1.574,-0.035296173986983,0.0,-0.0337475773334841,-0.03522236411862711,0.3970579806154249,-1.975400226321545,BALANCE,1,-7.332134662973553e-06
1.576,-0.035296173986983,0.0,-0.0337475773334841,-0.034706188743827054,0.25808768740002636,6.266674509907847,BALANCE,1,-7.332134662973553e-06
1.578,-0.035296173986983,0.0,-0.03681553890925539,-0.03544446130172697,-0.36913627894995943,5.178941448923895,BALANCE,1,-7.332134662973553e-06
1.58,-0.035296173986983,0.0,-0.035281558121369745,-0.03538744518860194,0.028508056562515094,0.10976447238966802,BALANCE,1,-7.332134662973553e-06
1.582,-0.035296173986983,0.0,-0.03681553890925539,-0.03588727799083065,-0.24991640111435287,3.2872626342392457,BALANCE,1,-7.332134662973553e-06
1.584,-0.035296173986983,0.0,-0.03681553890925539,-0.03621216931227931,-0.16244566072433006,1.0226995490924145,BALANCE,1,-7.332134662973553e-06
1.586,-0.035296173986983,0.0,-0.0337475773334841,-0.035349562119700986,0.4313035962891613,1.6957295590632206,BALANCE,1,-7.332134662973553e-06
1.588,-0.035296173986983,0.0,-0.0337475773334841,-0.03478886744452508,0.2803473375879543,6.490410134301911,BALANCE,1,-7.332134662973553e-06
1.59,-0.035296173986983,0.0,-0.035281558121369745,-0.03496130918142071,-0.0862208684478151,5.309443971713904,BALANCE,1,-7.332134662973553e-06
1.592,-0.035296173986983,0.0,-0.035281558121369745,-0.03507339631040287,-0.05604356449108103,2.359559557377727,BALANCE,1,-7.332134662973553e-06
1.594,-0.035296173986983,0.0,-0.0337475773334841,-0.034609359668481304,0.23201832096078276,2.5872380820305896,BALANCE,1,-7.332134662973553e-06
1.596,-0.035296173986983,0.0,-0.0337475773334841,-0.034307735851232285,0.15081190862450966,4.912653492227098,BALANCE,1,-7.332134662973553e-06
1.598,-0.035296173986983,0.0,-0.03834951969714103,-0.035722360197300344,-0.7073121730340297,4.274238075401607,BALANCE,1,-7.332134662973553e-06
1.6,-0.035296173986983,0.0,-0.0337475773334841,-0.03503118619496466,0.34558700116784147,-2.6827765106702515,BALANCE,1,-7.332134662973553e-06
1.602,-0.035296173986983,0.0,-0.035281558121369745,-0.03511881636920644,-0.043815087120889495,5.774881085845866,BALANCE,1,-7.332134662973553e-06
1.604,-0.035296173986983,0.0,-0.030679615757712823,-0.033565096155183674,0.7768601070113831,2.6473828058076703,BALANCE,1,-7.332134662973553e-06
1.606,-0.035296173986983,0.0,-0.03681553890925539,-0.034702751119108775,-0.5688274819625506,9.29929455247618,BALANCE,1,-7.332134662973553e-06
1.608,-0.035296173986983,0.0,-0.035281558121369745,-0.03490533356990012,-0.10129122539567076,-1.5414060073746167,BALANCE,1,-7.332134662973553e-06
1.61,-0.035296173986983,0.0,-0.03681553890925539,-0.03557390543867446,-0.3342859343871719,2.1797480313989617,BALANCE,1,-7.332134662973553e-06
1.612,-0.035296173986983,0.0,-0.03681553890925539,-0.03600847715337779,-0.21728585735166298,0.2685612662527568,BALANCE,1,-7.332134662973553e-06
1.614,-0.035296173986983,0.0,-0.035281558121369745,-0.035754055492174974,0.12721083060140623,1.1712858842239529,BALANCE,1,-7.332134662973553e-06
1.616,-0.035296173986983,0.0,-0.035281558121369745,-0.035588681412393144,0.08268703989091492,3.935373876422241,BALANCE,1,-7.332134662973553e-06
1.618,-0.035296173986983,0.0,-0.03681553890925539,-0.03601808153629493,-0.21470006195089403,3.5819882592427406,BALANCE,1,-7.332134662973553e-06
1.62,-0.035296173986983,0.0,-0.03681553890925539,-0.03629719161683109,-0.13955504026808008,1.1699238207669027,BALANCE,1,-7.332134662973553e-06
1.622,-0.035296173986983,0.0,-0.032213596545598466,-0.03486793334189967,0.7146291374657103,1.7470779510738792,BALANCE,1,-7.332134662973553e-06
1.624,-0.035296173986983,0.0,-0.03681553890925539,-0.035549595290474176,-0.34083097428725184,8.659333282771707,BALANCE,1,-7.332134662973553e-06
1.6260000000000001,-0.035296173986983,0.0,-0.03681553890925539,-0.0359926755570476,-0.22154013328671077,0.16764275277544538,BALANCE,1,-7.332134662973553e-06
1.6280000000000001,-0.035296173986983,0.0,-0.03834951969714103,-0.036817571006080296,-0.4124477245163495,1.088186129673959,BALANCE,1,-7.332134662973553e-06
1.6300000000000001,-0.035296173986983,0.0,-0.0337475773334841,-0.03574307322067163,0.5372488927043346,-0.4959318413063283,BALANCE,1,-7.332134662973553e-06
1.6320000000000001,-0.035296173986983,0.0,-0.035281558121369745,-0.03558154293591597,0.08076514237782828,7.15896234893953,BALANCE,1,-7.332134662973553e-06
1.6340000000000001,-0.035296173986983,0.0,-0.03681553890925539,-0.03601344152658477,-0.2159492953343993,3.5096678548256364,BALANCE,1,-7.332134662973553e-06
1.6360000000000001,-0.035296173986983,0.0,-0.0337475773334841,-0.03522038905899953,0.3965262337926184,1.102835749382371,BALANCE,1,-7.332134662973553e-06
1.6380000000000001,-0.035296173986983,0.0,-0.0337475773334841,-0.03470490495506913,0.2577420519652013,6.043179052641826,BALANCE,1,-7.332134662973553e-06
1.6400000000000001,-0.035296173986983,0.0,-0.032213596545598466,-0.0338329470117544,0.4359789716573657,4.9568936632673,BALANCE,1,-7.332134662973553e-06
1.6420000000000001,-0.035296173986983,0.0,-0.035281558121369745,-0.03433996090011977,-0.25350694418268743,6.428339908001148,BALANCE,1,-7.332134662973553e-06
1.6440000000000001,-0.035296173986983,0.0,-0.0337475773334841,-0.03413262665179729,0.10366712416124205,0.875163755798777,BALANCE,1,-7.332134662973553e-06
1.6460000000000001,-0.035296173986983,0.0,-0.0337475773334841,-0.03399785939038767,0.06738363070480854,3.738169832119202,BALANCE,1,-7.332134662973553e-06
1.6480000000000001,-0.035296173986983,0.0,-0.035281558121369745,-0.0344471539462314,-0.22464727792186404,3.449188348274234,BALANCE,1,-7.332134662973553e-06
1.6500000000000001,-0.035296173986983,0.0,-0.03681553890925539,-0.0352760886832898,-0.4144673685291984,1.0790939751209834,BALANCE,1,-7.332134662973553e-06
1.6520000000000001,-0.035296173986983,0.0,-0.03681553890925539,-0.03581489626237776,-0.2694037895439802,-0.4962580516978541,BALANCE,1,-7.332134662973553e-06
1.6540000000000001,-0.035296173986983,0.0,-0.0337475773334841,-0.03509133463726498,0.3617808125563893,0.6247591461861388,BALANCE,1,-7.332134662973553e-06
1.6560000000000001,-0.035296173986983,0.0,-0.03681553890925539,-0.03569480613246162,-0.30173574759832095,5.710631393568408,BALANCE,1,-7.332134662973553e-06
1.6580000000000001,-0.035296173986983,0.0,-0.0337475773334841,-0.03501327605281949,0.3407650398210664,0.3591516613924357,BALANCE,1,-7.332134662973553e-06
1.6600000000000001,-0.035296173986983,0.0,-0.032213596545598466,-0.03403338822529213,0.4899439137636789,5.533047110315498,BALANCE,1,-7.332134662973553e-06
1.6620000000000001,-0.035296173986983,0.0,-0.032213596545598466,-0.033396461137399344,0.31846354394639287,6.778464693862983,BALANCE,1,-7.332134662973553e-06
1.6640000000000001,-0.035296173986983,0.0,-0.0337475773334841,-0.03351935180602901,-0.06144533431483301,5.438158068370781,BALANCE,1,-7.332134662973553e-06
1.666,-0.035296173986983,0.0,-0.0337475773334841,-0.033599230740638295,-0.03993946730464215,2.3848097318019885,BALANCE,1,-7.332134662973553e-06
1.668,-0.035296173986983,0.0,-0.0337475773334841,-0.03365115204813433,-0.02596065374801601,2.5453440856588303,BALANCE,1,-7.332134662973553e-06
1.67,-0.035296173986983,0.0,-0.0337475773334841,-0.03368490089800675,-0.016874424936211274,2.6473290852524505,BALANCE,1,-7.332134662973553e-06
1.672,-0.035296173986983,0.0,-0.035281558121369745,-0.034243730926183796,-0.2794150140885236,2.711257004574942,BALANCE,1,-7.332134662973553e-06
1.674,-0.035296173986983,0.0,-0.035281558121369745,-0.034606970444498876,-0.18161975915753983,0.5705537434805841,BALANCE,1,-7.332134662973553e-06
1.676,-0.035296173986983,0.0,-0.03681553890925539,-0.035379969407163654,-0.3864994813323891,1.3242000177406492,BALANCE,1,-7.332134662973553e-06
1.678,-0.035296173986983,0.0,-0.03681553890925539,-0.035882418732895764,-0.251224662866055,-0.3682936912994643,BALANCE,1,-7.332134662973553e-06
1.68,-0.035296173986983,0.0,-0.0337475773334841,-0.035135224243101684,0.37359724489703994,0.6765814131407017,BALANCE,1,-7.332134662973553e-06
1.682,-0.035296173986983,0.0,-0.03681553890925539,-0.03572333437625548,-0.29405506657689817,5.712961299784487,BALANCE,1,-7.332134662973553e-06
1.684,-0.035296173986983,0.0,-0.035281558121369745,-0.03556871268704547,0.07731084460500456,0.3293115331285028,BALANCE,1,-7.332134662973553e-06
1.686,-0.035296173986983,0.0,-0.03681553890925539,-0.03600510186481894,-0.21819458888673593,3.302402381398916,BALANCE,1,-7.332134662973553e-06
1.688,-0.035296173986983,0.0,-0.0337475773334841,-0.035214968278851747,0.39506679298359837,0.904974542425621,BALANCE,1,-7.332134662973553e-06
1.69,-0.035296173986983,0.0,-0.0337475773334841,-0.03470138144797307,0.25679341543933737,5.851430618890557,BALANCE,1,-7.332134662973553e-06
1.692,-0.035296173986983,0.0,-0.035281558121369745,-0.03490444328366191,-0.1015309178444175,4.769118532099594,BALANCE,1,-7.332134662973553e-06
1.694,-0.035296173986983,0.0,-0.035281558121369745,-0.03503643347685965,-0.06599509659887051,1.8833592670314934,BALANCE,1,-7.332134662973553e-06
1.696,-0.035296173986983,0.0,-0.035281558121369745,-0.03512222710243818,-0.04289681278926705,2.1527191387086333,BALANCE,1,-7.332134662973553e-06
1.698,-0.035296173986983,0.0,-0.035281558121369745,-0.03517799295906423,-0.02788292831302358,2.32533334623026,BALANCE,1,-7.332134662973553e-06
1.7,-0.035296173986983,0.0,-0.035281558121369745,-0.03521424076587116,-0.01812390340346498,2.4350628720508323,BALANCE,1,-7.332134662973553e-06
1.702,-0.035296173986983,0.0,-0.035281558121369745,-0.035237801840295666,-0.011780537212253278,2.503917354765712,BALANCE,1,-7.332134662973553e-06
1.704,-0.035296173986983,0.0,-0.035281558121369745,-0.035253116538671594,-0.007657349187964457,2.5462030594618756,BALANCE,1,-7.332134662973553e-06
1.706,-0.035296173986983,0.0,-0.035281558121369745,-0.03526307109261595,-0.004977276972177591,2.5712190584458963,BALANCE,1,-7.332134662973553e-06
1.708,-0.035296173986983,0.0,-0.035281558121369745,-0.03526954155267978,-0.0032352300319143934,2.585009748717007,BALANCE,1,-7.332134662973553e-06
1.71,-0.035296173986983,0.0,-0.03834951969714103,-0.03634753390324122,-0.5389961752807204,2.591503988324747,BALANCE,1,-7.332134662973553e-06
1.712,-0.035296173986983,0.0,-0.032213596545598466,-0.03490065582806626,0.7234390375874811,-1.7665326214800352,BALANCE,1,-7.332134662973553e-06
1.714,-0.035296173986983,0.0,-0.0337475773334841,-0.034497078354962504,0.2017887365518764,8.412781634810461,BALANCE,1,-7.332134662973553e-06
1.716,-0.035296173986983,0.0,-0.0337475773334841,-0.034234752997445064,0.13116267875872,4.256894459240856,BALANCE,1,-7.332134662973553e-06
1.718,-0.035296173986983,0.0,-0.035281558121369745,-0.0346011347908187,-0.1831908966868183,3.7007785677471614,BALANCE,1,-7.332134662973553e-06
1.72,-0.035296173986983,0.0,-0.03681553890925539,-0.035376176232271545,-0.3875207207264218,1.1570468296222733,BALANCE,1,-7.332134662973553e-06
1.722,-0.035296173986983,0.0,-0.035281558121369745,-0.035343059893455916,0.016558169407814016,-0.5311694844281805,BALANCE,1,-7.332134662973553e-06
1.724,-0.035296173986983,0.0,-0.035281558121369745,-0.035321534273225756,0.010762810115080151,2.696380004995953,BALANCE,1,-7.332134662973553e-06
1.726,-0.035296173986983,0.0,-0.0337475773334841,-0.03477064934431618,0.27544246445478787,2.6442443610132473,BALANCE,1,-7.332134662973553e-06
1.728,-0.035296173986983,0.0,-0.035281558121369745,-0.03494946741628493,-0.08940903598437383,4.78778056159662,BALANCE,1,-7.332134662973553e-06
1.73,-0.035296173986983,0.0,-0.03681553890925539,-0.03560259243882459,-0.326562511269831,1.8512495802819444,BALANCE,1,-7.332134662973553e-06
1.732,-0.035296173986983,0.0,-0.03681553890925539,-0.03602712370347537,-0.21226563232538964,-0.0922862418418573,BALANCE,1,-7.332134662973553e-06
1.734,-0.035296173986983,0.0,-0.032213596545598466,-0.03469238919821845,0.6673672526284584,0.7894114890939314,BALANCE,1,-7.332134662973553e-06
1.736,-0.035296173986983,0.0,-0.0337475773334841,-0.03436170504556143,0.16534207632851183,7.899620161200488,BALANCE,1,-7.332134662973553e-06
1.738,-0.035296173986983,0.0,-0.11178291415739453,-0.06145912823470301,-13.54871159457079,3.8963874589512244,BALANCE,1,-7.332134662973553e-06
1.74,-0.03521961483934885,0.07656055494290992,-0.035281558121369745,-0.05229697869503636,4.5810747698333225,-100.0,BALANCE,1,-6.675136269941715e-06
1.742,-0.03508565480098783,0.057401945981526634,-0.03681553890925539,-0.04687847477001302,2.7092519625116704,38.123381366635265,BALANCE,1,-6.893476521017036e-06
1.744,-0.03501767545337879,0.01057865130920689,-0.035281558121369745,-0.04281955394298787,2.029460413512575,23.464533448609448,BALANCE,1,-7.204960126023243e-06
1.746,-0.03506077613651579,-0.05368012671391184,-0.032213596545598466,-0.03910746885390158,1.8560425445431454,18.261172395449595,BALANCE,1,-6.927305599291838e-06
1.748,-0.035155096522168236,-0.04064199281572928,-0.039883500485026674,-0.03937907992479536,-0.13580553544689095,17.088733055268555,BALANCE,1,-7.097456328337927e-06
1.75,-0.035220485324229354,-0.02474801127897305,-0.03681553890925539,-0.03848184056935637,0.4486196777194959,1.129775935109679,BALANCE,1,-7.235396255269719e-06
1.752,-0.03525633616389535,-0.011103487430356664,-0.035281558121369745,-0.03736174171256105,0.560049428397661,5.8513156336532415,BALANCE,1,-7.3024438989497335e-06
1.754,-0.03526887955712199,-0.0014401363836636146,-0.039883500485026674,-0.03824435728292402,-0.4413077851814842,6.80248722214377,BALANCE,1,-7.320579159331297e-06
1.756,-0.03528917560941098,-0.01885628898863209,-0.035281558121369745,-0.03720737757638002,0.5184898532719986,-1.268976292167756,BALANCE,1,-7.291301322020842e-06
1.758,-0.03531352886873742,-0.005497418023746828,-0.039883500485026674,-0.038144020594406344,-0.46832150901316216,6.464182122337471,BALANCE,1,-7.336122366857142e-06
1.76,-0.03531504087076014,0.003985388200061215,-0.032213596545598466,-0.03606837217732359,1.0378242085413782,-1.4941361611442758,BALANCE,1,-7.33828022249185e-06
1.762,-0.03537360796798864,-0.06255356199913115,-0.0337475773334841,-0.035256093981979764,0.40613909767191203,10.672354809881549,BALANCE,1,-6.946956447806448e-06
1.764,-0.03548878025003396,-0.052620837212406534,-0.03834951969714103,-0.036338792982286205,-0.5413495001532209,5.660559395850052,BALANCE,1,-7.11701049602438e-06
1.766,-0.035577703156385296,-0.036303703773238244,-0.035281558121369745,-0.03596876078096544,0.18501610066038246,-1.9915790853658555,BALANCE,1,-7.308971533447703e-06
1.768,-0.03563428410053372,-0.02027828048123319,-0.0337475773334841,-0.03519134657434697,0.3887071033092347,3.8343539010660237,BALANCE,1,-7.429402664406964e-06
1.77,-0.03566076251518566,-0.006200620917082981,-0.0337475773334841,-0.034686027340044966,0.2526596171510027,5.503488505339082,BALANCE,1,-7.480272952205871e-06
1.772,-0.03566689692553446,6.609779891075373e-05,-0.035281558121369745,-0.034894463113508634,-0.10421788673183399,4.438490564663336,BALANCE,1,-7.486948465979086e-06
1.774,-0.03566689692553446,0.0,-0.03681553890925539,-0.035566839642019996,-0.336188264255681,1.5639854945701206,BALANCE,1,-7.4869489319971145e-06
1.776,-0.03566689692553446,0.0,-0.03681553890925539,-0.03600388438555238,-0.218522371766193,-0.33923348525974095,BALANCE,1,-7.4869489319971145e-06
1.778,-0.03566689692553446,0.0,-0.035281558121369745,-0.03575107019308846,0.1264070962319619,0.5686701931671085,BALANCE,1,-7.4869489319971145e-06
1.78,-0.03566689692553446,0.0,-0.03681553890925539,-0.03612363424374688,-0.18628202532921037,3.3361245746615658,BALANCE,1,-7.4869489319971145e-06
1.782,-0.03566689692553446,0.0,-0.03681553890925539,-0.036365800876674854,-0.12108331646398796,0.8050330322839336,BALANCE,1,-7.4869489319971145e-06
1.784,-0.03566689692553446,0.0,-0.0337475773334841,-0.03544942263655809,0.4581891200583811,1.3048195450546993,BALANCE,1,-7.4869489319971145e-06
1.786,-0.03566689692553446,0.0,-0.03681553890925539,-0.035927563332002144,-0.23907034772202573,5.986891847113346,BALANCE,1,-7.4869489319971145e-06
1.788,-0.03566689692553446,0.0,-0.03681553890925539,-0.03623835478404078,-0.15539572601931673,0.3729421504770478,BALANCE,1,-7.4869489319971145e-06
1.79,-0.03566689692553446,0.0,-0.03681553890925539,-0.036440369227865886,-0.10100722191255448,1.0164439660195939,BALANCE,1,-7.4869489319971145e-06
1.792,-0.03566689692553446,0.0,-0.0337475773334841,-0.03549789206483226,0.4712385815168127,1.4321430583986121,BALANCE,1,-7.4869489319971145e-06
1.794,-0.03566689692553446,0.0,-0.03681553890925539,-0.035959068460380356,-0.23058819777404746,6.0595585372026015,BALANCE,1,-7.4869489319971145e-06
1.796,-0.03566689692553446,0.0,-0.03681553890925539,-0.036258833117486615,-0.14988232855312963,0.41008190545075696,BALANCE,1,-7.4869489319971145e-06
1.798,-0.03566689692553446,0.0,-0.03681553890925539,-0.036453680144605684,-0.09742351355953444,1.0304912131682276,BALANCE,1,-7.4869489319971145e-06
1.8,-0.03566689692553446,0.0,-0.03681553890925539,-0.03658033071223308,-0.06332528381369773,1.431180175460924,BALANCE,1,-7.4869489319971145e-06
1.802,-0.03566689692553446,0.0,-0.03834951969714103,-0.03719954685695086,-0.3096080723588891,1.6890509132275273,BALANCE,1,-7.4869489319971145e-06
1.804,-0.03566689692553446,0.0,-0.03681553890925539,-0.03706514407525744,0.06720139084670854,-0.32580427318846095,BALANCE,1,-7.4869489319971145e-06
1.806,-0.03566689692553446,0.0,-0.0337475773334841,-0.035903995715636766,0.5805741798103371,2.689322570542874,BALANCE,1,-7.4869489319971145e-06
1.808,-0.03566689692553446,0.0,-0.03834951969714103,-0.03675992910916326,-0.42796669676324617,6.858792984686016,BALANCE,1,-7.4869489319971145e-06
1.81,-0.03566689692553446,0.0,-0.032213596545598466,-0.03516871271191558,0.7956081986238394,-1.268242017336073,BALANCE,1,-7.4869489319971145e-06
1.812,-0.03566689692553446,0.0,-0.035281558121369745,-0.035208208605224535,-0.019747946654477544,8.60879638705309,BALANCE,1,-7.4869489319971145e-06
1.814,-0.03566689692553446,0.0,-0.03681553890925539,-0.03577077421163533,-0.2812828032053988,2.076535829506972,BALANCE,1,-7.4869489319971145e-06
1.816,-0.03566689692553446,0.0,-0.03681553890925539,-0.03613644185580235,-0.1828338220835092,-0.05665111412737289,BALANCE,1,-7.4869489319971145e-06
1.818,-0.03566689692553446,0.0,-0.035281558121369745,-0.03583723254875094,0.14960465352570687,0.7017733878265622,BALANCE,1,-7.4869489319971145e-06
1.82,-0.03566689692553446,0.0,-0.035281558121369745,-0.035642746499167516,0.09724302479171068,3.372066304613625,BALANCE,1,-7.4869489319971145e-06
1.822,-0.03566689692553446,0.0,-0.035281558121369745,-0.035516330566938294,0.06320796611461107,2.9577138884168273,BALANCE,1,-7.4869489319971145e-06
1.824,-0.03566689692553446,0.0,-0.03681553890925539,-0.035971053486749276,-0.227361459905491,2.6859151088203967,BALANCE,1,-7.4869489319971145e-06
1.826,-0.03566689692553446,0.0,-0.03681553890925539,-0.03626662338462641,-0.1477849489385681,0.32688211477357143,BALANCE,1,-7.4869489319971145e-06
1.828,-0.03566689692553446,0.0,-0.03681553890925539,-0.03645874381824655,-0.0960602168100684,0.9385066839594005,BALANCE,1,-7.4869489319971145e-06
1.83,-0.03566689692553446,0.0,-0.03681553890925539,-0.03658362210009964,-0.06243914092654568,1.3334855662065417,BALANCE,1,-7.4869489319971145e-06
1.832,-0.03566689692553446,0.0,-0.03681553890925539,-0.03666479298330415,-0.040585441602254,1.5876447519435177,BALANCE,1,-7.4869489319971145e-06
1.834,-0.03566689692553446,0.0,-0.03834951969714103,-0.037254447333147055,-0.29482717492145327,1.7502711349489202,BALANCE,1,-7.4869489319971145e-06
1.836,-0.03566689692553446,0.0,-0.03681553890925539,-0.03710082938478497,0.07680897418104252,-0.32649288206187776,BALANCE,1,-7.4869489319971145e-06
1.838,-0.03566689692553446,0.0,-0.03834951969714103,-0.03753787099410959,-0.21852080466230883,2.6483932217828565,BALANCE,1,-7.4869489319971145e-06
1.84,-0.03566689692553446,0.0,-0.035281558121369745,-0.03674816148865064,0.3948547527294725,0.25202492027774603,BALANCE,1,-7.4869489319971145e-06
1.842,-0.03566689692553446,0.0,-0.03681553890925539,-0.0367717435858623,-0.011791048605828275,5.199062317441804,BALANCE,1,-7.4869489319971145e-06
1.844,-0.03566689692553446,0.0,-0.035281558121369745,-0.036250178673289904,0.2607824562861974,1.9371266322095257,BALANCE,1,-7.4869489319971145e-06
1.846,-0.03566689692553446,0.0,-0.03681553890925539,-0.03644805475587782,-0.09893804129395764,4.141758530365417,BALANCE,1,-7.4869489319971145e-06
1.848,-0.03566689692553446,0.0,-0.03834951969714103,-0.037113567485319944,-0.3327563647210624,1.2448323738177267,BALANCE,1,-7.4869489319971145e-06
1.85,-0.03566689692553446,0.0,-0.035281558121369745,-0.03647236420793737,0.32060163869128755,-0.6730676908627036,BALANCE,1,-7.4869489319971145e-06
1.852,-0.03566689692553446,0.0,-0.035281558121369745,-0.0360555820776387,0.20839106514933606,4.584974060237463,BALANCE,1,-7.4869489319971145e-06
1.854,-0.03566689692553446,0.0,-0.03681553890925539,-0.03632156696870453,-0.13299244553291803,3.7050852833042436,BALANCE,1,-7.4869489319971145e-06
1.856,-0.03566689692553446,0.0,-0.03681553890925539,-0.03649445714789733,-0.08644508959639724,0.95079379098852,BALANCE,1,-7.4869489319971145e-06
1.858,-0.03566689692553446,0.0,-0.035281558121369745,-0.03606994248861267,0.21225732964232774,1.3055003362995392,BALANCE,1,-7.4869489319971145e-06
1.86,-0.03566689692553446,0.0,-0.035281558121369745,-0.035794007960077645,0.13796726426751338,3.713376581268696,BALANCE,1,-7.4869489319971145e-06
1.862,-0.03566689692553446,0.0,-0.035281558121369745,-0.03561465051652988,0.089678721773883,3.1284533283902665,BALANCE,1,-7.4869489319971145e-06
1.864,-0.03566689692553446,0.0,-0.03681553890925539,-0.036034961453983806,-0.21015546872696356,2.7457835049507837,BALANCE,1,-7.4869489319971145e-06
1.866,-0.03566689692553446,0.0,-0.032213596545598466,-0.03469748373604893,0.6687388589674375,0.31468433240597893,BALANCE,1,-7.4869489319971145e-06
1.868,-0.03566689692553446,0.0,-0.0337475773334841,-0.03436501649515124,0.16623362044884682,7.41914812029007,BALANCE,1,-7.4869489319971145e-06
1.87,-0.03566689692553446,0.0,-0.03681553890925539,-0.03522269934008769,-0.4288414224682263,3.4121812432961764,BALANCE,1,-7.4869489319971145e-06
1.872,-0.03566689692553446,0.0,-0.035281558121369745,-0.035243299913536405,-0.010300286724357344,-1.4069246106046132,BALANCE,1,-7.4869489319971145e-06
1.874,-0.03566689692553446,0.0,-0.03681553890925539,-0.035793583562038045,-0.27514182425081996,1.9331197809567087,BALANCE,1,-7.4869489319971145e-06
1.8760000000000001,-0.03566689692553446,0.0,-0.0337475773334841,-0.03507748138204416,0.358051089996942,-0.2257882548774992,BALANCE,1,-7.4869489319971145e-06
1.8780000000000001,-0.03566689692553446,0.0,-0.03681553890925539,-0.03568580151656809,-0.3041600672619646,4.875705693627822,BALANCE,1,-7.4869489319971145e-06
1.8800000000000001,-0.03566689692553446,0.0,-0.035281558121369745,-0.035544316328248664,0.07074259415971312,-0.46561993281818026,BALANCE,1,-7.4869489319971145e-06
1.8820000000000001,-0.03566689692553446,0.0,-0.035281558121369745,-0.03545235095584104,0.04598268620381249,2.5349816065887567,BALANCE,1,-7.4869489319971145e-06
1.8840000000000001,-0.03566689692553446,0.0,-0.035281558121369745,-0.035392573463776084,0.029888746032477598,2.3353297950948413,BALANCE,1,-7.4869489319971145e-06
1.8860000000000001,-0.03566689692553446,0.0,-0.035281558121369745,-0.03535371809393386,0.019427684921111826,2.203086408555304,BALANCE,1,-7.4869489319971145e-06
1.8880000000000001,-0.03566689692553446,0.0,-0.03681553890925539,-0.035865355379296394,-0.25581864268126725,2.1146584982361247,BALANCE,1,-7.4869489319971145e-06
1.8900000000000001,-0.03566689692553446,0.0,-0.03681553890925539,-0.03619791961478204,-0.16628211774282267,-0.1251834307805204,BALANCE,1,-7.4869489319971145e-06
1.8920000000000001,-0.03566689692553446,0.0,-0.0337475773334841,-0.03534029981632776,0.4288098992271394,0.5639153306749423,BALANCE,1,-7.4869489319971145e-06
1.8940000000000001,-0.03566689692553446,0.0,-0.03681553890925539,-0.03585663349885243,-0.25816684126233475,5.36904059437863,BALANCE,1,-7.4869489319971145e-06
1.8960000000000001,-0.03566689692553446,0.0,-0.035281558121369745,-0.03565535711673349,0.10063819105947044,-0.16492467718841386,BALANCE,1,-7.4869489319971145e-06
1.8980000000000001,-0.03566689692553446,0.0,-0.03834951969714103,-0.03659831401987613,-0.4714784515713194,2.710461092889817,BALANCE,1,-7.4869489319971145e-06
1.9000000000000001,-0.03566689692553446,0.0,-0.032213596545598466,-0.035063662903878946,0.767325557998591,-1.930369125149034,BALANCE,1,-7.4869489319971145e-06
1.9020000000000001,-0.03566689692553446,0.0,-0.03681553890925539,-0.035676819505760696,-0.3065783009408747,8.065129285789304,BALANCE,1,-7.4869489319971145e-06
1.9040000000000001,-0.03566689692553446,0.0,-0.03681553890925539,-0.036075371296983835,-0.19927589561156978,-0.5700263457404784,BALANCE,1,-7.4869489319971145e-06
1.9060000000000001,-0.03566689692553446,0.0,-0.03681553890925539,-0.03633442996127888,-0.12952933214752105,0.25726471516117533,BALANCE,1,-7.4869489319971145e-06
1.9080000000000001,-0.03566689692553446,0.0,-0.035281558121369745,-0.03596592481731068,0.1842525719840983,0.7924268170236077,BALANCE,1,-7.4869489319971145e-06
1.9100000000000001,-0.03566689692553446,0.0,-0.03681553890925539,-0.03626328974949133,-0.14868246609032326,3.3175991737511916,BALANCE,1,-7.4869489319971145e-06
1.9120000000000001,-0.03566689692553446,0.0,-0.035281558121369745,-0.03591968367964877,0.1718030349212793,0.6290243152750823,BALANCE,1,-7.4869489319971145e-06
1.9140000000000001,-0.03566689692553446,0.0,-0.035281558121369745,-0.035696339734251105,0.11167197269883189,3.206340750822527,BALANCE,1,-7.4869489319971145e-06
1.9160000000000001,-0.03566689692553446,0.0,-0.035281558121369745,-0.035551166169742625,0.07258678225424003,2.731553621819957,BALANCE,1,-7.4869489319971145e-06
1.9180000000000001,-0.03566689692553446,0.0,-0.035281558121369745,-0.035456803352812115,0.04718140846525498,2.4204722788997826,BALANCE,1,-7.4869489319971145e-06
1.92,-0.03566689692553446,0.0,-0.035281558121369745,-0.035395467521807285,0.030667915502415044,2.2157996969331704,BALANCE,1,-7.4869489319971145e-06
1.922,-0.03566689692553446,0.0,-0.0337475773334841,-0.03481870595589417,0.2883807829565585,2.0802928095863797,BALANCE,1,-7.4869489319971145e-06
1.924,-0.03566689692553446,0.0,-0.0337475773334841,-0.03444381093805064,0.18744750892176268,4.169637701983135,BALANCE,1,-7.4869489319971145e-06
1.926,-0.03566689692553446,0.0,-0.03681553890925539,-0.0352739157279723,-0.41505239496083046,3.3777764485877704,BALANCE,1,-7.4869489319971145e-06
1.928,-0.03566689692553446,0.0,-0.035281558121369745,-0.0352765905656614,-0.0013374188445498814,-1.499083853013869,BALANCE,1,-7.4869489319971145e-06
1.93,-0.03566689692553446,0.0,-0.03834951969714103,-0.03635211576167927,-0.5377625980089347,1.803420147541897,BALANCE,1,-7.4869489319971145e-06
1.932,-0.03566689692553446,0.0,-0.035281558121369745,-0.03597742058757093,0.18734758705417007,-2.5597832206865885,BALANCE,1,-7.4869489319971145e-06
1.934,-0.03566689692553446,0.0,-0.0337475773334841,-0.03519697544864054,0.3902225694651963,3.256384486147235,BALANCE,1,-7.4869489319971145e-06
1.936,-0.03566689692553446,0.0,-0.0337475773334841,-0.03468968610833578,0.2536446701523788,4.91917165868154,BALANCE,1,-7.4869489319971145e-06
1.938,-0.03566689692553446,0.0,-0.035281558121369745,-0.034896841312897664,-0.10357760228094093,3.850047887375619,BALANCE,1,-7.4869489319971145e-06
1.94,-0.03566689692553446,0.0,-0.03681553890925539,-0.03556838547162287,-0.33577207936260134,0.9728610273727689,BALANCE,1,-7.4869489319971145e-06
1.942,-0.03566689692553446,0.0,-0.03681553890925539,-0.03600488917479425,-0.21825185158569002,-0.9321011158983517,BALANCE,1,-7.4869489319971145e-06
1.944,-0.03566689692553446,0.0,-0.035281558121369745,-0.03575172330609567,0.126582934349289,-0.025330493708302093,BALANCE,1,-7.4869489319971145e-06
1.946,-0.03566689692553446,0.0,-0.0337475773334841,-0.03505027221568162,0.350725545207025,2.741387401232225,BALANCE,1,-7.4869489319971145e-06
1.948,-0.03566689692553446,0.0,-0.03681553890925539,-0.03566811555843243,-0.3089216713754068,4.569605299075819,BALANCE,1,-7.4869489319971145e-06
1.95,-0.03566689692553446,0.0,-0.03834951969714103,-0.036606607006980436,-0.46924572427400196,-0.751776657260371,BALANCE,1,-7.4869489319971145e-06
1.952,-0.03566689692553446,0.0,-0.03834951969714103,-0.03721662644853664,-0.3050097207781023,-2.0979998887634075,BALANCE,1,-7.4869489319971145e-06
1.954,-0.03566689692553446,0.0,-0.0337475773334841,-0.03600245925826825,0.6070835951341967,-0.8281563525792905,BALANCE,1,-7.4869489319971145e-06
1.956,-0.03566689692553446,0.0,-0.035281558121369745,-0.03575014386035377,0.12615769895723758,6.534239714283553,BALANCE,1,-7.4869489319971145e-06
1.958,-0.03566689692553446,0.0,-0.03834951969714103,-0.03665992540322931,-0.4548907714377673,2.694821439970677,BALANCE,1,-7.4869489319971145e-06
1.96,-0.03566689692553446,0.0,-0.035281558121369745,-0.03617749685457846,0.2412142743254235,-2.01548520084254,BALANCE,1,-7.4869489319971145e-06
1.962,-0.03566689692553446,0.0,-0.0337475773334841,-0.03532702502219543,0.4252359161915145,3.5750653788111215,BALANCE,1,-7.4869489319971145e-06
1.964,-0.03566689692553446,0.0,-0.039883500485026674,-0.03692179143418636,-0.797383205995466,5.091201418678392,BALANCE,1,-7.4869489319971145e-06
1.966,-0.03566689692553446,0.0,-0.0337475773334841,-0.03581081649894057,0.5554874676228956,-4.792821901823745,BALANCE,1,-7.4869489319971145e-06
1.968,-0.03566689692553446,0.0,-0.03681553890925539,-0.036162469342550754,-0.1758264218050913,6.089639819938107,BALANCE,1,-7.4869489319971145e-06
1.97,-0.03566689692553446,0.0,-0.0337475773334841,-0.035317257139377424,0.4226061015866651,0.2107970400290906,BALANCE,1,-7.4869489319971145e-06
1.972,-0.03566689692553446,0.0,-0.03681553890925539,-0.03584165575883471,-0.2621993097286432,5.041906507925667,BALANCE,1,-7.4869489319971145e-06
1.974,-0.03566689692553446,0.0,-0.03681553890925539,-0.03618251486148195,-0.17042955132361842,-0.4751690309160046,BALANCE,1,-7.4869489319971145e-06
1.976,-0.03566689692553446,0.0,-0.035281558121369745,-0.035867180002442677,0.15766742951963536,0.23130098719306336,BALANCE,1,-7.4869489319971145e-06
1.978,-0.03566689692553446,0.0,-0.03681553890925539,-0.03619910561982712,-0.16596280869222296,2.8678234894809616,BALANCE,1,-7.4869489319971145e-06
1.98,-0.03566689692553446,0.0,-0.03681553890925539,-0.03641485727112701,-0.10787582564994458,0.25162622561906245,BALANCE,1,-7.4869489319971145e-06
1.982,-0.03566689692553446,0.0,-0.03681553890925539,-0.03655509584447194,-0.07011928667246398,0.6960940194250709,BALANCE,1,-7.4869489319971145e-06
1.984,-0.03566689692553446,0.0,-0.03681553890925539,-0.03664625091714614,-0.04557753633710124,0.9824209976753258,BALANCE,1,-7.4869489319971145e-06
1.986,-0.03566689692553446,0.0,-0.03681553890925539,-0.03670550171438437,-0.029625398619115284,1.1659564458143459,BALANCE,1,-7.4869489319971145e-06
1.988,-0.03566689692553446,0.0,-0.03681553890925539,-0.036744014732589224,-0.01925650910242563,1.2826773993810634,BALANCE,1,-7.4869489319971145e-06
1.99,-0.03566689692553446,0.0,-0.035281558121369745,-0.036232154918662406,0.2559299069634091,1.355968931475772,BALANCE,1,-7.4869489319971145e-06
1.992,-0.03566689692553446,0.0,-0.035281558121369745,-0.03589944603960997,0.166354439526218,3.5809254178543264,BALANCE,1,-7.4869489319971145e-06
1.994,-0.03566689692553446,0.0,-0.035281558121369745,-0.03568318526822589,0.10813038569203876,2.8771043218920216,BALANCE,1,-7.4869489319971145e-06
1.996,-0.03566689692553446,0.0,-0.0337475773334841,-0.03500572249106626,0.338731388579816,2.417150900447987,BALANCE,1,-7.4869489319971145e-06
1.998,-0.03566689692553446,0.0,-0.035281558121369745,-0.03510226496167248,-0.04827123530310937,4.29560554568157,BALANCE,1,-7.4869489319971145e-06
2.0,0.08426562864195676,59.93472964412006,-0.035281558121369745,-0.03516501756756652,-0.03137630294702126,1.1867715533894594,BALANCE,1,0.3831232238955771
2.0020000000000002,0.20408155969343458,59.88338114161183,0.08436894333371027,0.006671868747880352,20.918443157723438,1.3111328523710086,BALANCE,1,0.38226443126677684
2.004,0.323709740433373,59.746922604466064,0.20401944478879028,0.07574352036219884,34.53582580715924,100.0,BALANCE,1,0.38015602616649496
2.0060000000000002,0.4429926239946386,59.537994591802644,0.3236699462438703,0.16251776942078386,43.387124529292514,100.0,BALANCE,1,0.3769727820833612
2.008,0.5617960093608548,59.26730489309869,0.440252486123179,0.2597249202666222,48.603575422919164,100.0,BALANCE,1,0.37286940620875647
2.0100000000000002,0.6800054245102314,58.94387774177896,0.5629709491540303,0.36586103037721507,53.06805505529643,100.0,BALANCE,1,0.367982156370652
2.012,0.7975229799030381,58.57527481797332,0.6810874698212247,0.47619028418261844,55.164626902701684,100.0,BALANCE,1,0.36243055806442853
2.0140000000000002,0.914264639274306,58.16779143080463,0.7976700097005334,0.5887081881138887,56.25895196563513,100.0,BALANCE,1,0.3563191227224535
2.016,1.0301578609704394,57.72663076911709,0.9157865303677277,0.7031856079027324,57.238709894421866,100.0,PUMP,1,0.3497390035434625
2.0180000000000002,1.145139568427198,57.256058691770754,1.026233147095494,0.8162522466201989,56.53331935873324,100.0,PUMP,1,0.34276955016765687
2.02,1.25922841346994,56.83354208767757,1.1428156869748027,0.9305494507443103,57.14860206205569,26.0,PUMP,1,0.33637555085193666
2.0220000000000002,1.372513429069549,56.45199869561205,1.260932207641997,1.0461834156585006,57.81698245709516,26.0,PUMP,1,0.3304752578426418
2.024,1.4850702244563891,56.10508954785579,1.371378824369763,1.1600018087074424,56.90919652447091,26.0,PUMP,1,0.324999246546355
2.0260000000000002,1.5969623852354908,55.78713248091905,1.4848934026733007,1.2737138665954928,56.85602894402519,26.0,PUMP,1,0.31988845102189645
2.028,1.7082427139307055,55.49302904147343,1.5984079809768381,1.3873568066289637,56.82147001673543,26.0,PUMP,1,0.3150925398248864
2.0300000000000002,1.8189543358582045,55.21820289198786,1.7073206169167185,1.4993441402296779,55.99366680035711,26.0,PUMP,1,0.3105685679370011
2.032,1.929131691648846,54.95854803187697,1.8177672336444848,1.6107922229248604,55.72404134759123,26.0,PUMP,1,0.3062798535657438
2.0340000000000003,2.0388014345555683,54.71038533614841,1.928213850372251,1.7218897925314471,55.548784803293394,26.0,PUMP,1,0.30219503883856635
2.036,2.1479832478500853,54.470426078821845,2.040194447887903,1.8332964219062067,55.703314687379766,26.0,PUMP,1,0.2982873014746849
2.0380000000000003,2.256690595094629,54.23574125646933,2.146039122252012,1.9427563670272385,54.729972560515925,26.0,PUMP,1,0.2945336908869501
2.04,2.3649314138380713,54.003735661229236,2.2564857389797783,2.0525616472106276,54.90264009169454,26.0,PUMP,1,0.2909145672191349
2.0420000000000003,2.472708761305912,53.772125775184534,2.3653983749196588,2.1620545019087887,54.74642734908053,26.0,PUMP,1,0.287413125849038
2.044,2.580021418909557,53.53892067117298,2.475844991647425,2.271881173317311,54.913335704261264,26.0,PUMP,1,0.284014993106906
2.0460000000000003,2.686864460874961,53.30240521053017,2.5801556852236485,2.379777252484529,53.94803958360894,26.0,PUMP,1,0.2807078815435338
2.048,2.7932297909697503,53.061124927122336,2.6875343403756435,2.487492233246419,53.857490380945,26.0,PUMP,1,0.2774812951660776
2.05,2.8991066501790512,52.813872080056555,2.791845033951867,2.594015713493326,53.261740123453414,26.0,PUMP,1,0.2743262767456213
2.052,3.0044820972321125,52.55967244505029,2.8992236891038616,2.7008385049570136,53.41139573184383,26.0,PUMP,1,0.27123519066965657
2.054,3.109341463103753,52.297772496685624,3.0035343826800855,2.8067820621600887,52.971778601537565,26.0,PUMP,1,0.268201535928142
2.056,3.2136687799957477,52.02762671051145,3.112447018619966,2.9137647969210456,53.49136738047844,26.0,PUMP,1,0.2652197847334846
2.058,3.31744718483222,51.748884784869006,3.2136897506204183,3.018738530715826,52.48686689739013,26.0,PUMP,1,0.2622852430219484
2.06,3.4206592969678287,51.461378646986695,3.3180004441966418,3.1234802004341113,52.37083485914273,26.0,PUMP,1,0.2593939296978675
2.062,3.5232875695951056,51.16510916587718,3.42077715698498,3.2275341352269153,52.026967396402,26.0,PUMP,1,0.2565424719875057
2.064,3.625314614233875,50.86023254547156,3.522019888985432,3.3306041490423963,51.53500690774049,26.0,PUMP,1,0.2537280146864279
2.066,3.726723497676831,50.54704641493121,3.6263305825616556,3.434108400774137,51.75212586587041,26.0,PUMP,1,0.25094814142891747
2.068,3.8274980108359844,50.225975669013806,3.724505352986337,3.535747334048407,50.81946663713488,26.0,PUMP,1,0.2482008063932945
2.07,3.927622909069666,49.897558139724104,3.8288160465625602,3.6383213834283605,51.28702468997681,26.0,PUMP,1,0.24548427509358614
2.072,4.027084123754079,49.56243020142044,3.928524797775127,3.7398925784497288,50.78559751068412,26.0,PUMP,1,0.24279707310451176
2.074,4.12586894508244,49.22131242541913,4.028233548987694,3.8408119181380167,50.45966984414396,26.0,PUMP,1,0.24013794173028635
2.076,4.223966176314955,48.87499540745306,4.126408319412374,3.940770658584042,49.97937022301269,26.0,PUMP,1,0.23750579976416852
2.078,4.321366259951707,48.524325892751804,4.22304910904917,4.039568116246837,49.398728831397506,26.0,PUMP,1,0.23489971059978454
2.08,4.418061376546934,48.170193319785604,4.319689898685965,4.1376107401005315,49.02131192684722,26.0,PUMP,1,0.23231885405104255
2.082,4.5140455171177525,47.81351689569883,4.4193986498985325,4.2362365085298315,49.31288421464996,26.0,PUMP,1,0.2297625023181778
2.084,4.6093145303153165,47.45523330503197,4.512971477959557,4.333093747830235,48.42861965020173,26.0,PUMP,1,0.22722999960584783
2.086,4.703866145715932,47.09628513938141,4.611146248384237,4.430412123024135,48.659187596950204,26.0,PUMP,1,0.22472074495744973
2.088,4.797699974749389,46.73761012002719,4.70165111486949,4.525345770170009,47.46682357293697,26.0,PUMP,1,0.22223417791977237
2.09,4.890817490909356,46.380131169064235,4.7967579237184,4.620340023911946,47.497126870968295,26.0,PUMP,1,0.21976976669522036
2.092,4.983221990984981,46.024747367914536,4.893398713355196,4.715910565217083,47.78527065256854,26.0,PUMP,1,0.21732699847634765
2.094,5.074918539114208,45.6723258258879,4.9823695990525625,4.809171227059501,46.63033092120905,26.0,PUMP,1,0.21490537169029933
2.096,5.165913895489134,45.323694466200735,5.074408446325701,4.902004253802671,46.41651337158503,26.0,PUMP,1,0.2125043899097569
2.098,5.256216431544338,44.9796357229475,5.169515255174611,4.99563310428285,46.81442524008927,26.0,PUMP,1,0.21012355721274045
2.1,5.345836033433487,44.640881130229175,5.253884198508321,5.086020987261764,45.19394148945732,26.0,PUMP,1,0.20776237479664017
2.102,5.434783995551083,44.30810677415513,5.3459230457814595,5.176986707743658,45.48286024094672,26.0,PUMP,1,0.20542033867251203
2.104,5.52307290578871,43.98192956983444,5.4318259699030556,5.266180449499447,44.596870877894546,26.0,PUMP,1,0.20309693828430483
2.106,5.610716524132321,43.66290431876309,5.52539879796408,5.356906871462068,45.36321098131069,26.0,PUMP,1,0.20079165591451664
2.108,5.6977296561127,43.3515214971313,5.612835702873561,5.44648196245609,44.787545497011024,26.0,PUMP,1,0.19850396675301668
2.11,5.784128022518844,43.04820572240342,5.700272607783043,5.535308688320524,44.41336293221676,26.0,PUMP,1,0.19623333951956431
2.112,5.869928126676799,42.75331484390427,5.787709512692524,5.623648976850724,44.17014426510013,26.0,PUMP,1,0.19397923754304203
2.114,5.955147120487512,42.467139602897234,5.867476513662577,5.7089886147348725,42.66981894207422,26.0,PUMP,1,0.1917411202117001
2.116,6.039802670308925,42.18990380855981,5.956447399359945,5.795599189353648,43.30528730938754,26.0,PUMP,1,0.18951844471888019
2.118,6.123912823662106,41.92176497814762,6.040816342693655,5.88142519302265,42.913001834501415,26.0,PUMP,1,0.1873106680378294
2.12,6.207495877640301,41.66281539228194,6.1251852860273654,5.9667412255743,42.65801627582499,26.0,PUMP,1,0.18511724906740254
2.122,6.290570249804781,41.413083519504525,6.20802024857319,6.051188883623912,42.22382902480559,26.0,PUMP,1,0.18293765089775665
2.124,6.373154352263203,41.17253576783315,6.290855211119014,6.135072098247198,41.9416073116432,26.0,PUMP,1,0.18077134315163143
2.126,6.4552664695454,40.94107852485553,6.372156192876953,6.218051531367612,41.48971656020706,26.0,PUMP,1,0.17861780436254548
2.128,6.536924640818502,40.718560451769896,6.454991155422778,6.30098039978692,41.46443420965395,26.0,PUMP,1,0.1764765243562881
2.13,6.618146546917905,40.50477500058959,6.536292137180717,6.383339507874749,41.17955404391438,26.0,PUMP,1,0.17434700660650937
2.132,6.698949402612702,40.29946312736628,6.617593118938656,6.465328271747116,40.994381936183544,26.0,PUMP,1,0.1722287705390663
2.134,6.779349854473353,40.10231617766473,6.695826139120824,6.546002525327913,40.33712679039869,26.0,PUMP,1,0.17012135376313586
2.136,6.859363884664907,39.9129789235688,6.78172906324242,6.6285068135979905,41.252144135038634,26.0,PUMP,1,0.16802431421000355
2.138,6.939006720950395,39.73105273416229,6.858428102636702,6.708979264761539,40.236225581774306,26.0,PUMP,1,0.16593723216294626
2.14,7.018292753155224,39.5560988636725,6.935127142030984,6.788131021805845,39.57587852215294,26.0,PUMP,1,0.16385971216379633
2.142,7.097235456313614,39.387641843267794,7.0164281237889226,6.868035007499922,39.95199284703865,26.0,PUMP,1,0.16179138478365251
2.144,7.17584732069158,39.225172963856615,7.096195124758976,6.947891048540591,39.928020520334506,26.0,PUMP,1,0.15973190824684547
2.146,7.254139788856609,39.06815383814947,7.177496106516915,7.028252818832304,40.18088514585649,26.0,PUMP,1,0.15768096989870867
2.148,7.332123199941268,38.916020030734764,7.255729126699083,7.107869526585677,39.80835387668646,26.0,PUMP,1,0.15563828750900063
2.15,7.409806741225644,38.768184745011546,7.332428166093365,7.186465050413368,39.297761913845264,26.0,PUMP,1,0.15360361040400114
2.152,7.48719840714098,38.62404255555409,7.410661186275532,7.264933697965125,39.23432377587854,26.0,PUMP,1,0.15157672042140335
2.154,7.564304965773485,38.48297317389929,7.487360225669814,7.342782982661766,38.92464234832049,26.0,PUMP,1,0.14955743268317412
2.156,7.641131932922486,38.34434523489998,7.567127226639868,7.421303468054101,39.26024269616768,26.0,PUMP,1,0.14754559618257992
2.158,7.717683553740317,38.20752008973329,7.6407583044583784,7.498112660795599,38.40459637074866,26.0,PUMP,1,0.14554109418260253
2.16,7.793962791952379,38.07185559045427,7.717457343852661,7.57488329986557,38.38531953498592,26.0,PUMP,1,0.14354384442400958
2.162,7.869971326624271,37.93670984970753,7.792622402459057,7.651091985773291,38.10434295386011,26.0,PUMP,1,0.1415537991424172
2.164,7.94570955640887,37.80144495791949,7.869321441853339,7.7274722954013075,38.190154814008444,26.0,PUMP,1,0.13957094489478974
2.166,8.021176611169587,37.665430639058656,7.946020481247621,7.803964160447517,38.24593252310482,26.0,PUMP,1,0.13759530219697175
2.168,8.096370370837095,37.52804782493736,8.019651559066132,7.879454749964032,37.745294758257494,26.0,PUMP,1,0.13562692497504003
2.17,8.1712874913158,37.388692127097514,8.0978845792483,7.955905190213525,38.225220124746606,26.0,PUMP,1,0.13366589983448957
2.172,8.245923437213644,37.24677718463394,8.169981676278924,8.030831960336416,37.463385061445194,26.0,PUMP,1,0.1317123451525236
2.174,8.320272521125148,37.10173786591352,8.24514673488532,8.105842131428533,37.50508554605858,26.0,PUMP,1,0.12976640999999028
2.176,8.394327949153334,36.95303330208989,8.320311793491717,8.180906513150648,37.5321908610573,26.0,PUMP,1,0.12782827290078053
2.178,8.468081872312279,36.800149730627126,8.390874909734457,8.25439545195498,36.74446940216658,26.0,PUMP,1,0.12589814043775935
2.18,8.541525443409066,36.642603127754825,8.46757394912874,8.329007925965797,37.30623700540825,26.0,PUMP,1,0.12397624571552233
2.182,8.614648878962823,36.47994160989438,8.539671046159365,8.402740018033546,36.86604603387433,26.0,PUMP,1,0.12206284669143552
2.184,8.68744152568008,36.31174758562163,8.616370085553646,8.47751054166558,37.38526181601731,26.0,PUMP,1,0.12015822438750295
2.186,8.759891930970639,36.13763964165273,8.686933201796386,8.550808472711362,36.64896552289054,26.0,PUMP,1,0.11826268099659412
2.188,8.831987916957376,35.957274148633736,8.760564279614897,8.624223005127599,36.70726620811848,26.0,PUMP,1,0.1163765378974349
2.19,8.903716657407541,35.770346575143414,8.831127395857637,8.696639541883112,36.2082683777567,26.0,PUMP,1,0.11450013359349606
2.192,8.975064756992788,35.57659250123711,8.901690512100375,8.768407381459154,35.88391978802097,26.0,PUMP,1,0.11263382159149071
2.194,9.046018332270961,35.37578832601063,8.976855570706773,8.84136424769582,36.47843311833299,26.0,PUMP,1,0.11077796823560403
2.196,9.116563093774914,35.16775166698344,9.042816744585854,8.911872621607332,35.254186955755884,26.0,PUMP,1,0.1089329505138064
2.198,9.186684428592656,34.95234145252072,9.11798180319225,8.984010835162053,36.06910677736064,26.0,PUMP,1,0.10709915385264818
2.2,9.256367482828972,34.72945771196137,9.18854491943499,9.05559776465758,35.79346474776379,26.0,PUMP,1,0.10527696991678948
2.202,9.325597243351465,34.49904107151991,9.254506093314074,9.125215679687352,34.808957514885996,26.0,PUMP,1,0.10346679442918559
2.204,9.39435861824337,34.26107196731192,9.323535228768927,9.194627521865904,34.705921089275726,26.0,PUMP,1,0.10166902502733385
2.206,9.462636515411333,34.01556958994633,9.39256436422378,9.263905416691161,34.63894741262852,26.0,PUMP,1,0.09988405917029598
2.208,9.53041591882814,33.76259057796984,9.461593499678635,9.333096245736776,34.595414522807566,26.0,PUMP,1,0.09811229211035766
2.21,9.597681961927503,33.5022274799834,9.53369059670926,9.403304268577145,35.10401142018438,26.0,PUMP,1,0.096354114942186
2.212,9.664419997709935,33.23460700743117,9.598117789800456,9.471489001005304,34.09236621407974,26.0,PUMP,1,0.09460991274121656
2.214,9.730615665164576,32.95988810185208,9.667146925255311,9.539969274492806,34.24013674375104,26.0,PUMP,1,0.09288006280176556
2.216,9.796254951660863,32.678259841757125,9.731574118346508,9.607030969841603,33.53084767439807,26.0,PUMP,1,0.09116493298403792
2.218,9.86132425101529,32.389939215238435,9.796001311437704,9.673170589400238,33.069809779317616,26.0,PUMP,1,0.0894648801778175
2.22,9.925810416991272,32.09516878492484,9.858894523741016,9.73817396641951,32.50168850963586,26.0,PUMP,1,0.0877802488892011
2.222,9.989700812043539,31.794214271981694,9.926389678407984,9.804049465615476,32.937749597983235,26.0,PUMP,1,0.08611136995529804
2.224,10.0529833511716,31.487362085527828,9.989282890711296,9.868881164399014,32.41584939176878,26.0,PUMP,1,0.084458559390385
2.226,10.115646540798924,31.174916823135828,10.055244064590378,9.93410817946599,32.61350753348857,26.0,PUMP,1,0.08282211736560366
2.228,10.177679512644826,30.85719876702852,10.115069315317918,9.997444577014164,31.668198774086775,26.0,PUMP,1,0.08120232732293414
2.23,10.239072052603944,30.53454139922406,10.17796252762123,10.060625859726636,31.590641356236127,26.0,PUMP,1,0.07959945522289165
2.232,10.299814624693129,30.207288957259788,10.234719816772998,10.121558744692862,30.46644248311292,26.0,PUMP,1,0.07801374892418811
2.234,10.359898390167016,29.87579405028857,10.302214971439966,10.184788424054348,31.614839680742968,26.0,PUMP,1,0.07644543769249253
2.236,10.419315221941167,29.54041535333964,10.363574202955391,10.247363446669713,31.28751130768226,26.0,PUMP,1,0.07489473183441894
2.238,10.478057714495128,29.20151539541817,10.41726353053139,10.3068284760213,29.73251467579363,26.0,PUMP,1,0.07336182245198028
2.24,10.536119189456965,28.859458454931204,10.47708878125893,10.366419582854471,29.795553416585463,26.0,PUMP,1,0.07184688131197257
2.242,10.593493697095541,28.514608573717283,10.53691403198647,10.42609264005067,29.83652859809993,26.0,PUMP,1,0.07035006082410052
2.244,10.650176013967215,28.167327698764232,10.592137340350352,10.484208285155558,29.057822552443824,26.0,PUMP,1,0.06887149412112117
2.246,10.706161636979616,27.817973958561492,10.648894629502122,10.541848505676855,28.820110260648235,26.0,PUMP,1,0.0674112952338663
2.248,10.761446774147009,27.466900078982185,10.707185899441775,10.599716593494577,28.934043908861007,26.0,PUMP,1,0.0659695593537008
2.25,10.816028332319563,27.114451941653257,10.760875227017772,10.656122115227696,28.202760866559373,26.0,PUMP,1,0.06454636317477949
2.2520000000000002,10.869903902172954,26.76096728597114,10.813030573805884,10.711040075730061,27.458980251182652,26.0,PUMP,1,0.06314176530836961
2.254,10.923071740745364,26.406774554272797,10.868253882169768,10.766064907983958,27.512416126948658,26.0,PUMP,1,0.06175580676150454
2.2560000000000002,10.975530751806442,26.05219187818894,10.926545152109423,10.822232993427871,28.084042721956415,26.0,PUMP,1,0.060388511472315845
2.258,11.027280464337515,25.697526202895407,10.977166518109648,10.876459727066493,27.11336681931087,26.0,PUMP,1,0.059039886894547186
2.2600000000000002,11.0783210093946,25.34307254484253,11.024719922534103,10.928350795480156,25.945534206831766,26.0,PUMP,1,0.05770992462397434
2.262,11.128653095615933,24.98911337758023,11.0784092501101,10.980871254600636,26.26022956023988,26.0,PUMP,1,0.056398601059732885
2.2640000000000002,11.178277983624158,24.635918139504163,11.129030616110327,11.032727031129028,25.927888264195786,26.0,PUMP,1,0.05510587809387647
2.266,11.227197459560296,24.283742856718693,11.179651982110553,11.084150763972561,25.711866421766594,26.0,PUMP,1,0.05383170382284984
2.2680000000000002,11.275413807972525,23.932829873736406,11.228739367322893,11.134756775145178,25.30300558630838,26.0,PUMP,1,0.052576013274946695
2.27,11.322929784267858,23.58340768440062,11.273224810171577,11.183220587404417,24.231906129619674,26.0,PUMP,1,0.05133872914823284
2.2720000000000002,11.369748586919403,23.23569085521455,11.323846176171804,11.232439543473003,24.60947803429292,26.0,PUMP,1,0.050119762553834796
2.274,11.415873829606081,22.889880033175753,11.369865599808373,11.280538663190383,24.04955985868984,26.0,PUMP,1,0.04891901375992262
2.2760000000000002,11.46130951344596,22.546162030233617,11.41281706186917,11.326836102727958,23.14871976878763,26.0,PUMP,1,0.04773637293214386
2.278,11.506059999468624,22.20470997659787,11.45883648550574,11.373036236700182,23.10006698611211,26.0,PUMP,1,0.046571720866688884
2.2800000000000002,11.550129981456676,21.86568353531394,11.506389889930194,11.419710015330686,23.33688931525213,26.0,PUMP,1,0.04542492971258188
2.282,11.593524459271519,21.529229170774133,11.550875332778878,11.465617876437554,22.953930553433644,26.0,PUMP,1,0.0442958636801939
2.2840000000000003,11.636248712764218,21.195480464139603,11.59229281405179,11.509954104602537,22.16811408249164,26.0,PUMP,1,0.043184379733358744
2.286,11.678308276358512,20.86455846899631,11.636778256900474,11.554342557906814,22.19422665213866,26.0,PUMP,1,0.042090328262840135
2.2880000000000003,11.719708914380103,20.53657210094766,11.678195738173386,11.597691171000115,21.674306546650257,26.0,PUMP,1,0.041013553739244625
2.29,11.760456597194109,20.211618555248442,11.718079238658413,11.639826994680519,21.06791184020196,26.0,PUMP,1,0.03995389534379991
2.2920000000000003,11.800557478201227,19.889783747000617,11.76103070071921,11.68224829179406,21.210648556770906,26.0,PUMP,1,0.03891118757572022
2.294,11.840017871732604,19.571142768853726,11.800914201204238,11.723781360087623,20.76653414678109,26.0,PUMP,1,0.03788526083516008
2.2960000000000003,11.87884423187371,19.255760361575476,11.839263720901378,11.764200186372436,20.209413142406873,26.0,PUMP,1,0.036875941981013655
2.298,11.91704313223868,18.943691393275408,11.876079259810634,11.803357862075806,19.578837851685016,26.0,PUMP,1,0.0358830548630506
2.3000000000000003,11.954621246708538,18.634981343472266,11.915962760295661,11.842769576452756,19.70585718847495,26.0,PUMP,1,0.03490642082809001
2.302,11.991585331139538,18.32966678858993,11.954312279992802,11.881809522691773,19.51997311950837,26.0,PUMP,1,0.03394585920010391
2.3040000000000003,12.027942206041347,18.02777588584468,11.992661799689943,11.920607819641132,19.399148474679606,26.0,PUMP,1,0.0330011877343094
2.306,12.063698740219145,17.729328852845775,12.027943357811312,11.958175258000695,18.7837191797815,26.0,PUMP,1,0.0320722230454584
2.308,12.098861835368659,17.434338440570258,12.064758896720567,11.99547953155265,18.652136775977546,26.0,PUMP,1,0.031158781010663092
2.31,12.133438411608807,17.142810397690425,12.098506474054052,12.03153896142814,18.029714937744856,26.0,PUMP,1,0.030260677147207964
2.312,12.1674353939329,16.85474392452795,12.135322012963307,12.067863029465448,18.162034018653905,26.0,PUMP,1,0.029377726965895662
2.314,12.200859699556132,16.570132115181785,12.167535609508906,12.102748432480658,17.442701507604852,26.0,PUMP,1,0.028509746300554785
2.316,12.233718226134489,16.288962386628064,12.199749206054504,12.136698703231504,16.975135375423278,26.0,PUMP,1,0.027656551614404598
2.318,12.266017840828,16.011216893819423,12.235030764175875,12.171114924562033,17.20811066526462,26.0,PUMP,1,0.026817960284026852
2.32,12.297765370179533,15.73687293001928,12.265710379933587,12.204223333942076,16.554204690021557,26.0,PUMP,1,0.025993790861737098
2.322,12.32896759077899,15.465903311794204,12.299457957267071,12.237555452105825,16.66605908187435,26.0,PUMP,1,0.025183863317180786
2.324,12.359631220681809,15.198276748255807,12.328603592236899,12.269422301151701,15.933424522938111,26.0,PUMP,1,0.024387999259002733
2.326,12.389762911549957,14.933958194293275,12.360817188782496,12.30141051182248,15.994105335389364,26.0,PUMP,1,0.023606022137453258
2.328,12.419369241483272,14.672909187670175,12.388428842964439,12.331866927722166,15.228207949842698,26.0,PUMP,1,0.02283775742880199
2.33,12.448456708508846,14.415088169975409,12.420642439510036,12.36293835684792,15.535714562877168,26.0,PUMP,1,0.022083032802431523
2.332,12.477031724696225,14.160450791519423,12.448254093691977,12.39279886474334,14.930253947709637,26.0,PUMP,1,0.02134167827147852
2.334,12.5051006108665,13.908950200354141,12.477399728661805,12.422409167114802,14.805151185731447,26.0,PUMP,1,0.02061352632788073
2.336,12.532669591863755,13.660537315669702,12.50347740205586,12.450783049344173,14.186941114685325,26.0,PUMP,1,0.019898412062674647
2.338,12.559744792357959,13.41516108588412,12.531089056237803,12.478890151756943,14.053551206385073,26.0,PUMP,1,0.019196173272371938
2.34,12.586332233149015,13.172768731794413,12.56023469120763,12.507360740564684,14.235294403870391,26.0,PUMP,1,0.01850665055222262
2.342,12.612437827942534,12.933305975200662,12.587846345389572,12.535530702253395,14.0849808443555,26.0,PUMP,1,0.01782968737715099
2.344,12.63806738056868,12.696717253448842,12.610856057207856,12.561894576487456,13.181937117030529,26.0,PUMP,1,0.017165130171125868
2.346,12.663226582616428,12.46294592036494,12.638467711389797,12.588695173703275,13.40029860790981,26.0,PUMP,1,0.01651282836570142
2.348,12.687921011456474,12.231934434072798,12.661477423208082,12.614168961029957,12.736893663340965,26.0,PUMP,1,0.015872634448437832
2.35,12.712156128627106,12.003624532202014,12.689089077390024,12.640391001755981,13.111020363012038,26.0,PUMP,1,0.015244404001883764
2.352,12.735937278558286,11.777957395000822,12.710564808420422,12.664951834088535,12.280416166277064,26.0,PUMP,1,0.014627995733774497
2.354,12.759269687610319,11.55487379687293,12.736642481814478,12.690043560792615,12.545863352039888,26.0,PUMP,1,0.014023271499071314
2.356,12.782158463404434,11.334314246857291,12.758118212844877,12.713869689010908,11.913064109146276,26.0,PUMP,1,0.013430096314439772
2.358,12.804608594423708,11.11621911856643,12.782661905451048,12.737946964764957,12.038637877024527,26.0,PUMP,1,0.012848338365736124
2.36,12.826624949863747,10.900528770092569,12.804137636481446,12.761113699865728,11.583367550385582,26.0,PUMP,1,0.012277869009043697
2.362,12.848212279713564,10.687183654382103,12.825613367511846,12.783688583541869,11.2874418380704,26.0,PUMP,1,0.011718562765773674
2.364,12.86937521504809,10.47612442056815,12.850157060118017,12.80695255034352,11.631983400826051,26.0,PUMP,1,0.011170297312318235
2.366,12.890118268514694,10.267292006738376,12.87009881036053,12.829053741349474,11.050595502976712,26.0,PUMP,1,0.0106329534647179
2.368,12.910445834997079,10.06062772460155,12.888506579815157,12.849862234812463,10.404246731494204,26.0,PUMP,1,0.010106415158779924
2.37,12.930362192440768,9.856073336501316,12.911516291633442,12.871441154699806,10.789459943671531,26.0,PUMP,1,0.009590569426060024
2.372,12.94987150282534,9.653571125210064,12.92992406108807,12.891910171935699,10.234508617946503,26.0,PUMP,1,0.009085306366096328
2.374,12.968977813269374,9.453063956919506,12.948331830542697,12.911657752448148,9.873790256224702,26.0,PUMP,1,0.008590519115261848
2.376,12.987685057254911,9.254495337827922,12.971341542360982,12.93254707891764,10.44466323474591,26.0,PUMP,1,0.008106103812579882
2.378,13.005997055959003,9.057809464707235,12.988215331027725,12.952030967156169,9.741944119264545,26.0,PUMP,1,0.007631959562826142
2.38,13.02391751968069,8.862951269816163,13.00662310048235,12.971138213820332,9.553623332081429,26.0,PUMP,1,0.0071679883972214555
2.382,13.041450049352433,8.669866460508896,13.023496889149094,12.989463750185399,9.162768182533476,26.0,PUMP,1,0.0067140952319999225
2.384,13.058598138125744,8.478501553872052,13.040370677815835,13.007281174856052,8.90871233532664,26.0,PUMP,1,0.0062701878251193765
2.386,13.075365173021384,8.288803906706308,13.06031242805835,13.025842113476855,9.280469310401607,26.0,PUMP,1,0.005836176731363931
2.388,13.091754436635119,8.100721741153002,13.07718621672509,13.043812549613738,8.985218068441547,26.0,PUMP,1,0.005411975256071943
2.39,13.107769108890613,7.914204166250375,13.089458063028177,13.059788479308793,7.987964847527174,26.0,PUMP,1,0.004997499407707553
2.392,13.123412268831586,7.72920119568885,13.110933794058575,13.077689339471217,8.95043008121199,26.0,PUMP,1,0.004592667849479175
2.394,13.1386868964459,7.545663762020032,13.123205640361661,13.093620044782872,7.965352655827651,26.0,PUMP,1,0.004197401850194623
2.396,13.153595874514716,7.363543727559849,13.140079429028402,13.109880829268807,8.13039224296741,26.0,PUMP,1,0.0038116252345295693
2.398,13.16814199048034,7.182793892212543,13.152351275331487,13.124745485390745,7.432328060969162,26.0,PUMP,1,0.0034352643328737294
2.4,13.18232793832682,7.003367998429063,13.16922506399823,13.140313337903365,7.783926256309748,26.0,PUMP,1,0.0030682479309076696
2.402,13.196156320467761,6.825220733500773,13.181496910301314,13.154727588242647,7.20712516964106,26.0,PUMP,1,0.0027105072190522573
2.404,13.209629649636224,6.648307729377325,13.193768756604399,13.16839199716926,6.832204463306901,26.0,PUMP,1,0.0023619757419225786
2.406,13.222750350771921,6.472585560186026,13.20757458369537,13.182105902453399,6.856952642069203,26.0,PUMP,1,0.002022589347908681
2.408,13.235520762901313,6.298011737619061,13.221380410786342,13.195851980369929,6.873038958264743,26.0,PUMP,1,0.0016922861389962684
2.41,13.247943141006457,6.12454470434447,13.235186237877311,13.209618970497512,6.883495063791933,26.0,PUMP,1,0.0013710064209324015
2.412,13.260019657878841,5.952143825586906,13.245924103392511,13.222325767010762,6.353398256624843,26.0,PUMP,1,0.0010586926538331608
2.414,13.271752405954645,5.780769379014762,13.259729930483482,13.235417224226214,6.545728607726176,26.0,PUMP,1,0.0007552894033229793
2.416,13.283143399128212,5.610382543061372,13.272001776786567,13.248221817622337,6.4022966980612495,26.0,PUMP,1,0.000460743292288355
2.418,13.294194574540677,5.44094538379958,13.285807603877538,13.261376842811657,6.5775125946601065,26.0,PUMP,1,0.00017500295332245315
2.42,13.304907794341002,5.272420840480996,13.295011488604851,13.273148968839275,5.886063013808673,26.0,PUMP,1,-0.000101981018069111
2.422,13.315284847416837,5.104772709843784,13.304215373332166,13.284022210411786,5.43662078625573,26.0,PUMP,1,-0.00037025610943645145
2.424,13.32534223766116,4.952752394928896,13.314953238847366,13.294848070364239,5.412929976226444,11.213629959925791,PUMP,1,-0.0006143875400650345
2.426,13.335114243573209,4.81938332451818,13.324157123574679,13.305106238987893,5.129084311827015,6.185187938168975,PUMP,1,-0.0008329778316505838
2.428,13.344653759356344,4.720257999858367,13.334894989089879,13.315532301523588,5.2130312678473345,-11.816318826899066,PUMP,1,-0.0010123018573775767
2.43,13.35402435639328,4.650461211232131,13.344098873817192,13.32553060182635,4.99915015138086,-11.389231332935033,PUMP,1,-0.0011598781608278311
2.432,13.363294970862153,4.62027300184187,13.354836739332391,13.335787749953464,5.1285740635576005,-25.499734397162918,PUMP,1,-0.001267429436375906
2.434,13.372537088526496,4.62196291317817,13.365574604847591,13.34621314916641,5.212699606472526,-22.968217890803345,PUMP,1,-0.0013439272864628118
2.436,13.38180998739519,4.65105346052861,13.37324450878702,13.355674125033623,4.730487933606753,-22.655264020940148,PUMP,1,-0.0013942769148893785
2.438,13.391168248586643,4.7073251501681055,13.380914412726447,13.364508225726112,4.417050346244622,-26.0,PUMP,1,-0.0014186606138176993
2.44,13.400662701961137,4.7872461433196465,13.388584316665876,13.372934857555029,4.213315914458171,-26.0,PUMP,1,-0.0014201632711192953
2.442,13.41033758806759,4.8877588593750785,13.39778820139319,13.381633527898385,4.349335171678348,-26.0,PUMP,1,-0.0014011770190996563
2.444,13.420231443229374,5.006216558862565,13.40852606690839,13.391045916551887,4.70619432675079,-26.0,PUMP,1,-0.0013635798936047342
2.446,13.430377866247406,5.1403283756717295,13.420797913211475,13.401459115382742,5.206599415427782,-26.0,PUMP,1,-0.0013088669299542097
2.448,13.440806182490599,5.288111670442125,13.428467817150903,13.4109121610016,4.726522809428424,-26.0,PUMP,1,-0.0012382462471633455
2.45,13.451542019038332,5.447850727717393,13.442273644241874,13.421888680135696,5.488259567048459,-26.0,PUMP,1,-0.0011527094128218232
2.452,13.46260780271538,5.618060949997257,13.451477528969187,13.432244777227417,5.17804854586057,-26.0,PUMP,1,-0.001053082956534242
2.454,13.47402319127911,5.797457814890566,13.465283356060159,13.443808279818876,5.781751295729443,-26.0,PUMP,1,-0.0009400660983787793
2.456,13.485805446649133,5.9849299595273076,13.476021221575358,13.455082809433645,5.637264807384135,-26.0,PUMP,1,-0.0008142584220883118
2.458,13.49796975788284,6.179515841252509,13.483691125514786,13.465095720062044,5.0064553141995205,-26.0,PUMP,1,-0.0006761802322117873
2.46,13.510529520571824,6.380383497153993,13.499030933393643,13.476973044728103,5.938662333029754,-26.0,PUMP,1,-0.0005262876018898438
2.462,13.523496578443,6.5868129886868205,13.509768798908842,13.488451558691361,5.739256981629026,-26.0,PUMP,1,-0.0003649835769895804
2.464,13.536881432176036,6.79818117286398,13.520506664424042,13.4996708456978,5.609643503219353,-26.0,PUMP,1,-0.0001926266038616703
2.466,13.550693419779442,7.013948489322887,13.537380453090783,13.512869208285345,6.59918129377246,-26.0,PUMP,1,-9.536955121160207e-06
2.468,13.564925928348032,7.2187034054293155,13.549652299393868,13.525743290173327,6.4370409439913345,-11.056210727913992,PUMP,1,0.00016110861233972588
2.47,13.57957346443749,7.428976918676443,13.568060068848496,13.540554162709636,7.405436268154375,-26.0,PUMP,1,0.0003440045725906886
2.472,13.594594445926377,7.592149004143749,13.581865895939467,13.555013269340076,7.229553315220016,26.0,PUMP,1,0.00045470734554851986
2.474,13.609914663738046,7.728212457489856,13.594137742242552,13.568706834855943,6.8467827579334894,12.402752342040873,PUMP,1,0.0005219027713807079
2.476,13.625515573698118,7.872839950218694,13.607943569333523,13.582439691923096,6.866428533576219,-19.545948389886114,PUMP,1,0.0006031523847558739
2.478,13.641418130878257,8.029858414145538,13.62328337721238,13.596734981774345,7.1476449256246966,-24.41023021809483,PUMP,1,0.0007055480724456218
2.48,13.657633116532207,8.185266984583183,13.641691146667007,13.612469639486777,7.867328856216105,-11.958984694308896,PUMP,1,0.000805713063501164
2.482,13.674119667551281,8.301421720404,13.658564935333748,13.628602993033217,8.066676773220038,26.0,PUMP,1,0.0008370607235100302
2.484,13.690804608769387,8.383654286208245,13.67237076242472,13.643921712320243,7.659359643512609,26.0,PUMP,1,0.0008069579477631384
2.486,13.707648030247205,8.459898575405939,13.689244551091463,13.65978470589017,7.931496784963521,2.680677951276931,PUMP,1,0.0007643756493054543
2.488,13.724625906008301,8.518104816933159,13.71072028212186,13.67761215757126,8.913725840545617,15.613515062962088,PUMP,1,0.0006873794241754553
2.49,13.741694259510219,8.550372100325871,13.724526109212832,13.69403204064581,8.209941537274723,26.0,PUMP,1,0.0005613761479168495
2.492,13.758809813682426,8.565300862984213,13.741399897879573,13.710610790677627,8.28937501590854,20.933638224374956,PUMP,1,0.00040204335096811865
2.494,13.7759419471994,8.566946545723837,13.755205724970544,13.726219017680148,7.80411350126009,19.25950876631235,PUMP,1,0.00021700651247732062
2.496,13.793110969248133,8.602184573342212,13.773613494425172,13.742807084540907,8.2940334303796,-25.78015438220693,PUMP,1,9.186638729017076e-05
2.498,13.810349870936616,8.636821493954864,13.795089225455571,13.76110583386104,9.149374660066378,3.992005849500993,PUMP,1,-3.606596339785634e-05
2.5,13.827635578729447,8.648985763119313,13.8134969949102,13.779442740228246,9.168453183603376,26.0,PUMP,1,-0.00020690878997587682
2.5020000000000002,13.844926196791599,8.641726554582718,13.827302822001169,13.796193768848768,8.375514310261067,26.0,PUMP,1,-0.000414695576842641
2.504,13.862227391900381,8.65955759670634,13.844176610667912,13.812987763485468,8.396997318349975,-15.876263019033235,PUMP,1,-0.0005773209887599863
2.5060000000000002,13.879592718709013,8.705853256004339,13.861050399334653,13.829809686032682,8.410961273606965,-22.555573471305095,PUMP,1,-0.0006887857996528343
2.508,13.897078792297702,8.780299541366261,13.877924188001396,13.846649761721732,8.420037844524941,-26.0,PUMP,1,-0.0007494330092988142
2.5100000000000002,13.914738193766723,8.879176377196409,13.896331957456024,13.864038530228735,8.69438425350122,-26.0,PUMP,1,-0.0007655305871711263
2.512,13.932614558552078,8.997258074008158,13.914739726910652,13.881783949067405,8.872709419335045,-24.002054620802138,PUMP,1,-0.0007460303464344141
2.5140000000000002,13.950737798714224,9.126046840880297,13.93621545794105,13.90083497717318,9.525514052887374,-18.039333767220537,PUMP,1,-0.0007063422039178119
2.516,13.969083882744574,9.220096691733591,13.95002128503202,13.918050184923773,8.60760387529691,26.0,PUMP,1,-0.0007348771174070911
2.5180000000000002,13.987639983798806,9.336058337072357,13.966895073698764,13.93514589599502,8.54785553562376,-26.0,PUMP,1,-0.0007210421999850614
2.52,14.006447012665985,9.471018844196463,13.986836823941276,13.95323772077621,9.045912390594602,-26.0,PUMP,1,-0.0006695226696948296
2.5220000000000002,14.025540437249287,9.62244819047926,14.008312554971676,13.972513912744622,9.638095984206174,-26.0,PUMP,1,-0.0005842324345046047
2.524,14.044922021136363,9.759171973274333,14.025186343638417,13.99094926355745,9.217675406413939,2.9756083887935367,PUMP,1,-0.0005285454887828632
2.5260000000000002,14.064593282813085,9.91211948728062,14.04206013230516,14.008838067619148,8.944402030849119,-26.0,PUMP,1,-0.00043840062844929285
2.528,14.08458449026849,10.079110963529905,14.062001882547673,14.027445402844132,9.303667612491573,-26.0,PUMP,1,-0.0003171802957183164
2.5300000000000002,14.104921835404728,10.258250033835303,14.083477613578072,14.047056676601011,9.805636878439827,-26.0,PUMP,1,-0.0001677623904639252
2.532,14.125622509597267,10.44243249461062,14.103419363820585,14.066783617127863,9.863470263425711,-20.547092459450862,PUMP,1,-4.699687223684579e-06
2.5340000000000003,14.146700844389887,10.635902687750947,14.12642907563887,14.087659527606714,10.437955239425811,-25.50329494789617,PUMP,1,0.00018216069623028935
2.536,14.168129185679982,10.792430622315853,14.147904806669269,14.108745375278609,10.542923835947349,19.43971127620037,PUMP,1,0.00028773695662319583
2.5380000000000003,14.189839111794225,10.917478798397472,14.170914518487553,14.130504575401739,10.879600061564965,18.84957983127682,PUMP,1,0.0003219731640989286
2.54,14.2117646484275,11.008032189225169,14.189322287942181,14.151090774790894,10.293099694577812,26.0,PUMP,1,0.00027617245314031334
2.5420000000000003,14.23389333595157,11.120620511254138,14.212331999760465,14.172525203530244,10.717214369674544,-26.0,PUMP,1,0.000282386330420676
2.544,14.256237368349941,11.223367628895234,14.23534171157875,14.194510981347221,10.99288890848893,2.8548991751246606,PUMP,1,0.00026577070577189776
2.5460000000000003,14.278761192675251,11.300402854048789,14.255283461821264,14.215781349513136,10.635184082957494,19.948525420714077,PUMP,1,0.00018795447332738656
2.548,14.301462666044959,11.401006901396185,14.278293173639549,14.237660487957381,10.939569222122358,-26.0,PUMP,1,0.0001674490556563754
2.5500000000000003,14.324368124088423,11.504377478655535,14.299768904669946,14.25939843380678,10.86897292469935,-8.449854123023966,PUMP,1,0.00015452463469747303
2.552,14.347500163900317,11.627578318754644,14.325846578064002,14.282655284296808,11.628425245014284,-26.0,PUMP,1,0.00019156861484925965
2.5540000000000003,14.37084367310459,11.715836345832283,14.348856289882287,14.305825636251726,11.585175977458562,26.0,PUMP,1,0.00014327839337825027
2.556,14.394333716443134,11.774102017519759,14.370332020912686,14.328402870883062,11.288617315668326,25.575974690975535,PUMP,1,2.10359361339698e-05
2.5580000000000003,14.417958494656112,11.850560718625383,14.391807751943086,14.35059457925407,11.09585418550374,-18.75114533372704,PUMP,1,-5.439542042848765e-05
2.56,14.441759062703976,11.949881019471897,14.419419406125026,14.374683268658904,12.04434470241722,-26.0,PUMP,1,-7.050767831087018e-05
2.562,14.46572593029547,12.01684933620772,14.443963098731198,14.398931209184207,12.12397026265144,26.0,PUMP,1,-0.00016741772706444814
2.564,14.489798538339583,12.055610800665141,14.46390484897371,14.421671983110533,11.37038696316317,26.0,PUMP,1,-0.0003349864350897878
2.566,14.513976058001456,12.121750241501863,14.488448541579881,14.445043778574805,11.685897732135686,-26.0,PUMP,1,-0.00043030834408643026
2.568,14.538309404130386,12.211426151595798,14.516060195761822,14.46989952459026,12.427873007728074,-26.0,PUMP,1,-0.0004625980922278103
2.57,14.562790309965054,12.269298800854564,14.537535926792222,14.493572265360948,11.836370385343464,26.0,PUMP,1,-0.0005753841790008055
2.572,14.587411204502803,12.35140369479953,14.562079619398391,14.517549839274054,11.988786956552921,-26.0,PUMP,1,-0.0006222381769969004
2.574,14.612217101305687,12.454289471654263,14.585089331216675,14.54118866145397,11.819411089958543,-26.0,PUMP,1,-0.0006113185083671292
2.576,14.637246559689158,12.574953239741552,14.611167004610731,14.565681081558838,12.246210052433426,-26.0,PUMP,1,-0.0005494787291231464
2.578,14.662532521489393,12.710780411300084,14.638778658792674,14.591265233590681,12.792076015921694,-26.0,PUMP,1,-0.00044251632404211996
2.58,14.688053689017327,12.810146529484648,14.66485633218673,14.617022118099298,12.878442254308453,23.347003547441858,PUMP,1,-0.0004299865300313767
2.582,14.713743283614171,12.879195584274054,14.6894000247929,14.642354385442058,12.666133671380031,21.80567059968712,PUMP,1,-0.0004963954223292273
2.584,14.739582303298219,12.959559883667561,14.71394371739907,14.667410651627012,12.528133092477134,-16.050528433885788,PUMP,1,-0.000527731896205013
2.586,14.765601539775817,13.059400311214496,14.741555371581011,14.693361303610912,12.975325991949838,-26.0,PUMP,1,-0.0005007334527375694
2.588,14.79181235336038,13.151124772633592,14.764565083399296,14.718282626536846,12.460661462966982,-1.2968718966709092,PUMP,1,-0.0004914896513392407
2.59,14.81822399767327,13.260218690651623,14.793710718369123,14.744682458678144,13.199916070648854,-26.0,PUMP,1,-0.0004282605620648493
2.592,14.844838372395326,13.353842790334358,14.816720430187408,14.769895748706386,12.60664501412112,4.210254830732899,PUMP,1,-0.0004032323772189296
2.594,14.871656491191715,13.463950354170391,14.84433208436935,14.795948466188424,13.026358741019095,-26.0,PUMP,1,-0.0003253776527862816
2.596,14.898708789706026,13.588009718981755,14.871943738551291,14.822546811515428,13.299172663502112,-26.0,PUMP,1,-0.000200835645235653
2.598,14.926011047330235,13.713896460379885,14.899555392733232,14.849499814941659,13.476501713115319,-16.081646274409973,PUMP,1,-6.379380050100872e-05
2.6,14.953554459272507,13.82915114445862,14.925633066127288,14.876146452856629,13.323318957485064,-4.221405123308562,PUMP,1,4.9531236191512756e-05
2.602,14.981340593644406,13.9566059976793,14.95324472030923,14.90313084646504,13.492196804205214,-26.0,PUMP,1,0.0002066077975052677
2.604,15.009389030743009,14.091440743309882,14.983924336066943,14.931408567825706,14.13886068033321,-23.183732718049225,PUMP,1,0.00039413589574974206
2.606,15.037663974930272,14.183100516244007,15.010002009461,14.958916272398058,13.753852286176205,26.0,PUMP,1,0.0004601426288027462
2.608,15.066120124769553,14.272634591433732,15.039147644430827,14.986997252609527,14.040490105734271,-9.680233953981935,PUMP,1,0.0005275662123526842
2.61,15.094724848276453,14.331663033152887,15.063691337036996,15.013840182159141,13.421464774807212,18.585789894064384,PUMP,1,0.0005099602971236177
2.612,15.123465387417431,14.408439481297318,15.091302991218939,15.04095216533007,13.55599158546461,-26.0,PUMP,1,0.0005546122230167885
2.614,15.152374459371606,14.500184830142537,15.121982606976651,15.069312819906374,14.180327288151773,-26.0,PUMP,1,0.0006538646463810291
2.616,15.181443460736585,14.568358241790625,15.151128241946477,15.09794821762041,14.317698857017724,10.12331189807954,PUMP,1,0.0006890055395096205
2.618,15.210618043275254,14.605756487252124,15.181807857704191,15.127299091649734,14.67543701466223,20.047429100268044,PUMP,1,0.0006371512303008468
2.62,15.23983438448796,14.610108761807956,15.210953492674017,15.156578132008233,14.639520179249743,26.0,PUMP,1,0.0004910638517576678
2.622,15.269030377504556,14.58540154621516,15.235497185280188,15.184199800653417,13.81083432259178,26.0,PUMP,1,0.00026353890984634823
2.624,15.298203358430268,14.587090396696006,15.269244762613672,15.213965537339506,14.882868343044642,-26.0,PUMP,1,0.0001274027098577199
2.626,15.327350171486177,14.559227887478643,15.2983903975835,15.243514238424904,14.774350542698933,26.0,PUMP,1,-9.130851886539684e-05
2.628,15.356415231374083,14.505332836130743,15.327536032553327,15.272921866369852,14.703813972474222,26.0,PUMP,1,-0.00038086759446775975
2.63,15.385349525459166,14.42845901567541,15.356681667523153,15.302237796773507,14.657965201827494,26.0,PUMP,1,-0.0007307698046282486
2.632,15.414120911363584,14.34242264181887,15.38275934091721,15.330420337223803,14.091270225147667,14.834780539775585,PUMP,1,-0.0010975534375261484
2.634,15.44275270842422,14.288868240128501,15.414972937462808,15.360013747307455,14.796705041826286,-26.0,PUMP,1,-0.0013540988766668344
2.636,15.471255942385886,14.213857889736623,15.441050610856864,15.388376649549748,14.181451121146438,23.189187154815695,PUMP,1,-0.0016654749976772049
2.638,15.499639339937362,14.169030482505105,15.473264207402462,15.418087294798198,14.855322624224954,-26.0,PUMP,1,-0.001874924838040564
2.64,15.527910937469795,14.102056829453156,15.499341880796518,15.44652639989761,14.219552549706194,21.88803495704779,PUMP,1,-0.002141110253014066
2.642,15.556076873472373,14.0633682412015,15.528487515766345,15.475212790451668,14.343195277028542,-26.0,PUMP,1,-0.0023121190991986264
2.644,15.58418953110813,14.048777227483852,15.556099169948286,15.503523023275484,14.155116411908253,-26.0,PUMP,1,-0.0024013401378273624
2.646,15.61229347325409,14.054651116441983,15.583710824130229,15.531588753574646,14.032865149580687,-26.0,PUMP,1,-0.0024199583083490926
2.648,15.64042647851673,14.07783842317512,15.612856459100056,15.560032450508539,14.221848466946518,-26.0,PUMP,1,-0.0023773725097450404
2.65,15.668620439837738,14.11560507212244,15.642002094069882,15.588721825755009,14.344687623235153,-26.0,PUMP,1,-0.0022815244499673377
2.652,15.696902144079989,14.165579155582622,15.666545786676053,15.615960212077374,13.61919316118243,-26.0,PUMP,1,-0.002139159030904579
2.654,15.725293948524627,14.2257030869705,15.697225402433766,15.644403028702111,14.221408312368844,-26.0,PUMP,1,-0.0019560318155083523
2.656,15.753814368079988,14.294192160031853,15.727905018191478,15.67362872502339,14.612848160639125,-26.0,PUMP,1,-0.0017370754114640861
2.658,15.782478585157673,14.36949865738514,15.75244871079765,15.701215720044381,13.793497510495634,-26.0,PUMP,1,-0.0014865338024416738
2.66,15.81129889257228,14.450280766196581,15.781594345767477,15.729348239047464,14.066259501541722,-26.0,PUMP,1,-0.0012080715384656486
2.662,15.840285078436057,14.535375657908425,15.810739980737303,15.757835348638908,14.243554795721813,-26.0,PUMP,1,-0.0009048630922304339
2.664,15.869444760819379,14.623776174790738,15.83988561570713,15.786552942112786,14.358796736939183,-26.0,PUMP,1,-0.0005796664712164508
2.666,15.89878367890789,14.71461064045666,15.869031250676958,15.815420350110246,14.433703998729897,-26.0,PUMP,1,-0.00023488425076198874
2.668,15.928305946485878,14.807125375910692,15.898176885646786,15.844385137548034,14.482393718894038,-26.0,PUMP,1,0.0001273855109623738
2.67,15.958014272794344,14.900669558522123,15.927322520616613,15.873413221622037,14.514042037001573,-26.0,PUMP,1,0.0005053065528221982
2.672,15.987910155135442,14.994682109684666,15.95953611716221,15.903556235061098,15.07150671953017,-26.0,PUMP,1,0.0008972683739605913
2.674,16.017942047923533,15.0366821648827,15.988681752132038,15.933350166035927,14.896965487414704,26.0,PUMP,1,0.0011345794698175947
2.676,16.04801932615071,15.04007182169945,16.03699893775522,15.969627236137681,18.138535050876925,19.132322740726057,PUMP,1,0.0012585132782235615
2.678,16.078062660607518,15.002744526023946,16.050040983647463,15.997772047766105,14.072405814212097,26.0,PUMP,1,0.001261848936744702
2.68,16.10804767252962,14.981756279507097,16.07611865704152,16.0251933610125,13.710656623198147,-26.0,PUMP,1,0.0013273125441062988
2.682,16.138004490466162,14.974557452541372,16.10833225358712,16.054291973413616,14.549306200557055,-26.0,PUMP,1,0.0014465103953694852
2.684,16.16794444092845,14.964895964310633,16.13901186934483,16.08394393698954,14.825981787963016,-11.951731901547243,PUMP,1,0.0015673701384467734
2.686,16.197824619606823,14.914793957573542,16.168157504314657,16.11341868555333,14.737374281894589,26.0,PUMP,1,0.00156852461929715
2.688,16.22756921730158,14.829324871254958,16.19883712007237,16.143315137634993,14.948226040830903,25.982768268855203,PUMP,1,0.0014666752882058244
2.69,16.257111877196106,14.712867405041077,16.224914793466425,16.171875017175992,14.279939770499794,26.0,PUMP,1,0.0012768161369627017
2.692,16.28644513988652,14.619939270205833,16.257128390012024,16.201713697668602,14.919340246304813,-24.691203706219984,PUMP,1,0.0011705923339761434
2.694,16.31556193484346,14.49641159273105,16.287808005769737,16.231846705503997,15.066503917697815,26.0,PUMP,1,0.0009785051695660393
2.696,16.344404860521948,14.346082944197423,16.316953640739566,16.261634132836445,14.893713666223718,26.0,PUMP,1,0.0007138491993940108
2.698,16.372923621814106,14.172260991624503,16.344565294921505,16.290660039566216,14.512953364885561,26.0,PUMP,1,0.0003884456613312444
2.7,16.40107411328733,13.977827565116538,16.375244910679218,16.320264744455766,14.802352444775124,26.0,PUMP,1,1.2743784570785899e-05
2.702,16.428817623850055,13.765295016073733,16.40285656486116,16.349171881597655,14.453568570944597,26.0,PUMP,1,-0.00040406506714860124
2.704,16.456120146593072,13.536855032942853,16.428934238255216,16.377088706427802,13.95841241507334,26.0,PUMP,1,-0.0008539290154310174
2.706,16.48298780954941,13.330450269150539,16.455011911649272,16.40436182825532,13.636560913758089,-10.030296872447012,PUMP,1,-0.0012271991261114772
2.708,16.50947751208451,13.158908736910467,16.485691527406985,16.4328272229584,14.232697351541646,-26.0,PUMP,1,-0.001490767513944509
2.71,16.53560213453167,12.965383995587635,16.50870123922527,16.459383128651805,13.277952846701524,26.0,PUMP,1,-0.0018063335162702941
2.712,16.561372459448915,12.804624733319399,16.53324493183144,16.485234759764676,12.925815556435793,-26.0,PUMP,1,-0.0020222278105573067
2.714,16.58684946941923,12.672081694099893,16.559322605225496,16.51116550567596,12.965372955642707,-26.0,PUMP,1,-0.0021539344536103816
2.716,16.61208566061638,12.563817891467641,16.58693425940744,16.53768456948198,13.259531903008437,-26.0,PUMP,1,-0.002214234421806887
2.718,16.637126186020275,12.476427259971985,16.614545913589378,16.56458603991957,13.450735218794918,-26.0,PUMP,1,-0.002213733140267477
2.72,16.661992136092152,12.389253655441392,16.636021644619778,16.58958850156464,12.501230822536513,-8.289137079103801,PUMP,1,-0.002208288001000886
2.722,16.686701474455827,12.319826436170867,16.66056533722595,16.6144303940461,12.42094624072898,-26.0,PUMP,1,-0.002151933768666004
2.724,16.71128718074918,12.265632125494,16.686643010620006,16.639704809846968,12.637207900434433,-26.0,PUMP,1,-0.0020519329787428014
2.726,16.7357775494768,12.22449915135416,16.70965272243829,16.66418657925393,12.240884703480504,-26.0,PUMP,1,-0.0019143976766501335
2.728,16.760196828470836,12.194552484733368,16.735730395832345,16.689226915056373,12.520167901222123,-26.0,PUMP,1,-0.0017444924479827657
2.73,16.784565772663694,12.174174314906178,16.760274088438514,16.714093425740124,12.433255341875338,-26.0,PUMP,1,-0.0015465974321465029
2.732,16.808902124442177,12.161969957247399,16.784817781044687,16.738846950096722,12.376762178298861,-26.0,PUMP,1,-0.00132443995854363
2.734,16.833221030351257,12.156738296456888,16.80782749286297,16.762990140064908,12.071594984092826,-26.0,PUMP,1,-0.0010812014577446377
2.736,16.857535402614282,12.157446160934802,16.833905166257026,16.78781039923215,12.410129583621199,-26.0,PUMP,1,-0.0008196047879300318
2.738,16.881856232808296,12.163206104545145,16.85691487807531,16.811996966827255,12.0932837975527,-26.0,PUMP,1,-0.0005419859635666519
2.74,16.906192864055427,12.17325714179004,16.879924589893594,16.835771634900475,11.887334036609687,-26.0,PUMP,1,-0.00025035339158597375
2.742,16.930553227243788,12.186948042908266,16.90293430171188,16.859278568284466,11.75346669199584,-26.0,PUMP,1,5.356295549120704e-05
2.744,16.95494404605681,12.203722847846482,16.932079936681706,16.8847590472235,12.740239469517078,-26.0,PUMP,1,0.00036827051959340343
2.746,16.97931901524648,12.171108878876666,16.95662362928788,16.909911650946032,12.576301861265904,26.0,PUMP,1,0.0005565897809904994
2.748,17.00358589657811,12.095645971422053,16.98116732189405,16.934851135777837,12.469742415902374,26.0,PUMP,1,0.0006352110532920913
2.75,17.02766467078103,11.983013033152288,17.00417703371233,16.95911520005491,12.13203213853653,26.0,PUMP,1,0.0006196177409767013
2.7520000000000002,17.05150163536833,11.853847686835733,17.027186745530617,16.98294024097141,11.912520458249531,10.294114410830018,PUMP,1,0.0005638164461546098
2.754,17.075079219681673,11.723643905687121,17.05479839971256,17.008090596530813,12.575177779702074,-3.012681528123534,PUMP,1,0.0005074936396746044
2.7560000000000002,17.098366462164876,11.563516827325504,17.074740149955073,17.031417940229304,11.663671849245105,26.0,PUMP,1,0.0003788357896053682
2.758,17.121339943013894,11.4098929878488,17.099283842561242,17.055171006045484,11.876532908090098,-6.436901646324818,PUMP,1,0.00026897034578908866
2.7600000000000002,17.143979368615778,11.229471992185738,17.122293554379528,17.0786638979624,11.746445958458196,26.0,PUMP,1,9.694426569237073e-05
2.762,17.166234731364014,11.025840267741952,17.143769285409924,17.101450783569035,11.393442803317555,26.0,PUMP,1,-0.00012647267250093935
2.7640000000000002,17.18808881022669,10.828197825906269,17.168312978016097,17.12485255162551,11.700884028236658,-0.08560025790037978,PUMP,1,-0.00033126195531635663
2.766,17.209526722501593,10.609682956327253,17.189788709046496,17.147580206722854,11.36382754867249,26.0,PUMP,1,-0.000579385385909674
2.7680000000000002,17.23051471294768,10.378284827217987,17.211264440076892,17.169869688396766,11.144740836956046,20.823727518101688,PUMP,1,-0.00085078021955679
2.77,17.251040715066882,10.147702955625437,17.23120619031941,17.19133746406969,10.73388783646223,8.875777404787796,PUMP,1,-0.00111417150489063
2.7720000000000002,17.27113811883789,9.949694283757497,17.249613959774035,17.211734237566212,10.198386748260901,-22.953561598642885,PUMP,1,-0.0013021014028162265
2.774,17.290870811381968,9.782999075099355,17.271089690804434,17.23250864619959,10.387204316689491,-26.0,PUMP,1,-0.001420676013493015
2.7760000000000002,17.310297285084484,9.643482425118416,17.287963479471177,17.251917837844648,9.704595822528361,-26.0,PUMP,1,-0.0014811461670853152
2.778,17.329468317551147,9.527564538406196,17.30790522971369,17.271513424998812,9.797793577082103,-26.0,PUMP,1,-0.001492700866028351
2.7800000000000002,17.348428008000738,9.432146888373456,17.327846979956202,17.2912301692339,9.858372117543368,-26.0,PUMP,1,-0.0014628846007433312
2.782,17.36721467579725,9.354548199686096,17.349322710986602,17.311562558847346,10.166194806723539,-26.0,PUMP,1,-0.0013979231378673657
2.7840000000000003,17.38585191823758,9.282727704529563,17.366196499653345,17.330684438129445,9.56093964104987,-16.278793139232462,PUMP,1,-0.00132235395977931
2.786,17.40436030399964,9.22569757659729,17.386138249895858,17.35009327224769,9.704417059122505,-26.0,PUMP,1,-0.0012185400463902325
2.7880000000000003,17.422767506653294,9.181550580127414,17.4030120385626,17.36861484045791,9.26078410510911,-26.0,PUMP,1,-0.0010904993419851797
2.79,17.441097644029497,9.148638237592984,17.422953788805113,17.38763347237943,9.5093159607611,-26.0,PUMP,1,-0.000941597218958876
2.7920000000000003,17.45937176133249,9.12553642059109,17.442895539047626,17.4069751957133,9.670861666934982,-26.0,PUMP,1,-0.0007746633316639221
2.794,17.47759533226362,9.098097724482058,17.458235346926482,17.424916248637913,8.970526462306339,-13.082295566096578,PUMP,1,-0.0006173246146027461
2.7960000000000003,17.49577326294886,9.079901981992268,17.475109135593225,17.44248375907227,8.78375521717878,-26.0,PUMP,1,-0.000443227251571544
2.798,17.513922894122647,9.069804027038211,17.496584866623625,17.461419146715244,9.467693821486378,-26.0,PUMP,1,-0.00025455941200779215
2.8000000000000003,17.532036689893847,9.044072306412609,17.51499263607825,17.480169867992295,9.37536063852562,-3.2564156808869993,PUMP,1,-9.737161452342581e-05
2.802,17.550084165905986,9.003489783523069,17.534934386320764,17.49933744940726,9.58379070748272,-1.85736918670072,PUMP,1,2.9689333885864547e-05
2.8040000000000003,17.568009844163015,8.922279683939129,17.55027419419962,17.517165310084586,8.913930338662723,26.0,PUMP,1,7.719243455284013e-05
2.806,17.585787232518328,8.855204722089463,17.567147982866363,17.534659245558206,8.746967736810163,-23.240780421615984,PUMP,1,0.00015004108947430303
2.8080000000000003,17.603445579399363,8.803243052173318,17.584021771533106,17.55193612964942,8.638442045606709,-26.0,PUMP,1,0.00024975584540406527
2.81,17.621013203595687,8.76448691299763,17.605497502563505,17.57068261016935,9.373240259964888,-26.0,PUMP,1,0.000372542143123376
2.8120000000000003,17.638462866513287,8.685286356971236,17.616235368078705,17.586626075437625,7.9717326341377515,26.0,PUMP,1,0.000418017495635809
2.814,17.655771189227742,8.62315099480703,17.63464313753333,17.603432047171122,8.40298586674848,-26.0,PUMP,1,0.0004933845455482302
2.816,17.672965966937003,8.571745672818613,17.65611886856373,17.621872434658535,9.220193743706417,-21.824981426818507,PUMP,1,0.0005866519448329416
2.818,17.69001952288023,8.481933211316594,17.674526638018357,17.64030140583447,9.214485587968113,26.0,PUMP,1,0.0006079682749804746
2.82,17.706860287267354,8.358957394693023,17.689866445897213,17.65764916985643,8.673882010979739,26.0,PUMP,1,0.0005681023329265397
2.822,17.723426477366285,8.207361495863175,17.706740234563956,17.674831042504064,8.590936323816578,26.0,PUMP,1,0.00047696049340983145
2.824,17.739664789327687,8.031081130988497,17.7236140232307,17.691905085758385,8.537021627160968,26.0,PUMP,1,0.0003435181047844781
2.826,17.7555292633809,7.833524774890149,17.742021792685325,17.709445933182813,8.770423712213926,26.0,PUMP,1,0.00017581109493181035
2.828,17.7709802993666,7.617643581301941,17.752759658200524,17.72460573693901,7.579901878099093,26.0,PUMP,1,-1.9033661651872077e-05
2.83,17.786035324256453,7.437514009047664,17.772701408443037,17.741439221965422,8.416742513205122,-25.521162233628324,PUMP,1,-0.0001527488603985435
2.832,17.80070966070783,7.23695529451243,17.78650723553401,17.757213026714428,7.88690237450318,26.0,PUMP,1,-0.0003163073349504225
2.834,17.814978553052757,7.032069524684516,17.798779081837093,17.77176114600736,7.274059646466213,12.731411432274262,PUMP,1,-0.0004831443960679922
2.836,17.828871813416377,6.861322919381548,17.815652870503836,17.78712324958113,7.681051786883941,-25.051491107932986,PUMP,1,-0.0005961728605392872
2.838,17.842416916696372,6.683912045208671,17.829458697594806,17.801940656385916,7.408703402393968,11.3032126731124,PUMP,1,-0.0007171410394382766
2.84,17.855614426436006,6.513728743742141,17.841730543897892,17.81586711701511,6.963230314596558,-1.5950037205567649,PUMP,1,-0.0008259400750348575
2.842,17.868502303383995,6.374278770676056,17.85707035177675,17.830288249181685,7.210566083287517,-25.961404186117242,PUMP,1,-0.000891015852710667
2.844,17.881114655305094,6.238203383938522,17.86627423650406,17.842883344744518,6.297547781416668,-2.598762247440559,PUMP,1,-0.0009512131512416713
2.846,17.893481286441798,6.128557790112331,17.881614044382918,17.856439089617957,6.77787243671979,-26.0,PUMP,1,-0.0009764036262653025
2.848,17.905645584188722,6.0358701086729685,17.89541987147389,17.870082363267535,6.821636824788868,-19.948951280435175,PUMP,1,-0.0009801912840934571
2.85,17.91763042385308,5.94909994322302,17.90615773698909,17.88270874407008,6.313190401272095,-11.06461110730993,PUMP,1,-0.000977357400696126
2.852,17.929461893272066,5.882500275213347,17.91996356408006,17.895747931073572,6.519593501746357,-26.0,PUMP,1,-0.0009500927875119567
2.854,17.94117096856397,5.8267064801306,17.92763346801949,17.906907869004645,5.579968965536253,-19.217811360587863,PUMP,1,-0.000910596594596305
2.856,17.952784711965755,5.787169279094703,17.94143929511046,17.91899386814168,6.042999568517615,-26.0,PUMP,1,-0.0008522635763500547
2.858,17.964333579754456,5.761832049914588,17.95524512220143,17.931681807062592,6.3439694604561225,-26.0,PUMP,1,-0.0007777462426641129
2.86,17.975832928575187,5.737651625372567,17.964449006928742,17.943150327015744,5.7342599765757285,-14.737023249142112,PUMP,1,-0.0007031171242755903
2.862,17.98729629632842,5.725852416658718,17.97365289165606,17.953826224639855,5.337948812055515,-26.0,PUMP,1,-0.0006145767320688751
2.864,17.99874691130634,5.724900530745587,17.98592473795914,17.965060704301607,5.617239830876031,-26.0,PUMP,1,-0.0005138907112524488
2.866,18.010205141207297,5.733469246443792,17.995128622686458,17.975584475736305,5.261885717349202,-26.0,PUMP,1,-0.00040252015993743825
2.868,18.021688879927364,5.750411464486411,18.010468430565314,17.98779385992646,6.1046920950769135,-26.0,PUMP,1,-0.0002816803679341357
2.87,18.033193825505165,5.754678157861501,18.024274257656284,18.000561999131897,6.384069602718867,-5.942833447245447,PUMP,1,-0.00017722600201860355
2.872,18.04467459079849,5.726232645771262,18.035012123171484,18.012619542545753,6.028771706928282,15.91015127788661,PUMP,1,-0.00011411531662468624
2.874,18.056086639581142,5.685962508080237,18.041148046323027,18.022604518867798,4.992488161022379,-0.4901818921137072,PUMP,1,-6.684242277764764e-05
2.876,18.067433532082998,5.661077222235162,18.054953873413996,18.03392679295897,5.661137045585463,-26.0,PUMP,1,-2.28443948865854e-06
2.878,18.0787309268352,5.636465774429584,18.065691738929196,18.04504452404855,5.558865544790237,-12.81801285840206,PUMP,1,6.125372712009053e-05
2.88,18.089980701501542,5.613458136875304,18.081031546808052,18.057639982014376,6.297728982913142,-14.05999044344515,PUMP,1,0.00012537768071239214
2.882,18.101145914493127,5.55190456289478,18.088701450747482,18.06851149607096,5.435757028292798,26.0,PUMP,1,0.00014204436399293955
2.884,18.11219244031487,5.494770911249931,18.10557523941422,18.081483806241103,6.486155085070777,-11.702192417355894,PUMP,1,0.0001626836945831608
2.886,18.12309094663872,5.403884538704823,18.11017718177788,18.091526487678973,5.021340718935008,26.0,PUMP,1,0.00014276611775737537
2.888,18.133828567846013,5.333885012594092,18.120915047293078,18.10181248354391,5.142997932468418,-24.020420373491636,PUMP,1,0.0001460434160587749
2.89,18.144434745809637,5.272440845297724,18.131652912808278,18.112256633786437,5.222075121263714,-14.359248050495479,PUMP,1,0.00015795417694535515
2.892,18.154917891441197,5.210852282851836,18.14545873989925,18.12387737092592,5.8103685697421525,-6.684077311593815,PUMP,1,0.0001685743658470626
2.894,18.165245167085352,5.116569930137365,18.15619660541445,18.135189102996907,5.655866035493062,26.0,PUMP,1,0.00014204960857370748
2.896,18.175357629115446,4.996036821882158,18.16233252856599,18.144689301946087,4.7500994745899305,24.029260535345824,PUMP,1,8.681782104272588e-05
2.898,18.18524834705293,4.8948238001181466,18.177672336444846,18.156233364020654,5.772031037283298,-17.933575783383173,PUMP,1,5.227063657786647e-05
2.9,18.19490955414913,4.7665237408279975,18.185342240384276,18.16642147074792,5.094053363633222,26.0,PUMP,1,-1.0264619074280834e-05
2.902,18.204311107904374,4.6351676883141595,18.19454612511159,18.176265099775204,4.92181451364182,5.682297100026431,PUMP,1,-7.50206337217325e-05
2.904,18.213452409001274,4.506268209070875,18.203750009838902,18.1858848182975,4.809859261147409,0.6733294222926766,PUMP,1,-0.00013638578822343806
2.906,18.222340207422686,4.381662150187959,18.211419913778332,18.19482210171579,4.4686417091455155,-1.397898130171142,PUMP,1,-0.00019273748934190912
2.908,18.230994905509686,4.2731652339139075,18.222157779293532,18.204389588868,4.783743576105337,-13.694867816600787,PUMP,1,-0.00023346310617321903
2.91,18.23942960168612,4.161657721707636,18.22675972165719,18.212219135344217,3.9147732381081823,3.366303701568083,PUMP,1,-0.00027655335363799553
2.912,18.24766813157962,4.0769967263815206,18.239031567960275,18.221603486759836,4.692175707809554,-26.0,PUMP,1,-0.0002957116190066423
2.914,18.255730073801548,3.9850680647728614,18.248235452687588,18.23092467483455,4.660594037357413,4.6218881253010595,PUMP,1,-0.00032134664276011284
2.916,18.263600485743634,3.88546417998026,18.255905356627014,18.239667913461915,4.371619313682018,6.086325014260267,PUMP,1,-0.0003534278701538937
2.918,18.271274984282268,3.7891522735103593,18.263575260566444,18.2480354849485,4.1837857432920345,-3.772609243997441,PUMP,1,-0.0003826006576034566
2.92,18.27876498639361,3.700965489024846,18.274313126081644,18.2572326593451,4.598587198300308,-8.962495894563475,PUMP,1,-0.0004051404149591556
2.922,18.28606551460419,3.599675983754644,18.2789150684453,18.264821502530168,3.7944215925342917,11.262220664263728,PUMP,1,-0.00043784832478602144
2.924,18.293182354930273,3.5172752588478886,18.286584972384727,18.272438716979263,3.8086072245473446,-18.9030281417872,PUMP,1,-0.0004559045691531721
2.926,18.30014811032432,3.448589173539538,18.295788857112044,18.280611266025737,4.086274523237066,-16.170858313532264,PUMP,1,-0.0004638774607721122
2.928,18.3069755888469,3.378996675179445,18.3003907994757,18.287534102733225,3.46141835374425,-3.301270091636387,PUMP,1,-0.000472824917534238
2.93,18.313683848750422,3.3293691116200996,18.306526722627243,18.29418151969613,3.323708481453025,-23.974066987625818,PUMP,1,-0.0004677877359870633
2.932,18.320312260628512,3.2991478045619727,18.315730607354556,18.30172370037658,3.771090340224603,-26.0,PUMP,1,-0.00044953686092165336
2.934,18.326880391534146,3.269087586409034,18.318798568930326,18.30769990437039,2.988101996905357,-9.263096109801113,PUMP,1,-0.00043177947973399946
2.936,18.333405360172716,3.2559852431131664,18.326468472869756,18.31426890334517,3.28449948738907,-26.0,PUMP,1,-0.00040277168960074403
2.938,18.3399152193133,3.253978232318795,18.3326043960213,18.320686325781814,3.2087112183223354,-22.31664896906414,PUMP,1,-0.00036656090275959184
2.94,18.346431401708816,3.262308980234082,18.340274299960726,18.327542116744432,3.4278954813089513,-22.95405562341624,PUMP,1,-0.00032356558393311567
2.942,18.35296448672915,3.270881507074746,18.347944203900155,18.334682847248935,3.570365252251406,-14.150192733746035,PUMP,1,-0.00028072985874576847
2.944,18.35950835326448,3.2730910442509096,18.352546146263812,18.340935001904143,3.126077327603838,-7.489972163682494,PUMP,1,-0.00024270780670256347
2.946,18.36606387060314,3.2825328708765826,18.361750030991125,18.348220262084585,3.642630090221033,-20.148649490155996,PUMP,1,-0.0002000067244617822
2.948,18.372625977220295,3.279680797913082,18.364817992566895,18.354029467753392,2.9046028344037467,-1.4990263706721447,PUMP,1,-0.00016631666125569832
2.95,18.379193535668723,3.2879851551412047,18.372487896506325,18.360489917816917,3.2302250317624015,-23.22125625692062,PUMP,1,-0.0001252338690522993
2.952,18.38577625343497,3.2948407246934335,18.37708983886998,18.366299890185488,2.904986184285363,-12.015384555706476,PUMP,1,-8.552772805738712e-05
2.954,18.39237965570666,3.3086703585292723,18.38475974280941,18.37276083860386,3.230474209185985,-20.155001885938766,PUMP,1,-4.1242842636881206e-05
2.956,18.39900568525464,3.3174687297102405,18.39089566596095,18.37910802817884,3.1735947874906856,-8.989058710979185,PUMP,1,-8.252175746645361e-07
2.958,18.40564525691433,3.3222130468644515,18.39856556990038,18.38591816778138,3.4050698012695335,-9.20388228255475,PUMP,1,3.633710774754049e-05
2.96,18.412281960626085,3.3146010822494514,18.406235473839807,18.39302922490183,3.5555285602253406,-0.2702027430502792,PUMP,1,6.426768497783814e-05
2.962,18.418886121974683,3.2896704828792043,18.41237139699135,18.399798985133163,3.384880115666178,6.429377990253061,PUMP,1,7.939482988061062e-05
2.964,18.42542961553786,3.2539326146958,18.42004130093078,18.406883795662328,3.5424052645822712,2.314418500089003,PUMP,1,8.6379570738536e-05
2.966,18.43188549453952,3.2020547724099777,18.426177224082323,18.413636495609325,3.3763499734984492,9.171940171038846,PUMP,1,8.170598423941008e-05
2.968,18.438227705606486,3.140263074511942,18.432313147233863,18.420173323677915,3.2684140342951196,5.178616192797978,PUMP,1,6.99711447274176e-05
2.97,18.444439810972828,3.0719471680933825,18.43691508959752,18.426032941749778,2.929809035931541,3.1878993529880186,PUMP,1,5.373311692847323e-05
2.972,18.450518496347563,3.006841101281581,18.446118974324836,18.43306305315105,3.515055700635372,-5.602013355893696,PUMP,1,3.952096138449266e-05
2.974,18.456450201756393,2.924964968855126,18.44765295511272,18.438169518837633,2.553232843292008,14.02126162298897,PUMP,1,1.4655214302361367e-05
2.976,18.462230619594564,2.855551201802775,18.45839082062792,18.445246974464233,3.538727813300113,-12.905496692980897,PUMP,1,-2.2602705883760553e-06
2.978,18.467852775302166,2.766700368781211,18.46606072456735,18.452531787000325,3.6424062680460167,17.397858348646604,PUMP,1,-3.071854284317536e-05
2.98,18.473275371644384,2.655988638980682,18.46606072456735,18.457266915148782,2.3675640742286674,22.476753559522255,PUMP,1,-7.113860922304224e-05
2.982,18.478493470105914,2.562199181151947,18.475264609294662,18.46356610809984,3.1495964755290373,-13.333183273082039,PUMP,1,-0.00010091924117243412
2.984,18.48351673838994,2.4611552966606136,18.478332570870432,18.468734370069548,2.584130984853772,8.640778990647378,PUMP,1,-0.00013375723326203553
2.986,18.48834622579498,2.3684151337607413,18.484468494021975,18.474241313452897,2.7534716916743918,-5.897289139589979,PUMP,1,-0.00016131226680914297
2.988,18.492992067107853,2.277506190476159,18.492138397961405,18.480505293030873,3.131989788988321,-0.4822335206676599,PUMP,1,-0.00018715438643719727
2.99,18.497445828791996,2.176332327145184,18.492138397961405,18.48457687975656,2.035793362843208,11.417574544459136,PUMP,1,-0.00021702823296334954
2.992,18.50171480398155,2.0927166261912995,18.498274321112948,18.489370984231297,2.3970522373684133,-14.991214893621661,PUMP,1,-0.00023787296455423344
2.994,18.50582323062335,2.015781113182757,18.501342282688718,18.493560938691395,2.0949772300493663,-6.411532838950221,PUMP,1,-0.00025519668738412565
2.996,18.509789351908243,1.950408905914793,18.50747820584026,18.498431982193498,2.4355217510514393,-12.142168642569787,PUMP,1,-0.000267205853789285
2.998,18.51362650096047,1.8868067371747006,18.509012186628148,18.502135053745626,1.851535776063784,-3.848243203349466,PUMP,1,-0.0002782661814037028
3.0,18.517349351948557,1.8361089435489215,18.515148109779688,18.50668962335755,2.2772848059613437,-15.176126687611715,PUMP,1,-0.00028402898170236005
3.0020000000000002,18.52097279760114,1.7873997541351707,18.516682090567574,18.510186986881056,1.7486817617538009,-5.93931896441007,PUMP,1,-0.0002890174075727739
3.004,18.524510160037888,1.7500243051167612,18.522818013719117,18.514607846274377,2.2104296966602988,-15.507438559058267,PUMP,1,-0.0002897519327296492
3.0060000000000002,18.527973114084777,1.712990139251632,18.522818013719117,18.517481404880037,1.43677930283026,-5.98451193352236,PUMP,1,-0.0002904801556324961
3.008,18.531375265219296,1.6892204001731679,18.52895393687066,18.521496791076757,2.0076930983599084,-18.910796782323075,PUMP,1,-0.00028651232522599777
3.0100000000000002,18.534731402298785,1.6669753460351935,18.53202189844643,18.525180578656144,1.8418937896935716,-8.897524084441718,PUMP,1,-0.0002821791343143434
3.012,18.538046844245848,1.6485246193725425,18.536623840810087,18.529185720410023,2.002570876939558,-11.327278806823326,PUMP,1,-0.000276680403703689
3.0140000000000002,18.541325088657988,1.629777221111893,18.538157821597974,18.532325955825804,1.570117707890617,-7.699246806787708,PUMP,1,-0.00027146821407050603
3.016,18.544572469993,1.6176610607096902,18.54275976396163,18.535977788673343,1.8259164237690584,-14.544499041684961,PUMP,1,-0.00026412693016034274
3.0180000000000002,18.547796680876182,1.6066064205866422,18.54275976396163,18.538351480024243,1.1868456754502432,-9.815993206437577,PUMP,1,-0.0002565900950858398
3.02,18.551008293575176,1.6050627118634404,18.547361706325287,18.541505059229607,1.5767896026819272,-18.36316235219573,PUMP,1,-0.0002459406355211458
3.0220000000000002,18.554219698052144,1.6063982507006163,18.55042966790106,18.544628672264615,1.5618065175040385,-12.95538796218877,PUMP,1,-0.0002344216026178172
3.024,18.557436038933634,1.6099992585534424,18.55349762947683,18.54773280728889,1.552067512138322,-12.680006075054216,PUMP,1,-0.00022222403827968496
3.0260000000000002,18.560661244862235,1.6152635089167497,18.555031610264717,18.550287388330432,1.2772905207700802,-12.333761659552351,PUMP,1,-0.00020953775534501097
3.028,18.5639016592974,1.6252080880343625,18.56116753341626,18.554095439110473,1.9040253900204362,-15.525883890775686,PUMP,1,-0.00019529210190342392
3.0300000000000002,18.567156087775857,1.6292778542020854,18.56423549499203,18.557644458669017,1.774509779272293,-5.547641223445297,PUMP,1,-0.00018314362311910745
3.032,18.570415347735587,1.6300397090301164,18.5673034565678,18.56102510793359,1.6903246322872434,-7.283664658053927,PUMP,1,-0.0001722471479815773
3.0340000000000003,18.573674192076016,1.6288622813838334,18.570371418143573,18.564296316507086,1.6356042867471388,-8.164410940214864,PUMP,1,-0.00016214637617800634
3.036,18.576929424721126,1.6264280029443974,18.573439379719343,18.567496388631376,1.6000360621450938,-8.541898979521378,PUMP,1,-0.00015261330813867073
3.0380000000000003,18.580178819602185,1.6230244663104172,18.578041322083,18.571187115339445,1.8453633540342906,-8.615851444148952,PUMP,1,-0.00014355310132496425
3.04,18.583416038920284,1.6142522755995032,18.581109283658773,18.57465987425121,1.736379455882897,-4.041575403163836,PUMP,1,-0.00013649983086355048
3.0420000000000003,18.586632472278588,1.6022381880173628,18.584177245234542,18.577990954095377,1.6655399220830702,-5.407435562970389,PUMP,1,-0.00013072199711453003
3.044,18.589822787682763,1.5881339066258284,18.584177245234542,18.580156155994086,1.0826009493545286,-6.082873823178096,PUMP,1,-0.00012581855897718077
3.0460000000000003,18.59299017520409,1.5793099453137858,18.591847149173972,18.584248003607048,2.0459238064809426,-13.13128164116114,PUMP,1,-0.00011928090026027001
3.048,18.596129846628685,1.5604173631999592,18.593381129961855,18.58744459783123,1.5982971120909184,1.5563465290985852,PUMP,1,-0.00011628521253693032
3.0500000000000003,18.599230418173004,1.5402094137064029,18.594915110749742,18.590059277352708,1.3073397607392678,-5.811910414871613,PUMP,1,-0.00011387211395680422
3.052,18.60229309409077,1.5225211045929021,18.5995170531134,18.59336949886895,1.655110758120415,-9.4306457793428,PUMP,1,-0.00011077300518520306
3.0540000000000003,18.605317316132272,1.5017548933407023,18.601051033901285,18.596058036130266,1.3442686306586182,-4.128840950503365,PUMP,1,-0.00010881076100350106
3.056,18.60830143003952,1.4824122946316038,18.604118995477055,18.598879371901642,1.4106678856879995,-8.180069235623503,PUMP,1,-0.00010652378992434924
3.0580000000000003,18.61124690791711,1.4631182122205586,18.6102549186286,18.602860813256076,1.9907206772167285,-6.955727989703328,PUMP,1,-0.00010435100974097677
3.06,18.614143940941126,1.4339666122122665,18.613322880204368,18.60652253668798,1.8308617159519258,2.9821739058932972,PUMP,1,-0.0001053569694329347
3.0620000000000003,18.616976626511395,1.3987696427323975,18.613322880204368,18.608902656918715,1.1900601153680412,0.5214200335893566,PUMP,1,-0.00010826014251320805
3.064,18.619742560363893,1.3672137328943397,18.61945880335591,18.612597308171733,1.847325626508578,-8.324025839312895,PUMP,1,-0.00011010934367311259
3.0660000000000003,18.622438672629958,1.3289468370278525,18.61945880335591,18.614998831486194,1.200761657230487,1.575760733917405,PUMP,1,-0.00011392627991460452
3.068,18.62506150588698,1.2939334398689206,18.620992784143798,18.617096714916354,1.0489417150800762,-7.4614441190563365,PUMP,1,-0.00011680923445231292
3.0700000000000003,18.62761840383284,1.2630103709544582,18.628662688083228,18.62114480552476,2.0240453042035256,-8.70111072664914,PUMP,1,-0.00011858011361340202
3.072,18.63010242880234,1.2210591816878829,18.625594726507455,18.622702277868704,0.7787361719717723,5.902119808183902,PUMP,1,-0.00012329450945060884
3.074,18.632508682072977,1.1852372998135354,18.63019666887111,18.625325314719547,1.3115184254210988,-9.755536402309849,PUMP,1,-0.00012635568475613133
3.076,18.634843829576006,1.149952159111626,18.63019666887111,18.627030288672593,0.8524869765231813,-4.952940300399378,PUMP,1,-0.0001292563456242892
3.078,18.63711290828324,1.1191673374229112,18.633264630446885,18.629212308293596,1.0910098105014754,-8.96095713914396,PUMP,1,-0.00013104576379702478
3.08,18.63932230029026,1.0902644051542711,18.63786657281054,18.632241300874526,1.5144962904649617,-6.916078084767162,PUMP,1,-0.00013240153311404817
3.082,18.641470071484328,1.0575454341946047,18.63786657281054,18.63421014605213,0.9844225888020475,-1.4429847104408062,PUMP,1,-0.00013464761218229927
3.084,18.643554974977448,1.0273955897824736,18.64093453438631,18.636563681969093,1.1767679584817614,-7.293993611310139,PUMP,1,-0.0001363074099988698
3.086,18.64557976496154,0.997430858705882,18.64093453438631,18.63809348031512,0.764899173013589,-5.2283983338707705,PUMP,1,-0.00013792731345016056
3.088,18.647547768081285,0.9706077174002542,18.647070457537854,18.641235422343076,1.57097101397774,-8.185876512806637,PUMP,1,-0.00013888758215331793
3.09,18.649456294087155,0.9379526869255478,18.64860443832574,18.643814577937007,1.2895777969657019,0.39152810646651864,PUMP,1,-0.0001410487459104948
3.092,18.651298023845793,0.9038102788915026,18.647070457537854,18.644954135797303,0.5697789301475353,-3.1533864184121416,PUMP,1,-0.00014346631674183504
3.094,18.65307477616306,0.8729740856261051,18.650138419113624,18.646768634958015,0.9072495803561509,-7.728208653541993,PUMP,1,-0.0001452090886845264
3.096,18.654791560864357,0.8438415920594013,18.65167239990151,18.64848495268824,0.8581588651122019,-6.546975403566164,PUMP,1,-0.00014661566930121347
3.098,18.656451721296385,0.8163488046480598,18.653206380689397,18.650137452488643,0.8262499002018586,-6.6909576327950795,PUMP,1,-0.0001477178609455339
3.1,18.65805835613777,0.7903150445815528,18.656274342265167,18.652285363910426,1.0739557108916387,-6.710226083643845,PUMP,1,-0.00014856479082903985
3.102,18.659612107397916,0.7634642771945691,18.657808323053054,18.654218399610347,0.9665178499602689,-4.610604379966026,PUMP,1,-0.0001495476258029805
3.104,18.661112218096875,0.7366735225737353,18.660876284628824,18.656548659366813,1.1651298782329178,-5.361195617535595,PUMP,1,-0.00015051340668562044
3.106,18.662556713578923,0.707848062874045,18.660876284628824,18.658063328208517,0.7573344208520183,-3.2579217317037155,PUMP,1,-0.00015178148682254493
3.108,18.663944844275587,0.6803077253493957,18.660876284628824,18.659047862955624,0.4922673735539007,-6.290730733862093,PUMP,1,-0.00015283253852596033
3.11,18.6652790909773,0.6539631000950102,18.660876284628824,18.659687810541243,0.3199737928092361,-6.357893384724645,PUMP,1,-0.00015369362699801736
3.112,18.666560441797852,0.6274108934569796,18.663944246204597,18.66117756302342,0.7448762410877663,-5.0998431916666265,PUMP,1,-0.00015456834290207403
3.114,18.667789482429555,0.6016519703882562,18.667012207780367,18.66321968868835,1.0210628324660576,-6.059455750362994,PUMP,1,-0.00015532120691160627
3.116,18.668965674750396,0.5745616313273194,18.67008016935614,18.665620856922075,1.2005841168623022,-4.027747803494216,PUMP,1,-0.000156225118422733
3.118,18.6700845020088,0.5442858742917622,18.668546188568254,18.66664472299824,0.5119330380818354,-1.9842898819269505,PUMP,1,-0.00015747997202205624
3.12,18.671143891406157,0.5151226984275404,18.667012207780367,18.666773342671984,0.06430983687266689,-5.846704922142801,PUMP,1,-0.00015855579990292293
3.122,18.672141208910887,0.4822128614951751,18.668546188568254,18.667393838735677,0.31024803184642735,-1.126254604534851,PUMP,1,-0.00015997905337099004
3.124,18.673072922019376,0.4495171174208155,18.67314813093191,18.669407841004357,1.0070011343401575,-4.578823318360137,PUMP,1,-0.00016129781933341836
3.126,18.673938434371706,0.41601090915863603,18.671614150144023,18.67018004920324,0.3861040994408427,-3.5755753518886313,PUMP,1,-0.00016260672140970718
3.128,18.6747377094922,0.38327868817887323,18.674682111719797,18.671755771084033,0.7878609403970671,-5.045669963190623,PUMP,1,-0.00016375717715241673
3.13,18.67547208269411,0.35110781685043535,18.67314813093191,18.67224309703079,0.2436629733786333,-4.930935448726134,PUMP,1,-0.00016477676985568123
3.132,18.67614130142035,0.3181230337358529,18.67621609250768,18.6736336454477,0.6952742084553876,-3.6260861440130325,PUMP,1,-0.00016576944905100915
3.134,18.67674539629713,0.2859827887526425,18.677750073295567,18.675074395194454,0.7203748733761728,-5.172465431272181,PUMP,1,-0.0001666155667023043
3.136,18.677285736788956,0.2543674945858299,18.67621609250768,18.675473989254083,0.19979702981487435,-4.962916852856933,PUMP,1,-0.0001673457164095435
3.138,18.677761308155397,0.22121249044854874,18.677750073295567,18.676270618668603,0.398314707259928,-2.9665473140098797,PUMP,1,-0.00016806925396295708
3.14,18.678171019469637,0.18850624940601407,18.67621609250768,18.67625153451228,-0.009542078162283474,-4.748952169415274,PUMP,1,-0.00016867508261671197
3.142,18.678510807631568,0.15128807125519894,18.679284054083453,18.67731291636219,0.5306909249558345,0.1514122303631797,PUMP,1,-0.00016934252882150013
3.144,18.678777500115576,0.11540924686697394,18.677750073295567,18.67746592128887,0.07650246334023336,-5.099891097379062,PUMP,1,-0.0001698292296937327
3.146,18.678969677674406,0.07677179555234648,18.67621609250768,18.677028481215455,-0.21872003670786455,-1.1837084539732996,PUMP,1,-0.00017023700588842636
3.148,18.67907786091862,0.031413409759299016,18.680818034871336,18.678354824995015,0.6631718897800454,3.1419096993791475,PUMP,1,-0.0001705443033146893
3.15,18.679097531899,-0.011742072767414596,18.680818034871336,18.679216948451728,0.4310617283564966,-4.891711625320111,PUMP,1,-0.0001705955715555159
3.152,18.67912553064004,0.03974132132135225,18.679284054083453,18.67924043542283,0.011743485551107824,-4.724426394584051,PUMP,1,-0.00017038590488868837
3.154,18.67916055060574,-0.004720720762107715,18.679284054083453,18.679255701954048,0.007633265608930628,-0.17997021643231237,PUMP,1,-0.00017048208018496816
3.156,18.679185379535223,0.029550100316303507,18.674682111719797,18.677654945372062,-0.800378290993109,-0.11697797308024031,PUMP,1,-0.00017034175506655845
3.158,18.679190503560893,-0.024425981725836522,18.679284054083453,18.678225133421048,0.28509402449294896,4.362550181295619,PUMP,1,-0.0001703610299564326
3.16,18.679183671743512,0.017594040471424516,18.680818034871336,18.67913264892865,0.45375775380129824,-3.797112037048327,PUMP,1,-0.00017040528722619066
3.162,18.679170179766157,-0.031086262373831657,18.680818034871336,18.67972253400859,0.29494253996986686,-4.813507290156164,PUMP,1,-0.00017036215812295835
3.164,18.679154569090215,0.01547530341801804,18.679284054083453,18.67956906603479,-0.0767339868996686,-3.8166894664713107,PUMP,1,-0.00017047085272391694
3.166,18.679134907683707,-0.035137066309512875,18.677750073295567,18.67893241857606,-0.3183237293651331,1.1583335723184818,PUMP,1,-0.00017040395743252604
3.168,18.67910155442062,0.0017831985838812556,18.679284054083453,18.67905549100365,0.061536213793900174,4.05414256012268,PUMP,1,-0.00017060190656817035
3.17,18.67907888835048,-0.024449679583931957,18.679284054083453,18.67913548808158,0.03999853896630157,-0.9383789303630367,PUMP,1,-0.00017058374635861565
3.172,18.679066142849525,0.011703947558566071,18.679284054083453,18.679187486182236,0.025999050327740747,-0.6119824993214797,PUMP,1,-0.00017065835444026248
3.174,18.679032147383495,-0.04570002979770023,18.67621609250768,18.678147498396143,-0.5199938930466885,-0.39826566365599886,PUMP,1,-0.00017051809908173718
3.176,18.678970225070653,-0.01622340554222493,18.680818034871336,18.67908218616246,0.4673438831588328,5.029155563370675,PUMP,1,-0.0001708365209999115
3.178,18.678971787834488,0.017786197681414397,18.679284054083453,18.679152839934808,0.035326886173692174,-4.858624381537939,PUMP,1,-0.0001708277286446774
3.18,18.678947575279125,-0.041999191907300004,18.679284054083453,18.679198764886834,0.02296247601307755,-0.5407678194719105,PUMP,1,-0.00017072170932718817
3.182,18.678897051192983,-0.00852581010519251,18.680818034871336,18.67976550938141,0.28337224728858246,-0.3518059128284947,PUMP,1,-0.00017100310445327123
3.184,18.678913468508217,0.024943422911196618,18.679284054083453,18.679597000027126,-0.08425467714268109,-3.709817108083238,PUMP,1,-0.00017091167183451078
3.186,18.678903696006923,-0.034716101310992835,18.677750073295567,18.67895057567108,-0.3232121780225583,1.2684467670020376,PUMP,1,-0.0001708690180610963
3.188,18.67886346541173,-0.005515223155874566,18.67621609250768,18.67799350656389,-0.4785345535953667,4.092530060883872,PUMP,1,-0.00017107476664488723
3.19,18.678867227174315,0.009277053919955829,18.680818034871336,18.678982091471497,0.494292453803169,4.96139259841267,PUMP,1,-0.00017106130894718808
3.192,18.6788238292823,-0.052675732552855535,18.67621609250768,18.67801399183416,-0.48404981866845276,-4.9303403972119435,PUMP,1,-0.00017086130712779996
3.194,18.67874287115936,-0.028283857893316645,18.679284054083453,18.67845851362141,0.22226089362575863,4.9736794762932055,PUMP,1,-0.00017123391079656636
3.196,18.678714313515158,-0.0002743039731931095,18.679284054083453,18.678747452783124,0.14446958085656547,-3.12950363430146,PUMP,1,-0.00017137638353455947
3.198,18.678714313515158,0.0,18.677750073295567,18.67839836996248,-0.17454141032224868,-2.1392675955272704,PUMP,1,-0.00017137639156044425
3.2,18.678714313515158,0.0,18.679284054083453,18.67870835940482,0.1549947211696434,2.5483199613408365,PUMP,1,-0.00017137639156044425
3.202,18.678714313515158,0.0,18.679284054083453,18.67890985254234,0.10074656876035704,-2.2823962460812224,PUMP,1,-0.00017137639156044425
3.204,18.678714313515158,0.0,18.679284054083453,18.679040823081728,0.06548526969396562,-1.520024203805796,PUMP,1,-0.00017137639156044425
3.206,18.678714313515158,0.0,18.677750073295567,18.67858906065657,-0.22588121257882676,-0.9977944138126088,PUMP,1,-0.00017137639156044425
3.208,18.678714313515158,0.0,18.679284054083453,18.67883230835598,0.12162384970437756,3.1659195908670625,PUMP,1,-0.00017137639156044425
3.21,18.678714313515158,0.0,18.679284054083453,18.678990419360595,0.07905550230802305,-1.8202945019278685,PUMP,1,-0.00017137639156044425
3.212,18.678714313515158,0.0,18.679284054083453,18.679093191513594,0.051386076499682076,-1.2006818196142175,PUMP,1,-0.00017137639156044425
3.214,18.678714313515158,0.0,18.679284054083453,18.679159993413045,0.03340094972514862,-0.785005021982695,PUMP,1,-0.00017137639156044425
3.216,18.678714313515158,0.0,18.677750073295567,18.678666521371927,-0.24673602055891308,-0.511376026102992,PUMP,1,-0.00017137639156044425
3.218,18.678714313515158,0.0,18.679284054083453,18.67888265782096,0.10806822451669973,3.3925403048689673,PUMP,1,-0.00017137639156044425
3.22,18.678714313515158,0.0,18.674682111719797,18.677412466685553,-0.7350955677036808,-1.6261952677227063,PUMP,1,-0.00017137639156044425
3.222,18.678714313515158,0.0,18.67621609250768,18.676993735723297,-0.20936548112793218,4.710263774820089,PUMP,1,-0.00017137639156044425
3.224,18.678714313515158,0.0,18.677750073295567,18.67725845387359,0.13235907514719258,3.0312115208240558,PUMP,1,-0.00017137639156044425
3.226,18.678714313515158,0.0,18.677750073295567,18.677430520671283,0.08603339884594163,-2.0074124850972574,PUMP,1,-0.00017137639156044425
3.228,18.678714313515158,0.0,18.679284054083453,18.678079257365543,0.32436834712967766,-1.3277459781450867,PUMP,1,-0.00017137639156044425
3.23,18.678714313515158,0.0,18.677750073295567,18.677964042941053,-0.057607212244903394,-4.1465461963436105,PUMP,1,-0.00017137639156044425
3.232,18.678714313515158,0.0,18.682352015659223,18.679499833392413,0.7678952256799931,0.8905562061400497,PUMP,1,-0.00017137639156044425
3.234,18.678714313515158,0.0,18.679284054083453,18.67942431063428,-0.03776137906719157,-4.384767919908401,PUMP,1,-0.00017137639156044425
3.236,18.678714313515158,0.0,18.677750073295567,18.678838327565728,-0.29299153427508884,0.575995932336957,PUMP,1,-0.00017137639156044425
3.238,18.678714313515158,0.0,18.677750073295567,18.678457438571172,-0.19044449727800838,3.841159331647504,PUMP,1,-0.00017137639156044425
3.24,18.678714313515158,0.0,18.679284054083453,18.67874675400047,0.14465771464955424,2.7482658882639996,PUMP,1,-0.00017137639156044425
3.242,18.678714313515158,0.0,18.677750073295567,18.678397915753756,-0.17441912335769416,-2.1418481491226427,PUMP,1,-0.00017137639156044425
3.244,18.678714313515158,0.0,18.679284054083453,18.67870806416915,0.15507420769722557,2.5467540580393324,PUMP,1,-0.00017137639156044425
3.246,18.678714313515158,0.0,18.677750073295567,18.678372767363395,-0.16764840287741833,-2.283467364640904,PUMP,1,-0.00017137639156044425
3.248,18.678714313515158,0.0,18.680818034871336,18.679228610991174,0.4279218138893981,2.4593960849794443,PUMP,1,-0.00017137639156044425
3.25,18.678714313515158,0.0,18.67621609250768,18.67817422952195,-0.5271907346120486,-4.710734401886884,PUMP,1,-0.00017137639156044425
3.2520000000000002,18.678714313515158,0.0,18.677750073295567,18.678025774842716,-0.07422733961703898,5.035259049636469,PUMP,1,-0.00017137639156044425
3.254,18.678714313515158,0.0,18.677750073295567,18.677929279301214,-0.048247770751075336,1.1417956983445543,PUMP,1,-0.00017137639156044425
3.2560000000000002,18.678714313515158,0.0,18.679284054083453,18.678403450475,0.2370855868925048,0.7476083301883646,PUMP,1,-0.00017137639156044425
3.258,18.678714313515158,0.0,18.677750073295567,18.6781747684622,-0.11434100639995393,-3.2985463563915154,PUMP,1,-0.00017137639156044425
3.2600000000000002,18.678714313515158,0.0,18.682352015659223,18.679636804981158,0.7310182594792991,1.730302503556372,PUMP,1,-0.00017137639156044425
3.262,18.678714313515158,0.0,18.679284054083453,18.67951334216696,-0.061731407098974955,-4.547727662364856,PUMP,1,-0.00017137639156044425
3.2640000000000002,18.678714313515158,0.0,18.680818034871336,18.679969984613493,0.2283212232665477,0.9362627610304401,PUMP,1,-0.00017137639156044425
3.266,18.678714313515158,0.0,18.680818034871336,18.68026680220374,0.14840879512334482,-3.140563912724083,PUMP,1,-0.00017137639156044425
3.2680000000000002,18.678714313515158,0.0,18.680818034871336,18.6804597336374,0.09646571682964122,-2.1534721267058186,PUMP,1,-0.00017137639156044425
3.27,18.678714313515158,0.0,18.677750073295567,18.679511352517757,-0.4741905598208973,-1.431367078305203,PUMP,1,-0.00017137639156044425
3.2720000000000002,18.678714313515158,0.0,18.682352015659223,18.68050558461727,0.4971160497557747,4.848908475448715,PUMP,1,-0.00017137639156044425
3.274,18.678714313515158,0.0,18.680818034871336,18.68061494220619,0.0546787944610827,-4.832252424473918,PUMP,1,-0.00017137639156044425
3.2760000000000002,18.678714313515158,0.0,18.67621609250768,18.67907534481171,-0.7697986972399207,-0.8199075739565097,PUMP,1,-0.00017137639156044425
3.278,18.678714313515158,0.0,18.677750073295567,18.67861149978106,-0.23192251532577757,4.4097968971338535,PUMP,1,-0.00017137639156044425
3.2800000000000002,18.678714313515158,0.0,18.682352015659223,18.679920680338416,0.6545902786783131,3.233074848164265,PUMP,1,-0.00017137639156044425
3.282,18.678714313515158,0.0,18.679284054083453,18.67969786114918,-0.11140959461819477,-4.792920124544518,PUMP,1,-0.00017137639156044425
3.2840000000000003,18.678714313515158,0.0,18.679284054083453,18.679553028676175,-0.07241623650244833,1.6580617875173254,PUMP,1,-0.00017137639156044425
3.286,18.678714313515158,0.0,18.679284054083453,18.67945888756872,-0.04707055372676905,1.0947359110223323,PUMP,1,-0.00017137639156044425
3.2880000000000003,18.678714313515158,0.0,18.680818034871336,18.679934589124635,0.237850777956794,0.7165941743134896,PUMP,1,-0.00017137639156044425
3.29,18.678714313515158,0.0,18.680818034871336,18.68024379513598,0.15460300567227137,-3.246071587390495,PUMP,1,-0.00017137639156044425
3.2920000000000003,18.678714313515158,0.0,18.680818034871336,18.680444779043356,0.10049195368821984,-2.235891927898613,PUMP,1,-0.00017137639156044425
3.294,18.678714313515158,0.0,18.677750073295567,18.67950163203163,-0.47157350586246594,-1.4890705771793762,PUMP,1,-0.00017137639156044425
3.2960000000000003,18.678714313515158,0.0,18.682352015659223,18.68049926630129,0.49881713482946566,4.842657867391794,PUMP,1,-0.00017137639156044425
3.298,18.678714313515158,0.0,18.67621609250768,18.679000155473528,-0.7495554138809979,-4.835646840983751,PUMP,1,-0.00017137639156044425
3.3000000000000003,18.678714313515158,0.0,18.674682111719797,18.67748884015972,-0.7556576569029971,4.515358394538571,PUMP,1,-0.00017137639156044425
3.302,18.678714313515158,0.0,18.680818034871336,18.678654058308787,0.5826090745326695,4.610076189143237,PUMP,1,-0.00017137639156044425
3.3040000000000003,18.678714313515158,0.0,18.677750073295567,18.67833766355416,-0.15819737731348482,-5.008869709430741,PUMP,1,-0.00017137639156044425
3.306,18.678714313515158,0.0,18.677750073295567,18.67813200696365,-0.10282829525465331,2.335341738288426,PUMP,1,-0.00017137639156044425
3.3080000000000003,18.678714313515158,0.0,18.679284054083453,18.678535223455583,0.20160824596615612,1.5643835177884278,PUMP,1,-0.00017137639156044425
3.31,18.678714313515158,0.0,18.677750073295567,18.678260420899576,-0.13740127800332402,-2.8828525581216473,PUMP,1,-0.00017137639156044425
3.3120000000000003,18.678714313515158,0.0,18.677750073295567,18.67808179923817,-0.08931083070251589,2.0541568451820504,PUMP,1,-0.00017137639156044425
3.314,18.678714313515158,0.0,18.677750073295567,18.67796569515826,-0.05805203995556951,1.3663732978790193,PUMP,1,-0.00017137639156044425
3.3160000000000003,18.678714313515158,0.0,18.679284054083453,18.67842712078208,0.23071281190922832,0.8973258506060066,PUMP,1,-0.00017137639156044425
3.318,18.678714313515158,0.0,18.679284054083453,18.678727047437558,0.14996332773975496,-3.226719683232431,PUMP,1,-0.00017137639156044425
3.3200000000000003,18.678714313515158,0.0,18.680818034871336,18.67945889303938,0.3659228009116333,-2.2142939214482,PUMP,1,-0.00017137639156044425
3.322,18.678714313515158,0.0,18.682352015659223,18.680471485956325,0.5062964584716667,-4.3707918415520775,PUMP,1,-0.00017137639156044425
3.3240000000000003,18.678714313515158,0.0,18.679284054083453,18.68005588480082,-0.20780057775304783,-4.849505866598087,PUMP,1,-0.00017137639156044425
3.326,18.678714313515158,0.0,18.677750073295567,18.67924885077398,-0.40351701341911905,2.903646390453761,PUMP,1,-0.00017137639156044425
3.3280000000000003,18.678714313515158,0.0,18.67621609250768,18.678187385380774,-0.5307326966033088,4.597042014365735,PUMP,1,-0.00017137639156044425
3.33,18.678714313515158,0.0,18.677750073295567,18.67803432615095,-0.07652961491189103,5.0376644862184135,PUMP,1,-0.00017137639156044425
3.332,18.678714313515158,0.0,18.67621609250768,18.677397944375805,-0.31819088757245595,1.1763008566034352,PUMP,1,-0.00017137639156044425
3.334,18.678714313515158,0.0,18.680818034871336,18.67859497604924,0.5985158367174392,4.131036273804463,PUMP,1,-0.00017137639156044425
3.336,18.678714313515158,0.0,18.679284054083453,18.678836153361214,0.120588655986964,-4.999169328741609,PUMP,1,-0.00017137639156044425
3.338,18.678714313515158,0.0,18.679284054083453,18.678992918613996,0.07838262639126015,-1.8055914173398306,PUMP,1,-0.00017137639156044425
3.34,18.678714313515158,0.0,18.679284054083453,18.679094816028307,0.05094870715538491,-1.1906726538762553,PUMP,1,-0.00017137639156044425
3.342,18.678714313515158,0.0,18.677750073295567,18.678624156071848,-0.23532997822961477,-0.7783767169024634,PUMP,1,-0.00017137639156044425
3.344,18.678714313515158,0.0,18.679284054083453,18.67885512037591,0.11548215203127654,3.270414163315031,PUMP,1,-0.00017137639156044425
3.346,18.678714313515158,0.0,18.679284054083453,18.67900524717355,0.07506339881935276,-1.7327675562143847,PUMP,1,-0.00017137639156044425
3.348,18.678714313515158,0.0,18.67621609250768,18.678029043040496,-0.4881020665266078,-1.141217151608883,PUMP,1,-0.00017137639156044425
3.35,18.678714313515158,0.0,18.679284054083453,18.678468296905532,0.21962693251786902,4.982057372711804,PUMP,1,-0.00017137639156044425
3.352,18.678714313515158,0.0,18.680818034871336,18.679290705193562,0.411204144015187,-3.098757902884248,PUMP,1,-0.00017137639156044425
3.354,18.678714313515158,0.0,18.679284054083453,18.679288377305024,-0.0011639442689670432,-4.632169472292997,PUMP,1,-0.00017137639156044425
3.356,18.678714313515158,0.0,18.680818034871336,18.679823757453235,0.2676900741054311,0.017832329102481573,PUMP,1,-0.00017137639156044425
3.358,18.678714313515158,0.0,18.67621609250768,18.67856107472229,-0.6313413654730482,-3.5577490105610075,PUMP,1,-0.00017137639156044425
3.36,18.678714313515158,0.0,18.680818034871336,18.679351010774454,0.39496802608240955,4.951102277883947,PUMP,1,-0.00017137639156044425
3.362,18.678714313515158,0.0,18.679284054083453,18.679327575932604,-0.011717420925094757,-4.546658372811759,PUMP,1,-0.00017137639156044425
3.364,18.678714313515158,0.0,18.679284054083453,18.6793123432854,-0.007616323602022135,0.17938771135259263,PUMP,1,-0.00017137639156044425
3.366,18.678714313515158,0.0,18.679284054083453,18.679302442064717,-0.00495061034122557,0.11664095727335,PUMP,1,-0.00017137639156044425
3.368,18.678714313515158,0.0,18.677750073295567,18.678759112995515,-0.27166453460125695,0.07583039907364061,PUMP,1,-0.00017137639156044425
3.37,18.678714313515158,0.0,18.679284054083453,18.678942842376294,0.09186469038979794,3.6437643876888455,PUMP,1,-0.00017137639156044425
3.372,18.678714313515158,0.0,18.679284054083453,18.6790622664738,0.05971204875265812,-1.3900817443055364,PUMP,1,-0.00017137639156044425
3.374,18.678714313515158,0.0,18.67621609250768,18.678066105585657,-0.4980804440712916,-0.9108823832376447,PUMP,1,-0.00017137639156044425
3.376,18.678714313515158,0.0,18.677750073295567,18.677955494284124,-0.05530565076661276,5.000362394044156,PUMP,1,-0.00017137639156044425
3.378,18.678714313515158,0.0,18.679284054083453,18.678420490213888,0.23249796488222785,0.8554932651793432,PUMP,1,-0.00017137639156044425
3.38,18.678714313515158,0.0,18.680818034871336,18.679259630843994,0.4195703150529084,-3.246968757107785,PUMP,1,-0.00017137639156044425
3.382,18.678714313515158,0.0,18.680818034871336,18.679805072253565,0.2727207047854563,-4.6726823197335765,PUMP,1,-0.00017137639156044425
3.384,18.678714313515158,0.0,18.680818034871336,18.680159609169785,0.17726845810983605,-3.6074268988579505,PUMP,1,-0.00017137639156044425
3.386,18.678714313515158,0.0,18.677750073295567,18.679316271613807,-0.42166877798877067,-2.5296237623522235,PUMP,1,-0.00017137639156044425
3.388,18.678714313515158,0.0,18.680818034871336,18.67984188875394,0.2628085700671079,4.678490681285034,PUMP,1,-0.00017137639156044425
3.39,18.678714313515158,0.0,18.67621609250768,18.67857286006775,-0.6345143430959155,-3.508741885681528,PUMP,1,-0.00017137639156044425
3.392,18.678714313515158,0.0,18.679284054083453,18.678821777973244,0.12445895274737495,4.943808123592473,PUMP,1,-0.00017137639156044425
3.394,18.678714313515158,0.0,18.679284054083453,18.678983574611816,0.08089831928614899,-1.8604564699531962,PUMP,1,-0.00017137639156044425
3.396,18.678714313515158,0.0,18.67621609250768,18.67801495587537,-0.48430936822363435,-1.2280648989572185,PUMP,1,-0.00017137639156044425
3.398,18.678714313515158,0.0,18.679284054083453,18.678459140248197,0.2220921864140024,4.974232539316665,PUMP,1,-0.00017137639156044425
3.4,18.678714313515158,0.0,18.67621609250768,18.677674073539016,-0.3925333545904408,-3.127540698675815,PUMP,1,-0.00017137639156044425
3.402,18.678714313515158,0.0,18.679284054083453,18.67823756672957,0.2817465952773546,4.632710285856831,PUMP,1,-0.00017137639156044425
3.404,18.678714313515158,0.0,18.677750073295567,18.67806694402767,-0.08531135095068976,-3.764854728407381,PUMP,1,-0.00017137639156044425
3.406,18.678714313515158,0.0,18.677750073295567,18.677956039271432,-0.055452378118658885,1.3071772159301145,PUMP,1,-0.00017137639156044425
3.408,18.678714313515158,0.0,18.679284054083453,18.67842084445564,0.2324025921041084,0.8577303701277428,PUMP,1,-0.00017137639156044425
3.41,18.678714313515158,0.0,18.677750073295567,18.678186074549615,-0.11738495301294449,-3.2458894658649133,PUMP,1,-0.00017137639156044425
3.412,18.678714313515158,0.0,18.682352015659223,18.67964415393798,0.729039694181921,1.773721003178081,PUMP,1,-0.00017137639156044425
3.414,18.678714313515158,0.0,18.680818034871336,18.680055012264653,0.20542916333710082,-4.555687378263435,PUMP,1,-0.00017137639156044425
3.416,18.678714313515158,0.0,18.682352015659223,18.680858963452753,0.40197559405008576,-2.8758449964496364,PUMP,1,-0.00017137639156044425
3.418,18.678714313515158,0.0,18.680818034871336,18.68084463844926,-0.007162501747259853,-4.493376300176171,PUMP,1,-0.00017137639156044425
3.42,18.678714313515158,0.0,18.67621609250768,18.679224647369708,-0.8099955397753433,0.10773119266323,PUMP,1,-0.00017137639156044425
3.422,18.678714313515158,0.0,18.679284054083453,18.67924543971952,0.010396174905835665,4.176335513515081,PUMP,1,-0.00017137639156044425
3.424,18.678714313515158,0.0,18.677750073295567,18.678722061471134,-0.2616891241924435,-0.1593225024640479,PUMP,1,-0.00017137639156044425
3.426,18.678714313515158,0.0,18.679284054083453,18.678918758885445,0.0983487071550826,3.5458524025058558,PUMP,1,-0.00017137639156044425
3.428,18.678714313515158,0.0,18.677750073295567,18.678509718928986,-0.204519978229456,-1.4850632699590596,PUMP,1,-0.00017137639156044425
3.43,18.678714313515158,0.0,18.679284054083453,18.67878073623305,0.135508652032712,2.918903109585978,PUMP,1,-0.00017137639156044425
3.432,18.678714313515158,0.0,18.677750073295567,18.67842000420493,-0.18036601406024033,-2.0154546445975536,PUMP,1,-0.00017137639156044425
3.434,18.678714313515158,0.0,18.677750073295567,18.678185528386653,-0.11723790913897858,2.6224086966966547,PUMP,1,-0.00017137639156044425
3.436,18.678714313515158,0.0,18.677750073295567,18.67803311910477,-0.07620464094060253,1.7716280659115917,PUMP,1,-0.00017137639156044425
3.438,18.678714313515158,0.0,18.677750073295567,18.67793405307155,-0.04953301661103637,1.171435055700013,PUMP,1,-0.00017137639156044425
3.44,18.678714313515158,0.0,18.680818034871336,18.678943446701474,0.5046968149624576,0.7672932210688708,PUMP,1,-0.00017137639156044425
3.442,18.678714313515158,0.0,18.677750073295567,18.678525766009408,-0.20884034603341206,-4.951834507457386,PUMP,1,-0.00017137639156044425
3.444,18.678714313515158,0.0,18.679284054083453,18.678791166835325,0.13270041295854185,2.9700438918608736,PUMP,1,-0.00017137639156044425
3.446,18.678714313515158,0.0,18.679284054083453,18.67896367737217,0.08625526842287456,-1.9762995115513855,PUMP,1,-0.00017137639156044425
3.448,18.678714313515158,0.0,18.679284054083453,18.679075809221118,0.056065924473713835,-1.3074145043109837,PUMP,1,-0.00017137639156044425
3.45,18.678714313515158,0.0,18.67621609250768,18.678074908371414,-0.500450424851806,-0.8558311509667849,PUMP,1,-0.00017137639156044425
3.452,18.678714313515158,0.0,18.677750073295567,18.677961216094868,-0.056846138273058955,5.004227814218062,PUMP,1,-0.00017137639156044425
3.454,18.678714313515158,0.0,18.680818034871336,18.678961102666634,0.4999432858827646,0.8789684105315736,PUMP,1,-0.00017137639156044425
3.456,18.678714313515158,0.0,18.679284054083453,18.67907413566252,0.056516497943803756,-4.942436422615103,PUMP,1,-0.00017137639156044425
3.458,18.678714313515158,0.0,18.677750073295567,18.678610713834086,-0.2317109142175866,-0.8626405519969268,PUMP,1,-0.00017137639156044425
3.46,18.678714313515158,0.0,18.677750073295567,18.678309489645603,-0.15061209424160893,3.2307432524032658,PUMP,1,-0.00017137639156044425
3.462,18.678714313515158,0.0,18.677750073295567,18.67811369392309,-0.09789786125580235,2.2340546855680325,PUMP,1,-0.00017137639156044425
3.464,18.678714313515158,0.0,18.677750073295567,18.67798642670346,-0.0636336098160939,1.4925426737613576,PUMP,1,-0.00017137639156044425
3.466,18.678714313515158,0.0,18.680818034871336,18.678977489562214,0.4955314293777491,0.9820674004604407,PUMP,1,-0.00017137639156044425
3.468,18.678714313515158,0.0,18.677750073295567,18.67854789386889,-0.2147978466631173,-4.9330787668692215,PUMP,1,-0.00017137639156044425
3.47,18.678714313515158,0.0,18.679284054083453,18.678805549943988,0.12882803754976635,3.0395905169846227,PUMP,1,-0.00017137639156044425
3.472,18.678714313515158,0.0,18.679284054083453,18.6789730263928,0.08373822440610468,-1.9220395515589133,PUMP,1,-0.00017137639156044425
3.474,18.678714313515158,0.0,18.679284054083453,18.67908188608453,0.054429845864234494,-1.2701783611126214,PUMP,1,-0.00017137639156044425
3.476,18.678714313515158,0.0,18.679284054083453,18.67915264488415,0.035379399811574785,-0.8310908841586628,PUMP,1,-0.00017137639156044425
3.478,18.678714313515158,0.0,18.677750073295567,18.678661744828148,-0.24545002800202553,-0.5415689780689145,PUMP,1,-0.00017137639156044425
3.48,18.678714313515158,0.0,18.677750073295567,18.678342659791745,-0.15954251820105014,3.3789932892877887,PUMP,1,-0.00017137639156044425
3.482,18.678714313515158,0.0,18.680818034871336,18.6792090410696,0.4331906389278828,2.353145347223267,PUMP,1,-0.00017137639156044425
3.484,18.678714313515158,0.0,18.680818034871336,18.67977218890021,0.2815739153039232,-4.7335194694991545,PUMP,1,-0.00017137639156044425
3.486,18.678714313515158,0.0,18.680818034871336,18.680138234990103,0.18302304494710597,-3.6927982151202277,PUMP,1,-0.00017137639156044425
3.488,18.678714313515158,0.0,18.679284054083453,18.679839271672776,-0.149481658663575,-2.602126103583611,PUMP,1,-0.00017137639156044425
3.49,18.678714313515158,0.0,18.677750073295567,18.679108052240753,-0.3656097160114058,2.178800640392975,PUMP,1,-0.00017137639156044425
3.492,18.678714313515158,0.0,18.679284054083453,18.679169652885697,0.03080032247204656,4.388446070883007,PUMP,1,-0.00017137639156044425
3.494,18.678714313515158,0.0,18.67621609250768,18.67813590675339,-0.5168730661537779,-0.4716605513179352,PUMP,1,-0.00017137639156044425
3.496,18.678714313515158,0.0,18.679284054083453,18.67853775831891,0.20092578276020845,5.025998533530798,PUMP,1,-0.00017137639156044425
3.498,18.678714313515158,0.0,18.679284054083453,18.6787989618365,0.13060175879431313,-2.8744877990174857,PUMP,1,-0.00017137639156044425
3.5,18.678714313515158,0.0,18.677750073295567,18.678431850847172,-0.18355549466342325,-1.9469311263084623,PUMP,1,-0.00017137639156044425
3.5020000000000002,18.678714313515158,0.0,18.677750073295567,18.67819322870411,-0.11931107153095866,2.6625622878213813,PUMP,1,-0.00017137639156044425
3.504,18.678714313515158,0.0,18.677750073295567,18.67803812431112,-0.07755219649574485,1.8010937871114763,PUMP,1,-0.00017137639156044425
3.5060000000000002,18.678714313515158,0.0,18.67621609250768,18.677400413179914,-0.318855565602405,1.1916016158654759,PUMP,1,-0.00017137639156044425
3.508,18.678714313515158,0.0,18.680818034871336,18.678596580771913,0.5980837959995711,4.136435523609613,PUMP,1,-0.00017137639156044425
3.5100000000000002,18.678714313515158,0.0,18.679284054083453,18.67883719643095,0.12030782951910624,-4.999523524596557,PUMP,1,-0.00017137639156044425
3.512,18.678714313515158,0.0,18.680818034871336,18.679530489885085,0.3466467270669682,-1.8015992566366066,PUMP,1,-0.00017137639156044425
3.5140000000000002,18.678714313515158,0.0,18.679284054083453,18.679444237354513,-0.043126265286019816,-4.237751848073975,PUMP,1,-0.00017137639156044425
3.516,18.678714313515158,0.0,18.680818034871336,18.679925066485403,0.2404145654448797,0.6571172808904782,PUMP,1,-0.00017137639156044425
3.5180000000000002,18.678714313515158,0.0,18.680818034871336,18.68023760542048,0.1562694675385501,-3.2739726505513915,PUMP,1,-0.00017137639156044425
3.52,18.678714313515158,0.0,18.677750073295567,18.679366969176762,-0.43531812185904073,-2.257914060805281,PUMP,1,-0.00017137639156044425
3.5220000000000002,18.678714313515158,0.0,18.679284054083453,18.679337948894105,-0.01451014132847206,4.732007892669301,PUMP,1,-0.00017137639156044425
3.524,18.678714313515158,0.0,18.679284054083453,18.679319085710375,-0.009431591864839106,0.2220839368251997,PUMP,1,-0.00017137639156044425
3.5260000000000002,18.678714313515158,0.0,18.677750073295567,18.678769931365192,-0.27457717259160574,0.14442089268666375,PUMP,1,-0.00017137639156044425
3.528,18.678714313515158,0.0,18.679284054083453,18.678949874316583,0.0899714756954495,3.671686096469385,PUMP,1,-0.00017137639156044425
3.5300000000000002,18.678714313515158,0.0,18.679284054083453,18.679066837234988,0.058481459202397446,-1.3622310388679002,PUMP,1,-0.00017137639156044425
3.532,18.678714313515158,0.0,18.679284054083453,18.67914286313195,0.038012948481380704,-0.8923156104246373,PUMP,1,-0.00017137639156044425
3.5340000000000003,18.678714313515158,0.0,18.679284054083453,18.679192279964976,0.02470841651280864,-0.5817286568806023,PUMP,1,-0.00017137639156044425
3.536,18.678714313515158,0.0,18.679284054083453,18.679224400906442,0.016060470732881527,-0.3785223698415476,PUMP,1,-0.00017137639156044425
3.5380000000000003,18.678714313515158,0.0,18.677750073295567,18.678708386242636,-0.25800733190273206,-0.24611685076799614,PUMP,1,-0.00017137639156044425
3.54,18.678714313515158,0.0,18.679284054083453,18.67890986998692,0.10074187214215158,3.5088272712730135,PUMP,1,-0.00017137639156044425
3.5420000000000003,18.678714313515158,0.0,18.680818034871336,18.679577727696465,0.3339288547721253,-1.519955816214135,PUMP,1,-0.00017137639156044425
3.544,18.678714313515158,0.0,18.680818034871336,18.68001183520767,0.21705375560188145,-4.14283202808663,PUMP,1,-0.00017137639156044425
3.5460000000000003,18.678714313515158,0.0,18.67621609250768,18.67868332526267,-0.6642549724986679,-3.012221665340627,PUMP,1,-0.00017137639156044425
3.548,18.678714313515158,0.0,18.679284054083453,18.678893580349946,0.10512754363745103,4.862975817665005,PUMP,1,-0.00017137639156044425
3.5500000000000003,18.678714313515158,0.0,18.677750073295567,18.678493352880913,-0.20011373451644943,-1.5836596377659673,PUMP,1,-0.00017137639156044425
3.552,18.678714313515158,0.0,18.677750073295567,18.678233205026043,-0.13007392743524804,2.866142712099063,PUMP,1,-0.00017137639156044425
3.5540000000000003,18.678714313515158,0.0,18.679284054083453,18.678601002196135,0.18389858504619383,1.9525544931752437,PUMP,1,-0.00017137639156044425
3.556,18.678714313515158,0.0,18.677750073295567,18.678303177080934,-0.14891255760041133,-2.6615347763995847,PUMP,1,-0.00017137639156044425
3.5580000000000003,18.678714313515158,0.0,18.677750073295567,18.678109590756055,-0.09679316243982328,2.2111562039657535,PUMP,1,-0.00017137639156044425
3.56,18.678714313515158,0.0,18.677750073295567,18.677983759644885,-0.06291555558490813,1.476384694709146,PUMP,1,-0.00017137639156044425
3.5620000000000003,18.678714313515158,0.0,18.679284054083453,18.678438862698385,0.22755152675024704,0.9711871244470042,PUMP,1,-0.00017137639156044425
3.564,18.678714313515158,0.0,18.679284054083453,18.67873467968316,0.14790849238721648,-3.190616855083899,PUMP,1,-0.00017137639156044425
3.5660000000000003,18.678714313515158,0.0,18.680818034871336,18.67946385399902,0.3645871579305293,-2.1863119920626386,PUMP,1,-0.00017137639156044425
3.568,18.678714313515158,0.0,18.67621609250768,18.67832713747705,-0.5683582609847804,-4.361994210830687,PUMP,1,-0.00017137639156044425
3.5700000000000003,18.678714313515158,0.0,18.680818034871336,18.679198951565052,0.43590704400031655,5.0394825760847946,PUMP,1,-0.00017137639156044425
3.572,18.678714313515158,0.0,18.677750073295567,18.678691844170732,-0.25355369715995835,-4.744899071118143,PUMP,1,-0.00017137639156044425
3.5740000000000003,18.678714313515158,0.0,18.679284054083453,18.678899117640185,0.1036367347264644,3.463406231645283,PUMP,1,-0.00017137639156044425
3.576,18.678714313515158,0.0,18.679284054083453,18.679033845395328,0.06736387757122486,-1.5620403553622695,PUMP,1,-0.00017137639156044425
3.5780000000000003,18.678714313515158,0.0,18.677750073295567,18.67858452516041,-0.22466011745869707,-1.0260034980023531,PUMP,1,-0.00017137639156044425
3.58,18.678714313515158,0.0,18.677750073295567,18.678292467007715,-0.14602907634753137,3.1521987438849455,PUMP,1,-0.00017137639156044425
3.5820000000000003,18.678714313515158,0.0,18.677750073295567,18.678102629208464,-0.09491889962554012,2.172138152883705,PUMP,1,-0.00017137639156044425
3.584,18.678714313515158,0.0,18.680818034871336,18.67905302119047,0.47519599100276366,1.4489202326625346,PUMP,1,-0.00017137639156044425
3.586,18.678714313515158,0.0,18.682352015659223,18.680207669254532,0.5773240320312567,-4.8819401515080685,PUMP,1,-0.00017137639156044425
3.588,18.678714313515158,0.0,18.680818034871336,18.680421297220413,0.10681398294032363,-4.8978436063391095,PUMP,1,-0.00017137639156044425
3.59,18.678714313515158,0.0,18.677750073295567,18.679486368846717,-0.4674641868476215,-1.5791570368989112,PUMP,1,-0.00017137639156044425
3.592,18.678714313515158,0.0,18.677750073295567,18.678878665403815,-0.30385172145130923,4.832377421868407,PUMP,1,-0.00017137639156044425
3.594,18.678714313515158,0.0,18.679284054083453,18.67902055144169,0.07094301893673105,3.9353448764802716,PUMP,1,-0.00017137639156044425
3.596,18.678714313515158,0.0,18.680818034871336,18.679649670642064,0.3145596001878914,-1.0796434957981917,PUMP,1,-0.00017137639156044425
3.598,18.678714313515158,0.0,18.679284054083453,18.67952170484655,-0.06398289775688681,-3.9873940707641173,PUMP,1,-0.00017137639156044425
3.6,18.678714313515158,0.0,18.679284054083453,18.679438527079466,-0.0415888835423317,0.9697786849957101,PUMP,1,-0.00017137639156044425
3.602,18.678714313515158,0.0,18.679284054083453,18.679384461530862,-0.027032774301716245,0.6338961721176564,PUMP,1,-0.00017137639156044425
3.604,18.678714313515158,0.0,18.680818034871336,18.679886212200028,0.2508753345829007,0.41310127855555945,PUMP,1,-0.00017137639156044425
3.606,18.678714313515158,0.0,18.680818034871336,18.680212350134987,0.16306896747941835,-3.385652162092567,PUMP,1,-0.00017137639156044425
3.608,18.678714313515158,0.0,18.680818034871336,18.680424339792708,0.10599482886064493,-2.347084740197989,PUMP,1,-0.00017137639156044425
3.61,18.678714313515158,0.0,18.680818034871336,18.68056213307023,0.06889663876030738,-1.567521338247343,PUMP,1,-0.00017137639156044425
3.612,18.678714313515158,0.0,18.67621609250768,18.67904101887334,-0.760557098445247,-1.0301932570387193,PUMP,1,-0.00017137639156044425
3.614,18.678714313515158,0.0,18.679284054083453,18.679126081196877,0.04253116176933247,4.459018391950915,PUMP,1,-0.00017137639156044425
3.616,18.678714313515158,0.0,18.679284054083453,18.679181371707177,0.027645255149977288,-0.6505377663643033,PUMP,1,-0.00017137639156044425
3.618,18.678714313515158,0.0,18.680818034871336,18.679754203814632,0.28641605372747847,-0.42344012933073394,PUMP,1,-0.00017137639156044425
3.62,18.678714313515158,0.0,18.679284054083453,18.67958965140872,-0.08227620295642168,-3.73837340600568,PUMP,1,-0.00017137639156044425
3.622,18.678714313515158,0.0,18.679284054083453,18.679482692344877,-0.05347953192114119,1.2395636115395667,PUMP,1,-0.00017137639156044425
3.624,18.678714313515158,0.0,18.67621609250768,18.67833938240186,-0.5716549715089059,0.8129103895054034,PUMP,1,-0.00017137639156044425
3.626,18.678714313515158,0.0,18.679284054083453,18.67867001749042,0.16531754427973055,5.037626074113282,PUMP,1,-0.00017137639156044425
3.628,18.678714313515158,0.0,18.67621609250768,18.67781114374646,-0.4294368719790498,-2.4202259655912814,PUMP,1,-0.00017137639156044425
3.63,18.678714313515158,0.0,18.679284054083453,18.67832666236441,0.25775930897431465,4.805941468800978,PUMP,1,-0.00017137639156044425
3.632,18.678714313515158,0.0,18.677750073295567,18.678124856190315,-0.10090308704668871,-3.5225988467291574,PUMP,1,-0.00017137639156044425
3.634,18.678714313515158,0.0,18.677750073295567,18.677993682177153,-0.06558700658132466,1.5363855135285651,PUMP,1,-0.00017137639156044425
3.636,18.678714313515158,0.0,18.680818034871336,18.678982205620116,0.49426172148159253,1.0116328891436233,PUMP,1,-0.00017137639156044425
3.638,18.678714313515158,0.0,18.677750073295567,18.678550959306524,-0.21562315679624078,-4.930271855728884,PUMP,1,-0.00017137639156044425
3.64,18.678714313515158,0.0,18.680818034871336,18.679344435754206,0.39673822384145296,3.0491351961529745,PUMP,1,-0.00017137639156044425
3.642,18.678714313515158,0.0,18.677750073295567,18.678786408893682,-0.27901343026215386,-4.5564251400598,PUMP,1,-0.00017137639156044425
3.644,18.678714313515158,0.0,18.677750073295567,18.678423691434343,-0.18135872966951183,3.713630915897389,PUMP,1,-0.00017137639156044425
3.646,18.678714313515158,0.0,18.677750073295567,18.678187925085773,-0.11788317428518269,2.634938222466794,PUMP,1,-0.00017137639156044425
3.648,18.678714313515158,0.0,18.679284054083453,18.67857157023496,0.1918225745942692,1.7808089877616893,PUMP,1,-0.00017137639156044425
3.65,18.678714313515158,0.0,18.680818034871336,18.679357832857693,0.3931313113660906,-2.761643559189482,PUMP,1,-0.00017137639156044425
3.652,18.678714313515158,0.0,18.679284054083453,18.67933201028671,-0.012911285491412627,-4.536409467909831,PUMP,1,-0.00017137639156044425
3.654,18.678714313515158,0.0,18.679284054083453,18.67931522561557,-0.008392335569595843,0.19764350193281033,PUMP,1,-0.00017137639156044425
3.656,18.678714313515158,0.0,18.67621609250768,18.67823052902781,-0.5423482938802238,0.1285178000108689,PUMP,1,-0.00017137639156044425
3.658,18.678714313515158,0.0,18.679284054083453,18.678599262797285,0.1843668847367752,5.042816085568233,PUMP,1,-0.00017137639156044425
3.66,18.678714313515158,0.0,18.677750073295567,18.678302046471682,-0.14860816280126699,-2.6674988279647986,PUMP,1,-0.00017137639156044425
3.662,18.678714313515158,0.0,18.679284054083453,18.678645749135804,0.1718513320607684,2.207047200408795,PUMP,1,-0.00017137639156044425
3.664,18.678714313515158,0.0,18.679284054083453,18.67886915586748,0.11170336583887774,-2.506099192598498,PUMP,1,-0.00017137639156044425
3.666,18.678714313515158,0.0,18.677750073295567,18.678477476967313,-0.1958394500842786,-1.6785705925752783,PUMP,1,-0.00017137639156044425
3.668,18.678714313515158,0.0,18.677750073295567,18.678222885682203,-0.12729564255486991,2.8143875728610124,PUMP,1,-0.00017137639156044425
3.67,18.678714313515158,0.0,18.677750073295567,18.67805740134688,-0.0827421676614648,1.9137048587654024,PUMP,1,-0.00017137639156044425
3.672,18.678714313515158,0.0,18.680818034871336,18.67902362308044,0.4831108667797679,1.2690129674774813,PUMP,1,-0.00017137639156044425
3.674,18.678714313515158,0.0,18.679284054083453,18.679114773931495,0.04557542552774407,-4.903419421739449,PUMP,1,-0.00017137639156044425
3.676,18.678714313515158,0.0,18.67621609250768,18.67810023543316,-0.5072692491676634,-0.6968284380285545,PUMP,1,-0.00017137639156044425
3.678,18.678714313515158,0.0,18.677750073295567,18.677977678685004,-0.06127837407809977,5.014326357616974,PUMP,1,-0.00017137639156044425
3.68,18.678714313515158,0.0,18.677750073295567,18.6778980167987,-0.03983094315174185,0.9463557305368135,PUMP,1,-0.00017137639156044425
3.682,18.678714313515158,0.0,18.67621609250768,18.677309343296844,-0.2943367509278261,0.6183038706022119,PUMP,1,-0.00017137639156044425
3.684,18.678714313515158,0.0,18.674682111719797,18.676389812244878,-0.4597655259832578,3.92640423779096,PUMP,1,-0.00017137639156044425
3.686,18.678714313515158,0.0,18.677750073295567,18.67686590361262,0.2380456838704248,5.013004221503586,PUMP,1,-0.00017137639156044425
3.688,18.678714313515158,0.0,18.677750073295567,18.677175363001652,0.15472969451657548,-3.3708567884950016,PUMP,1,-0.00017137639156044425
3.69,18.678714313515158,0.0,18.682352015659223,18.6789871914318,0.905914215074688,-2.3204476642535172,PUMP,1,-0.00017137639156044425
3.692,18.678714313515158,0.0,18.679284054083453,18.67909109335988,0.051950964039093606,-3.5532773859344613,PUMP,1,-0.00017137639156044425
3.694,18.678714313515158,0.0,18.677750073295567,18.67862173633737,-0.23467851125502648,-0.7935636392885402,PUMP,1,-0.00017137639156044425
3.696,18.678714313515158,0.0,18.680818034871336,18.679390440824257,0.38435224344368635,3.263305509937393,PUMP,1,-0.00017137639156044425
3.698,18.678714313515158,0.0,18.67621609250768,18.678279418913455,-0.5555109554009618,-4.485799205953366,PUMP,1,-0.00017137639156044425
3.7,18.678714313515158,0.0,18.677750073295567,18.678094147947196,-0.09263548312965497,5.043662526857771,PUMP,1,-0.00017137639156044425
3.702,18.678714313515158,0.0,18.677750073295567,18.677973721819125,-0.06021306403525273,1.4153758789600577,PUMP,1,-0.00017137639156044425
3.704,18.678714313515158,0.0,18.679284054083453,18.67843233811164,0.22930814625787832,0.9301802932705195,PUMP,1,-0.00017137639156044425
3.706,18.678714313515158,0.0,18.679284054083453,18.678730438701777,0.149050295068065,-3.2107164179928245,PUMP,1,-0.00017137639156044425
3.708,18.678714313515158,0.0,18.677750073295567,18.678387310809605,-0.17156394608619507,-2.2018725551900458,PUMP,1,-0.00017137639156044425
3.71,18.678714313515158,0.0,18.679284054083453,18.678701170955453,0.15693007292405525,2.510072635415559,PUMP,1,-0.00017137639156044425
3.712,18.678714313515158,0.0,18.677750073295567,18.678368286774493,-0.16644209047989023,-2.308433330591234,PUMP,1,-0.00017137639156044425
3.714,18.678714313515158,0.0,18.679284054083453,18.67868880533263,0.1602592790685975,2.4436976586320296,PUMP,1,-0.00017137639156044425
3.716,18.678714313515158,0.0,18.680818034871336,18.67943403567118,0.37261516927422633,-2.35301228550266,PUMP,1,-0.00017137639156044425
3.718,18.678714313515158,0.0,18.679284054083453,18.679381542115475,-0.02624677785156848,-4.413930779763679,PUMP,1,-0.00017137639156044425
3.72,18.678714313515158,0.0,18.680818034871336,18.679884314580026,0.25138623227505263,0.40113672024225666,PUMP,1,-0.00017137639156044425
3.722,18.678714313515158,0.0,18.67621609250768,18.678600436854705,-0.6419388626603961,-3.3910167529991644,PUMP,1,-0.00017137639156044425
3.724,18.678714313515158,0.0,18.67621609250768,18.677765916333247,-0.41726026072907985,4.925724101491367,PUMP,1,-0.00017137639156044425
3.726,18.678714313515158,0.0,18.677750073295567,18.677760371270058,-0.002772531594530392,4.754237296242176,PUMP,1,-0.00017137639156044425
3.728,18.678714313515158,0.0,18.680818034871336,18.678830553530506,0.5350911302244299,0.04324024908612448,PUMP,1,-0.00017137639156044425
3.73,18.678714313515158,0.0,18.677750073295567,18.678452385448278,-0.18908404111428467,-4.995453636634655,PUMP,1,-0.00017137639156044425
3.732,18.678714313515158,0.0,18.677750073295567,18.678206576194828,-0.12290462672481794,2.7314530412494307,PUMP,1,-0.00017137639156044425
3.734,18.678714313515158,0.0,18.679284054083453,18.678583693455845,0.18855863050859512,1.8519494739651368,PUMP,1,-0.00017137639156044425
3.736,18.678714313515158,0.0,18.679284054083453,18.67882881967551,0.12256310983183027,-2.7206170964575027,PUMP,1,-0.00017137639156044425
3.738,18.678714313515158,0.0,18.677750073295567,18.67845125844253,-0.18878061649019173,-1.8336172534156794,PUMP,1,-0.00017137639156044425
3.74,18.678714313515158,0.0,18.679284054083453,18.678742736916853,0.14573923716199033,2.727695678334851,PUMP,1,-0.00017137639156044425
3.742,18.678714313515158,0.0,18.677750073295567,18.678395304649403,-0.17371613372496597,-2.156667568048703,PUMP,1,-0.00017137639156044425
3.744,18.678714313515158,0.0,18.67621609250768,18.6776325803998,-0.3813621248021093,2.5377439261071264,PUMP,1,-0.00017137639156044425
3.746,18.678714313515158,0.0,18.677750073295567,18.677673702913317,0.020561256759421553,4.5704540850944895,PUMP,1,-0.00017137639156044425
3.748,18.678714313515158,0.0,18.679284054083453,18.678237325822863,0.2818114547729067,-0.32073564007332706,PUMP,1,-0.00017137639156044425
3.75,18.678714313515158,0.0,18.679284054083453,18.67860368071407,0.18317744560292226,-3.7654833857098646,PUMP,1,-0.00017137639156044425
3.7520000000000002,18.678714313515158,0.0,18.679284054083453,18.678841811393355,0.11906533964278765,-2.6523390783139664,PUMP,1,-0.00017137639156044425
3.754,18.678714313515158,0.0,18.67621609250768,18.677922809783368,-0.4595008049932403,-1.7839184113341895,PUMP,1,-0.00017137639156044425
3.7560000000000002,18.678714313515158,0.0,18.679284054083453,18.678399245288396,0.23821775251420263,4.911059486012685,PUMP,1,-0.00017137639156044425
3.758,18.678714313515158,0.0,18.679284054083453,18.678708928366667,0.15484153913547516,-3.3111725680017092,PUMP,1,-0.00017137639156044425
3.7600000000000002,18.678714313515158,0.0,18.679284054083453,18.67891022236754,0.10064700043699304,-2.2803316235936735,PUMP,1,-0.00017137639156044425
3.762,18.678714313515158,0.0,18.679284054083453,18.679041063468112,0.06542055028546656,-1.518574310976235,PUMP,1,-0.00017137639156044425
3.7640000000000002,18.678714313515158,0.0,18.679284054083453,18.679126110183482,0.04252335768484272,-0.9968219389619023,PUMP,1,-0.00017137639156044425
3.766,18.678714313515158,0.0,18.680818034871336,18.67971828382423,0.2960868203736311,-0.6504190216125098,PUMP,1,-0.00017137639156044425
3.7680000000000002,18.678714313515158,0.0,18.679284054083453,18.67956630341496,-0.07599020463544548,-3.8270107460246,PUMP,1,-0.00017137639156044425
3.77,18.678714313515158,0.0,18.679284054083453,18.679467516148932,-0.04939363301303956,1.1473973023528223,PUMP,1,-0.00017137639156044425
3.7720000000000002,18.678714313515158,0.0,18.680818034871336,18.679940197701775,0.2363407764214287,0.7515545640266517,PUMP,1,-0.00017137639156044425
3.774,18.678714313515158,0.0,18.679284054083453,18.679710547435363,-0.1148251332061534,-3.229541967213592,PUMP,1,-0.00017137639156044425
3.7760000000000002,18.678714313515158,0.0,18.677750073295567,18.679024381486435,-0.3430829744637265,1.706081687561503,PUMP,1,-0.00017137639156044425
3.778,18.678714313515158,0.0,18.677750073295567,18.678578373619633,-0.22300393340124458,4.239488246361431,PUMP,1,-0.00017137639156044425
3.7800000000000002,18.678714313515158,0.0,18.679284054083453,18.67882536178197,0.12349408116918426,3.1335104629209503,PUMP,1,-0.00017137639156044425
3.782,18.678714313515158,0.0,18.680818034871336,18.679522797363248,0.34871779063827546,-1.846805631105918,PUMP,1,-0.00017137639156044425
3.7840000000000003,18.678714313515158,0.0,18.677750073295567,18.67890234393956,-0.3102267118446633,-4.252671726832775,PUMP,1,-0.00017137639156044425
3.786,18.678714313515158,0.0,18.680818034871336,18.67957283576568,0.3352459130603336,3.988623627506494,PUMP,1,-0.00017137639156044425
3.7880000000000003,18.678714313515158,0.0,18.677750073295567,18.67893486890114,-0.3189834322689933,-4.152925188811866,PUMP,1,-0.00017137639156044425
3.79,18.678714313515158,0.0,18.677750073295567,18.67852019043919,-0.20733923097537854,4.059374410829427,PUMP,1,-0.00017137639156044425
3.7920000000000003,18.678714313515158,0.0,18.680818034871336,18.67932443599044,0.4021227756254575,2.9523418058840623,PUMP,1,-0.00017137639156044425
3.794,18.678714313515158,0.0,18.677750073295567,18.678773409047235,-0.27551347160326145,-4.585464948242973,PUMP,1,-0.00017137639156044425
3.7960000000000003,18.678714313515158,0.0,18.680818034871336,18.67948902808567,0.357809519217156,3.6805974771533476,PUMP,1,-0.00017137639156044425
3.798,18.678714313515158,0.0,18.679284054083453,18.679417287184894,-0.03587045038777603,-4.316385880692807,PUMP,1,-0.00017137639156044425
3.8000000000000003,18.678714313515158,0.0,18.68388599644711,18.68098133542667,0.78202412088757,0.547346822462909,PUMP,1,-0.00017137639156044425
3.802,18.678714313515158,0.0,18.677750073295567,18.679850393680784,-0.5654708729423419,-4.189764937200069,PUMP,1,-0.00017137639156044425
3.8040000000000003,18.678714313515158,0.0,18.677750073295567,18.679115281545958,-0.36755606741323277,4.928997346583177,PUMP,1,-0.00017137639156044425
3.806,18.678714313515158,0.0,18.677750073295567,18.678637458658322,-0.23891144381771312,4.400437869341291,PUMP,1,-0.00017137639156044425
3.8080000000000003,18.678714313515158,0.0,18.677750073295567,18.67832687378136,-0.15529243848177998,3.3092382350730145,PUMP,1,-0.00017137639156044425
3.81,18.678714313515158,0.0,18.677750073295567,18.67812499361133,-0.10094008501404517,2.296729678204542,PUMP,1,-0.00017137639156044425
3.8120000000000003,18.678714313515158,0.0,18.679284054083453,18.678530664776574,0.20283558262157442,1.5369242267739636,PUMP,1,-0.00017137639156044425
3.814,18.678714313515158,0.0,18.680818034871336,18.67933124430974,0.4002897665831284,-2.897861879894445,PUMP,1,-0.00017137639156044425
3.8160000000000003,18.678714313515158,0.0,18.679284054083453,18.67931472773054,-0.008258289600604485,-4.575692082412723,PUMP,1,-0.00017137639156044425
3.818,18.678714313515158,0.0,18.677750073295567,18.6787670986783,-0.27381452611940915,0.12646635000699039,PUMP,1,-0.00017137639156044425
3.8200000000000003,18.678714313515158,0.0,18.677750073295567,18.678411139794342,-0.17797944197894822,3.6644043263071535,PUMP,1,-0.00017137639156044425
3.822,18.678714313515158,0.0,18.677750073295567,18.678179766519772,-0.11568663728489526,2.592169651768736,PUMP,1,-0.00017137639156044425
3.8240000000000003,18.678714313515158,0.0,18.679284054083453,18.67856626716706,0.19325032364392314,1.7495203713439706,PUMP,1,-0.00017137639156044425
3.826,18.678714313515158,0.0,18.679284054083453,18.678817492587797,0.1256127103683724,-2.779496668866824,PUMP,1,-0.00017137639156044425
3.8280000000000003,18.678714313515158,0.0,18.679284054083453,18.678980789111275,0.08164826173917561,-1.8767557007459323,PUMP,1,-0.00017137639156044425
3.83,18.678714313515158,0.0,18.679284054083453,18.679086931851536,0.053071370130552964,-1.2391961428690281,PUMP,1,-0.00017137639156044425
3.8320000000000003,18.678714313515158,0.0,18.680818034871336,18.679692817908467,0.3029430284655632,-0.810531410599325,PUMP,1,-0.00017137639156044425
3.834,18.678714313515158,0.0,18.679284054083453,18.679549750569713,-0.07153366937728833,-3.8879114798201564,PUMP,1,-0.00017137639156044425
3.8360000000000003,18.678714313515158,0.0,18.677750073295567,18.678919863523763,-0.31494352297478656,1.0817037482707879,PUMP,1,-0.00017137639156044425
3.838,18.678714313515158,0.0,18.677750073295567,18.678510436943895,-0.20471328993387772,4.027084034481964,PUMP,1,-0.00017137639156044425
3.84,18.678714313515158,0.0,18.679284054083453,18.67878120294274,0.13538299942261744,2.9212039328893273,PUMP,1,-0.00017137639156044425
3.842,18.678714313515158,0.0,18.677750073295567,18.67842030756623,-0.180447688254759,-2.0137062149161906,PUMP,1,-0.00017137639156044425
3.844,18.678714313515158,0.0,18.680818034871336,18.679259512123018,0.4196022783933273,2.623440627451896,PUMP,1,-0.00017137639156044425
3.846,18.678714313515158,0.0,18.677750073295567,18.67873120853341,-0.2641517948038796,-4.672832496956746,PUMP,1,-0.00017137639156044425
3.848,18.678714313515158,0.0,18.679284054083453,18.678924704475925,0.09674797125747148,3.5703516085772464,PUMP,1,-0.00017137639156044425
3.85,18.678714313515158,0.0,18.677750073295567,18.6785135835628,-0.2055604565622815,-1.4616742685181499,PUMP,1,-0.00017137639156044425
3.852,18.678714313515158,0.0,18.677750073295567,18.678246354969268,-0.13361429676628234,2.9312731876872196,PUMP,1,-0.00017137639156044425
3.854,18.678714313515158,0.0,18.679284054083453,18.67860954965923,0.18159734498190971,2.001803215714734,PUMP,1,-0.00017137639156044425
3.856,18.678714313515158,0.0,18.679284054083453,18.67884562620771,0.11803827423939595,-2.6321412587581006,PUMP,1,-0.00017137639156044425
3.858,18.678714313515158,0.0,18.677750073295567,18.67846218268846,-0.19172175962545168,-1.7692811791813814,PUMP,1,-0.00017137639156044425
3.86,18.678714313515158,0.0,18.679284054083453,18.67874983767671,0.14382749412433782,2.763999943255307,PUMP,1,-0.00017137639156044425
3.862,18.678714313515158,0.0,18.67621609250768,18.67786302686755,-0.4434054045798774,-2.1304544089324593,PUMP,1,-0.00017137639156044425
3.864,18.678714313515158,0.0,18.677750073295567,18.677823493117355,-0.01976687509674946,4.858736789315254,PUMP,1,-0.00017137639156044425
3.866,18.678714313515158,0.0,18.679284054083453,18.67833468945549,0.2555981690672837,0.30782726223060114,PUMP,1,-0.00017137639156044425
3.868,18.678714313515158,0.0,18.67621609250768,18.677593180523758,-0.3707544658659856,-3.4998290001336887,PUMP,1,-0.00017137639156044425
3.87,18.678714313515158,0.0,18.679284054083453,18.678184986269653,0.2959028729474511,4.507064081601504,PUMP,1,-0.00017137639156044425
3.872,18.678714313515158,0.0,18.67621609250768,18.677495873452962,-0.3445564083452979,-3.8986396271181003,PUMP,1,-0.00017137639156044425
3.874,18.678714313515158,0.0,18.679284054083453,18.678121736673635,0.31293161033651984,4.332554622687319,PUMP,1,-0.00017137639156044425
3.876,18.678714313515158,0.0,18.67621609250768,18.67745476121555,-0.3334877290424032,-4.050358737360986,PUMP,1,-0.00017137639156044425
3.878,18.678714313515158,0.0,18.680818034871336,18.678631906995076,0.5885728897627729,4.251117767203603,PUMP,1,-0.00017137639156044425
3.88,18.678714313515158,0.0,18.679284054083453,18.67886015847601,0.11412574046687496,-5.00604194076544,PUMP,1,-0.00017137639156044425
3.882,18.678714313515158,0.0,18.677750073295567,18.678471628662855,-0.19426490657714623,-1.7133429076749285,PUMP,1,-0.00017137639156044425
3.884,18.678714313515158,0.0,18.680818034871336,18.679292870835823,0.41062108648404205,2.7951809841897366,PUMP,1,-0.00017137639156044425
3.886,18.678714313515158,0.0,18.679284054083453,18.679289784972493,-0.0015429316650994451,-4.629256357790619,PUMP,1,-0.00017137639156044425
3.888,18.678714313515158,0.0,18.679284054083453,18.679287779161328,-0.0010029055825810929,0.02363820743854664,PUMP,1,-0.00017137639156044425
3.89,18.678714313515158,0.0,18.680818034871336,18.679823368659832,0.2677947492522037,0.01536523737836144,PUMP,1,-0.00017137639156044425
3.892,18.678714313515158,0.0,18.67621609250768,18.678560822006578,-0.6312733266273796,-3.5587912521490264,PUMP,1,-0.00017137639156044425
3.894,18.678714313515158,0.0,18.679284054083453,18.678813953233483,0.12656561345281148,4.95125582020579,PUMP,1,-0.00017137639156044425
3.896,18.678714313515158,0.0,18.67314813093191,18.67683091542793,-0.9915189027758231,-1.8901976382247385,PUMP,1,-0.00017137639156044425
3.898,18.678714313515158,0.0,18.680818034871336,18.678226407233122,0.6977459025954147,3.0459045991956892,PUMP,1,-0.00017137639156044425
3.9,18.678714313515158,0.0,18.679284054083453,18.67859658363074,0.18508819880835858,-4.792476118278479,PUMP,1,-0.00017137639156044425
3.902,18.678714313515158,0.0,18.680818034871336,18.67937409156495,0.3887539671048046,-2.676673527316546,PUMP,1,-0.00017137639156044425
3.904,18.678714313515158,0.0,18.682352015659223,18.680416364997946,0.5211367164985603,-4.511510439062043,PUMP,1,-0.00017137639156044425
3.906,18.678714313515158,0.0,18.679284054083453,18.680020056177874,-0.19815441003601109,-4.871920715829949,PUMP,1,-0.00017137639156044425
3.908,18.678714313515158,0.0,18.677750073295567,18.679225562169066,-0.39724700440402216,2.790596341190031,PUMP,1,-0.00017137639156044425
3.91,18.678714313515158,0.0,18.679284054083453,18.6792460343391,0.010236085017822916,4.566152724669751,PUMP,1,-0.00017137639156044425
3.912,18.678714313515158,0.0,18.677750073295567,18.678722447973865,-0.2617931826183195,-0.15686903009257638,PUMP,1,-0.00017137639156044425
3.914,18.678714313515158,0.0,18.67621609250768,18.6778452235607,-0.43861220658314437,3.546891922672764,PUMP,1,-0.00017137639156044425
3.916,18.678714313515158,0.0,18.680818034871336,18.67888570751942,0.520241979360847,4.841399830312538,PUMP,1,-0.00017137639156044425
3.918,18.678714313515158,0.0,18.677750073295567,18.67848823554107,-0.19873598917463653,-4.9776684477168995,PUMP,1,-0.00017137639156044425
3.92,18.678714313515158,0.0,18.67621609250768,18.677692985479386,-0.3976250308426188,2.8495217723663635,PUMP,1,-0.00017137639156044425
3.922,18.678714313515158,0.0,18.67621609250768,18.67717607293929,-0.2584562700480575,4.659561014478538,PUMP,1,-0.00017137639156044425
3.924,18.678714313515158,0.0,18.679284054083453,18.677913866339747,0.3688967002286603,3.579327105723349,PUMP,1,-0.00017137639156044425
3.926,18.678714313515158,0.0,18.679284054083453,18.678393432050044,0.23978285514836273,-4.4769064288669815,PUMP,1,-0.00017137639156044425
3.928,18.678714313515158,0.0,18.680818034871336,18.679242043037497,0.4243054937269619,-3.3285598498529336,PUMP,1,-0.00017137639156044425
3.93,18.678714313515158,0.0,18.679284054083453,18.679256746903583,0.007351933042798464,-4.694549432284079,PUMP,1,-0.00017137639156044425
3.932,18.678714313515158,0.0,18.679284054083453,18.679266304416537,0.004778756476753188,-0.11266617010225354,PUMP,1,-0.00017137639156044425
3.934,18.678714313515158,0.0,18.680818034871336,18.679809410075716,0.271552829589794,-0.07322928977874879,PUMP,1,-0.00017137639156044425
3.936,18.678714313515158,0.0,18.679284054083453,18.679625535478426,-0.09193729864520606,-3.595969113330849,PUMP,1,-0.00017137639156044425
3.938,18.678714313515158,0.0,18.680818034871336,18.680042910265943,0.2086873937585665,1.3800015867889177,PUMP,1,-0.00017137639156044425
3.94,18.678714313515158,0.0,18.679284054083453,18.67977731060207,-0.13279983193648093,-2.914468523729164,PUMP,1,-0.00017137639156044425
3.942,18.678714313515158,0.0,18.682352015659223,18.680678457372075,0.4505733850024285,1.9547065024977086,PUMP,1,-0.00017137639156044425
3.944,18.678714313515158,0.0,18.677750073295567,18.679653522945298,-0.51246721338849,-4.703700403702717,PUMP,1,-0.00017137639156044425
3.946,18.678714313515158,0.0,18.67621609250768,18.67845042229213,-0.6015503265839328,4.914482102493944,PUMP,1,-0.00017137639156044425
3.948,18.678714313515158,0.0,18.677750073295567,18.678205300143333,-0.12256107439867492,5.006570151551853,PUMP,1,-0.00017137639156044425
3.95,18.678714313515158,0.0,18.67621609250768,18.677509077470855,-0.34811133623868784,1.8470997154439692,PUMP,1,-0.00017137639156044425
3.952,18.678714313515158,0.0,18.67621609250768,18.677056532733744,-0.22627236855576882,4.357737640530385,PUMP,1,-0.00017137639156044425
3.954,18.678714313515158,0.0,18.679284054083453,18.67783616520614,0.38981623619882555,3.229182281232668,PUMP,1,-0.00017137639156044425
3.956,18.678714313515158,0.0,18.680818034871336,18.67887981958896,0.5218271914095851,-4.607816713762809,PUMP,1,-0.00017137639156044425
3.958,18.678714313515158,0.0,18.67621609250768,18.677947515110514,-0.4661522392233053,-4.979885499444703,PUMP,1,-0.00017137639156044425
3.96,18.678714313515158,0.0,18.677750073295567,18.677878410475284,-0.034552317615066386,4.930057146407686,PUMP,1,-0.00017137639156044425
3.962,18.678714313515158,0.0,18.677750073295567,18.677833492462383,-0.022459006450148422,0.5368952778983607,PUMP,1,-0.00017137639156044425
3.964,18.678714313515158,0.0,18.67621609250768,18.677267402478236,-0.2830449920736555,0.3496334242075673,PUMP,1,-0.00017137639156044425
3.966,18.678714313515158,0.0,18.67621609250768,18.676899443988543,-0.18397924484681027,3.822216696773533,PUMP,1,-0.00017137639156044425
3.968,18.678714313515158,0.0,18.680818034871336,18.678270950797522,0.6857534044897307,2.7168284133915876,PUMP,1,-0.00017137639156044425
3.97,18.678714313515158,0.0,18.679284054083453,18.6786255369476,0.17729307503877578,-4.83001853198577,PUMP,1,-0.00017137639156044425
3.972,18.678714313515158,0.0,18.682352015659223,18.679929804496666,0.6521337745333255,-2.5767833215552582,PUMP,1,-0.00017137639156044425
3.974,18.678714313515158,0.0,18.677750073295567,18.67916689857628,-0.381452960192874,-4.798575575505796,PUMP,1,-0.00017137639156044425
3.976,18.678714313515158,0.0,18.679284054083453,18.679207903003793,0.020502213756046217,4.482014061996486,PUMP,1,-0.00017137639156044425
3.978,18.678714313515158,0.0,18.679284054083453,18.679234555881674,0.013326438940808316,-0.314144621332647,PUMP,1,-0.00017137639156044425
3.98,18.678714313515158,0.0,18.682352015659223,18.680325666803817,0.5455554610716007,-0.20422734096358283,PUMP,1,-0.00017137639156044425
3.982,18.678714313515158,0.0,18.67621609250768,18.678887315800168,-0.7191755018247648,-4.894415061824621,PUMP,1,-0.00017137639156044425
3.984,18.678714313515158,0.0,18.679284054083453,18.67902617419932,0.06942919957531046,4.657774479519999,PUMP,1,-0.00017137639156044425
3.986,18.678714313515158,0.0,18.680818034871336,18.679653325434526,0.31357561760358976,-1.056973163801459,PUMP,1,-0.00017137639156044425
3.988,18.678714313515158,0.0,18.67621609250768,18.678450293910128,-0.601515762198801,-3.9791486517920283,PUMP,1,-0.00017137639156044425
3.99,18.678714313515158,0.0,18.677750073295567,18.67820521669503,-0.12253860754896095,5.006620554258456,PUMP,1,-0.00017137639156044425
3.992,18.678714313515158,0.0,18.680818034871336,18.679119703056738,0.45724318085405,1.8467824718004837,PUMP,1,-0.00017137639156044425
3.994,18.678714313515158,0.0,18.67621609250768,18.678103439364566,-0.5081318460860018,-4.825662748601796,PUMP,1,-0.00017137639156044425
3.996,18.678714313515158,0.0,18.679284054083453,18.678516654516176,0.2066075758051511,5.015496210315636,PUMP,1,-0.00017137639156044425
3.998,18.678714313515158,0.0,18.677750073295567,18.678248351088964,-0.13415171360620093,-2.9437166954918235,PUMP,1,-0.00017137639156044425
