t,th,om,th_meas,th_hat,om_hat,duty,mode,valid,E
0.0,0.17453292519943295,0.0,0.17333982903107745,0.17411534154050853,-0.2087918294622071,0.0,BALANCE,1,-0.00017884313154028722
0.002,0.17453292519943295,0.0,0.1718058482431918,0.17330701888644767,-0.4041613270304306,2.2028522312602394,BALANCE,1,-0.00017884313154028722
0.004,0.17453292519943295,0.0,0.17487380981896308,0.17385539571282807,0.27418841319019893,1.8303575922242878,BALANCE,1,-0.00017884313154028722
0.006,0.17453292519943295,0.0,0.17333982903107745,0.17367494737421535,-0.09022416930636046,3.258646169476924,BALANCE,1,-0.00017884313154028722
0.008,0.17453292519943295,0.0,0.17487380981896308,0.17409454922987705,0.20980092783084991,2.547962753434553,BALANCE,1,-0.00017884313154028722
0.01,0.17453292519943295,0.0,0.17487380981896308,0.17436729043605717,0.13637060309006077,3.222047134670908,BALANCE,1,-0.00017884313154028722
0.012,0.17453292519943295,0.0,0.17487380981896308,0.17454457222007425,0.08864089200853742,3.1168465672727748,BALANCE,1,-0.00017884313154028722
0.014,0.17453292519943295,0.0,0.17487380981896308,0.17465980537968534,0.05761657980554724,3.062005402350539,BALANCE,1,-0.00017884313154028722
0.016,0.17453292519943295,0.0,0.17333982903107745,0.1741978136576726,-0.23099586100637504,3.0403611259983694,BALANCE,1,-0.00017884313154028722
0.018000000000000002,0.17453292519943295,0.0,0.17487380981896308,0.17443441231412427,0.11829932822583766,2.443330686253331,BALANCE,1,-0.00017884313154028722
0.02,0.17453292519943295,0.0,0.17333982903107745,0.17405130816505787,-0.19155207453319667,3.2577165575392346,BALANCE,1,-0.00017884313154028722
0.022,0.17453292519943295,0.0,0.17487380981896308,0.1743391837439247,0.14393778943341817,2.6022422676939385,BALANCE,1,-0.00017884313154028722
0.024,0.17453292519943295,0.0,0.17487380981896308,0.17452630287018814,0.09355956313171487,3.404428211997283,BALANCE,1,-0.00017884313154028722
0.026000000000000002,0.17453292519943295,0.0,0.17333982903107745,0.17411103702649938,-0.20763292184437787,3.3384460439533465,BALANCE,1,-0.00017884313154028722
0.028,0.17453292519943295,0.0,0.17333982903107745,0.1738411142281017,-0.13496139919884353,2.679970591695902,BALANCE,1,-0.00017884313154028722
0.03,0.17453292519943295,0.0,0.17333982903107745,0.17366566440914322,-0.08772490947923928,2.8829743061665027,BALANCE,1,-0.00017884313154028722
0.032,0.17453292519943295,0.0,0.17333982903107745,0.1735516220268202,-0.05702119116150761,3.0312128333453,BALANCE,1,-0.00017884313154028722
0.034,0.17453292519943295,0.0,0.17640779060684875,0.1745512810298302,0.4998295015049975,3.143540989912096,BALANCE,1,-0.00017884313154028722
0.036000000000000004,0.17453292519943295,0.0,0.17333982903107745,0.17412727283026674,-0.2120040997817263,4.544645672369881,BALANCE,1,-0.00017884313154028722
0.038,0.17453292519943295,0.0,0.17333982903107745,0.17385166750055048,-0.1378026648581332,2.8616148544862514,BALANCE,1,-0.00017884313154028722
0.04,0.17453292519943295,0.0,0.17487380981896308,0.17420941731199488,0.1788749057222011,3.0776910411442917,BALANCE,1,-0.00017884313154028722
0.042,0.17453292519943295,0.0,0.17487380981896308,0.17444195468943374,0.11626868871943141,3.9105817033035826,BALANCE,1,-0.00017884313154028722
0.044,0.17453292519943295,0.0,0.17333982903107745,0.17405621070900903,-0.1928719902123538,3.8069471933047363,BALANCE,1,-0.00017884313154028722
0.046,0.17453292519943295,0.0,0.17487380981896308,0.17434237039749295,0.1430798442419584,3.065614515370055,BALANCE,1,-0.00017884313154028722
0.048,0.17453292519943295,0.0,0.17794177139473438,0.17560216074652746,0.6298951745172532,3.968667671838903,BALANCE,1,-0.00017884313154028722
0.05,0.17453292519943295,0.0,0.17794177139473438,0.17642102447339988,0.4094318634362132,5.295674784789054,BALANCE,1,-0.00017884313154028722
0.052000000000000005,0.17453292519943295,0.0,0.17333982903107745,0.17534260606858704,-0.5392092024064238,4.799243970194585,BALANCE,1,-0.00017884313154028722
0.054,0.17453292519943295,0.0,0.17640779060684875,0.17571542065697865,0.18640729419580615,2.3445897277459147,BALANCE,1,-0.00017884313154028722
0.056,0.17453292519943295,0.0,0.17640779060684875,0.17595775013943318,0.12116474122726706,4.306503087563147,BALANCE,1,-0.00017884313154028722
0.058,0.17453292519943295,0.0,0.17487380981896308,0.17557837102726864,-0.18968955608227034,4.187816996607251,BALANCE,1,-0.00017884313154028722
0.06,0.17453292519943295,0.0,0.17487380981896308,0.1753317746043617,-0.12329821145347364,3.3915318703440263,BALANCE,1,-0.00017884313154028722
0.062,0.17453292519943295,0.0,0.17333982903107745,0.1746345936537122,-0.34859047532474763,3.609199999751162,BALANCE,1,-0.00017884313154028722
0.064,0.17453292519943295,0.0,0.17333982903107745,0.17418142603579004,-0.2265838089610811,3.0204758591994105,BALANCE,1,-0.00017884313154028722
0.066,0.17453292519943295,0.0,0.1718058482431918,0.17334997380838066,-0.4157261137046897,3.387254062830562,BALANCE,1,-0.00017884313154028722
0.068,0.17453292519943295,0.0,0.17640779060684875,0.1744202096878445,0.5351179397319189,2.8832272213963135,BALANCE,1,-0.00017884313154028722
0.07,0.17453292519943295,0.0,0.17487380981896308,0.174578969733736,0.07938002294574642,5.620470828559642,BALANCE,1,-0.00017884313154028722
0.07200000000000001,0.17453292519943295,0.0,0.17487380981896308,0.17468216376356546,0.05159701491473656,4.38985358073163,BALANCE,1,-0.00017884313154028722
0.074,0.17453292519943295,0.0,0.17333982903107745,0.17421234660719465,-0.23490857818540822,4.3621042506203915,BALANCE,1,-0.00017884313154028722
0.076,0.17453292519943295,0.0,0.17333982903107745,0.17390696545555362,-0.15269057582051326,3.5736319357994706,BALANCE,1,-0.00017884313154028722
0.078,0.17453292519943295,0.0,0.17487380981896308,0.17424536098274693,0.16919776359665406,3.8487394337390324,BALANCE,1,-0.00017884313154028722
0.08,0.17453292519943295,0.0,0.17333982903107745,0.1739284247996626,-0.15846809154215769,4.845765057221165,BALANCE,1,-0.00017884313154028722
0.082,0.17453292519943295,0.0,0.17487380981896308,0.17425930955641777,0.16544237837758102,3.9213200046868795,BALANCE,1,-0.00017884313154028722
0.084,0.17453292519943295,0.0,0.17333982903107745,0.17393749137254866,-0.16090909193455794,4.940068278800957,BALANCE,1,-0.00017884313154028722
0.08600000000000001,0.17453292519943295,0.0,0.17333982903107745,0.17372830955303373,-0.10459090975746543,4.003955389869684,BALANCE,1,-0.00017884313154028722
0.088,0.17453292519943295,0.0,0.17487380981896308,0.174129234646109,0.20046254653763307,4.215070382097726,BALANCE,1,-0.00017884313154028722
0.09,0.17453292519943295,0.0,0.17333982903107745,0.17385294268084794,-0.1381459826305248,5.203171094405012,BALANCE,1,-0.00017884313154028722
0.092,0.17453292519943295,0.0,0.17487380981896308,0.17421024617918823,0.17865174917014448,4.208123756973821,BALANCE,1,-0.00017884313154028722
0.094,0.17453292519943295,0.0,0.17487380981896308,0.17444249345310944,0.11612363696060501,5.246091231757632,BALANCE,1,-0.00017884313154028722
0.096,0.17453292519943295,0.0,0.1718058482431918,0.17351966762963827,-0.4614129117355842,5.1101557818707075,BALANCE,1,-0.00017884313154028722
0.098,0.17453292519943295,0.0,0.1718058482431918,0.172919830844382,-0.2999183926281346,3.320826684105316,BALANCE,1,-0.00017884313154028722
0.1,0.17453292519943295,0.0,0.17794177139473438,0.17467751003700532,0.8788395963116591,3.8584604815011003,BALANCE,1,-0.00017884313154028722
0.10200000000000001,0.17453292519943295,0.0,0.17487380981896308,0.17474621496069054,0.03435246184260721,7.715801679636384,BALANCE,1,-0.00017884313154028722
0.10400000000000001,0.17453292519943295,0.0,0.17333982903107745,0.17425397988532595,-0.2461175376822916,5.066789500685974,BALANCE,1,-0.00017884313154028722
0.106,0.17453292519943295,0.0,0.17487380981896308,0.17447092036209894,0.1084702383864905,4.195699554945164,BALANCE,1,-0.00017884313154028722
0.108,0.17453292519943295,0.0,0.17333982903107745,0.17407503839624142,-0.19794098292875983,5.406508904898872,BALANCE,1,-0.00017884313154028722
0.11,0.17453292519943295,0.0,0.17487380981896308,0.174354608394194,0.13978499897629448,4.440791644946369,BALANCE,1,-0.00017884313154028722
0.112,0.17453292519943295,0.0,0.17487380981896308,0.1745363288928632,0.0908602493345928,5.615810491809216,BALANCE,1,-0.00017884313154028722
0.114,0.17453292519943295,0.0,0.17640779060684875,0.17519134049275814,0.3275057999474751,5.511951136632149,BALANCE,1,-0.00017884313154028722
0.116,0.17453292519943295,0.0,0.17027186745530618,0.17346952492964995,-0.8609077815540933,6.379829512897586,BALANCE,1,-0.00017884313154028722
0.11800000000000001,0.17453292519943295,0.0,0.17333982903107745,0.1734241313651496,-0.0226967822501839,2.365099840258226,BALANCE,1,-0.00017884313154028722
0.12,0.17453292519943295,0.0,0.17640779060684875,0.17446841209974429,0.5221403672973496,5.258810248559424,BALANCE,1,-0.00017884313154028722
0.122,0.17453292519943295,0.0,0.17640779060684875,0.17514719457723085,0.3393912387432835,7.211943913999522,BALANCE,1,-0.00017884313154028722
0.124,0.17453292519943295,0.0,0.17487380981896308,0.17505150991183713,-0.047842332696862444,6.662019336275816,BALANCE,1,-0.00017884313154028722
0.126,0.17453292519943295,0.0,0.17333982903107745,0.17445242160357124,-0.29954415413294133,5.370267197759685,BALANCE,1,-0.00017884313154028722
0.128,0.17453292519943295,0.0,0.17640779060684875,0.17513680075471838,0.34218957557356766,4.522778717254346,BALANCE,1,-0.00017884313154028722
0.13,0.17453292519943295,0.0,0.17640779060684875,0.17558164720296401,0.2224232241228169,6.856488385415807,BALANCE,1,-0.00017884313154028722
0.132,0.17453292519943295,0.0,0.17640779060684875,0.17587079739432368,0.14457509567983307,6.5041615925050795,BALANCE,1,-0.00017884313154028722
0.134,0.17453292519943295,0.0,0.17333982903107745,0.1749849584671875,-0.44291946356808665,6.292532561154616,BALANCE,1,-0.00017884313154028722
0.136,0.17453292519943295,0.0,0.17333982903107745,0.174409163164549,-0.2878976513192577,4.206802528102717,BALANCE,1,-0.00017884313154028722
0.138,0.17453292519943295,0.0,0.1718058482431918,0.173498002942074,-0.4555801112375024,4.797976603537339,BALANCE,1,-0.00017884313154028722
0.14,0.17453292519943295,0.0,0.17794177139473438,0.17505332190050513,0.77765947921557,4.207507925457678,BALANCE,1,-0.00017884313154028722
0.14200000000000002,0.17453292519943295,0.0,0.17794177139473438,0.17606427922348536,0.5054786614901163,8.832481729329015,BALANCE,1,-0.00017884313154028722
0.14400000000000002,0.17453292519943295,0.0,0.17027186745530618,0.17403693510462265,-1.0136720594313557,7.926315068875434,BALANCE,1,-0.00017884313154028722
0.146,0.17453292519943295,0.0,0.1718058482431918,0.17325605470312186,-0.3904402007503943,2.273815295041811,BALANCE,1,-0.00017884313154028722
0.148,0.17453292519943295,0.0,0.17487380981896308,0.1738222689936663,0.2831071452722156,4.621096968136526,BALANCE,1,-0.00017884313154028722
0.15,0.17453292519943295,0.0,0.17640779060684875,0.17472720155828014,0.4524662823069264,7.226415013278843,BALANCE,1,-0.00017884313154028722
0.152,0.17453292519943295,0.0,0.17487380981896308,0.17477851444951917,0.025656445619512414,7.958300000148234,BALANCE,1,-0.00017884313154028722
0.154,0.17453292519943295,0.0,0.17487380981896308,0.17481186782882455,0.016676689652689314,6.394622611727029,BALANCE,1,-0.00017884313154028722
0.156,0.17453292519943295,0.0,0.17487380981896308,0.17483354752537303,0.010839848274241115,6.417981605696533,BALANCE,1,-0.00017884313154028722
0.158,0.17453292519943295,0.0,0.17333982903107745,0.17431074605236957,-0.26140073650172957,6.452963812971126,BALANCE,1,-0.00017884313154028722
0.16,0.17453292519943295,0.0,0.1718058482431918,0.17343403181915734,-0.438357116606114,5.434013811892817,BALANCE,1,-0.00017884313154028722
0.162,0.17453292519943295,0.0,0.1718058482431918,0.1728641675675694,-0.2849321257939741,4.765040356277867,BALANCE,1,-0.00017884313154028722
0.164,0.17453292519943295,0.0,0.17640779060684875,0.17410443563131717,0.6201340318738868,5.399510058868144,BALANCE,1,-0.00017884313154028722
0.166,0.17453292519943295,0.0,0.17947575218262002,0.17598439642427316,0.9399803964779962,9.07785116926773,BALANCE,1,-0.00017884313154028722
0.168,0.17453292519943295,0.0,0.17333982903107745,0.17505879783665465,-0.46279929380925455,10.483433483550215,BALANCE,1,-0.00017884313154028722
0.17,0.17453292519943295,0.0,0.17333982903107745,0.17445715875470263,-0.3008195409760078,4.902593775410068,BALANCE,1,-0.00017884313154028722
0.17200000000000001,0.17453292519943295,0.0,0.17640779060684875,0.17513987990295377,0.3413605741255654,5.58568085488322,BALANCE,1,-0.00017884313154028722
0.17400000000000002,0.17453292519943295,0.0,0.17640779060684875,0.175583648649317,0.22188437318161613,8.267286657557106,BALANCE,1,-0.00017884313154028722
0.176,0.17453292519943295,0.0,0.17487380981896308,0.17533520505869313,-0.12422179531193511,7.85924110575502,BALANCE,1,-0.00017884313154028722
0.178,0.17453292519943295,0.0,0.17640779060684875,0.1757106100005476,0.18770247092723957,6.492555358396931,BALANCE,1,-0.00017884313154028722
0.18,0.17453292519943295,0.0,0.1718058482431918,0.17434394338547307,-0.6833333075372677,7.850381953907621,BALANCE,1,-0.00017884313154028722
0.182,0.17453292519943295,0.0,0.17333982903107745,0.1739925033614346,-0.17572001201923704,4.247918360837387,BALANCE,1,-0.00017884313154028722
0.184,0.17453292519943295,0.0,0.17794177139473438,0.1753747471730895,0.6911219058274576,6.403451038494629,BALANCE,1,-0.00017884313154028722
0.186,0.17453292519943295,0.0,0.17487380981896308,0.17519941909914527,-0.087664036972121,10.149925943594607,BALANCE,1,-0.00017884313154028722
0.188,0.17453292519943295,0.0,0.17333982903107745,0.17454856257532153,-0.3254282619118698,6.924964330605857,BALANCE,1,-0.00017884313154028722
0.19,0.17453292519943295,0.0,0.17640779060684875,0.17519929238635606,0.32536490551726693,5.9501084255161745,BALANCE,1,-0.00017884313154028722
0.192,0.17453292519943295,0.0,0.17487380981896308,0.1750853734877685,-0.05695944929377805,8.808691176333458,BALANCE,1,-0.00017884313154028722
0.194,0.17453292519943295,0.0,0.17487380981896308,0.17501132620368662,-0.037023642040945326,7.227723567328347,BALANCE,1,-0.00017884313154028722
0.196,0.17453292519943295,0.0,0.17333982903107745,0.1744263021932734,-0.2925120052066077,7.370841683040179,BALANCE,1,-0.00017884313154028722
0.198,0.17453292519943295,0.0,0.17487380981896308,0.17458292986226479,0.07831383449569129,6.299712153448242,BALANCE,1,-0.00017884313154028722
0.2,0.17453292519943295,0.0,0.17333982903107745,0.17414784457134921,-0.21754264545778557,7.981426980278482,BALANCE,1,-0.00017884313154028722
0.202,0.17453292519943295,0.0,0.17487380981896308,0.17440193240801408,0.12704391833243123,6.7282307393467615,BALANCE,1,-0.00017884313154028722
0.20400000000000001,0.17453292519943295,0.0,0.1718058482431918,0.17349330295032628,-0.45431472884389923,8.317100626095984,BALANCE,1,-0.00017884313154028722
0.20600000000000002,0.17453292519943295,0.0,0.17487380981896308,0.17397648035434915,0.241588702011436,5.7653178349327225,BALANCE,1,-0.00017884313154028722
0.20800000000000002,0.17453292519943295,0.0,0.17487380981896308,0.17429054566696403,0.15703265630744034,8.944162148396927,BALANCE,1,-0.00017884313154028722
0.21,0.17453292519943295,0.0,0.17487380981896308,0.1744946881201637,0.10207122659983137,8.642179576792168,BALANCE,1,-0.00017884313154028722
0.212,0.17453292519943295,0.0,0.17487380981896308,0.17462738071474349,0.06634629728989594,8.466524874627662,BALANCE,1,-0.00017884313154028722
0.214,0.17453292519943295,0.0,0.17487380981896308,0.17471363090122036,0.04312509323843583,8.373505629250099,BALANCE,1,-0.00017884313154028722
0.216,0.17453292519943295,0.0,0.17333982903107745,0.17423280024667034,-0.24041532727500647,8.334564659306965,BALANCE,1,-0.00017884313154028722
0.218,0.17453292519943295,0.0,0.17487380981896308,0.1744571535969728,0.11217667515123209,7.079778472476048,BALANCE,1,-0.00017884313154028722
0.22,0.17453292519943295,0.0,0.17333982903107745,0.17406608999890943,-0.19553179903168683,8.772244950699324,BALANCE,1,-0.00017884313154028722
0.222,0.17453292519943295,0.0,0.17640779060684875,0.17488568521168818,0.4097976063893727,7.39666987618249,BALANCE,1,-0.00017884313154028722
0.224,0.17453292519943295,0.0,0.17487380981896308,0.17488152882423438,-0.0020781937268982142,10.307245971795593,BALANCE,1,-0.00017884313154028722
0.226,0.17453292519943295,0.0,0.17333982903107745,0.17434193389662944,-0.2697974638024708,8.449761199015974,BALANCE,1,-0.00017884313154028722
0.228,0.17453292519943295,0.0,0.1718058482431918,0.17345430391792627,-0.4438149893515875,7.232994356626233,BALANCE,1,-0.00017884313154028722
0.23,0.17453292519943295,0.0,0.1718058482431918,0.17287734443176922,-0.28847974307852353,6.434696107092411,BALANCE,1,-0.00017884313154028722
0.232,0.17453292519943295,0.0,0.17333982903107745,0.1730392140415271,0.080934804878946,7.206675086983224,BALANCE,1,-0.00017884313154028722
0.234,0.17453292519943295,0.0,0.17487380981896308,0.1736813225636297,0.32105426105129287,9.036793832918399,BALANCE,1,-0.00017884313154028722
0.23600000000000002,0.17453292519943295,0.0,0.17333982903107745,0.1735617998272364,-0.05976136819664524,10.280654192592527,BALANCE,1,-0.00017884313154028722
0.23800000000000002,0.17453292519943295,0.0,0.17333982903107745,0.17348411004858078,-0.038844889327815935,8.508505574912702,BALANCE,1,-0.00017884313154028722
0.24,0.17453292519943295,0.0,0.17487380981896308,0.1739705049682146,0.24319745981690732,8.670568294800363,BALANCE,1,-0.00017884313154028722
0.242,0.17453292519943295,0.0,0.17640779060684875,0.17482355494173654,0.42652498676097605,10.128814305369422,BALANCE,1,-0.00017884313154028722
0.244,0.17448528604220845,-0.047640020162827285,0.17794177139473438,0.1759149307002858,0.5456878792746284,11.130474884211209,BALANCE,1,-0.0001785036737518728
0.246,0.17438631129062976,-0.051336524335699484,0.17487380981896308,0.17555053839182286,-0.1821961542314704,11.83419173063768,BALANCE,1,-0.00017826243652715882
0.248,0.17428093462367533,-0.05404205154394118,0.17487380981896308,0.17531368339132195,-0.11842750025045645,8.295543673668297,BALANCE,1,-0.00017801685930705097
0.25,0.17417063321459478,-0.056261355713122144,0.17794177139473438,0.1762335141925163,0.45991540059717173,8.666030663012597,BALANCE,1,-0.00017776566377765264
0.252,0.1740533225133563,-0.06105147072035608,0.17487380981896308,0.17575761766177267,-0.23794826537180958,11.656065587114666,BALANCE,1,-0.00017746649088150099
0.254,0.173927647393454,-0.06462592595602153,0.1718058482431918,0.17437449836526936,-0.6915596482516551,8.210091019604553,BALANCE,1,-0.0001771624601973038
0.256,0.17379815545453894,-0.06486835893478989,0.17333982903107745,0.1740123640983022,-0.1810671334835784,5.929122103985134,BALANCE,1,-0.00017689541179676655
0.258,0.17366843842088933,-0.06485102482220667,0.17333982903107745,0.17377697682477353,-0.11769363676433775,8.554818489207543,BALANCE,1,-0.00017663168844478722
0.26,0.1735386027030391,-0.06498704533909207,0.17487380981896308,0.17416086837273986,0.19194577398316814,8.93139272741333,BALANCE,1,-0.0001763657953010951
0.262,0.1734066956675712,-0.06692238002083253,0.17333982903107745,0.173873504603158,-0.1436818847909277,10.595843611103628,BALANCE,1,-0.00017607054347120515
0.264,0.17327102207821282,-0.06875366752971161,0.17333982903107745,0.1736867181529298,-0.09339322511410508,8.930316589758228,BALANCE,1,-0.00017576857710140787
0.266,0.17313145706521896,-0.07081387422359098,0.17487380981896308,0.17410220023604145,0.20774104155582562,9.247074415883269,BALANCE,1,-0.00017545476440768558
0.268,0.17298592568411972,-0.07472014380348131,0.17487380981896308,0.17437226359006402,0.13503167701128804,10.892283936383356,BALANCE,1,-0.00017509911927014745
0.27,0.1728312749143384,-0.07993342821548462,0.17027186745530618,0.17293712494289878,-0.7175693235826203,10.596684453038538,BALANCE,1,-0.00017469989660491065
0.272,0.17266951460860502,-0.08182980866200897,0.17027186745530618,0.17200428482224137,-0.4664200603287094,6.144066775011174,BALANCE,1,-0.00017433985016054065
0.274,0.17250549721084327,-0.08219056122849171,0.17333982903107745,0.172471725295334,0.23372023654631702,7.480064496553827,BALANCE,1,-0.00017400195629379685
0.276,0.17233830874939907,-0.08500092989254324,0.1718058482431918,0.17223866832708423,-0.1165284841248837,11.257849475198146,BALANCE,1,-0.00017361416491678088
0.278,0.17216516980078334,-0.08814115632351026,0.17027186745530618,0.1715502880219619,-0.34419015256116625,9.462011203499108,BALANCE,1,-0.00017320682117919858
0.28,0.17198663829787125,-0.0903935820116198,0.1718058482431918,0.17163973409939237,0.04472303871523586,8.285294419952459,BALANCE,1,-0.00017280406148810853
0.28200000000000003,0.1718022198743523,-0.09402818372011439,0.17487380981896308,0.17277166060124213,0.5659632509248808,10.433729774169638,BALANCE,1,-0.0001723612196226411
0.28400000000000003,0.17160640917001294,-0.10178606940870195,0.1718058482431918,0.1724336262759245,-0.1690171626588105,13.355767527386655,BALANCE,1,-0.00017180533095222979
0.28600000000000003,0.17139541125232174,-0.10921567245390335,0.17027186745530618,0.17167701068870808,-0.3783077936082152,9.45013117264207,BALANCE,1,-0.00017121421359068696
0.28800000000000003,0.17117093686143922,-0.11526278700508732,0.17333982903107745,0.17225899710853737,0.2909932099146445,8.347692136302829,BALANCE,1,-0.0001706190112168775
0.29,0.17093182610848873,-0.12385229997673579,0.17333982903107745,0.1726372882814264,0.18914558644451962,12.083591715236095,BALANCE,1,-0.00016992079747030377
0.292,0.17067379415185358,-0.1341843338483465,0.17027186745530618,0.17180939099228432,-0.41394864457104663,11.61781944356601,BALANCE,1,-0.00016912011605139607
0.294,0.17039686191888442,-0.14275291913772759,0.16873788666742054,0.170734364478582,-0.5375132568511548,8.338735129227796,BALANCE,1,-0.00016831373802976958
0.296,0.1701049830191283,-0.14913127183781083,0.1718058482431918,0.17110938379619545,0.18750965880671988,7.671055606101091,BALANCE,1,-0.00016753299239338884
0.298,0.16979814211351896,-0.15771519650895302,0.17027186745530618,0.1708162530768842,-0.146565359655626,11.769052769486333,BALANCE,1,-0.0001666411016617411
0.3,0.16947401670783754,-0.16641608557970952,0.16873788666742054,0.1700888248335719,-0.3637141216561446,9.968678393417237,BALANCE,1,-0.00016569611280458973
0.302,0.1691335620083237,-0.17404478674413845,0.16873788666742054,0.16961599647541892,-0.23641417907649398,8.788812569130814,BALANCE,1,-0.00016474376590329585
0.304,0.1687780153959613,-0.1815082724442833,0.16873788666742054,0.1693086580426195,-0.15366921639971276,9.54631789473831,BALANCE,1,-0.00016375690438348063
0.306,0.1684071596932732,-0.18935415507277703,0.16873788666742054,0.16910888806129987,-0.0998849906598126,10.065287169136322,BALANCE,1,-0.0001627139866723285
0.308,0.1680199109366495,-0.19790162409195278,0.17333982903107745,0.170589717400722,0.7404146697110731,10.428603064933275,BALANCE,1,-0.00016159769144431625
0.31,0.16761003421344278,-0.2119825325006014,0.16873788666742054,0.1699415766440665,-0.32407037832775376,15.346629605776258,BALANCE,1,-0.00016017613677947888
0.312,0.1671732202447474,-0.22483935867426694,0.16720390587953488,0.16898339187648043,-0.4790923837930394,9.318934303186625,BALANCE,1,-0.00015872033874036543
0.314,0.1667126134254066,-0.2357758153103739,0.16873788666742054,0.16889746505330946,-0.042963411585481004,8.450575742729612,BALANCE,1,-0.0001572819959894226
0.316,0.16622921786672948,-0.24762851205671374,0.16720390587953488,0.16830471934248836,-0.29637285541055103,11.022114286808648,BALANCE,1,-0.0001557278950488308
0.318,0.16572273737048038,-0.2588611724017798,0.16566992509164924,0.16738254135469466,-0.4610889938968521,9.598850217135936,BALANCE,1,-0.00015413598489434524
0.32,0.16519525388963827,-0.2686318784996875,0.1641359443037636,0.16624623238686878,-0.5681544839129388,8.664747414616247,BALANCE,1,-0.00015256348506684998
0.322,0.16465010172975747,-0.2765301728866427,0.1641359443037636,0.16550763155778198,-0.36930041454340257,8.049742061454575,BALANCE,1,-0.00015105058939189278
0.324,0.16408957545657735,-0.2840062716890856,0.16260196351587797,0.16449064774311556,-0.5084919073332084,9.240683210320071,BALANCE,1,-0.000149523869669463
0.326,0.16351525600269523,-0.29032360486186753,0.1641359443037636,0.16436650153934237,-0.06207310188659221,8.438246704719782,BALANCE,1,-0.00014803435399266218
0.328,0.1629266042546228,-0.2983388270037664,0.16260196351587797,0.16374891323112983,-0.30879415410627054,11.13065843610141,BALANCE,1,-0.00014640503121072924
0.33,0.16232186350456299,-0.3064128999349188,0.1641359443037636,0.16388437410655166,0.06773043771091114,9.708112929611262,BALANCE,1,-0.00014473157120827292
0.332,0.1616985997229109,-0.31686219595080245,0.16106798272799233,0.1628986371240559,-0.4928684912478831,12.021924500158068,BALANCE,1,-0.0001428533881848804
0.334,0.16105569452594204,-0.32605467301259655,0.16260196351587797,0.16279480136119362,-0.05191788143113496,8.695840703836815,BALANCE,1,-0.0001410069352019239
0.336,0.16039277880275643,-0.3368730867360236,0.16106798272799233,0.16219041483957317,-0.3021932608102268,11.399721273764955,BALANCE,1,-0.0001389930666410496
0.338,0.15970827299133897,-0.3476451546106895,0.15800002115222103,0.16072377704899993,-0.7333188952866193,9.932714221208313,BALANCE,1,-0.0001369223526949352
0.34,0.15900486529626573,-0.3557753150605899,0.1595340019401067,0.16030735576088728,-0.2082106440563225,7.319056353324918,BALANCE,1,-0.0001349983577502921
0.342,0.15828424809394032,-0.3648549758988073,0.15800002115222103,0.1594997886478541,-0.4037835565165876,10.54609793548759,BALANCE,1,-0.00013296026894581844
0.34400000000000003,0.15754580167982152,-0.37360485224980555,0.1595340019401067,0.15951176330014252,0.005987326144207827,9.381319457099009,BALANCE,1,-0.0001309039939439454
0.34600000000000003,0.15678755620672413,-0.3846543961674888,0.15493205957644976,0.15790886699685006,-0.8014481516462335,11.954268905050789,BALANCE,1,-0.00012861318424139416
0.34800000000000003,0.15601017637345002,-0.3927395617638389,0.15800002115222103,0.1579407709512299,0.01595197718992636,6.984072879523113,BALANCE,1,-0.00012651731840647887
0.35000000000000003,0.1552140810254601,-0.4033702527245714,0.15493205957644976,0.15688772197005685,-0.5265244905865302,12.085445979464536,BALANCE,1,-0.0001241621159317026
0.352,0.1543978462945004,-0.41287931257482036,0.15493205957644976,0.15620324013229436,-0.34224091888124253,8.7444068668453,BALANCE,1,-0.00012185264197072746
0.354,0.1535623788629782,-0.42260330477599345,0.15493205957644976,0.15575832693774874,-0.22245659727281042,9.917590746020759,BALANCE,1,-0.00011947762190806474
0.356,0.15270647338075902,-0.43331773679886293,0.15339807878856412,0.15493224008553413,-0.41304342610730405,10.707726643639635,BALANCE,1,-0.00011696249691716917
0.358,0.15182943545127897,-0.44373613832652287,0.15339807878856412,0.15439528363159463,-0.2684782269697511,9.538931135084802,BALANCE,1,-0.00011442180922581344
0.36,0.15093085722361768,-0.4548584288286983,0.1487961364249072,0.15243558210925404,-0.9798507611702978,10.484561374739922,BALANCE,1,-0.00011176053697048425
0.362,0.15001393443785602,-0.46208103230386194,0.1487961364249072,0.15116177611973264,-0.6369029947606991,5.959848490191055,BALANCE,1,-0.00010943603768643661
0.364,0.1490837696277006,-0.4681006964073655,0.1518640980006785,0.15140758877806368,0.12290632916552025,8.12150802504341,BALANCE,1,-0.00010720732247056036
0.366,0.14813768831873128,-0.4779978230416451,0.15033011721279282,0.15103047373021888,-0.18855752392239744,13.026542394921025,BALANCE,1,-0.00010455950030699328
0.368,0.14717037311430564,-0.48933498064812236,0.14572817484913592,0.14917466912183985,-0.9279023041895151,11.090816229317543,BALANCE,1,-0.00010171443961707423
0.37,0.14618388731455254,-0.49716876975933966,0.14726215563702155,0.14850528940215346,-0.33468985984319577,6.323449032423264,BALANCE,1,-9.919286572604662e-05
0.372,0.1451809186733294,-0.5058181247218884,0.1487961364249072,0.14860708586011726,0.050898228981896554,10.158969284519607,BALANCE,1,-9.655352564961851e-05
0.374,0.14415736932510212,-0.517749854074306,0.14419419406125028,0.14706257373051382,-0.7722560648017185,12.71822020090365,BALANCE,1,-9.351373586250988e-05
0.376,0.14311244014974514,-0.5271983438630402,0.14572817484913592,0.14659553412203155,-0.2335198042411335,7.373513846675457,BALANCE,1,-9.069982600081543e-05
0.378,0.1420472125531802,-0.5380486477557109,0.14266021327336462,0.14521817182499813,-0.6886811485167094,10.910095550840197,BALANCE,1,-8.768506640212449e-05
0.38,0.14096203093703202,-0.5471527297972221,0.13959225169759334,0.14324909978040645,-0.9845360222958399,7.9315805514924795,BALANCE,1,-8.482956455911609e-05
0.382,0.13986212225018588,-0.5527759897448682,0.13959225169759334,0.14196920295142187,-0.639948414492289,5.946511618060293,BALANCE,1,-8.235770660976192e-05
0.384,0.1387517157776461,-0.5576507098348833,0.13959225169759334,0.1411372700125819,-0.4159664694199927,8.197198783539395,BALANCE,1,-7.996522309158149e-05
0.386,0.13763069950916512,-0.563385982134274,0.13959225169759334,0.1405965136023359,-0.2703782051229897,9.689237190124114,BALANCE,1,-7.746155932849113e-05
0.388,0.13649645256051465,-0.5708816342770612,0.13652429012182207,0.13917123538415607,-0.7126391090899187,10.686383171156036,BALANCE,1,-7.473027469808444e-05
0.39,0.13534862416609011,-0.5769676786627019,0.13652429012182207,0.13824480454233917,-0.4632154209084499,7.733374873470557,BALANCE,1,-7.215414881246084e-05
0.392,0.13418815677380377,-0.5835208658013371,0.1380582709097077,0.13817951777091816,-0.03264338571050407,9.404082572875074,BALANCE,1,-6.950745379605446e-05
0.394,0.1330112199696046,-0.5934373941509575,0.1303883669702795,0.13545261499069464,-1.363451390111764,12.344300888169778,BALANCE,1,-6.641700214127019e-05
0.396,0.131820541285187,-0.5972629999790402,0.13345632854605077,0.13475391473506929,-0.3493501278126754,3.3200002580623313,BALANCE,1,-6.408050908642777e-05
0.398,0.13062062507616254,-0.6026750906526808,0.1303883669702795,0.13322597301739286,-0.7639708588382116,10.16641930588399,BALANCE,1,-6.153956705733484e-05
0.4,0.12941131999130998,-0.6066520505132252,0.13192234775816514,0.13276970417666317,-0.228134420364845,7.3380042757055906,BALANCE,1,-5.91808703787046e-05
0.402,0.12819161730239928,-0.6130728878656768,0.13192234775816514,0.13247312943018885,-0.14828737323716035,11.006983766201127,BALANCE,1,-5.6501227852826443e-05
0.404,0.126956345179368,-0.6222217722106977,0.12578642460662257,0.13013278274194065,-1.1701733441241007,11.598129414155036,BALANCE,1,-5.3445622582987355e-05
0.406,0.12570744691247554,-0.6266992839462857,0.12732040539450823,0.1291484506703393,-0.4921660358006702,4.543123419570975,BALANCE,1,-5.0996737560845065e-05
0.40800000000000003,0.12444897601952555,-0.6317945765827959,0.12578642460662257,0.12797174154803845,-0.5883545611504309,9.189767032741607,BALANCE,1,-4.846457811585008e-05
0.41000000000000003,0.12318043003929792,-0.6367745587578225,0.12425244381873693,0.12666998734278292,-0.6508771026277616,8.519748540581604,BALANCE,1,-4.594647225038569e-05
0.41200000000000003,0.12190245336456464,-0.6412254469073924,0.12118448224296566,0.12475006055784688,-0.9599633924680245,8.071096515125,BALANCE,1,-4.350078247963339e-05
0.41400000000000003,0.12061821071304017,-0.6430406536233836,0.1227184630308513,0.12403900142339842,-0.3555295672242262,5.874460384276575,BALANCE,1,-4.1423383345564615e-05
0.41600000000000004,0.11932838606820238,-0.6468075458152829,0.1227184630308513,0.12357681298600692,-0.23109421869575014,10.090906356764908,BALANCE,1,-3.908783452223339e-05
0.418,0.11802841473260993,-0.6531875333598123,0.11965050145508001,0.12220260395018251,-0.6871045179122071,10.993078657999533,BALANCE,1,-3.6391239988259325e-05
0.42,0.11671661155868697,-0.6586396039618133,0.11658253987930872,0.12023558152537668,-0.9835112124029141,7.780567535568767,BALANCE,1,-3.3819969790441605e-05
0.422,0.11539683113650437,-0.6611649310657501,0.11658253987930872,0.1189570169492529,-0.6392822880618917,5.637782481031753,BALANCE,1,-3.166539147836685e-05
0.424,0.11407211242056256,-0.6635779916552043,0.11811652066719437,0.11866284325053242,-0.14708684936023952,8.041904773530451,BALANCE,1,-2.9539097984786032e-05
0.426,0.11273912365542291,-0.6694351350897698,0.11658253987930872,0.11793473707060412,-0.3640530899641503,11.563297264821944,BALANCE,1,-2.69305396095769e-05
0.428,0.11139293745484259,-0.6767756720219269,0.11351457830353745,0.11638768150213079,-0.7735277842366647,10.0415183510039,BALANCE,1,-2.4104239832132383e-05
0.43,0.11003371408604595,-0.6824725453691237,0.1119805975156518,0.11484520210686314,-0.7712396976338256,7.091357969729074,BALANCE,1,-2.1510387873282608e-05
0.432,0.10866452257805898,-0.6867439972182691,0.10891263593988053,0.11276880394841922,-1.0381990792219589,7.069316676099245,BALANCE,1,-1.9127551338548697e-05
0.434,0.10728998848271395,-0.6878152341760118,0.11044661672776616,0.11195603842119065,-0.40638276361428666,5.083553456733444,BALANCE,1,-1.7226698567191845e-05
0.436,0.10591151739494178,-0.6906810653773352,0.10737865515199488,0.11035395427697213,-0.8010420721092578,9.630904751361971,BALANCE,1,-1.5078733437994827e-05
0.438,0.1045286279777088,-0.6922336481602162,0.10584467436410924,0.10877570630747012,-0.7891239847510056,6.741850968686845,BALANCE,1,-1.3139952690950696e-05
0.44,0.10314370822462934,-0.6927114420425435,0.10584467436410924,0.10774984512729381,-0.5129305900881537,6.784545668414565,BALANCE,1,-1.1379540336495247e-05
0.442,0.10175674713864555,-0.6942750220505628,0.10584467436410924,0.10708303536017921,-0.3334048835572992,8.781272647053909,BALANCE,1,-9.478404721934494e-06
0.444,0.10036437416588144,-0.6981234314614848,0.09970875121256667,0.10450203590851483,-1.2904997258321935,10.104503181254294,BALANCE,1,-7.2531625731254735e-06
0.446,0.09896940663559636,-0.6968696306390463,0.10277671278833796,0.10389817281645292,-0.3019315460309549,3.0014073116835025,BALANCE,1,-5.805750062903209e-06
0.448,0.09757408416499824,-0.6984783818071132,0.09970875121256667,0.10243187525509273,-0.7331487806800929,10.264989979459896,BALANCE,1,-3.954719410571388e-06
0.45,0.09617625232618858,-0.6993790482841207,0.0966407896367954,0.10040499528868867,-1.0134399832020315,7.055613729863113,BALANCE,1,-2.2288104082735893e-06
0.452,0.09477935728315344,-0.6975415723316482,0.09970875121256667,0.10016130986204597,-0.12184271332135038,4.910499445598944,BALANCE,1,-9.349270123343352e-07
0.454,0.09338184950440649,-0.6999917986115127,0.0966407896367954,0.09892912778320827,-0.6160910394188492,11.55066505589594,BALANCE,1,9.758098390906815e-07
0.456,0.09197939910720458,-0.7024842846670598,0.09050486648525283,0.09598063632892387,-1.4742457271421996,7.8564349478252735,BALANCE,1,2.8766139641756805e-06
0.458,0.09057844040344412,-0.6985000811716144,0.09050486648525283,0.094064116883639,-0.958259722642435,1.3223149598348298,BALANCE,1,3.784511336789679e-06
0.46,0.0891872606568508,-0.692705151606632,0.09050486648525283,0.09281837924420384,-0.6228688197175771,5.104274206180096,BALANCE,1,4.39459866628839e-06
0.462,0.08780673467222117,-0.687846127166823,0.08897088569736719,0.09147175650281102,-0.6733113706964139,7.589946442011719,BALANCE,1,5.115401433232746e-06
0.464,0.08643551148160818,-0.6834021901863526,0.0859029241215959,0.08952266516938573,-0.9745456667126436,7.1746907293213695,BALANCE,1,5.869936541528182e-06
0.466,0.08507514769300921,-0.6769865291134267,0.08897088569736719,0.08932954235417924,-0.09656140760324478,4.824081944297899,BALANCE,1,6.310592481708726e-06
0.468,0.08372261787031993,-0.6755680835718519,0.08436894333371027,0.0875933326970151,-0.8681048285820725,11.510995130614644,BALANCE,1,7.448152338744674e-06
0.47000000000000003,0.08237449716930145,-0.6725773294308425,0.08283496254582462,0.08592790314409843,-0.8327147764583334,5.588814726322713,BALANCE,1,8.334547757701934e-06
0.47200000000000003,0.08103349219714268,-0.6684522270057441,0.0859029241215959,0.08591916048622254,-0.004371328937942398,5.79778965177884,BALANCE,1,9.03285009149533e-06
0.47400000000000003,0.07969531867205376,-0.6697458331183064,0.07976700097005335,0.08376590465556333,-1.0766279153296074,12.180386368535265,BALANCE,1,1.0482117293318022e-05
0.47600000000000003,0.07835815597961156,-0.6674413784474711,0.07976700097005335,0.08236628836563484,-0.6998081449642451,3.866963980379188,BALANCE,1,1.139609694895323e-05
0.47800000000000004,0.07702584781453828,-0.6648912192941937,0.0782330201821677,0.08091964450142133,-0.7233219321067519,6.719996151388225,BALANCE,1,1.2250970360259104e-05
0.48,0.0756990630067659,-0.6619179223531444,0.07516505860639641,0.07890553943816261,-1.00705253162936,6.490721927392232,BALANCE,1,1.3021710098374371e-05
0.482,0.07438085602511475,-0.6563132382785258,0.07669903939428206,0.07813326442280442,-0.3861375076790949,4.207195911159395,BALANCE,1,1.3397000458185302e-05
0.484,0.07307130379081796,-0.6532630186009336,0.07516505860639641,0.07709439238706162,-0.5194360178714038,9.023529721565312,BALANCE,1,1.4106456375161644e-05
0.486,0.07176667840267177,-0.6513863040385462,0.07516505860639641,0.0764191255638288,-0.33763341161641147,7.964769210112301,BALANCE,1,1.4956530404947479e-05
0.488,0.07046334697144198,-0.6519690401857414,0.07209709703062514,0.07490641557720751,-0.7563549933106428,9.388426786462169,BALANCE,1,1.6127730189381758e-05
0.49,0.06916003473695306,-0.6513671091460811,0.06902913545485385,0.07284936753438373,-1.028524021411889,6.053302226849269,BALANCE,1,1.7114270592018416e-05
0.492,0.06786116737355175,-0.6475240896883525,0.0674951546669682,0.0709753930307883,-0.9369872517977148,3.819882848145273,BALANCE,1,1.7628552412168246e-05
0.494,0.06657213811207909,-0.6415288287610369,0.06902913545485385,0.07029420287921125,-0.3405950757885273,4.4579591652242705,BALANCE,1,1.7823418111726348e-05
0.496,0.06529223119278049,-0.6384015821058909,0.06442719309119693,0.06824074945340623,-1.0267267129025064,9.173121394477727,BALANCE,1,1.8389152735719285e-05
0.498,0.06402161247243755,-0.6322404612755111,0.06442719309119693,0.06690600472663298,-0.6673723633866258,3.635870202597085,BALANCE,1,1.85205508877554e-05
0.5,0.0627631166207717,-0.6262784927784952,0.06289321230331128,0.06550152737847038,-0.7022386740812986,6.4465505734383495,BALANCE,1,1.8658733946890815e-05
0.502,0.06151668527572299,-0.6201757349898619,0.06289321230331128,0.0645886171021647,-0.4564551381528448,6.115849597722988,BALANCE,1,1.875853246890463e-05
0.504,0.06028063964330935,-0.6158925912102782,0.059825250727540004,0.06292143887104605,-0.8335891155593217,8.04026099199271,BALANCE,1,1.9079383849555983e-05
0.506,0.059054670558664896,-0.6100990038888917,0.06135923151542565,0.06237466629657891,-0.2733862872335707,4.935742766647985,BALANCE,1,1.918236143105024e-05
0.508,0.05783711907011834,-0.6074748421668243,0.05829126993965436,0.06094547757165532,-0.7145943624617956,9.39703397204528,BALANCE,1,1.9678778684443938e-05
0.51,0.0566256551875927,-0.6040112876482915,0.05829126993965436,0.06001650490045499,-0.4644863356001658,5.793807142238396,BALANCE,1,2.004695166481859e-05
0.512,0.05541987137810737,-0.6017946663341841,0.059825250727540004,0.059949565939934744,-0.033469480260121115,7.750936297839507,BALANCE,1,2.0556649811658564e-05
0.514,0.05421396670937166,-0.6041321505968068,0.05368932757599744,0.05775848251255669,-1.0955417136890264,11.207044716116638,BALANCE,1,2.1635111865024556e-05
0.516,0.0530080391815009,-0.6018175273417374,0.0521553467881118,0.05579738500900098,-0.9805487517778565,2.5905535395452226,BALANCE,1,2.2098077975626137e-05
0.518,0.05180994145789263,-0.5963022039249042,0.05522330836388308,0.05559645818320971,-0.1004634128956329,3.403990861623039,BALANCE,1,2.2132061096774244e-05
0.52,0.050618591385126026,-0.5950697539066365,0.0521553467881118,0.054392069194925445,-0.6021944941421338,10.443737254769994,BALANCE,1,2.2693385981355948e-05
0.522,0.04943005279204728,-0.5934906739067953,0.05062136600022616,0.0530723230767807,-0.6598730590723738,6.368503679339917,BALANCE,1,2.3192812766486706e-05
0.524,0.04824548551986017,-0.5910983613355972,0.04908738521234052,0.05167759482422663,-0.6973641262770329,5.8385048574246685,BALANCE,1,2.3571287902140816e-05
0.526,0.04706676383711749,-0.5876449783026443,0.047553404424454875,0.05023412818430652,-0.7217333199600572,5.4652281435989964,BALANCE,1,2.3798106858060457e-05
0.528,0.04589612314087118,-0.5830172275565798,0.04601942363656923,0.04875898159259847,-0.7375732958540236,5.193713421376456,BALANCE,1,2.386055666914806e-05
0.53,0.04473594460926352,-0.5771826225718499,0.04601942363656923,0.04780013630798824,-0.4794226423051155,4.988236615040762,BALANCE,1,2.3757194574772598e-05
0.532,0.04358644769248775,-0.5723354175392766,0.044485442848683596,0.046639993597231616,-0.5800713553783116,7.005471153617011,BALANCE,1,2.3760242936834572e-05
0.534,0.04244663887651749,-0.567494344782077,0.04295146206079795,0.045349007559479834,-0.6454930188758908,6.140000885105492,BALANCE,1,2.374866701350211e-05
0.536,0.041317082661683366,-0.5620826289912468,0.04295146206079795,0.04450986663494118,-0.41957046226932804,5.548238216371647,BALANCE,1,2.365336502380787e-05
0.538,0.040197062649492424,-0.5579579678393468,0.04295146206079795,0.04396442503399105,-0.2727208004750653,7.3141721870788174,BALANCE,1,2.369781578381649e-05
0.54,0.03908300992628224,-0.5561152312572039,0.039883500485026674,0.04253610144185352,-0.7141617960687643,8.46503587038271,BALANCE,1,2.399856334339289e-05
0.542,0.03797425792018584,-0.5526571541870968,0.039883500485026674,0.04160769110696412,-0.46420516744469925,4.856315710393237,BALANCE,1,2.409233994150829e-05
0.544,0.036871853801203766,-0.5497672283167525,0.039883500485026674,0.04100422438928601,-0.30173335883905417,6.808585657513785,BALANCE,1,2.4238052348511153e-05
0.546,0.035773449638676395,-0.5486571250267757,0.03834951969714103,0.04007507774703527,-0.4645733211253722,8.080352968176118,BALANCE,1,2.457755042871373e-05
0.548,0.0346770578385776,-0.5477548296884575,0.03681553890925539,0.03893423915381231,-0.5704192966114775,6.729899486899937,BALANCE,1,2.4926575038786555e-05
0.55,0.033583182011108506,-0.5461411069112346,0.035281558121369745,0.037655800792457415,-0.6392191806774485,5.822468215248479,BALANCE,1,2.5177694098845345e-05
0.552,0.03249375387808546,-0.5433070542141606,0.0337475773334841,0.036287922581816755,-0.6839391053203303,5.202894001197908,BALANCE,1,2.527198798450478e-05
0.554,0.031411468351671724,-0.5389983696952444,0.030679615757712823,0.03432501519338038,-0.9814536942181866,4.770319495932778,BALANCE,1,2.518159620354266e-05
0.556,0.03034155389090174,-0.5309357617998517,0.032213596545598466,0.03358601866665671,-0.36949826336183517,2.279293344482422,BALANCE,1,2.465026940657742e-05
0.558,0.029286145094543418,-0.5244924392171618,0.030679615757712823,0.03256877764852635,-0.5086205090651802,7.137314203463144,BALANCE,1,2.4295247037550017e-05
0.56,0.028243372723028435,-0.5182991052134555,0.030679615757712823,0.031907570986741615,-0.3306033308923678,5.969815532278268,BALANCE,1,2.3959409256637838e-05
0.562,0.02721136514414309,-0.5137274492159943,0.0260776733940559,0.029867106829301614,-1.0202320787200003,7.3606620721510305,BALANCE,1,2.3792959311103724e-05
0.5640000000000001,0.026192714701815754,-0.5049417235832073,0.02454369260617026,0.02800391185120564,-0.9315974890479871,1.7271776614494305,BALANCE,1,2.3158480403471436e-05
0.5660000000000001,0.02519467098766149,-0.49312034262307725,0.02454369260617026,0.026792835115443257,-0.6055383678811918,2.3300634625100187,BALANCE,1,2.220181794939848e-05
0.5680000000000001,0.02422034659622286,-0.48122196516172827,0.02454369260617026,0.02600563523719771,-0.393599939122774,4.871230394721728,BALANCE,1,2.124858143526104e-05
0.5700000000000001,0.023268219704607823,-0.4709224350289465,0.023009711818284616,0.024957062040578126,-0.5242865983097912,6.524706959141776,BALANCE,1,2.0468651144754734e-05
0.5720000000000001,0.02233639740248554,-0.4609170026654179,0.023009711818284616,0.0242754894627754,-0.3407862889013638,5.42129070625658,BALANCE,1,1.9724255357877187e-05
0.5740000000000001,0.021422886976879663,-0.4526102221150622,0.023009711818284616,0.023832467287203625,-0.22151108778588682,6.8532539247483895,BALANCE,1,1.9150090032506462e-05
0.5760000000000001,0.020523573569267366,-0.4467197239127793,0.021475731030398976,0.023007609597322,-0.4124288449408129,7.78564069659534,BALANCE,1,1.8807044590546595e-05
0.578,0.01963550723321289,-0.44136294402241455,0.021475731030398976,0.02247145209889894,-0.26807874921152935,6.213408699882498,BALANCE,1,1.8509506929761645e-05
0.58,0.018756552579098702,-0.43760787468462353,0.018407769454627694,0.021049163173404006,-0.7111444627474675,7.340534306231163,BALANCE,1,1.8356053474104324e-05
0.582,0.017887333445522905,-0.43162724470466735,0.019941750242513337,0.020661568647592273,-0.19379726290586624,3.714881095048643,BALANCE,1,1.7989006782815168e-05
0.584,0.017027872592126476,-0.42784941528368714,0.018407769454627694,0.01987273893005467,-0.3944148587688018,7.834535335962266,BALANCE,1,1.781928438555195e-05
0.586,0.016175694789761504,-0.4243440599568145,0.01687378866674205,0.018823106337895253,-0.5248162960797085,6.186239333792537,BALANCE,1,1.7667184086052912e-05
0.588,0.015331382035385392,-0.41998422285807835,0.01687378866674205,0.018140845152991632,-0.3411305924518101,5.083814501043298,BALANCE,1,1.7431101688780504e-05
0.59,0.014495085478048474,-0.41632771568301835,0.015339807878856412,0.017160482107044305,-0.49018152297366363,6.515992628002865,BALANCE,1,1.7251730687188684e-05
0.592,0.013666728538034913,-0.4120444596932248,0.015339807878856412,0.016523246127178544,-0.31861798993288065,5.268195497492606,BALANCE,1,1.7010567745767694e-05
0.594,0.012846132110136016,-0.40856706100452844,0.015339807878856412,0.016109042740265797,-0.2071016934563734,6.605774252252361,BALANCE,1,1.6834238620319323e-05
0.596,0.012030910102223461,-0.40666994101452136,0.01227184630308513,0.014766023987252564,-0.6715093765066165,7.476274229397705,BALANCE,1,1.678863453309975e-05
0.598,0.011221894173460088,-0.402360867856066,0.010737865515199488,0.013356168522033987,-0.7049277326092884,3.6833848446124184,BALANCE,1,1.6527500367241282e-05
0.6,0.010423924559919936,-0.3956234227521722,0.010737865515199488,0.012439762469641912,-0.4582030261960374,3.334117901582334,BALANCE,1,1.605568548745038e-05
0.602,0.00963960216661373,-0.38871339672779914,0.01227184630308513,0.012380991811347039,-0.029385329147436565,5.255419142238745,BALANCE,1,1.557019693383447e-05
0.604,0.008865809365533167,-0.3850936369587334,0.007669903939428206,0.010732111056175447,-0.824440377585796,8.68491067749213,BALANCE,1,1.5355706587325472e-05
0.606,0.008102851365981054,-0.37787839600966167,0.010737865515199488,0.010734125116833861,0.0010070303292069455,2.2276838668861956,BALANCE,1,1.484470515124189e-05
0.608,0.00735082351772534,-0.3741632847019821,0.007669903939428206,0.009661647704741882,-0.5362387060459896,8.83353079886909,BALANCE,1,1.46150911916154e-05
0.61,0.006607542764871626,-0.36913113979368395,0.009203884727313847,0.00950143066264207,-0.08010852104990608,4.473148592682947,BALANCE,1,1.4277185562446028e-05
0.612,0.0058718160582179445,-0.3666090996199977,0.006135923151542565,0.008323503033757243,-0.5889638144424133,8.114477336258155,BALANCE,1,1.4133299829579111e-05
0.614,0.005143087749975775,-0.3621326127145,0.007669903939428206,0.00809474335074208,-0.11437984150758189,3.974624031991759,BALANCE,1,1.3832577468067624e-05
0.616,0.004421211422691418,-0.3597569926762894,0.006135923151542565,0.007409156281022249,-0.3427935348599151,7.759189183159649,BALANCE,1,1.3690289231819677e-05
0.618,0.0037041225352756808,-0.35734508482829513,0.0046019423636569235,0.006426631409944385,-0.49126243553893184,5.892226243413997,BALANCE,1,1.3540095452275418e-05
0.62,0.002993124175490286,-0.35366635305263766,0.0030679615757712823,0.005251096967983799,-0.587767220980293,4.6468088719991805,BALANCE,1,1.328912344441279e-05
0.622,0.0022914127197262084,-0.34805801001242975,0.0030679615757712823,0.004486999580709418,-0.3820486936371905,3.8052887413442544,BALANCE,1,1.2891162167519296e-05
0.624,0.001600979816040435,-0.34238759353670994,0.0,0.0029165497274611218,-0.7852249266241482,5.406088516768753,BALANCE,1,1.2489368231379396e-05
0.626,0.0009252513795552863,-0.3333532723529648,0.0,0.0018957573228497292,-0.5103962023056963,2.0870349716236847,BALANCE,1,1.1848230834038987e-05
0.628,0.0002683603141576396,-0.3235498759612428,0.0,0.001232242259852324,-0.3317575314987026,4.2247963733591885,BALANCE,1,1.1165925144771569e-05
0.63,-0.00036965520176969425,-0.3144773756857878,0.0015339807878856412,0.001337850744663985,0.05280424240583048,5.614341284487265,BALANCE,1,1.0548104488336301e-05
0.632,-0.000993250211098034,-0.30912910410502104,-0.0030679615757712823,-0.00020418356748835831,-0.7710171560761716,8.697439554961163,BALANCE,1,1.0187345511337303e-05
0.634,-0.0016027010613099244,-0.30033295639599117,0.0,-0.0001327193188674329,0.03573212431046271,2.0143054716625066,BALANCE,1,9.606201959669356e-06
0.636,-0.002198037755880944,-0.2950146888344522,-0.0015339807878856412,-0.0006231608330238058,-0.24522075707818647,8.472561025809062,BALANCE,1,9.255153674764486e-06
0.638,-0.0027834824510204973,-0.29044077499608667,-0.0046019423636569235,-0.002015734368745397,-0.6962867678607955,6.195386851683882,BALANCE,1,8.952353298313739e-06
0.64,-0.0033567396971819516,-0.28282701566511576,-0.0030679615757712823,-0.002384013891204457,-0.18413976122952996,2.502901206405964,BALANCE,1,8.466064589469013e-06
0.642,-0.0039162171070677146,-0.27666068523354975,-0.0030679615757712823,-0.0026233955808028456,-0.11969084479919434,6.577503685330305,BALANCE,1,8.07411567411102e-06
0.644,-0.00446512413306887,-0.27225643732613514,-0.0030679615757712823,-0.0027789936790417985,-0.07779904911947642,7.078207436280925,BALANCE,1,7.789162934173216e-06
0.646,-0.0050070822657466195,-0.26971166406718583,-0.0030679615757712823,-0.002880132442897118,-0.05056938192765973,7.403450117088523,BALANCE,1,7.611833869189402e-06
0.648,-0.005545780988781749,-0.26899696770227827,-0.0046019423636569235,-0.00348276591516305,-0.30131673613296606,7.614643102303159,BALANCE,1,7.537305145797999e-06
0.65,-0.006082601151741027,-0.26783306940827417,-0.006135923151542565,-0.00441137094789588,-0.4643025163664151,5.571809707141719,BALANCE,1,7.433915887643549e-06
0.652,-0.006615351460364756,-0.2649270384760448,-0.0046019423636569235,-0.004478070943412246,-0.033349997758182724,4.211324889120578,BALANCE,1,7.228955133817348e-06
0.654,-0.0071442301978422405,-0.26396142701397607,-0.006135923151542565,-0.0050583192162578575,-0.2901241364228059,7.654047424066773,BALANCE,1,7.131647418070515e-06
0.656,-0.007670776793483343,-0.2625948537068157,-0.009203884727313847,-0.0065092671451274535,-0.725473964434798,5.564027754535799,BALANCE,1,7.008977418913258e-06
0.658,-0.008190679091900377,-0.2573170075417477,-0.009203884727313847,-0.007452383298892691,-0.4715580768826187,1.9928704012786618,BALANCE,1,6.667744660027014e-06
0.66,-0.008698616417222972,-0.25062966049617313,-0.007669903939428206,-0.007528515523080121,-0.03806611209371518,3.9661200558104026,BALANCE,1,6.2549240087471134e-06
0.662,-0.009195425969740722,-0.2461890300175283,-0.010737865515199488,-0.0086517880203219,-0.561636248620889,7.427982137565769,BALANCE,1,5.967271828994094e-06
0.664,-0.009681050045477832,-0.23944397793834904,-0.009203884727313847,-0.00884502186776908,-0.09661692372359056,3.170294337909808,BALANCE,1,5.563916967400709e-06
0.666,-0.010154900023916136,-0.23441471611295983,-0.009203884727313847,-0.008970623868609749,-0.06280100042033425,6.877085901867809,BALANCE,1,5.254390130329213e-06
0.668,-0.010620445716252518,-0.23113953905214843,-0.009203884727313847,-0.009052265169156182,-0.04082065027321679,7.138283043469698,BALANCE,1,5.0348200993452386e-06
0.67,-0.01108113656456946,-0.22955978275508915,-0.009203884727313847,-0.009105332014511365,-0.026533422677591303,7.30741691358002,BALANCE,1,4.8983434561381446e-06
0.672,-0.011540252925957175,-0.22956502311926458,-0.01380582709097077,-0.010750505291272156,-0.8225866383803956,7.416709657220813,BALANCE,1,4.837470284804506e-06
0.674,-0.01199429062879821,-0.22448103075653822,-0.01380582709097077,-0.011819867921166672,-0.5346813149472579,0.9474234339344765,BALANCE,1,4.528350693113615e-06
0.676,-0.012435992815078652,-0.21722927963163938,-0.01227184630308513,-0.011978060354838132,-0.07909621683572977,3.1841402900216735,BALANCE,1,4.1231651668849985e-06
0.678,-0.012864951208638472,-0.21173700359906497,-0.01227184630308513,-0.012080885436724581,-0.05141254094322492,6.816933916822643,BALANCE,1,3.8079790068369593e-06
0.68,-0.013284668096030128,-0.20798760344468187,-0.01380582709097077,-0.012684615015710748,-0.30186478949308354,7.0298176419621505,BALANCE,1,3.575516439422106e-06
0.682,-0.01369635967786323,-0.2037115503934975,-0.015339807878856412,-0.01361393251781173,-0.46465875105049065,4.98743895582097,BALANCE,1,3.3223564888186746e-06
0.684,-0.014097687301032773,-0.19762345412303295,-0.01380582709097077,-0.013681095618417394,-0.03358155030283236,3.6266054267320937,BALANCE,1,2.996077382772851e-06
0.686,-0.014488715336064991,-0.19341177278150382,-0.01227184630308513,-0.013187858358051101,0.24661863018314664,7.068457027553337,BALANCE,1,2.7546144006121075e-06
0.6880000000000001,-0.014875219745464872,-0.19309974524854787,-0.015339807878856412,-0.01394104069033296,-0.376591166140929,9.337015135391535,BALANCE,1,2.6749506393139028e-06
0.6900000000000001,-0.01525945130848272,-0.1911388845576448,-0.015339807878856412,-0.014430609206316168,-0.24478425799160428,4.303357616723952,BALANCE,1,2.5264342733619425e-06
0.6920000000000001,-0.015639359881433695,-0.18877667563277417,-0.015339807878856412,-0.014748828741705253,-0.15910976769454263,5.325552649118295,BALANCE,1,2.3616159716744042e-06
0.6940000000000001,-0.01601486482502902,-0.18673517416990068,-0.01380582709097077,-0.014418778163948185,0.16502528887853402,5.988905633623103,BALANCE,1,2.209884507020092e-06
0.6960000000000001,-0.01638917993359931,-0.1875868186812536,-0.01687378866674205,-0.015278031839926038,-0.4296268379889263,8.598905365240352,BALANCE,1,2.1724986214788573e-06
0.6980000000000001,-0.016762899167533058,-0.18613928853365022,-0.015339807878856412,-0.015299653453551668,-0.010810806812815328,3.7870775233740126,BALANCE,1,2.041872441941112e-06
0.7000000000000001,-0.01713508245075474,-0.1860508396769347,-0.01687378866674205,-0.015850600778168304,-0.2754736623083176,7.133248545274652,BALANCE,1,1.9641052346224283e-06
0.7020000000000001,-0.01750611846714954,-0.18499200056407727,-0.015339807878856412,-0.015671823263409143,0.0893887573795802,4.979718741678002,BALANCE,1,1.8465488440927007e-06
0.704,-0.017877127733164716,-0.18602408875959905,-0.015339807878856412,-0.015555617878815688,0.05810269229672774,7.906210385414053,BALANCE,1,1.8101292798648444e-06
0.706,-0.018251772297666898,-0.18862736586162182,-0.01687378866674205,-0.016016977654589915,-0.23067988788711377,7.659783064251076,BALANCE,1,1.8344979827305478e-06
0.708,-0.01863064969184577,-0.19025699623536427,-0.018407769454627694,-0.016853754784603138,-0.41838856500661137,5.318637440702973,BALANCE,1,1.818112598777108e-06
0.71,-0.019010393168303396,-0.189493464020714,-0.018407769454627694,-0.017397659919111734,-0.271952567254298,3.763390644989278,BALANCE,1,1.7030552500641445e-06
0.712,-0.019387676600870436,-0.18779690705322785,-0.01687378866674205,-0.017214304980782344,0.09167746916469502,4.898764786953446,BALANCE,1,1.5495135103174186e-06
0.714,-0.01976368032583185,-0.18821373282844178,-0.019941750242513337,-0.018168910822388192,-0.47730292080292414,7.815363513608997,BALANCE,1,1.4795888743808763e-06
0.716,-0.02013774185425583,-0.1858546747485873,-0.023009711818284616,-0.01986319117095194,-0.8471401742818734,3.202610261207214,BALANCE,1,1.2976147939313308e-06
0.718,-0.02050162051990619,-0.1780306827415967,-0.021475731030398976,-0.020427580121758403,-0.2821944754032319,0.1382827742276076,BALANCE,1,9.068959574327011e-07
0.72,-0.020849601283076974,-0.16995647985543558,-0.021475731030398976,-0.020794432939782604,-0.18342640901210064,4.619899512183999,BALANCE,1,5.225024537828939e-07
0.722,-0.02118198465809668,-0.16243300770838026,-0.021475731030398976,-0.021032887271498334,-0.11922716585786516,5.38387398764364,BALANCE,1,1.7353376100947288e-07
0.724,-0.021500297135501757,-0.15588532343563474,-0.018407769454627694,-0.02011409603559361,0.4593956179523625,5.878954095520281,BALANCE,1,-1.2874892644267462e-07
0.726,-0.021811043662227022,-0.1548669178491045,-0.019941750242513337,-0.020053775008015515,0.030160513789047327,10.559041020949266,BALANCE,1,-2.417185119723439e-07
0.728,-0.02212111495834639,-0.15521008037286452,-0.023009711818284616,-0.0210883528916097,-0.5172889417970928,7.1247686942958275,BALANCE,1,-3.105416933119743e-07
0.73,-0.02242861111840637,-0.15229173439744148,-0.023009711818284616,-0.02176082851594592,-0.33623781216811016,2.678880706012734,BALANCE,1,-4.868888853102264e-07
0.732,-0.022728852063284944,-0.14795473173482288,-0.019941750242513337,-0.021124151120244516,0.3183386978507022,4.082589039881234,BALANCE,1,-7.055832992561289e-07
0.734,-0.023024464060376868,-0.14766270144767055,-0.021475731030398976,-0.02124720408879858,-0.06152648427703092,9.353176933549767,BALANCE,1,-7.94394306799441e-07
0.736,-0.023319950939272163,-0.14782961120006743,-0.02454369260617026,-0.022400975069878665,-0.5768854905400436,6.3026228575969,BALANCE,1,-8.697300990465736e-07
0.738,-0.023611977058411376,-0.14420187801693254,-0.02454369260617026,-0.023150926207580722,-0.3749755688510284,2.106044353614017,BALANCE,1,-1.0633963597229285e-06
0.74,-0.02389502879785718,-0.1388550664423933,-0.019941750242513337,-0.022027714619807136,0.5616057938867929,3.6716964736224984,BALANCE,1,-1.303972504968336e-06
0.742,-0.024173456316415574,-0.1395775720567373,-0.02454369260617026,-0.02290830691503423,-0.44029614761354613,11.227334527867523,BALANCE,1,-1.361282683814583e-06
0.744,-0.02445051975905522,-0.13749096540764166,-0.023009711818284616,-0.022943798631171863,-0.017745858068816955,3.154701796768177,BALANCE,1,-1.5022381554519999e-06
0.746,-0.024724353192323096,-0.13634750325489356,-0.02454369260617026,-0.023503761522421302,-0.2799814456247197,6.528385850431518,BALANCE,1,-1.6148893080165834e-06
0.748,-0.024994584628025205,-0.13388890157389952,-0.02454369260617026,-0.023867737401733438,-0.181987939656068,4.392202624204844,BALANCE,1,-1.7648329474632074e-06
0.75,-0.025259520140419617,-0.1310514825312851,-0.0260776733940559,-0.0246412149990463,-0.38673879865643024,5.149538571714984,BALANCE,1,-1.923377811069736e-06
0.752,-0.025516766621012894,-0.12619972835484206,-0.023009711818284616,-0.02407018888577971,0.2855130566332947,3.460194800873505,BALANCE,1,-2.1333853691222044e-06
0.754,-0.02576797461768241,-0.12501288753846582,-0.023009711818284616,-0.023699021912156427,0.1855834868116409,8.867657172210144,BALANCE,1,-2.2410098052763395e-06
0.756,-0.026019206423362633,-0.12622353777181458,-0.02454369260617026,-0.02399465665506127,-0.14781737145242063,8.08575082767188,BALANCE,1,-2.285137889625956e-06
0.758,-0.026272251213975036,-0.12682590577754915,-0.02454369260617026,-0.024186819237949415,-0.09608129144407333,5.396006945654084,BALANCE,1,-2.3467539631511176e-06
0.76,-0.02652637496719425,-0.12730252018732507,-0.02454369260617026,-0.02431172491682671,-0.0624528394386481,5.793528466899984,BALANCE,1,-2.4127999163290487e-06
0.762,-0.026781603463375363,-0.12793066902129047,-0.023009711818284616,-0.02385602033233698,0.22785229224486606,6.050199397227383,BALANCE,1,-2.4757724010575934e-06
0.764,-0.02704056848025685,-0.13103910955870215,-0.02761165418194154,-0.025170492179698575,-0.6572359236807975,8.395211521698412,BALANCE,1,-2.4719360879777527e-06
0.766,-0.02730073927961271,-0.12913647363670466,-0.0260776733940559,-0.02548800560472364,-0.15875671251253282,1.2306033850154687,BALANCE,1,-2.6079443139991094e-06
0.768,-0.02755672964821325,-0.12685860190363363,-0.02761165418194154,-0.026231282606749905,-0.37163850101313256,5.194288667739138,BALANCE,1,-2.752790839485573e-06
0.77,-0.027806089584581046,-0.12250591945855487,-0.02454369260617026,-0.025640626106547028,0.29532825010143876,3.4413914830914134,BALANCE,1,-2.949814763994969e-06
0.772,-0.02805031531832165,-0.12172430484040579,-0.02761165418194154,-0.02633048593293511,-0.34492991319404026,8.807436756798847,BALANCE,1,-3.0504606332736358e-06
0.774,-0.02829090705304978,-0.11887185359936475,-0.0260776733940559,-0.026242001544327386,0.04424219430386109,3.6387137636651428,BALANCE,1,-3.203440318557304e-06
0.776,-0.028527115948225105,-0.11734138467105641,-0.02914563496982718,-0.027258273243252314,-0.5081358494624637,6.752151286655951,BALANCE,1,-3.3209870580713756e-06
0.778,-0.02875692719487948,-0.11247408742115007,-0.030679615757712823,-0.028455743123313493,-0.5987349400305899,2.2666989799412063,BALANCE,1,-3.517778036010173e-06
0.78,-0.02897331252437293,-0.10391522063089037,-0.030679615757712823,-0.02923409854535326,-0.3891777110198828,1.4643669139678632,BALANCE,1,-3.788847310078437e-06
0.782,-0.029171006900294186,-0.09378279016837689,-0.02761165418194154,-0.02866624301815916,0.28392776359704996,3.088276601022063,BALANCE,1,-4.070166745230709e-06
0.784,-0.029352487414987194,-0.08770106126828262,-0.02914563496982718,-0.028834030201242967,-0.08389359154190382,8.501458480985539,BALANCE,1,-4.2504040834388525e-06
0.786,-0.029522357943567043,-0.08217259057505095,-0.02914563496982718,-0.02894309187024744,-0.05453083450223696,5.543053602848632,BALANCE,1,-4.409437156858328e-06
0.788,-0.029681875173773232,-0.07734757252290576,-0.030679615757712823,-0.029550875230860325,-0.303891680306442,5.76562334065165,BALANCE,1,-4.547117001282571e-06
0.79,-0.02983031624748202,-0.07109623041959748,-0.02761165418194154,-0.02887214786373875,0.3393636835607866,3.7283593975350637,BALANCE,1,-4.698090353914097e-06
0.792,-0.02997020091954043,-0.06879101354126324,-0.02761165418194154,-0.028430975075109728,0.22058639431451163,8.909351520927439,BALANCE,1,-4.781717288469146e-06
0.794,-0.03010796699466858,-0.06897759452487198,-0.032213596545598466,-0.029754892589780785,-0.6619587573355283,7.979917379259958,BALANCE,1,-4.827684948017813e-06
0.796,-0.03024112172465464,-0.06417958360933444,-0.02914563496982718,-0.029541652422797025,0.10662008349188005,0.8341701366614194,BALANCE,1,-4.943124516398115e-06
0.798,-0.030366517774453983,-0.061218771679013254,-0.030679615757712823,-0.029939939590017554,-0.19914358361026485,6.989686942815153,BALANCE,1,-5.027454327237172e-06
0.8,-0.030485109601443128,-0.05737523569164463,-0.030679615757712823,-0.030198826248710897,-0.12944332934667138,4.513692388046759,BALANCE,1,-5.1185449620142814e-06
0.802,-0.030595786595859608,-0.05330379358064054,-0.02914563496982718,-0.029830209301101595,0.1843084738046511,5.049721457384164,BALANCE,1,-5.206396089343744e-06
0.804,-0.030700650411527076,-0.05156195005643923,-0.032213596545598466,-0.0306643948366755,-0.4170927677869529,7.575886857591081,BALANCE,1,-5.263707772618235e-06
0.806,-0.030799183085269976,-0.04697253525144977,-0.030679615757712823,-0.030669722159038564,-0.002663661181531371,2.70849291375648,BALANCE,1,-5.34760613277683e-06
0.808,-0.030889379081965672,-0.043225119730764046,-0.02914563496982718,-0.03013629164281458,0.26671525811199254,6.0174721828262605,BALANCE,1,-5.416405201714371e-06
0.81,-0.03097499168991492,-0.0423890622316031,-0.030679615757712823,-0.030326455083028964,-0.09508172010719296,8.198482109819329,BALANCE,1,-5.455209692269766e-06
0.812,-0.031058544299849392,-0.04116508383856261,-0.02914563496982718,-0.02991316804340834,0.20664351981031226,5.2866311866363755,BALANCE,1,-5.496620951397448e-06
0.8140000000000001,-0.03114174649254882,-0.042038638548674935,-0.02914563496982718,-0.029644531467654934,0.13431828787670297,7.719247694744974,BALANCE,1,-5.519324418079022e-06
0.8160000000000001,-0.031227946386219067,-0.044162839917667576,-0.030679615757712823,-0.030006810969175197,-0.18113975076013145,7.150835127527772,BALANCE,1,-5.531432302384125e-06
0.8180000000000001,-0.031316928605079924,-0.0448210148892534,-0.032213596545598466,-0.03077918592092334,-0.38618747587407243,4.599432686148046,BALANCE,1,-5.557937659387389e-06
0.8200000000000001,-0.03140426526257607,-0.04251724829672339,-0.030679615757712823,-0.03074433636379966,0.017424778561840257,2.9065525509474446,BALANCE,1,-5.6116371322971495e-06
0.8220000000000001,-0.03148765348454028,-0.040872506760594715,-0.030679615757712823,-0.030721684151669267,0.011326106065197294,6.131392692589407,BALANCE,1,-5.65713067337279e-06
0.8240000000000001,-0.03156827070926624,-0.039746200109528534,-0.032213596545598466,-0.031243853489544487,-0.2610846689376101,6.077818108513753,BALANCE,1,-5.696732052601878e-06
0.8260000000000001,-0.03164486868505392,-0.03685318392633687,-0.030679615757712823,-0.031046370283403405,0.09874160307054083,3.8609529775208724,BALANCE,1,-5.748864991807656e-06
0.8280000000000001,-0.03171703465005453,-0.035314107836332785,-0.032213596545598466,-0.031454899475171674,-0.20426459588413456,6.745202871897865,BALANCE,1,-5.787622222238815e-06
0.8300000000000001,-0.03178484167843664,-0.032494167167508095,-0.032213596545598466,-0.03172044344982105,-0.13277198732468756,4.2903505488593305,BALANCE,1,-5.833358635664608e-06
0.8320000000000001,-0.031846449213408824,-0.029114500447897776,-0.0337475773334841,-0.032429940309103115,-0.35474842964103304,4.840014690165979,BALANCE,1,-5.878638634075084e-06
0.834,-0.031898988333219996,-0.023425585285487674,-0.030679615757712823,-0.03181732671611651,0.3063067964933011,3.015147352016471,BALANCE,1,-5.930230520600628e-06
0.836,-0.03194347395403319,-0.021060853384878172,-0.032213596545598466,-0.0319560211564352,-0.069347220159343,8.333982511327116,BALANCE,1,-5.958165516455975e-06
0.838,-0.03198309739869733,-0.01856331974580582,-0.0337475773334841,-0.03258306581840231,-0.31352233098355664,5.314037507455556,BALANCE,1,-5.983628184624621e-06
0.84,-0.032015637674510405,-0.013977554312659086,-0.035281558121369745,-0.03352753812444091,-0.4722361530192995,3.316497327980139,BALANCE,1,-6.011801216245011e-06
0.842,-0.03203612557401136,-0.006510721856327298,-0.032213596545598466,-0.033067658571846056,0.22993977629742757,1.9834129057069925,BALANCE,1,-6.035842147896596e-06
0.844,-0.03205067464995549,-0.008038621566382034,-0.032213596545598466,-0.0327687368626594,0.14946085459332722,7.621799581682131,BALANCE,1,-6.0389581437354e-06
0.846,-0.032067310622786345,-0.008597657110407443,-0.0337475773334841,-0.033111331027448045,-0.17129708239432134,6.989349763227996,BALANCE,1,-6.044243429954857e-06
0.848,-0.0320833895973482,-0.007481613058154834,-0.032213596545598466,-0.03279712395880069,0.15710353432367777,4.396108351233998,BALANCE,1,-6.0522278172644325e-06
0.85,-0.03210059537873889,-0.009724484652716496,-0.032213596545598466,-0.03259288936417991,0.10211729731039038,7.035606284305072,BALANCE,1,-6.054610440439482e-06
0.852,-0.03212081147318742,-0.010491981460221409,-0.0337475773334841,-0.03299703015343638,-0.20207039462823498,6.6014518860031846,BALANCE,1,-6.060595908726223e-06
0.854,-0.032140583032145474,-0.009279940990740594,-0.035281558121369745,-0.03379661494221306,-0.3997923943883409,4.137102497108106,BALANCE,1,-6.070629266743823e-06
0.856,-0.03215584890168521,-0.005986209207885092,-0.0337475773334841,-0.03377945177915793,0.008581581527566245,2.5005920887122164,BALANCE,1,-6.08176909939471e-06
0.858,-0.03217085249530162,-0.009017660241163855,-0.032213596545598466,-0.033231402447412114,0.2740246658729066,5.761857795466949,BALANCE,1,-6.082597312252561e-06
0.86,-0.032189335444646784,-0.009465628904683554,-0.032213596545598466,-0.03287517038177734,0.1781160328173867,7.911639149644938,BALANCE,1,-6.088714696885399e-06
0.862,-0.03220997209997773,-0.011171405820802985,-0.030679615757712823,-0.03210672626335476,0.38422205921129216,7.15916897506251,BALANCE,1,-6.092780859731354e-06
0.864,-0.03223612709889889,-0.014984073945388423,-0.030679615757712823,-0.03160723758638008,0.2497443384873385,8.847702488066439,BALANCE,1,-6.092063480999131e-06
0.866,-0.03227073377154442,-0.01962323492411798,-0.032213596545598466,-0.03181946322210651,-0.10611281786321661,7.795528595376014,BALANCE,1,-6.088075706383896e-06
0.868,-0.03231299217659991,-0.02263594702892026,-0.030679615757712823,-0.031420516609568724,0.19947330626889428,4.929573913783565,BALANCE,1,-6.090556776895791e-06
0.87,-0.03236247496716333,-0.026847753246604177,-0.02914563496982718,-0.030624308035659183,0.3981042869547705,7.391915600270806,BALANCE,1,-6.087159578751808e-06
0.872,-0.032423065840296035,-0.03374423381063054,-0.0337475773334841,-0.031717452289897904,-0.5465721271193605,9.022611098585257,BALANCE,1,-6.065687560349955e-06
0.874,-0.03249215444923261,-0.035345645277485,-0.0337475773334841,-0.03242799605515308,-0.35527188262758636,1.3932676402799045,BALANCE,1,-6.08027931899216e-06
0.876,-0.03256134150266281,-0.033842680113331934,-0.030679615757712823,-0.03181606295104899,0.3059665520520442,2.8745513710877573,BALANCE,1,-6.117858723278595e-06
0.878,-0.03263015371668442,-0.03497079897310197,-0.030679615757712823,-0.03141830643338133,0.19887825883382892,8.194811622180836,BALANCE,1,-6.135977963587494e-06
0.88,-0.03270266414076607,-0.037540958158378684,-0.030679615757712823,-0.031159764696897352,0.1292708682419895,7.355687006208497,BALANCE,1,-6.1439776924144455e-06
0.882,-0.03278101838003489,-0.0408147215905489,-0.032213596545598466,-0.03152860584394274,-0.18442057352269572,6.808108432723441,BALANCE,1,-6.146811000496644e-06
0.884,-0.03286399354220751,-0.04216196601155416,-0.030679615757712823,-0.031231459313762273,0.14857326509023527,4.270140708614448,BALANCE,1,-6.166941476272131e-06
0.886,-0.0329506707590573,-0.04451684432183361,-0.030679615757712823,-0.031038314069144965,0.09657262230865389,6.945673917465972,BALANCE,1,-6.178740287952561e-06
0.888,-0.033042521929319495,-0.04733601453731306,-0.0337475773334841,-0.031986556211663665,-0.47412107125935005,6.535049827076531,BALANCE,1,-6.186790898941683e-06
0.89,-0.033135786648326476,-0.04593041905101639,-0.032213596545598466,-0.03206602032854085,-0.03973205843859143,1.9062084387390446,BALANCE,1,-6.237096712134549e-06
0.892,-0.03322604427098202,-0.04432886289844172,-0.02914563496982718,-0.031043885452991065,0.5110674377748915,5.370139490226774,BALANCE,1,-6.287764621404114e-06
0.894,-0.033317391642180325,-0.04702018761970412,-0.030679615757712823,-0.03091639105964368,0.06374719667369237,9.831654775377025,BALANCE,1,-6.297312475979837e-06
0.896,-0.03341426634405416,-0.04985629518222104,-0.0337475773334841,-0.03190730625548783,-0.49545759792207417,6.254559231956348,BALANCE,1,-6.306049214159107e-06
0.898,-0.03351240103683116,-0.048280201683460894,-0.0337475773334841,-0.032551401132786525,-0.32204743864934837,1.7150845021884678,BALANCE,1,-6.36119861303454e-06
0.9,-0.033604903410728054,-0.044223872754986515,-0.030679615757712823,-0.03189627625151073,0.3275624406378977,3.0572098035057955,BALANCE,1,-6.437759252477093e-06
0.902,-0.033692374460329404,-0.04324878488645656,-0.032213596545598466,-0.03200733835444144,-0.05553105146535384,8.28701707543001,BALANCE,1,-6.481499003707894e-06
0.904,-0.03377748870721556,-0.041867026708816375,-0.03681553890925539,-0.03369020854862632,-0.8414350970924397,5.209203944757267,BALANCE,1,-6.527838820673087e-06
0.906,-0.03385309300613276,-0.03373866209099988,-0.0337475773334841,-0.03371028762332654,-0.010039537350112204,-1.1857386736202384,BALANCE,1,-6.623481225672174e-06
0.908,-0.03391323747340517,-0.026406910854000706,-0.032213596545598466,-0.033186445746121715,0.26192093860241333,5.457479002311703,BALANCE,1,-6.694503670627543e-06
0.91,-0.033961611200514615,-0.021967705536685256,-0.035281558121369745,-0.033919735077458525,-0.3666446656684051,7.6579560334149726,BALANCE,1,-6.736731932348937e-06
0.912,-0.03399854362486762,-0.014965397767166079,-0.032213596545598466,-0.033322586591307504,0.29857424307551045,2.5786498923527246,BALANCE,1,-6.779088365424321e-06
0.914,-0.03402481120669731,-0.011302666953776292,-0.035281558121369745,-0.034008226626829285,-0.3428200177608906,7.929565554154848,BALANCE,1,-6.7998661998562315e-06
0.916,-0.03404205040069049,-0.005936843958662814,-0.0337475773334841,-0.03391699937415847,0.045613626335407054,2.750471420006967,BALANCE,1,-6.816638714810478e-06
0.918,-0.03405648842656374,-0.008501447333236788,-0.0337475773334841,-0.03385770165992244,0.029648857118015626,5.856630808062765,BALANCE,1,-6.8184750560141185e-06
0.92,-0.03407180177762248,-0.006812185238369356,-0.03681553890925539,-0.03489294469718897,-0.5176215186332641,5.725698976845811,BALANCE,1,-6.827373902163046e-06
0.922,-0.0340826381392247,-0.004024375575001465,-0.0337475773334841,-0.034492066119892265,0.20043928864835192,1.2784427996601435,BALANCE,1,-6.834942572225948e-06
0.924,-0.03410018573733544,-0.01352354511383472,-0.03681553890925539,-0.03530528159616936,-0.4066077381385466,7.040083559326895,BALANCE,1,-6.824203143705832e-06
0.926,-0.034118725317998574,-0.005016376375366234,-0.0337475773334841,-0.03476008510422952,0.2725982459699204,2.1278533601358482,BALANCE,1,-6.848469724446569e-06
0.928,-0.03413397529925746,-0.010233885226171257,-0.032213596545598466,-0.03386881410870865,0.4456354977604333,7.587261005499128,BALANCE,1,-6.846107699299513e-06
0.93,-0.03415414494829894,-0.009936134601564605,-0.035281558121369745,-0.03436327451314004,-0.24723020221569317,9.018261516732743,BALANCE,1,-6.8548537922475635e-06
0.932,-0.03417184802345708,-0.007767265999966532,-0.0337475773334841,-0.03414778050026046,0.10774700643978799,3.438795637755219,BALANCE,1,-6.866067607063614e-06
0.934,-0.03418855799288361,-0.008943010610887455,-0.0337475773334841,-0.034007709391888734,0.07003555418586341,6.284713391671791,BALANCE,1,-6.870694195611892e-06
0.936,-0.03420677188490985,-0.009271216247178889,-0.032213596545598466,-0.03337976989568714,0.3139697481007973,5.984624498264321,BALANCE,1,-6.877387567870582e-06
0.9380000000000001,-0.03422785434977691,-0.011811636183885562,-0.0337475773334841,-0.03350850249891608,-0.06436630161446924,7.96709846537675,BALANCE,1,-6.880165066746994e-06
0.9400000000000001,-0.03425174088430128,-0.012075337453804678,-0.032213596545598466,-0.03305528541525491,0.22660854183058354,4.925984410961097,BALANCE,1,-6.889119256490298e-06
0.9420000000000001,-0.034277678327090305,-0.013862582149576938,-0.0337475773334841,-0.033297587586635126,-0.12115108569010768,7.274365126458138,BALANCE,1,-6.894634653921178e-06
0.9440000000000001,-0.03430540095478281,-0.013860555175599884,-0.035281558121369745,-0.033991977273792245,-0.34719484357855973,4.471090458492468,BALANCE,1,-6.905829525279794e-06
0.9460000000000001,-0.03433004034633849,-0.010779289334455613,-0.035281558121369745,-0.03444333057044437,-0.22567664832606402,2.6142786187006655,BALANCE,1,-6.9238799324009485e-06
0.9480000000000001,-0.03434766213105195,-0.006842819327235887,-0.03834951969714103,-0.0358104967647882,-0.6835830971719143,3.552454316807416,BALANCE,1,-6.9384012587483e-06
0.9500000000000001,-0.034356619408304714,-0.0021146225924654014,-0.035281558121369745,-0.03562536823959174,0.0925642625982312,-0.19998934497297416,BALANCE,1,-6.946540415264356e-06
0.9520000000000001,-0.03438023282487374,-0.021499228054228534,-0.0337475773334841,-0.034968141422454066,0.3286134085688369,6.0131721710520605,BALANCE,1,-6.907266019050191e-06
0.9540000000000001,-0.0344178396929737,-0.016108331384191685,-0.0337475773334841,-0.03454094399131458,0.2135987155697447,7.934005319560676,BALANCE,1,-6.944117182664637e-06
0.9560000000000001,-0.03444681025601041,-0.012862764225942631,-0.035281558121369745,-0.034800158936833886,-0.12960747275965467,7.032611432638045,BALANCE,1,-6.965887327657213e-06
0.9580000000000001,-0.034468660628512116,-0.008988009957477928,-0.03681553890925539,-0.03550554192718141,-0.3526914951737618,4.264448997484324,BALANCE,1,-6.983779962185162e-06
0.96,-0.03448200211283641,-0.004353719628562655,-0.035281558121369745,-0.035427147595147326,0.039197166017041624,2.430352730365179,BALANCE,1,-6.995788586873623e-06
0.962,-0.03449832415785603,-0.01196862543649046,-0.0337475773334841,-0.034839298003565194,0.29392479579106595,5.563080250294623,BALANCE,1,-6.989156387580945e-06
0.964,-0.03451940719742409,-0.009114801705900162,-0.035281558121369745,-0.03499408904479679,-0.07739552061579794,7.629204404381031,BALANCE,1,-7.004137388374086e-06
0.966,-0.03453577829757938,-0.007256599402623382,-0.03834951969714103,-0.03616848977311728,-0.5872003641602431,4.642355592843265,BALANCE,1,-7.014035191092708e-06
0.968,-0.03454623733423487,-0.00320262952529612,-0.035281558121369745,-0.03585806369500564,0.15521303905581887,0.48621910283385184,BALANCE,1,-7.022809980807351e-06
0.97,-0.034565977251383335,-0.016537650495165587,-0.035281558121369745,-0.03565628674423307,0.10088847538628279,6.436980280510045,BALANCE,1,-7.002759853921366e-06
0.972,-0.03459334049069593,-0.010826091842228169,-0.035281558121369745,-0.03552513172623091,0.06557750900108156,6.007359130851263,BALANCE,1,-7.030567328460885e-06
0.974,-0.0346111386596881,-0.0069724043376671405,-0.0337475773334841,-0.034902987688769524,0.3110720187306931,5.725635674504537,BALANCE,1,-7.045131994473197e-06
0.976,-0.034628099162629655,-0.009988410387896276,-0.0337475773334841,-0.03449859406441963,0.20219681217494706,7.71993979705136,BALANCE,1,-7.046586315622586e-06
0.978,-0.03464880445403182,-0.01071726164027015,-0.03681553890925539,-0.03530952476011215,-0.4054653478462594,6.866302043253501,BALANCE,1,-7.053417752302129e-06
0.98,-0.0346668845198992,-0.007363136595995686,-0.032213596545598466,-0.03422594988503236,0.5417874375398951,1.9492870163902758,BALANCE,1,-7.067261484942965e-06
0.982,-0.03468613303922343,-0.011885736571289454,-0.032213596545598466,-0.0335216262162305,0.3521618344009304,9.585478602007292,BALANCE,1,-7.065831522536588e-06
0.984,-0.03471293120697782,-0.014912923812188311,-0.032213596545598466,-0.03306381583150929,0.2289051923606046,8.10402887178044,BALANCE,1,-7.068122632318178e-06
0.986,-0.03474632824957764,-0.018484732722930598,-0.03834951969714103,-0.0349138121844804,-0.9249981764855552,7.138831595374805,BALANCE,1,-7.069049569425591e-06
0.988,-0.03477829611064545,-0.013483716012662857,-0.0337475773334841,-0.034505629986631696,0.20409109892435134,-2.210377899009636,BALANCE,1,-7.099182191205443e-06
0.99,-0.03480240786868127,-0.010628485270514281,-0.0337475773334841,-0.03424031155803004,0.13265921430082733,6.839926110143212,BALANCE,1,-7.1163987810461e-06
0.992,-0.03482268078683138,-0.009644805556163897,-0.035281558121369745,-0.03460474785519894,-0.18221814858444818,6.277542076559514,BALANCE,1,-7.126832405937602e-06
0.994,-0.034839908719313986,-0.0075834436277326025,-0.032213596545598466,-0.033767844896838775,0.41845147918008124,3.7297360460761353,BALANCE,1,-7.137683139161616e-06
0.996,-0.034858758758522554,-0.011266942097102169,-0.035281558121369745,-0.034297644525424616,-0.26489981429292025,8.578553676714613,BALANCE,1,-7.138008294734487e-06
0.998,-0.034879112728592274,-0.009087402139234929,-0.0337475773334841,-0.034105121008245434,0.09626175858959071,3.073095822310367,BALANCE,1,-7.15109350535435e-06
1.0,-0.03489715380352629,-0.008954004442050353,-0.035281558121369745,-0.03451687399783894,-0.20587649479675285,5.967118792199557,BALANCE,1,-7.158758240568799e-06
1.002,-0.03491317924084696,-0.00707172747365208,-0.035281558121369745,-0.03478451344107472,-0.13381972161789074,3.51840421093363,BALANCE,1,-7.168559399434364e-06
1.004,-0.03492705876850116,-0.006808055326339861,-0.03834951969714103,-0.03603226563069793,-0.6238760948116053,4.071843127082165,BALANCE,1,-7.174654200462883e-06
1.006,-0.0349360239188327,-0.0021572598135075503,-0.035281558121369745,-0.03576951800243307,0.1313738141324322,0.06932055702891571,BALANCE,1,-7.18278760409623e-06
1.008,-0.03495950521985191,-0.021324472846133764,-0.03681553890925539,-0.03613562531982088,-0.18305365869390744,6.119930782676622,BALANCE,1,-7.14443749803698e-06
1.01,-0.0349925153427189,-0.011686256847122808,-0.03681553890925539,-0.03637359507612296,-0.11898487815103706,3.575317435958671,BALANCE,1,-7.1919637868708495e-06
1.012,-0.035006719186070324,-0.0025178476172452585,-0.0337475773334841,-0.035454488866199355,0.4595531049618011,4.066314775908285,BALANCE,1,-7.211705893551285e-06
1.014,-0.03503114922509542,-0.02191264048752659,-0.0337475773334841,-0.03485706982974902,0.2987095182251688,8.742674115633166,BALANCE,1,-7.171233691213718e-06
1.016,-0.0350718116805475,-0.018750562456063748,-0.0337475773334841,-0.0344687474560563,0.19416118684635955,7.484799149961178,BALANCE,1,-7.201723866771683e-06
1.018,-0.03510754552438643,-0.016983938270912907,-0.0337475773334841,-0.03421633791315603,0.12620477145013423,6.664818091861055,BALANCE,1,-7.223215426479164e-06
1.02,-0.03514044120477052,-0.01591234682674228,-0.0337475773334841,-0.03405227171027086,0.08203310144258569,6.129468073682637,BALANCE,1,-7.2405744712852485e-06
1.022,-0.035171455974409405,-0.015102992948585648,-0.0337475773334841,-0.03394562867839549,0.05332151593768347,5.779128231453305,BALANCE,1,-7.256085058353956e-06
1.024,-0.03520086234495314,-0.014303918164259029,-0.03681553890925539,-0.034950097259196455,-0.5022342904004822,5.54904500359093,BALANCE,1,-7.2707694885729875e-06
1.026,-0.03522419827551933,-0.009032441382569884,-0.035281558121369745,-0.035066108560957106,-0.058005650880325194,1.0373404185857078,BALANCE,1,-7.293562565720951e-06
1.028,-0.03523873887774414,-0.0055084281397634015,-0.0337475773334841,-0.03460462263134156,0.2307429648077744,4.577195634929132,BALANCE,1,-7.305057794517448e-06
1.03,-0.03525506872026037,-0.010821714558878766,-0.03681553890925539,-0.0353784433286114,-0.38691034863492024,6.907952791684593,BALANCE,1,-7.3025769595130836e-06
1.032,-0.03527063970472624,-0.004749556147098495,-0.035281558121369745,-0.03534453350607682,0.016954911267290373,1.9132213536411236,BALANCE,1,-7.319124822367894e-06
1.034,-0.03528542804063066,-0.010039051602443769,-0.03834951969714103,-0.03639627867294929,-0.525872583436237,5.139109115509667,BALANCE,1,-7.3169211186546226e-06
1.036,-0.035296173986983,-0.0007070922950125087,-0.039883500485026674,-0.03761680630717638,-0.6102638171135433,0.7261051921345096,BALANCE,1,-7.332081331825428e-06
1.038,-0.035296173986983,0.0,-0.035281558121369745,-0.03679946944214406,0.4086684325161592,-0.02977969659900115,BALANCE,1,-7.332134662973553e-06
1.04,-0.035296173986983,0.0,-0.03681553890925539,-0.036805093755633025,-0.0028121567444833184,8.16335861845213,BALANCE,1,-7.332134662973553e-06
1.042,-0.035296173986983,0.0,-0.0337475773334841,-0.0357349630078809,0.5350653738760632,4.863815426806524,BALANCE,1,-7.332134662973553e-06
1.044,-0.035296173986983,0.0,-0.032213596545598466,-0.03450248474608205,0.6162391308994243,9.223896524034448,BALANCE,1,-7.332134662973553e-06
1.046,-0.035296173986983,0.0,-0.035281558121369745,-0.03477516042743274,-0.13633784067534557,9.94033477898005,BALANCE,1,-7.332134662973553e-06
1.048,-0.035296173986983,0.0,-0.03681553890925539,-0.03548929289607067,-0.35706623431896317,3.8964034334153634,BALANCE,1,-7.332134662973553e-06
1.05,-0.035296173986983,0.0,-0.0337475773334841,-0.03487969244916537,0.3048002234526496,2.080630477568932,BALANCE,1,-7.332134662973553e-06
1.052,-0.035296173986983,0.0,-0.0337475773334841,-0.034483452158676924,0.19812014524422245,7.40516222806632,BALANCE,1,-7.332134662973553e-06
1.054,-0.035296173986983,0.0,-0.03681553890925539,-0.03529968252137938,-0.4081151813512297,6.5685993293964735,BALANCE,1,-7.332134662973553e-06
1.056,-0.035296173986983,0.0,-0.0337475773334841,-0.034756445705616035,0.27161840788167413,1.6626829583664327,BALANCE,1,-7.332134662973553e-06
1.058,-0.035296173986983,0.0,-0.03681553890925539,-0.03547712832688981,-0.36034131063688785,7.1261945920343415,BALANCE,1,-7.332134662973553e-06
1.06,-0.035296173986983,0.0,-0.035281558121369745,-0.03540867875495779,0.03422478596601039,2.020180460944041,BALANCE,1,-7.332134662973553e-06
1.062,-0.035296173986983,0.0,-0.035281558121369745,-0.035364186533201974,0.02224611087790762,5.173734472332157,BALANCE,1,-7.332134662973553e-06
1.064,-0.035296173986983,0.0,-0.0337475773334841,-0.03479837331330072,0.2829066099506276,5.073501767626043,BALANCE,1,-7.332134662973553e-06
1.066,-0.035296173986983,0.0,-0.03681553890925539,-0.035504381271884856,-0.3530039792920686,7.185774878739219,BALANCE,1,-7.332134662973553e-06
1.068,-0.035296173986983,0.0,-0.0337475773334841,-0.034889499893444594,0.30744068922013146,2.049028811028223,BALANCE,1,-7.332134662973553e-06
1.07,-0.035296173986983,0.0,-0.035281558121369745,-0.0350267202732184,-0.06861018988690154,7.362501141853551,BALANCE,1,-7.332134662973553e-06
1.072,-0.035296173986983,0.0,-0.035281558121369745,-0.035115913520071367,-0.04459662342648496,4.338855542156216,BALANCE,1,-7.332134662973553e-06
1.074,-0.035296173986983,0.0,-0.03834951969714103,-0.036247675682045746,-0.5658810809871899,4.518589296324356,BALANCE,1,-7.332134662973553e-06
1.076,-0.035296173986983,0.0,-0.035281558121369745,-0.03590953453580915,0.16907057311829968,0.2731583709838432,BALANCE,1,-7.332134662973553e-06
1.078,-0.035296173986983,0.0,-0.0337475773334841,-0.03515284951499538,0.37834251040688366,6.165878165694794,BALANCE,1,-7.332134662973553e-06
1.08,-0.035296173986983,0.0,-0.0337475773334841,-0.03466100425146643,0.24592263176447318,7.878424195349292,BALANCE,1,-7.332134662973553e-06
1.082,-0.035296173986983,0.0,-0.0337475773334841,-0.034341304830172614,0.15984971064690948,6.841643681171452,BALANCE,1,-7.332134662973553e-06
1.084,-0.035296173986983,0.0,-0.035281558121369745,-0.03467039348209161,-0.16454432595949808,6.165374016542536,BALANCE,1,-7.332134662973553e-06
1.086,-0.035296173986983,0.0,-0.035281558121369745,-0.034884301105838955,-0.10695381187367237,3.5435423258797165,BALANCE,1,-7.332134662973553e-06
1.088,-0.035296173986983,0.0,-0.035281558121369745,-0.035023341061274735,-0.06951997771788981,3.984455120920314,BALANCE,1,-7.332134662973553e-06
1.09,-0.035296173986983,0.0,-0.035281558121369745,-0.035113717032307985,-0.045187985516625256,4.268578728628174,BALANCE,1,-7.332134662973553e-06
1.092,-0.035296173986983,0.0,-0.035281558121369745,-0.0351724614134796,-0.029372190585807284,4.450789364569834,BALANCE,1,-7.332134662973553e-06
1.094,-0.035296173986983,0.0,-0.035281558121369745,-0.03521064526124115,-0.019091923880776296,4.5667565688633855,BALANCE,1,-7.332134662973553e-06
1.096,-0.035296173986983,0.0,-0.0337475773334841,-0.034698571486526185,0.25603688735748376,4.639665542585693,BALANCE,1,-7.332134662973553e-06
1.098,-0.035296173986983,0.0,-0.035281558121369745,-0.034902616808721434,-0.10202266109762478,6.8644807446773655,BALANCE,1,-7.332134662973553e-06
1.1,-0.035296173986983,0.0,-0.035281558121369745,-0.03503524626814834,-0.0663147297134542,3.9807811143430385,BALANCE,1,-7.332134662973553e-06
1.102,-0.035296173986983,0.0,-0.0337475773334841,-0.03458456214101586,0.22534206356624245,4.251479748597159,BALANCE,1,-7.332134662973553e-06
1.104,-0.035296173986983,0.0,-0.035281558121369745,-0.03482851073413972,-0.12197429656193165,6.604858230034478,BALANCE,1,-7.332134662973553e-06
1.106,-0.035296173986983,0.0,-0.03681553890925539,-0.03552397059543021,-0.3477299306452429,3.804724731274825,BALANCE,1,-7.332134662973553e-06
1.108,-0.035296173986983,0.0,-0.0337475773334841,-0.03490223295374907,0.310868820840568,1.9498472728118186,BALANCE,1,-7.332134662973553e-06
1.11,-0.035296173986983,0.0,-0.03681553890925539,-0.03557189003817628,-0.33482854221360614,7.248961096608424,BALANCE,1,-7.332134662973553e-06
1.112,-0.035296173986983,0.0,-0.03681553890925539,-0.03600716714305397,-0.21763855243884384,2.0360883891017645,BALANCE,1,-7.332134662973553e-06
1.114,-0.035296173986983,0.0,-0.03681553890925539,-0.036290097261224466,-0.14146505908524745,2.9402902475785897,BALANCE,1,-7.332134662973553e-06
1.116,-0.035296173986983,0.0,-0.03681553890925539,-0.036474001838035286,-0.09195228840540998,3.5254443678648872,BALANCE,1,-7.332134662973553e-06
1.118,-0.035296173986983,0.0,-0.035281558121369745,-0.03605664653720235,0.20867765041646807,3.9032174583273305,BALANCE,1,-7.332134662973553e-06
1.12,-0.035296173986983,0.0,-0.0337475773334841,-0.03524847231590096,0.40408711065069436,6.32608695764489,BALANCE,1,-7.332134662973553e-06
1.122,-0.035296173986983,0.0,-0.03681553890925539,-0.03579694562357501,-0.27423665383702334,7.930803398333603,BALANCE,1,-7.332134662973553e-06
1.124,-0.035296173986983,0.0,-0.035281558121369745,-0.035616559997803166,0.09019281288592113,2.4641454948467034,BALANCE,1,-7.332134662973553e-06
1.1260000000000001,-0.035296173986983,0.0,-0.035281558121369745,-0.03549930934105147,0.058625328375847,5.383281054177008,BALANCE,1,-7.332134662973553e-06
1.1280000000000001,-0.035296173986983,0.0,-0.032213596545598466,-0.03434930986264292,0.5749997392042773,5.130676355633307,BALANCE,1,-7.332134662973553e-06
1.1300000000000001,-0.035296173986983,0.0,-0.035281558121369745,-0.034675596753197306,-0.1631434452771946,9.323801748992732,BALANCE,1,-7.332134662973553e-06
1.1320000000000001,-0.035296173986983,0.0,-0.03681553890925539,-0.035424576507817634,-0.37448987731016414,3.392143940357055,BALANCE,1,-7.332134662973553e-06
1.1340000000000001,-0.035296173986983,0.0,-0.03681553890925539,-0.03591141334832085,-0.24341842025160654,1.6493487835145144,BALANCE,1,-7.332134662973553e-06
1.1360000000000001,-0.035296173986983,0.0,-0.03834951969714103,-0.036764750570407914,-0.4266686110435333,2.661527946883119,BALANCE,1,-7.332134662973553e-06
1.1380000000000001,-0.035296173986983,0.0,-0.03681553890925539,-0.03678252648900453,-0.008887959298306547,1.1369732371083998,BALANCE,1,-7.332134662973553e-06
1.1400000000000001,-0.035296173986983,0.0,-0.0337475773334841,-0.03572029428457238,0.531116102216074,4.470795390656615,BALANCE,1,-7.332134662973553e-06
1.1420000000000001,-0.035296173986983,0.0,-0.0337475773334841,-0.03502984335169148,0.3452254664404498,8.847417756180674,BALANCE,1,-7.332134662973553e-06
1.1440000000000001,-0.035296173986983,0.0,-0.0337475773334841,-0.0345810502453189,0.22439655318629015,7.394713757278197,BALANCE,1,-7.332134662973553e-06
1.1460000000000001,-0.035296173986983,0.0,-0.035281558121369745,-0.034826228001936695,-0.1225888783088977,6.44809382757821,BALANCE,1,-7.332134662973553e-06
1.1480000000000001,-0.035296173986983,0.0,-0.0337475773334841,-0.034448700267978284,0.18876386697920522,3.650534464619252,BALANCE,1,-7.332134662973553e-06
1.1500000000000001,-0.035296173986983,0.0,-0.03681553890925539,-0.035277093792425274,-0.4141967622234947,6.157118350907984,BALANCE,1,-7.332134662973553e-06
1.1520000000000001,-0.035296173986983,0.0,-0.03681553890925539,-0.035815549583315814,-0.26922789544527037,1.2766742870610805,BALANCE,1,-7.332134662973553e-06
1.154,-0.035296173986983,0.0,-0.035281558121369745,-0.03562865257163469,0.09344850584056333,2.3969547639167796,BALANCE,1,-7.332134662973553e-06
1.156,-0.035296173986983,0.0,-0.035281558121369745,-0.03550716951404196,0.06074152879636391,5.302454064389991,BALANCE,1,-7.332134662973553e-06
1.158,-0.035296173986983,0.0,-0.0337475773334841,-0.03489131225084671,0.30792863159762385,5.040985797589151,BALANCE,1,-7.332134662973553e-06
1.16,-0.035296173986983,0.0,-0.035281558121369745,-0.03502789830552978,-0.06829302734153234,7.048455793340777,BALANCE,1,-7.332134662973553e-06
1.162,-0.035296173986983,0.0,-0.03681553890925539,-0.035653572516833744,-0.3128371056519835,4.023481778885437,BALANCE,1,-7.332134662973553e-06
1.164,-0.035296173986983,0.0,-0.03681553890925539,-0.03606026075418132,-0.2033441186737872,2.022457985220223,BALANCE,1,-7.332134662973553e-06
1.166,-0.035296173986983,0.0,-0.035281558121369745,-0.03578771483269727,0.1362729607420239,2.8667885346541033,BALANCE,1,-7.332134662973553e-06
1.168,-0.035296173986983,0.0,-0.035281558121369745,-0.03561055998373264,0.08857742448231676,5.592920382303095,BALANCE,1,-7.332134662973553e-06
1.17,-0.035296173986983,0.0,-0.035281558121369745,-0.03549540933190563,0.0575753259135052,5.21486327116657,BALANCE,1,-7.332134662973553e-06
1.172,-0.035296173986983,0.0,-0.035281558121369745,-0.03542056140821807,0.03742396184377994,4.966656439859317,BALANCE,1,-7.332134662973553e-06
1.174,-0.035296173986983,0.0,-0.0337475773334841,-0.03483501698206118,0.2927722130784439,4.802852290441125,BALANCE,1,-7.332134662973553e-06
1.176,-0.035296173986983,0.0,-0.03681553890925539,-0.03552819965657915,-0.3465913372589849,6.873803962491438,BALANCE,1,-7.332134662973553e-06
1.178,-0.035296173986983,0.0,-0.03681553890925539,-0.035978768395015834,-0.2252843692183426,1.710198959389614,BALANCE,1,-7.332134662973553e-06
1.18,-0.035296173986983,0.0,-0.03681553890925539,-0.036271638074999675,-0.1464348399919206,2.646424825729549,BALANCE,1,-7.332134662973553e-06
1.182,-0.035296173986983,0.0,-0.03681553890925539,-0.036462003366989175,-0.09518264599474996,3.252394551126894,BALANCE,1,-7.332134662973553e-06
1.184,-0.035296173986983,0.0,-0.035281558121369745,-0.036048847531022374,0.20657791798340056,3.6436977849114918,BALANCE,1,-7.332134662973553e-06
1.186,-0.035296173986983,0.0,-0.03681553890925539,-0.03631718951340393,-0.1341709911907782,6.0753618773885,BALANCE,1,-7.332134662973553e-06
1.188,-0.035296173986983,0.0,-0.03834951969714103,-0.037028505077711917,-0.35565778215399313,3.3260066471494953,BALANCE,1,-7.332134662973553e-06
1.19,-0.035296173986983,0.0,-0.03681553890925539,-0.036953966918752135,0.037269079479890915,1.5040276845697544,BALANCE,1,-7.332134662973553e-06
1.192,-0.035296173986983,0.0,-0.0337475773334841,-0.03583173056390832,0.5611181774219064,4.644524073794663,BALANCE,1,-7.332134662973553e-06
1.194,-0.035296173986983,0.0,-0.0337475773334841,-0.035102276933259846,0.3647268153242379,8.895484692508635,BALANCE,1,-7.332134662973553e-06
1.196,-0.035296173986983,0.0,-0.035281558121369745,-0.03516502534909831,-0.03137420791923112,7.361100558179542,BALANCE,1,-7.332134662973553e-06
1.198,-0.035296173986983,0.0,-0.035281558121369745,-0.035205811819393314,-0.02039323514750266,4.181494462211662,BALANCE,1,-7.332134662973553e-06
1.2,-0.035296173986983,0.0,-0.03681553890925539,-0.03576921630084504,-0.2817022407258646,4.2598538938039106,BALANCE,1,-7.332134662973553e-06
1.202,-0.035296173986983,0.0,-0.03681553890925539,-0.036135429213788664,-0.1831064564718106,2.1284237370297427,BALANCE,1,-7.332134662973553e-06
1.204,-0.035296173986983,0.0,-0.035281558121369745,-0.03583657433144204,0.14942744117331028,2.8879901504428,BALANCE,1,-7.332134662973553e-06
1.206,-0.035296173986983,0.0,-0.035281558121369745,-0.03564231865791674,0.09712783676265116,5.559025309678276,BALANCE,1,-7.332134662973553e-06
1.208,-0.035296173986983,0.0,-0.035281558121369745,-0.03551605247012529,0.06313309389572447,5.145155351072939,BALANCE,1,-7.332134662973553e-06
1.21,-0.035296173986983,0.0,-0.032213596545598466,-0.0343601928965409,0.5779297867921952,4.873670168910987,BALANCE,1,-7.332134662973553e-06
1.212,-0.035296173986983,0.0,-0.032213596545598466,-0.03360888417371105,0.3756543614149253,9.054523247918507,BALANCE,1,-7.332134662973553e-06
1.214,-0.035296173986983,0.0,-0.035281558121369745,-0.034194320055391594,-0.29271794084027164,7.474676591435397,BALANCE,1,-7.332134662973553e-06
1.216,-0.035296173986983,0.0,-0.035281558121369745,-0.03457485337848395,-0.1902666615461769,2.0857331564819104,BALANCE,1,-7.332134662973553e-06
1.218,-0.035296173986983,0.0,-0.035281558121369745,-0.034822200038493976,-0.12367333000501413,2.87559642077343,BALANCE,1,-7.332134662973553e-06
1.22,-0.035296173986983,0.0,-0.030679615757712823,-0.03337229554022057,0.7249522491367018,3.3865378334944323,BALANCE,1,-7.332134662973553e-06
1.222,-0.035296173986983,0.0,-0.0337475773334841,-0.033503644167862806,-0.0656743138211166,10.255862277416519,BALANCE,1,-7.332134662973553e-06
1.224,-0.035296173986983,0.0,-0.032213596545598466,-0.033052127500070284,0.22575833389626085,3.9162681272618656,BALANCE,1,-7.332134662973553e-06
1.226,-0.035296173986983,0.0,-0.035281558121369745,-0.03383242821752509,-0.3901503587274042,6.268209883568422,BALANCE,1,-7.332134662973553e-06
1.228,-0.035296173986983,0.0,-0.039883500485026674,-0.035950303511150646,-1.0589376468127762,1.2873558138883077,BALANCE,1,-7.332134662973553e-06
1.23,-0.035296173986983,0.0,-0.0337475773334841,-0.035179349348967354,0.3854770810916459,-4.197205069114433,BALANCE,1,-7.332134662973553e-06
1.232,-0.035296173986983,0.0,-0.03681553890925539,-0.03575201569506817,-0.28633317305040706,7.397334133982148,BALANCE,1,-7.332134662973553e-06
1.234,-0.035296173986983,0.0,-0.035281558121369745,-0.03558735554427372,0.08233007539722517,1.981341716940661,BALANCE,1,-7.332134662973553e-06
1.236,-0.035296173986983,0.0,-0.0337475773334841,-0.034943433170497355,0.3219611868881811,4.933409842460532,BALANCE,1,-7.332134662973553e-06
1.238,-0.035296173986983,0.0,-0.0337475773334841,-0.03452488362754272,0.2092747714773184,6.882105390180662,BALANCE,1,-7.332134662973553e-06
1.24,-0.035296173986983,0.0,-0.035281558121369745,-0.03478971970038218,-0.13241803641973054,5.998822062745531,BALANCE,1,-7.332134662973553e-06
1.242,-0.035296173986983,0.0,-0.03681553890925539,-0.0354987564234878,-0.3545183615528101,3.2424314912586945,BALANCE,1,-7.332134662973553e-06
1.244,-0.035296173986983,0.0,-0.03681553890925539,-0.035959630293506455,-0.23043693500932744,1.4159869355230228,BALANCE,1,-7.332134662973553e-06
1.246,-0.035296173986983,0.0,-0.0337475773334841,-0.03518541175749863,0.38710926800391077,2.3737939896110642,BALANCE,1,-7.332134662973553e-06
1.248,-0.035296173986983,0.0,-0.035281558121369745,-0.03521906298485352,-0.016825613677443757,7.35357964352594,BALANCE,1,-7.332134662973553e-06
1.25,-0.035296173986983,0.0,-0.035281558121369745,-0.0352409362826342,-0.01093664889034035,4.11303770383684,BALANCE,1,-7.332134662973553e-06
1.252,-0.035296173986983,0.0,-0.03681553890925539,-0.035792047201951616,-0.27555545965870715,4.151788837010299,BALANCE,1,-7.332134662973553e-06
1.254,-0.035296173986983,0.0,-0.035281558121369745,-0.035613376023747964,0.08933558910182576,1.9946132862639292,BALANCE,1,-7.332134662973553e-06
1.256,-0.035296173986983,0.0,-0.03681553890925539,-0.036034133033675565,-0.2103785049638006,4.917339271835662,BALANCE,1,-7.332134662973553e-06
1.258,-0.035296173986983,0.0,-0.0337475773334841,-0.03523383853860855,0.40014724753350756,2.487174272108259,BALANCE,1,-7.332134662973553e-06
1.26,-0.035296173986983,0.0,-0.035281558121369745,-0.03525054039257497,-0.008350926983209661,7.412351194083024,BALANCE,1,-7.332134662973553e-06
1.262,-0.035296173986983,0.0,-0.035281558121369745,-0.03526139659765314,-0.005428102539086627,4.136313578632786,BALANCE,1,-7.332134662973553e-06
1.264,-0.035296173986983,0.0,-0.035281558121369745,-0.035268453130953954,-0.003528266650405787,4.1519925225615495,BALANCE,1,-7.332134662973553e-06
1.266,-0.035296173986983,0.0,-0.0337475773334841,-0.034736146601839504,0.26615326455722493,4.159714127046756,BALANCE,1,-7.332134662973553e-06
1.268,-0.035296173986983,0.0,-0.035281558121369745,-0.03492704063367509,-0.09544701591779337,6.342157539134301,BALANCE,1,-7.332134662973553e-06
1.27,-0.035296173986983,0.0,-0.0337475773334841,-0.034514228478608244,0.20640607753342338,3.430916245297285,BALANCE,1,-7.332134662973553e-06
1.272,-0.035296173986983,0.0,-0.035281558121369745,-0.03478279385357477,-0.13428268748326422,5.863606876515307,BALANCE,1,-7.332134662973553e-06
1.274,-0.035296173986983,0.0,-0.03681553890925539,-0.035494254623062986,-0.3557303847441066,3.1150262751130997,BALANCE,1,-7.332134662973553e-06
1.276,-0.035296173986983,0.0,-0.035281558121369745,-0.035419810847470354,0.037221887796316105,1.2936581999324552,BALANCE,1,-7.332134662973553e-06
1.278,-0.035296173986983,0.0,-0.035281558121369745,-0.03537142239333514,0.02419422706760599,4.434659044621901,BALANCE,1,-7.332134662973553e-06
1.28,-0.035296173986983,0.0,-0.03681553890925539,-0.03587686317390723,-0.2527203902860445,4.3262667815616656,BALANCE,1,-7.332134662973553e-06
1.282,-0.035296173986983,0.0,-0.0337475773334841,-0.03513161312975913,0.37262502207404885,2.0734480232633548,BALANCE,1,-7.332134662973553e-06
1.284,-0.035296173986983,0.0,-0.035281558121369745,-0.03518409387682285,-0.026240373531858513,7.1139000021670356,BALANCE,1,-7.332134662973553e-06
1.286,-0.035296173986983,0.0,-0.0337475773334841,-0.034681313086654286,0.2513903950842819,3.9127911737205894,BALANCE,1,-7.332134662973553e-06
1.288,-0.035296173986983,0.0,-0.035281558121369745,-0.0348913988488047,-0.10504288107520549,6.157067907442496,BALANCE,1,-7.332134662973553e-06
1.29,-0.035296173986983,0.0,-0.03681553890925539,-0.03556484786996244,-0.3367245105788709,3.286018272667811,BALANCE,1,-7.332134662973553e-06
1.292,-0.035296173986983,0.0,-0.032213596545598466,-0.03439190990643505,0.5864689817636943,1.38504532579503,BALANCE,1,-7.332134662973553e-06
1.294,-0.035296173986983,0.0,-0.035281558121369745,-0.03470328678166219,-0.15568843761357143,8.834091160365908,BALANCE,1,-7.332134662973553e-06
1.296,-0.035296173986983,0.0,-0.03681553890925539,-0.03544257502631981,-0.3696441223288091,2.871208535477821,BALANCE,1,-7.332134662973553e-06
1.298,-0.035296173986983,0.0,-0.035281558121369745,-0.03538621910958729,0.028177958366262107,1.1081172480712,BALANCE,1,-7.332134662973553e-06
1.3,-0.035296173986983,0.0,-0.03681553890925539,-0.035886481039471126,-0.2501309649419192,4.286998004813802,BALANCE,1,-7.332134662973553e-06
1.302,-0.035296173986983,0.0,-0.035281558121369745,-0.03567475801813564,0.10586151066774296,2.0233336063474274,BALANCE,1,-7.332134662973553e-06
1.304,-0.035296173986983,0.0,-0.03681553890925539,-0.03607403133002755,-0.19963665594595684,4.8768418409012275,BALANCE,1,-7.332134662973553e-06
1.306,-0.035296173986983,0.0,-0.03681553890925539,-0.036333558982757294,-0.12976382636487038,2.4016853030121084,BALANCE,1,-7.332134662973553e-06
1.308,-0.035296173986983,0.0,-0.0337475773334841,-0.03542846540551168,0.4525467886228075,2.937829568700464,BALANCE,1,-7.332134662973553e-06
1.31,-0.035296173986983,0.0,-0.035281558121369745,-0.035377047856062,0.025708774724839123,7.643534410155521,BALANCE,1,-7.332134662973553e-06
1.312,-0.035296173986983,0.0,-0.03681553890925539,-0.035880519724679684,-0.25173593430884156,4.224839942367542,BALANCE,1,-7.332134662973553e-06
1.314,-0.035296173986983,0.0,-0.03681553890925539,-0.03620777643928118,-0.163628357300747,1.9678978540361003,BALANCE,1,-7.332134662973553e-06
1.316,-0.035296173986983,0.0,-0.03681553890925539,-0.03642049330377215,-0.10635843224548677,2.645881511936911,BALANCE,1,-7.332134662973553e-06
1.318,-0.035296173986983,0.0,-0.035281558121369745,-0.03602186598993131,0.1993136569204204,3.0839938018487807,BALANCE,1,-7.332134662973553e-06
1.32,-0.035296173986983,0.0,-0.035281558121369745,-0.03576275823593476,0.12955387699827361,5.546083780808502,BALANCE,1,-7.332134662973553e-06
1.322,-0.035296173986983,0.0,-0.032213596545598466,-0.03452055164431706,0.6211032958088509,4.9963994550239335,BALANCE,1,-7.332134662973553e-06
1.324,-0.035296173986983,0.0,-0.0337475773334841,-0.034250010635525525,0.13527050439576804,8.996423090676751,BALANCE,1,-7.332134662973553e-06
1.326,-0.035296173986983,0.0,-0.035281558121369745,-0.034611052255571005,-0.18052081002273984,5.119143217772475,BALANCE,1,-7.332134662973553e-06
1.328,-0.035296173986983,0.0,-0.035281558121369745,-0.03484572930860056,-0.11733852651477777,2.5642279947705684,BALANCE,1,-7.332134662973553e-06
1.33,-0.035296173986983,0.0,-0.03681553890925539,-0.03553516266882975,-0.34471668011459494,3.0486364937907715,BALANCE,1,-7.332134662973553e-06
1.332,-0.035296173986983,0.0,-0.035281558121369745,-0.03544640107721875,0.04438079580550147,1.1811382308447165,BALANCE,1,-7.332134662973553e-06
1.334,-0.035296173986983,0.0,-0.03681553890925539,-0.03592559931843157,-0.23959912060641034,4.292154453486704,BALANCE,1,-7.332134662973553e-06
1.336,-0.035296173986983,0.0,-0.035281558121369745,-0.03570018489945993,0.11270720948581767,1.9843781078549547,BALANCE,1,-7.332134662973553e-06
1.338,-0.035296173986983,0.0,-0.035281558121369745,-0.03555366552712837,0.07325968616578304,4.809213576751184,BALANCE,1,-7.332134662973553e-06
1.34,-0.035296173986983,0.0,-0.035281558121369745,-0.03545842793511285,0.04761879600775898,4.495313819425377,BALANCE,1,-7.332134662973553e-06
1.342,-0.035296173986983,0.0,-0.032213596545598466,-0.034322736948782816,0.5678454931650166,4.288809268095092,BALANCE,1,-7.332134662973553e-06
1.344,-0.035296173986983,0.0,-0.03681553890925539,-0.03519521763494821,-0.4362403430826986,8.5118997571432,BALANCE,1,-7.332134662973553e-06
1.346,-0.035296173986983,0.0,-0.03681553890925539,-0.03576233008095572,-0.2835562230037551,0.4198251824645638,BALANCE,1,-7.332134662973553e-06
1.348,-0.035296173986983,0.0,-0.032213596545598466,-0.03452027334358068,0.6210283686875206,1.6001189303194705,BALANCE,1,-7.332134662973553e-06
1.35,-0.035296173986983,0.0,-0.03681553890925539,-0.03532361629156683,-0.40167147399307324,8.904415013423462,BALANCE,1,-7.332134662973553e-06
1.352,-0.035296173986983,0.0,-0.035281558121369745,-0.03530889593199785,0.007360179784490772,0.6675509718412291,BALANCE,1,-7.332134662973553e-06
1.354,-0.035296173986983,0.0,-0.035281558121369745,-0.03529932769827801,0.004784116859918308,3.9336256444494806,BALANCE,1,-7.332134662973553e-06
1.356,-0.035296173986983,0.0,-0.03681553890925539,-0.03583000162212009,-0.2653369619210408,3.9065313695364363,BALANCE,1,-7.332134662973553e-06
1.358,-0.035296173986983,0.0,-0.039883500485026674,-0.0372487262241374,-0.7093623010086536,1.706556303533814,BALANCE,1,-7.332134662973553e-06
1.36,-0.035296173986983,0.0,-0.035281558121369745,-0.03656021738816872,0.34425441798434026,-1.938219630532954,BALANCE,1,-7.332134662973553e-06
1.362,-0.035296173986983,0.0,-0.035281558121369745,-0.03611268664478908,0.22376537168981858,6.524712608091484,BALANCE,1,-7.332134662973553e-06
1.364,-0.035296173986983,0.0,-0.03681553890925539,-0.03635868493735229,-0.12299914628160352,5.580429545009132,BALANCE,1,-7.332134662973553e-06
1.366,-0.035296173986983,0.0,-0.035281558121369745,-0.0359816905517584,0.18849719279694435,2.784281766696491,BALANCE,1,-7.332134662973553e-06
1.368,-0.035296173986983,0.0,-0.035281558121369745,-0.035736644201122374,0.12252317531801296,5.291675804350156,BALANCE,1,-7.332134662973553e-06
1.37,-0.035296173986983,0.0,-0.035281558121369745,-0.03557736407320895,0.07964006395671033,4.771439116716642,BALANCE,1,-7.332134662973553e-06
1.372,-0.035296173986983,0.0,-0.035281558121369745,-0.03547383199006523,0.05176604157186224,4.430815560686385,BALANCE,1,-7.332134662973553e-06
1.374,-0.035296173986983,0.0,-0.035281558121369745,-0.03540653613602181,0.03364792702171063,4.206940540198211,BALANCE,1,-7.332134662973553e-06
1.3760000000000001,-0.035296173986983,0.0,-0.03681553890925539,-0.03589968710665356,-0.24657548531587664,4.058952067812398,BALANCE,1,-7.332134662973553e-06
1.3780000000000001,-0.035296173986983,0.0,-0.035281558121369745,-0.03568334196180423,0.10817257242466682,1.7803957734524642,BALANCE,1,-7.332134662973553e-06
1.3800000000000001,-0.035296173986983,0.0,-0.035281558121369745,-0.03554271761765216,0.07031217207603344,4.624224275675411,BALANCE,1,-7.332134662973553e-06
1.3820000000000001,-0.035296173986983,0.0,-0.03681553890925539,-0.03598820506971329,-0.22274372603056647,4.322669990011937,BALANCE,1,-7.332134662973553e-06
1.3840000000000001,-0.035296173986983,0.0,-0.03681553890925539,-0.036277771913553025,-0.14478342191986612,1.944295917021528,BALANCE,1,-7.332134662973553e-06
1.3860000000000001,-0.035296173986983,0.0,-0.035281558121369745,-0.03592909708628888,0.17433741363207314,2.543348784894036,BALANCE,1,-7.332134662973553e-06
1.3880000000000001,-0.035296173986983,0.0,-0.03681553890925539,-0.03623935172432716,-0.15512731901913893,5.110050139528142,BALANCE,1,-7.332134662973553e-06
1.3900000000000001,-0.035296173986983,0.0,-0.032213596545598466,-0.03483033741177211,0.7045071562775223,2.448469129691283,BALANCE,1,-7.332134662973553e-06
1.3920000000000001,-0.035296173986983,0.0,-0.0337475773334841,-0.03445137138437131,0.18948301370040263,9.403119723335521,BALANCE,1,-7.332134662973553e-06
1.3940000000000001,-0.035296173986983,0.0,-0.03681553890925539,-0.035278830018080735,-0.41372931685471415,5.298774270085738,BALANCE,1,-7.332134662973553e-06
1.3960000000000001,-0.035296173986983,0.0,-0.03681553890925539,-0.03581667812999186,-0.26892405595556335,0.41637234161862136,BALANCE,1,-7.332134662973553e-06
1.3980000000000001,-0.035296173986983,0.0,-0.035281558121369745,-0.035629386126974125,0.09364600150886873,1.535380206471162,BALANCE,1,-7.332134662973553e-06
1.4000000000000001,-0.035296173986983,0.0,-0.03681553890925539,-0.036044539600772564,-0.2075767368992197,4.440052309142288,BALANCE,1,-7.332134662973553e-06
1.4020000000000001,-0.035296173986983,0.0,-0.03681553890925539,-0.03631438935874155,-0.13492487898449437,1.9981522855295202,BALANCE,1,-7.332134662973553e-06
1.4040000000000001,-0.035296173986983,0.0,-0.035281558121369745,-0.03595289842566142,0.1807454665400665,2.555913285497435,BALANCE,1,-7.332134662973553e-06
1.4060000000000001,-0.035296173986983,0.0,-0.0337475773334841,-0.03518103604339936,0.3859311911310302,5.095774925993597,BALANCE,1,-7.332134662973553e-06
1.408,-0.035296173986983,0.0,-0.035281558121369745,-0.03521621877068899,-0.017591363644816477,6.776536258448351,BALANCE,1,-7.332134662973553e-06
1.41,-0.035296173986983,0.0,-0.035281558121369745,-0.03523908754342726,-0.011434386369132271,3.5392016128500607,BALANCE,1,-7.332134662973553e-06
1.412,-0.035296173986983,0.0,-0.035281558121369745,-0.035253952245707126,-0.007432351139934762,3.5800374871825538,BALANCE,1,-7.332134662973553e-06
1.414,-0.035296173986983,0.0,-0.03681553890925539,-0.03580050757794902,-0.27327766612094545,3.6041110964301994,BALANCE,1,-7.332134662973553e-06
1.416,-0.035296173986983,0.0,-0.035281558121369745,-0.03561887526814627,0.09081615490137349,1.4373951551320117,BALANCE,1,-7.332134662973553e-06
1.418,-0.035296173986983,0.0,-0.03681553890925539,-0.036037707542534464,-0.20941613719409682,4.353919886845098,BALANCE,1,-7.332134662973553e-06
1.42,-0.035296173986983,0.0,-0.035281558121369745,-0.03577305524512681,0.1323261487038256,1.9197240721095374,BALANCE,1,-7.332134662973553e-06
1.422,-0.035296173986983,0.0,-0.035281558121369745,-0.03560103125181184,0.08601199665748613,4.662386886088351,BALANCE,1,-7.332134662973553e-06
1.424,-0.035296173986983,0.0,-0.03681553890925539,-0.03602610893191708,-0.21253884005261944,4.29507490306617,BALANCE,1,-7.332134662973553e-06
1.426,-0.035296173986983,0.0,-0.0337475773334841,-0.03522862287246554,0.39874302972577047,1.8739583267926276,BALANCE,1,-7.332134662973553e-06
1.428,-0.035296173986983,0.0,-0.0337475773334841,-0.034710256933822035,0.2591829693217515,6.805016724012346,BALANCE,1,-7.332134662973553e-06
1.43,-0.035296173986983,0.0,-0.03681553890925539,-0.035447105625223706,-0.36842434570083515,5.71269614571204,BALANCE,1,-7.332134662973553e-06
1.432,-0.035296173986983,0.0,-0.0337475773334841,-0.034852270723114843,0.2974174510544311,0.6405372829222014,BALANCE,1,-7.332134662973553e-06
1.434,-0.035296173986983,0.0,-0.0337475773334841,-0.034465628036744085,0.1933213431853792,5.99599129694624,BALANCE,1,-7.332134662973553e-06
1.436,-0.035296173986983,0.0,-0.03681553890925539,-0.03528809684212304,-0.41123440268947886,5.179527869568721,BALANCE,1,-7.332134662973553e-06
1.438,-0.035296173986983,0.0,-0.0337475773334841,-0.034748915014099414,0.26959091401181423,0.2866761548786956,BALANCE,1,-7.332134662973553e-06
1.44,-0.035296173986983,0.0,-0.035281558121369745,-0.03493534010164403,-0.0932125437723072,5.758679815167637,BALANCE,1,-7.332134662973553e-06
1.442,-0.035296173986983,0.0,-0.032213596545598466,-0.033982729857028084,0.47630512230797256,2.83807957962166,BALANCE,1,-7.332134662973553e-06
1.444,-0.035296173986983,0.0,-0.03681553890925539,-0.03497421302530764,-0.49574158413977915,7.4445809769694495,BALANCE,1,-7.332134662973553e-06
1.446,-0.035296173986983,0.0,-0.0337475773334841,-0.034544890533169406,0.21466124606911788,-0.39827650731439945,BALANCE,1,-7.332134662973553e-06
1.448,-0.035296173986983,0.0,-0.035281558121369745,-0.03480272418903953,-0.12891682793506054,5.303796505778438,BALANCE,1,-7.332134662973553e-06
1.45,-0.035296173986983,0.0,-0.035281558121369745,-0.034970316065355105,-0.08379593815778866,2.532741349554995,BALANCE,1,-7.332134662973553e-06
1.452,-0.035296173986983,0.0,-0.039883500485026674,-0.03668993061224016,-0.8598072734425262,2.8766588919811635,BALANCE,1,-7.332134662973553e-06
1.454,-0.035296173986983,0.0,-0.0337475773334841,-0.03566010696467554,0.5149118237823096,-3.441946649232287,BALANCE,1,-7.332134662973553e-06
1.456,-0.035296173986983,0.0,-0.035281558121369745,-0.03552761486951851,0.06624604757851302,7.61046352602734,BALANCE,1,-7.332134662973553e-06
1.458,-0.035296173986983,0.0,-0.035281558121369745,-0.03544149500766644,0.04305993092603572,4.021981319132486,BALANCE,1,-7.332134662973553e-06
1.46,-0.035296173986983,0.0,-0.035281558121369745,-0.0353855170974626,0.027988955101920787,3.8345712786222585,BALANCE,1,-7.332134662973553e-06
1.462,-0.035296173986983,0.0,-0.03681553890925539,-0.035886024731590076,-0.25025381706373845,3.7102850432220773,BALANCE,1,-7.332134662973553e-06
1.464,-0.035296173986983,0.0,-0.03681553890925539,-0.036211354693772936,-0.16266498109143018,1.4471352029028361,BALANCE,1,-7.332134662973553e-06
1.466,-0.035296173986983,0.0,-0.03681553890925539,-0.036422819169191795,-0.10573223770942927,2.121083822011577,BALANCE,1,-7.332134662973553e-06
1.468,-0.035296173986983,0.0,-0.03681553890925539,-0.03656027107821405,-0.0687259545111285,2.556573336708614,BALANCE,1,-7.332134662973553e-06
1.47,-0.035296173986983,0.0,-0.03681553890925539,-0.03664961481907852,-0.044671870432232835,2.8370644335380426,BALANCE,1,-7.332134662973553e-06
1.472,-0.035296173986983,0.0,-0.0337475773334841,-0.03563390169912047,0.5078565599790225,3.016806558753524,BALANCE,1,-7.332134662973553e-06
1.474,-0.035296173986983,0.0,-0.035281558121369745,-0.03551058144690772,0.06166012610637692,7.490850008901225,BALANCE,1,-7.332134662973553e-06
1.476,-0.035296173986983,0.0,-0.035281558121369745,-0.03543042328296943,0.04007908196914517,3.9215756367634445,BALANCE,1,-7.332134662973553e-06
1.478,-0.035296173986983,0.0,-0.03681553890925539,-0.035915213752169516,-0.24239523460004367,3.746650688845294,BALANCE,1,-7.332134662973553e-06
1.48,-0.035296173986983,0.0,-0.0337475773334841,-0.03515654100562962,0.3793363732699471,1.4505856853893446,BALANCE,1,-7.332134662973553e-06
1.482,-0.035296173986983,0.0,-0.035281558121369745,-0.035200296996138664,-0.021877995254521165,6.462927604940537,BALANCE,1,-7.332134662973553e-06
1.484,-0.035296173986983,0.0,-0.035281558121369745,-0.035228738389969545,-0.01422069691544084,3.2435472379150214,BALANCE,1,-7.332134662973553e-06
1.486,-0.035296173986983,0.0,-0.03681553890925539,-0.03578411857171959,-0.27769009087502333,3.2960533933198173,BALANCE,1,-7.332134662973553e-06
1.488,-0.035296173986983,0.0,-0.0337475773334841,-0.03507132913833717,0.3563947166912093,1.1478186070238108,BALANCE,1,-7.332134662973553e-06
1.49,-0.035296173986983,0.0,-0.03834951969714103,-0.03621869583391853,-0.5736833477906766,6.25625016772895,BALANCE,1,-7.332134662973553e-06
1.492,-0.035296173986983,0.0,-0.03681553890925539,-0.036427590910286425,-0.10444753818394936,-1.260460089027803,BALANCE,1,-7.332134662973553e-06
1.494,-0.035296173986983,0.0,-0.03681553890925539,-0.03656337270992556,-0.06789089981956709,2.4736071650618836,BALANCE,1,-7.332134662973553e-06
1.496,-0.035296173986983,0.0,-0.0337475773334841,-0.03557784432817105,0.49276419087725465,2.750600689456609,BALANCE,1,-7.332134662973553e-06
1.498,-0.035296173986983,0.0,-0.0337475773334841,-0.03493725088003062,0.32029672407021464,7.287857549070819,BALANCE,1,-7.332134662973553e-06
1.5,-0.035296173986983,0.0,-0.03681553890925539,-0.03559465169025929,-0.3287004051143356,5.939565971326918,BALANCE,1,-7.332134662973553e-06
1.502,-0.035296173986983,0.0,-0.0337475773334841,-0.03494817566538798,0.32323801243565664,0.701025958898744,BALANCE,1,-7.332134662973553e-06
1.504,-0.035296173986983,0.0,-0.035281558121369745,-0.0350648595249816,-0.05834192979680894,5.948332225657883,BALANCE,1,-7.332134662973553e-06
1.506,-0.035296173986983,0.0,-0.03681553890925539,-0.03567759730947742,-0.30636889224791225,2.8816786843175457,BALANCE,1,-7.332134662973553e-06
1.508,-0.035296173986983,0.0,-0.035281558121369745,-0.03553898359363974,0.06930685791884175,0.8535631981770733,BALANCE,1,-7.332134662973553e-06
1.51,-0.035296173986983,0.0,-0.035281558121369745,-0.03544888467834524,0.04504945764724835,3.860178225742639,BALANCE,1,-7.332134662973553e-06
1.512,-0.035296173986983,0.0,-0.03681553890925539,-0.03592721365916379,-0.23916449040927573,3.6644351815518936,BALANCE,1,-7.332134662973553e-06
1.514,-0.035296173986983,0.0,-0.03834951969714103,-0.03677502077245583,-0.42390355664601725,1.3548384155187536,BALANCE,1,-7.332134662973553e-06
1.516,-0.035296173986983,0.0,-0.035281558121369745,-0.0362523088445757,0.2613559639400645,-0.18129754532719122,BALANCE,1,-7.332134662973553e-06
1.518,-0.035296173986983,0.0,-0.035281558121369745,-0.03591254609145361,0.16988137656104296,5.324890873265355,BALANCE,1,-7.332134662973553e-06
1.52,-0.035296173986983,0.0,-0.03681553890925539,-0.03622859357768424,-0.15802374311531253,4.6062974302022175,BALANCE,1,-7.332134662973553e-06
1.522,-0.035296173986983,0.0,-0.0337475773334841,-0.03536023789221419,0.43417784273502497,1.9568479049020002,BALANCE,1,-7.332134662973553e-06
1.524,-0.035296173986983,0.0,-0.035281558121369745,-0.035332699972418634,0.013768959897776656,6.73948988525446,BALANCE,1,-7.332134662973553e-06
1.526,-0.035296173986983,0.0,-0.032213596545598466,-0.03424101377303158,0.5458430996935284,3.3708045577497225,BALANCE,1,-7.332134662973553e-06
1.528,-0.035296173986983,0.0,-0.03681553890925539,-0.035142097570709914,-0.4505418988391685,7.686050645324354,BALANCE,1,-7.332134662973553e-06
1.53,-0.035296173986983,0.0,-0.035281558121369745,-0.03519090876344085,-0.024405596365469073,-0.34612279031206405,BALANCE,1,-7.332134662973553e-06
1.532,-0.035296173986983,0.0,-0.035281558121369745,-0.03522263603871596,-0.015863637637555245,3.0530007761609874,BALANCE,1,-7.332134662973553e-06
1.534,-0.035296173986983,0.0,-0.035281558121369745,-0.03524325876764479,-0.01031136446441247,3.1123882822600475,BALANCE,1,-7.332134662973553e-06
1.536,-0.035296173986983,0.0,-0.035281558121369745,-0.035256663541448525,-0.006702386901868973,3.148520452155932,BALANCE,1,-7.332134662973553e-06
1.538,-0.035296173986983,0.0,-0.032213596545598466,-0.03419159009290101,0.5325367242737591,3.169536653519766,BALANCE,1,-7.332134662973553e-06
1.54,-0.035296173986983,0.0,-0.035281558121369745,-0.03457307890286507,-0.19074440498203019,7.540515631819061,BALANCE,1,-7.332134662973553e-06
1.542,-0.035296173986983,0.0,-0.03681553890925539,-0.03535793990510168,-0.39243050111830574,1.7244626533943306,BALANCE,1,-7.332134662973553e-06
1.544,-0.035296173986983,0.0,-0.035281558121369745,-0.0353312062807955,0.013366812153088603,0.056810636188909136,BALANCE,1,-7.332134662973553e-06
1.546,-0.035296173986983,0.0,-0.035281558121369745,-0.03531382942499649,0.008688427899507245,3.2977269185622755,BALANCE,1,-7.332134662973553e-06
1.548,-0.035296173986983,0.0,-0.03834951969714103,-0.03637632102024708,-0.5312457976252953,3.254279689996566,BALANCE,1,-7.332134662973553e-06
1.55,-0.035296173986983,0.0,-0.03681553890925539,-0.03653004728139999,-0.07686313057645583,-1.1362188741209387,BALANCE,1,-7.332134662973553e-06
1.552,-0.035296173986983,0.0,-0.035281558121369745,-0.036093076075389405,0.21848560300529243,2.4823128771443224,BALANCE,1,-7.332134662973553e-06
1.554,-0.035296173986983,0.0,-0.03681553890925539,-0.0363459380672425,-0.12643099592654639,4.864102402943865,BALANCE,1,-7.332134662973553e-06
1.556,-0.035296173986983,0.0,-0.035281558121369745,-0.03597340508618704,0.18626649052773045,2.0823287043645204,BALANCE,1,-7.332134662973553e-06
1.558,-0.035296173986983,0.0,-0.03681553890925539,-0.03626815192426096,-0.14737341903696063,4.599065893844825,BALANCE,1,-7.332134662973553e-06
1.56,-0.035296173986983,0.0,-0.03681553890925539,-0.03645973736900901,-0.09579272237402597,1.9050081766580087,BALANCE,1,-7.332134662973553e-06
1.562,-0.035296173986983,0.0,-0.0337475773334841,-0.035510481356575294,0.47462800621685813,2.298866675802802,BALANCE,1,-7.332134662973553e-06
1.564,-0.035296173986983,0.0,-0.0337475773334841,-0.03489346494849338,0.30850820404095675,6.912085769004583,BALANCE,1,-7.332134662973553e-06
1.566,-0.035296173986983,0.0,-0.0337475773334841,-0.03449240428324013,0.200530332626625,5.613169643092586,BALANCE,1,-7.332134662973553e-06
1.568,-0.035296173986983,0.0,-0.03681553890925539,-0.03530550140234547,-0.40654855955267116,4.766511830836481,BALANCE,1,-7.332134662973553e-06
1.57,-0.035296173986983,0.0,-0.0337475773334841,-0.03476022797824399,0.27263671205074097,-0.14596623402467923,BALANCE,1,-7.332134662973553e-06
1.572,-0.035296173986983,0.0,-0.03834951969714103,-0.03601648007985796,-0.6281260508069832,5.3132802986530585,BALANCE,1,-7.332134662973553e-06
1.574,-0.035296173986983,0.0,-0.0337475773334841,-0.03522236411862711,0.3970579806154249,-1.975400226321545,BALANCE,1,-7.332134662973553e-06
1.576,-0.035296173986983,0.0,-0.0337475773334841,-0.034706188743827054,0.25808768740002636,6.266674509907847,BALANCE,1,-7.332134662973553e-06
1.578,-0.035296173986983,0.0,-0.03681553890925539,-0.03544446130172697,-0.36913627894995943,5.178941448923895,BALANCE,1,-7.332134662973553e-06
1.58,-0.035296173986983,0.0,-0.035281558121369745,-0.03538744518860194,0.028508056562515094,0.10976447238966802,BALANCE,1,-7.332134662973553e-06
1.582,-0.035296173986983,0.0,-0.03681553890925539,-0.03588727799083065,-0.24991640111435287,3.2872626342392457,BALANCE,1,-7.332134662973553e-06
1.584,-0.035296173986983,0.0,-0.03681553890925539,-0.03621216931227931,-0.16244566072433006,1.0226995490924145,BALANCE,1,-7.332134662973553e-06
1.586,-0.035296173986983,0.0,-0.0337475773334841,-0.035349562119700986,0.4313035962891613,1.6957295590632206,BALANCE,1,-7.332134662973553e-06
1.588,-0.035296173986983,0.0,-0.0337475773334841,-0.03478886744452508,0.2803473375879543,6.490410134301911,BALANCE,1,-7.332134662973553e-06
1.59,-0.035296173986983,0.0,-0.035281558121369745,-0.03496130918142071,-0.0862208684478151,5.309443971713904,BALANCE,1,-7.332134662973553e-06
1.592,-0.035296173986983,0.0,-0.035281558121369745,-0.03507339631040287,-0.05604356449108103,2.359559557377727,BALANCE,1,-7.332134662973553e-06
1.594,-0.035296173986983,0.0,-0.0337475773334841,-0.034609359668481304,0.23201832096078276,2.5872380820305896,BALANCE,1,-7.332134662973553e-06
1.596,-0.035296173986983,0.0,-0.0337475773334841,-0.034307735851232285,0.15081190862450966,4.912653492227098,BALANCE,1,-7.332134662973553e-06
1.598,-0.035296173986983,0.0,-0.03834951969714103,-0.035722360197300344,-0.7073121730340297,4.274238075401607,BALANCE,1,-7.332134662973553e-06
1.6,-0.035296173986983,0.0,-0.0337475773334841,-0.03503118619496466,0.34558700116784147,-2.6827765106702515,BALANCE,1,-7.332134662973553e-06
1.602,-0.035296173986983,0.0,-0.035281558121369745,-0.03511881636920644,-0.043815087120889495,5.774881085845866,BALANCE,1,-7.332134662973553e-06
1.604,-0.035296173986983,0.0,-0.030679615757712823,-0.033565096155183674,0.7768601070113831,2.6473828058076703,BALANCE,1,-7.332134662973553e-06
1.606,-0.035296173986983,0.0,-0.03681553890925539,-0.034702751119108775,-0.5688274819625506,9.29929455247618,BALANCE,1,-7.332134662973553e-06
1.608,-0.035296173986983,0.0,-0.035281558121369745,-0.03490533356990012,-0.10129122539567076,-1.5414060073746167,BALANCE,1,-7.332134662973553e-06
1.61,-0.035296173986983,0.0,-0.03681553890925539,-0.03557390543867446,-0.3342859343871719,2.1797480313989617,BALANCE,1,-7.332134662973553e-06
1.612,-0.035296173986983,0.0,-0.03681553890925539,-0.03600847715337779,-0.21728585735166298,0.2685612662527568,BALANCE,1,-7.332134662973553e-06
1.614,-0.035296173986983,0.0,-0.035281558121369745,-0.035754055492174974,0.12721083060140623,1.1712858842239529,BALANCE,1,-7.332134662973553e-06
1.616,-0.035296173986983,0.0,-0.035281558121369745,-0.035588681412393144,0.08268703989091492,3.935373876422241,BALANCE,1,-7.332134662973553e-06
1.618,-0.035296173986983,0.0,-0.03681553890925539,-0.03601808153629493,-0.21470006195089403,3.5819882592427406,BALANCE,1,-7.332134662973553e-06
1.62,-0.035296173986983,0.0,-0.03681553890925539,-0.03629719161683109,-0.13955504026808008,1.1699238207669027,BALANCE,1,-7.332134662973553e-06
1.622,-0.035296173986983,0.0,-0.032213596545598466,-0.03486793334189967,0.7146291374657103,1.7470779510738792,BALANCE,1,-7.332134662973553e-06
1.624,-0.035296173986983,0.0,-0.03681553890925539,-0.035549595290474176,-0.34083097428725184,8.659333282771707,BALANCE,1,-7.332134662973553e-06
1.6260000000000001,-0.035296173986983,0.0,-0.03681553890925539,-0.0359926755570476,-0.22154013328671077,0.16764275277544538,BALANCE,1,-7.332134662973553e-06
1.6280000000000001,-0.035296173986983,0.0,-0.03834951969714103,-0.036817571006080296,-0.4124477245163495,1.088186129673959,BALANCE,1,-7.332134662973553e-06
1.6300000000000001,-0.035296173986983,0.0,-0.0337475773334841,-0.03574307322067163,0.5372488927043346,-0.4959318413063283,BALANCE,1,-7.332134662973553e-06
1.6320000000000001,-0.035296173986983,0.0,-0.035281558121369745,-0.03558154293591597,0.08076514237782828,7.15896234893953,BALANCE,1,-7.332134662973553e-06
1.6340000000000001,-0.035296173986983,0.0,-0.03681553890925539,-0.03601344152658477,-0.2159492953343993,3.5096678548256364,BALANCE,1,-7.332134662973553e-06
1.6360000000000001,-0.035296173986983,0.0,-0.0337475773334841,-0.03522038905899953,0.3965262337926184,1.102835749382371,BALANCE,1,-7.332134662973553e-06
1.6380000000000001,-0.035296173986983,0.0,-0.0337475773334841,-0.03470490495506913,0.2577420519652013,6.043179052641826,BALANCE,1,-7.332134662973553e-06
1.6400000000000001,-0.035296173986983,0.0,-0.032213596545598466,-0.0338329470117544,0.4359789716573657,4.9568936632673,BALANCE,1,-7.332134662973553e-06
1.6420000000000001,-0.035296173986983,0.0,-0.035281558121369745,-0.03433996090011977,-0.25350694418268743,6.428339908001148,BALANCE,1,-7.332134662973553e-06
1.6440000000000001,-0.035296173986983,0.0,-0.0337475773334841,-0.03413262665179729,0.10366712416124205,0.875163755798777,BALANCE,1,-7.332134662973553e-06
1.6460000000000001,-0.035296173986983,0.0,-0.0337475773334841,-0.03399785939038767,0.06738363070480854,3.738169832119202,BALANCE,1,-7.332134662973553e-06
1.6480000000000001,-0.035296173986983,0.0,-0.035281558121369745,-0.0344471539462314,-0.22464727792186404,3.449188348274234,BALANCE,1,-7.332134662973553e-06
1.6500000000000001,-0.035296173986983,0.0,-0.03681553890925539,-0.0352760886832898,-0.4144673685291984,1.0790939751209834,BALANCE,1,-7.332134662973553e-06
1.6520000000000001,-0.035296173986983,0.0,-0.03681553890925539,-0.03581489626237776,-0.2694037895439802,-0.4962580516978541,BALANCE,1,-7.332134662973553e-06
1.6540000000000001,-0.035296173986983,0.0,-0.0337475773334841,-0.03509133463726498,0.3617808125563893,0.6247591461861388,BALANCE,1,-7.332134662973553e-06
1.6560000000000001,-0.035296173986983,0.0,-0.03681553890925539,-0.03569480613246162,-0.30173574759832095,5.710631393568408,BALANCE,1,-7.332134662973553e-06
1.6580000000000001,-0.035296173986983,0.0,-0.0337475773334841,-0.03501327605281949,0.3407650398210664,0.3591516613924357,BALANCE,1,-7.332134662973553e-06
1.6600000000000001,-0.035296173986983,0.0,-0.032213596545598466,-0.03403338822529213,0.4899439137636789,5.533047110315498,BALANCE,1,-7.332134662973553e-06
1.6620000000000001,-0.035296173986983,0.0,-0.032213596545598466,-0.033396461137399344,0.31846354394639287,6.778464693862983,BALANCE,1,-7.332134662973553e-06
1.6640000000000001,-0.035296173986983,0.0,-0.0337475773334841,-0.03351935180602901,-0.06144533431483301,5.438158068370781,BALANCE,1,-7.332134662973553e-06
1.666,-0.035296173986983,0.0,-0.0337475773334841,-0.033599230740638295,-0.03993946730464215,2.3848097318019885,BALANCE,1,-7.332134662973553e-06
1.668,-0.035296173986983,0.0,-0.0337475773334841,-0.03365115204813433,-0.02596065374801601,2.5453440856588303,BALANCE,1,-7.332134662973553e-06
1.67,-0.035296173986983,0.0,-0.0337475773334841,-0.03368490089800675,-0.016874424936211274,2.6473290852524505,BALANCE,1,-7.332134662973553e-06
1.672,-0.035296173986983,0.0,-0.035281558121369745,-0.034243730926183796,-0.2794150140885236,2.711257004574942,BALANCE,1,-7.332134662973553e-06
1.674,-0.035296173986983,0.0,-0.035281558121369745,-0.034606970444498876,-0.18161975915753983,0.5705537434805841,BALANCE,1,-7.332134662973553e-06
1.676,-0.035296173986983,0.0,-0.03681553890925539,-0.035379969407163654,-0.3864994813323891,1.3242000177406492,BALANCE,1,-7.332134662973553e-06
1.678,-0.035296173986983,0.0,-0.03681553890925539,-0.035882418732895764,-0.251224662866055,-0.3682936912994643,BALANCE,1,-7.332134662973553e-06
1.68,-0.035296173986983,0.0,-0.0337475773334841,-0.035135224243101684,0.37359724489703994,0.6765814131407017,BALANCE,1,-7.332134662973553e-06
1.682,-0.035296173986983,0.0,-0.03681553890925539,-0.03572333437625548,-0.29405506657689817,5.712961299784487,BALANCE,1,-7.332134662973553e-06
1.684,-0.035296173986983,0.0,-0.035281558121369745,-0.03556871268704547,0.07731084460500456,0.3293115331285028,BALANCE,1,-7.332134662973553e-06
1.686,-0.035296173986983,0.0,-0.03681553890925539,-0.03600510186481894,-0.21819458888673593,3.302402381398916,BALANCE,1,-7.332134662973553e-06
1.688,-0.035296173986983,0.0,-0.0337475773334841,-0.035214968278851747,0.39506679298359837,0.904974542425621,BALANCE,1,-7.332134662973553e-06
1.69,-0.035296173986983,0.0,-0.0337475773334841,-0.03470138144797307,0.25679341543933737,5.851430618890557,BALANCE,1,-7.332134662973553e-06
1.692,-0.035296173986983,0.0,-0.035281558121369745,-0.03490444328366191,-0.1015309178444175,4.769118532099594,BALANCE,1,-7.332134662973553e-06
1.694,-0.035296173986983,0.0,-0.035281558121369745,-0.03503643347685965,-0.06599509659887051,1.8833592670314934,BALANCE,1,-7.332134662973553e-06
1.696,-0.035296173986983,0.0,-0.035281558121369745,-0.03512222710243818,-0.04289681278926705,2.1527191387086333,BALANCE,1,-7.332134662973553e-06
1.698,-0.035296173986983,0.0,-0.035281558121369745,-0.03517799295906423,-0.02788292831302358,2.32533334623026,BALANCE,1,-7.332134662973553e-06
1.7,-0.035296173986983,0.0,-0.035281558121369745,-0.03521424076587116,-0.01812390340346498,2.4350628720508323,BALANCE,1,-7.332134662973553e-06
1.702,-0.035296173986983,0.0,-0.035281558121369745,-0.035237801840295666,-0.011780537212253278,2.503917354765712,BALANCE,1,-7.332134662973553e-06
1.704,-0.035296173986983,0.0,-0.035281558121369745,-0.035253116538671594,-0.007657349187964457,2.5462030594618756,BALANCE,1,-7.332134662973553e-06
1.706,-0.035296173986983,0.0,-0.035281558121369745,-0.03526307109261595,-0.004977276972177591,2.5712190584458963,BALANCE,1,-7.332134662973553e-06
1.708,-0.035296173986983,0.0,-0.035281558121369745,-0.03526954155267978,-0.0032352300319143934,2.585009748717007,BALANCE,1,-7.332134662973553e-06
1.71,-0.035296173986983,0.0,-0.03834951969714103,-0.03634753390324122,-0.5389961752807204,2.591503988324747,BALANCE,1,-7.332134662973553e-06
1.712,-0.035296173986983,0.0,-0.032213596545598466,-0.03490065582806626,0.7234390375874811,-1.7665326214800352,BALANCE,1,-7.332134662973553e-06
1.714,-0.035296173986983,0.0,-0.0337475773334841,-0.034497078354962504,0.2017887365518764,8.412781634810461,BALANCE,1,-7.332134662973553e-06
1.716,-0.035296173986983,0.0,-0.0337475773334841,-0.034234752997445064,0.13116267875872,4.256894459240856,BALANCE,1,-7.332134662973553e-06
1.718,-0.035296173986983,0.0,-0.035281558121369745,-0.0346011347908187,-0.1831908966868183,3.7007785677471614,BALANCE,1,-7.332134662973553e-06
1.72,-0.035296173986983,0.0,-0.03681553890925539,-0.035376176232271545,-0.3875207207264218,1.1570468296222733,BALANCE,1,-7.332134662973553e-06
1.722,-0.035296173986983,0.0,-0.035281558121369745,-0.035343059893455916,0.016558169407814016,-0.5311694844281805,BALANCE,1,-7.332134662973553e-06
1.724,-0.035296173986983,0.0,-0.035281558121369745,-0.035321534273225756,0.010762810115080151,2.696380004995953,BALANCE,1,-7.332134662973553e-06
1.726,-0.035296173986983,0.0,-0.0337475773334841,-0.03477064934431618,0.27544246445478787,2.6442443610132473,BALANCE,1,-7.332134662973553e-06
1.728,-0.035296173986983,0.0,-0.035281558121369745,-0.03494946741628493,-0.08940903598437383,4.78778056159662,BALANCE,1,-7.332134662973553e-06
1.73,-0.035296173986983,0.0,-0.03681553890925539,-0.03560259243882459,-0.326562511269831,1.8512495802819444,BALANCE,1,-7.332134662973553e-06
1.732,-0.035296173986983,0.0,-0.03681553890925539,-0.03602712370347537,-0.21226563232538964,-0.0922862418418573,BALANCE,1,-7.332134662973553e-06
1.734,-0.035296173986983,0.0,-0.032213596545598466,-0.03469238919821845,0.6673672526284584,0.7894114890939314,BALANCE,1,-7.332134662973553e-06
1.736,-0.035296173986983,0.0,-0.0337475773334841,-0.03436170504556143,0.16534207632851183,7.899620161200488,BALANCE,1,-7.332134662973553e-06
1.738,-0.035296173986983,0.0,-0.11178291415739453,-0.06145912823470301,-13.54871159457079,3.8963874589512244,BALANCE,1,-7.332134662973553e-06
1.74,-0.03521961483934885,0.07656055494290992,-0.035281558121369745,-0.05229697869503636,4.5810747698333225,-100.0,BALANCE,1,-6.675136269941715e-06
1.742,-0.03508565480098783,0.057401945981526634,-0.03681553890925539,-0.04687847477001302,2.7092519625116704,38.123381366635265,BALANCE,1,-6.893476521017036e-06
1.744,-0.03501767545337879,0.01057865130920689,-0.035281558121369745,-0.04281955394298787,2.029460413512575,23.464533448609448,BALANCE,1,-7.204960126023243e-06
1.746,-0.03506077613651579,-0.05368012671391184,-0.032213596545598466,-0.03910746885390158,1.8560425445431454,18.261172395449595,BALANCE,1,-6.927305599291838e-06
1.748,-0.035155096522168236,-0.04064199281572928,-0.039883500485026674,-0.03937907992479536,-0.13580553544689095,17.088733055268555,BALANCE,1,-7.097456328337927e-06
1.75,-0.035220485324229354,-0.02474801127897305,-0.03681553890925539,-0.03848184056935637,0.4486196777194959,1.129775935109679,BALANCE,1,-7.235396255269719e-06
1.752,-0.03525633616389535,-0.011103487430356664,-0.035281558121369745,-0.03736174171256105,0.560049428397661,5.8513156336532415,BALANCE,1,-7.3024438989497335e-06
1.754,-0.03526887955712199,-0.0014401363836636146,-0.039883500485026674,-0.03824435728292402,-0.4413077851814842,6.80248722214377,BALANCE,1,-7.320579159331297e-06
1.756,-0.03528917560941098,-0.01885628898863209,-0.035281558121369745,-0.03720737757638002,0.5184898532719986,-1.268976292167756,BALANCE,1,-7.291301322020842e-06
1.758,-0.03531352886873742,-0.005497418023746828,-0.039883500485026674,-0.038144020594406344,-0.46832150901316216,6.464182122337471,BALANCE,1,-7.336122366857142e-06
1.76,-0.03531504087076014,0.003985388200061215,-0.032213596545598466,-0.03606837217732359,1.0378242085413782,-1.4941361611442758,BALANCE,1,-7.33828022249185e-06
1.762,-0.03537360796798864,-0.06255356199913115,-0.0337475773334841,-0.035256093981979764,0.40613909767191203,10.672354809881549,BALANCE,1,-6.946956447806448e-06
1.764,-0.03548878025003396,-0.052620837212406534,-0.03834951969714103,-0.036338792982286205,-0.5413495001532209,5.660559395850052,BALANCE,1,-7.11701049602438e-06
1.766,-0.035577703156385296,-0.036303703773238244,-0.035281558121369745,-0.03596876078096544,0.18501610066038246,-1.9915790853658555,BALANCE,1,-7.308971533447703e-06
1.768,-0.03563428410053372,-0.02027828048123319,-0.0337475773334841,-0.03519134657434697,0.3887071033092347,3.8343539010660237,BALANCE,1,-7.429402664406964e-06
1.77,-0.03566076251518566,-0.006200620917082981,-0.0337475773334841,-0.034686027340044966,0.2526596171510027,5.503488505339082,BALANCE,1,-7.480272952205871e-06
1.772,-0.03566689692553446,6.609779891075373e-05,-0.035281558121369745,-0.034894463113508634,-0.10421788673183399,4.438490564663336,BALANCE,1,-7.486948465979086e-06
1.774,-0.03566689692553446,0.0,-0.03681553890925539,-0.035566839642019996,-0.336188264255681,1.5639854945701206,BALANCE,1,-7.4869489319971145e-06
1.776,-0.03566689692553446,0.0,-0.03681553890925539,-0.03600388438555238,-0.218522371766193,-0.33923348525974095,BALANCE,1,-7.4869489319971145e-06
1.778,-0.03566689692553446,0.0,-0.035281558121369745,-0.03575107019308846,0.1264070962319619,0.5686701931671085,BALANCE,1,-7.4869489319971145e-06
1.78,-0.03566689692553446,0.0,-0.03681553890925539,-0.03612363424374688,-0.18628202532921037,3.3361245746615658,BALANCE,1,-7.4869489319971145e-06
1.782,-0.03566689692553446,0.0,-0.03681553890925539,-0.036365800876674854,-0.12108331646398796,0.8050330322839336,BALANCE,1,-7.4869489319971145e-06
1.784,-0.03566689692553446,0.0,-0.0337475773334841,-0.03544942263655809,0.4581891200583811,1.3048195450546993,BALANCE,1,-7.4869489319971145e-06
1.786,-0.03566689692553446,0.0,-0.03681553890925539,-0.035927563332002144,-0.23907034772202573,5.986891847113346,BALANCE,1,-7.4869489319971145e-06
1.788,-0.03566689692553446,0.0,-0.03681553890925539,-0.03623835478404078,-0.15539572601931673,0.3729421504770478,BALANCE,1,-7.4869489319971145e-06
1.79,-0.03566689692553446,0.0,-0.03681553890925539,-0.036440369227865886,-0.10100722191255448,1.0164439660195939,BALANCE,1,-7.4869489319971145e-06
1.792,-0.03566689692553446,0.0,-0.0337475773334841,-0.03549789206483226,0.4712385815168127,1.4321430583986121,BALANCE,1,-7.4869489319971145e-06
1.794,-0.03566689692553446,0.0,-0.03681553890925539,-0.035959068460380356,-0.23058819777404746,6.0595585372026015,BALANCE,1,-7.4869489319971145e-06
1.796,-0.03566689692553446,0.0,-0.03681553890925539,-0.036258833117486615,-0.14988232855312963,0.41008190545075696,BALANCE,1,-7.4869489319971145e-06
1.798,-0.03566689692553446,0.0,-0.03681553890925539,-0.036453680144605684,-0.09742351355953444,1.0304912131682276,BALANCE,1,-7.4869489319971145e-06
1.8,-0.03566689692553446,0.0,-0.03681553890925539,-0.03658033071223308,-0.06332528381369773,1.431180175460924,BALANCE,1,-7.4869489319971145e-06
1.802,-0.03566689692553446,0.0,-0.03834951969714103,-0.03719954685695086,-0.3096080723588891,1.6890509132275273,BALANCE,1,-7.4869489319971145e-06
1.804,-0.03566689692553446,0.0,-0.03681553890925539,-0.03706514407525744,0.06720139084670854,-0.32580427318846095,BALANCE,1,-7.4869489319971145e-06
1.806,-0.03566689692553446,0.0,-0.0337475773334841,-0.035903995715636766,0.5805741798103371,2.689322570542874,BALANCE,1,-7.4869489319971145e-06
1.808,-0.03566689692553446,0.0,-0.03834951969714103,-0.03675992910916326,-0.42796669676324617,6.858792984686016,BALANCE,1,-7.4869489319971145e-06
1.81,-0.03566689692553446,0.0,-0.032213596545598466,-0.03516871271191558,0.7956081986238394,-1.268242017336073,BALANCE,1,-7.4869489319971145e-06
1.812,-0.03566689692553446,0.0,-0.035281558121369745,-0.035208208605224535,-0.019747946654477544,8.60879638705309,BALANCE,1,-7.4869489319971145e-06
1.814,-0.03566689692553446,0.0,-0.03681553890925539,-0.03577077421163533,-0.2812828032053988,2.076535829506972,BALANCE,1,-7.4869489319971145e-06
1.816,-0.03566689692553446,0.0,-0.03681553890925539,-0.03613644185580235,-0.1828338220835092,-0.05665111412737289,BALANCE,1,-7.4869489319971145e-06
1.818,-0.03566689692553446,0.0,-0.035281558121369745,-0.03583723254875094,0.14960465352570687,0.7017733878265622,BALANCE,1,-7.4869489319971145e-06
1.82,-0.03566689692553446,0.0,-0.035281558121369745,-0.035642746499167516,0.09724302479171068,3.372066304613625,BALANCE,1,-7.4869489319971145e-06
1.822,-0.03566689692553446,0.0,-0.035281558121369745,-0.035516330566938294,0.06320796611461107,2.9577138884168273,BALANCE,1,-7.4869489319971145e-06
1.824,-0.03566689692553446,0.0,-0.03681553890925539,-0.035971053486749276,-0.227361459905491,2.6859151088203967,BALANCE,1,-7.4869489319971145e-06
1.826,-0.03566689692553446,0.0,-0.03681553890925539,-0.03626662338462641,-0.1477849489385681,0.32688211477357143,BALANCE,1,-7.4869489319971145e-06
1.828,-0.03566689692553446,0.0,-0.03681553890925539,-0.03645874381824655,-0.0960602168100684,0.9385066839594005,BALANCE,1,-7.4869489319971145e-06
1.83,-0.03566689692553446,0.0,-0.03681553890925539,-0.03658362210009964,-0.06243914092654568,1.3334855662065417,BALANCE,1,-7.4869489319971145e-06
1.832,-0.03566689692553446,0.0,-0.03681553890925539,-0.03666479298330415,-0.040585441602254,1.5876447519435177,BALANCE,1,-7.4869489319971145e-06
1.834,-0.03566689692553446,0.0,-0.03834951969714103,-0.037254447333147055,-0.29482717492145327,1.7502711349489202,BALANCE,1,-7.4869489319971145e-06
1.836,-0.03566689692553446,0.0,-0.03681553890925539,-0.03710082938478497,0.07680897418104252,-0.32649288206187776,BALANCE,1,-7.4869489319971145e-06
1.838,-0.03566689692553446,0.0,-0.03834951969714103,-0.03753787099410959,-0.21852080466230883,2.6483932217828565,BALANCE,1,-7.4869489319971145e-06
1.84,-0.03566689692553446,0.0,-0.035281558121369745,-0.03674816148865064,0.3948547527294725,0.25202492027774603,BALANCE,1,-7.4869489319971145e-06
1.842,-0.03566689692553446,0.0,-0.03681553890925539,-0.0367717435858623,-0.011791048605828275,5.199062317441804,BALANCE,1,-7.4869489319971145e-06
1.844,-0.03566689692553446,0.0,-0.035281558121369745,-0.036250178673289904,0.2607824562861974,1.9371266322095257,BALANCE,1,-7.4869489319971145e-06
1.846,-0.03566689692553446,0.0,-0.03681553890925539,-0.03644805475587782,-0.09893804129395764,4.141758530365417,BALANCE,1,-7.4869489319971145e-06
1.848,-0.03566689692553446,0.0,-0.03834951969714103,-0.037113567485319944,-0.3327563647210624,1.2448323738177267,BALANCE,1,-7.4869489319971145e-06
1.85,-0.03566689692553446,0.0,-0.035281558121369745,-0.03647236420793737,0.32060163869128755,-0.6730676908627036,BALANCE,1,-7.4869489319971145e-06
1.852,-0.03566689692553446,0.0,-0.035281558121369745,-0.0360555820776387,0.20839106514933606,4.584974060237463,BALANCE,1,-7.4869489319971145e-06
1.854,-0.03566689692553446,0.0,-0.03681553890925539,-0.03632156696870453,-0.13299244553291803,3.7050852833042436,BALANCE,1,-7.4869489319971145e-06
1.856,-0.03566689692553446,0.0,-0.03681553890925539,-0.03649445714789733,-0.08644508959639724,0.95079379098852,BALANCE,1,-7.4869489319971145e-06
1.858,-0.03566689692553446,0.0,-0.035281558121369745,-0.03606994248861267,0.21225732964232774,1.3055003362995392,BALANCE,1,-7.4869489319971145e-06
1.86,-0.03566689692553446,0.0,-0.035281558121369745,-0.035794007960077645,0.13796726426751338,3.713376581268696,BALANCE,1,-7.4869489319971145e-06
1.862,-0.03566689692553446,0.0,-0.035281558121369745,-0.03561465051652988,0.089678721773883,3.1284533283902665,BALANCE,1,-7.4869489319971145e-06
1.864,-0.03566689692553446,0.0,-0.03681553890925539,-0.036034961453983806,-0.21015546872696356,2.7457835049507837,BALANCE,1,-7.4869489319971145e-06
1.866,-0.03566689692553446,0.0,-0.032213596545598466,-0.03469748373604893,0.6687388589674375,0.31468433240597893,BALANCE,1,-7.4869489319971145e-06
1.868,-0.03566689692553446,0.0,-0.0337475773334841,-0.03436501649515124,0.16623362044884682,7.41914812029007,BALANCE,1,-7.4869489319971145e-06
1.87,-0.03566689692553446,0.0,-0.03681553890925539,-0.03522269934008769,-0.4288414224682263,3.4121812432961764,BALANCE,1,-7.4869489319971145e-06
1.872,-0.03566689692553446,0.0,-0.035281558121369745,-0.035243299913536405,-0.010300286724357344,-1.4069246106046132,BALANCE,1,-7.4869489319971145e-06
1.874,-0.03566689692553446,0.0,-0.03681553890925539,-0.035793583562038045,-0.27514182425081996,1.9331197809567087,BALANCE,1,-7.4869489319971145e-06
1.8760000000000001,-0.03566689692553446,0.0,-0.0337475773334841,-0.03507748138204416,0.358051089996942,-0.2257882548774992,BALANCE,1,-7.4869489319971145e-06
1.8780000000000001,-0.03566689692553446,0.0,-0.03681553890925539,-0.03568580151656809,-0.3041600672619646,4.875705693627822,BALANCE,1,-7.4869489319971145e-06
1.8800000000000001,-0.03566689692553446,0.0,-0.035281558121369745,-0.035544316328248664,0.07074259415971312,-0.46561993281818026,BALANCE,1,-7.4869489319971145e-06
1.8820000000000001,-0.03566689692553446,0.0,-0.035281558121369745,-0.03545235095584104,0.04598268620381249,2.5349816065887567,BALANCE,1,-7.4869489319971145e-06
1.8840000000000001,-0.03566689692553446,0.0,-0.035281558121369745,-0.035392573463776084,0.029888746032477598,2.3353297950948413,BALANCE,1,-7.4869489319971145e-06
1.8860000000000001,-0.03566689692553446,0.0,-0.035281558121369745,-0.03535371809393386,0.019427684921111826,2.203086408555304,BALANCE,1,-7.4869489319971145e-06
1.8880000000000001,-0.03566689692553446,0.0,-0.03681553890925539,-0.035865355379296394,-0.25581864268126725,2.1146584982361247,BALANCE,1,-7.4869489319971145e-06
1.8900000000000001,-0.03566689692553446,0.0,-0.03681553890925539,-0.03619791961478204,-0.16628211774282267,-0.1251834307805204,BALANCE,1,-7.4869489319971145e-06
1.8920000000000001,-0.03566689692553446,0.0,-0.0337475773334841,-0.03534029981632776,0.4288098992271394,0.5639153306749423,BALANCE,1,-7.4869489319971145e-06
1.8940000000000001,-0.03566689692553446,0.0,-0.03681553890925539,-0.03585663349885243,-0.25816684126233475,5.36904059437863,BALANCE,1,-7.4869489319971145e-06
1.8960000000000001,-0.03566689692553446,0.0,-0.035281558121369745,-0.03565535711673349,0.10063819105947044,-0.16492467718841386,BALANCE,1,-7.4869489319971145e-06
1.8980000000000001,-0.03566689692553446,0.0,-0.03834951969714103,-0.03659831401987613,-0.4714784515713194,2.710461092889817,BALANCE,1,-7.4869489319971145e-06
1.9000000000000001,-0.03566689692553446,0.0,-0.032213596545598466,-0.035063662903878946,0.767325557998591,-1.930369125149034,BALANCE,1,-7.4869489319971145e-06
1.9020000000000001,-0.03566689692553446,0.0,-0.03681553890925539,-0.035676819505760696,-0.3065783009408747,8.065129285789304,BALANCE,1,-7.4869489319971145e-06
1.9040000000000001,-0.03566689692553446,0.0,-0.03681553890925539,-0.036075371296983835,-0.19927589561156978,-0.5700263457404784,BALANCE,1,-7.4869489319971145e-06
1.9060000000000001,-0.03566689692553446,0.0,-0.03681553890925539,-0.03633442996127888,-0.12952933214752105,0.25726471516117533,BALANCE,1,-7.4869489319971145e-06
1.9080000000000001,-0.03566689692553446,0.0,-0.035281558121369745,-0.03596592481731068,0.1842525719840983,0.7924268170236077,BALANCE,1,-7.4869489319971145e-06
1.9100000000000001,-0.03566689692553446,0.0,-0.03681553890925539,-0.03626328974949133,-0.14868246609032326,3.3175991737511916,BALANCE,1,-7.4869489319971145e-06
1.9120000000000001,-0.03566689692553446,0.0,-0.035281558121369745,-0.03591968367964877,0.1718030349212793,0.6290243152750823,BALANCE,1,-7.4869489319971145e-06
1.9140000000000001,-0.03566689692553446,0.0,-0.035281558121369745,-0.035696339734251105,0.11167197269883189,3.206340750822527,BALANCE,1,-7.4869489319971145e-06
1.9160000000000001,-0.03566689692553446,0.0,-0.035281558121369745,-0.035551166169742625,0.07258678225424003,2.731553621819957,BALANCE,1,-7.4869489319971145e-06
1.9180000000000001,-0.03566689692553446,0.0,-0.035281558121369745,-0.035456803352812115,0.04718140846525498,2.4204722788997826,BALANCE,1,-7.4869489319971145e-06
1.92,-0.03566689692553446,0.0,-0.035281558121369745,-0.035395467521807285,0.030667915502415044,2.2157996969331704,BALANCE,1,-7.4869489319971145e-06
1.922,-0.03566689692553446,0.0,-0.0337475773334841,-0.03481870595589417,0.2883807829565585,2.0802928095863797,BALANCE,1,-7.4869489319971145e-06
1.924,-0.03566689692553446,0.0,-0.0337475773334841,-0.03444381093805064,0.18744750892176268,4.169637701983135,BALANCE,1,-7.4869489319971145e-06
1.926,-0.03566689692553446,0.0,-0.03681553890925539,-0.0352739157279723,-0.41505239496083046,3.3777764485877704,BALANCE,1,-7.4869489319971145e-06
1.928,-0.03566689692553446,0.0,-0.035281558121369745,-0.0352765905656614,-0.0013374188445498814,-1.499083853013869,BALANCE,1,-7.4869489319971145e-06
1.93,-0.03566689692553446,0.0,-0.03834951969714103,-0.03635211576167927,-0.5377625980089347,1.803420147541897,BALANCE,1,-7.4869489319971145e-06
1.932,-0.03566689692553446,0.0,-0.035281558121369745,-0.03597742058757093,0.18734758705417007,-2.5597832206865885,BALANCE,1,-7.4869489319971145e-06
1.934,-0.03566689692553446,0.0,-0.0337475773334841,-0.03519697544864054,0.3902225694651963,3.256384486147235,BALANCE,1,-7.4869489319971145e-06
1.936,-0.03566689692553446,0.0,-0.0337475773334841,-0.03468968610833578,0.2536446701523788,4.91917165868154,BALANCE,1,-7.4869489319971145e-06
1.938,-0.03566689692553446,0.0,-0.035281558121369745,-0.034896841312897664,-0.10357760228094093,3.850047887375619,BALANCE,1,-7.4869489319971145e-06
1.94,-0.03566689692553446,0.0,-0.03681553890925539,-0.03556838547162287,-0.33577207936260134,0.9728610273727689,BALANCE,1,-7.4869489319971145e-06
1.942,-0.03566689692553446,0.0,-0.03681553890925539,-0.03600488917479425,-0.21825185158569002,-0.9321011158983517,BALANCE,1,-7.4869489319971145e-06
1.944,-0.03566689692553446,0.0,-0.035281558121369745,-0.03575172330609567,0.126582934349289,-0.025330493708302093,BALANCE,1,-7.4869489319971145e-06
1.946,-0.03566689692553446,0.0,-0.0337475773334841,-0.03505027221568162,0.350725545207025,2.741387401232225,BALANCE,1,-7.4869489319971145e-06
1.948,-0.03566689692553446,0.0,-0.03681553890925539,-0.03566811555843243,-0.3089216713754068,4.569605299075819,BALANCE,1,-7.4869489319971145e-06
1.95,-0.03566689692553446,0.0,-0.03834951969714103,-0.036606607006980436,-0.46924572427400196,-0.751776657260371,BALANCE,1,-7.4869489319971145e-06
1.952,-0.03566689692553446,0.0,-0.03834951969714103,-0.03721662644853664,-0.3050097207781023,-2.0979998887634075,BALANCE,1,-7.4869489319971145e-06
1.954,-0.03566689692553446,0.0,-0.0337475773334841,-0.03600245925826825,0.6070835951341967,-0.8281563525792905,BALANCE,1,-7.4869489319971145e-06
1.956,-0.03566689692553446,0.0,-0.035281558121369745,-0.03575014386035377,0.12615769895723758,6.534239714283553,BALANCE,1,-7.4869489319971145e-06
1.958,-0.03566689692553446,0.0,-0.03834951969714103,-0.03665992540322931,-0.4548907714377673,2.694821439970677,BALANCE,1,-7.4869489319971145e-06
1.96,-0.03566689692553446,0.0,-0.035281558121369745,-0.03617749685457846,0.2412142743254235,-2.01548520084254,BALANCE,1,-7.4869489319971145e-06
1.962,-0.03566689692553446,0.0,-0.0337475773334841,-0.03532702502219543,0.4252359161915145,3.5750653788111215,BALANCE,1,-7.4869489319971145e-06
1.964,-0.03566689692553446,0.0,-0.039883500485026674,-0.03692179143418636,-0.797383205995466,5.091201418678392,BALANCE,1,-7.4869489319971145e-06
1.966,-0.03566689692553446,0.0,-0.0337475773334841,-0.03581081649894057,0.5554874676228956,-4.792821901823745,BALANCE,1,-7.4869489319971145e-06
1.968,-0.03566689692553446,0.0,-0.03681553890925539,-0.036162469342550754,-0.1758264218050913,6.089639819938107,BALANCE,1,-7.4869489319971145e-06
1.97,-0.03566689692553446,0.0,-0.0337475773334841,-0.035317257139377424,0.4226061015866651,0.2107970400290906,BALANCE,1,-7.4869489319971145e-06
1.972,-0.03566689692553446,0.0,-0.03681553890925539,-0.03584165575883471,-0.2621993097286432,5.041906507925667,BALANCE,1,-7.4869489319971145e-06
1.974,-0.03566689692553446,0.0,-0.03681553890925539,-0.03618251486148195,-0.17042955132361842,-0.4751690309160046,BALANCE,1,-7.4869489319971145e-06
1.976,-0.03566689692553446,0.0,-0.035281558121369745,-0.035867180002442677,0.15766742951963536,0.23130098719306336,BALANCE,1,-7.4869489319971145e-06
1.978,-0.03566689692553446,0.0,-0.03681553890925539,-0.03619910561982712,-0.16596280869222296,2.8678234894809616,BALANCE,1,-7.4869489319971145e-06
1.98,-0.03566689692553446,0.0,-0.03681553890925539,-0.03641485727112701,-0.10787582564994458,0.25162622561906245,BALANCE,1,-7.4869489319971145e-06
1.982,-0.03566689692553446,0.0,-0.03681553890925539,-0.03655509584447194,-0.07011928667246398,0.6960940194250709,BALANCE,1,-7.4869489319971145e-06
1.984,-0.03566689692553446,0.0,-0.03681553890925539,-0.03664625091714614,-0.04557753633710124,0.9824209976753258,BALANCE,1,-7.4869489319971145e-06
1.986,-0.03566689692553446,0.0,-0.03681553890925539,-0.03670550171438437,-0.029625398619115284,1.1659564458143459,BALANCE,1,-7.4869489319971145e-06
1.988,-0.03566689692553446,0.0,-0.03681553890925539,-0.036744014732589224,-0.01925650910242563,1.2826773993810634,BALANCE,1,-7.4869489319971145e-06
1.99,-0.03566689692553446,0.0,-0.035281558121369745,-0.036232154918662406,0.2559299069634091,1.355968931475772,BALANCE,1,-7.4869489319971145e-06
1.992,-0.03566689692553446,0.0,-0.035281558121369745,-0.03589944603960997,0.166354439526218,3.5809254178543264,BALANCE,1,-7.4869489319971145e-06
1.994,-0.03566689692553446,0.0,-0.035281558121369745,-0.03568318526822589,0.10813038569203876,2.8771043218920216,BALANCE,1,-7.4869489319971145e-06
1.996,-0.03566689692553446,0.0,-0.0337475773334841,-0.03500572249106626,0.338731388579816,2.417150900447987,BALANCE,1,-7.4869489319971145e-06
1.998,-0.03566689692553446,0.0,-0.035281558121369745,-0.03510226496167248,-0.04827123530310937,4.29560554568157,BALANCE,1,-7.4869489319971145e-06
2.0,-0.03566689692553446,0.0,-0.035281558121369745,-0.03516501756756652,-0.03137630294702126,1.1867715533894594,BALANCE,1,-7.4869489319971145e-06
2.0020000000000002,-0.03578422576995379,-0.11733100112004413,-0.03681553890925539,-0.03574270003715762,-0.2888412347955491,100.0,BALANCE,1,-6.067848933978797e-06
2.004,-0.03617423405175535,-0.2726844497804038,-0.035281558121369745,-0.03558130036663186,0.08069983526287974,100.0,BALANCE,1,2.2995917508057247e-07
2.0060000000000002,-0.036948554135638245,-0.5016498673408307,-0.03681553890925539,-0.036013283856550095,-0.2159917449591174,100.0,BALANCE,1,1.8808315390059003e-05
2.008,-0.03824464218360796,-0.7944620039398764,-0.039883500485026674,-0.037367859676516894,-0.6772879099833997,100.0,BALANCE,1,5.87166625114047e-05
2.0100000000000002,-0.04018174703207935,-1.1426784481767684,-0.03834951969714103,-0.03771144068373534,-0.17179050360922182,100.0,BALANCE,1,0.0001297740669523728
2.012,-0.04286337945057696,-1.5390032537051017,-0.039883500485026674,-0.0384716616141873,-0.3801104652259822,100.0,BALANCE,1,0.00024183079678004204
2.0140000000000002,-0.046379452175914514,-1.9771340818789347,-0.04295146206079795,-0.04003959177050103,-0.783965078156864,100.0,BALANCE,1,0.00040430748029090835
2.016,-0.05080813461589631,-2.451629723129336,-0.04601942363656923,-0.0421325329236249,-1.0464705765619344,100.0,BALANCE,1,0.0006259275082514942
2.0180000000000002,-0.05621746025975536,-2.957795277447656,-0.05368932757599744,-0.04617741105195529,-2.022439064165195,100.0,BALANCE,1,0.0009145817439158826
2.02,-0.062666719755301,-3.49158263626125,-0.05829126993965436,-0.05041726166264996,-2.1199253053473357,100.0,BALANCE,1,0.0012772818077509626
2.0220000000000002,-0.07020766821099222,-4.049504221581474,-0.06135923151542565,-0.05424695111112145,-1.9148447242357431,100.0,BALANCE,1,0.0017201708082358331
2.024,-0.07888557146472301,-4.628558210050335,-0.07056311624273949,-0.05995760890718776,-2.8553288980331555,100.0,BALANCE,1,0.002248569589125747
2.0260000000000002,-0.08874011275190859,-5.226163705008872,-0.0782330201821677,-0.06635400285343074,-3.19819697312149,100.0,BALANCE,1,0.002867043245893852
2.028,-0.09980617833584368,-5.840104523802304,-0.08743690490948154,-0.07373301857304851,-3.6895078598088853,100.0,BALANCE,1,0.0035794774909659825
2.0300000000000002,-0.11211453817465408,-6.468480444419292,-0.10124273200045232,-0.08336141827263983,-4.814199849795663,100.0,BALANCE,1,0.004389157910237652
2.032,-0.1256924355406943,-7.10966490886813,-0.1119805975156518,-0.09337813100769402,-5.008356367527091,100.0,BALANCE,1,0.005298847616794283
2.0340000000000003,-0.1405640976359527,-7.762268313568548,-0.12578642460662257,-0.104721033767319,-5.671451379812495,100.0,BALANCE,1,0.006310860541764852
2.036,-0.1567511776227797,-8.425106132211413,-0.13959225169759334,-0.11692596004291501,-6.102463137798004,100.0,BALANCE,1,0.007427128806392198
2.0380000000000003,-0.1742731370800125,-9.097171216373937,-0.15800002115222103,-0.1313018814311721,-7.187960694128546,100.0,BALANCE,1,0.00864926344083946
2.04,-0.19314757667170898,-9.777609705725215,-0.17487380981896308,-0.14655205636689894,-7.625087467863417,100.0,BALANCE,1,0.009978608262150857
2.0420000000000003,-0.21339052175442202,-10.465700054694317,-0.1932815792735908,-0.16290738938424107,-8.177666508671063,100.0,BALANCE,1,0.011416287075416368
2.044,-0.23501666872776958,-11.160834747543925,-0.21015536794033285,-0.17944418187887318,-8.268396247316053,100.0,BALANCE,1,0.012963244576412406
2.0460000000000003,-0.258039597133392,-11.86250433023651,-0.2346990605465031,-0.19878338941254364,-9.669603766835232,100.0,BALANCE,1,0.014620281452836729
2.048,-0.28247195181314505,-12.570283436460926,-0.25770877236478773,-0.21940727344582908,-10.31194201664272,100.0,BALANCE,1,0.01638808423508931
2.05,-0.30832559883464206,-13.283818527716493,-0.2837864457588436,-0.24193998375538417,-11.266355154777543,100.0,BALANCE,1,0.01826725045815511
2.052,-0.335611758369004,-14.002817104308592,-0.3083301383650139,-0.26517653786875456,-11.618277056685194,100.0,BALANCE,1,0.020258309679017306
2.054,-0.3643411172515286,-14.727038176259992,-0.3374757733348411,-0.29048127028188486,-12.652366206565151,100.0,BALANCE,1,0.02236174086007896
2.056,-0.3945239235619962,-15.456283811152062,-0.3620194659410113,-0.3155196387625791,-12.51918424034712,100.0,BALANCE,1,0.024577986585873235
2.058,-0.4260700635331001,-16.09038823877669,-0.3942330624866098,-0.34306933706598985,-13.774849151705375,0.0,FAULT,1,0.026563611233063174
2.06,-0.45880244884106647,-16.642541152242778,-0.4249126782443226,-0.3717145064784063,-14.32258470620823,0.0,FAULT,1,0.028326493133157122
2.062,-0.49256859769989125,-17.12415982158327,-0.4586602555778067,-0.4021455186631965,-15.215506092395081,0.0,FAULT,1,0.029879154887421946
2.064,-0.5272373254430496,-17.54512447120552,-0.49394181369917645,-0.43427422192578946,-16.064351631296493,0.0,FAULT,1,0.03123671566699196
2.066,-0.5626958745074058,-17.913982311201934,-0.526155410244775,-0.4664326378374344,-16.07920795582246,0.0,FAULT,1,0.03241547461235839
2.068,-0.5988474253061251,-18.238124400590443,-0.5645049299419159,-0.5007579400740029,-17.162651118284245,0.0,FAULT,1,0.033431951577224714
2.07,-0.6356089372756388,-18.523938962866506,-0.5982525072754,-0.5348810385944919,-17.0615492602445,0.0,FAULT,1,0.03430225701597456
2.072,-0.6729092761393443,-18.776944291277,-0.6350680461846554,-0.5699464912510491,-17.532726328278624,0.0,FAULT,1,0.03504169670927548
2.074,-0.7106875892871165,-19.00190396292339,-0.6718835850939109,-0.6056244740960507,-17.838991422500783,0.0,FAULT,1,0.03566454220514602
2.076,-0.7488918962454894,-19.202926718467058,-0.7102331047910518,-0.642237494839301,-18.306510371625173,0.0,FAULT,1,0.03618391653007646
2.078,-0.7874778656129438,-19.383553050316007,-0.7485826244881929,-0.6794582902164132,-18.6103976885561,0.0,FAULT,1,0.03661175854880257
2.08,-0.826407753648479,-19.546830270208716,-0.7884661249732196,-0.7176110323812954,-19.07637108244109,0.0,FAULT,1,0.03695883955852981
2.082,-0.8656494830077678,-19.69537759144875,-0.8252816638824749,-0.7552957534067083,-18.842360512706435,0.0,FAULT,1,0.03723481321852701
2.084,-0.9051758429874409,-19.831442556813986,-0.8666991451553873,-0.7942869405187459,-19.495593556018818,0.0,FAULT,1,0.037448285430213675
2.086,-0.9449637951230592,-19.95694996615664,-0.9019807032767571,-0.8319797574840498,-18.846408482651956,0.0,FAULT,1,0.037606894812344686
2.088,-0.9849938701409146,-20.07354430428176,-0.9464661461254406,-0.8720499935085366,-20.03511801224339,0.0,FAULT,1,0.03771739734583237
2.09,-1.0252496441319578,-20.182626536690382,-0.9863496466104673,-0.9120548720942123,-20.00243929283785,0.0,FAULT,1,0.03778575088026654
2.092,-1.0657172834360047,-20.285386025470395,-1.0231651855197226,-0.9509434817931409,-19.4443048494643,0.0,FAULT,1,0.0378171967130846
2.094,-1.1063851491289598,-20.382828217651515,-1.0661166475805206,-0.9912540898187238,-20.15530401279142,0.0,FAULT,1,0.037816336531563306
2.096,-1.147243453223744,-20.475798671663956,-1.1060001480655473,-1.031415210205112,-20.080560193194096,0.0,FAULT,1,0.037787203765352634
2.098,-1.188283959751722,-20.565003912382124,-1.1443496677626883,-1.0709422703502636,-19.763530072575808,0.0,FAULT,1,0.03773332892058596
2.1,-1.2294997248072035,-20.651029540058982,-1.1903690913992575,-1.1127416577174114,-20.899693683573915,0.0,FAULT,1,0.037657798820320144
2.102,-1.270884870431677,-20.734355961933495,-1.2302525918842842,-1.1538704846758168,-20.56441347920268,0.0,PUMP,1,0.03756330990785199
2.104,-1.3124083877711976,-20.78937181230559,-1.2732040539450822,-1.1956372339200596,-20.88337462212142,-26.0,PUMP,1,0.03733712687817948
2.106,-1.354017433701174,-20.81985423322363,-1.3100195928543377,-1.235671059547057,-20.01691281349871,-26.0,PUMP,1,0.036996389495096496
2.108,-1.3956661870493599,-20.82904826203016,-1.3529710549151355,-1.2767260579258846,-20.527499189413767,-26.0,PUMP,1,0.03655636307800029
2.11,-1.437314856042283,-20.819738463999045,-1.3928545554001621,-1.3173710320418817,-20.32248705799855,-26.0,PUMP,1,0.036030576212877835
2.112,-1.478928819503905,-20.79431105440428,-1.4342720366730746,-1.3582863836627992,-20.457675810458763,-26.0,PUMP,1,0.03543097011384215
2.114,-1.5204778840502504,-20.75480777465388,-1.4802914603096438,-1.4009881604891947,-21.350888413197765,-26.0,PUMP,1,0.03476805032187654
2.116,-1.5619356418848431,-20.70297261896096,-1.5201749607946704,-1.4427035405961113,-20.857690053458278,-26.0,PUMP,1,0.03405103464575407
2.118,-1.6032789158468526,-20.640292362166495,-1.5615924420675826,-1.4843146561111262,-20.805557757507476,-26.0,PUMP,1,0.03328799353993573
2.12,-1.6444872801385688,-20.568031712819923,-1.6014759425526093,-1.5253211063656453,-20.50322512725955,-26.0,PUMP,1,0.03248598072489663
2.122,-1.6855426466972934,-20.48726380590199,-1.6444274046134073,-1.567008310752362,-20.843602193358347,-26.0,PUMP,1,0.03165115297141599
2.124,-1.7264289085103315,-20.39889665441676,-1.6858448858863198,-1.6086011120492472,-20.79640064844257,-26.0,PUMP,1,0.030788878728330138
2.126,-1.7671316323276898,-20.303696096558458,-1.727262367159232,-1.6501325513377418,-20.765719644247337,-26.0,PUMP,1,0.029903835773654727
2.128,-1.8076377942289168,-20.202305703600693,-1.7671458676442586,-1.6910872120450227,-20.47733035364041,-26.0,PUMP,1,0.029000098385726703
2.13,-1.8479355523687637,-20.095264051609956,-1.8085633489171709,-1.7322038599502745,-20.558323952625912,-26.0,PUMP,1,0.028081214718200867
2.132,-1.888014051978733,-19.98301970629202,-1.8484468494021975,-1.7728889062584476,-20.342523154086578,-26.0,PUMP,1,0.027150275159792663
2.134,-1.9278632583535595,-19.865944223646846,-1.8913983114629955,-1.8143671980800393,-20.73914591079584,-26.0,PUMP,1,0.02620997249518145
2.136,-1.9674738141165793,-19.744343428686058,-1.9251458887964796,-1.8531397398307934,-19.386270875377033,-26.0,PUMP,1,0.025262654678071393
2.138,-2.006836917547409,-19.618467199434424,-1.9680973508572777,-1.893374903690063,-20.117581929634753,-26.0,PUMP,1,0.024310370995768073
2.14,-2.0459442191794324,-19.488517953078798,-2.0110488129180757,-1.9345607719198674,-20.59293411490226,-26.0,PUMP,1,0.023354912357176284
2.142,-2.0847877342420027,-19.354658004824916,-2.047864351827331,-1.9742170248874797,-19.828126483806162,-26.0,PUMP,1,0.022397846380124094
2.144,-2.1233597688405954,-19.217015947236575,-2.086213871524472,-2.0134159212104272,-19.59944816147374,-26.0,PUMP,1,0.021440547894355975
2.146,-2.1616528580439547,-19.075692178096343,-2.121495429645842,-2.0512437491628224,-18.91391397619757,-26.0,PUMP,1,0.020484225416751604
2.148,-2.199659714286252,-18.9307636877369,-2.1613789301308683,-2.0897910625016385,-19.273656669408055,-26.0,PUMP,1,0.019529944097477575
2.15,-2.237373184699377,-18.7822882019961,-2.1997284498280094,-2.1282691480658684,-19.239042782114968,-26.0,PUMP,1,0.0185786455811935
2.152,-2.2747862161699692,-18.63030776414163,-2.2365439887372647,-2.1661653423008573,-18.948097117494456,-26.0,PUMP,1,0.01763116517684993
2.154,-2.3118918270714057,-18.474851828028054,-2.2748935084344057,-2.2042202004475993,-19.02742907337096,-26.0,PUMP,1,0.01668824668337332
2.156,-2.3486830847558915,-18.315939925160233,-2.30864108576789,-2.240767510309701,-18.27365493105093,-26.0,PUMP,1,0.015750555176695973
2.158,-2.385153088008848,-18.15358396004334,-2.3485245862529167,-2.2784824868898266,-18.85748829006273,-26.0,PUMP,1,0.014818688026047251
2.16,-2.421294953769384,-17.987790181027453,-2.385340125162172,-2.3158826602851477,-18.700086697660545,-26.0,PUMP,1,0.013893184373952844
2.162,-2.4571018075088418,-17.81856086765427,-2.4221556640714272,-2.3530782116103457,-18.597775662599012,-26.0,PUMP,1,0.012974533284706376
2.164,-2.492566776736069,-17.6458957701539,-2.457437222192797,-2.3896038653142035,-18.262826851928924,-26.0,PUMP,1,0.012063180739867334
2.166,-2.5276829871647246,-17.46979333210821,-2.492718780314167,-2.425694085564191,-18.045110124993656,-26.0,PUMP,1,0.011159535636273456
2.168,-2.562443561135965,-17.2902517232953,-2.5280003384355365,-2.4615012740691617,-17.903594252485444,-26.0,PUMP,1,0.010263974921818846
2.17,-2.5968416179404135,-17.107269706272067,-2.5602139349811353,-2.4960507053883525,-17.274715659595373,-26.0,PUMP,1,0.009376847986532984
2.172,-2.6308702757274642,-16.920847357264844,-2.5970294738903905,-2.5313932743640657,-17.671284487856596,-26.0,PUMP,1,0.008498480411019582
2.174,-2.664522654728503,-16.730986659357008,-2.6323110320117604,-2.5667144895407588,-17.660607588346533,-26.0,PUMP,1,0.007629177160815022
2.176,-2.6977918815544,-16.537691983732174,-2.6645246285573587,-2.600948038196569,-17.116774327905038,-26.0,PUMP,1,0.006769225303467203
2.178,-2.7306710943572083,-16.340970472803246,-2.6998061866787286,-2.635548390165325,-17.30017598437805,-26.0,PUMP,1,0.005918896314904158
2.18,-2.763153448671985,-16.140832337389902,-2.732019783224327,-2.6693133777359757,-16.88249378532536,-26.0,PUMP,1,0.005078448032766504
2.182,-2.7952321237775584,-15.937291078663295,-2.765767360557811,-2.703072271723618,-16.879446993821155,-26.0,PUMP,1,0.004248126306650172
2.184,-2.8269003294352295,-15.730363644325767,-2.794912995527638,-2.735216525055025,-16.072126665703568,-26.0,PUMP,1,0.003428166388495312
2.186,-2.8581513128822573,-15.520070527408079,-2.8271265920732365,-2.767385048511399,-16.08426172818689,-26.0,PUMP,1,0.0026187941005335162
2.188,-2.8889783659728008,-15.306435815123297,-2.856272227043064,-2.7984955609974818,-15.555256243041438,-26.0,PUMP,1,0.001820226813151738
2.19,-2.919374832373046,-15.089487194395184,-2.890019804376548,-2.830529046180155,-16.016742591336673,-26.0,PUMP,1,0.0010326742606471297
2.192,-2.9493341147297674,-14.869255919961983,-2.9206994201342606,-2.862088677064092,-15.779815441968381,-26.0,PUMP,1,0.00025633921904432214
2.194,-2.978849681742746,-14.645776750328954,-2.9483110743162024,-2.8922665161023304,-15.088919519119282,-26.0,PUMP,1,-0.0005085819331522821
2.196,-3.0079150750814714,-14.419087856292032,-2.9820586516496865,-2.923693763543905,-15.713623720787329,-26.0,PUMP,1,-0.0012618987532595494
2.198,-3.0365239160955007,-14.189230706269363,-3.0066023442558567,-2.952711766793088,-14.509001624591455,-26.0,PUMP,1,-0.002003426356240297
2.2,-3.064721911323393,-14.008248026080436,-3.034213998437798,-2.9812375478687363,-14.262890537824147,26.0,PUMP,1,-0.0025779280685093477
2.202,-3.092599909134121,-13.869238044862813,-3.066427594983397,-3.0110540643588672,-14.908258245065475,26.0,PUMP,1,-0.0030119265704848484
2.204,-3.120198016141051,-13.728361669250935,-3.094039249165338,-3.040098879041132,-14.522407341132304,-11.856651544068075,PUMP,1,-0.0034380617279880094
2.206,-3.147550226259474,-13.623345379449633,-3.1231848841351653,-3.0691789808240437,-14.540050891455936,26.0,PUMP,1,-0.0037469335624541883
2.208,-3.1747230961896107,-13.549024859774352,-3.1492625575292212,-3.0972082326708557,-14.014625923405966,26.0,PUMP,1,-0.003956092000203075
2.21,-3.2017735409098123,-13.500922867055682,-3.172272269347506,-3.123480645507683,-13.136206418413732,26.0,PUMP,1,-0.004080030928219559
2.212,-3.228750116547708,-13.47515794041309,-3.201417904317333,-3.1507586860910606,-13.63902029168873,26.0,PUMP,1,-0.0041307950542519775
2.214,-3.2556941328713704,-13.468365312870855,-3.2259615969235034,-3.1770797048824155,-13.160509395677478,26.0,PUMP,1,-0.004118453552074755
2.216,-3.2826406181729424,-13.477628393550292,-3.2551072318933305,-3.204389339336236,-13.654817226910199,26.0,PUMP,1,-0.00405147165486135
2.218,-3.309619156272991,-13.500419407484522,-3.2827188860752723,-3.2318046806948986,-13.707670679331319,26.0,PUMP,1,-0.003937003813594214
2.22,-3.336654612736949,-13.534547969082972,-3.3118645210450994,-3.259825624817469,-14.01047206128525,26.0,PUMP,1,-0.003781126349480992
2.222,-3.363767765110688,-13.578116528895876,-3.3364082136512696,-3.286629530909299,-13.401953045915072,26.0,PUMP,1,-0.003589023238515031
2.224,-3.3909758500032727,-13.629481775019862,-3.364019867833211,-3.3137161488326683,-13.543308961684541,26.0,PUMP,1,-0.0033651354263782435
2.226,-3.41829303813033,-13.6872211932011,-3.3885635604393816,-3.339912742895018,-13.098297031174821,26.0,PUMP,1,-0.003113281622721672
2.228,-3.4457308469458723,-13.750104095985758,-3.4177091954092087,-3.367141501274985,-13.614379189983428,26.0,PUMP,1,-0.0028367566700315643
2.23,-3.4732984992031923,-13.817066523345297,-3.44532084959115,-3.3945042731856425,-13.681385955328862,26.0,PUMP,1,-0.002538412176916617
2.232,-3.501003234670049,-13.887189496974393,-3.4775344461367483,-3.4235648337185296,-14.53028026644354,26.0,PUMP,1,-0.0022207230383271964
2.234,-3.5288497216548604,-13.958820592194417,-3.4990101771671474,-3.449970703925546,-13.202935103508118,25.1403832593859,PUMP,1,-0.0018884063028167218
2.236,-3.5568412674402303,-14.032251241964552,-3.5250878505612033,-3.476261705248026,-13.145500661239984,26.0,PUMP,1,-0.0015404676585921082
2.238,-3.584980868229451,-14.10687894951815,-3.5588354278946874,-3.505162508174357,-14.450401463165674,26.0,PUMP,1,-0.001178589500932116
2.24,-3.6132669456367883,-14.17873170770612,-3.5849131012887434,-3.5330752157643923,-13.956353795017584,22.544950001646797,PUMP,1,-0.000814714729770856
2.242,-3.641697423308669,-14.251283569593173,-3.6125247554706847,-3.5608825546615948,-13.90366944860122,26.0,PUMP,1,-0.0004384083355017353
2.244,-3.6702732606328796,-14.324096179823988,-3.6432043712283977,-3.5896951904599756,-14.406317899190446,26.0,PUMP,1,-5.09698687477661e-05
2.246,-3.6989795831205536,-14.381774271401687,-3.6708160254103395,-3.618087482692603,-14.19614611631359,10.977621943240573,PUMP,1,0.0003002530437791473
2.248,-3.7278028335169036,-14.441030313823513,-3.698427679592281,-3.64620655160749,-14.059534457443679,26.0,PUMP,1,0.0006660399696839341
2.25,-3.7567456354939934,-14.50133250901189,-3.727573314562108,-3.6746849186416064,-14.239183517058107,26.0,PUMP,1,0.0010447708925175776
2.2520000000000002,-3.7857963802988506,-14.548980444934049,-3.7597869111077067,-3.7044706160047416,-14.892848681567594,12.752254505331017,PUMP,1,0.00139380046701117
2.254,-3.8148923924034293,-14.546608479614552,-3.787398565289648,-3.7334953982544588,-14.512391124858581,-26.0,PUMP,1,0.001596097392842978
2.2560000000000002,-3.8439400188969772,-14.500605222345131,-3.810408277107933,-3.7604149058531746,-13.459753799357932,-26.0,PUMP,1,0.001670643207074756
2.258,-3.8729095489120193,-14.468523095326796,-3.842621873653531,-3.7891873445832993,-14.386219365062347,26.0,PUMP,1,0.001795556473104882
2.2600000000000002,-3.901774709089944,-14.3962470847914,-3.8763694509870152,-3.8197010818245998,-15.256868620650232,-26.0,PUMP,1,0.001803579636825224
2.262,-3.9304602309535865,-14.288897668292305,-3.902447124381071,-3.848662196719365,-14.480557447382525,-26.0,PUMP,1,0.001711278926466081
2.2640000000000002,-3.958900420737977,-14.150928830994534,-3.9300587785630126,-3.8771510003646417,-14.24440182263842,-26.0,PUMP,1,0.0015336194915588144
2.266,-3.9870379146788317,-13.98621636708225,-3.9576704327449543,-3.905332801697751,-14.090900666554607,-26.0,PUMP,1,0.0012839965076102758
2.2680000000000002,-4.014822599105788,-13.798134380503848,-3.9868160677147815,-3.9338519448037115,-14.259571552980299,-26.0,PUMP,1,0.0009743114359566825
2.27,-4.0422106733188405,-13.589621565054966,-4.017495683472494,-3.9631272533377855,-14.637654267037004,-26.0,PUMP,1,0.0006150746677045203
2.2720000000000002,-4.069163836175058,-13.363238632399954,-4.042039376078664,-3.990746496297093,-13.8096214796537,-26.0,PUMP,1,0.00021552151260724114
2.274,-4.095648579866712,-13.12121807347968,-4.06811704947272,-4.017826189908562,-13.539846805734612,-26.0,PUMP,1,-0.0002162673483215409
2.2760000000000002,-4.121650404525487,-12.880335069435782,-4.0987966652304335,-4.046165856271217,-14.169833181327363,-11.171903889708092,PUMP,1,-0.0006323814408306545
2.278,-4.147156477194947,-12.625481293921945,-4.1248743386244895,-4.073713825094862,-13.77398441182276,-26.0,PUMP,1,-0.0010742635016312008
2.2800000000000002,-4.172140603265978,-12.358403511153405,-4.146350069654888,-4.0991365106908715,-12.711342798004566,-26.0,PUMP,1,-0.0015357019074492446
2.282,-4.196631859198727,-12.132625470423914,-4.172427743048944,-4.124788442016197,-12.825965662662586,26.0,PUMP,1,-0.001876477932622106
2.2840000000000003,-4.220707233672381,-11.94253525921382,-4.198505416443,-4.150589383065578,-12.900470524690455,26.0,PUMP,1,-0.0021164256192794852
2.286,-4.2444203562265015,-11.770385953250726,-4.219981147473399,-4.174876500608315,-12.143558771368745,13.111553688911012,PUMP,1,-0.0023042341905400218
2.2880000000000003,-4.267817512822389,-11.626581030042395,-4.244524840079569,-4.199253419423254,-12.188459407469487,26.0,PUMP,1,-0.0024158750951698248
2.29,-4.2909515251226065,-11.507252726874627,-4.269068532685739,-4.223688709065124,-12.217644820935014,26.0,PUMP,1,-0.0024631364931563416
2.2920000000000003,-4.313868000386664,-11.409054528348346,-4.290544263716138,-4.247088153192979,-11.699722063927442,26.0,PUMP,1,-0.0024557617449676803
2.294,-4.336606304697339,-11.32909187821319,-4.313553975534423,-4.270351191012484,-11.631518909752447,26.0,PUMP,1,-0.0024018445063139805
2.2960000000000003,-4.3592004068281325,-11.264862111747357,-4.338097668140593,-4.294062458007322,-11.855633497419138,26.0,PUMP,1,-0.00230813996948521
2.298,-4.3816796099663575,-11.214202381590775,-4.361107379958878,-4.317528180690367,-11.732861341522405,26.0,PUMP,1,-0.002180311287832082
2.3000000000000003,-4.404069186215267,-11.17524451313127,-4.382583110989277,-4.340297406294986,-11.384612802309402,26.0,PUMP,1,-0.002023125711862679
2.302,-4.426390926812285,-11.146375867059787,-4.405592822807561,-4.363150802074387,-11.426697889700854,26.0,PUMP,1,-0.0018406115507931756
2.3040000000000003,-4.448663619278297,-11.126205409425154,-4.425534573050075,-4.384985121915878,-10.917159920745156,26.0,PUMP,1,-0.001636184483594507
2.306,-4.4709034612199705,-11.113534295925461,-4.448544284868359,-4.407230828949246,-11.122853516684295,26.0,PUMP,1,-0.001412749776413539
2.308,-4.493124419212785,-11.107330369435127,-4.470020015898759,-4.429207044381576,-10.988107716164652,26.0,PUMP,1,-0.0011727854664573805
2.31,-4.5153385400704025,-11.10670604976163,-4.493029727717043,-4.451544983548989,-11.168969583706723,26.0,PUMP,1,-0.0009184104313139894
2.312,-4.5375562208333236,-11.110899163981937,-4.512971477959557,-4.473044256592687,-10.749636521849126,26.0,PUMP,1,-0.0006514403908007595
2.314,-4.559786442966606,-11.119256325838984,-4.537515170565727,-4.495609076483251,-11.282409945281735,26.0,PUMP,1,-0.0003734342205997613
2.316,-4.582036975525459,-11.131218524808583,-4.560524882384011,-4.518329608548517,-11.36026603263307,26.0,PUMP,1,-8.573244397297626e-05
2.318,-4.604300981345102,-11.132738588712975,-4.580466632626525,-4.540077566975819,-10.873979213651186,12.429901461176598,PUMP,1,0.00017810353482256534
2.32,-4.626572550948327,-11.1387913603711,-4.605010325232695,-4.562804032365726,-11.363232694953318,26.0,PUMP,1,0.0004534269538577669
2.322,-4.6488230592697235,-11.111686421229214,-4.624952075475208,-4.584555847454045,-10.875907544159347,-11.104726195627322,PUMP,1,0.0006502938201478105
2.324,-4.671027746372917,-11.09297926468483,-4.649495768081378,-4.607284819673612,-11.364486109783467,26.0,PUMP,1,0.0008670145265564002
2.326,-4.693150321542091,-11.029583577065091,-4.6709714991117774,-4.629575157476969,-11.145168901678826,-26.0,PUMP,1,0.000977719292950343
2.328,-4.715110740204295,-10.930831749371785,-4.693981210930062,-4.652117276185551,-11.271059354291069,-22.67132364658549,PUMP,1,0.001004902675231718
2.33,-4.736839726963186,-10.798160439367509,-4.7139229611725755,-4.67374926593101,-10.815994872729107,-26.0,PUMP,1,0.0009531675230893179
2.332,-4.758288695041266,-10.650821513171001,-4.73693267299086,-4.695863458401957,-11.057096235473907,-11.327667166228144,PUMP,1,0.0008684082839124536
2.334,-4.779415653263564,-10.476158638910231,-4.758408404021259,-4.717754189368713,-10.945365483377767,-26.0,PUMP,1,0.0007231033053949586
2.336,-4.800169663112999,-10.277880728937635,-4.781418115839544,-4.740036563633503,-11.141187132395203,-26.0,PUMP,1,0.0005277430750682491
2.338,-4.8205067127048515,-10.059205444106786,-4.8013598660820564,-4.761499719490497,-10.731577928496883,-26.0,PUMP,1,0.0002916292582849835
2.34,-4.84038879906179,-9.822923986814905,-4.819767635536684,-4.781893490106663,-10.196885308082937,-26.0,PUMP,1,2.2951776160096485e-05
2.342,-4.859802994693591,-9.591320664195251,-4.838175404991312,-4.80159216031629,-9.849335104813672,-6.1367371408455655,PUMP,1,-0.0002302877877248012
2.344,-4.87878114601315,-9.386885201885313,-4.8611851168095965,-4.822449695088947,-10.428767386328364,16.90302186664147,PUMP,1,-0.00042347197727422674
2.346,-4.897331137532569,-9.163165947404492,-4.878058905476339,-4.841912918724534,-9.731611817793695,-26.0,PUMP,1,-0.0006511322986685244
2.348,-4.915449789555948,-8.955550325398457,-4.899534636506738,-4.8620805199483055,-10.083800611885518,6.737188821381614,PUMP,1,-0.00084309466677303
2.35,-4.933134502796677,-8.729231329613787,-4.914874444385594,-4.880558393501357,-9.238936776525541,-26.0,PUMP,1,-0.001066492341654261
2.352,-4.95040244578248,-8.538783874424034,-4.934816194628108,-4.899548623895719,-9.49511519718138,26.0,PUMP,1,-0.0012193301923184938
2.354,-4.9672930741713985,-8.351920311432632,-4.948622021719078,-4.916724313133895,-8.587844619087903,-1.5827568509936463,PUMP,1,-0.0013631717879821334
2.356,-4.983840742863897,-8.195827563479545,-4.968563771961592,-4.934868123723589,-9.071905294847138,26.0,PUMP,1,-0.0014506003134691133
2.358,-5.0000947886789175,-8.058300752866565,-4.983903579840448,-4.95203053336449,-8.581204820450328,17.816313307998648,PUMP,1,-0.0015051295739895512
2.36,-5.016098136388701,-7.945132738352717,-4.9992433877193045,-4.968555032388675,-8.262249512092534,26.0,PUMP,1,-0.001518098513721893
2.362,-5.031896342221777,-7.853162185716003,-5.017651157173932,-4.985738676063515,-8.59182183741991,26.0,PUMP,1,-0.0014960644928383275
2.364,-5.047529064091293,-7.779652131810161,-5.029923003477017,-5.001203190658241,-7.732257297362821,26.0,PUMP,1,-0.0014443866647196888
2.366,-5.063030853882782,-7.722233525248318,-5.046796792143759,-5.017160951178172,-7.978880259965848,26.0,PUMP,1,-0.0013674681498290547
2.368,-5.078431844336446,-7.678856281410859,-5.063670580810501,-5.033439321549487,-8.139185185657372,26.0,PUMP,1,-0.0012689450629086102
2.37,-5.093758344553698,-7.647746852586529,-5.0774764079014725,-5.048852301772682,-7.706490111597297,26.0,PUMP,1,-0.0011518347098655153
2.372,-5.109033356291865,-7.627371446704107,-5.0943501965682145,-5.064776564951118,-7.962131589218213,26.0,PUMP,1,-0.001018652322006929
2.374,-5.124277021592968,-7.616404143204088,-5.111223985234957,-5.081033162050462,-8.128298549671786,26.0,PUMP,1,-0.000871503465450129
2.376,-5.139502726161683,-7.609414494124399,-5.121961850750156,-5.095358203095355,-7.1625205224465915,21.71530442647292,PUMP,1,-0.0007191610728005081
2.378,-5.154722291903327,-7.610269148796223,-5.138835639416898,-5.110575305807895,-7.6085513562702545,26.0,PUMP,1,-0.0005552751743522289
2.38,-5.169950476823243,-7.6180375929947255,-5.154175447295755,-5.125835355328646,-7.630024760375331,26.0,PUMP,1,-0.00038123421577479326
2.382,-5.185200305584025,-7.6319169976317305,-5.171049235962497,-5.141660213550494,-7.912429110923824,26.0,PUMP,1,-0.00019821395478216743
2.384,-5.200466054237089,-7.633961430894722,-5.186389043841353,-5.157315304152294,-7.8275453009002405,8.746466980932993,PUMP,1,-3.552287370903965e-05
2.386,-5.215724657031934,-7.624774862029434,-5.1986608901444376,-5.1717862592495445,-7.235477548625191,7.646237222482857,PUMP,1,0.00010752697395848866
2.388,-5.230973631589311,-7.624336857036236,-5.214000698023295,-5.186561312820357,-7.38752678540644,26.0,PUMP,1,0.0002633959727478402
2.39,-5.246229335197277,-7.631507690365802,-5.2339424482658075,-5.203144710226265,-8.291698702953987,25.89687346672399,PUMP,1,0.00043035788795574813
2.392,-5.261454207066646,-7.593508507715781,-5.243146332993121,-5.217145278194665,-7.000283984199829,-26.0,PUMP,1,0.0005222363517785279
2.394,-5.2766160672005835,-7.568498972007058,-5.263088083235635,-5.233225259959005,-8.039990882169779,26.0,PUMP,1,0.0006333272640227866
2.396,-5.291687296776818,-7.502880610354074,-5.273825948750835,-5.247435501036145,-7.105120538570375,-26.0,PUMP,1,0.0006770366929337145
2.398,-5.306635548867193,-7.445523715893639,-5.292233718205462,-5.263114877045406,-7.8396880046303075,17.318465969762386,PUMP,1,0.0007321165054417541
2.4,-5.321433060368901,-7.352141840805422,-5.306039545296433,-5.278138510933266,-7.511816943929883,-26.0,PUMP,1,0.0007283279829767356
2.402,-5.336013642574157,-7.228595392340853,-5.321379353175289,-5.293272805717974,-7.567147392354201,-25.077934142185352,PUMP,1,0.0006762384510015018
2.404,-5.350320198117983,-7.0781153514119115,-5.338253141842031,-5.309015923361394,-7.871558821709979,-26.0,PUMP,1,0.00058260550785183
2.406,-5.364302578649796,-6.904419786225924,-5.352058968933002,-5.324080989311457,-7.532532975031536,-26.0,PUMP,1,0.0004550826056104861
2.408,-5.377917571523133,-6.710726377896156,-5.365864796023973,-5.3387053216608376,-7.312166174690216,-26.0,PUMP,1,0.0003005262527457876
2.41,-5.391127965415326,-6.499818813617251,-5.378136642327058,-5.352506283894015,-6.900481116588697,-26.0,PUMP,1,0.00012501821253204856
2.412,-5.4039125120141245,-6.284876586566406,-5.393476450205914,-5.36684584210318,-7.1697791045823855,-15.228023724486816,PUMP,1,-5.156215554936311e-05
2.414,-5.416253015233329,-6.0557724625040885,-5.404214315721114,-5.379924807869457,-6.539482883138437,-26.0,PUMP,1,-0.00024181484545469402
2.416,-5.428145674557428,-5.837029420102552,-5.4149521812363135,-5.392184388547856,-6.129790339199914,-3.46815580277697,PUMP,1,-0.0004131170969723899
2.418,-5.4396297673615415,-5.647202908328371,-5.425690046751513,-5.403911368919136,-5.863490185639808,16.370682038469464,PUMP,1,-0.0005441487854951597
2.42,-5.450768996161027,-5.492162957119759,-5.439495873842484,-5.4163659456423074,-6.227288361585703,26.0,PUMP,1,-0.0006308982903021581
2.422,-5.4616031155291624,-5.342091342054977,-5.451767720145568,-5.428756566718449,-6.195310538070764,0.7237106999512333,PUMP,1,-0.0007104730715865371
2.424,-5.472138426871775,-5.193352726416281,-5.462505585660768,-5.44056872334826,-5.906078314905638,-2.346472915284273,PUMP,1,-0.0007872575803703741
2.426,-5.482389619606503,-5.057970575759396,-5.474777431963854,-5.452541771363718,-5.986524007728811,9.759155382184815,PUMP,1,-0.0008482301585008875
2.428,-5.49237241818543,-4.92495648592795,-5.482447335903282,-5.463008718952565,-5.2334737944237375,0.45830005624799947,PUMP,1,-0.0009059123371862291
2.43,-5.502116877486015,-4.819629486871175,-5.493185201418481,-5.473570487815636,-5.280884431535515,26.0,PUMP,1,-0.0009342344456570225
2.432,-5.511674771493323,-4.738389962064861,-5.5023890861457945,-5.483656997231192,-5.043254707777667,26.0,PUMP,1,-0.0009382277231469918
2.434,-5.521091157042177,-4.678120316943187,-5.5100589900852235,-5.492897694730103,-4.620348749455605,26.0,PUMP,1,-0.0009218530004475593
2.436,-5.53040527367836,-4.636120802573018,-5.5192628748125365,-5.502125507758954,-4.613906514425725,26.0,PUMP,1,-0.0008882471960900916
2.438,-5.53965132371543,-4.610053887169737,-5.531534721115622,-5.512418732433788,-5.146612337416645,26.0,PUMP,1,-0.0008399104518247908
2.44,-5.548855724633616,-4.594472179435299,-5.542272586630822,-5.52286758140275,-5.224424484481016,22.57623478510919,PUMP,1,-0.0007822326651106591
2.442,-5.5580304424152205,-4.580371386210527,-5.551476471358136,-5.532880692887135,-5.006555742192553,14.867211075625153,PUMP,1,-0.0007240283008145359
2.444,-5.567185408867484,-4.574721602931963,-5.559146375297564,-5.542073681730785,-4.596494421825081,21.93026815340694,PUMP,1,-0.000658435657426939
2.446,-5.576340574231439,-4.580571312592389,-5.566816279236992,-5.550733590857957,-4.3299545635862025,26.0,PUMP,1,-0.0005823559778284546
2.448,-5.585517511523295,-4.596494838990124,-5.577554144752192,-5.560120784720939,-4.693596931490962,26.0,PUMP,1,-0.0004969872183974954
2.45,-5.594735135119919,-4.62125919045449,-5.58522404869162,-5.568906927110677,-4.3930711948689805,26.0,PUMP,1,-0.00040331224266829026
2.452,-5.60401006049559,-4.653798431074065,-5.595961914206819,-5.578376172594327,-4.73462274182479,26.0,PUMP,1,-0.0003021425371749803
2.454,-5.613349534460937,-4.6858097048166,-5.600563856570476,-5.586141861985979,-3.8828446958261154,18.61844957992354,PUMP,1,-0.00020159092211592417
2.456,-5.62276007088172,-4.724862914885027,-5.612835702873561,-5.595484706296633,-4.671422155326788,26.0,PUMP,1,-9.401966176157293e-05
2.458,-5.632244593588708,-4.759798072898375,-5.625107549176646,-5.605852701304637,-5.183997504002225,15.659373199826577,PUMP,1,9.398068757668267e-06
2.46,-5.641767824958382,-4.763573150691658,-5.631243472328189,-5.61473947116288,-4.443384929121663,-12.05279065636178,PUMP,1,8.073706125418792e-05
2.462,-5.651303012160765,-4.7717550811963045,-5.643515318631274,-5.6248110177768185,-5.035773306969027,19.237937919995318,PUMP,1,0.00015579079227561604
2.464,-5.660828260894365,-4.7536355212105486,-5.654253184146473,-5.635115776006198,-5.152379114689687,-11.001211499713465,PUMP,1,0.0002031805946218078
2.466,-5.6702855739923255,-4.703819396279307,-5.65885512651013,-5.6434245486825745,-4.154386338188321,-20.02118759793308,PUMP,1,0.0002173985230833229
2.468,-5.679657840159254,-4.668588248521802,-5.671126972813215,-5.653120397128299,-4.847924222862066,21.919272615093472,PUMP,1,0.0002452198867605774
2.47,-5.688939380581916,-4.613093186259996,-5.677262895964758,-5.661570271721059,-4.224937296380293,-11.09560575850171,PUMP,1,0.00025187069828119454
2.472,-5.698116989815342,-4.564656352675808,-5.686466780692072,-5.670284049860914,-4.356889069927483,13.413234431579198,PUMP,1,0.0002645305683281994
2.474,-5.707195844520517,-4.514337990169896,-5.698738626995157,-5.6802431518578995,-4.979550998492677,5.306016438457506,PUMP,1,0.0002744187852174774
2.476,-5.716141622770233,-4.431578658228124,-5.7094764925103565,-5.6904748210862595,-5.11583461417997,-25.611813606849186,PUMP,1,0.0002524099506888008
2.478,-5.724893485376614,-4.3204201120550785,-5.71868037723767,-5.700346765739253,-4.935972326496785,-26.0,PUMP,1,0.00020359725443489982
2.48,-5.733398518814212,-4.184746364390301,-5.724816300389213,-5.708911102866739,-4.282168563742861,-26.0,PUMP,1,0.00013318791352986276
2.482,-5.741634012626822,-4.050876933450795,-5.732486204328641,-5.717162388378404,-4.125642755832715,-3.040152709446792,PUMP,1,6.59031351390373e-05
2.484,-5.749607377811968,-3.922614228310018,-5.743224069843841,-5.726283976891307,-4.560794256451395,0.9175452608695135,PUMP,1,4.876701465563382e-06
2.486,-5.757308446109881,-3.7785763087702575,-5.750893973783269,-5.734897475803494,-4.306749456093328,-19.79875474347556,PUMP,1,-6.763604850404826e-05
2.488,-5.764716267627581,-3.629363310198724,-5.75396193535904,-5.741570036647935,-3.336280422220561,-11.38059309969821,PUMP,1,-0.00014204659638269155
2.49,-5.771855026681612,-3.5095100288459253,-5.764699800874239,-5.7496654541271415,-4.047708739603362,22.390174635685185,PUMP,1,-0.00019192849512143567
2.492,-5.778752187369301,-3.387761511838955,-5.772369704813667,-5.757611941867426,-3.9732438701420847,-5.020907197895399,PUMP,1,-0.00024201348398825736
2.494,-5.7854050233699885,-3.265181815760683,-5.781573589540981,-5.76599851855317,-4.193288342872137,-4.280393609149276,PUMP,1,-0.0002913786031190084
2.496,-5.791801212140232,-3.131110507623962,-5.787709512692524,-5.773597366501944,-3.7994239743870395,-15.118798618475846,PUMP,1,-0.0003471113882885738
2.498,-5.797932500028495,-3.0002769784656187,-5.790777474268295,-5.779610404220167,-3.0065188591112957,-1.9851848401567909,PUMP,1,-0.0003988170148999687
2.5,-5.803829347566915,-2.89666665379011,-5.7953794166319526,-5.785129558564291,-2.759577172062322,22.372088665460232,PUMP,1,-0.0004317912681018447
2.5020000000000002,-5.809546257293296,-2.820336515849866,-5.8045833013592665,-5.7919383685425325,-3.4044049891206463,26.0,PUMP,1,-0.00044747025117025164
2.504,-5.815115224510033,-2.748721989703674,-5.810719224510809,-5.798511668131429,-3.2866497944481488,7.012339168159149,PUMP,1,-0.00046027147110136695
2.5060000000000002,-5.820547262869562,-2.683405662028732,-5.815321166874465,-5.804394992691492,-2.941662280031565,9.161759558263316,PUMP,1,-0.00046942248719000995
2.508,-5.825863059546449,-2.632478630803962,-5.8214570900260085,-5.810366726758573,-2.9858670335403126,18.031247426775483,PUMP,1,-0.00047051947978779605
2.5100000000000002,-5.831086828866788,-2.591377012260743,-5.826059032389665,-5.815859033729455,-2.7461534854413827,15.324572803161571,PUMP,1,-0.0004664134066829155
2.512,-5.8362422508498275,-2.5641303790591854,-5.8306609747533225,-5.821039713087809,-2.5903396791768785,20.60162305104625,PUMP,1,-0.00045502522166376174
2.5140000000000002,-5.841358011847761,-2.5517155789720376,-5.833728936329093,-5.825480941222258,-2.2206140672245134,23.362032372460874,PUMP,1,-0.0004359099580491543
2.516,-5.846464501276035,-2.5548588606978475,-5.841398840268521,-5.83105220588845,-2.785632333095922,26.0,PUMP,1,-0.00040863257397386597
2.5180000000000002,-5.851580811167108,-2.5615364087206247,-5.8475347634200645,-5.8368211010245155,-2.884447568032744,15.982492204637651,PUMP,1,-0.000379652871178186
2.52,-5.856709592601193,-2.567330813991019,-5.852136705783721,-5.842181562690238,-2.6802308328610636,11.966137154242922,PUMP,1,-0.0003513665927888269
2.5220000000000002,-5.8618535032529255,-2.5766660804671537,-5.855204667359493,-5.846739649324477,-2.279043317119811,16.201402863072268,PUMP,1,-0.0003213371957976127
2.524,-5.867027743897693,-2.5976615163443615,-5.862874571298921,-5.852386872015533,-2.8236113455277767,24.72107383777571,PUMP,1,-0.00028498192299397944
2.5260000000000002,-5.872239563281311,-2.614245652070842,-5.870544475238349,-5.8587420331435185,-3.1775805639928656,10.131357119233638,PUMP,1,-0.00025110643574102005
2.528,-5.877469209328498,-2.6154886808034217,-5.875146417602005,-5.864483567703989,-2.8707672802350537,-1.4608639793419806,PUMP,1,-0.00022596758383926511
2.5300000000000002,-5.882695781843915,-2.6111722667923964,-5.878214379177777,-5.869289351719814,-2.4028920079128824,6.201848352407582,PUMP,1,-0.00020423851098895995
2.532,-5.887919787068212,-2.6129215419989302,-5.884350302329319,-5.874560684433141,-2.6356663566633465,17.013817301568587,PUMP,1,-0.00017943599830363966
2.5340000000000003,-5.893145874845371,-2.613255048376502,-5.887418263905091,-5.879060837248323,-2.2500764075910062,10.269570969717758,PUMP,1,-0.00015570949720738732
2.536,-5.898379571274799,-2.6205305150029234,-5.8920202062687475,-5.883596616405471,-2.267889578574156,18.365952876433727,PUMP,1,-0.0001283709797137118
2.5380000000000003,-5.903632582067989,-2.6325699312539497,-5.895088167844519,-5.887618659409138,-2.011021501833188,17.04047414167309,PUMP,1,-9.856271470733591e-05
2.54,-5.908918315325297,-2.653253727405143,-5.904292052571833,-5.893454347016081,-2.917843803471598,21.48139750035805,PUMP,1,-6.399942607422432e-05
2.5420000000000003,-5.91423035976951,-2.6588817574498957,-5.9088939949354895,-5.898858223787874,-2.7019383858966073,-1.1417728564868106,PUMP,1,-3.8103524047238815e-05
2.544,-5.919545431386544,-2.656281139461427,-5.911961956511261,-5.903444530241059,-2.2931532265926258,3.60162675279182,PUMP,1,-1.7168192723367886e-05
2.5460000000000003,-5.9248571377257075,-2.6555166064344617,-5.921165841238575,-5.90964698909019,-3.101229424565144,12.494633839766209,PUMP,1,4.483677503631543e-06
2.548,-5.930146850232839,-2.634287109845978,-5.9257677836022316,-5.915289267169404,-2.8211390396073455,-9.634705900242704,PUMP,1,1.418951578630273e-05
2.5500000000000003,-5.935383319601531,-2.6022727252287314,-5.931903706753775,-5.921104321023934,-2.907526927264925,-2.7553268043075425,PUMP,1,1.7469159852744314e-05
2.552,-5.9405430078058155,-2.5575047871189533,-5.93343768754166,-5.925420999305138,-2.158339140601928,-6.2302802971911335,PUMP,1,1.3384639028874595e-05
2.5540000000000003,-5.94561958211639,-2.5191575534994506,-5.939573610693203,-5.930374413290961,-2.4767069929114705,11.177610041012528,PUMP,1,1.2554708651935e-05
2.556,-5.950617099084915,-2.4784462275460677,-5.947243514632631,-5.936278598760546,-2.9520927347923553,3.18536424187805,PUMP,1,1.0197851005844336e-05
2.5580000000000003,-5.955517749361996,-2.4222893250454964,-5.9518454569962875,-5.9417269991430555,-2.7242001912548552,-10.273939779660779,PUMP,1,-4.5729135085504843e-07
2.56,-5.960297997188761,-2.3580418191245727,-5.953379437784173,-5.945805352667446,-2.0391767621954493,-5.038592216779987,PUMP,1,-1.5233957397597529e-05
2.562,-5.964957734313476,-2.3017766509349458,-5.957981380147831,-5.950066962285581,-2.1308048090671328,9.898756498039633,PUMP,1,-2.591603205953424e-05
2.564,-5.969509341646531,-2.2499102604968635,-5.965651284087259,-5.955521474916168,-2.7272563152935803,7.324762559935759,PUMP,1,-3.4448948895972396e-05
2.566,-5.9739462416426115,-2.187067421662992,-5.970253226450915,-5.960677587953329,-2.5780565185806736,-7.5179008949199,PUMP,1,-4.8185014498238615e-05
2.568,-5.978250924571032,-2.117690983182783,-5.971787207238801,-5.964565954703244,-1.9441833749573867,-4.590804069011384,PUMP,1,-6.472279367696472e-05
2.57,-5.982424346391266,-2.055804109712643,-5.979457111178229,-5.969777859469489,-2.605952383122556,8.512022226232478,PUMP,1,-7.762079421079682e-05
2.572,-5.986465230300631,-1.9851508358083476,-5.984059053541886,-5.974776277394828,-2.499208962669641,-6.791945963028277,PUMP,1,-9.407441417286412e-05
2.574,-5.990359063420069,-1.9087508178300492,-5.988660995905543,-5.979635928873579,-2.4298257393753353,-4.986214219631635,PUMP,1,-0.00011249008928378401
2.576,-5.994096026490328,-1.828278101329375,-5.990194976693429,-5.983331595610527,-1.847833368473939,-4.120073555121996,PUMP,1,-0.000131947998629513
2.578,-5.997679914782257,-1.75567341097566,-5.991728957481315,-5.986270672265302,-1.4695383273877205,7.2386773635567465,PUMP,1,-0.0001477490346077003
2.58,-6.0011309554093515,-1.6954281559309399,-5.994796919057086,-5.989254858642426,-1.492093188562027,12.742086702889932,PUMP,1,-0.00015855174613894148
2.582,-6.004471485086999,-1.6451605681621129,-5.999398861420743,-5.992805259614837,-1.775200486205275,11.971340362395745,PUMP,1,-0.00016558145149637483
2.584,-6.0077152339273105,-1.5986456619662683,-6.0040008037843995,-5.996723700074184,-1.9592202296734307,7.039462441626325,PUMP,1,-0.00017122990353118434
2.586,-6.010865364117695,-1.5515403122861944,-6.005534784572285,-5.999807579648519,-1.5419397871676566,3.1595641679836177,PUMP,1,-0.00017702781745705258
2.588,-6.013927325136768,-1.5104749763726681,-6.011670707723828,-6.003959674474877,-2.0760474131789053,9.674866666741316,PUMP,1,-0.00018079852656778474
2.59,-6.016902581479548,-1.4648341432110972,-6.011670707723828,-6.00665853611201,-1.3494308185664217,-0.1705053311744726,PUMP,1,-0.00018601648600593943
2.592,-6.019794079281406,-1.426714990750158,-6.019340611663256,-6.011097262554946,-2.219363221468207,11.281862222544428,PUMP,1,-0.00018886395335228546
2.594,-6.022600456771616,-1.379712358740775,-6.019340611663256,-6.0139824347428545,-1.4425860939542012,-4.153436659285489,PUMP,1,-0.0001943777590520604
2.596,-6.025318351426369,-1.3382306188512954,-6.022408573239027,-6.016931583216515,-1.4745742368300618,9.033948203274718,PUMP,1,-0.00019820252598220893
2.598,-6.027957249665177,-1.3007145714345205,-6.023942554026913,-6.019385423000154,-1.2269198918195556,8.184234173293502,PUMP,1,-0.00020088028526918337
2.6,-6.03052733752833,-1.269419050001266,-6.02854449639057,-6.022591098686799,-1.602837843322824,10.937314044268097,PUMP,1,-0.00020185912479518502
2.602,-6.033034855212822,-1.2381433080392275,-6.0300784771784555,-6.025211681158879,-1.3102912360398733,5.535740027232315,PUMP,1,-0.00020288140548420974
2.604,-6.035483524900842,-1.2105700327340714,-6.031612457966341,-6.027451953041491,-1.1201359413059997,9.190885160653973,PUMP,1,-0.00020298183409447058
2.606,-6.037882051083516,-1.187998934993237,-6.034680419542112,-6.029981916316708,-1.2649816376084644,10.954581991822337,PUMP,1,-0.0002018667547465803
2.608,-6.040237939907208,-1.1679319382030218,-6.036214400329998,-6.032163285721359,-1.0906847023255395,9.093789230354956,PUMP,1,-0.00020020617328157155
2.61,-6.042557420041572,-1.1515896198092617,-6.042350323481541,-6.035728748937423,-1.7827316080318845,10.618378138291034,PUMP,1,-0.00019771166696304408
2.612,-6.044837735657475,-1.1287667432980564,-6.045418285057312,-6.039120086579384,-1.6956688209806003,0.8802084267301471,PUMP,1,-0.00019689555778725613
2.614,-6.047067832573218,-1.1013700441326122,-6.0469522658451975,-6.041861349322419,-1.3706313715173835,1.8938640719659345,PUMP,1,-0.0001972429795047758
2.616,-6.049243587302115,-1.074423605499023,-6.048486246633083,-6.044180063381152,-1.1593570293664257,6.28070127391736,PUMP,1,-0.00019753229456785027
2.618,-6.051368027428317,-1.0500545429794728,-6.048486246633083,-6.045687227519328,-0.7535820690880435,8.441622180702746,PUMP,1,-0.0001972830311132786
2.62,-6.05344855599256,-1.0305112761154656,-6.050020227420969,-6.047203777484902,-0.7582749827870217,11.007864019838562,PUMP,1,-0.0001960180618358445
2.622,-6.055494024952769,-1.014994328827295,-6.057690131360397,-6.050874001341326,-1.835111928211841,10.825994693928449,PUMP,1,-0.0001939442874938926
2.624,-6.057499218246644,-0.990234905109344,-6.054622169784626,-6.052185860296481,-0.6559294775776436,-1.9316687476642074,PUMP,1,-0.0001939348039349773
2.626,-6.059459222303294,-0.9698042976474036,-6.056156150572511,-6.053575461893091,-0.6948007983051951,10.381916751136568,PUMP,1,-0.00019306508946497712
2.628,-6.061381990653527,-0.95299854622698,-6.059224112148283,-6.055552489482408,-0.9885137946583633,10.231131381862166,PUMP,1,-0.0001915112910669298
2.63,-6.063272720042259,-0.9377647759698147,-6.062292073724054,-6.057911343966984,-1.1794272422878116,8.63740942072361,PUMP,1,-0.00018970774413185624
2.632,-6.065132320681784,-0.9218692523369578,-6.065360035299825,-6.060518385933478,-1.3035209832472638,6.589117488554681,PUMP,1,-0.0001881052175683359
2.634,-6.066957860990893,-0.9037038473940909,-6.065360035299825,-6.0622129632116994,-0.8472886391106549,4.868972832549195,PUMP,1,-0.00018701271135909128
2.636,-6.068749077090525,-0.8875444391054552,-6.068427996875596,-6.0643882249940635,-1.0876308911820232,8.81899417989635,PUMP,1,-0.00018559471175637603
2.638,-6.070507691236978,-0.8711013206020761,-6.066894016087711,-6.06526525187684,-0.43851344138845505,6.77421968670065,PUMP,1,-0.0001842916454199945
2.64,-6.0722346031265815,-0.8558416240528478,-6.071495958451368,-6.067445999177925,-1.090373650542098,8.181196708540485,PUMP,1,-0.00018282870503214373
2.642,-6.073930270275737,-0.8398560294576138,-6.071495958451368,-6.06886348492363,-0.7087428728524969,6.4077999505578305,PUMP,1,-0.00018155693219248575
2.644,-6.075595583346907,-0.8254870107036212,-6.074563920027139,-6.070858637209858,-0.9975761431140207,8.631903817356688,PUMP,1,-0.00018005298801978414
2.646,-6.077231810069959,-0.8107691681427327,-6.076097900815025,-6.0726923794716665,-0.9168711309044397,6.860924570098674,PUMP,1,-0.00017866730719801342
2.648,-6.078838735133846,-0.7961848338444936,-6.076097900815025,-6.073884311941842,-0.5959662350876194,7.275865435257693,PUMP,1,-0.00017731358337893027
2.65,-6.08041754441479,-0.7826528882674465,-6.07763188160291,-6.075195961323216,-0.6558246906869236,8.192079081994269,PUMP,1,-0.0001758353016768604
2.652,-6.0819701173664225,-0.769948040907552,-6.082233823966567,-6.077659213248388,-1.2316259625864134,8.086952222656167,PUMP,1,-0.00017427263905103624
2.654,-6.083493743019862,-0.75370507705928,-6.080699843178682,-6.078723433723991,-0.5321102378013087,3.8122117413174643,PUMP,1,-0.00017334116804048916
2.656,-6.084985641130044,-0.7382199339439425,-6.080699843178682,-6.079415177033133,-0.3458716545710061,7.617032154327776,PUMP,1,-0.0001723344491218564
2.658,-6.086445849918575,-0.7220151918178214,-6.086835766330224,-6.082012383287115,-1.298603126990816,6.222134426624326,PUMP,1,-0.00017148607342252033
2.66,-6.087869382248888,-0.7015428215905815,-6.086835766330224,-6.083700567352203,-0.844092032544097,2.5601902666019196,PUMP,1,-0.00017133072610827797
2.662,-6.08925234614009,-0.6814460277067933,-6.08836974711811,-6.08533478027027,-0.8171064590336563,6.617178013187628,PUMP,1,-0.00017114681218628383
2.664,-6.0905954484720715,-0.6616805494865646,-6.0899037279059955,-6.086933911942774,-0.7995658362518476,6.606831036573158,PUMP,1,-0.00017094187959730187
2.666,-6.091899259430408,-0.6421539508642797,-6.091437708693881,-6.088510240805661,-0.7881644314435832,6.542916560657465,PUMP,1,-0.00017072965723614807
2.668,-6.093164146008552,-0.6227554721439313,-6.092971689481767,-6.090071747842298,-0.7807535183186332,6.448867785045486,PUMP,1,-0.00017052525963350842
2.67,-6.094390250538537,-0.6033712075782763,-6.094505670269652,-6.091623620691872,-0.775936424787016,6.337433196362217,PUMP,1,-0.00017034292343140342
2.672,-6.09557749200716,-0.5838917136610464,-6.092971689481767,-6.0920954447683355,-0.23591203823158935,6.215820958521403,PUMP,1,-0.0001701949916118588
2.674,-6.096723612344051,-0.5622493374066035,-6.094505670269652,-6.092939023693797,-0.4217894627305263,4.122047854234535,PUMP,1,-0.00017033207158899388
2.676,-6.097826450481002,-0.540608735698933,-6.076868100404182,-6.087314200542432,2.812411575682461,5.985590943178177,PUMP,1,-0.00017047811170658366
2.678,-6.098906036362902,-0.5389966660016909,-6.096039651057538,-6.090368108222719,-1.5269538401434524,26.0,PUMP,1,-0.0001683282593533491
2.68,-6.099972400588933,-0.5273868446341624,-6.100641593421195,-6.0939638280421855,-1.797859909733468,-1.36852764161243,PUMP,1,-0.000167355197426749
2.682,-6.101002212948916,-0.5024441425604564,-6.0991076126333095,-6.095764152649079,-0.9001623034468054,-6.050575978613803,PUMP,1,-0.0001678925812736701
2.684,-6.101981748895215,-0.47710952483295715,-6.100641593421195,-6.09747125691932,-0.8535521351205055,5.101004411988349,PUMP,1,-0.0001684560723659262
2.686,-6.102910439756782,-0.4515981409124043,-6.10217557420908,-6.0991177679707365,-0.8232555257081664,5.254482805433844,PUMP,1,-0.0001690180850726579
2.688,-6.103787997304635,-0.4259752885037488,-6.10217557420908,-6.100188000154157,-0.5351160917101971,5.287587815148786,PUMP,1,-0.00016956876653317768
2.69,-6.104614832282452,-0.4008746552395307,-6.105243535784852,-6.1019574376249,-0.88471873537177,5.898535433392527,PUMP,1,-0.0001700497221468567
2.692,-6.105390668831926,-0.374975939109802,-6.105243535784852,-6.103107571980884,-0.5750671779916061,4.6407398667127175,PUMP,1,-0.0001705742624398877
2.694,-6.1061150900158685,-0.34945836071136815,-6.103709554996966,-6.103318266036513,-0.10534702781450633,5.707126192828495,PUMP,1,-0.00017104088549393004
2.696,-6.106784869056474,-0.32033280797484737,-6.103709554996966,-6.103455217172671,-0.0684755680793181,1.7633593496610132,PUMP,1,-0.0001717354917386296
2.698,-6.107392670579258,-0.2874797218841399,-6.106777516572738,-6.104618021962694,-0.5814023950114766,1.1582978780010817,PUMP,1,-0.00017261199115215038
2.7,-6.107935971191763,-0.255830730614915,-6.105243535784852,-6.10483695180045,-0.10946491887775522,5.589898638979912,PUMP,1,-0.0001733293182716938
2.702,-6.108413228656901,-0.22143537916110134,-6.106777516572738,-6.10551614947075,-0.33959883515022327,1.7983717071499228,PUMP,1,-0.0001741020834632406
2.704,-6.108822119974243,-0.18746334507501403,-6.108311497360623,-6.1064945212322055,-0.48918588072766056,4.601171061725517,PUMP,1,-0.00017474778851061149
2.706,-6.109164174595954,-0.15459747322445713,-6.109845478148509,-6.107667356152912,-0.5864174603531502,5.341004923215442,PUMP,1,-0.00017524907668457263
2.708,-6.109441468816559,-0.12270177106037902,-6.106777516572738,-6.107355912299851,0.15572192653046102,5.353888175056221,PUMP,1,-0.0001756277564960545
2.71,-6.109648027963137,-0.08386111787329971,-6.109845478148509,-6.108227260346881,-0.4356740235151868,-2.4294629346529657,PUMP,1,-0.00017606343887254463
2.712,-6.109778352092734,-0.046465372962652664,-6.111379458936394,-6.109330529853211,-0.5516347531648869,5.037969200387861,PUMP,1,-0.0001763184916188871
2.714,-6.109835325931895,-0.010509498491750466,-6.111379458936394,-6.110047655032325,-0.358562589557021,5.230927040626988,PUMP,1,-0.00017642130442015966
2.716,-6.109822272272843,0.023563394033053887,-6.109845478148509,-6.109976893122989,0.03538095466781854,4.492247138992647,PUMP,1,-0.00017640036685797323
2.718,-6.109828815539328,-0.030106779036242343,-6.108311497360623,-6.109394004606162,0.29144425841387545,-0.5595396506679053,PUMP,1,-0.00017634962051255775
2.72,-6.1098415363284735,0.017385759378766796,-6.111379458936394,-6.110088913621743,-0.34745450779061215,-3.9735757758738073,PUMP,1,-0.0001763882343402587
2.722,-6.109854890651809,-0.030740324641795068,-6.109845478148509,-6.110003711206111,0.04260120781607313,4.410378174248218,PUMP,1,-0.00017629256579225898
2.724,-6.109867446325693,0.018184423235606262,-6.109845478148509,-6.10994832963595,0.027690785080469738,-0.6727839185345265,PUMP,1,-0.00017633260035114037
2.726,-6.109873138059034,-0.023876259674389742,-6.111379458936394,-6.110449224891106,-0.25044762757797656,-0.43847768310307156,PUMP,1,-0.00017629550949054492
2.728,-6.109870875947544,0.026138412117491884,-6.109845478148509,-6.110237913531197,0.10565567995435288,3.509302379879456,PUMP,1,-0.0001762880333265777
2.73,-6.1098585749851875,-0.013837226860389129,-6.109845478148509,-6.110100561147256,0.06867619197059582,-1.6343633368192552,PUMP,1,-0.00017636545897115494
2.732,-6.109830147431255,0.042265295818398545,-6.109845478148509,-6.110011282097695,0.04463952478062083,-1.077305836393724,PUMP,1,-0.00017625305609862812
2.734,-6.109780932854706,0.006950172438667329,-6.111379458936394,-6.11049014399124,-0.2394309467725897,-0.704670171564003,PUMP,1,-0.00017653839389589806
2.736,-6.109799256170461,-0.025273820158439847,-6.109845478148509,-6.110264510946284,0.11281652247774332,3.3865687161456823,PUMP,1,-0.00017643819681074582
2.738,-6.1097907021728055,0.03382797275870313,-6.111379458936394,-6.110654742742823,-0.19511589826937126,-1.7393716154238406,PUMP,1,-0.00017640164244176146
2.74,-6.109759638957875,-0.0027641949946124733,-6.111379458936394,-6.110908393410573,-0.12682533387486927,2.8543450128869483,PUMP,1,-0.00017658598409873042
2.742,-6.10973207900549,0.030324646692427286,-6.11291343972428,-6.11161015962037,-0.35088310489861385,1.9283011314560914,PUMP,1,-0.00017654469840500028
2.744,-6.109711859104478,-0.01010437930905795,-6.108311497360623,-6.110455627829459,0.5772658954557031,4.351743466920249,PUMP,1,-0.0001766729793787903
2.746,-6.10967353364332,0.048430534808066736,-6.108311497360623,-6.109705182165366,0.3752228320461626,-5.1476571565869635,PUMP,1,-0.00017651156355211214
2.748,-6.109604875854349,0.020228498107651077,-6.108311497360623,-6.109217392483706,0.2438948408300945,-4.623012294627596,PUMP,1,-0.00017685766861382654
2.75,-6.1095890459451745,-0.00439830211586021,-6.108311497360623,-6.108900329190627,0.15853164653956142,-3.4887062126356727,PUMP,1,-0.00017693143822372604
2.7520000000000002,-6.109540509928632,0.05293519797455281,-6.109845478148509,-6.109231131325886,-0.1654010676293005,-2.425493135884061,PUMP,1,-0.0001767333105062899
2.754,-6.109460483621426,0.027092559112343227,-6.106777516572738,-6.108372366162284,0.4293825818009189,2.510346034643575,PUMP,1,-0.00017711671265261707
2.7560000000000002,-6.109427392744176,0.005998917663912664,-6.109845478148509,-6.108887955357463,-0.2577945975894558,-5.000642321243663,PUMP,1,-0.00017725850832763207
2.758,-6.109433235625109,-0.011841904441499646,-6.108311497360623,-6.108686195058569,0.10088014944686918,3.655478036349932,PUMP,1,-0.0001772354977622554
2.7600000000000002,-6.109388319631345,0.05675871190501372,-6.108311497360623,-6.108555050864288,0.06557209714053158,-1.5917318103819935,PUMP,1,-0.00017699824528125564
2.762,-6.109298549145023,0.033013400790602804,-6.109845478148509,-6.109006700413765,-0.2258247747386477,-1.0479078927902084,PUMP,1,-0.0001774084114317901
2.7640000000000002,-6.1092600872425065,0.005449198543638501,-6.106777516572738,-6.108226486069405,0.39010717217990987,3.2889356591128753,PUMP,1,-0.0001775998421905466
2.766,-6.109262451097468,-0.007813096321665592,-6.106777516572738,-6.107719346745571,0.25356966191703023,-4.802662194836977,PUMP,1,-0.00017759168264201044
2.7680000000000002,-6.109208062326158,0.06220285291896438,-6.108311497360623,-6.107926599460839,-0.10362635763394579,-3.660028744108829,PUMP,1,-0.00017729629316919643
2.77,-6.109106156426986,0.03970489242057185,-6.109845478148509,-6.108598207001524,-0.3358037703424799,1.6476171579792886,PUMP,1,-0.00017774856791898564
2.7720000000000002,-6.109054340154313,0.012112318973810418,-6.109845478148509,-6.109034751902969,-0.21827245072225665,4.402103948209918,PUMP,1,-0.000178006741823632
2.774,-6.109060190900791,-0.017963171423571147,-6.109845478148509,-6.109318506088908,-0.14187709296953344,3.1975329068737453,PUMP,1,-0.00017797603943052053
2.7760000000000002,-6.109035017548787,0.04313697942519806,-6.111379458936394,-6.110039839585528,-0.36066674831003454,2.1806519407178673,PUMP,1,-0.00017786331660480113
2.778,-6.108985187069797,0.00669440230681282,-6.111379458936394,-6.110508706358331,-0.2344333864017223,4.5072553865364995,PUMP,1,-0.00017815867768772526
2.7800000000000002,-6.109004378492645,-0.025886172800113086,-6.109845478148509,-6.110276576484893,0.11606493671889595,3.32959537862285,PUMP,1,-0.0001780528266077881
2.782,-6.108997777043932,0.032487741064831537,-6.108311497360623,-6.109588798791399,0.3438888467472978,-1.786659379269695,PUMP,1,-0.00017802518951180252
2.7840000000000003,-6.108962748780077,0.0025411573707452458,-6.109845478148509,-6.109678636566388,-0.044918887494471704,-4.411138165617298,PUMP,1,-0.00017820855354759962
2.786,-6.108963116759194,-0.0029091431501079125,-6.108311497360623,-6.10920013784437,0.23924936100883087,0.7117688840001548,PUMP,1,-0.00017820758872037692
2.7880000000000003,-6.108924072256199,0.041954353428009426,-6.111379458936394,-6.109962900226579,-0.38138119110442403,-3.4369936900343085,PUMP,1,-0.00017810042264306068
2.79,-6.108871538448677,0.010580405786333319,-6.108311497360623,-6.109384909223494,0.2889955015423773,4.646516634091284,PUMP,1,-0.00017838347249147723
2.7920000000000003,-6.108875969158103,-0.015011195459187578,-6.106777516572738,-6.1084723217957295,0.45629371388233864,-3.950624396184807,PUMP,1,-0.00017836233162667816
2.794,-6.108834407140878,0.05657396554468701,-6.109845478148509,-6.108952926519202,-0.24030236173633313,-5.1036536066196945,PUMP,1,-0.00017812983147124796
2.7960000000000003,-6.108747425029565,0.030409721473956458,-6.111379458936394,-6.109802212865219,-0.4246431730083877,3.4590761156115195,PUMP,1,-0.00017855025807434532
2.798,-6.108717857889407,-0.0008420456904831355,-6.108311497360623,-6.10928046243861,0.2608752133044234,4.888038079652426,PUMP,1,-0.0001787092358000433
2.8000000000000003,-6.108717857889407,0.0,-6.108311497360623,-6.1089413246613145,0.16956888864783082,-3.6712463169812515,PUMP,1,-0.00017870931143107742
2.802,-6.108717857889407,0.0,-6.106777516572738,-6.1081839918303125,0.37866641550099445,-2.5755541764391174,PUMP,1,-0.00017870931143107742
2.8040000000000003,-6.108717857889407,0.0,-6.108311497360623,-6.108228618765922,-0.022313467804568887,-4.734128128940585,PUMP,1,-0.00017870931143107742
2.806,-6.108717857889407,0.0,-6.108311497360623,-6.108257626274067,-0.014503754072858754,0.36055067298411037,PUMP,1,-0.00017870931143107742
2.8080000000000003,-6.108717857889407,0.0,-6.109845478148509,-6.108813374430122,-0.2778740780273736,0.23441020587968966,PUMP,1,-0.00017870931143107742
2.81,-6.108717857889407,0.0,-6.106777516572738,-6.108100824180037,0.35627512504232683,3.8681576314923065,PUMP,1,-0.00017870931143107742
2.8120000000000003,-6.108717857889407,0.0,-6.11291343972428,-6.109785239620522,-0.8422077202423495,-4.585612711963377,PUMP,1,-0.00017870931143107742
2.814,-6.108717857889407,0.0,-6.111379458936394,-6.110343216381077,-0.2789883802774007,4.237184275590136,PUMP,1,-0.00017870931143107742
2.816,-6.108717857889407,0.0,-6.108311497360623,-6.109632114723918,0.3555508285795206,3.8084589794165975,PUMP,1,-0.00017870931143107742
2.818,-6.108717857889407,0.0,-6.106777516572738,-6.108633005371005,0.49955467645634855,-4.494324415469384,PUMP,1,-0.00017870931143107742
2.82,-6.108717857889407,0.0,-6.109845478148509,-6.109057370843131,-0.21218273606304905,-5.215771895075024,PUMP,1,-0.00017870931143107742
2.822,-6.108717857889407,0.0,-6.108311497360623,-6.108796315124254,0.1305278594387893,3.122540669892342,PUMP,1,-0.00017870931143107742
2.824,-6.108717857889407,0.0,-6.108311497360623,-6.1086266289069835,0.08484310863510203,-2.030244565641415,PUMP,1,-0.00017870931143107742
2.826,-6.108717857889407,0.0,-6.106777516572738,-6.107979439589998,0.323594658492965,-1.3472576884175929,PUMP,1,-0.00017870931143107742
2.828,-6.108717857889407,0.0,-6.111379458936394,-6.1091694463612365,-0.5950033856194636,-4.3344689230189175,PUMP,1,-0.00017870931143107742
2.83,-6.108717857889407,0.0,-6.106777516572738,-6.108332270935262,0.41858771298741715,5.233579890280227,PUMP,1,-0.00017870931143107742
2.832,-6.108717857889407,0.0,-6.108311497360623,-6.108325000184139,0.0036353755614726424,-4.951927046914718,PUMP,1,-0.00017870931143107742
2.834,-6.108717857889407,0.0,-6.109845478148509,-6.108857167471668,-0.26608364376468074,-0.05873224359511196,PUMP,1,-0.00017870931143107742
2.836,-6.108717857889407,0.0,-6.106777516572738,-6.108129289657042,0.3639389073128996,3.744952309651655,PUMP,1,-0.00017870931143107742
2.838,-6.108717857889407,0.0,-6.106777516572738,-6.1076561690775355,0.23656028975338472,-4.638595083597782,PUMP,1,-0.00017870931143107742
2.84,-6.108717857889407,0.0,-6.108311497360623,-6.107885533976616,-0.11468244954038198,-3.4689858716476234,PUMP,1,-0.00017870931143107742
2.842,-6.108717857889407,0.0,-6.106777516572738,-6.107497727885259,0.1939030456785673,1.815917254391453,PUMP,1,-0.00017870931143107742
2.844,-6.108717857889407,0.0,-6.109845478148509,-6.108319440477397,-0.4108562960687401,-2.946144066922185,PUMP,1,-0.00017870931143107742
2.846,-6.108717857889407,0.0,-6.108311497360623,-6.108316660386526,0.0013900454352011593,4.913406401623932,PUMP,1,-0.00017870931143107742
2.848,-6.108717857889407,0.0,-6.106777516572738,-6.1077779600517,0.26935016741314044,-0.02245986128103578,PUMP,1,-0.00017870931143107742
2.85,-6.108717857889407,0.0,-6.108311497360623,-6.107964698109823,-0.09336902906165179,-3.8279544917448933,PUMP,1,-0.00017870931143107742
2.852,-6.108717857889407,0.0,-6.106777516572738,-6.107549184571843,0.20775676899020823,1.4896040362108671,PUMP,1,-0.00017870931143107742
2.854,-6.108717857889407,0.0,-6.109845478148509,-6.108352887323676,-0.40185137591652875,-3.1225698731158342,PUMP,1,-0.00017870931143107742
2.856,-6.108717857889407,0.0,-6.109845478148509,-6.108875294112368,-0.2612033943458769,4.862801454621475,PUMP,1,-0.00017870931143107742
2.858,-6.108717857889407,0.0,-6.106777516572738,-6.108141071973497,0.3671110694352109,3.6925567237165664,PUMP,1,-0.00017870931143107742
2.86,-6.108717857889407,0.0,-6.108311497360623,-6.108200720858991,-0.029824442747017343,-4.659869557194371,PUMP,1,-0.00017870931143107742
2.862,-6.108717857889407,0.0,-6.109845478148509,-6.108776385910322,-0.2878325256654435,0.4817063043340352,PUMP,1,-0.00017870931143107742
2.864,-6.108717857889407,0.0,-6.109845478148509,-6.109150568193687,-0.18709114168258267,3.9684505898356845,PUMP,1,-0.00017870931143107742
2.866,-6.108717857889407,0.0,-6.11291343972428,-6.1104675732293945,-0.6585025178535986,2.8018453485588544,PUMP,1,-0.00017870931143107742
2.868,-6.108717857889407,0.0,-6.109845478148509,-6.110249839951084,0.10886663915510297,5.023380506695534,PUMP,1,-0.00017870931143107742
2.87,-6.108717857889407,0.0,-6.106777516572738,-6.109034526768663,0.607656591210759,-1.6815777451757612,PUMP,1,-0.00017870931143107742
2.872,-6.108717857889407,0.0,-6.106777516572738,-6.108244573200089,0.3949767842867935,-5.231152263368607,PUMP,1,-0.00017870931143107742
2.874,-6.108717857889407,0.0,-6.111379458936394,-6.109341783207796,-0.5486050038534529,-4.830334205011641,PUMP,1,-0.00017870931143107742
2.876,-6.108717857889407,0.0,-6.109845478148509,-6.109518076437046,-0.08814661462475115,5.228698146221057,PUMP,1,-0.00017870931143107742
2.878,-6.108717857889407,0.0,-6.111379458936394,-6.110169560311817,-0.32574193738588164,1.383910790942676,PUMP,1,-0.00017870931143107742
2.88,-6.108717857889407,0.0,-6.106777516572738,-6.108982345003139,0.5936076543391344,4.237549531965408,PUMP,1,-0.00017870931143107742
2.882,-6.108717857889407,0.0,-6.109845478148509,-6.109284441604019,-0.15104830043988215,-5.248965282456272,PUMP,1,-0.00017870931143107742
2.884,-6.108717857889407,0.0,-6.105243535784852,-6.10787012456731,0.7071585183542339,2.3107671297128856,PUMP,1,-0.00017870931143107742
2.886,-6.108717857889407,0.0,-6.111379458936394,-6.10909839159649,-0.6141335145897209,-5.081430656346463,PUMP,1,-0.00017870931143107742
2.888,-6.108717857889407,0.0,-6.109845478148509,-6.109359871889697,-0.13074014660352518,5.2180053478403785,PUMP,1,-0.00017870931143107742
2.89,-6.108717857889407,0.0,-6.109845478148509,-6.1095298340802815,-0.08498109529231357,2.0201101117347218,PUMP,1,-0.00017870931143107742
2.892,-6.108717857889407,0.0,-6.108311497360623,-6.109103416228401,0.21320892594012264,1.3354352945085286,PUMP,1,-0.00017870931143107742
2.894,-6.108717857889407,0.0,-6.108311497360623,-6.108826244624679,0.1385858018609909,-3.133416867845508,PUMP,1,-0.00017870931143107742
2.896,-6.108717857889407,0.0,-6.111379458936394,-6.109719869633779,-0.4468125045500315,-2.1460023416068656,PUMP,1,-0.00017870931143107742
2.898,-6.108717857889407,0.0,-6.106777516572738,-6.1086900460624145,0.5149117856824148,4.986382542214453,PUMP,1,-0.00017870931143107742
2.9,-6.108717857889407,0.0,-6.108311497360623,-6.108557554016787,0.06624602281357639,-5.240298585369879,PUMP,1,-0.00017870931143107742
2.902,-6.108717857889407,0.0,-6.108311497360623,-6.10847143418713,0.043059914828891266,-1.0584670053473808,PUMP,1,-0.00017870931143107742
2.904,-6.108717857889407,0.0,-6.108311497360623,-6.108415456297853,0.027988944638401847,-0.6920450130425343,PUMP,1,-0.00017870931143107742
2.906,-6.108717857889407,0.0,-6.111379458936394,-6.109452857221342,-0.5187004617446256,-0.45104605792943775,PUMP,1,-0.00017870931143107742
2.908,-6.108717857889407,0.0,-6.109845478148509,-6.109590274545851,-0.06870866225439087,5.19177847821292,PUMP,1,-0.00017870931143107742
2.91,-6.108717857889407,0.0,-6.11291343972428,-6.110753382358301,-0.5815539062252739,1.084172666671255,PUMP,1,-0.00017870931143107742
2.912,-6.108717857889407,0.0,-6.108311497360623,-6.109898722609114,0.42732987459359606,5.123378943260024,PUMP,1,-0.00017870931143107742
2.914,-6.108717857889407,0.0,-6.108311497360623,-6.109343193772142,0.27776441848592626,-4.8941159175601205,PUMP,1,-0.00017870931143107742
2.916,-6.108717857889407,0.0,-6.108311497360623,-6.10898210002811,0.1805468720159631,-3.8425168675424146,PUMP,1,-0.00017870931143107742
2.918,-6.108717857889407,0.0,-6.108311497360623,-6.10874738909449,0.11735546681013176,-2.7213577006894587,PUMP,1,-0.00017870931143107742
2.92,-6.108717857889407,0.0,-6.106777516572738,-6.108057933711876,0.34472769130688974,-1.837749521327976,PUMP,1,-0.00017870931143107742
2.922,-6.108717857889407,0.0,-6.108311497360623,-6.108146680988938,-0.04437363853071474,-4.501541807029634,PUMP,1,-0.00017870931143107742
2.924,-6.108717857889407,0.0,-6.108311497360623,-6.108204366719027,-0.028842865044786947,0.7156505320989077,PUMP,1,-0.00017870931143107742
2.926,-6.108717857889407,0.0,-6.106777516572738,-6.107704969167826,0.24969877560065967,0.46588472313776313,PUMP,1,-0.00017870931143107742
2.928,-6.108717857889407,0.0,-6.108311497360623,-6.107917254035305,-0.10614243373963106,-3.617458754967889,PUMP,1,-0.00017870931143107742
2.93,-6.108717857889407,0.0,-6.108311497360623,-6.1080552391991665,-0.06899258193060476,1.6861091522003806,PUMP,1,-0.00017870931143107742
2.932,-6.108717857889407,0.0,-6.106777516572738,-6.107608036279917,0.2236014596248559,1.1079135497799726,PUMP,1,-0.00017870931143107742
2.934,-6.108717857889407,0.0,-6.109845478148509,-6.108391140933924,-0.3915523270037191,-3.316623186791203,PUMP,1,-0.00017870931143107742
2.936,-6.108717857889407,0.0,-6.109845478148509,-6.108900158959029,-0.25450901255252845,4.80135913556044,PUMP,1,-0.00017870931143107742
2.938,-6.108717857889407,0.0,-6.109845478148509,-6.109231020675347,-0.16543085815889924,3.6193675049348224,PUMP,1,-0.00017870931143107742
2.94,-6.108717857889407,0.0,-6.108311497360623,-6.108909187515194,0.16091658007644227,2.510754926481204,PUMP,1,-0.00017870931143107742
2.942,-6.108717857889407,0.0,-6.108311497360623,-6.108699995961095,0.1045957770497985,-2.4582053195311353,PUMP,1,-0.00017870931143107742
2.944,-6.108717857889407,0.0,-6.109845478148509,-6.10910091472669,-0.2004593827975576,-1.6476946508704242,PUMP,1,-0.00017870931143107742
2.946,-6.108717857889407,0.0,-6.106777516572738,-6.108287725372806,0.4065946769418183,2.9750049827216434,PUMP,1,-0.00017870931143107742
2.948,-6.108717857889407,0.0,-6.111379458936394,-6.109369832120062,-0.5410533736278644,-4.892760562497927,PUMP,1,-0.00017870931143107742
2.95,-6.108717857889407,0.0,-6.108311497360623,-6.108999414954258,0.18520858290171915,5.221946288589463,PUMP,1,-0.00017870931143107742
2.952,-6.108717857889407,0.0,-6.111379458936394,-6.109832430348006,-0.4165076968738468,-2.7821945429220256,PUMP,1,-0.00017870931143107742
2.954,-6.108717857889407,0.0,-6.109845478148509,-6.109836997078182,-0.0022833650881182166,4.847664583449153,PUMP,1,-0.00017870931143107742
2.956,-6.108717857889407,0.0,-6.111379458936394,-6.110376858728556,-0.2699308251870036,0.03625643970461905,PUMP,1,-0.00017870931143107742
2.958,-6.108717857889407,0.0,-6.108311497360623,-6.10965398224978,0.36143823938816766,3.7165092115761102,PUMP,1,-0.00017870931143107742
2.96,-6.108717857889407,0.0,-6.108311497360623,-6.109184112538575,0.23493485560255323,-4.534367655607586,PUMP,1,-0.00017870931143107742
2.962,-6.108717857889407,0.0,-6.108311497360623,-6.108878697226292,0.1527076561416152,-3.388293144044505,PUMP,1,-0.00017870931143107742
2.964,-6.108717857889407,0.0,-6.108311497360623,-6.108680177273308,0.09925997649196105,-2.344961697046655,PUMP,1,-0.00017870931143107742
2.966,-6.108717857889407,0.0,-6.108311497360623,-6.108551139303868,0.06451898471970807,-1.5672462710621806,PUMP,1,-0.00017870931143107742
2.968,-6.108717857889407,0.0,-6.108311497360623,-6.108467264623733,0.041937340067743634,-1.0313955721216457,PUMP,1,-0.00017870931143107742
2.97,-6.108717857889407,0.0,-6.109845478148509,-6.108949639357404,-0.24118736683576003,-0.6741592721581975,PUMP,1,-0.00017870931143107742
2.972,-6.108717857889407,0.0,-6.108311497360623,-6.108726289658531,0.11167484943674921,3.4692563958427707,PUMP,1,-0.00017870931143107742
2.974,-6.108717857889407,0.0,-6.111379458936394,-6.109654898905783,-0.46430462362589964,-1.7535546118411554,PUMP,1,-0.00017870931143107742
2.976,-6.108717857889407,0.0,-6.106777516572738,-6.108647815089217,0.5035419082828341,5.0520977725910985,PUMP,1,-0.00017870931143107742
2.978,-6.108717857889407,0.0,-6.105243535784852,-6.107456317332689,0.5957488782639686,-5.222891760009939,PUMP,1,-0.00017870931143107742
2.98,-6.108717857889407,0.0,-6.111379458936394,-6.108829416893986,-0.6865497806485266,-5.364163415661359,PUMP,1,-0.00017870931143107742
2.982,-6.108717857889407,0.0,-6.106777516572738,-6.1081112517815495,0.3590825562183042,5.073398563232245,PUMP,1,-0.00017870931143107742
2.984,-6.108717857889407,0.0,-6.108311497360623,-6.108181337734226,-0.03504297633805109,-4.605281750853359,PUMP,1,-0.00017870931143107742
2.986,-6.108717857889407,0.0,-6.108311497360623,-6.108226893603465,-0.022777934619799822,0.5657493861608979,PUMP,1,-0.00017870931143107742
2.988,-6.108717857889407,0.0,-6.105243535784852,-6.107182718366951,0.5220876182572276,0.3680481263227949,PUMP,1,-0.00017870931143107742
2.99,-6.108717857889407,0.0,-6.109845478148509,-6.108114684290496,-0.4659829617725819,-5.35953924317432,PUMP,1,-0.00017870931143107742
2.992,-6.108717857889407,0.0,-6.106777516572738,-6.10764667558928,0.2340043506077194,5.1609475772469,PUMP,1,-0.00017870931143107742
2.994,-6.108717857889407,0.0,-6.108311497360623,-6.107879363209251,-0.11634380998515326,-3.4393953581274177,PUMP,1,-0.00017870931143107742
2.996,-6.108717857889407,0.0,-6.106777516572738,-6.107493716886471,0.19282316138991007,1.8410133742258277,PUMP,1,-0.00017870931143107742
2.998,-6.108717857889407,0.0,-6.109845478148509,-6.1083168333281845,-0.4115582208568114,-2.932134473570215,PUMP,1,-0.00017870931143107742
3.0,-6.108717857889407,0.0,-6.106777516572738,-6.107778072463778,0.26938043220336993,4.917229329191674,PUMP,1,-0.00017870931143107742
3.0020000000000002,-6.108717857889407,0.0,-6.108311497360623,-6.107964771177674,-0.093349356947936,-3.828267800314075,PUMP,1,-0.00017870931143107742
3.004,-6.108717857889407,0.0,-6.106777516572738,-6.107549232065946,0.20776955586399026,1.489299374015532,PUMP,1,-0.00017870931143107742
3.0060000000000002,-6.108717857889407,0.0,-6.111379458936394,-6.108889811470602,-0.6702897023282972,-3.122729841864379,PUMP,1,-0.00017870931143107742
3.008,-6.108717857889407,0.0,-6.108311497360623,-6.1086874015321095,0.10120496924637123,5.117123789494518,PUMP,1,-0.00017870931143107742
3.0100000000000002,-6.108717857889407,0.0,-6.108311497360623,-6.10855583507209,0.06578323000994146,-1.5966347505706153,PUMP,1,-0.00017870931143107742
3.012,-6.108717857889407,0.0,-6.106777516572738,-6.107933423597316,0.3112057373866328,-1.0512165895323828,PUMP,1,-0.00017870931143107742
3.0140000000000002,-6.108717857889407,0.0,-6.108311497360623,-6.1080657494144734,-0.06616290857852647,-4.22858987031483,PUMP,1,-0.00017870931143107742
3.016,-6.108717857889407,0.0,-6.106777516572738,-6.107614867919866,0.22544074730390662,1.0631246201832014,PUMP,1,-0.00017870931143107742
3.0180000000000002,-6.108717857889407,0.0,-6.111379458936394,-6.108932474775651,-0.6588034278927068,-3.3386008569472008,PUMP,1,-0.00017870931143107742
3.02,-6.108717857889407,0.0,-6.108311497360623,-6.108715132680391,0.10867104762990465,5.144193205805238,PUMP,1,-0.00017870931143107742
3.0220000000000002,-6.108717857889407,0.0,-6.109845478148509,-6.109110753594233,-0.19781045692068844,-1.7087603810288061,PUMP,1,-0.00017870931143107742
3.024,-6.108717857889407,0.0,-6.108311497360623,-6.10883101391247,0.13986984088143473,2.941103393903892,PUMP,1,-0.00017870931143107742
3.0260000000000002,-6.108717857889407,0.0,-6.109845478148509,-6.109186076395083,-0.1775312413068164,-2.164302102740144,PUMP,1,-0.00017870931143107742
3.028,-6.108717857889407,0.0,-6.108311497360623,-6.108879973733022,0.15305133103060697,2.674926713506356,PUMP,1,-0.00017870931143107742
3.0300000000000002,-6.108717857889407,0.0,-6.108311497360623,-6.108681007002683,0.0994833651697391,-2.349739118196419,PUMP,1,-0.00017870931143107742
3.032,-6.108717857889407,0.0,-6.108311497360623,-6.108551678627962,0.06466418736028601,-1.5706252918242662,PUMP,1,-0.00017870931143107742
3.0340000000000003,-6.108717857889407,0.0,-6.109845478148509,-6.109004508460154,-0.22641491609576292,-1.0336731529688865,PUMP,1,-0.00017870931143107742
3.036,-6.108717857889407,0.0,-6.108311497360623,-6.108761954575318,0.12127694241792497,3.296002294250642,PUMP,1,-0.00017870931143107742
3.0380000000000003,-6.108717857889407,0.0,-6.108311497360623,-6.108604294550175,0.07883001257136257,-1.8954646767805097,PUMP,1,-0.00017870931143107742
3.04,-6.108717857889407,0.0,-6.108311497360623,-6.108501815533832,0.051239508171541104,-1.2544566886404624,PUMP,1,-0.00017870931143107742
3.0420000000000003,-6.108717857889407,0.0,-6.108311497360623,-6.108435204173209,0.03330568031145731,-0.8219980569148243,PUMP,1,-0.00017870931143107742
3.044,-6.108717857889407,0.0,-6.109845478148509,-6.1089288000645645,-0.24679794567772362,-0.5362682744286277,PUMP,1,-0.00017870931143107742
3.0460000000000003,-6.108717857889407,0.0,-6.106777516572738,-6.108175850842425,0.37647461106971036,3.533195868445747,PUMP,1,-0.00017870931143107742
3.048,-6.108717857889407,0.0,-6.108311497360623,-6.1082233271237945,-0.023738140684681497,-4.720432782772542,PUMP,1,-0.00017870931143107742
3.0500000000000003,-6.108717857889407,0.0,-6.109845478148509,-6.108791079982445,-0.28387642932514723,0.3835458432809436,PUMP,1,-0.00017870931143107742
3.052,-6.108717857889407,0.0,-6.108311497360623,-6.1086232260648075,0.08392695881864753,3.9290243898756883,PUMP,1,-0.00017870931143107742
3.0540000000000003,-6.108717857889407,0.0,-6.111379458936394,-6.109587907569863,-0.48234075252784336,-1.3331564278537902,PUMP,1,-0.00017870931143107742
3.056,-6.108717857889407,0.0,-6.109845478148509,-6.109678057272389,-0.04507485126303834,5.109102169594938,PUMP,1,-0.00017870931143107742
3.0580000000000003,-6.108717857889407,0.0,-6.106777516572738,-6.108662868027511,0.5075946224391004,0.7142256208615781,PUMP,1,-0.00017870931143107742
3.06,-6.108717857889407,0.0,-6.106777516572738,-6.1080029950183405,0.3299365045852376,-5.22958614746441,PUMP,1,-0.00017870931143107742
3.0620000000000003,-6.108717857889407,0.0,-6.109845478148509,-6.1086478641139,-0.32243454777969305,-4.386400459128398,PUMP,1,-0.00017870931143107742
3.064,-6.108717857889407,0.0,-6.106777516572738,-6.107993242474493,0.3273108197032748,4.289572178238071,PUMP,1,-0.00017870931143107742
3.0660000000000003,-6.108717857889407,0.0,-6.108311497360623,-6.108104631684639,-0.05569460507270918,-4.365086001273979,PUMP,1,-0.00017870931143107742
3.068,-6.108717857889407,0.0,-6.109845478148509,-6.108713927946994,-0.30464813117747624,0.8967109492032241,PUMP,1,-0.00017870931143107742
3.0700000000000003,-6.108717857889407,0.0,-6.105243535784852,-6.107499290690244,0.60731862837482,4.129854610497945,PUMP,1,-0.00017870931143107742
3.072,-6.108717857889407,0.0,-6.109845478148509,-6.108320456300637,-0.41058280519656876,-5.350162804118216,PUMP,1,-0.00017870931143107742
3.074,-6.108717857889407,0.0,-6.108311497360623,-6.108317320671633,0.0015678145022235412,4.9119121197189815,PUMP,1,-0.00017870931143107742
3.076,-6.108717857889407,0.0,-6.109845478148509,-6.10885217578854,-0.26742755845354793,-0.025331974346084,PUMP,1,-0.00017870931143107742
3.078,-6.108717857889407,0.0,-6.109845478148509,-6.1091998316145295,-0.17382791299480616,3.7592378106011086,PUMP,1,-0.00017870931143107742
3.08,-6.108717857889407,0.0,-6.106777516572738,-6.108352021349902,0.4239051323136067,2.625092263306635,PUMP,1,-0.00017870931143107742
3.082,-6.108717857889407,0.0,-6.109845478148509,-6.108874731229415,-0.26135493975631974,-4.976458406124901,PUMP,1,-0.00017870931143107742
3.084,-6.108717857889407,0.0,-6.108311497360623,-6.108677599375338,0.09856592703849643,3.6941959751419686,PUMP,1,-0.00017870931143107742
3.086,-6.108717857889407,0.0,-6.111379458936394,-6.109623250221707,-0.47282542318471954,-1.5567419292145759,PUMP,1,-0.00017870931143107742
3.088,-6.108717857889407,0.0,-6.106777516572738,-6.108627243444568,0.49800338856975657,5.0803756656459695,PUMP,1,-0.00017870931143107742
3.09,-6.108717857889407,0.0,-6.108311497360623,-6.108516732315187,0.05525556469043735,-5.212858106316336,PUMP,1,-0.00017870931143107742
3.092,-6.108717857889407,0.0,-6.111379458936394,-6.10951868663261,-0.5009771587114464,-0.8855449453732753,PUMP,1,-0.00017870931143107742
3.094,-6.108717857889407,0.0,-6.109845478148509,-6.109633063663175,-0.057188515282469154,5.156777007689345,PUMP,1,-0.00017870931143107742
3.096,-6.108717857889407,0.0,-6.109845478148509,-6.109707408733042,-0.03717253493373818,0.9044739197120683,PUMP,1,-0.00017870931143107742
3.098,-6.108717857889407,0.0,-6.109845478148509,-6.1097557330284555,-0.024162147706618953,0.5895522203114046,PUMP,1,-0.00017870931143107742
3.1,-6.108717857889407,0.0,-6.108311497360623,-6.109250250544714,0.2527412418706909,0.3835877616815144,PUMP,1,-0.00017870931143107742
3.102,-6.108717857889407,0.0,-6.109845478148509,-6.109458580206042,-0.10416483066411075,-3.5850849143524366,PUMP,1,-0.00017870931143107742
3.104,-6.108717857889407,0.0,-6.106777516572738,-6.108520207934386,0.4691861358283589,1.6268915432510485,PUMP,1,-0.00017870931143107742
3.106,-6.108717857889407,0.0,-6.108311497360623,-6.1084471592335685,0.03652435040857327,-5.143850589066625,PUMP,1,-0.00017870931143107742
3.108,-6.108717857889407,0.0,-6.111379458936394,-6.109473464129557,-0.513152447994436,-0.5877586199086972,PUMP,1,-0.00017870931143107742
3.11,-6.108717857889407,0.0,-6.111379458936394,-6.11014056231195,-0.33354909119642784,5.181890069381898,PUMP,1,-0.00017870931143107742
3.112,-6.108717857889407,0.0,-6.111379458936394,-6.1105741761305055,-0.21680690927761148,4.301640865079006,PUMP,1,-0.00017870931143107742
3.114,-6.108717857889407,0.0,-6.108311497360623,-6.1097822385610465,0.3959687847294724,3.122347450685664,PUMP,1,-0.00017870931143107742
3.116,-6.108717857889407,0.0,-6.106777516572738,-6.108730585865138,0.5258263479541725,-4.742991783105246,PUMP,1,-0.00017870931143107742
3.118,-6.108717857889407,0.0,-6.109845478148509,-6.109120798164318,-0.19510614958972994,-5.253028118570695,PUMP,1,-0.00017870931143107742
3.12,-6.108717857889407,0.0,-6.111379458936394,-6.109911329434544,-0.39526563511316226,2.906281976074049,PUMP,1,-0.00017870931143107742
3.122,-6.108717857889407,0.0,-6.111379458936394,-6.110425174760191,-0.2569226628237331,4.7312616771651665,PUMP,1,-0.00017870931143107742
3.124,-6.108717857889407,0.0,-6.108311497360623,-6.109685387670343,0.3698935449243379,3.5795759484952665,PUMP,1,-0.00017870931143107742
3.126,-6.108717857889407,0.0,-6.109845478148509,-6.109741419337701,-0.028015833679173596,-4.589589288641466,PUMP,1,-0.00017870931143107742
3.128,-6.108717857889407,0.0,-6.108311497360623,-6.109240946645724,0.2502363459884194,0.4446673482498159,PUMP,1,-0.00017870931143107742
3.13,-6.108717857889407,0.0,-6.109845478148509,-6.109452532671699,-0.1057930129872986,-3.5580757509528187,PUMP,1,-0.00017870931143107742
3.132,-6.108717857889407,0.0,-6.108311497360623,-6.109053170312823,0.1996811794380271,1.651356805108407,PUMP,1,-0.00017870931143107742
3.134,-6.108717857889407,0.0,-6.106777516572738,-6.108256691503793,0.3982394045149995,-2.966829603692052,PUMP,1,-0.00017870931143107742
3.136,-6.108717857889407,0.0,-6.108311497360623,-6.1082758735536835,-0.009591024945354576,-4.848375672534029,PUMP,1,-0.00017870931143107742
3.138,-6.108717857889407,0.0,-6.108311497360623,-6.108288341886112,-0.006234166214369452,0.15501359067694387,PUMP,1,-0.00017870931143107742
3.14,-6.108717857889407,0.0,-6.109845478148509,-6.108833339577951,-0.272498845919511,0.10075481952405037,PUMP,1,-0.00017870931143107742
3.142,-6.108717857889407,0.0,-6.106777516572738,-6.108113801526127,0.3597690259122821,3.812584724513871,PUMP,1,-0.00017870931143107742
3.144,-6.108717857889407,0.0,-6.109845478148509,-6.108719888343961,-0.3030434089170697,-4.610045393201543,PUMP,1,-0.00017870931143107742
3.146,-6.108717857889407,0.0,-6.109845478148509,-6.109113844775552,-0.19697821579578445,4.114886096546292,PUMP,1,-0.00017870931143107742
3.148,-6.108717857889407,0.0,-6.106777516572738,-6.108296129904567,0.40885743549257114,2.9304098473935234,PUMP,1,-0.00017870931143107742
3.15,-6.108717857889407,0.0,-6.106777516572738,-6.107764615238427,0.26575733307021565,-4.904332400169811,PUMP,1,-0.00017870931143107742
3.152,-6.108717857889407,0.0,-6.108311497360623,-6.107956023981195,-0.09570437138428645,-3.7905213381151595,PUMP,1,-0.00017870931143107742
3.154,-6.108717857889407,0.0,-6.108311497360623,-6.108080439663995,-0.06220784139987501,1.525728751121034,PUMP,1,-0.00017870931143107742
3.156,-6.108717857889407,0.0,-6.11291343972428,-6.109771989685095,-0.8457750105499429,1.0003790180368883,PUMP,1,-0.00017870931143107742
3.158,-6.108717857889407,0.0,-6.108311497360623,-6.10926081737153,0.2555861567823392,4.215450794860803,PUMP,1,-0.00017870931143107742
3.16,-6.108717857889407,0.0,-6.108311497360623,-6.108928555367713,0.16613100190854269,-3.6154895828702442,PUMP,1,-0.00017870931143107742
3.162,-6.108717857889407,0.0,-6.106777516572738,-6.108175691789472,0.3764317891206126,-2.5291790081589935,PUMP,1,-0.00017870931143107742
3.164,-6.108717857889407,0.0,-6.108311497360623,-6.108223223739375,-0.023765974951572844,-4.720163396946615,PUMP,1,-0.00017870931143107742
3.166,-6.108717857889407,0.0,-6.109845478148509,-6.108791012782572,-0.2838945215986044,0.38399504681871394,PUMP,1,-0.00017870931143107742
3.168,-6.108717857889407,0.0,-6.108311497360623,-6.10862318238489,0.08391519884121124,3.9292059479663495,PUMP,1,-0.00017870931143107742
3.17,-6.108717857889407,0.0,-6.109845478148509,-6.109050985902157,-0.2139017586335612,-1.3329753298809424,PUMP,1,-0.00017870931143107742
3.172,-6.108717857889407,0.0,-6.108311497360623,-6.108792164912621,0.12941049476822286,3.1438251725536115,PUMP,1,-0.00017870931143107742
3.174,-6.108717857889407,0.0,-6.111379458936394,-6.109697717820941,-0.4527764541601975,-2.01407027179663,PUMP,1,-0.00017870931143107742
3.176,-6.108717857889407,0.0,-6.106777516572738,-6.10867564738407,0.5110352184356515,5.009954690885771,PUMP,1,-0.00017870931143107742
3.178,-6.108717857889407,0.0,-6.108311497360623,-6.108548194875864,0.06372625410300259,-5.234842711663948,PUMP,1,-0.00017870931143107742
3.18,-6.108717857889407,0.0,-6.108311497360623,-6.108465350745529,0.041422065167218136,-1.0189563031226714,PUMP,1,-0.00017870931143107742
3.182,-6.108717857889407,0.0,-6.106777516572738,-6.107874608785052,0.295370980238463,-0.6659456465177465,PUMP,1,-0.00017870931143107742
3.184,-6.108717857889407,0.0,-6.108311497360623,-6.108027519786503,-0.07645550072510332,-4.084766827234634,PUMP,1,-0.00017870931143107742
3.186,-6.108717857889407,0.0,-6.109845478148509,-6.1086638052132045,-0.3181427133509551,1.2255958709856773,PUMP,1,-0.00017870931143107742
3.188,-6.108717857889407,0.0,-6.111379458936394,-6.109614284016321,-0.4752394015583583,4.252075315046472,PUMP,1,-0.00017870931143107742
3.19,-6.108717857889407,0.0,-6.106777516572738,-6.108621415411067,0.49643430262724664,5.087947028913543,PUMP,1,-0.00017870931143107742
3.192,-6.108717857889407,0.0,-6.111379458936394,-6.109586730644931,-0.482657616932336,-5.209828709157644,PUMP,1,-0.00017870931143107742
3.194,-6.108717857889407,0.0,-6.108311497360623,-6.109140398995423,0.22316582475401248,5.110007382489148,PUMP,1,-0.00017870931143107742
3.196,-6.108717857889407,0.0,-6.108311497360623,-6.108850283423243,0.14505778608997488,-3.25220001499526,PUMP,1,-0.00017870931143107742
3.198,-6.108717857889407,0.0,-6.109845478148509,-6.109198601577086,-0.17415907692130972,-2.2378186547089096,PUMP,1,-0.00017870931143107742
3.2,-6.108717857889407,0.0,-6.108311497360623,-6.108888115101324,0.15524323788085326,2.629563553186819,PUMP,1,-0.00017870931143107742
3.202,-6.108717857889407,0.0,-6.108311497360623,-6.108686298892079,0.10090810462282107,-2.3801346805517296,PUMP,1,-0.00017870931143107742
3.204,-6.108717857889407,0.0,-6.106777516572738,-6.1080182250803094,0.3340369058846271,-1.5921538549141279,PUMP,1,-0.00017870931143107742
3.206,-6.108717857889407,0.0,-6.109845478148509,-6.108657763654179,-0.319769286934779,-4.419158701319638,PUMP,1,-0.00017870931143107742
3.208,-6.108717857889407,0.0,-6.108311497360623,-6.1085365704514345,0.060596601372253645,4.266364616578153,PUMP,1,-0.00017870931143107742
3.21,-6.108717857889407,0.0,-6.108311497360623,-6.108457794869651,0.03938779089196487,-0.9697679221833648,PUMP,1,-0.00017870931143107742
3.212,-6.108717857889407,0.0,-6.108311497360623,-6.108406590741491,0.025602064079865983,-0.6334955873855519,PUMP,1,-0.00017870931143107742
3.214,-6.108717857889407,0.0,-6.108311497360623,-6.108373308058187,0.016641341651801866,-0.4127245877645284,PUMP,1,-0.00017870931143107742
3.216,-6.108717857889407,0.0,-6.109845478148509,-6.1088885675897995,-0.2576297658061222,-0.26856876070488195,PUMP,1,-0.00017870931143107742
3.218,-6.108717857889407,0.0,-6.108311497360623,-6.108686593009588,0.10098729010588059,3.6536751211615974,PUMP,1,-0.00017870931143107742
3.22,-6.108717857889407,0.0,-6.111379458936394,-6.10962909608397,-0.4712515371911863,-1.5933492516417398,PUMP,1,-0.00017870931143107742
3.222,-6.108717857889407,0.0,-6.109845478148509,-6.109704829806558,-0.03786686129414463,5.075334914117717,PUMP,1,-0.00017870931143107742
3.224,-6.108717857889407,0.0,-6.109845478148509,-6.109754056726241,-0.024613459841393848,0.6005214693458352,PUMP,1,-0.00017870931143107742
3.226,-6.108717857889407,0.0,-6.109845478148509,-6.109786054224035,-0.01599874889679498,0.3907434811348299,PUMP,1,-0.00017870931143107742
3.228,-6.108717857889407,0.0,-6.108311497360623,-6.109269959321841,0.25804745109692107,0.2540618379724576,PUMP,1,-0.00017870931143107742
3.23,-6.108717857889407,0.0,-6.109845478148509,-6.109471390911175,-0.10071579466686131,-3.6415611032467967,PUMP,1,-0.00017870931143107742
3.232,-6.108717857889407,0.0,-6.105243535784852,-6.1079916416169615,0.7398746471065643,1.574918223667276,PUMP,1,-0.00017870931143107742
3.234,-6.108717857889407,0.0,-6.108311497360623,-6.108103591127243,-0.055974755140741905,-4.940909982419995,PUMP,1,-0.00017870931143107742
3.236,-6.108717857889407,0.0,-6.109845478148509,-6.108713251584686,-0.3048302287216309,0.9011780950388457,PUMP,1,-0.00017870931143107742
3.238,-6.108717857889407,0.0,-6.109845478148509,-6.109109530882025,-0.19813964866921552,4.131547361330368,PUMP,1,-0.00017870931143107742
3.24,-6.108717857889407,0.0,-6.108311497360623,-6.108830219149534,0.139655866245203,2.9453276394946175,PUMP,1,-0.00017870931143107742
3.242,-6.108717857889407,0.0,-6.109845478148509,-6.109185559799175,-0.17767032482041145,-2.1612554371632497,PUMP,1,-0.00017870931143107742
3.244,-6.108717857889407,0.0,-6.108311497360623,-6.108879637945682,0.15296092674654815,2.676791134350229,PUMP,1,-0.00017870931143107742
3.246,-6.108717857889407,0.0,-6.108311497360623,-6.108680788740911,0.09942460238532291,-2.3484827133953456,PUMP,1,-0.00017870931143107742
3.248,-6.108717857889407,0.0,-6.106777516572738,-6.108014643482051,0.3330726294303865,-1.5697365260645473,PUMP,1,-0.00017870931143107742
3.25,-6.108717857889407,0.0,-6.111379458936394,-6.109192328891071,-0.5888427045102063,-4.411512917589474,PUMP,1,-0.00017870931143107742
3.2520000000000002,-6.108717857889407,0.0,-6.109845478148509,-6.109420931131174,-0.11430112005150761,5.236460537222164,PUMP,1,-0.00017870931143107742
3.254,-6.108717857889407,0.0,-6.109845478148509,-6.1095695225872415,-0.0742957280337464,1.7784426208232829,PUMP,1,-0.00017870931143107742
3.2560000000000002,-6.108717857889407,0.0,-6.106777516572738,-6.108592320482165,0.48860105253822894,1.1708104967916422,PUMP,1,-0.00017870931143107742
3.258,-6.108717857889407,0.0,-6.109845478148509,-6.109030925665386,-0.2193025916104041,-5.193462494481669,PUMP,1,-0.00017870931143107742
3.2600000000000002,-6.108717857889407,0.0,-6.105243535784852,-6.1077053392071985,0.6627932290936833,3.2101053583381582,PUMP,1,-0.00017870931143107742
3.262,-6.108717857889407,0.0,-6.108311497360623,-6.107917494560898,-0.1060776768495586,-5.232158542949051,PUMP,1,-0.00017870931143107742
3.2640000000000002,-6.108717857889407,0.0,-6.106777516572738,-6.107518502265042,0.19949614792791337,1.6851198512994219,PUMP,1,-0.00017870931143107742
3.266,-6.108717857889407,0.0,-6.106777516572738,-6.107259157272735,0.1296724961532547,-3.0181139012670624,PUMP,1,-0.00017870931143107742
3.2680000000000002,-6.108717857889407,0.0,-6.106777516572738,-6.107090583027736,0.08428712249974879,-2.0537893773890454,PUMP,1,-0.00017870931143107742
3.27,-6.108717857889407,0.0,-6.109845478148509,-6.1080547963200065,-0.4821066461353496,-1.3623723358929276,PUMP,1,-0.00017870931143107742
3.2720000000000002,-6.108717857889407,0.0,-6.105243535784852,-6.107070855132703,0.49197059365191365,5.213618183477387,PUMP,1,-0.00017870931143107742
3.274,-6.108717857889407,0.0,-6.106777516572738,-6.106968186636715,0.05133424799375064,-5.307753002595033,PUMP,1,-0.00017870931143107742
3.2760000000000002,-6.108717857889407,0.0,-6.111379458936394,-6.108512131941603,-0.7719726524437753,-0.8380109816510023,PUMP,1,-0.00017870931143107742
3.278,-6.108717857889407,0.0,-6.109845478148509,-6.10897880311402,-0.2333355862087494,4.746759294239709,PUMP,1,-0.00017870931143107742
3.2800000000000002,-6.108717857889407,0.0,-6.105243535784852,-6.107671459548811,0.653671782604448,3.3780454896064698,PUMP,1,-0.00017870931143107742
3.282,-6.108717857889407,0.0,-6.108311497360623,-6.107895472782945,-0.11200661706700643,-5.2571311624015085,PUMP,1,-0.00017870931143107742
3.2840000000000003,-6.108717857889407,0.0,-6.108311497360623,-6.1080410813851325,-0.07280430109357638,1.775387804067255,PUMP,1,-0.00017870931143107742
3.286,-6.108717857889407,0.0,-6.108311497360623,-6.108135726976554,-0.04732279571095788,1.168103277808262,PUMP,1,-0.00017870931143107742
3.2880000000000003,-6.108717857889407,0.0,-6.106777516572738,-6.107660353335219,0.23768682066771518,0.7629128460263478,PUMP,1,-0.00017870931143107742
3.29,-6.108717857889407,0.0,-6.106777516572738,-6.107351360468351,0.1544964334341259,-3.481955334210831,PUMP,1,-0.00017870931143107742
3.2920000000000003,-6.108717857889407,0.0,-6.106777516572738,-6.107150515104886,0.10042268173249269,-2.412185913373078,PUMP,1,-0.00017870931143107742
3.294,-6.108717857889407,0.0,-6.109845478148509,-6.108093752170154,-0.47161853263411047,-1.6129056919849383,PUMP,1,-0.00017870931143107742
3.2960000000000003,-6.108717857889407,0.0,-6.105243535784852,-6.107096176435298,0.49878786742807435,5.18035023819872,PUMP,1,-0.00017870931143107742
3.298,-6.108717857889407,0.0,-6.111379458936394,-6.108595325310682,-0.7495744376919689,-5.322145414106873,PUMP,1,-0.00017870931143107742
3.3000000000000003,-6.108717857889407,0.0,-6.111379458936394,-6.109569772079681,-0.4872233844994689,4.847379052986929,PUMP,1,-0.00017870931143107742
3.302,-6.108717857889407,0.0,-6.105243535784852,-6.108055589376491,0.7570913515948519,5.122685243860475,PUMP,1,-0.00017870931143107742
3.3040000000000003,-6.108717857889407,0.0,-6.109845478148509,-6.108682050446697,-0.3132305351032372,-4.8575619956852725,PUMP,1,-0.00017870931143107742
3.306,-6.108717857889407,0.0,-6.109845478148509,-6.109089250142332,-0.20359984781714857,4.208343306785686,PUMP,1,-0.00017870931143107742
3.3080000000000003,-6.108717857889407,0.0,-6.108311497360623,-6.108817036668734,0.13610673679886887,3.014929832476541,PUMP,1,-0.00017870931143107742
3.31,-6.108717857889407,0.0,-6.109845478148509,-6.109176991186655,-0.17997725896057304,-2.1105564227589504,PUMP,1,-0.00017870931143107742
3.3120000000000003,-6.108717857889407,0.0,-6.109845478148509,-6.109410961623304,-0.1169852183244835,2.7076392286465327,PUMP,1,-0.00017870931143107742
3.314,-6.108717857889407,0.0,-6.109845478148509,-6.109563042407126,-0.07604039191111411,1.8182610764098663,PUMP,1,-0.00017870931143107742
3.3160000000000003,-6.108717857889407,0.0,-6.108311497360623,-6.109125001640851,0.21902038313781347,1.1977891615602116,PUMP,1,-0.00017870931143107742
3.318,-6.108717857889407,0.0,-6.108311497360623,-6.1088402751427715,0.14236324903960096,-3.2031470769746213,PUMP,1,-0.00017870931143107742
3.3200000000000003,-6.108717857889407,0.0,-6.106777516572738,-6.10811830964326,0.3609827497559337,-2.1997200362845932,PUMP,1,-0.00017870931143107742
3.322,-6.108717857889407,0.0,-6.105243535784852,-6.107112138792817,0.5030854252212613,-4.618423797293773,PUMP,1,-0.00017870931143107742
3.3240000000000003,-6.108717857889407,0.0,-6.108311497360623,-6.107531914291549,-0.20988774936592236,-5.330407683655821,PUMP,1,-0.00017870931143107742
3.326,-6.108717857889407,0.0,-6.109845478148509,-6.108341661641485,-0.4048736749679982,3.1500800288896755,PUMP,1,-0.00017870931143107742
3.3280000000000003,-6.108717857889407,0.0,-6.109845478148509,-6.108867997418943,-0.2631678887290434,4.880109230166149,PUMP,1,-0.00017870931143107742
3.33,-6.108717857889407,0.0,-6.109845478148509,-6.1092101156742915,-0.17105912767423348,3.713745812269341,PUMP,1,-0.00017870931143107742
3.332,-6.108717857889407,0.0,-6.111379458936394,-6.1099693858160276,-0.37963507086802295,2.5875951767499883,PUMP,1,-0.00017870931143107742
3.334,-6.108717857889407,0.0,-6.106777516572738,-6.108852231580876,0.558577117575787,4.635371489186952,PUMP,1,-0.00017870931143107742
3.336,-6.108717857889407,0.0,-6.108311497360623,-6.108662974603788,0.09462848854413508,-5.268500867142247,PUMP,1,-0.00017870931143107742
3.338,-6.108717857889407,0.0,-6.108311497360623,-6.10853995756868,0.06150851755393205,-1.4969794456797798,PUMP,1,-0.00017870931143107742
3.34,-6.108717857889407,0.0,-6.108311497360623,-6.10845999649586,0.039980536409967016,-0.984113221432886,PUMP,1,-0.00017870931143107742
3.342,-6.108717857889407,0.0,-6.109845478148509,-6.108944915074287,-0.24245928921340365,-0.6429546295443774,PUMP,1,-0.00017870931143107742
3.344,-6.108717857889407,0.0,-6.108311497360623,-6.108723218874505,0.11084809989103661,3.4838424234785417,PUMP,1,-0.00017870931143107742
3.346,-6.108717857889407,0.0,-6.108311497360623,-6.108579116344647,0.07205126492904057,-1.741244279528369,PUMP,1,-0.00017870931143107742
3.348,-6.108717857889407,0.0,-6.111379458936394,-6.109559236251759,-0.4900599535559991,-1.1491658405621477,PUMP,1,-0.00017870931143107742
3.35,-6.108717857889407,0.0,-6.106777516572738,-6.108585634364101,0.4868009438285803,5.130218428514466,PUMP,1,-0.00017870931143107742
3.352,-6.108717857889407,0.0,-6.105243535784852,-6.107415899861364,0.5848672513688591,-5.189407308769466,PUMP,1,-0.00017870931143107742
3.354,-6.108717857889407,0.0,-6.108311497360623,-6.107729358986105,-0.15672956237056113,-5.373820754348557,PUMP,1,-0.00017870931143107742
3.356,-6.108717857889407,0.0,-6.106777516572738,-6.107396214141426,0.16657242233941716,2.4332487755851204,PUMP,1,-0.00017870931143107742
3.358,-6.108717857889407,0.0,-6.111379458936394,-6.108790349819665,-0.6970678391193807,-2.5806223482096815,PUMP,1,-0.00017870931143107742
3.36,-6.108717857889407,0.0,-6.106777516572738,-6.10808585818324,0.35224581821236,5.041820638013152,PUMP,1,-0.00017870931143107742
3.362,-6.108717857889407,0.0,-6.108311497360623,-6.1081648318953246,-0.03948685604227009,-4.556856735111196,PUMP,1,-0.00017870931143107742
3.364,-6.108717857889407,0.0,-6.108311497360623,-6.108216164808179,-0.025666456427320128,0.6372073258349865,PUMP,1,-0.00017870931143107742
3.366,-6.108717857889407,0.0,-6.108311497360623,-6.108249531201535,-0.016683196677913514,0.41466015495888675,PUMP,1,-0.00017870931143107742
3.368,-6.108717857889407,0.0,-6.108311497360623,-6.108271219357216,-0.010844077840577171,0.2696240247588453,PUMP,1,-0.00017870931143107742
3.37,-6.108717857889407,0.0,-6.108311497360623,-6.108285316658408,-0.007048650596086503,0.17526653772900974,PUMP,1,-0.00017870931143107742
3.372,-6.108717857889407,0.0,-6.108311497360623,-6.108294479904184,-0.004581622887744885,0.11391984004825283,PUMP,1,-0.00017870931143107742
3.374,-6.108717857889407,0.0,-6.111379458936394,-6.1093742225654575,-0.5398713306368208,0.07404425117814442,PUMP,1,-0.00017870931143107742
3.376,-6.108717857889407,0.0,-6.108311497360623,-6.109002268743765,0.18597691084609735,5.220733901529784,PUMP,1,-0.00017870931143107742
3.378,-6.108717857889407,0.0,-6.108311497360623,-6.108760498759666,0.12088499204976344,-2.792158601993972,PUMP,1,-0.00017870931143107742
3.38,-6.108717857889407,0.0,-6.106777516572738,-6.1080664549942405,0.3470218827126281,-1.8897113215299848,PUMP,1,-0.00017870931143107742
3.382,-6.108717857889407,0.0,-6.106777516572738,-6.107615326546714,0.22556422376318608,-4.518650703159914,PUMP,1,-0.00017870931143107742
3.384,-6.108717857889407,0.0,-6.106777516572738,-6.1073220930558225,0.1466167454458045,-3.3400721356105625,PUMP,1,-0.00017870931143107742
3.386,-6.108717857889407,0.0,-6.109845478148509,-6.1082052778382625,-0.4415923912199915,-2.3001361817377948,PUMP,1,-0.00017870931143107742
3.388,-6.108717857889407,0.0,-6.106777516572738,-6.107705561395329,0.24985822146694758,5.06447719153917,PUMP,1,-0.00017870931143107742
3.39,-6.108717857889407,0.0,-6.111379458936394,-6.108991425534701,-0.6429320696863527,-3.619222880533392,PUMP,1,-0.00017870931143107742
3.392,-6.108717857889407,0.0,-6.108311497360623,-6.108753450673774,0.11898743046367954,5.17624931846884,PUMP,1,-0.00017870931143107742
3.394,-6.108717857889407,0.0,-6.108311497360623,-6.108598767014171,0.07734182980145832,-1.861809331790443,PUMP,1,-0.00017870931143107742
3.396,-6.108717857889407,0.0,-6.111379458936394,-6.109572009186949,-0.48662108638897195,-1.2314009894686981,PUMP,1,-0.00017870931143107742
3.398,-6.108717857889407,0.0,-6.108311497360623,-6.109130830047735,0.22058956960702147,5.1210519032561015,PUMP,1,-0.00017870931143107742
3.4,-6.108717857889407,0.0,-6.111379458936394,-6.109917850158766,-0.3935100555154669,-3.2217829257293897,PUMP,1,-0.00017870931143107742
3.402,-6.108717857889407,0.0,-6.108311497360623,-6.109355626679416,0.281111739675044,4.72092595111971,PUMP,1,-0.00017870931143107742
3.404,-6.108717857889407,0.0,-6.109845478148509,-6.109527074693599,-0.0857240070915033,-3.8752240511035314,PUMP,1,-0.00017870931143107742
3.406,-6.108717857889407,0.0,-6.109845478148509,-6.109638515902818,-0.05572060460945494,1.3468246028545285,PUMP,1,-0.00017870931143107742
3.408,-6.108717857889407,0.0,-6.108311497360623,-6.10917405941305,0.23222824488389193,0.8814845046033932,PUMP,1,-0.00017870931143107742
3.41,-6.108717857889407,0.0,-6.109845478148509,-6.109409055970461,-0.11749827870533025,-3.3574138019764064,PUMP,1,-0.00017870931143107742
3.412,-6.108717857889407,0.0,-6.105243535784852,-6.107951123905497,0.7289660324816261,1.8258568491389024,PUMP,1,-0.00017870931143107742
3.414,-6.108717857889407,0.0,-6.106777516572738,-6.107540361339032,0.20538128323277505,-4.9904139224110535,PUMP,1,-0.00017870931143107742
3.416,-6.108717857889407,0.0,-6.105243535784852,-6.106736472395069,0.4019444719816079,-3.092758784574302,PUMP,1,-0.00017870931143107742
3.418,-6.108717857889407,0.0,-6.106777516572738,-6.106750837857253,-0.007182731092125749,-4.962999469523388,PUMP,1,-0.00017870931143107742
3.42,-6.108717857889407,0.0,-6.111379458936394,-6.108370855234952,-0.8100086888496172,0.118127061814089,PUMP,1,-0.00017870931143107742
3.422,-6.108717857889407,0.0,-6.108311497360623,-6.108350079978937,0.010387628007535454,4.5533347540354185,PUMP,1,-0.00017870931143107742
3.424,-6.108717857889407,0.0,-6.109845478148509,-6.108873469338287,-0.261694679675184,-0.1677413596858992,PUMP,1,-0.00017870931143107742
3.426,-6.108717857889407,0.0,-6.108311497360623,-6.108676779146105,0.09834509609119024,3.6978680675165476,PUMP,1,-0.00017870931143107742
3.428,-6.108717857889407,0.0,-6.109845478148509,-6.1090858237969465,-0.2045223254207862,-1.5533977813745268,PUMP,1,-0.00017870931143107742
3.43,-6.108717857889407,0.0,-6.108311497360623,-6.108814809544233,0.13550712635668205,3.02660176170762,PUMP,1,-0.00017870931143107742
3.432,-6.108717857889407,0.0,-6.109845478148509,-6.10917554355573,-0.18036700574830533,-2.1019605625198867,PUMP,1,-0.00017870931143107742
3.434,-6.108717857889407,0.0,-6.109845478148509,-6.109410020663202,-0.11723855373624303,2.7128365862418438,PUMP,1,-0.00017870931143107742
3.436,-6.108717857889407,0.0,-6.109845478148509,-6.109562430783059,-0.07620505992855797,1.822012289263938,PUMP,1,-0.00017870931143107742
3.438,-6.108717857889407,0.0,-6.109845478148509,-6.109661497360967,-0.049533288953629295,1.2003335854106874,PUMP,1,-0.00017870931143107742
3.44,-6.108717857889407,0.0,-6.106777516572738,-6.1086521040850865,0.5046966379400608,0.7843811858653904,PUMP,1,-0.00017870931143107742
3.442,-6.108717857889407,0.0,-6.109845478148509,-6.109069785007285,-0.20884046109914678,-5.2248547382689505,PUMP,1,-0.00017870931143107742
3.444,-6.108717857889407,0.0,-6.106777516572738,-6.1082674910551935,0.4011469760456521,3.0808998217276686,PUMP,1,-0.00017870931143107742
3.446,-6.108717857889407,0.0,-6.108311497360623,-6.108282893262094,-0.007701103450052926,-4.864117448019814,PUMP,1,-0.00017870931143107742
3.448,-6.108717857889407,0.0,-6.108311497360623,-6.1082929046965795,-0.005005717242934082,0.12446587346829172,PUMP,1,-0.00017870931143107742
3.45,-6.108717857889407,0.0,-6.111379458936394,-6.109373198680514,-0.5401469919674717,0.08089891927188309,PUMP,1,-0.00017870931143107742
3.452,-6.108717857889407,0.0,-6.109845478148509,-6.109538496494313,-0.08264890689924087,5.22102042031889,PUMP,1,-0.00017870931143107742
3.454,-6.108717857889407,0.0,-6.106777516572738,-6.108572153521761,0.4831714862758574,1.2996320407283957,PUMP,1,-0.00017870931143107742
3.456,-6.108717857889407,0.0,-6.108311497360623,-6.108480923865363,0.04561482819909202,-5.180894684374416,PUMP,1,-0.00017870931143107742
3.458,-6.108717857889407,0.0,-6.108311497360623,-6.108421624588704,0.02964963832940981,-0.7327077118754276,PUMP,1,-0.00017870931143107742
3.46,-6.108717857889407,0.0,-6.109845478148509,-6.108919973334636,-0.24917437296601008,-0.47768663833251024,PUMP,1,-0.00017870931143107742
3.462,-6.108717857889407,0.0,-6.109845478148509,-6.109243900019492,-0.16196334242790655,3.55996413899764,PUMP,1,-0.00017870931143107742
3.464,-6.108717857889407,0.0,-6.109845478148509,-6.109454452364648,-0.10527617257816146,2.463009685719225,PUMP,1,-0.00017870931143107742
3.466,-6.108717857889407,0.0,-6.106777516572738,-6.108517524837479,0.468463763584559,1.6435956129050902,PUMP,1,-0.00017870931143107742
3.468,-6.108717857889407,0.0,-6.108311497360623,-6.108445415220579,0.0360548084499257,-5.141752720473494,PUMP,1,-0.00017870931143107742
3.47,-6.108717857889407,0.0,-6.108311497360623,-6.108398543969595,0.02343562549222966,-0.5802522746328227,PUMP,1,-0.00017870931143107742
3.472,-6.108717857889407,0.0,-6.108311497360623,-6.108368077656455,0.015233156569927075,-0.37791202441433236,PUMP,1,-0.00017870931143107742
3.474,-6.108717857889407,0.0,-6.108311497360623,-6.108348274552914,0.009901551770497008,-0.24587850248201254,PUMP,1,-0.00017870931143107742
3.476,-6.108717857889407,0.0,-6.108311497360623,-6.108335402535612,0.006436008650911873,-0.15989844321707944,PUMP,1,-0.00017870931143107742
3.478,-6.108717857889407,0.0,-6.109845478148509,-6.108863929000126,-0.2642632322569227,-0.10396059895324757,PUMP,1,-0.00017870931143107742
3.48,-6.108717857889407,0.0,-6.108311497360623,-6.1086705779263,0.0966755369131711,3.7255030556410227,PUMP,1,-0.00017870931143107742
3.482,-6.108717857889407,0.0,-6.106777516572738,-6.108008006452553,0.3312857368733546,-1.5280853548028626,PUMP,1,-0.00017870931143107742
3.484,-6.108717857889407,0.0,-6.106777516572738,-6.107577334994618,0.21533572896759168,-4.397250528177682,PUMP,1,-0.00017870931143107742
3.486,-6.108717857889407,0.0,-6.106777516572738,-6.10729739854696,0.1399682238290012,-3.2164389556227575,PUMP,1,-0.00017870931143107742
3.488,-6.108717857889407,0.0,-6.108311497360623,-6.1076523331317425,-0.1774672923913201,-2.2043318217223855,PUMP,1,-0.00017870931143107742
3.49,-6.108717857889407,0.0,-6.109845478148509,-6.10841993388761,-0.3838003779339516,2.7222147626968356,PUMP,1,-0.00017870931143107742
3.492,-6.108717857889407,0.0,-6.108311497360623,-6.1083819811031645,0.018976392222924687,4.752591419821821,PUMP,1,-0.00017870931143107742
3.494,-6.108717857889407,0.0,-6.111379458936394,-6.109431098344795,-0.5245586208153519,-0.30617392560729023,PUMP,1,-0.00017870931143107742
3.496,-6.108717857889407,0.0,-6.108311497360623,-6.109039238000335,0.19593017223007436,5.201174850557693,PUMP,1,-0.00017870931143107742
3.498,-6.108717857889407,0.0,-6.108311497360623,-6.108784528776436,0.12735461194957054,-2.919601465762309,PUMP,1,-0.00017870931143107742
3.5,-6.108717857889407,0.0,-6.109845478148509,-6.109155861056662,-0.18566614011295002,-1.984234251984455,PUMP,1,-0.00017870931143107742
3.5020000000000002,-6.108717857889407,0.0,-6.109845478148509,-6.109397227038809,-0.1206829910733731,2.7830871318243546,PUMP,1,-0.00017870931143107742
3.504,-6.108717857889407,0.0,-6.109845478148509,-6.109554114927204,-0.07844394419764811,1.872893162513734,PUMP,1,-0.00017870931143107742
3.5060000000000002,-6.108717857889407,0.0,-6.109845478148509,-6.109656092054661,-0.05098856372853788,1.2348948813760015,PUMP,1,-0.00017870931143107742
3.508,-6.108717857889407,0.0,-6.106777516572738,-6.108648590635988,0.5037507093366145,0.8072482455501447,PUMP,1,-0.00017870931143107742
3.5100000000000002,-6.108717857889407,0.0,-6.108311497360623,-6.108530607989611,0.058991323188539724,-5.223249996338538,PUMP,1,-0.00017870931143107742
3.512,-6.108717857889407,0.0,-6.106777516572738,-6.1079170259937055,0.30679099795261067,-0.9444903287058244,PUMP,1,-0.00017870931143107742
3.5140000000000002,-6.108717857889407,0.0,-6.108311497360623,-6.108055090972127,-0.06903248921075189,-4.189447757445186,PUMP,1,-0.00017870931143107742
3.516,-6.108717857889407,0.0,-6.106777516572738,-6.107607939932341,0.22357551989315994,1.1085445786007226,PUMP,1,-0.00017870931143107742
3.5180000000000002,-6.108717857889407,0.0,-6.106777516572738,-6.1073172917564795,0.14532408793055396,-3.3163124067335286,PUMP,1,-0.00017870931143107742
3.52,-6.108717857889407,0.0,-6.109845478148509,-6.1082021569936895,-0.44243261860499317,-2.281598205975829,PUMP,1,-0.00017870931143107742
3.5220000000000002,-6.108717857889407,0.0,-6.108311497360623,-6.108240426122117,-0.019134564213540983,5.0681416301017865,PUMP,1,-0.00017870931143107742
3.524,-6.108717857889407,0.0,-6.108311497360623,-6.108265301055594,-0.012437466738735026,0.30922139827120654,PUMP,1,-0.00017870931143107742
3.5260000000000002,-6.108717857889407,0.0,-6.109845478148509,-6.1088183630381145,-0.2765309912602376,0.20101875842016578,PUMP,1,-0.00017870931143107742
3.528,-6.108717857889407,0.0,-6.108311497360623,-6.108640960050993,0.0887014935608832,3.854365918938033,PUMP,1,-0.00017870931143107742
3.5300000000000002,-6.108717857889407,0.0,-6.108311497360623,-6.108525648109364,0.05765597081452967,-1.406491244922626,PUMP,1,-0.00017870931143107742
3.532,-6.108717857889407,0.0,-6.108311497360623,-6.108450695347305,0.03747638102957751,-0.92343922768398,PUMP,1,-0.00017870931143107742
3.5340000000000003,-6.108717857889407,0.0,-6.108311497360623,-6.108401976051966,0.02435964766922538,-0.6029727601813408,PUMP,1,-0.00017870931143107742
3.536,-6.108717857889407,0.0,-6.108311497360623,-6.108370308509996,0.015833770985018703,-0.39276356111187805,PUMP,1,-0.00017870931143107742
3.5380000000000003,-6.108717857889407,0.0,-6.109845478148509,-6.108886617883476,-0.2581546867399531,-0.2555573269441559,PUMP,1,-0.00017870931143107742
3.54,-6.108717857889407,0.0,-6.108311497360623,-6.108685325700478,0.10064609149917914,3.6594134614423948,PUMP,1,-0.00017870931143107742
3.5420000000000003,-6.108717857889407,0.0,-6.106777516572738,-6.108017592505768,0.3338665973546817,-1.5881976061431542,PUMP,1,-0.00017870931143107742
3.544,-6.108717857889407,0.0,-6.106777516572738,-6.1075835659292075,0.21701328828038768,-4.417810905879206,PUMP,1,-0.00017870931143107742
3.5460000000000003,-6.108717857889407,0.0,-6.111379458936394,-6.108912128481723,-0.6642812762578387,-3.236957970475342,PUMP,1,-0.00017870931143107742
3.548,-6.108717857889407,0.0,-6.108311497360623,-6.108701907589338,0.10511044619265775,5.131683619935588,PUMP,1,-0.00017870931143107742
3.5500000000000003,-6.108717857889407,0.0,-6.109845478148509,-6.109102157285048,-0.20012484785514317,-1.6554250065007563,PUMP,1,-0.00017870931143107742
3.552,-6.108717857889407,0.0,-6.109845478148509,-6.10936231958726,-0.13008115110579865,2.9707348752207285,PUMP,1,-0.00017870931143107742
3.5540000000000003,-6.108717857889407,0.0,-6.108311497360623,-6.108994531807937,0.1838938896612241,2.0105270708469423,PUMP,1,-0.00017870931143107742
3.556,-6.108717857889407,0.0,-6.109845478148509,-6.109292363027137,-0.1489156095999533,-2.7651035199165035,PUMP,1,-0.00017870931143107742
3.5580000000000003,-6.108717857889407,0.0,-6.109845478148509,-6.109485953319617,-0.09679514624005847,2.280684515247423,PUMP,1,-0.00017870931143107742
3.56,-6.108717857889407,0.0,-6.109845478148509,-6.1096117870097295,-0.06291684505610462,1.5156014087625735,PUMP,1,-0.00017870931143107742
3.5620000000000003,-6.108717857889407,0.0,-6.108311497360623,-6.109156685632542,0.22755068859359184,0.9939952017951015,PUMP,1,-0.00017870931143107742
3.564,-6.108717857889407,0.0,-6.108311497360623,-6.108860869737371,0.14790794758567927,-3.3034564174597585,PUMP,1,-0.00017870931143107742
3.5660000000000003,-6.108717857889407,0.0,-6.106777516572738,-6.10813169612975,0.36458680381068476,-2.2779156092836934,PUMP,1,-0.00017870931143107742
3.568,-6.108717857889407,0.0,-6.111379458936394,-6.109268413112075,-0.5683584911628792,-4.642971453107704,PUMP,1,-0.00017870931143107742
3.5700000000000003,-6.108717857889407,0.0,-6.106777516572738,-6.108396599323307,0.4359068943839972,5.238356567394571,PUMP,1,-0.00017870931143107742
3.572,-6.108717857889407,0.0,-6.109845478148509,-6.108903706912128,-0.25355379441016623,-5.028018385549798,PUMP,1,-0.00017870931143107742
3.5740000000000003,-6.108717857889407,0.0,-6.108311497360623,-6.108696433569101,0.103636671513474,3.608800863487823,PUMP,1,-0.00017870931143107742
3.576,-6.108717857889407,0.0,-6.108311497360623,-6.1085617058961335,0.06736383648364708,-1.633274894720655,PUMP,1,-0.00017870931143107742
3.5780000000000003,-6.108717857889407,0.0,-6.109845478148509,-6.109011026184465,-0.22466014416577806,-1.0759675123012686,PUMP,1,-0.00017870931143107742
3.58,-6.108717857889407,0.0,-6.109845478148509,-6.109303084371881,-0.14602909370786676,3.2749574828206223,PUMP,1,-0.00017870931143107742
3.5820000000000003,-6.108717857889407,0.0,-6.109845478148509,-6.1094929221937,-0.09491891090984694,2.239798955347563,PUMP,1,-0.00017870931143107742
3.584,-6.108717857889407,0.0,-6.106777516572738,-6.108542530226363,0.47519598366863036,1.4871287655603866,PUMP,1,-0.00017870931143107742
3.586,-6.108717857889407,0.0,-6.105243535784852,-6.107387882171834,0.5773240272644031,-5.160599093040276,PUMP,1,-0.00017870931143107742
3.588,-6.108717857889407,0.0,-6.106777516572738,-6.1071742542121505,0.10681397984191321,-5.378480704457747,PUMP,1,-0.00017870931143107742
3.59,-6.108717857889407,0.0,-6.109845478148509,-6.108109182589876,-0.4674641888628983,-1.7107886772921153,PUMP,1,-0.00017870931143107742
3.592,-6.108717857889407,0.0,-6.109845478148509,-6.108716886035398,-0.3038517227609283,5.166151277799891,PUMP,1,-0.00017870931143107742
3.594,-6.108717857889407,0.0,-6.108311497360623,-6.108574999999227,0.07094301808541204,4.122437385196445,PUMP,1,-0.00017870931143107742
3.596,-6.108717857889407,0.0,-6.106777516572738,-6.107945880799956,0.31455959963588853,-1.1318875454633988,PUMP,1,-0.00017870931143107742
3.598,-6.108717857889407,0.0,-6.108311497360623,-6.10807384659619,-0.06398289811704316,-4.257830454161104,PUMP,1,-0.00017870931143107742
3.6,-6.108717857889407,0.0,-6.108311497360623,-6.1081570243637415,-0.041588883775922625,1.0285597399858755,PUMP,1,-0.00017870931143107742
3.602,-6.108717857889407,0.0,-6.108311497360623,-6.1082110899126505,-0.027032774454482933,0.6709680337838081,PUMP,1,-0.00017870931143107742
3.604,-6.108717857889407,0.0,-6.106777516572738,-6.107709339243681,0.25087533448475696,0.43669874761634714,PUMP,1,-0.00017870931143107742
3.606,-6.108717857889407,0.0,-6.106777516572738,-6.107383201308851,0.1630689674150254,-3.63045487221249,PUMP,1,-0.00017870931143107742
3.608,-6.108717857889407,0.0,-6.106777516572738,-6.107171211651211,0.10599482881978872,-2.5321756123476864,PUMP,1,-0.00017870931143107742
3.61,-6.108717857889407,0.0,-6.106777516572738,-6.107033418373746,0.06889663873277385,-1.6982888962751115,PUMP,1,-0.00017870931143107742
3.612,-6.108717857889407,0.0,-6.111379458936394,-6.108554532570673,-0.7605570984634547,-1.1193523753244095,PUMP,1,-0.00017870931143107742
3.614,-6.108717857889407,0.0,-6.108311497360623,-6.108469470247155,0.04253116175867433,4.799309867336959,PUMP,1,-0.00017870931143107742
3.616,-6.108717857889407,0.0,-6.108311497360623,-6.10841417973687,0.02764525514287186,-0.6836219521040368,PUMP,1,-0.00017870931143107742
3.618,-6.108717857889407,0.0,-6.106777516572738,-6.1078413476294235,0.2864160537230376,-0.445530355949284,PUMP,1,-0.00017870931143107742
3.62,-6.108717857889407,0.0,-6.108311497360623,-6.1080059000353435,-0.0822762029599744,-3.9992403819931783,PUMP,1,-0.00017870931143107742
3.622,-6.108717857889407,0.0,-6.108311497360623,-6.108112859099191,-0.05347953192380572,1.3169002003648547,PUMP,1,-0.00017870931143107742
3.624,-6.108717857889407,0.0,-6.111379458936394,-6.1092561690422125,-0.5716549715106822,0.8613661008281083,PUMP,1,-0.00017870931143107742
3.626,-6.108717857889407,0.0,-6.106777516572738,-6.108388640677896,0.43376418215812507,5.238859678692614,PUMP,1,-0.00017870931143107742
3.628,-6.108717857889407,0.0,-6.111379458936394,-6.10943542706837,-0.5233931952370874,-5.019198443157234,PUMP,1,-0.00017870931143107742
3.63,-6.108717857889407,0.0,-6.108311497360623,-6.109042051670659,0.1966876988555022,5.1993906183809075,PUMP,1,-0.00017870931143107742
3.632,-6.108717857889407,0.0,-6.109845478148509,-6.109323250937907,-0.14059963362367256,-2.9291750145697146,PUMP,1,-0.00017870931143107742
3.634,-6.108717857889407,0.0,-6.109845478148509,-6.109506030461618,-0.09138976185552039,2.16237537556554,PUMP,1,-0.00017870931143107742
3.636,-6.108717857889407,0.0,-6.106777516572738,-6.10855105060051,0.4774899305539648,1.4334256614622127,PUMP,1,-0.00017870931143107742
3.638,-6.108717857889407,0.0,-6.109845478148509,-6.109004100242309,-0.22652482089968728,-5.166661384095911,PUMP,1,-0.00017870931143107742
3.64,-6.108717857889407,0.0,-6.106777516572738,-6.108224795957959,0.3896521421751231,3.2973171278718643,PUMP,1,-0.00017870931143107742
3.642,-6.108717857889407,0.0,-6.109845478148509,-6.108792034724652,-0.2836193833464229,-4.800030826524832,PUMP,1,-0.00017870931143107742
3.644,-6.108717857889407,0.0,-6.109845478148509,-6.109160739923002,-0.18435259917515268,3.9264436627438095,PUMP,1,-0.00017870931143107742
3.646,-6.108717857889407,0.0,-6.109845478148509,-6.109400398301929,-0.11982918946351617,2.7657459508877578,PUMP,1,-0.00017870931143107742
3.648,-6.108717857889407,0.0,-6.108311497360623,-6.109019282972472,0.19055766472853009,1.8603022264554379,PUMP,1,-0.00017870931143107742
3.65,-6.108717857889407,0.0,-6.106777516572738,-6.108234664732565,0.39230911995336015,-2.8511906527970226,PUMP,1,-0.00017870931143107742
3.652,-6.108717857889407,0.0,-6.108311497360623,-6.108261556152386,-0.013445709910353543,-4.815285501671709,PUMP,1,-0.00017870931143107742
3.654,-6.108717857889407,0.0,-6.106777516572738,-6.107742142299509,0.2597069264385077,0.21731269816929838,PUMP,1,-0.00017870931143107742
3.656,-6.108717857889407,0.0,-6.109845478148509,-6.108478309846659,-0.3680837735751119,-3.726415072236988,PUMP,1,-0.00017870931143107742
3.658,-6.108717857889407,0.0,-6.108311497360623,-6.1084199254765466,0.029192185056370334,4.647042100000147,PUMP,1,-0.00017870931143107742
3.66,-6.108717857889407,0.0,-6.108311497360623,-6.108381975635973,0.018974920286574104,-0.47035010292990104,PUMP,1,-0.00017870931143107742
3.662,-6.108717857889407,0.0,-6.108311497360623,-6.108357308239601,0.012333698186317577,-0.30615022876674786,PUMP,1,-0.00017870931143107742
3.664,-6.108717857889407,0.0,-6.108311497360623,-6.108341274431958,0.008016903821239652,-0.1991334652883493,PUMP,1,-0.00017870931143107742
3.666,-6.108717857889407,0.0,-6.109845478148509,-6.108867745732751,-0.2632356503964317,-0.1294823592900352,PUMP,1,-0.00017870931143107742
3.668,-6.108717857889407,0.0,-6.109845478148509,-6.109209952078267,-0.17110317275781384,3.71447434404617,PUMP,1,-0.00017870931143107742
3.67,-6.108717857889407,0.0,-6.109845478148509,-6.109432386202852,-0.11121706229255679,2.5881932523176534,PUMP,1,-0.00017870931143107742
3.672,-6.108717857889407,0.0,-6.106777516572738,-6.108503181832312,0.4646021852701132,1.7325260629482633,PUMP,1,-0.00017870931143107742
3.674,-6.108717857889407,0.0,-6.106777516572738,-6.10789919899146,0.3019914204256402,-5.130228358038032,PUMP,1,-0.00017870931143107742
3.676,-6.108717857889407,0.0,-6.111379458936394,-6.109117289972187,-0.6090454903633358,-4.146054114282989,PUMP,1,-0.00017870931143107742
3.678,-6.108717857889407,0.0,-6.109845478148509,-6.1093721558339,-0.12743293085648588,5.223114987314614,PUMP,1,-0.00017870931143107742
3.68,-6.108717857889407,0.0,-6.109845478148509,-6.1095378186440135,-0.08283140505671582,1.9719259125180912,PUMP,1,-0.00017870931143107742
3.682,-6.108717857889407,0.0,-6.111379458936394,-6.110182392746347,-0.32228705116654766,1.3024363799212244,PUMP,1,-0.00017870931143107742
3.684,-6.108717857889407,0.0,-6.11291343972428,-6.111138259188623,-0.4779332211382048,4.208491016355146,PUMP,1,-0.00017870931143107742
3.686,-6.108717857889407,0.0,-6.109845478148509,-6.110685785824583,0.22623668201982028,4.9924267068379,PUMP,1,-0.00017870931143107742
3.688,-6.108717857889407,0.0,-6.108311497360623,-6.109854784862197,0.4155004811932095,-3.228774364818265,PUMP,1,-0.00017870931143107742
3.69,-6.108717857889407,0.0,-6.105243535784852,-6.108240847685126,0.8069685885354616,-4.841346608430787,PUMP,1,-0.00017870931143107742
3.692,-6.108717857889407,0.0,-6.108311497360623,-6.10826557507155,-0.012363693211892013,-4.581831880727103,PUMP,1,-0.00017870931143107742
3.694,-6.108717857889407,0.0,-6.108311497360623,-6.108281647872726,-0.008036400588107284,0.19982648440075257,PUMP,1,-0.00017870931143107742
3.696,-6.108717857889407,0.0,-6.106777516572738,-6.10775520191773,0.2632229774981454,0.12988549790554513,PUMP,1,-0.00017870931143107742
3.698,-6.108717857889407,0.0,-6.111379458936394,-6.109023691874262,-0.6342449782663628,-3.7638316149255115,PUMP,1,-0.00017870931143107742
3.7,-6.108717857889407,0.0,-6.109845478148509,-6.109311317070249,-0.14381259799334245,5.191107620556221,PUMP,1,-0.00017870931143107742
3.702,-6.108717857889407,0.0,-6.109845478148509,-6.10949827344764,-0.09347818869542834,2.2082729693993395,PUMP,1,-0.00017870931143107742
3.704,-6.108717857889407,0.0,-6.108311497360623,-6.109082901817184,0.20768581522778717,1.4652281637106073,PUMP,1,-0.00017870931143107742
3.706,-6.108717857889407,0.0,-6.108311497360623,-6.108812910257388,0.13499577989817269,-3.0661172845503404,PUMP,1,-0.00017870931143107742
3.708,-6.108717857889407,0.0,-6.109845478148509,-6.109174309019281,-0.18069938094633642,-2.0946231326266225,PUMP,1,-0.00017870931143107742
3.71,-6.108717857889407,0.0,-6.108311497360623,-6.10887232493875,0.15099204026514101,2.7172656026586117,PUMP,1,-0.00017870931143107742
3.712,-6.108717857889407,0.0,-6.109845478148509,-6.109212928562166,-0.1703018117078514,-2.3210661409518694,PUMP,1,-0.00017870931143107742
3.714,-6.108717857889407,0.0,-6.108311497360623,-6.108897427641626,0.15775046027011186,2.577303841560954,PUMP,1,-0.00017870931143107742
3.716,-6.108717857889407,0.0,-6.106777516572738,-6.108155458767515,0.37098443705563255,-2.414744436868924,PUMP,1,-0.00017870931143107742
3.718,-6.108717857889407,0.0,-6.108311497360623,-6.108210072275103,-0.027306753794142935,-4.685326896573551,PUMP,1,-0.00017870931143107742
3.72,-6.108717857889407,0.0,-6.106777516572738,-6.107708677779275,0.25069724791393355,0.44111720128303256,PUMP,1,-0.00017870931143107742
3.722,-6.108717857889407,0.0,-6.109845478148509,-6.108456557908507,-0.3739400646161073,-3.6284909399087937,PUMP,1,-0.00017870931143107742
3.724,-6.108717857889407,0.0,-6.111379458936394,-6.109479573268268,-0.5115076798802853,4.687418836461481,PUMP,1,-0.00017870931143107742
3.726,-6.108717857889407,0.0,-6.109845478148509,-6.109607639976352,-0.06403335404225885,5.178772382424219,PUMP,1,-0.00017870931143107742
3.728,-6.108717857889407,0.0,-6.105243535784852,-6.108080203509327,0.7637182335127335,1.0114063568144736,PUMP,1,-0.00017870931143107742
3.73,-6.108717857889407,0.0,-6.109845478148509,-6.10869804963304,-0.30892306185670293,-4.823816643138271,PUMP,1,-0.00017870931143107742
3.732,-6.108717857889407,0.0,-6.108311497360623,-6.108562756337695,0.06764664767278106,4.169280461913087,PUMP,1,-0.00017870931143107742
3.734,-6.108717857889407,0.0,-6.108311497360623,-6.10847481569572,0.043970320987352096,-1.0803925201201714,PUMP,1,-0.00017870931143107742
3.736,-6.108717857889407,0.0,-6.106777516572738,-6.107880761002676,0.29702734652214957,-0.7065417054409382,PUMP,1,-0.00017870931143107742
3.738,-6.108717857889407,0.0,-6.109845478148509,-6.108568412003717,-0.3438255005208113,-4.100255593047255,PUMP,1,-0.00017870931143107742
3.74,-6.108717857889407,0.0,-6.108311497360623,-6.108478491878635,0.04496006254139928,4.466511061043327,PUMP,1,-0.00017870931143107742
3.742,-6.108717857889407,0.0,-6.109845478148509,-6.10895693707309,-0.23922259722786166,-0.7222927592047244,PUMP,1,-0.00017870931143107742
3.744,-6.108717857889407,0.0,-6.109845478148509,-6.109267926449487,-0.15549468819830992,3.4466207904362736,PUMP,1,-0.00017870931143107742
3.746,-6.108717857889407,0.0,-6.109845478148509,-6.109470069544145,-0.10107154732885704,2.373136448932339,PUMP,1,-0.00017870931143107742
3.748,-6.108717857889407,0.0,-6.108311497360623,-6.109064569279912,0.20275013211623616,1.580288183318161,PUMP,1,-0.00017870931143107742
3.75,-6.108717857889407,0.0,-6.108311497360623,-6.108800994108161,0.13178758587573114,-3.005138738101801,PUMP,1,-0.00017870931143107742
3.7520000000000002,-6.108717857889407,0.0,-6.108311497360623,-6.108629670246523,0.08566193081893658,-2.048444265515547,PUMP,1,-0.00017870931143107742
3.754,-6.108717857889407,0.0,-6.111379458936394,-6.109592096287978,-0.48121302072745564,-1.3598491212324342,PUMP,1,-0.00017870931143107742
3.7560000000000002,-6.108717857889407,0.0,-6.108311497360623,-6.109143886663404,0.22410481228707368,5.105853703745047,PUMP,1,-0.00017870931143107742
3.758,-6.108717857889407,0.0,-6.108311497360623,-6.1088525504074305,0.1456681279865535,-3.2632308811540245,PUMP,1,-0.00017870931143107742
3.7600000000000002,-6.108717857889407,0.0,-6.108311497360623,-6.108663181841048,0.09468428319125977,-2.246422712064918,PUMP,1,-0.00017870931143107742
3.762,-6.108717857889407,0.0,-6.108311497360623,-6.108540092272899,0.06154478407438546,-1.4978282888128738,PUMP,1,-0.00017870931143107742
3.7640000000000002,-6.108717857889407,0.0,-6.108311497360623,-6.108460084053602,0.04000410964843937,-0.9846835121024073,PUMP,1,-0.00017870931143107742
3.766,-6.108717857889407,0.0,-6.106777516572738,-6.107871185435299,0.2944493091514566,-0.643330748254766,PUMP,1,-0.00017870931143107742
3.7680000000000002,-6.108717857889407,0.0,-6.108311497360623,-6.108025294609162,-0.07705458693152423,-4.076103425108925,PUMP,1,-0.00017870931143107742
3.77,-6.108717857889407,0.0,-6.108311497360623,-6.108125465572174,-0.0500854815057572,1.2350134436365425,PUMP,1,-0.00017870931143107742
3.7720000000000002,-6.108717857889407,0.0,-6.106777516572738,-6.107653683422371,0.23589107490140648,0.8071285553784354,PUMP,1,-0.00017870931143107742
3.774,-6.108717857889407,0.0,-6.108311497360623,-6.107883918300759,-0.1151174391940124,-3.46126032577236,PUMP,1,-0.00017870931143107742
3.7760000000000002,-6.108717857889407,0.0,-6.109845478148509,-6.108570464247472,-0.34327297335634555,1.8224931566215339,PUMP,1,-0.00017870931143107742
3.778,-6.108717857889407,0.0,-6.109845478148509,-6.109016719112835,-0.22312743268138036,4.4621497831076775,PUMP,1,-0.00017870931143107742
3.7800000000000002,-6.108717857889407,0.0,-6.108311497360623,-6.108769891499561,0.12341380663682955,3.2564962847601437,PUMP,1,-0.00017870931143107742
3.782,-6.108717857889407,0.0,-6.106777516572738,-6.108072560275173,0.34866561219404346,-1.9267708490547901,PUMP,1,-0.00017870931143107742
3.7840000000000003,-6.108717857889407,0.0,-6.108311497360623,-6.10815618825508,-0.041813989953620734,-4.530784937054231,PUMP,1,-0.00017870931143107742
3.786,-6.108717857889407,0.0,-6.106777516572738,-6.10767365316626,0.24126754441011755,0.6745818347307878,PUMP,1,-0.00017870931143107742
3.7880000000000003,-6.108717857889407,0.0,-6.108311497360623,-6.107896898634287,-0.11162273401366107,-3.5228831110821544,PUMP,1,-0.00017870931143107742
3.79,-6.108717857889407,0.0,-6.109845478148509,-6.108578901464265,-0.3410014149887175,1.7695624422323302,PUMP,1,-0.00017870931143107742
3.7920000000000003,-6.108717857889407,0.0,-6.106777516572738,-6.10794841675223,0.31524235601709805,4.444103001363108,PUMP,1,-0.00017870931143107742
3.794,-6.108717857889407,0.0,-6.109845478148509,-6.108612388240928,-0.33198574434889494,-4.263730573197471,PUMP,1,-0.00017870931143107742
3.7960000000000003,-6.108717857889407,0.0,-6.106777516572738,-6.107970183157062,0.32110254193318255,4.37062773971896,PUMP,1,-0.00017870931143107742
3.798,-6.108717857889407,0.0,-6.108311497360623,-6.1080896431283085,-0.05972998562331355,-4.313641068617062,PUMP,1,-0.00017870931143107742
3.8000000000000003,-6.108717857889407,0.0,-6.103709554996966,-6.106556612282339,0.7665154229847815,0.9609878503227479,PUMP,1,-0.00017870931143107742
3.802,-6.108717857889407,0.0,-6.109845478148509,-6.107707715335499,-0.5755515265799538,-4.93881016819489,PUMP,1,-0.00017870931143107742
3.8040000000000003,-6.108717857889407,0.0,-6.109845478148509,-6.1084559323200525,-0.37410849227681453,5.354611341212545,PUMP,1,-0.00017870931143107742
3.806,-6.108717857889407,0.0,-6.109845478148509,-6.108942273360013,-0.24317051998012928,4.6885616586718974,PUMP,1,-0.00017870931143107742
3.8080000000000003,-6.108717857889407,0.0,-6.109845478148509,-6.109258395035987,-0.158060837986973,3.491975429435472,PUMP,1,-0.00017870931143107742
3.81,-6.108717857889407,0.0,-6.109845478148509,-6.109463874125369,-0.10273954469131041,2.408913444920497,PUMP,1,-0.00017870931143107742
3.8120000000000003,-6.108717857889407,0.0,-6.108311497360623,-6.1090605422577084,0.20166593383041942,1.6054380879640775,PUMP,1,-0.00017870931143107742
3.814,-6.108717857889407,0.0,-6.105243535784852,-6.107724589992209,0.6679761327497147,-2.9916391651699286,PUMP,1,-0.00017870931143107742
3.8160000000000003,-6.108717857889407,0.0,-6.108311497360623,-6.107930007571154,-0.10270878947249429,-5.217030613385197,PUMP,1,-0.00017870931143107742
3.818,-6.108717857889407,0.0,-6.109845478148509,-6.108600422273228,-0.3352073510369813,1.6335527587268874,PUMP,1,-0.00017870931143107742
3.8200000000000003,-6.108717857889407,0.0,-6.109845478148509,-6.109036191829577,-0.21788477817441532,4.397221877337761,PUMP,1,-0.00017870931143107742
3.822,-6.108717857889407,0.0,-6.109845478148509,-6.109319442041203,-0.1416251058130591,3.192792985772424,PUMP,1,-0.00017870931143107742
3.8240000000000003,-6.108717857889407,0.0,-6.108311497360623,-6.1089666614030005,0.17639031910121616,2.1770496724796216,PUMP,1,-0.00017870931143107742
3.826,-6.108717857889407,0.0,-6.108311497360623,-6.108737353988168,0.11465370741614578,-2.6665671548747056,PUMP,1,-0.00017870931143107742
3.8280000000000003,-6.108717857889407,0.0,-6.108311497360623,-6.108588304168528,0.0745249098201839,-1.7977911793881691,PUMP,1,-0.00017870931143107742
3.83,-6.108717857889407,0.0,-6.108311497360623,-6.108491421785761,0.0484411913834748,-1.1876673274962473,PUMP,1,-0.00017870931143107742
3.8320000000000003,-6.108717857889407,0.0,-6.106777516572738,-6.107891554961203,0.2999334122790742,-0.7776161732747665,PUMP,1,-0.00017870931143107742
3.834,-6.108717857889407,0.0,-6.108311497360623,-6.108038534801,-0.07348991989841736,-4.127180022709847,PUMP,1,-0.00017870931143107742
3.8360000000000003,-6.108717857889407,0.0,-6.109845478148509,-6.108670964972628,-0.31621508581425317,1.1789115666591874,PUMP,1,-0.00017870931143107742
3.838,-6.108717857889407,0.0,-6.108311497360623,-6.108545151308427,0.06290683210075088,4.235017720732359,PUMP,1,-0.00017870931143107742
3.84,-6.108717857889407,0.0,-6.108311497360623,-6.108463372426695,0.040889440865665705,-1.0060896225860494,PUMP,1,-0.00017870931143107742
3.842,-6.108717857889407,0.0,-6.109845478148509,-6.10894710942933,-0.24186850131746596,-0.6574529489607461,PUMP,1,-0.00017870931143107742
3.844,-6.108717857889407,0.0,-6.106777516572738,-6.108187751929523,0.37967874990352257,3.477074049976653,PUMP,1,-0.00017870931143107742
3.846,-6.108717857889407,0.0,-6.109845478148509,-6.108767956106168,-0.2901020883223637,-4.740392118186874,PUMP,1,-0.00017870931143107742
3.848,-6.108717857889407,0.0,-6.108311497360623,-6.108608195545227,0.07988028047023477,3.9908201254051376,PUMP,1,-0.00017870931143107742
3.85,-6.108717857889407,0.0,-6.108311497360623,-6.108504351180616,0.0519221823056526,-1.2707072518509537,PUMP,1,-0.00017870931143107742
3.852,-6.108717857889407,0.0,-6.109845478148509,-6.1089737456193784,-0.23469721938118582,-0.8328127418423057,PUMP,1,-0.00017870931143107742
3.854,-6.108717857889407,0.0,-6.108311497360623,-6.108741958728814,0.11589344528228906,3.394006424938715,PUMP,1,-0.00017870931143107742
3.856,-6.108717857889407,0.0,-6.108311497360623,-6.108591297249947,0.07533073943344348,-1.8161460624478138,PUMP,1,-0.00017870931143107742
3.858,-6.108717857889407,0.0,-6.109845478148509,-6.1090302605644435,-0.21948165724827717,-1.2001903105457639,PUMP,1,-0.00017870931143107742
3.86,-6.108717857889407,0.0,-6.108311497360623,-6.1087786934431065,0.12578356066850205,3.212287414658137,PUMP,1,-0.00017870931143107742
3.862,-6.108717857889407,0.0,-6.111379458936394,-6.109688961365757,-0.4551339613252381,-1.9613683455607647,PUMP,1,-0.00017870931143107742
3.864,-6.108717857889407,0.0,-6.109845478148509,-6.10974374223972,-0.02739043698163357,5.01893867933915,PUMP,1,-0.00017870931143107742
3.866,-6.108717857889407,0.0,-6.108311497360623,-6.109242456532036,0.25064285384202023,0.43475858905370857,PUMP,1,-0.00017870931143107742
3.868,-6.108717857889407,0.0,-6.109845478148509,-6.109453514097802,-0.10552878288283551,-3.5624740790900393,PUMP,1,-0.00017870931143107742
3.87,-6.108717857889407,0.0,-6.108311497360623,-6.109053808239789,0.1998529290063722,1.6473895373546625,PUMP,1,-0.00017870931143107742
3.872,-6.108717857889407,0.0,-6.111379458936394,-6.109867785983601,-0.4069888719060444,-2.968981428693976,PUMP,1,-0.00017870931143107742
3.874,-6.108717857889407,0.0,-6.108311497360623,-6.109323084965559,0.27235050902119085,4.797475267843932,PUMP,1,-0.00017870931143107742
3.876,-6.108717857889407,0.0,-6.111379458936394,-6.110042815855351,-0.3598654448961902,-3.7887465868776458,PUMP,1,-0.00017870931143107742
3.878,-6.108717857889407,0.0,-6.106777516572738,-6.108899961106436,0.5714273744574783,4.50155872968472,PUMP,1,-0.00017870931143107742
3.88,-6.108717857889407,0.0,-6.108311497360623,-6.108693998795402,0.10298115551732323,-5.26555101723119,PUMP,1,-0.00017870931143107742
3.882,-6.108717857889407,0.0,-6.109845478148509,-6.109097016568989,-0.20150888679371093,-1.6234090994150547,PUMP,1,-0.00017870931143107742
3.884,-6.108717857889407,0.0,-6.106777516572738,-6.108285191570301,0.4059124993438523,2.988379793617588,PUMP,1,-0.00017870931143107742
3.886,-6.108717857889407,0.0,-6.108311497360623,-6.1082943985969145,-0.00460351330655584,-4.889234457897785,PUMP,1,-0.00017870931143107742
3.888,-6.108717857889407,0.0,-6.108311497360623,-6.108300383164212,-0.0029922836488616156,0.07439806548208694,PUMP,1,-0.00017870931143107742
3.89,-6.108717857889407,0.0,-6.106777516572738,-6.107767379857196,0.2665016535079445,0.04835658206251447,PUMP,1,-0.00017870931143107742
3.892,-6.108717857889407,0.0,-6.111379458936394,-6.109031607534916,-0.6321138388596381,-3.798315213865977,PUMP,1,-0.00017870931143107742
3.894,-6.108717857889407,0.0,-6.106777516572738,-6.108242675698153,0.3944659183812149,5.1944574250952025,PUMP,1,-0.00017870931143107742
3.896,-6.108717857889407,0.0,-6.114447420512166,-6.110414336383058,-1.085830342452354,-4.8274730479220835,PUMP,1,-0.00017870931143107742
3.898,-6.108717857889407,0.0,-6.106777516572738,-6.109141449449446,0.6364434668060248,2.1702007367094653,PUMP,1,-0.00017870931143107742
3.9,-6.108717857889407,0.0,-6.108311497360623,-6.108850966218358,0.14524161554385628,-5.177654482602957,PUMP,1,-0.00017870931143107742
3.902,-6.108717857889407,0.0,-6.106777516572738,-6.108125258842391,0.3628536879833888,-2.24041112254132,PUMP,1,-0.00017870931143107742
3.904,-6.108717857889407,0.0,-6.105243535784852,-6.107116655772252,0.50430153506964,-4.6312288448038705,PUMP,1,-0.00017870931143107742
3.906,-6.108717857889407,0.0,-6.108311497360623,-6.107534850328182,-0.20909727796514233,-5.332632617592825,PUMP,1,-0.00017870931143107742
3.908,-6.108717857889407,0.0,-6.109845478148509,-6.108343570065297,-0.4043598685572469,3.140017832098621,PUMP,1,-0.00017870931143107742
3.91,-6.108717857889407,0.0,-6.108311497360623,-6.1083323446186615,0.005612723317671708,4.87718990003207,PUMP,1,-0.00017870931143107742
3.912,-6.108717857889407,0.0,-6.109845478148509,-6.1088619413541085,-0.2647983677235288,-0.09066699949073873,PUMP,1,-0.00017870931143107742
3.914,-6.108717857889407,0.0,-6.109845478148509,-6.109206179232149,-0.17211893902002728,3.731232206031611,PUMP,1,-0.00017870931143107742
3.916,-6.108717857889407,0.0,-6.106777516572738,-6.108356147301355,0.4250159653969021,2.601971895369873,PUMP,1,-0.00017870931143107742
3.918,-6.108717857889407,0.0,-6.109845478148509,-6.108877413097859,-0.2606328982519557,-4.981451822240225,PUMP,1,-0.00017870931143107742
3.92,-6.108717857889407,0.0,-6.109845478148509,-6.109216235865587,-0.16941138386394883,3.6863787198326876,PUMP,1,-0.00017870931143107742
3.922,-6.108717857889407,0.0,-6.111379458936394,-6.1099733639403695,-0.37856403739144895,2.5651844274013857,PUMP,1,-0.00017870931143107742
3.924,-6.108717857889407,0.0,-6.108311497360623,-6.109391710637459,0.2908266514554114,4.6284812809020135,PUMP,1,-0.00017870931143107742
3.926,-6.108717857889407,0.0,-6.108311497360623,-6.109013635990566,0.1890373234463283,-3.967808150932443,PUMP,1,-0.00017870931143107742
3.928,-6.108717857889407,0.0,-6.106777516572738,-6.108230994194326,0.3913208981201066,-2.8316692704782107,PUMP,1,-0.00017870931143107742
3.93,-6.108717857889407,0.0,-6.108311497360623,-6.10825917030253,-0.01408805410196834,-4.809642820557987,PUMP,1,-0.00017870931143107742
3.932,-6.108717857889407,0.0,-6.108311497360623,-6.108277484772863,-0.009157235166590283,0.22769285191807884,PUMP,1,-0.00017870931143107742
3.934,-6.108717857889407,0.0,-6.106777516572738,-6.107752495902819,0.2624944350220204,0.14800212402264376,PUMP,1,-0.00017870931143107742
3.936,-6.108717857889407,0.0,-6.108311497360623,-6.10794814641305,-0.09782525511559115,-3.7561157562595,PUMP,1,-0.00017870931143107742
3.938,-6.108717857889407,0.0,-6.106777516572738,-6.107538425968941,0.20486022205457033,1.5584614434328594,PUMP,1,-0.00017870931143107742
3.94,-6.108717857889407,0.0,-6.108311497360623,-6.1078090009560295,-0.13528749354430047,-3.0861951089562862,PUMP,1,-0.00017870931143107742
3.942,-6.108717857889407,0.0,-6.105243535784852,-6.106911088146117,0.44895640495612454,2.123277941513082,PUMP,1,-0.00017870931143107742
3.944,-6.108717857889407,0.0,-6.109845478148509,-6.107938124646955,-0.5135182504187874,-5.179638805370986,PUMP,1,-0.00017870931143107742
3.946,-6.108717857889407,0.0,-6.111379458936394,-6.109142591648259,-0.6022335006519164,5.291576111923239,PUMP,1,-0.00017870931143107742
3.948,-6.108717857889407,0.0,-6.109845478148509,-6.109388601923347,-0.12300513754404108,5.228863185434654,PUMP,1,-0.00017870931143107742
3.95,-6.108717857889407,0.0,-6.111379458936394,-6.110085401877913,-0.348399977283087,1.907065457995218,PUMP,1,-0.00017870931143107742
3.952,-6.108717857889407,0.0,-6.111379458936394,-6.110538321848382,-0.22645998523440625,4.4175192537945005,PUMP,1,-0.00017870931143107742
3.954,-6.108717857889407,0.0,-6.108311497360623,-6.109758933277666,0.38969428535784445,3.237049728372835,PUMP,1,-0.00017870931143107742
3.956,-6.108717857889407,0.0,-6.106777516572738,-6.108715437430941,0.5217479233623479,-4.708399278154137,PUMP,1,-0.00017870931143107742
3.958,-6.108717857889407,0.0,-6.111379458936394,-6.10964784495785,-0.46620376345440917,-5.248723429471482,PUMP,1,-0.00017870931143107742
3.96,-6.108717857889407,0.0,-6.109845478148509,-6.109717016574581,-0.0345858083652395,5.058610728835241,PUMP,1,-0.00017870931143107742
3.962,-6.108717857889407,0.0,-6.109845478148509,-6.109761978125456,-0.022480775437649925,0.5486633366117605,PUMP,1,-0.00017870931143107742
3.964,-6.108717857889407,0.0,-6.111379458936394,-6.110328096409284,-0.283059141914066,0.3569235725949801,PUMP,1,-0.00017870931143107742
3.966,-6.108717857889407,0.0,-6.111379458936394,-6.110696073293773,-0.18398844224432054,3.848865118656292,PUMP,1,-0.00017870931143107742
3.968,-6.108717857889407,0.0,-6.106777516572738,-6.10932457844141,0.6857474261812158,2.711588495390516,PUMP,1,-0.00017870931143107742
3.97,-6.108717857889407,0.0,-6.108311497360623,-6.108970000063135,0.17728918913784142,-5.036000277902015,PUMP,1,-0.00017870931143107742
3.972,-6.108717857889407,0.0,-6.105243535784852,-6.1076657375657355,0.6521312486995612,-2.6784590351412874,PUMP,1,-0.00017870931143107742
3.974,-6.108717857889407,0.0,-6.109845478148509,-6.108428646769706,-0.38145460198535375,-5.26113877340779,PUMP,1,-0.00017870931143107742
3.976,-6.108717857889407,0.0,-6.108311497360623,-6.108387644476527,0.020501146589690933,4.737406042647662,PUMP,1,-0.00017870931143107742
3.978,-6.108717857889407,0.0,-6.108311497360623,-6.10836099298596,0.013325745283232493,-0.33071527245485777,PUMP,1,-0.00017870931143107742
3.98,-6.108717857889407,0.0,-6.105243535784852,-6.107269882965572,0.5455550101940432,-0.21513093876031034,PUMP,1,-0.00017870931143107742
3.982,-6.108717857889407,0.0,-6.111379458936394,-6.10870823455536,-0.7191757948938893,-5.379258337462448,PUMP,1,-0.00017870931143107742
3.984,-6.108717857889407,0.0,-6.106777516572738,-6.108032483261442,0.3378756469589739,4.967270308553796,PUMP,1,-0.00017870931143107742
3.986,-6.108717857889407,0.0,-6.106777516572738,-6.107593244920396,0.2196191705232664,-4.449243412159904,PUMP,1,-0.00017870931143107742
3.988,-6.108717857889407,0.0,-6.111379458936394,-6.108918419825995,-0.6625874527999009,-3.2686442008909715,PUMP,1,-0.00017870931143107742
3.99,-6.108717857889407,0.0,-6.109845478148509,-6.109242890238876,-0.1622352064400978,5.135630009111596,PUMP,1,-0.00017870931143107742
3.992,-6.108717857889407,0.0,-6.106777516572738,-6.108380009455727,0.43144039157416714,2.4667640558951076,PUMP,1,-0.00017870931143107742
3.994,-6.108717857889407,0.0,-6.111379458936394,-6.109429816773961,-0.5249036591168377,-5.00944433905649,PUMP,1,-0.00017870931143107742
3.996,-6.108717857889407,0.0,-6.108311497360623,-6.109038404979293,0.1957058973340864,5.201695010555334,PUMP,1,-0.00017870931143107742
3.998,-6.108717857889407,0.0,-6.109845478148509,-6.109320880588519,-0.14123780461305913,-2.916763649210166,PUMP,1,-0.00017870931143107742
