t,th,om,th_meas,th_hat,om_hat,duty,mode,valid,E
0.0,0.17453292519943295,0.0,0.17333982903107745,0.17411534154050853,-0.2087918294622071,0.0,BALANCE,1,-0.00017884313154028722
0.002,0.17453292519943295,0.0,0.1718058482431918,0.17330701888644767,-0.4041613270304306,2.1584246129802533,BALANCE,1,-0.00017884313154028722
0.004,0.17453292519943295,0.0,0.17487380981896308,0.17385539571282807,0.27418841319019893,1.7339233874938689,BALANCE,1,-0.00017884313154028722
0.006,0.17453292519943295,0.0,0.17333982903107745,0.17367494737421535,-0.09022416930636046,3.302075953843137,BALANCE,1,-0.00017884313154028722
0.008,0.17453292519943295,0.0,0.17487380981896308,0.17409454922987705,0.20980092783084991,2.5014359900908003,BALANCE,1,-0.00017884313154028722
0.01,0.17453292519943295,0.0,0.17487380981896308,0.17436729043605717,0.13637060309006077,3.233725516134397,BALANCE,1,-0.00017884313154028722
0.012,0.17453292519943295,0.0,0.17487380981896308,0.17454457222007425,0.08864089200853742,3.1026381633877116,BALANCE,1,-0.00017884313154028722
0.014,0.17453292519943295,0.0,0.17487380981896308,0.17465980537968534,0.05761657980554724,3.0272507145527605,BALANCE,1,-0.00017884313154028722
0.016,0.17453292519943295,0.0,0.17333982903107745,0.1741978136576726,-0.23099586100637504,2.988501178026062,BALANCE,1,-0.00017884313154028722
0.018000000000000002,0.17453292519943295,0.0,0.17487380981896308,0.17443441231412427,0.11829932822583766,2.313071981234895,BALANCE,1,-0.00017884313154028722
0.02,0.17453292519943295,0.0,0.17333982903107745,0.17405130816505787,-0.19155207453319667,3.1998882790859238,BALANCE,1,-0.00017884313154028722
0.022,0.17453292519943295,0.0,0.17487380981896308,0.1743391837439247,0.14393778943341817,2.4591391717222844,BALANCE,1,-0.00017884313154028722
0.024,0.17453292519943295,0.0,0.17487380981896308,0.17452630287018814,0.09355956313171487,3.331884829194395,BALANCE,1,-0.00017884313154028722
0.026000000000000002,0.17453292519943295,0.0,0.17333982903107745,0.17411103702649938,-0.20763292184437787,3.2427269379486026,BALANCE,1,-0.00017884313154028722
0.028,0.17453292519943295,0.0,0.17333982903107745,0.1738411142281017,-0.13496139919884353,2.4980324036065236,BALANCE,1,-0.00017884313154028722
0.03,0.17453292519943295,0.0,0.17333982903107745,0.17366566440914322,-0.08772490947923928,2.7072927143714596,BALANCE,1,-0.00017884313154028722
0.032,0.17453292519943295,0.0,0.17333982903107745,0.1735516220268202,-0.05702119116150761,2.8554956189249396,BALANCE,1,-0.00017884313154028722
0.034,0.17453292519943295,0.0,0.17640779060684875,0.1745512810298302,0.4998295015049975,2.9635827088780515,BALANCE,1,-0.00017884313154028722
0.036000000000000004,0.17453292519943295,0.0,0.17333982903107745,0.17412727283026674,-0.2120040997817263,4.4970933428481725,BALANCE,1,-0.00017884313154028722
0.038,0.17453292519943295,0.0,0.17333982903107745,0.17385166750055048,-0.1378026648581332,2.616207677105258,BALANCE,1,-0.00017884313154028722
0.04,0.17453292519943295,0.0,0.17487380981896308,0.17420941731199488,0.1788749057222011,2.8388300776703312,BALANCE,1,-0.00017884313154028722
0.042,0.17453292519943295,0.0,0.17487380981896308,0.17444195468943374,0.11626868871943141,3.743337101780553,BALANCE,1,-0.00017884313154028722
0.044,0.17453292519943295,0.0,0.17333982903107745,0.17405621070900903,-0.1928719902123538,3.6102671068904857,BALANCE,1,-0.00017884313154028722
0.046,0.17453292519943295,0.0,0.17487380981896308,0.17434237039749295,0.1430798442419584,2.7717107642985193,BALANCE,1,-0.00017884313154028722
0.048,0.17453292519943295,0.0,0.17794177139473438,0.17560216074652746,0.6298951745172532,3.7533643608316676,BALANCE,1,-0.00017884313154028722
0.05,0.17453292519943295,0.0,0.17794177139473438,0.17642102447339988,0.4094318634362132,5.202415134992419,BALANCE,1,-0.00017884313154028722
0.052000000000000005,0.17453292519943295,0.0,0.17333982903107745,0.17534260606858704,-0.5392092024064238,4.631865572493662,BALANCE,1,-0.00017884313154028722
0.054,0.17453292519943295,0.0,0.17640779060684875,0.17571542065697865,0.18640729419580615,1.8955397783857049,BALANCE,1,-0.00017884313154028722
0.056,0.17453292519943295,0.0,0.17640779060684875,0.17595775013943318,0.12116474122726706,4.049031650925695,BALANCE,1,-0.00017884313154028722
0.058,0.17453292519943295,0.0,0.17487380981896308,0.17557837102726864,-0.18968955608227034,3.8974681581834933,BALANCE,1,-0.00017884313154028722
0.06,0.17453292519943295,0.0,0.17487380981896308,0.1753317746043617,-0.12329821145347364,2.9963002180764424,BALANCE,1,-0.00017884313154028722
0.062,0.17453292519943295,0.0,0.17333982903107745,0.1746345936537122,-0.34859047532474763,3.217991587679458,BALANCE,1,-0.00017884313154028722
0.064,0.17453292519943295,0.0,0.17333982903107745,0.17418142603579004,-0.2265838089610811,2.5470903989243405,BALANCE,1,-0.00017884313154028722
0.066,0.17453292519943295,0.0,0.1718058482431918,0.17334997380838066,-0.4157261137046897,2.9340751926786957,BALANCE,1,-0.00017884313154028722
0.068,0.17453292519943295,0.0,0.17640779060684875,0.1744202096878445,0.5351179397319189,2.356985145773725,BALANCE,1,-0.00017884313154028722
0.07,0.17453292519943295,0.0,0.17487380981896308,0.174578969733736,0.07938002294574642,5.36637411519318,BALANCE,1,-0.00017884313154028722
0.07200000000000001,0.17453292519943295,0.0,0.17487380981896308,0.17468216376356546,0.05159701491473656,3.9815746017932008,BALANCE,1,-0.00017884313154028722
0.074,0.17453292519943295,0.0,0.17333982903107745,0.17421234660719465,-0.23490857818540822,3.929291323191709,BALANCE,1,-0.00017884313154028722
0.076,0.17453292519943295,0.0,0.17333982903107745,0.17390696545555362,-0.15269057582051326,3.0353114454600703,BALANCE,1,-0.00017884313154028722
0.078,0.17453292519943295,0.0,0.17487380981896308,0.17424536098274693,0.16919776359665406,3.3190905478896577,BALANCE,1,-0.00017884313154028722
0.08,0.17453292519943295,0.0,0.17333982903107745,0.1739284247996626,-0.15846809154215769,4.400945128229889,BALANCE,1,-0.00017884313154028722
0.082,0.17453292519943295,0.0,0.17487380981896308,0.17425930955641777,0.16544237837758102,3.3553325137606627,BALANCE,1,-0.00017884313154028722
0.084,0.17453292519943295,0.0,0.17333982903107745,0.17393749137254866,-0.16090909193455794,4.460793445169975,BALANCE,1,-0.00017884313154028722
0.08600000000000001,0.17453292519943295,0.0,0.17333982903107745,0.17372830955303373,-0.10459090975746543,3.4018139140397974,BALANCE,1,-0.00017884313154028722
0.088,0.17453292519943295,0.0,0.17487380981896308,0.174129234646109,0.20046254653763307,3.6133608879811763,BALANCE,1,-0.00017884313154028722
0.09,0.17453292519943295,0.0,0.17333982903107745,0.17385294268084794,-0.1381459826305248,4.684002108240811,BALANCE,1,-0.00017884313154028722
0.092,0.17453292519943295,0.0,0.17487380981896308,0.17421024617918823,0.17865174917014448,3.558954416179996,BALANCE,1,-0.00017884313154028722
0.094,0.17453292519943295,0.0,0.17487380981896308,0.17444249345310944,0.11612363696060501,4.6844609759420175,BALANCE,1,-0.00017884313154028722
0.096,0.17453292519943295,0.0,0.1718058482431918,0.17351966762963827,-0.4614129117355842,4.509460297048464,BALANCE,1,-0.00017884313154028722
0.098,0.17453292519943295,0.0,0.1718058482431918,0.172919830844382,-0.2999183926281346,2.505379713269606,BALANCE,1,-0.00017884313154028722
0.1,0.17453292519943295,0.0,0.17794177139473438,0.17467751003700532,0.8788395963116591,3.0783580073967456,BALANCE,1,-0.00017884313154028722
0.10200000000000001,0.17453292519943295,0.0,0.17487380981896308,0.17474621496069054,0.03435246184260721,7.322921453011673,BALANCE,1,-0.00017884313154028722
0.10400000000000001,0.17453292519943295,0.0,0.17333982903107745,0.17425397988532595,-0.2461175376822916,4.363156548311451,BALANCE,1,-0.00017884313154028722
0.106,0.17453292519943295,0.0,0.17487380981896308,0.17447092036209894,0.1084702383864905,3.3743577806482077,BALANCE,1,-0.00017884313154028722
0.108,0.17453292519943295,0.0,0.17333982903107745,0.17407503839624142,-0.19794098292875983,4.690013483174941,BALANCE,1,-0.00017884313154028722
0.11,0.17453292519943295,0.0,0.17487380981896308,0.174354608394194,0.13978499897629448,3.5957067012114403,BALANCE,1,-0.00017884313154028722
0.112,0.17453292519943295,0.0,0.17487380981896308,0.1745363288928632,0.0908602493345928,4.871090277599936,BALANCE,1,-0.00017884313154028722
0.114,0.17453292519943295,0.0,0.17640779060684875,0.17519134049275814,0.3275057999474751,4.729622171120827,BALANCE,1,-0.00017884313154028722
0.116,0.17453292519943295,0.0,0.17027186745530618,0.17346952492964995,-0.8609077815540933,5.663179582571226,BALANCE,1,-0.00017884313154028722
0.11800000000000001,0.17453292519943295,0.0,0.17333982903107745,0.1734241313651496,-0.0226967822501839,1.193585880995964,BALANCE,1,-0.00017884313154028722
0.12,0.17453292519943295,0.0,0.17640779060684875,0.17446841209974429,0.5221403672973496,4.373099718480089,BALANCE,1,-0.00017884313154028722
0.122,0.17453292519943295,0.0,0.17640779060684875,0.17514719457723085,0.3393912387432835,6.50730280519425,BALANCE,1,-0.00017884313154028722
0.124,0.17453292519943295,0.0,0.17487380981896308,0.17505150991183713,-0.047842332696862444,5.869062235274119,BALANCE,1,-0.00017884313154028722
0.126,0.17453292519943295,0.0,0.17333982903107745,0.17445242160357124,-0.29954415413294133,4.4108271398286965,BALANCE,1,-0.00017884313154028722
0.128,0.17453292519943295,0.0,0.17640779060684875,0.17513680075471838,0.34218957557356766,3.445996874582065,BALANCE,1,-0.00017884313154028722
0.13,0.17453292519943295,0.0,0.17640779060684875,0.17558164720296401,0.2224232241228169,6.001737774062139,BALANCE,1,-0.00017884313154028722
0.132,0.17453292519943295,0.0,0.17640779060684875,0.17587079739432368,0.14457509567983307,5.582026907104543,BALANCE,1,-0.00017884313154028722
0.134,0.17453292519943295,0.0,0.17333982903107745,0.1749849584671875,-0.44291946356808665,5.318350543227092,BALANCE,1,-0.00017884313154028722
0.136,0.17453292519943295,0.0,0.17333982903107745,0.174409163164549,-0.2878976513192577,2.981548363961548,BALANCE,1,-0.00017884313154028722
0.138,0.17453292519943295,0.0,0.1718058482431918,0.173498002942074,-0.4555801112375024,3.609422670649183,BALANCE,1,-0.00017884313154028722
0.14,0.17453292519943295,0.0,0.17794177139473438,0.17505332190050513,0.77765947921557,2.9290152585563645,BALANCE,1,-0.00017884313154028722
0.14200000000000002,0.17453292519943295,0.0,0.17794177139473438,0.17606427922348536,0.5054786614901163,8.019256506814928,BALANCE,1,-0.00017884313154028722
0.14400000000000002,0.17453292519943295,0.0,0.17027186745530618,0.17403693510462265,-1.0136720594313557,6.982818994828029,BALANCE,1,-0.00017884313154028722
0.146,0.17453292519943295,0.0,0.1718058482431918,0.17325605470312186,-0.3904402007503943,0.6967942381265527,BALANCE,1,-0.00017884313154028722
0.148,0.17453292519943295,0.0,0.17487380981896308,0.1738222689936663,0.2831071452722156,3.26986549942522,BALANCE,1,-0.00017884313154028722
0.15,0.17453292519943295,0.0,0.17640779060684875,0.17472720155828014,0.4524662823069264,6.124571392336817,BALANCE,1,-0.00017884313154028722
0.152,0.17453292519943295,0.0,0.17487380981896308,0.17477851444951917,0.025656445619512414,6.902376430755807,BALANCE,1,-0.00017884313154028722
0.154,0.17453292519943295,0.0,0.17487380981896308,0.17481186782882455,0.016676689652689314,5.139246955677168,BALANCE,1,-0.00017884313154028722
0.156,0.17453292519943295,0.0,0.17487380981896308,0.17483354752537303,0.010839848274241115,5.134185728948788,BALANCE,1,-0.00017884313154028722
0.158,0.17453292519943295,0.0,0.17333982903107745,0.17431074605236957,-0.26140073650172957,5.1418010520491535,BALANCE,1,-0.00017884313154028722
0.16,0.17453292519943295,0.0,0.1718058482431918,0.17343403181915734,-0.438357116606114,3.98326461418242,BALANCE,1,-0.00017884313154028722
0.162,0.17453292519943295,0.0,0.1718058482431918,0.1728641675675694,-0.2849321257939741,3.213430000110756,BALANCE,1,-0.00017884313154028722
0.164,0.17453292519943295,0.0,0.17640779060684875,0.17410443563131717,0.6201340318738868,3.8865768479723766,BALANCE,1,-0.00017884313154028722
0.166,0.17453292519943295,0.0,0.17947575218262002,0.17598439642427316,0.9399803964779962,7.926015795843677,BALANCE,1,-0.00017884313154028722
0.168,0.17453292519943295,0.0,0.17333982903107745,0.17505879783665465,-0.46279929380925455,9.445018183246832,BALANCE,1,-0.00017884313154028722
0.17,0.17453292519943295,0.0,0.17333982903107745,0.17445715875470263,-0.3008195409760078,3.2324893542506836,BALANCE,1,-0.00017884313154028722
0.17200000000000001,0.17453292519943295,0.0,0.17640779060684875,0.17513987990295377,0.3413605741255654,3.958509460497201,BALANCE,1,-0.00017884313154028722
0.17400000000000002,0.17453292519943295,0.0,0.17640779060684875,0.175583648649317,0.22188437318161613,6.894286520808484,BALANCE,1,-0.00017884313154028722
0.176,0.17453292519943295,0.0,0.17487380981896308,0.17533520505869313,-0.12422179531193511,6.407544144479879,BALANCE,1,-0.00017884313154028722
0.178,0.17453292519943295,0.0,0.17640779060684875,0.1757106100005476,0.18770247092723957,4.860744783450344,BALANCE,1,-0.00017884313154028722
0.18,0.17453292519943295,0.0,0.1718058482431918,0.17434394338547307,-0.6833333075372677,6.330103328068462,BALANCE,1,-0.00017884313154028722
0.182,0.17453292519943295,0.0,0.17333982903107745,0.1739925033614346,-0.17572001201923704,2.30961573583993,BALANCE,1,-0.00017884313154028722
0.184,0.17453292519943295,0.0,0.17794177139473438,0.1753747471730895,0.6911219058274576,4.664856504703763,BALANCE,1,-0.00017884313154028722
0.186,0.17453292519943295,0.0,0.17487380981896308,0.17519941909914527,-0.087664036972121,8.776589863458238,BALANCE,1,-0.00017884313154028722
0.188,0.17453292519943295,0.0,0.17333982903107745,0.17454856257532153,-0.3254282619118698,5.169673482577292,BALANCE,1,-0.00017884313154028722
0.19,0.17453292519943295,0.0,0.17640779060684875,0.17519929238635606,0.32536490551726693,4.057046667896769,BALANCE,1,-0.00017884313154028722
0.192,0.17453292519943295,0.0,0.17487380981896308,0.1750853734877685,-0.05695944929377805,7.186781738073748,BALANCE,1,-0.00017884313154028722
0.194,0.17453292519943295,0.0,0.17487380981896308,0.17501132620368662,-0.037023642040945326,5.400341472577966,BALANCE,1,-0.00017884313154028722
0.196,0.17453292519943295,0.0,0.17333982903107745,0.1744263021932734,-0.2925120052066077,5.523633370301537,BALANCE,1,-0.00017884313154028722
0.198,0.17453292519943295,0.0,0.17487380981896308,0.17458292986226479,0.07831383449569129,4.303260248279171,BALANCE,1,-0.00017884313154028722
0.2,0.17453292519943295,0.0,0.17333982903107745,0.17414784457134921,-0.21754264545778557,6.129951045274322,BALANCE,1,-0.00017884313154028722
0.202,0.17453292519943295,0.0,0.17487380981896308,0.17440193240801408,0.12704391833243123,4.706953072629552,BALANCE,1,-0.00017884313154028722
0.20400000000000001,0.17453292519943295,0.0,0.1718058482431918,0.17349330295032628,-0.45431472884389923,6.43000275192642,BALANCE,1,-0.00017884313154028722
0.20600000000000002,0.17453292519943295,0.0,0.17487380981896308,0.17397648035434915,0.241588702011436,3.56960669585756,BALANCE,1,-0.00017884313154028722
0.20800000000000002,0.17453292519943295,0.0,0.17487380981896308,0.17429054566696403,0.15703265630744034,7.052954241773323,BALANCE,1,-0.00017884313154028722
0.21,0.17453292519943295,0.0,0.17487380981896308,0.1744946881201637,0.10207122659983137,6.680256079108093,BALANCE,1,-0.00017884313154028722
0.212,0.17453292519943295,0.0,0.17487380981896308,0.17462738071474349,0.06634629728989594,6.447634170308315,BALANCE,1,-0.00017884313154028722
0.214,0.17453292519943295,0.0,0.17487380981896308,0.17471363090122036,0.04312509323843583,6.306560403018004,BALANCE,1,-0.00017884313154028722
0.216,0.17453292519943295,0.0,0.17333982903107745,0.17423280024667034,-0.24041532727500647,6.225317002431706,BALANCE,1,-0.00017884313154028722
0.218,0.17453292519943295,0.0,0.17487380981896308,0.1744571535969728,0.11217667515123209,4.798921167754391,BALANCE,1,-0.00017884313154028722
0.22,0.17453292519943295,0.0,0.17333982903107745,0.17406608999890943,-0.19553179903168683,6.6349501693801205,BALANCE,1,-0.00017884313154028722
0.222,0.17453292519943295,0.0,0.17640779060684875,0.17488568521168818,0.4097976063893727,5.073989289676411,BALANCE,1,-0.00017884313154028722
0.224,0.17453292519943295,0.0,0.17487380981896308,0.17488152882423438,-0.0020781937268982142,8.256846101058807,BALANCE,1,-0.00017884313154028722
0.226,0.17453292519943295,0.0,0.17333982903107745,0.17434193389662944,-0.2697974638024708,6.16000359631302,BALANCE,1,-0.00017884313154028722
0.228,0.17453292519943295,0.0,0.1718058482431918,0.17345430391792627,-0.4438149893515875,4.774814071948304,BALANCE,1,-0.00017884313154028722
0.23,0.17453292519943295,0.0,0.1718058482431918,0.17287734443176922,-0.28847974307852353,3.8544335984631473,BALANCE,1,-0.00017884313154028722
0.232,0.17453292519943295,0.0,0.17333982903107745,0.1730392140415271,0.080934804878946,4.672459833636953,BALANCE,1,-0.00017884313154028722
0.234,0.17453292519943295,0.0,0.17487380981896308,0.1736813225636297,0.32105426105129287,6.659787215413875,BALANCE,1,-0.00017884313154028722
0.23600000000000002,0.17453292519943295,0.0,0.17333982903107745,0.1735617998272364,-0.05976136819664524,7.995480331216243,BALANCE,1,-0.00017884313154028722
0.23800000000000002,0.17453292519943295,0.0,0.17333982903107745,0.17348411004858078,-0.038844889327815935,5.99242587027737,BALANCE,1,-0.00017884313154028722
0.24,0.17453292519943295,0.0,0.17487380981896308,0.1739705049682146,0.24319745981690732,6.131878239335884,BALANCE,1,-0.00017884313154028722
0.242,0.17453292519943295,0.0,0.17640779060684875,0.17482355494173654,0.42652498676097605,7.7049041426681235,BALANCE,1,-0.00017884313154028722
0.244,0.17453292519943295,0.0,0.17794177139473438,0.1759149307002858,0.5456878792746284,8.770314279731588,BALANCE,1,-0.00017884313154028722
0.246,0.17453292519943295,0.0,0.17487380981896308,0.17555053839182286,-0.1821961542314704,9.504305105400364,BALANCE,1,-0.00017884313154028722
0.248,0.17453292519943295,0.0,0.17487380981896308,0.17531368339132195,-0.11842750025045645,5.5436632267615895,BALANCE,1,-0.00017884313154028722
0.25,0.17453292519943295,0.0,0.17794177139473438,0.1762335141925163,0.45991540059717173,5.913205497325525,BALANCE,1,-0.00017884313154028722
0.252,0.17453292519943295,0.0,0.17487380981896308,0.17575761766177267,-0.23794826537180958,9.180026526948474,BALANCE,1,-0.00017884313154028722
0.254,0.17453292519943295,0.0,0.17333982903107745,0.17491139164102934,-0.4231130103716646,5.321779647840965,BALANCE,1,-0.00017884313154028722
0.256,0.17453292519943295,0.0,0.17487380981896308,0.17489823800330614,-0.006576818861597777,4.279497659363753,BALANCE,1,-0.00017884313154028722
0.258,0.17453292519943295,0.0,0.17487380981896308,0.17488968813878608,-0.004274932260031616,6.639936541176603,BALANCE,1,-0.00017884313154028722
0.26,0.17453292519943295,0.0,0.17640779060684875,0.175421024002608,0.2656679319109623,6.684023792954676,BALANCE,1,-0.00017884313154028722
0.262,0.17453292519943295,0.0,0.17487380981896308,0.1752294990383323,-0.09576248213785665,8.267193466925015,BALANCE,1,-0.00017884313154028722
0.264,0.17453292519943295,0.0,0.17487380981896308,0.17510500781155308,-0.062245613389605436,6.23875496149679,BALANCE,1,-0.00017884313154028722
0.266,0.17453292519943295,0.0,0.17640779060684875,0.17556098178990656,0.22798698917673998,6.454922470972329,BALANCE,1,-0.00017884313154028722
0.268,0.17453292519943295,0.0,0.17640779060684875,0.17585736487583634,0.14819154296488724,8.172174499557132,BALANCE,1,-0.00017884313154028722
0.27,0.17453292519943295,0.0,0.1718058482431918,0.17443933405441076,-0.7090154107127905,7.7604705388857464,BALANCE,1,-0.00017884313154028722
0.272,0.17453292519943295,0.0,0.1718058482431918,0.17351761402048413,-0.46086001696331313,2.7638971473119534,BALANCE,1,-0.00017884313154028722
0.274,0.17453292519943295,0.0,0.17487380981896308,0.17399228254995175,0.23733426473381003,4.18725435914739,BALANCE,1,-0.00017884313154028722
0.276,0.17453292519943295,0.0,0.17333982903107745,0.17376392381834574,-0.11417936580300492,8.315601967333368,BALANCE,1,-0.00017884313154028722
0.278,0.17453292519943295,0.0,0.17333982903107745,0.17361549064280185,-0.07421658777194418,6.2755271216423605,BALANCE,1,-0.00017884313154028722
0.28,0.17453292519943295,0.0,0.17487380981896308,0.17405590235445828,0.22020585582821495,6.534165584745745,BALANCE,1,-0.00017884313154028722
0.28200000000000003,0.17453292519943295,0.0,0.17640779060684875,0.17487906324279495,0.4115804441683357,8.329678736466676,BALANCE,1,-0.00017884313154028722
0.28400000000000003,0.17453292519943295,0.0,0.17487380981896308,0.17487722454445379,-0.000919349170583339,9.541853870271774,BALANCE,1,-0.00017884313154028722
0.28600000000000003,0.17453292519943295,0.0,0.17333982903107745,0.17433913611477206,-0.2690442148408634,7.112847171825719,BALANCE,1,-0.00017884313154028722
0.28800000000000003,0.17453292519943295,0.0,0.17640779060684875,0.1750631651869989,0.36201453611342527,5.508830829960812,BALANCE,1,-0.00017884313154028722
0.29,0.17453292519943295,0.0,0.17640779060684875,0.17553378408394635,0.23530944847371948,9.377410226764807,BALANCE,1,-0.00017884313154028722
0.292,0.17453292519943295,0.0,0.17487380981896308,0.1753027930912022,-0.11549549637207557,8.66881896457663,BALANCE,1,-0.00017884313154028722
0.294,0.17453292519943295,0.0,0.1718058482431918,0.17407886239439857,-0.6119653484018134,6.558079334850493,BALANCE,1,-0.00017884313154028722
0.296,0.17453292519943295,0.0,0.17640779060684875,0.17489398726875613,0.4075624371787795,3.4951791246883275,BALANCE,1,-0.00017884313154028722
0.298,0.17453292519943295,0.0,0.17487380981896308,0.17488692516132856,-0.003531053713784482,9.815502748869795,BALANCE,1,-0.00017884313154028722
0.3,0.17453292519943295,0.0,0.17333982903107745,0.17434544151574066,-0.270741822793949,7.318081566496338,BALANCE,1,-0.00017884313154028722
0.302,0.17453292519943295,0.0,0.17333982903107745,0.17399347714610855,-0.17598218481605643,5.668940600037179,BALANCE,1,-0.00017884313154028722
0.304,0.17453292519943295,0.0,0.17333982903107745,0.17376470030584767,-0.11438842013043737,6.2687597419496,BALANCE,1,-0.00017884313154028722
0.306,0.17453292519943295,0.0,0.17487380981896308,0.17415288863543807,0.19409416479519714,6.671198002243269,BALANCE,1,-0.00017884313154028722
0.308,0.17453292519943295,0.0,0.17947575218262002,0.17601589087695174,0.9315011207568363,8.65459745738759,BALANCE,1,-0.00017884313154028722
0.31,0.17453292519943295,0.0,0.17487380981896308,0.1756161625066557,-0.19986418514801596,13.424500934861193,BALANCE,1,-0.00017884313154028722
0.312,0.17453292519943295,0.0,0.17333982903107745,0.1748194457902033,-0.39835835822620014,6.294284923801062,BALANCE,1,-0.00017884313154028722
0.314,0.17453292519943295,0.0,0.17640779060684875,0.17537536647602922,0.2779603429129557,5.023094966755203,BALANCE,1,-0.00017884313154028722
0.316,0.17453292519943295,0.0,0.17487380981896308,0.17519982164605608,-0.08777241498657273,9.390079817700162,BALANCE,1,-0.00017884313154028722
0.318,0.17453292519943295,0.0,0.17487380981896308,0.17508571750657353,-0.057052069741270195,7.074640819355203,BALANCE,1,-0.00017884313154028722
0.32,0.17453292519943295,0.0,0.17333982903107745,0.1744746565401499,-0.3055304832118161,7.296905718812512,BALANCE,1,-0.00017884313154028722
0.322,0.17453292519943295,0.0,0.17487380981896308,0.17461436018773452,0.06985182379230792,5.692490941394726,BALANCE,1,-0.00017884313154028722
0.324,0.17453292519943295,0.0,0.17333982903107745,0.17416827428290454,-0.22304295241498684,8.160771211929392,BALANCE,1,-0.00017884313154028722
0.326,0.17453292519943295,0.0,0.17487380981896308,0.17441521172052504,0.12346871881024901,6.263784705403019,BALANCE,1,-0.00017884313154028722
0.328,0.17453292519943295,0.0,0.17333982903107745,0.1740388277792184,-0.18819197065332582,8.569890186970895,BALANCE,1,-0.00017884313154028722
0.33,0.17453292519943295,0.0,0.17640779060684875,0.17486796476888902,0.41456849483531566,6.538258576500978,BALANCE,1,-0.00017884313154028722
0.332,0.17453292519943295,0.0,0.17333982903107745,0.17433311726065498,-0.2674237541170216,10.581908464103254,BALANCE,1,-0.00017884313154028722
0.334,0.17453292519943295,0.0,0.17487380981896308,0.1745223596560628,0.09462119770391186,6.0791102595108315,BALANCE,1,-0.00017884313154028722
0.336,0.17453292519943295,0.0,0.17333982903107745,0.17410847393731793,-0.20694285937243595,8.5218808640727,BALANCE,1,-0.00017884313154028722
0.338,0.17453292519943295,0.0,0.17333982903107745,0.17383944822013375,-0.1345128585920896,6.5218530477979435,BALANCE,1,-0.00017884313154028722
0.34,0.17453292519943295,0.0,0.17333982903107745,0.17366458150396405,-0.08743335808485131,7.021497119717782,BALANCE,1,-0.00017884313154028722
0.342,0.17453292519943295,0.0,0.17333982903107745,0.17355091813845375,-0.05683168275515127,7.35844540013579,BALANCE,1,-0.00017884313154028722
0.34400000000000003,0.17453292519943295,0.0,0.17487380981896308,0.174013930226632,0.23150604408912756,7.589214339624794,BALANCE,1,-0.00017884313154028722
0.34600000000000003,0.17453292519943295,0.0,0.17333982903107745,0.1737779948081879,-0.11796770922205269,9.597967262693997,BALANCE,1,-0.00017884313154028722
0.34800000000000003,0.17453292519943295,0.0,0.17487380981896308,0.17416153006195922,0.19176762688566384,7.242723439251243,BALANCE,1,-0.00017884313154028722
0.35000000000000003,0.17453292519943295,0.0,0.17333982903107745,0.1738739347011506,-0.14379768040431729,9.408106599224912,BALANCE,1,-0.00017884313154028722
0.352,0.17453292519943295,0.0,0.17333982903107745,0.173686997716625,-0.0934684922627993,7.1262878009865895,BALANCE,1,-0.00017884313154028722
0.354,0.17453292519943295,0.0,0.17487380981896308,0.17410238195244332,0.20769211790916398,7.492159414224586,BALANCE,1,-0.00017884313154028722
0.356,0.17453292519943295,0.0,0.17333982903107745,0.17383548842996527,-0.13344676123902555,9.625235276181172,BALANCE,1,-0.00017884313154028722
0.358,0.17453292519943295,0.0,0.17640779060684875,0.1747357941918745,0.45015288095461015,7.27915460985996,BALANCE,1,-0.00017884313154028722
0.36,0.17453292519943295,0.0,0.17027186745530618,0.17317341983407558,-0.7811871788994534,11.420418567768628,BALANCE,1,-0.00017884313154028722
0.362,0.17453292519943295,0.0,0.17333982903107745,0.17323166305302623,0.029121609475324384,2.768002506039876,BALANCE,1,-0.00017884313154028722
0.364,0.17453292519943295,0.0,0.17640779060684875,0.17434330769686412,0.5558223219189473,8.476481732811964,BALANCE,1,-0.00017884313154028722
0.366,0.17453292519943295,0.0,0.17640779060684875,0.17506587671535875,0.36128450924731437,12.277706835813014,BALANCE,1,-0.00017884313154028722
0.368,0.17453292519943295,0.0,0.17333982903107745,0.1744617600258603,-0.3020583447492231,10.98110552706016,BALANCE,1,-0.00017884313154028722
0.37,0.17453292519943295,0.0,0.17487380981896308,0.17460597745344628,0.07210871379298434,6.277999901357674,BALANCE,1,-0.00017884313154028722
0.372,0.17453292519943295,0.0,0.17794177139473438,0.17577350533289712,0.5837639397254235,8.978070996360433,BALANCE,1,-0.00017884313154028722
0.374,0.17448439133812463,-0.048534740453444775,0.17333982903107745,0.17492171862726025,-0.42589335281843776,12.732481555610024,BALANCE,1,-0.00017849266669440057
0.376,0.174389205171656,-0.046653150308384905,0.17640779060684875,0.1754418438201162,0.2600625964279818,5.480792878682368,BALANCE,1,-0.0001783172990006424
0.378,0.17429584991046437,-0.04670380203649889,0.17333982903107745,0.17470613864395265,-0.36785258808177956,10.475417246542651,BALANCE,1,-0.00017812616512406565
0.38,0.17420526204611161,-0.04388570336590168,0.1718058482431918,0.17369103700368635,-0.5075508201331513,5.931016474641792,BALANCE,1,-0.000177968514150819
0.382,0.17412383912044502,-0.03753869734721241,0.17333982903107745,0.17356811421327323,-0.06146139520656069,4.887386212591645,BALANCE,1,-0.0001778575437131038
0.384,0.1740549022630308,-0.03139940893464901,0.17333982903107745,0.1734882143995047,-0.03994990688425959,8.153088708385576,BALANCE,1,-0.00017776212306227243
0.386,0.17399788041725237,-0.025623469869667837,0.17487380981896308,0.17397317279631513,0.2424791984052127,8.336317756045355,BALANCE,1,-0.0001776810264546234
0.388,0.1739499632515578,-0.022294563914508566,0.17333982903107745,0.17375150247848195,-0.11083515891659179,10.465946795946106,BALANCE,1,-0.00017760040028029335
0.39,0.17390915518288105,-0.018514244066518422,0.17487380981896308,0.17414431004765035,0.19640378458420094,7.887349236835313,BALANCE,1,-0.00017753372195129886
0.392,0.1738739405459388,-0.01670103084926944,0.17640779060684875,0.1749365282433698,0.3961090978597259,10.209311436347415,BALANCE,1,-0.0001774688094930942
0.394,0.17383906540314084,-0.018174743773441724,0.17027186745530618,0.17330389696754753,-0.8163156379111386,11.769228597712377,BALANCE,1,-0.00017739230937106586
0.396,0.1738075765056348,-0.013314724216910233,0.17333982903107745,0.173316473189783,0.006288111117733197,2.691461722107434,BALANCE,1,-0.00017734452346386323
0.398,0.173784698860437,-0.009563335457319458,0.17333982903107745,0.17332464773423606,0.004087272226532823,8.855133163272841,BALANCE,1,-0.00017730710733328717
0.4,0.17376713755113551,-0.007998292004280306,0.17487380981896308,0.17386685446389052,0.27110336482723263,8.870503925137005,BALANCE,1,-0.00017727429457707164
0.402,0.1737484088753401,-0.010730723098762482,0.17640779060684875,0.1747561821139259,0.444663825017691,10.941268996789045,BALANCE,1,-0.00017723071924371315
0.404,0.17372295374880226,-0.014724864611488447,0.1718058482431918,0.17372356525916896,-0.5163084273784729,12.337715325988395,BALANCE,1,-0.00017716807436553644
0.406,0.17369463422663806,-0.013595170625663441,0.17487380981896308,0.17412615085509692,0.20129279796397836,5.037188889632437,BALANCE,1,-0.00017711386716114208
0.40800000000000003,0.17366649312163243,-0.014546444221630532,0.17333982903107745,0.1738509382166901,-0.13760631920341215,10.539035362400579,BALANCE,1,-0.00017705376409071002
0.41000000000000003,0.17363746791068493,-0.014479292588497885,0.17333982903107745,0.17367205000172567,-0.08944410748221165,7.972379246984729,BALANCE,1,-0.00017699493551292413
0.41200000000000003,0.1736089529236256,-0.014036211092380445,0.1718058482431918,0.17301887938623883,-0.3265853077434183,8.360046200927963,BALANCE,1,-0.000176938294022589
0.41400000000000003,0.17358343047086658,-0.011486704074423194,0.17333982903107745,0.17313121176193236,0.056166187846762305,6.530540155006518,BALANCE,1,-0.0001768933394529038
0.41600000000000004,0.17356129947082824,-0.010644696927196228,0.17640779060684875,0.17427801435765308,0.5734012978603625,9.513742674086831,BALANCE,1,-0.00017685033374653726
0.418,0.17353542020406107,-0.015235038711600899,0.17487380981896308,0.17448654276911157,0.10426420572924588,13.613534943837916,BALANCE,1,-0.00017678505545791872
0.42,0.17350065875652962,-0.01952703862036523,0.1718058482431918,0.17354829968503965,-0.4691215420359607,10.024713338697415,BALANCE,1,-0.00017669849106960873
0.422,0.17346128044999995,-0.019851981364685852,0.17333982903107745,0.1734753349561529,-0.0364823644433826,5.537165639343767,BALANCE,1,-0.00017661710985620357
0.424,0.17342114306671752,-0.02028612913107842,0.17640779060684875,0.17450169443389643,0.5131797388717718,8.938036750625946,BALANCE,1,-0.00017653371084948286
0.426,0.17337564188631618,-0.025215875668692565,0.17487380981896308,0.17463193481866976,0.065120192386664,13.339481083614306,BALANCE,1,-0.0001764173697286987
0.428,0.17331988187867767,-0.0305451422489228,0.17487380981896308,0.1747165910687724,0.04232812505132466,9.861238250458017,BALANCE,1,-0.00017627245445758733
0.43,0.17325324038739962,-0.03609755647619209,0.17487380981896308,0.17477161763133914,0.0275132812833645,9.718871876636918,BALANCE,1,-0.00017609772021972292
0.432,0.17317537817056197,-0.04176607113013698,0.1718058482431918,0.17373359834548757,-0.5190096429257829,9.637006159983876,BALANCE,1,-0.00017589266616521783
0.434,0.17309044970104828,-0.04316393720920739,0.17487380981896308,0.174132672361204,0.1995370078582137,5.263384117883522,BALANCE,1,-0.00017570777160322605
0.436,0.1730006474456609,-0.04663994533587819,0.17333982903107745,0.1738551771956597,-0.1387475827721446,11.040664346929388,BALANCE,1,-0.00017549245079397525
0.438,0.17290477928327083,-0.04922995415105567,0.17333982903107745,0.1736748053380559,-0.09018592880190301,8.351911332517972,BALANCE,1,-0.00017527174917214601
0.44,0.17280408884206863,-0.051462311557620356,0.17333982903107745,0.17355756363061345,-0.05862085372122794,8.760154643083952,BALANCE,1,-0.0001750439021190894
0.442,0.1726989646709894,-0.053663764401360455,0.17487380981896308,0.17401824979653582,0.23034308296118744,9.037290321808436,BALANCE,1,-0.00017480649421418575
0.444,0.17258706905689902,-0.05823387730617299,0.1718058482431918,0.17324390925286542,-0.38717027183519936,11.430701626882584,BALANCE,1,-0.0001745256630499847
0.446,0.17246899684908734,-0.059840470091306414,0.17487380981896308,0.1738143744509996,0.285232599067084,6.412224374786738,BALANCE,1,-0.00017426681190528992
0.448,0.1723447480935871,-0.06441053696556968,0.17333982903107745,0.17364828355402684,-0.08304544848637685,11.941623419634935,BALANCE,1,-0.00017395531819835452
0.45,0.17221176841041885,-0.06857155603002407,0.17027186745530618,0.1724665379194746,-0.5908728172761141,8.961908214028652,BALANCE,1,-0.00017362793650819685
0.452,0.17207501866657549,-0.06818066602206314,0.17487380981896308,0.17330908308429557,0.42127258241048127,4.761905494836201,BALANCE,1,-0.0001733578854892471
0.454,0.1719346058252412,-0.07223471996277016,0.17333982903107745,0.17331984416566923,0.005380540686827917,13.149254979649587,BALANCE,1,-0.0001730142515571625
0.456,0.1717856190519155,-0.07675475346341638,0.17027186745530618,0.17225305231704216,-0.5333959243135344,9.760625466358707,BALANCE,1,-0.00017264247914242396
0.458,0.17163167422607872,-0.07719286240515148,0.17027186745530618,0.17155963761543458,-0.34670735080379045,5.2720310301939355,BALANCE,1,-0.00017232563476665572
0.46,0.1714788599240638,-0.0756242092273749,0.1718058482431918,0.1716458113351496,0.04308685985751626,6.800233871961905,BALANCE,1,-0.0001720441002655226
0.462,0.17132764575697382,-0.07559269855042612,0.1718058482431918,0.17170182425296437,0.028006458907381404,10.074371143254734,BALANCE,1,-0.00017174098656656144
0.464,0.17117525109107318,-0.0768047295057461,0.17027186745530618,0.171201339373784,-0.25024243959018144,9.983663801369696,BALANCE,1,-0.0001714155601962892
0.466,0.1710216821087729,-0.07676703630902197,0.17333982903107745,0.17194981075383672,0.37423569002635604,7.653947995553675,BALANCE,1,-0.00017110837040678297
0.468,0.17086394960592485,-0.08096832559345346,0.17027186745530618,0.17136253059935103,-0.2936400772428488,12.973510273500501,BALANCE,1,-0.00017072181564486418
0.47000000000000003,0.1706997662678604,-0.08321798853712786,0.17027186745530618,0.17098079849893533,-0.19086605020784964,7.345559449000373,BALANCE,1,-0.0001703539376324627
0.47200000000000003,0.1705319009804241,-0.08465034179374065,0.17333982903107745,0.17180645918518506,0.4128303431248648,8.21665913824169,BALANCE,1,-0.00016999276767113146
0.47400000000000003,0.17035667717372108,-0.09057664128265051,0.16873788666742054,0.17073245880396748,-0.5370001906087885,13.415977777154044,BALANCE,1,-0.00016953211843051782
0.47600000000000003,0.17017381337449422,-0.09229047291676491,0.17027186745530618,0.17057125183193603,-0.0806034860157262,5.30574488635323,BALANCE,1,-0.00016913393177291387
0.47800000000000004,0.1699872626620054,-0.09426362148852004,0.17027186745530618,0.17046646730011558,-0.052392265910222724,9.212404234231823,BALANCE,1,-0.00016872295644415839
0.48,0.1697962735661432,-0.09672893686400193,0.16720390587953488,0.16932457080291233,-0.5709482486016271,9.476759020439475,BALANCE,1,-0.00016829259487017087
0.482,0.1696044196871309,-0.09512842043336533,0.1718058482431918,0.17019301790701014,0.43422355204890406,4.981345201161361,BALANCE,1,-0.0001679439171356737
0.484,0.16941055281729203,-0.09874196429842955,0.17027186745530618,0.17022061524891374,0.013798670951803427,13.716000989310876,BALANCE,1,-0.0001674841905961946
0.486,0.16920853012191994,-0.10328439395887341,0.1718058482431918,0.17077544679691106,0.2774157739986599,10.123087236361508,BALANCE,1,-0.00016698557073691032
0.488,0.16899426273373827,-0.11098687925349869,0.17027186745530618,0.17059919402734935,-0.08812638478085388,12.47430200996642,BALANCE,1,-0.00016638502183060635
0.49,0.16876500143195708,-0.11827857958136487,0.16720390587953488,0.16941084317561428,-0.594175425867538,9.320596497172343,BALANCE,1,-0.00016575308368944232
0.492,0.16852596821203183,-0.12075897476200335,0.16720390587953488,0.1686384151219865,-0.38621402681389416,4.860717061163565,BALANCE,1,-0.0001652175351209713
0.494,0.16828434973977827,-0.12086387896909837,0.16873788666742054,0.1686732301628884,0.01740752045095717,6.650626721015819,BALANCE,1,-0.00016473809201215852
0.496,0.16804100899850852,-0.12248127519039287,0.16720390587953488,0.16815896666371466,-0.25713174958687246,10.21802893683651,BALANCE,1,-0.00016421665672693476
0.498,0.1677955375573668,-0.12299461766580017,0.16720390587953488,0.16782469538925174,-0.16713563723146085,7.7995197026552034,BALANCE,1,-0.00016372026069461505
0.5,0.16754919379358113,-0.12335361384039979,0.16720390587953488,0.16760741906085083,-0.10863816420045302,8.598240981252735,BALANCE,1,-0.00016322685952480236
0.502,0.16730173089274022,-0.12411377520501346,0.16873788666742054,0.16800308272315023,0.19783183114970015,9.129497436017125,BALANCE,1,-0.00016272133666336106
0.504,0.16704965618315704,-0.12796550641732843,0.16566992509164924,0.16718647755212487,-0.4083025855126793,11.86958739115776,BALANCE,1,-0.0001621239959733007
0.506,0.16679261617935562,-0.12907915968390846,0.16720390587953488,0.16719257746671837,0.0030499572967468414,6.44820367894552,BALANCE,1,-0.0001615907214655191
0.508,0.16653207142146859,-0.13147032427872565,0.16566992509164924,0.16665964913544418,-0.2664641656370953,10.094417790554495,BALANCE,1,-0.00016101545394236154
0.51,0.16626805398747643,-0.1325518989926504,0.16720390587953488,0.16685013899587592,0.09524493021587088,7.673605060566933,BALANCE,1,-0.00016047020400547073
0.512,0.1659997868735932,-0.13572008147504816,0.16873788666742054,0.16751085068091653,0.3303558425203079,10.890928688608364,BALANCE,1,-0.00015985729681290705
0.514,0.16572124719272935,-0.14282465255498464,0.1641359443037636,0.166329633448913,-0.5906086160017698,13.01451770534204,BALANCE,1,-0.0001591048483807282
0.516,0.16543331592306257,-0.14511184090755025,0.1641359443037636,0.1655618422481107,-0.3838956004011407,4.780818102645261,BALANCE,1,-0.00015847593371146084
0.518,0.1651431944286969,-0.14501491724564544,0.16720390587953488,0.16613656451910916,0.2873611354992228,6.566698226932685,BALANCE,1,-0.0001579169894425946
0.52,0.16484934447242416,-0.1488403707184162,0.16566992509164924,0.16597324071949818,-0.08166189980549077,12.550700868759439,BALANCE,1,-0.0001572289130625345
0.522,0.16454772031009554,-0.1527892646298626,0.16566992509164924,0.16586708024975105,-0.05308023487356206,9.270189061400103,BALANCE,1,-0.00015651970397004877
0.524,0.16423783946726386,-0.1570972013255728,0.1641359443037636,0.16526118266865544,-0.3029487905478051,9.517118008629971,BALANCE,1,-0.00015578031323381758
0.526,0.16392127757761668,-0.15947043297974692,0.1641359443037636,0.1648673492409433,-0.19691671385607679,7.266031543809246,BALANCE,1,-0.00015509146232859793
0.528,0.16360072474571558,-0.16108821631029108,0.16260196351587797,0.16407446423717043,-0.39644250188643204,8.182086963689157,BALANCE,1,-0.0001544209439424233
0.53,0.16327940227778562,-0.16024008328652692,0.1641359443037636,0.16409598226047803,0.010759011653801998,6.365932706091121,BALANCE,1,-0.00015383453276556747
0.532,0.16295829801136427,-0.16087001114898594,0.16260196351587797,0.163573075699868,-0.26145328030501014,9.976284341185757,BALANCE,1,-0.00015319909169241998
0.534,0.16263709245302133,-0.16034137735515996,0.16260196351587797,0.1632331864354715,-0.16994463219825728,7.532161001463915,BALANCE,1,-0.00015260434371757372
0.536,0.1623171529569988,-0.15960392615404914,0.16260196351587797,0.16301225841361375,-0.11046401092887348,8.322742452658051,BALANCE,1,-0.0001520202578626001
0.538,0.16199835089748213,-0.15920392050520088,0.1641359443037636,0.1634055484751662,0.19664503077622408,8.836620395934188,BALANCE,1,-0.00015142795611998124
0.54,0.16167730619908943,-0.16184660604291923,0.16106798272799233,0.16258740046365533,-0.4090740057554332,11.58223133958383,BALANCE,1,-0.00015072848290602364
0.542,0.16135375224685264,-0.16171322021222181,0.16106798272799233,0.16205560425617327,-0.2658981037410302,6.164436269902519,BALANCE,1,-0.00015012056495193512
0.544,0.16103162906663335,-0.16041580835828215,0.16260196351587797,0.1622468299970699,0.09561287044831945,7.401392718636496,BALANCE,1,-0.00014955653998933974
0.546,0.16070988926982435,-0.16132983014538535,0.16260196351587797,0.16237112672865273,0.06214836579140903,10.61700469083364,BALANCE,1,-0.0001489184944893465
0.548,0.160384689371173,-0.16387597333279386,0.16106798272799233,0.16191502632842159,-0.22805020011557042,10.327890850748389,BALANCE,1,-0.00014821819355586798
0.55,0.16005557728191777,-0.16524209210208707,0.16106798272799233,0.16161856106827135,-0.14823263007511522,7.728376574172921,BALANCE,1,-0.00014755214501193593
0.552,0.15972406094509967,-0.16628026487442107,0.16106798272799233,0.1614258586491737,-0.09635120954883114,8.417953916412294,BALANCE,1,-0.0001468941003776099
0.554,0.1593902992393128,-0.16748750217023886,0.15800002115222103,0.16022681552524026,-0.5995215619667149,8.866179188867784,BALANCE,1,-0.00014622687008915904
0.556,0.1590585034320732,-0.16431433095082232,0.16106798272799233,0.16052122404620348,0.1472042604816065,4.334345054923795,BALANCE,1,-0.00014571988547042576
0.558,0.15873020943265906,-0.16398563106082437,0.1595340019401067,0.1601756963090696,-0.17276386856693304,10.970356672927062,BALANCE,1,-0.00014511990145459083
0.56,0.15840295993757167,-0.16326980796552035,0.1595340019401067,0.1599511032799326,-0.11229651456851064,8.113650700082474,BALANCE,1,-0.00014453658658865516
0.562,0.15807695049975992,-0.16274555157046913,0.15493205957644976,0.1581944379837136,-0.8783326481094922,8.636053439746751,BALANCE,1,-0.00014395005820967227
0.5640000000000001,0.15775871424541296,-0.15549648360778576,0.15493205957644976,0.15705260554117126,-0.5709162212711727,1.7408443789684203,BALANCE,1,-0.00014360698561778913
0.5660000000000001,0.15745814419234969,-0.14507902964748867,0.15493205957644976,0.15631041445351873,-0.37109554382626364,4.396743355502635,BALANCE,1,-0.0001433856219848658
0.5680000000000001,0.15717942555016218,-0.13364467601068764,0.1564660403643354,0.15636488352230457,0.027234534392919785,6.123077690249888,BALANCE,1,-0.0001432115230170006
0.5700000000000001,0.15692092077417394,-0.12486479642242941,0.1564660403643354,0.15640028841701537,0.017702447355397166,9.656785288355703,BALANCE,1,-0.00014297766240998304
0.5720000000000001,0.1566777554234999,-0.11830497218817977,0.1564660403643354,0.15642330159857737,0.011506590781001913,9.574433605111052,BALANCE,1,-0.00014270080403330277
0.5740000000000001,0.15644583689753525,-0.11361776753280242,0.15800002115222103,0.15697515344235266,0.27592592188764586,9.52090501100198,BALANCE,1,-0.0001423910657628601
0.5760000000000001,0.15621929053883735,-0.11293270746011154,0.1564660403643354,0.15679696386504663,-0.08909478865301579,11.897701705351258,BALANCE,1,-0.00014199239279240387
0.578,0.15599388896843863,-0.11247295857871266,0.1564660403643354,0.1566811406397977,-0.057911612624458875,8.651767654144797,BALANCE,1,-0.00014159090948941784
0.58,0.1557689390324999,-0.1124810649381997,0.15493205957644976,0.15606896226762593,-0.3060891860858922,8.921172142873981,BALANCE,1,-0.00014117959345233896
0.582,0.15554580070070215,-0.1106613216628106,0.15800002115222103,0.1567448328772342,0.3379353048041378,6.684694780027825,BALANCE,1,-0.00014081567749514223
0.584,0.15532213401511924,-0.11300942846409266,0.1564660403643354,0.15664725549771963,-0.04878868975728701,12.43342667723132,BALANCE,1,-0.0001403520435085384
0.586,0.1550935892681611,-0.11553947183072773,0.15493205957644976,0.1560469369252752,-0.30015928622222077,8.999988885866916,BALANCE,1,-0.00013987446353947933
0.588,0.15486208716341102,-0.11596684015274512,0.1564660403643354,0.15619362312894625,0.07334310183552961,6.73592566297332,BALANCE,1,-0.0001394432465260116
0.59,0.1546282297327027,-0.11789484074714351,0.15493205957644976,0.15575207588557247,-0.22077362168688996,10.055136470625772,BALANCE,1,-0.0001389708415203667
0.592,0.15439184561200814,-0.11849357621813722,0.15493205957644976,0.1554650701773795,-0.14350285409647778,7.421771593066576,BALANCE,1,-0.00013852749603520995
0.594,0.15415474480424937,-0.11861154099620529,0.15493205957644976,0.1552785164670541,-0.09327685516270778,8.089346044666465,BALANCE,1,-0.000138095618579836
0.596,0.15391738729040672,-0.11875028712683582,0.15339807878856412,0.15462036327958262,-0.3290765937357387,8.523269438206412,BALANCE,1,-0.00013766340238031873
0.598,0.1536818603809734,-0.11678090347169036,0.15339807878856412,0.15419256370772613,-0.21389978592824266,6.393729363487378,BALANCE,1,-0.00013728813066908976
0.6,0.15345110088057035,-0.11398279159160904,0.15339807878856412,0.15391449398601942,-0.13903486085335703,7.388789936933206,BALANCE,1,-0.00013694147984988776
0.602,0.15322600603007105,-0.11111615074237849,0.15493205957644976,0.15427064194267004,0.17807397832531047,8.035579309673109,BALANCE,1,-0.00013660558085011492
0.604,0.15300386896099086,-0.11102495654280839,0.1518640980006785,0.153428351562973,-0.42114518984852356,10.867582682474143,BALANCE,1,-0.00013620890916847197
0.606,0.15278486768281382,-0.10798030297138954,0.15493205957644976,0.15395464936768985,0.2631489023584288,5.505942691741263,BALANCE,1,-0.00013588739356040744
0.608,0.1525684156268878,-0.10847568807779112,0.1518640980006785,0.1532229563892359,-0.3658464892269814,11.602580502831737,BALANCE,1,-0.000135488434109241
0.61,0.1523535208766469,-0.10642296910555127,0.15339807878856412,0.15328424922900077,0.030646419882443543,5.983691274973835,BALANCE,1,-0.00013515129328368146
0.612,0.15214141896608294,-0.10568279775053671,0.1518640980006785,0.15278719629908796,-0.24852646495640562,9.501526801412853,BALANCE,1,-0.00013478936506287404
0.614,0.15193216131756826,-0.10357865546764478,0.15339807878856412,0.15300100517040463,0.10690443565833374,6.997267991064761,BALANCE,1,-0.00013446324874463522
0.616,0.15172512806958832,-0.1034583568906242,0.15339807878856412,0.15313998093676046,0.06948788317791277,10.160351666872096,BALANCE,1,-0.00013409728937611382
0.618,0.15151693654967582,-0.1047369485797152,0.1518640980006785,0.15269342190913177,-0.22327951381434508,9.837094434133347,BALANCE,1,-0.00013369871972754549
0.62,0.1513075941387763,-0.10460926892661122,0.1518640980006785,0.15240315854117312,-0.1451316839793243,7.215386952333131,BALANCE,1,-0.00013332985776596818
0.622,0.1510990475291424,-0.1039411329647201,0.1518640980006785,0.152214487352,-0.09433559458656149,7.890538711176393,BALANCE,1,-0.00013297492776285813
0.624,0.15089186374690855,-0.1032464168638702,0.1487961364249072,0.1510180645275175,-0.5982114122412424,8.329387354424505,BALANCE,1,-0.00013262340580656216
0.626,0.15069062753480078,-0.0979934547999483,0.15033011721279282,0.15077728296736387,-0.12039078007682058,3.791458411495649,BALANCE,1,-0.00013238029858725887
0.628,0.15049962463300462,-0.09301292055912377,0.15033011721279282,0.150620774953264,-0.07825400704992991,8.011918123138749,BALANCE,1,-0.00013214443943896344
0.63,0.15031798066989877,-0.08863434600185574,0.1518640980006785,0.1510559380198591,0.2175815332975395,8.375955313693408,BALANCE,1,-0.00013190886765636242
0.632,0.15014192198796475,-0.08742753789568809,0.1487961364249072,0.1502650074616259,-0.3954652791165886,11.024169768074021,BALANCE,1,-0.00013162134029006168
0.634,0.1499710071930244,-0.0834903655402178,0.1518640980006785,0.15082468915029432,0.2798408443342032,5.54306698036773,BALANCE,1,-0.0001313923366430039
0.636,0.1498043118195248,-0.0832080397895937,0.15033011721279282,0.1506515889721688,-0.08655008906276185,11.562053973425758,BALANCE,1,-0.0001311043265834841
0.638,0.14963826936749328,-0.0828374322727997,0.14726215563702155,0.14946528730486724,-0.593150833650774,8.304281994366486,BALANCE,1,-0.00013081932977258013
0.64,0.14947760382749428,-0.07783103003519029,0.15033011721279282,0.1497679777726412,0.1513452338869764,3.742811268951257,BALANCE,1,-0.0001306233155588896
0.642,0.14932434989979473,-0.07542568522956546,0.15033011721279282,0.14996472657669427,0.09837440202653536,10.35955910249833,BALANCE,1,-0.00013039410314843742
0.644,0.14917410845183335,-0.07481849556367054,0.15033011721279282,0.15009261329932877,0.06394336131725076,9.901921950277112,BALANCE,1,-0.00013014084440120212
0.646,0.14902381853355617,-0.07547415648791794,0.1518640980006785,0.15071263294480117,0.3100098227361986,9.604457801333337,BALANCE,1,-0.0001298675218172285
0.648,0.14886890237767073,-0.07944481738560143,0.15033011721279282,0.15057875243859825,-0.0669402531014579,11.8226963850399,BALANCE,1,-0.0001295312816580581
0.65,0.14870651840981697,-0.08294210436951929,0.1487961364249072,0.1499548368338064,-0.3119578023959291,8.473699561915739,BALANCE,1,-0.00012918733222806435
0.652,0.14853975639122924,-0.0838229478365978,0.15033011721279282,0.15008618496645165,0.06567406632262962,6.264522968378419,BALANCE,1,-0.00012888097106330323
0.654,0.14837014250445998,-0.08579402450718496,0.1487961364249072,0.14963466797691108,-0.22575849477028676,9.61941008511252,BALANCE,1,-0.00012854997778885538
0.656,0.14819824915004173,-0.08610245703404487,0.14726215563702155,0.14880428865794976,-0.4151896594806609,7.009234808456195,BALANCE,1,-0.00012824536359154186
0.658,0.1480289061517337,-0.08324362208088021,0.14726215563702155,0.1482645421006249,-0.26987327866243027,5.280292220123111,BALANCE,1,-0.0001280028175048819
0.66,0.14786676798716655,-0.07889749229172807,0.1487961364249072,0.1484506001141237,0.09302900674940107,6.535741159719877,BALANCE,1,-0.00012779662646562867
0.662,0.14771138154885738,-0.07649177305336474,0.14572817484913592,0.14749775127137799,-0.47642442137285634,9.763373250977777,BALANCE,1,-0.00012756714681083425
0.664,0.1475642277329882,-0.07066472013346013,0.14726215563702155,0.14741529279935323,-0.041229236012380044,4.6588919272420375,BALANCE,1,-0.0001274037881697116
0.666,0.14742783933651152,-0.06572615784672253,0.14726215563702155,0.14736169479253713,-0.02679900340804564,8.51109259136048,BALANCE,1,-0.00012723967952092354
0.668,0.1473004322339871,-0.061683262817080614,0.14726215563702155,0.1473268560881067,-0.017419352215219952,8.635761401024183,BALANCE,1,-0.00012707440082676595
0.67,0.14718025249874236,-0.05849865910668146,0.1487961364249072,0.14784110420598687,0.2571240589400864,8.716796127305667,BALANCE,1,-0.000126907668281993
0.672,0.14706323263776266,-0.058523331093284926,0.14572817484913592,0.14710157893108902,-0.3697626374489227,11.181058979908528,BALANCE,1,-0.0001267054219433085
0.674,0.14694898143777124,-0.0557299477790578,0.14419419406125028,0.14608399422664547,-0.5087923522217735,5.58038765104692,BALANCE,1,-0.0001265424582361531
0.676,0.14684405134193967,-0.04920205736299599,0.14572817484913592,0.14595945744451713,-0.06226839106417137,4.286884250793759,BALANCE,1,-0.0001264347231143282
0.678,0.1467514625742218,-0.04338839512689169,0.14726215563702155,0.1464154018118937,0.22797218368827976,8.236958943162477,BALANCE,1,-0.0001263327117754432
0.68,0.14666728182838215,-0.04079388250823413,0.14726215563702155,0.14671176565068844,0.1481819193973749,10.836836151708896,BALANCE,1,-0.00012621114460112414
0.682,0.1465861890179591,-0.0403004035373113,0.14419419406125028,0.1458306155943851,-0.44057502815167404,10.14749471525058,BALANCE,1,-0.0001260759407578163
0.684,0.1465095327203927,-0.036357288940209405,0.14726215563702155,0.14633165460930786,0.2505195074613831,4.8762422205126885,BALANCE,1,-0.00012597641125636138
0.686,0.1464375959601835,-0.035580780311315806,0.1487961364249072,0.14719422324476764,0.43128431772988807,11.031631903999857,BALANCE,1,-0.00012585877316624044
0.6880000000000001,0.14636281311983113,-0.03920342088562793,0.14572817484913592,0.14668110630629652,-0.25655846923555714,12.68570223475984,BALANCE,1,-0.00012570145284396635
0.6900000000000001,0.1462830986487826,-0.04051250076797981,0.14572817484913592,0.1463475802962903,-0.16676300500310937,6.558405766700223,BALANCE,1,-0.00012555350186731792
0.6920000000000001,0.14620199368635603,-0.04059393758547115,0.14726215563702155,0.14666768166554625,0.16005068462797423,7.334186306488365,BALANCE,1,-0.00012541366684932633
0.6940000000000001,0.146118872589528,-0.042528671875609665,0.14726215563702155,0.1468757475555626,0.10403294500817284,10.250033937870757,BALANCE,1,-0.00012525400315767856
0.6960000000000001,0.14603075847658195,-0.04558704458561458,0.14572817484913592,0.14647409710831327,-0.20082522362466215,9.76607327625576,BALANCE,1,-0.00012507427537354819
0.6980000000000001,0.14593827836370302,-0.04689475128532738,0.14572817484913592,0.1462130243176012,-0.1305363953560401,7.039908565686164,BALANCE,1,-0.00012490300928516543
0.7000000000000001,0.14584409109485738,-0.04729423164399238,0.14572817484913592,0.14604332700363834,-0.08484865698142607,7.647163125829114,BALANCE,1,-0.00012473780885138237
0.7020000000000001,0.14574949575045953,-0.047302834288086223,0.14726215563702155,0.14646991702532247,0.2132950108420656,8.041878589922119,BALANCE,1,-0.00012457594076097943
0.704,0.14565255234089222,-0.04964233956899932,0.1487961364249072,0.14728409381517713,0.40708839492732685,10.710033922102676,BALANCE,1,-0.00012438605944112898
0.706,0.14554714159585758,-0.055770323880009465,0.14572817484913592,0.1467395221770627,-0.27228581905720806,12.476663546526627,BALANCE,1,-0.00012413711979950717
0.708,0.14543224366000274,-0.059129703086513684,0.14572817484913592,0.14638555061228833,-0.17698578238718732,6.42253061934876,BALANCE,1,-0.00012389985451090823
0.71,0.14531220060935154,-0.06091553235482743,0.14572817484913592,0.14615546909518498,-0.11504075855167661,7.245867460709871,BALANCE,1,-0.00012367227779559766
0.712,0.14518941228737606,-0.06187502441516934,0.14726215563702155,0.14654280938482778,0.19367014482139788,7.781036407594566,BALANCE,1,-0.00012345049335116002
0.714,0.14506265962301493,-0.06487994693376745,0.14572817484913592,0.14625768729733563,-0.1425610437460756,10.540486503589722,BALANCE,1,-0.0001231940772874914
0.716,0.14493111955818738,-0.06666251206171873,0.14112623248547898,0.1444616781131858,-0.8980045920749108,7.543277163453152,BALANCE,1,-0.0001229453255025996
0.718,0.1448038752482881,-0.06058411386712402,0.14419419406125028,0.14436805869500838,-0.04680970908871318,0.7395818728175821,BALANCE,1,-0.00012281158573465095
0.72,0.14468806019507383,-0.055233047385056855,0.14419419406125028,0.14430720607319306,-0.030426310907660792,8.278145360984777,BALANCE,1,-0.0001226810372778885
0.722,0.1445821745881902,-0.05065448683397786,0.14419419406125028,0.14426765186901308,-0.01977710208998784,8.419688384266658,BALANCE,1,-0.00012255309297092367
0.724,0.14448468383494112,-0.04683804097295322,0.14726215563702155,0.14531572818781605,0.5240381594014826,8.511691349399785,BALANCE,1,-0.00012242748248243114
0.726,0.14438928164778908,-0.04856588274094004,0.14572817484913592,0.145460084519278,0.07217816573097668,13.3946738377765,BALANCE,1,-0.0001222482491719594
0.728,0.14428961385710556,-0.05110372217446445,0.14419419406125028,0.1450170228589683,-0.2215308301548452,9.398498930674533,BALANCE,1,-0.00012205250383441137
0.73,0.14418679651353342,-0.05171549298909279,0.14266021327336462,0.14419213950400703,-0.41244167748064053,6.768656582551652,BALANCE,1,-0.00012187181804389406
0.732,0.14408616486644554,-0.04891798593310407,0.14572817484913592,0.14472975187480214,0.26880618539755485,5.026930397765015,BALANCE,1,-0.00012173168853658895
0.734,0.14398801114721407,-0.04923752004982864,0.14419419406125028,0.144542306640059,-0.09372261737157495,11.097250560707204,BALANCE,1,-0.00012156248802335469
0.736,0.14388974021178852,-0.04903520428675413,0.14266021327336462,0.14388357396171597,-0.3293663391715079,7.872845142072838,BALANCE,1,-0.00012139866814150866
0.738,0.14379445295812768,-0.04625378399662096,0.14266021327336462,0.143455397720793,-0.21408812046148917,5.744652961453847,BALANCE,1,-0.00012126614399009479
0.74,0.14370596660657373,-0.04223417839767159,0.14726215563702155,0.144787762991473,0.6661826353400041,6.740589666064785,BALANCE,1,-0.00012115486004273123
0.742,0.14361870949805638,-0.045024518598101616,0.14419419406125028,0.14458001386589506,-0.103874562788972,14.622719365622231,BALANCE,1,-0.0001209818271577925
0.744,0.14352680642503465,-0.046880227502255484,0.14419419406125028,0.1444449769342694,-0.06751846581283527,7.7851382432542,BALANCE,1,-0.00012080883948630576
0.746,0.14343168612813734,-0.04824180106643287,0.14419419406125028,0.1443572029287127,-0.04388700277833946,8.099233757741729,BALANCE,1,-0.00012063491338982325
0.748,0.14333406512416638,-0.04938098012634602,0.14266021327336462,0.14376325654934088,-0.2969731896859118,8.303395842158686,BALANCE,1,-0.0001204588402132332
0.75,0.1432366358102629,-0.04805010753575985,0.14266021327336462,0.14337719140274918,-0.193032573295851,6.024510916509587,BALANCE,1,-0.00012030889386549937
0.752,0.14314310949738815,-0.04547790806549497,0.14419419406125028,0.14366314233322458,0.1429754652376991,6.9224973368510225,BALANCE,1,-0.00012017744226184525
0.754,0.14305280697942643,-0.044826253951344326,0.14572817484913592,0.14438590371379356,0.3613806902844907,9.917778790593216,BALANCE,1,-0.00012003211887871941
0.756,0.14296016297172554,-0.04781944045382452,0.14572817484913592,0.14485569861116337,0.23489744868490647,11.89704039403217,BALANCE,1,-0.00011984710701934599
0.758,0.1428594650322578,-0.05288033237476714,0.14419419406125028,0.1446241720186938,-0.11576329623479154,10.804298814253993,BALANCE,1,-0.00011962391486714359
0.76,0.1427499731755989,-0.05661351778307194,0.14419419406125028,0.14447367973358857,-0.07524614255260964,7.682426506878294,BALANCE,1,-0.00011939687224137104
0.762,0.14263381327339322,-0.05954849936046666,0.14572817484913592,0.14491275302403014,0.21953664522078586,8.032471129097464,BALANCE,1,-0.00011916604568659516
0.764,0.14250983379282822,-0.06443323855217495,0.14112623248547898,0.14358747083553725,-0.6626410942464495,10.67159041405989,BALANCE,1,-0.00011889406896130904
0.766,0.1423822914186458,-0.06311145789512575,0.14266021327336462,0.14326293068877682,-0.1622700733802107,2.7729854857119736,BALANCE,1,-0.00011869890139906204
0.768,0.14225835397196993,-0.060828245449218166,0.14112623248547898,0.14251508631762258,-0.37392218557712187,7.188267428845985,BALANCE,1,-0.00011852214211091542
0.77,0.1421417355998007,-0.055792250160359116,0.14419419406125028,0.1431027740278923,0.2938438551348538,5.267348789349721,BALANCE,1,-0.00011839022801840823
0.772,0.14203161982447857,-0.05432553023022754,0.14266021327336462,0.1429478777638076,-0.07744813204234313,11.221193856730704,BALANCE,1,-0.0001182238905408865
0.774,0.14192464326085497,-0.05265298133118165,0.14419419406125028,0.14338408846791253,0.21810535205246673,7.921079625981337,BALANCE,1,-0.00011806477910088552
0.776,0.14181854303510563,-0.05344917642649307,0.13959225169759334,0.14205694559830082,-0.6635714348058597,10.56685727852781,BALANCE,1,-0.00011787916264367179
0.778,0.14171660383219775,-0.04849188275185686,0.13959225169759334,0.1411943027330532,-0.4313214326238102,2.672580289109431,BALANCE,1,-0.00011776351102391562
0.78,0.14162755775698457,-0.04055581397779369,0.13959225169759334,0.14063358487064226,-0.2803589312054683,4.679085112027652,BALANCE,1,-0.00011769087961570005
0.782,0.14155566080865126,-0.03134244360568224,0.14266021327336462,0.1413429048115951,0.35465997047641473,5.983313246924583,BALANCE,1,-0.0001176420993220698
0.784,0.14149762649936842,-0.02669292249530469,0.14112623248547898,0.14126706949745446,-0.03791765707031325,11.654242095647573,BALANCE,1,-0.00011757451619327307
0.786,0.1414484187464496,-0.02251572651506267,0.14112623248547898,0.14121777654326303,-0.024646477095713326,8.170232322770772,BALANCE,1,-0.00011751476347304032
0.788,0.14140703360495227,-0.01887016862607022,0.13959225169759334,0.14064884284727863,-0.28446684799220134,8.284887592414115,BALANCE,1,-0.00011746218464289512
0.79,0.14137478613884322,-0.013377884730052633,0.14419419406125028,0.14188971577216872,0.6204364624450426,5.947823237162315,BALANCE,1,-0.00011742758120087492
0.792,0.14134666855305913,-0.014740213091450958,0.14419419406125028,0.14269628317334726,0.40328370058927143,14.042763869822307,BALANCE,1,-0.00011737686046573028
0.794,0.14131228792880163,-0.019641037257641086,0.13959225169759334,0.14160987215683338,-0.5432055082569415,12.166690415010974,BALANCE,1,-0.00011730187764173344
0.796,0.1412735525644386,-0.01909503250707734,0.14266021327336462,0.14197749154761932,0.18380969539297243,3.7124718278234443,BALANCE,1,-0.00011723991926657952
0.798,0.1412339627002428,-0.020495552654261034,0.14112623248547898,0.1416795508758702,-0.14897033587456254,10.17819517323197,BALANCE,1,-0.0001171683919969631
0.8,0.14119287868188476,-0.020589213884333702,0.13959225169759334,0.1409489961634733,-0.3652773561984429,7.210801823200525,BALANCE,1,-0.00011709991168946468
0.802,0.14115468455300853,-0.01760561055065581,0.14266021327336462,0.14154792215193526,0.29946299423097567,5.249667487173575,BALANCE,1,-0.00011704880312657221
0.804,0.14111913852384594,-0.017941065947098885,0.13959225169759334,0.14086343749291558,-0.34224232950984257,11.17737235180937,BALANCE,1,-0.00011698866863585657
0.806,0.1410858333295275,-0.015364734903132934,0.14112623248547898,0.14095541574031276,0.04598912369858932,5.448676708755825,BALANCE,1,-0.00011694268287586656
0.808,0.1410566197462422,-0.013849380402183774,0.14266021327336462,0.14155209487688092,0.29833956828408115,8.895138065317871,BALANCE,1,-0.00011689905101790491
0.81,0.14102718997208255,-0.015580929714669576,0.14112623248547898,0.14140304303989024,-0.07452591849534118,11.167666605589966,BALANCE,1,-0.00011684491353839033
0.812,0.14099512360809083,-0.016486018253446873,0.14266021327336462,0.14184305262160626,0.22000479085801383,7.853958254233229,BALANCE,1,-0.00011678876430523524
0.8140000000000001,0.14095922288172735,-0.01941536191776012,0.14266021327336462,0.14212905884972168,0.14300311405771038,10.490899728384838,BALANCE,1,-0.00011671816335451298
0.8160000000000001,0.14091641362340812,-0.023394676028293343,0.14112623248547898,0.14177806962223674,-0.17549461374247177,9.82565006457002,BALANCE,1,-0.00011662920140464128
0.8180000000000001,0.140867533732161,-0.025486105409255756,0.14112623248547898,0.14154992662437152,-0.11407149893261082,6.981647502570357,BALANCE,1,-0.00011653749352296426
0.8200000000000001,0.1408155524308264,-0.026496142605536406,0.14112623248547898,0.14140163367575914,-0.0741464743061887,7.512307459283894,BALANCE,1,-0.00011644599344019517
0.8220000000000001,0.1407621394988917,-0.026917762089867726,0.14112623248547898,0.14130524325916108,-0.04819520829903168,7.857236431147805,BALANCE,1,-0.00011635535863651769
0.8240000000000001,0.1407081675351189,-0.027055184632401908,0.13959225169759334,0.14070569621261236,-0.2997735232743576,8.081440262859191,BALANCE,1,-0.00011626544515926367
0.8260000000000001,0.1406564318851074,-0.024681407609032903,0.14112623248547898,0.14085288390811568,0.07359384775165734,5.815582472951622,BALANCE,1,-0.00011619314732439822
0.8280000000000001,0.14060829837242234,-0.023452981707997006,0.13959225169759334,0.14041166263443286,-0.22061063684140902,9.133626812045163,BALANCE,1,-0.00011612003068463938
0.8300000000000001,0.14056426234637817,-0.020583846349004987,0.14112623248547898,0.140661762082299,0.12504972393306835,6.49950372992251,BALANCE,1,-0.00011606086877904703
0.8320000000000001,0.14052429312257766,-0.01938610540048195,0.13959225169759334,0.14028743344765202,-0.18716431732349048,9.578175629076192,BALANCE,1,-0.00011600006421881976
0.834,0.1404880598028402,-0.016847874249438417,0.14266021327336462,0.14111790638665142,0.4152364694997024,6.788460460992691,BALANCE,1,-0.00011595014006106565
0.836,0.14045261781612975,-0.01859475796150613,0.14112623248547898,0.14112082052124106,0.00145706729481887,12.177587784791863,BALANCE,1,-0.00011588512096820417
0.838,0.14041375209952767,-0.020271666500889574,0.1380582709097077,0.14004892815720438,-0.5359461820183403,8.510407020714517,BALANCE,1,-0.00011581412789985867
0.84,0.14037639872104332,-0.017082392306448944,0.1380582709097077,0.13935219812058056,-0.3483650183119108,3.6828205850375424,BALANCE,1,-0.00011576530287682883
0.842,0.14034792403771915,-0.011392809636217433,0.13959225169759334,0.13943621687253505,0.04200937597724497,5.303412645874365,BALANCE,1,-0.00011573568854507206
0.844,0.14032872114211323,-0.007810435719162175,0.13959225169759334,0.13949082906130544,0.02730609438519882,8.76838776593826,BALANCE,1,-0.00011571140613074987
0.846,0.14031276497252113,-0.00814602448711963,0.1380582709097077,0.13898943370824623,-0.2506976765296043,8.64135997196631,BALANCE,1,-0.00011568456407039669
0.848,0.14029829277911643,-0.006326432505641007,0.13959225169759334,0.1392004200045177,0.10549314813573796,6.147201625364613,BALANCE,1,-0.00011566354799082257
0.85,0.14028230151186313,-0.009665126000342326,0.13959225169759334,0.1393375610970942,0.06857054628824077,9.316850602606863,BALANCE,1,-0.00011563152996831999
0.852,0.14026345487721642,-0.00918185190829688,0.13959225169759334,0.1394267028072689,0.04457085508735581,8.997860815801095,BALANCE,1,-0.0001156014821718089
0.854,0.1402443689025022,-0.009904470427179393,0.13652429012182207,0.1384108583673625,-0.5079222199532024,8.790517454377241,BALANCE,1,-0.00011556860196134717
0.856,0.1402286691761807,-0.005795541844149562,0.13959225169759334,0.1388243460329433,0.20674383279040143,3.832563708411549,BALANCE,1,-0.00011554964980339233
0.858,0.14021186767096494,-0.011006269383240137,0.14112623248547898,0.1396300062913308,0.40283012919374583,10.191597578600895,BALANCE,1,-0.00011551266817497794
0.86,0.14018781428055435,-0.013047559124933886,0.14112623248547898,0.14015368545928267,0.2618395839759369,11.97803663071715,BALANCE,1,-0.00011546786217930284
0.862,0.14015797263311594,-0.01679463183701601,0.14266021327336462,0.14103097019421135,0.4386423674643397,10.759960392579366,BALANCE,1,-0.00011540685355881988
0.864,0.14011738366305057,-0.023795077501604537,0.14266021327336462,0.141601205271915,0.28511753885182567,12.379801118309784,BALANCE,1,-0.00011530980394226616
0.866,0.14006106627948745,-0.03252333181426207,0.14112623248547898,0.1414349647966624,-0.08312023762629961,11.053435968021267,BALANCE,1,-0.0001151647994991647
0.868,0.13998898126321377,-0.03956299741503992,0.14112623248547898,0.1413269084877482,-0.05402815445709752,7.779708339813642,BALANCE,1,-0.00011499223484831895
0.87,0.13990402111677364,-0.04539869650695493,0.14266021327336462,0.14179356516271394,0.23332833748286597,8.031047003492043,BALANCE,1,-0.00011479983717418506
0.872,0.1398058555829394,-0.05276862535747347,0.13959225169759334,0.14102310544992172,-0.38522985639610763,10.60600741540301,BALANCE,1,-0.00011456157463663819
0.874,0.13969714691103144,-0.05594202665014302,0.1380582709097077,0.13998541336084683,-0.5188460445374465,5.077289500091747,BALANCE,1,-0.00011434651550007434
0.876,0.1395869726989849,-0.05423419222462641,0.14112623248547898,0.14038470005446807,0.19964334681062124,3.8305558186462108,BALANCE,1,-0.00011418606255142974
0.878,0.13947805056388024,-0.0546899269307675,0.14112623248547898,0.1406442364053219,0.12976817542691144,10.222621108759899,BALANCE,1,-0.00011400243458798837
0.88,0.13936694410982917,-0.05641855098950581,0.14112623248547898,0.14081293503337688,0.0843493140274959,9.618940303307202,BALANCE,1,-0.00011380018091550914
0.882,0.1392516678727703,-0.05885978592649954,0.13959225169759334,0.14038569586585264,-0.2136195837621202,9.226547779762912,BALANCE,1,-0.00011358172633749992
0.884,0.13913355627424961,-0.05925396413650184,0.14112623248547898,0.14064488368272185,0.1295939084346026,6.559902358938991,BALANCE,1,-0.0001133838497393665
0.886,0.13901337086588697,-0.0609336335810253,0.14112623248547898,0.14081335576368684,0.08423604048249378,9.617434737936874,BALANCE,1,-0.00011316618574718493
0.888,0.13888910201153798,-0.06333748454714896,0.1380582709097077,0.13984907606479413,-0.482139849446353,9.225569162272185,BALANCE,1,-0.00011293170398506465
0.89,0.1387644737032115,-0.06129309414907425,0.13959225169759334,0.13975918753627387,-0.04494426426013276,4.147675977050016,BALANCE,1,-0.00011275585939806503
0.892,0.13864391783369678,-0.05926497158485009,0.14266021327336462,0.14077454654425564,0.5076795039908877,8.017158931202516,BALANCE,1,-0.00011258572393926351
0.894,0.13852244349630746,-0.06221157878989401,0.14112623248547898,0.14089763662368382,0.06154503971408931,12.976241790428274,BALANCE,1,-0.00011235000362116807
0.896,0.1383947095487739,-0.06552469580519471,0.1380582709097077,0.13990385862379218,-0.4968889999458215,9.029532124378184,BALANCE,1,-0.00011209732836235507
0.898,0.1382650387567063,-0.06414845865491065,0.1380582709097077,0.13925790292386261,-0.3229778499647812,4.020251902418867,BALANCE,1,-0.00011190587856697733
0.9,0.13814067989571105,-0.06021266799980788,0.14112623248547898,0.13991181827042834,0.32695767328286274,5.522743002172156,BALANCE,1,-0.00011175640858843315
0.902,0.1380206095396773,-0.05985987559722677,0.13959225169759334,0.1397999699699361,-0.055924150246119964,11.322542778051844,BALANCE,1,-0.00011156637406765276
0.904,0.13790153846111342,-0.05921337236031538,0.1349903093339364,0.1381165887473362,-0.8416906112999473,7.922299107826902,BALANCE,1,-0.0001113818175696978
0.906,0.1377910790708493,-0.05124803043534194,0.1380582709097077,0.13809617750416622,-0.010205621584991054,0.8566315026337904,BALANCE,1,-0.00011129699131865763
0.908,0.13769552385729447,-0.04430892412702665,0.13959225169759334,0.13861980347186573,0.2618129838497518,8.224912986338612,BALANCE,1,-0.00011121326520755653
0.91,0.1376105147390499,-0.04070174299385749,0.13652429012182207,0.13788637379935045,-0.3667148362576367,10.6673629872401,BALANCE,1,-0.00011110865590160807
0.912,0.13753544690571445,-0.03436745810373689,0.13959225169759334,0.13848343106373545,0.29852863219249903,5.052513304772482,BALANCE,1,-0.00011103818702123826
0.914,0.1374694785090093,-0.031602140578521676,0.13652429012182207,0.13779773173406576,-0.34284966483484614,10.984564816235324,BALANCE,1,-0.00011095120039898117
0.916,0.13741167330766432,-0.02620411401707888,0.1380582709097077,0.13788892044554044,0.04559435573733839,5.258694493619419,BALANCE,1,-0.00011089125285285381
0.918,0.13736349506935616,-0.021975002138029706,0.1380582709097077,0.13794819310799897,0.02963633122926579,8.70699230846589,BALANCE,1,-0.00011083531165404089
0.92,0.13732289030691186,-0.018630500162685675,0.1349903093339364,0.13691293378707708,-0.5176296604609415,8.56912426610266,BALANCE,1,-0.00011078435379482456
0.922,0.13729309078480603,-0.011169564924016523,0.1380582709097077,0.1373138017799978,0.20043399646035853,3.6563294775265796,BALANCE,1,-0.00011076005324524966
0.924,0.13727441828957074,-0.0075032705456514436,0.1349903093339364,0.1365005794238763,-0.40661117806074787,10.04471667001889,BALANCE,1,-0.00011073727365613864
0.926,0.13726271678477123,-0.004198447469868222,0.1380582709097077,0.1370457714439173,0.27259601002049827,4.61546454007198,BALANCE,1,-0.00011072254924603785
0.928,0.1372438913273965,-0.014627352918437269,0.13959225169759334,0.13793703953270392,0.4456340443933088,10.668154460673524,BALANCE,1,-0.0001106712853702448
0.93,0.1372141066016115,-0.015157915578461868,0.13652429012182207,0.13744257723889527,-0.24723114690432257,12.255469945557692,BALANCE,1,-0.00011062163457208589
0.932,0.13718552213156,-0.01342707531851728,0.1380582709097077,0.13765807002367964,0.10774639239218009,6.084782827678937,BALANCE,1,-0.00011058088948081916
0.934,0.1371589388652164,-0.013156675406978006,0.13652429012182207,0.1372612470580295,-0.19841148282506715,9.24394972560459,BALANCE,1,-0.0001105388642866437
0.936,0.13713450606740113,-0.011276567608516547,0.1380582709097077,0.13754020540611686,0.13947917404368015,6.5065563067228265,BALANCE,1,-0.00011050444125332436
0.9380000000000001,0.13711172347286338,-0.011506442060440885,0.1380582709097077,0.13772152833237367,0.09066146312840251,9.518102486982974,BALANCE,1,-0.00011046722178789851
0.9400000000000001,0.13708762727383286,-0.012590196037891877,0.13959225169759334,0.13837628151020057,0.32737658891345,9.096345882138895,BALANCE,1,-0.00011042566816629284
0.9420000000000001,0.13705873402684346,-0.016303577428837274,0.1380582709097077,0.13826497780002805,-0.055651855086255586,11.233794369510218,BALANCE,1,-0.00011036774649882593
0.9440000000000001,0.13702372157374715,-0.018709513649915403,0.13652429012182207,0.13765573711265597,-0.3046203436860434,7.832283983768024,BALANCE,1,-0.00011030245379191487
0.9460000000000001,0.13698695252956225,-0.018060200530737272,0.13652429012182207,0.1372597306658641,-0.1980032233959289,5.58897357452912,BALANCE,1,-0.00011024588371112857
0.9480000000000001,0.1369531187830007,-0.01577416254446056,0.13345632854605077,0.13592853992392945,-0.6655953709673312,6.510083430537126,BALANCE,1,-0.00011019975052455543
0.9500000000000001,0.1369294114611437,-0.007933591309795564,0.13652429012182207,0.13613705249319186,0.10425628463120451,2.2856242759022005,BALANCE,1,-0.00011018147938764957
0.9520000000000001,0.13691585540176987,-0.005622715083154092,0.13652429012182207,0.13627258566321243,0.0677665850102871,9.121429630456369,BALANCE,1,-0.00011016303876081698
0.9540000000000001,0.13690038179974837,-0.009851168894989864,0.13652429012182207,0.1363606822237258,0.044048280256683836,8.806179866889881,BALANCE,1,-0.00011013119879910822
0.9560000000000001,0.13688263660620778,-0.007894347999964278,0.13652429012182207,0.13641794498805948,0.028631382166841024,8.601267520571602,BALANCE,1,-0.00011010639585985732
0.9580000000000001,0.13686605772268215,-0.008684837626412976,0.1349903093339364,0.1359182725091164,-0.2498362394715431,8.468074495464714,BALANCE,1,-0.00011007836795035145
0.96,0.13685078509851042,-0.006588064845863979,0.13652429012182207,0.13613037867356337,0.10605308222348675,5.96990874862519,BALANCE,1,-0.0001100572548786554
0.962,0.13683471562108093,-0.009481705401818892,0.13652429012182207,0.13626824768045392,0.06893450344527818,9.136952915712987,BALANCE,1,-0.00011002648905201417
0.964,0.1368160541896779,-0.00918006605327044,0.13652429012182207,0.1363578625349328,0.04480742723943221,8.816270002306752,BALANCE,1,-0.00010999712506661272
0.966,0.1367970692948822,-0.009805174688987851,0.13345632854605077,0.1353423256388241,-0.5077684480543493,8.607826108592606,BALANCE,1,-0.00010996537952492682
0.968,0.1367817176881099,-0.005546711827179811,0.1349903093339364,0.1352191199321134,-0.06160285335533866,3.6491570166382377,BALANCE,1,-0.00010994770946697056
0.97,0.1367673559114581,-0.008815326527060786,0.1349903093339364,0.13513903622275147,-0.040041854680969435,7.596135631414793,BALANCE,1,-0.00010991965010273781
0.972,0.1367526556112458,-0.005885241561032657,0.13652429012182207,0.13562387508742618,0.24241943233735408,7.782410109006161,BALANCE,1,-0.0001099006517749172
0.974,0.13673555417091224,-0.011216510397906172,0.1380582709097077,0.1364759136252247,0.42601926889926367,10.31507879996057,BALANCE,1,-0.00010986348318723194
0.976,0.1367107656131218,-0.013572499098752924,0.1380582709097077,0.13702973867479376,0.27691252478452555,11.993642107587595,BALANCE,1,-0.00010981748045052508
0.978,0.13667962190125987,-0.01757178027681497,0.1349903093339364,0.1363159384054937,-0.35690013465003445,10.705446635531844,BALANCE,1,-0.00010975423483225307
0.98,0.13664449199778284,-0.01755876335782242,0.13959225169759334,0.13746264805772856,0.5733548261174365,5.0449390176554445,BALANCE,1,-0.00010969794288010169
0.982,0.13660426700388997,-0.022666963538769975,0.1380582709097077,0.13767111605592128,0.10423399909635644,13.358903151622714,BALANCE,1,-0.00010961153042729583
0.984,0.13655360469765354,-0.02799626590279625,0.13959225169759334,0.1383435135305065,0.33619873729261174,9.213604692141335,BALANCE,1,-0.00010950152824583074
0.986,0.13648994078425497,-0.035668807634037944,0.13345632854605077,0.136632998785947,-0.8552573722797469,11.310012596011726,BALANCE,1,-0.00010934742554310571
0.988,0.13641955519928392,-0.0347180599814011,0.1380582709097077,0.13713184402926326,0.2494226216581269,0.6470549894339785,BALANCE,1,-0.00010924185068469442
0.99,0.13634872074913945,-0.03611768099812581,0.13652429012182207,0.13691920016165884,-0.10632193380220867,10.467949874772128,BALANCE,1,-0.00010911790193836093
0.992,0.13627621496148787,-0.036389427959493625,0.13652429012182207,0.13678098164771596,-0.06910925697144188,7.302156403681665,BALANCE,1,-0.00010899981231041967
0.994,0.13620382043302892,-0.03600641979150092,0.1380582709097077,0.13722803288941307,0.22352562084855532,7.62365226948623,BALANCE,1,-0.00010888702122673791
0.996,0.13613013769353993,-0.03767766247750761,0.13652429012182207,0.13698172292075622,-0.12315498432842464,10.244214862779355,BALANCE,1,-0.0001087561402066649
0.998,0.13605441855801137,-0.03804285295698957,0.13652429012182207,0.13682162144112928,-0.08005073981347255,7.156728645886409,BALANCE,1,-0.0001086322567454669
1.0,0.13597872724527887,-0.03764983918920238,0.13652429012182207,0.13671755547937176,-0.052032980878760626,7.529124226919401,BALANCE,1,-0.00010851460729332755
1.002,0.13590423588561878,-0.03684287803060381,0.1349903093339364,0.1361130193284694,-0.3022680754511814,7.771181354590784,BALANCE,1,-0.0001084021773880439
1.004,0.13583397048895238,-0.0334237991943561,0.13345632854605077,0.13518317755462286,-0.4649208869232646,5.516928207057162,BALANCE,1,-0.00010831576316609123
1.006,0.13577430385806982,-0.026243919101019954,0.1349903093339364,0.13511567367738261,-0.0337519386201246,4.019335002653554,BALANCE,1,-0.00010826636462743973
1.008,0.13572843639492604,-0.019624379975165165,0.13345632854605077,0.13453490288141648,-0.2903853979830673,7.836751322324828,BALANCE,1,-0.00010822567723828706
1.01,0.13569760053623178,-0.011212040706771153,0.1349903093339364,0.13469429513979844,0.07969612919098146,5.5272200275776315,BALANCE,1,-0.0001082042345533053
1.012,0.1356808744086948,-0.005514391667891004,0.13652429012182207,0.1353347933835067,0.32024912185413257,8.81687658852528,BALANCE,1,-0.00010818776473131632
1.014,0.13566363785678637,-0.01172247437354636,0.13652429012182207,0.13575111724191707,0.2081619292051834,10.98748201164809,BALANCE,1,-0.00010814890585350696
1.016,0.13564024106596168,-0.011674742860169927,0.13652429012182207,0.13602172774988383,0.13530525398337823,10.019113914664437,BALANCE,1,-0.0001081117772486213
1.018,0.13561565104868048,-0.012915722577333758,0.13652429012182207,0.1361976245800622,0.0879484150891896,9.389674651625167,BALANCE,1,-0.00010806938171459912
1.02,0.13558822375657184,-0.014512069398957286,0.13652429012182207,0.13631195751967817,0.05716646980798157,8.98053913064951,BALANCE,1,-0.00010802106309563805
1.022,0.13555751782741482,-0.016194419381788644,0.13652429012182207,0.13638627393042854,0.03715820537518455,8.71460104201546,BALANCE,1,-0.00010796669722582942
1.024,0.13552346565658863,-0.017858372057162043,0.13345632854605077,0.13536079304589632,-0.5127404422661103,8.541741284403221,BALANCE,1,-0.00010790648640870771
1.026,0.13549098691821654,-0.014620958257189417,0.1349903093339364,0.13523112374671034,-0.06483464959299023,3.606201880915138,BALANCE,1,-0.00010786605092365642
1.028,0.13546501212189713,-0.011354311469042666,0.1380582709097077,0.13622062525375941,0.49475075352453657,7.5682147931947155,BALANCE,1,-0.00010783380258810381
1.03,0.13544002757518897,-0.01363069059600446,0.1349903093339364,0.13579001468182136,-0.2153052859690252,12.587442125203262,BALANCE,1,-0.00010778801856186039
1.032,0.13541321660376432,-0.013180769476758312,0.1349903093339364,0.13551011781006164,-0.13994843587986083,6.268236085941885,BALANCE,1,-0.00010774669263894985
1.034,0.1353884283239987,-0.011607962074396126,0.13345632854605077,0.13479129156765784,-0.3594131212018986,6.919275404448813,BALANCE,1,-0.00010771146097305209
1.036,0.1353693997983866,-0.00742091035027749,0.13192234775816514,0.1337871612343354,-0.5020651666612225,4.930860680958197,BALANCE,1,-0.00010768972678085702
1.038,0.13535900766942915,-0.002971408015212766,0.13652429012182207,0.13474515634495574,0.47899755531016774,3.6060624521826363,BALANCE,1,-0.0001076781497081017
1.04,0.13533487557538562,-0.021161125844481266,0.13345632854605077,0.134294066615339,-0.22554486480837188,12.358976067052092,BALANCE,1,-0.00010759299440145484
1.042,0.1352978891564112,-0.015825967245708502,0.13652429012182207,0.13507464484260806,0.39028911363453433,6.0874044896368975,BALANCE,1,-0.00010755530547459279
1.044,0.13526735066405834,-0.014713081703136139,0.1380582709097077,0.13611891396609294,0.5221345617424378,11.592586769383978,BALANCE,1,-0.00010751044492242192
1.046,0.13523418145274038,-0.01845673415777642,0.13652429012182207,0.13626079562059815,0.0709408272526052,12.824022287712872,BALANCE,1,-0.00010744454922727867
1.048,0.13519358828034544,-0.022137178093728064,0.13345632854605077,0.13527923214450657,-0.49078173804578684,8.833603472093252,BALANCE,1,-0.00010736419585884935
1.05,0.13515059574147928,-0.020856144368072656,0.13652429012182207,0.135715002436567,0.2178851460302167,3.795912302913659,BALANCE,1,-0.00010730186706173289
1.052,0.13510810912919902,-0.02163124228980364,0.13652429012182207,0.1359982531264063,0.14162534491964085,10.103116848013894,BALANCE,1,-0.00010723097455357112
1.054,0.13506296235942353,-0.023516350352549804,0.13345632854605077,0.13510857952328187,-0.4448368015622095,9.444276558302235,BALANCE,1,-0.00010715032089864003
1.056,0.13501833755735096,-0.021109265081068654,0.13652429012182207,0.13560407823277093,0.24774935474453086,4.192849808949533,BALANCE,1,-0.00010709105421371496
1.058,0.13497605775841745,-0.021171304474914155,0.13345632854605077,0.1348523658424189,-0.375856195176022,10.361126226937113,BALANCE,1,-0.00010702378781008116
1.06,0.13493709731484368,-0.01778984922652508,0.1349903093339364,0.13490064606445,0.02414011101556368,4.7888020935622855,BALANCE,1,-0.00010697613157132084
1.062,0.13490427878164335,-0.015029282156415254,0.1349903093339364,0.13493202820877026,0.01569107216012333,8.336904931415331,BALANCE,1,-0.00010693382828129731
1.064,0.13487641210590473,-0.012837901509409309,0.13652429012182207,0.1354893198783384,0.27864583478406924,8.263910154006565,BALANCE,1,-0.00010689622592276624
1.066,0.13484988385853233,-0.013690829394427121,0.13345632854605077,0.13477777291203774,-0.355773483150329,10.628053829210877,BALANCE,1,-0.0001068518234358677
1.068,0.1348251117886238,-0.011081692039479582,0.13652429012182207,0.13538905393546224,0.3056405117122518,4.9623050350401705,BALANCE,1,-0.0001068195159873492
1.07,0.13480181196673455,-0.012218554539187567,0.1349903093339364,0.1352494933249282,-0.06978030526702539,10.861272123896015,BALANCE,1,-0.00010677982500380551
1.072,0.13477734239213424,-0.01225146607400667,0.1349903093339364,0.13515877892808106,-0.045357198423565115,7.525487207105542,BALANCE,1,-0.00010674102963907365
1.074,0.13475321536091447,-0.011876004916748176,0.13192234775816514,0.1340260280186105,-0.566375454735285,7.736488633205152,BALANCE,1,-0.00010670383518622972
1.076,0.1347347597953046,-0.006579897092819903,0.1349903093339364,0.13436352647897457,0.16874923018203591,3.0504589991298383,BALANCE,1,-0.00010668507543105136
1.078,0.13471923379223727,-0.008946388971605141,0.1349903093339364,0.1345829004782112,0.1096869996183164,9.586243542047683,BALANCE,1,-0.00010665660628527845
1.08,0.13470134597100963,-0.008941758305230644,0.13652429012182207,0.135262386853475,0.3397431876318996,9.07598025091747,BALANCE,1,-0.00010662833416004417
1.082,0.1346801911970262,-0.012213401274424905,0.1349903093339364,0.13516715972163648,-0.047613565919257805,11.155899392203008,BALANCE,1,-0.000106587510279577
1.084,0.13465494372334402,-0.013034532606683413,0.1349903093339364,0.13510526208594145,-0.030948817847514798,7.716994931505056,BALANCE,1,-0.000106545394761619
1.086,0.13462862760265967,-0.013282067757455527,0.1349903093339364,0.1350650286227397,-0.02011673160087768,7.86096865406485,BALANCE,1,-0.00010650311468371864
1.088,0.1346020973814676,-0.013248637018866204,0.1349903093339364,0.13503887687165855,-0.01307587554057188,7.954551573728752,BALANCE,1,-0.00010646129392184756
1.09,0.13457576888211487,-0.013080342243037812,0.1349903093339364,0.1350218782334558,-0.008499319101379355,8.015380471510216,BALANCE,1,-0.0001064201780158991
1.092,0.13454982701058776,-0.012862002147569695,0.13345632854605077,0.13447393584286405,-0.27397119529587455,8.05491925506811,BALANCE,1,-0.00010637981228114265
1.094,0.13452673354298444,-0.010231886402103742,0.1349903093339364,0.13465466656473937,0.09036536093766367,5.669029183860838,BALANCE,1,-0.00010634982633098262
1.096,0.1345067934935273,-0.009708526520970972,0.13652429012182207,0.13530903480971831,0.32718412248947115,8.909052540109426,BALANCE,1,-0.00010631945895201884
1.098,0.13448444784482502,-0.012637529495148426,0.1349903093339364,0.13519748089319464,-0.05577695826183837,11.047396380177743,BALANCE,1,-0.00010627720453499892
1.1,0.13445825354417093,-0.013557248628812534,0.13345632854605077,0.13458807757169428,-0.30470166075018124,7.646467973688616,BALANCE,1,-0.00010623329410032215
1.102,0.13443326190344262,-0.011434847650859715,0.1349903093339364,0.13472885868847903,0.07039055839237751,5.403535850964092,BALANCE,1,-0.00010619951694423796
1.104,0.13441111509604464,-0.010712363442943441,0.13345632854605077,0.13428347313862915,-0.22269277492494022,8.736481873726659,BALANCE,1,-0.00010616628365805866
1.106,0.13439198059806534,-0.008422483325383902,0.13345632854605077,0.13399397253122672,-0.144750303701216,6.112044885988827,BALANCE,1,-0.00010614077435574668
1.108,0.1343765389475493,-0.007019448665772679,0.13652429012182207,0.1348795836879351,0.44280557835418843,6.785422465972568,BALANCE,1,-0.00010611873055743806
1.11,0.13435725880428906,-0.012261046034991258,0.13345632854605077,0.1343814443882756,-0.2490696498297501,12.046298454002189,BALANCE,1,-0.00010607754574831344
1.112,0.1343344633004235,-0.010534873355874401,0.13192234775816514,0.13352076056773693,-0.4303419102693329,5.884164041154536,BALANCE,1,-0.00010604579986564697
1.114,0.13431811468452262,-0.005814040557063901,0.13345632854605077,0.13349820936014678,-0.01127560379507453,4.225709636310195,BALANCE,1,-0.00010602825823664829
1.116,0.1343036965401628,-0.008604366620980228,0.13345632854605077,0.13348355107521317,-0.007329142466802607,7.93856617569493,BALANCE,1,-0.00010600123865198763
1.118,0.13428864164245502,-0.006450805515864494,0.1349903093339364,0.1340109164657663,0.26368269527655974,7.97266130428154,BALANCE,1,-0.00010598096769490568
1.12,0.13427133741649308,-0.010853735873268235,0.1349903093339364,0.13435370396962584,0.17139375192977424,10.406413418382877,BALANCE,1,-0.0001059455692643403
1.122,0.134248940254343,-0.011543834544150283,0.13345632854605077,0.13403962257137456,-0.15704069912564345,9.609090670535501,BALANCE,1,-0.00010590862787389531
1.124,0.1342269202314527,-0.010476589741183285,0.1349903093339364,0.1343723629382712,0.166370183448325,6.679240603914474,BALANCE,1,-0.00010587644196170415
1.1260000000000001,0.13420494053127607,-0.011503511095221368,0.1349903093339364,0.13458864417675404,0.10814061924141471,9.56568996314439,BALANCE,1,-0.00010583941076410658
1.1280000000000001,0.13418047792714274,-0.012959538958997797,0.13652429012182207,0.13526612025752785,0.33873804038690725,9.062620424630422,BALANCE,1,-0.00010579708331251649
1.1300000000000001,0.13415065114550828,-0.016867786378791817,0.13345632854605077,0.13463269315851087,-0.3167135495084905,11.147215505116373,BALANCE,1,-0.00010573768177611661
1.1320000000000001,0.13411678763324364,-0.016996343179031616,0.13345632854605077,0.13422096554414983,-0.20586380718051744,5.299760124378686,BALANCE,1,-0.00010568390636778689
1.1340000000000001,0.13408463196543066,-0.015159910798980557,0.13192234775816514,0.1334164493190552,-0.40225811254732124,6.257437370926032,BALANCE,1,-0.00010563959532090077
1.1360000000000001,0.13405952311189268,-0.009949400452088576,0.1303883669702795,0.1323566204969837,-0.5299144110357396,4.46833730066176,BALANCE,1,-0.00010561404017143117
1.1380000000000001,0.13404755021822518,-0.0020237114752712625,0.13192234775816514,0.13220462503839722,-0.07599772929324511,3.273093596483356,BALANCE,1,-0.00010560532469736936
1.1400000000000001,0.1340239154100245,-0.02161152755371907,0.1349903093339364,0.13317961454183594,0.4874947517193584,7.287037091300764,BALANCE,1,-0.0001055187609485876
1.1420000000000001,0.1339845999423606,-0.0177046568015139,0.1349903093339364,0.1338133577190711,0.3168715886175816,12.340019301958753,BALANCE,1,-0.0001054733106695816
1.1440000000000001,0.13394985876233656,-0.017037156529345437,0.1349903093339364,0.13422529078427395,0.20596653260142317,10.865934494859715,BALANCE,1,-0.00010542115902310464
1.1460000000000001,0.1339146330589626,-0.01818918898576168,0.13345632854605077,0.13395615400089583,-0.13456839168905776,9.90777937024531,BALANCE,1,-0.00010536145756022216
1.1480000000000001,0.1338786190628054,-0.017825463686799586,0.1349903093339364,0.13431810836746003,0.18097718328209667,6.873388258725974,BALANCE,1,-0.00010530625792258564
1.1500000000000001,0.13384178399967328,-0.019010270930553193,0.13192234775816514,0.13347959215420682,-0.4192581066266021,9.691885938771783,BALANCE,1,-0.00010524373105734427
1.1520000000000001,0.13380664429301642,-0.016130076311793497,0.13192234775816514,0.13293455661559223,-0.2725177693072983,4.321467247748174,BALANCE,1,-0.00010519933364471015
1.154,0.13377939428238372,-0.01112043108370593,0.13345632854605077,0.1331171767912527,0.0913100878302403,5.58921834260946,BALANCE,1,-0.00010517110413806801
1.156,0.13375992449385787,-0.008349712373468196,0.13345632854605077,0.13323587990543204,0.05935155708966522,8.824846834789383,BALANCE,1,-0.00010514628998136841
1.158,0.13374301917022793,-0.008555919436996436,0.1349903093339364,0.13384993020540856,0.30702514998826036,8.548743732693053,BALANCE,1,-0.00010511937961746896
1.16,0.1337229767367255,-0.011486879433942332,0.1349903093339364,0.13424906290039332,0.19956634749238034,10.78086699685033,BALANCE,1,-0.00010508165458936468
1.162,0.1336974506603035,-0.014039662324234965,0.13192234775816514,0.13343471260061346,-0.40717514988992953,9.852485496539352,BALANCE,1,-0.00010503464442902353
1.164,0.13367141553062903,-0.011995941971086058,0.13192234775816514,0.13290538490575654,-0.26466384742845905,4.425856960296987,BALANCE,1,-0.0001049994696926198
1.166,0.13365127507540853,-0.008144880412909576,0.13345632854605077,0.13309821517985954,0.09641513705149762,5.657071655766207,BALANCE,1,-0.00010497614718489327
1.168,0.13363485464988442,-0.008275844456544515,0.13345632854605077,0.13322355485802648,0.06266983908347068,8.868951488341375,BALANCE,1,-0.0001049501612549272
1.17,0.1336175293200956,-0.009049801174380935,0.1349903093339364,0.13384191892459496,0.30918203328424154,8.577411757501743,BALANCE,1,-0.00010492155839639562
1.172,0.13359658433202348,-0.011895568726209308,0.13345632854605077,0.1337069622921045,-0.06747831624523415,10.799501212976047,BALANCE,1,-0.0001048823556380857
1.174,0.1335724042429314,-0.012284961173698832,0.1349903093339364,0.13415613375674565,0.22458573232057855,7.453007456500879,BALANCE,1,-0.00010484343972413258
1.176,0.13354564383935733,-0.01447593024837428,0.13192234775816514,0.13337430865724248,-0.39091254975158474,10.06863841732544,BALANCE,1,-0.0001047952363616097
1.178,0.13351874068620606,-0.012427713357823608,0.13192234775816514,0.1328661223425654,-0.2540931573385419,4.566356358808087,BALANCE,1,-0.00010475894957231244
1.18,0.13349772066645937,-0.00859268959470292,0.13192234775816514,0.1325358012380253,-0.16516055227004667,5.74839626479836,BALANCE,1,-0.00010473461012569976
1.182,0.13348318782668317,-0.005940415123338571,0.13345632854605077,0.13285798579583422,0.16109227890445665,6.516722203692191,BALANCE,1,-0.00010471595181640076
1.184,0.13346694693435665,-0.010300773279511568,0.13345632854605077,0.13306740575841,0.10470998128789266,9.427724344493184,BALANCE,1,-0.00010468295486280104
1.186,0.13344724164785413,-0.009404872461250421,0.13192234775816514,0.1326666354583243,-0.2003851500428505,8.940614114000406,BALANCE,1,-0.00010465397167831661
1.188,0.1334303715263553,-0.007465556590710824,0.1303883669702795,0.13186924148750861,-0.3986969854078426,6.2124021836601395,BALANCE,1,-0.00010463103978582739
1.19,0.1334182610464327,-0.004645144115101892,0.13192234775816514,0.1318878286822384,0.009293597364887218,4.406735770432222,BALANCE,1,-0.00010461571802417411
1.192,0.13340285207981378,-0.010764103415004223,0.1349903093339364,0.1329736969103327,0.5429341140471555,8.02390450436752,BALANCE,1,-0.00010458153237877019
1.194,0.13338112298698507,-0.01096538554974984,0.1349903093339364,0.133679511258594,0.35290717413065387,12.818983120452245,BALANCE,1,-0.00010454704595524951
1.196,0.13335597461244592,-0.014183447460707118,0.13345632854605077,0.13360139730920387,-0.0390569746950703,11.177260976880522,BALANCE,1,-0.00010449904699966015
1.198,0.13332600279526968,-0.015788916124848455,0.13345632854605077,0.1335506232421003,-0.025387033551788063,7.698551303038751,BALANCE,1,-0.00010444700705645938
1.2,0.13329352975362005,-0.016684717536377756,0.13192234775816514,0.132980726822723,-0.28494820968864853,7.81665163705513,BALANCE,1,-0.00010439309426095687
1.202,0.13326213361790218,-0.014711990564495066,0.13192234775816514,0.13261029415012773,-0.18521633629763057,5.481826573645662,BALANCE,1,-0.00010435058772822888
1.204,0.1332361210848389,-0.011301016736317858,0.13345632854605077,0.1329064061887008,0.14805601928653822,6.343451904442808,BALANCE,1,-0.00010431936938121889
1.206,0.1332145787038078,-0.01024175703653429,0.13345632854605077,0.1330988790137733,0.09623641253624082,9.315098649981183,BALANCE,1,-0.00010428811776726525
1.208,0.13319369007726986,-0.01064725032459437,0.13345632854605077,0.1332239863500704,0.06255366814855723,8.867407412567562,BALANCE,1,-0.00010425455602296031
1.21,0.13317169221212202,-0.011351015870087747,0.13652429012182207,0.1343790926701835,0.5775531600565459,8.576408108248794,BALANCE,1,-0.00010421851767894913
1.212,0.13314351488271214,-0.016826827244206716,0.13652429012182207,0.135129911778257,0.37540955403675413,13.210439121481782,BALANCE,1,-0.0001041580209440684
1.214,0.13310259872481717,-0.024090076602245918,0.13192234775816514,0.13400726437122484,-0.5613237035160812,11.464036036056356,BALANCE,1,-0.00010406238921421946
1.216,0.13305332028407413,-0.02518926255739952,0.13345632854605077,0.13381443683241392,-0.09641376940545954,3.0941031889695854,BALANCE,1,-0.00010397963974894795
1.218,0.13300298579407105,-0.025146145122478404,0.13345632854605077,0.13368909893218683,-0.06266895011354523,7.203021984923546,BALANCE,1,-0.00010390127934611313
1.22,0.1329534331990703,-0.0244073533063872,0.13652429012182207,0.13468141584855917,0.4961584581861661,7.49455758028021,BALANCE,1,-0.00010382784219928932
1.222,0.13290094633912,-0.028080463572244044,0.13345632854605077,0.13425263529268122,-0.21439027793897225,12.507236278302084,BALANCE,1,-0.00010372538678728571
1.224,0.1328436176299727,-0.029249290788423976,0.1349903093339364,0.13451082120712055,0.12909295721966196,6.183773626949397,BALANCE,1,-0.00010362883084287511
1.226,0.1327830573298312,-0.03131211349278593,0.13345632854605077,0.13414174877574614,-0.18453621568720324,9.243636428117096,BALANCE,1,-0.00010352109863347
1.228,0.13272039749874687,-0.03134886002083138,0.12885438618239387,0.13229117186807285,-0.9252884538366452,6.44169534634263,BALANCE,1,-0.00010342321852551388
1.23,0.1326660955098879,-0.022954118898547243,0.1349903093339364,0.1332358699811251,0.4723490565261279,-0.23507557635759163,BALANCE,1,-0.00010338726900462041
1.232,0.13262343619803052,-0.01970597074706982,0.1303883669702795,0.13223924392732914,-0.49831302689798407,12.209169312007646,BALANCE,1,-0.00010333563230632709
1.234,0.13259145875421857,-0.012272056101591891,0.13192234775816514,0.13212833026812174,-0.055456829603700575,3.546111159831296,BALANCE,1,-0.00010331121693906089
1.236,0.13257342934749256,-0.005757679352721414,0.13345632854605077,0.1325931296653969,0.23239969863758647,7.464498507476955,BALANCE,1,-0.00010329568798584983
1.238,0.13255778577609764,-0.009886177263929125,0.1349903093339364,0.13343214254938573,0.41950644199441334,10.043778941953324,BALANCE,1,-0.00010326445752452275
1.24,0.13253649635474057,-0.011403632256641127,0.13345632854605077,0.1334406076482185,0.0042325494163802935,11.752639882869543,BALANCE,1,-0.00010322788985872266
1.242,0.1325130532784075,-0.012039871508811518,0.13192234775816514,0.13290921668669983,-0.26569548075933147,8.072547591931677,BALANCE,1,-0.00010318983270046292
1.244,0.13249105323952243,-0.00996056850108262,0.13192234775816514,0.13256381256171268,-0.17270206249357656,5.648158944315485,BALANCE,1,-0.00010316049658166641
1.246,0.13247361504418087,-0.007477944790966284,0.1349903093339364,0.13341308643199098,0.4246369351391527,6.451567945378175,BALANCE,1,-0.00010313799772036878
1.248,0.13245420642613673,-0.011931027126458993,0.13345632854605077,0.13342822117191191,0.007567369960465031,11.796964357109157,BALANCE,1,-0.00010309860185546638
1.25,0.13242967507951695,-0.012600766772852922,0.13345632854605077,0.13343805875286052,0.004918790474303658,8.101358500187462,BALANCE,1,-0.00010305871406476901
1.252,0.13240408453167804,-0.012990247659727174,0.1303883669702795,0.13237066662895716,-0.5336960619516801,8.078476315201737,BALANCE,1,-0.0001030178765288034
1.254,0.13238272292376707,-0.008371749742958106,0.13345632854605077,0.13275064829993993,0.1899908354913854,3.2404223339208666,BALANCE,1,-0.00010299520465598266
1.256,0.13236576106263456,-0.008590420657747894,0.13192234775816514,0.13246074311031875,-0.14495259481059342,9.677391051155242,BALANCE,1,-0.00010296845431074599
1.258,0.1323497241303596,-0.007446804022597578,0.13345632854605077,0.13280919801282495,0.17422745125310335,6.691307192810666,BALANCE,1,-0.0001029454961270942
1.26,0.13233246750363103,-0.009810137348637133,0.13192234775816514,0.13249880042369402,-0.15519879456546426,9.54120458742021,BALANCE,1,-0.00010291433981842788
1.262,0.13231450212539334,-0.008155568458004667,0.13192234775816514,0.13229704199075892,-0.10087921646755038,6.6027859913830085,BALANCE,1,-0.00010288960724725362
1.264,0.13229885878000572,-0.007488062160260638,0.13192234775816514,0.1321658990093511,-0.06557149070390844,7.072075525972176,BALANCE,1,-0.00010286642737317778
1.266,0.13228380478,-0.007566212330437067,0.1349903093339364,0.13315444262295595,0.494271806802421,7.377113723455117,BALANCE,1,-0.00010284292610378887
1.268,0.1322639312669658,-0.012307663062425098,0.13192234775816514,0.13272320942027915,-0.21561660133839755,12.398569112859027,BALANCE,1,-0.00010280201935432676
1.27,0.13224039513313324,-0.011228899915974075,0.1349903093339364,0.1335166943900592,0.3967424848900225,6.080811310904825,BALANCE,1,-0.00010276819162661989
1.272,0.13221505293079738,-0.014113764495439742,0.13192234775816514,0.13295867306889628,-0.27901066058146073,11.555972544701511,BALANCE,1,-0.00010272106077403803
1.274,0.1321875501764048,-0.013389491371330381,0.13192234775816514,0.1325959592101404,-0.18135692937794323,5.5331235416024045,BALANCE,1,-0.00010268050831309072
1.276,0.1321630550511996,-0.011106080470780011,0.13345632854605077,0.13289708847770904,0.1505646337843225,6.376794933614827,BALANCE,1,-0.00010264847180490698
1.278,0.13214096362082273,-0.010985752714711087,0.13345632854605077,0.13309282250162865,0.09786701195980962,9.336771618942885,BALANCE,1,-0.0001026144878049769
1.28,0.13211820348373918,-0.011774799371083515,0.1303883669702795,0.13214626306565644,-0.47327971798610813,8.88149484239275,BALANCE,1,-0.00010257727329482414
1.282,0.13209854872885377,-0.0078803138979035,0.13345632854605077,0.13260478598379447,0.2292614590690134,3.762384376594963,BALANCE,1,-0.00010255496041654331
1.284,0.13208121384885593,-0.009454882180490365,0.13345632854605077,0.13290282588058416,0.149019948394849,10.01666637889346,BALANCE,1,-0.0001025251721366239
1.286,0.13206104662154186,-0.010712712859875932,0.13345632854605077,0.13309655181349747,0.09686296645665393,9.323426436360535,BALANCE,1,-0.00010249120252949214
1.288,0.13203838022887082,-0.011954093108178312,0.13192234775816514,0.13268558039413114,-0.2054857096831647,8.87282047371424,BALANCE,1,-0.00010245306877556852
1.29,0.13201573795929944,-0.010688589323261997,0.1303883669702795,0.13188155569578308,-0.40201234917403017,6.1683363174740515,BALANCE,1,-0.00010242103626708217
1.292,0.1319986542991464,-0.006395382336974229,0.1349903093339364,0.13296961946913674,0.5440318866768296,4.378092957411413,BALANCE,1,-0.00010240238895763266
1.294,0.13197931652689499,-0.012942742516864444,0.13192234775816514,0.13260307437029667,-0.18327254942003546,12.828467236944013,BALANCE,1,-0.00010235892413001546
1.296,0.1319548957316467,-0.011478498024797485,0.1303883669702795,0.13182792678029065,-0.38757379500301004,6.360245091560035,BALANCE,1,-0.00010232491029432586
1.298,0.13193640420568,-0.007013365123057652,0.13192234775816514,0.13186097412254671,0.016523671128032547,4.502833660567179,BALANCE,1,-0.0001023050786575164
1.3,0.13192181347893753,-0.007577627669876814,0.1303883669702795,0.1313455616192532,-0.2577062516467554,8.086368132955279,BALANCE,1,-0.00010228160572052053
1.302,0.13190904659194627,-0.005189492117871181,0.13192234775816514,0.1315474367678724,0.10093757430959527,5.624813637474181,BALANCE,1,-0.00010226508958966263
1.304,0.13189339641901512,-0.010460966179844456,0.1303883669702795,0.13114176233871488,-0.20283721457875492,8.815655117944807,BALANCE,1,-0.00010223205921891407
1.306,0.131877641812762,-0.005293927351656657,0.1303883669702795,0.1308780739597625,-0.1318441894761907,6.098850177717238,BALANCE,1,-0.00010221635347432984
1.308,0.13186415355059636,-0.008194580762149023,0.13345632854605077,0.1317804630649634,0.4511945526004535,6.712188588582747,BALANCE,1,-0.00010219130175899339
1.31,0.1318468197258793,-0.009139560026487432,0.13192234775816514,0.131830122707584,0.024829821310301536,11.934039116685465,BALANCE,1,-0.00010216272680003848
1.312,0.13182833778080819,-0.00934272205280984,0.1303883669702795,0.13132550819952743,-0.2523072540282917,8.158128435405319,BALANCE,1,-0.00010213372546792439
1.314,0.13181185281874544,-0.00714254060649408,0.1303883669702795,0.13099750876929064,-0.16399971511839306,5.671457834066606,BALANCE,1,-0.00010211208721353532
1.316,0.13179802095733828,-0.006689573018605703,0.1303883669702795,0.13078430913963673,-0.1065998148269548,6.434383565209806,BALANCE,1,-0.00010209135599707878
1.318,0.13178466140265208,-0.006670225273390209,0.13192234775816514,0.13118262265612168,0.1991567582424747,6.930285290452923,BALANCE,1,-0.00010207071686648561
1.32,0.13176900697413627,-0.00898448869326484,0.13192234775816514,0.1314415264418369,0.12945189285760994,9.664211692381068,BALANCE,1,-0.00010204263829504685
1.322,0.1317509156900945,-0.00910712523662296,0.13345632854605077,0.13214670717831176,0.3525903682374265,9.062002231620916,BALANCE,1,-0.00010201442175958628
1.324,0.13172947719806213,-0.012331757718018987,0.13345632854605077,0.1326050746570204,0.22918373935432168,11.082156362646794,BALANCE,1,-0.00010197389592188764
1.326,0.1317015860481755,-0.015559900754797025,0.13192234775816514,0.13236612024242106,-0.11947720729967026,10.01599492580024,BALANCE,1,-0.00010192117001140414
1.328,0.1316693334332075,-0.016693302333392685,0.13192234775816514,0.1322107998729315,-0.0776601847447822,6.911399711330045,BALANCE,1,-0.0001018674170572151
1.33,0.13163591410147674,-0.01672663879579559,0.12885438618239387,0.13103605508124333,-0.5873723958440824,7.272674443937768,BALANCE,1,-0.00010181565393735991
1.332,0.1316079123894751,-0.01127558382018386,0.13192234775816514,0.13134625751816598,0.1551012184613232,2.684322459092653,BALANCE,1,-0.00010178867354027977
1.334,0.13158806175255125,-0.008575415082635004,0.1303883669702795,0.1310109958264057,-0.16763084588013177,9.283597474010232,BALANCE,1,-0.0001017637276281715
1.336,0.13157297033970847,-0.006516272954684814,0.13192234775816514,0.1313299690025215,0.1594865880578944,6.403012709159764,BALANCE,1,-0.0001017437337062127
1.338,0.13155668602594955,-0.009768337748502604,0.13192234775816514,0.13153730156699678,0.1036662822376383,9.32148451454038,BALANCE,1,-0.00010171293664584261
1.34,0.13153740764915942,-0.009510390586166352,0.13192234775816514,0.13167206773390572,0.06738308345446975,8.839229566024516,BALANCE,1,-0.00010168369916390321
1.342,0.13151782056806788,-0.01007704767953451,0.1349903093339364,0.13283345229391647,0.5806922800053738,8.525763849489188,BALANCE,1,-0.00010165227507703619
1.344,0.13149234300565898,-0.01540097931591897,0.12885438618239387,0.13144077915488356,-0.6963365695164536,13.145191694781236,BALANCE,1,-0.00010159847879365835
1.346,0.13146458191442123,-0.012360618156485047,0.1303883669702795,0.13107243489027215,-0.1841721323057044,1.7429354281141454,BALANCE,1,-0.00010156463808040707
1.348,0.13144392031352486,-0.008301359514863535,0.13345632854605077,0.13190679766979466,0.41718138976125363,6.260105623354156,BALANCE,1,-0.00010154170306266517
1.35,0.13142467767021151,-0.010941634694721064,0.1303883669702795,0.13137534692496436,-0.2657253724151487,11.640185189286736,BALANCE,1,-0.00010150659624284111
1.352,0.13140479749086578,-0.008938907177019458,0.13192234775816514,0.13156679721658462,0.0957251458101327,5.55553310207624,BALANCE,1,-0.00010148017673315995
1.354,0.13138651614268002,-0.009342774378513654,0.13192234775816514,0.1316912399061378,0.062221344776583476,8.770622769936082,BALANCE,1,-0.00010145119307011641
1.356,0.1313672073687285,-0.009966351679158224,0.1303883669702795,0.1312352343785874,-0.2280027637752008,8.481169432031637,BALANCE,1,-0.00010142013221463426
1.358,0.13134921079788728,-0.0080305473419558,0.12732040539450823,0.12986504423415968,-0.6850950722138566,5.881434481873782,BALANCE,1,-0.00010139609930464044
1.36,0.13133910750711075,-0.002072927678625127,0.13192234775816514,0.13058510046756158,0.3600281167009528,1.7476878252443777,BALANCE,1,-0.00010138694319084946
1.362,0.13131190846878393,-0.025126606626289388,0.1303883669702795,0.13051624374351287,-0.03442836202435795,11.054046584022203,BALANCE,1,-0.00010127812995862364
1.364,0.13126697845930285,-0.019804222192289486,0.1303883669702795,0.13047148687288118,-0.022378435315842382,7.553804630667674,BALANCE,1,-0.00010123439635718632
1.366,0.13123246681494818,-0.014708051515979197,0.13192234775816514,0.13097928818273058,0.25390065492469915,7.6579089830004445,BALANCE,1,-0.00010119998693372365
1.368,0.13120527197830512,-0.01248728105235805,0.13192234775816514,0.13130935903413268,0.16503542570105167,10.137167092536972,BALANCE,1,-0.00010116454137554823
1.37,0.13118062071181133,-0.01216443498256011,0.1303883669702795,0.13098701181178407,-0.16117361117430618,9.369423241722215,BALANCE,1,-0.00010112742792355454
1.372,0.13115811539066521,-0.010341296573445038,0.13192234775816514,0.13131437939301743,0.16368379061668104,6.458799458172571,BALANCE,1,-0.00010109715308857759
1.374,0.13113697464713328,-0.01079983248345594,0.13192234775816514,0.13152716832081912,0.10639446390084406,9.357745901398705,BALANCE,1,-0.00010106357401061274
1.3760000000000001,0.13111433454135207,-0.01184068616606851,0.1303883669702795,0.13112858784813025,-0.19929023634443488,8.862799467482377,BALANCE,1,-0.00010102621290131114
1.3780000000000001,0.13109204507717337,-0.01044918448940575,0.1303883669702795,0.1308695105408825,-0.12953865362387573,6.129494004916732,BALANCE,1,-0.00010099521940559987
1.3800000000000001,0.13107308571477566,-0.008510523657882208,0.13192234775816514,0.1312380035669314,0.18424651302445527,6.732107076262481,BALANCE,1,-0.00010096996753708318
1.3820000000000001,0.13105459037665892,-0.009985151744916439,0.12885438618239387,0.13040373748234327,-0.4171330422940711,9.535395853157096,BALANCE,1,-0.0001009386037601001
1.3840000000000001,0.13103827587463163,-0.006329647802081196,0.1303883669702795,0.13039835780312095,-0.00268983961115854,4.155091375085278,BALANCE,1,-0.00010091986917425896
1.3860000000000001,0.1310236927591687,-0.00825373360317787,0.1303883669702795,0.13039486101162645,-0.0017483957472502754,7.828006988885367,BALANCE,1,-0.00010089444604682694
1.3880000000000001,0.13100850751719015,-0.006931785301020639,0.1303883669702795,0.130392588097155,-0.0011364572357203118,7.8361405158420565,BALANCE,1,-0.00010087323374366233
1.3900000000000001,0.13099349118590595,-0.008084819827417272,0.13345632854605077,0.13146489725426852,0.5361545785567551,7.841427308363811,BALANCE,1,-0.00010084829568255374
1.3920000000000001,0.13097304996802664,-0.01235677082574695,0.13192234775816514,0.13162500493063234,0.08005383818190936,12.668044284543118,BALANCE,1,-0.0001008075519842032
1.3940000000000001,0.13094658502561363,-0.014108654216051151,0.12885438618239387,0.13065528836874887,-0.4848582809417329,8.635231794512897,BALANCE,1,-0.00010076192306187111
1.3960000000000001,0.13092169375052254,-0.01078307481043215,0.12885438618239387,0.1300249726035246,-0.3151578826121326,3.5699847369664868,BALANCE,1,-0.00010073249606333478
1.3980000000000001,0.1309051906399934,-0.005720336684158965,0.13192234775816514,0.1306890539076488,0.33204065206209055,5.036097393588038,BALANCE,1,-0.00010071604775061668
1.4000000000000001,0.13088793285799374,-0.011537760037123604,0.12885438618239387,0.13004692020380956,-0.32106685191961304,10.81225118143223,BALANCE,1,-0.0001006788217785684
1.4020000000000001,0.13086956483497275,-0.0068305979604425466,0.1303883669702795,0.13016642657207403,0.05975318413223296,4.9850473384640726,BALANCE,1,-0.00010065982550608733
1.4040000000000001,0.13085485302642272,-0.007881478885382568,0.13192234775816514,0.1307809989872059,0.3072862075659405,8.367478365081526,BALANCE,1,-0.00010063557731425712
1.4060000000000001,0.13083687124450089,-0.010100630966055109,0.13192234775816514,0.13118047105704164,0.19973603491786618,10.598387190889605,BALANCE,1,-0.00010060370208981474
1.408,0.130814955476382,-0.011815536827320049,0.1303883669702795,0.13090323462667489,-0.13861821518337814,9.669216305651496,BALANCE,1,-0.00010056603721581985
1.41,0.13079193370800368,-0.01120665139829554,0.1303883669702795,0.1307230309469365,-0.09010183986919718,6.65366494972659,BALANCE,1,-0.0001005321841195655
1.412,0.13077080833137197,-0.009919110497872002,0.1303883669702795,0.13060589855510654,-0.058566195914974695,7.072818190388814,BALANCE,1,-0.00010050265436795485
1.414,0.13075207535840688,-0.008814204102182607,0.12885438618239387,0.1299928692246571,-0.3065146652247164,7.345267796819302,BALANCE,1,-0.00010047610821086767
1.416,0.13073728906996154,-0.005972354003976648,0.1303883669702795,0.13013129343562493,0.06921210548391232,5.110769760479075,BALANCE,1,-0.00010045789728605414
1.418,0.1307219712137037,-0.009345781605351707,0.12885438618239387,0.12968437589699405,-0.2234587693154405,8.449197939391247,BALANCE,1,-0.00010042887901218763
1.42,0.13070734254184965,-0.005283157036927147,0.1303883669702795,0.12993077277264395,0.12319843782494788,5.828324353150832,BALANCE,1,-0.00010041277225692685
1.422,0.1306913288163435,-0.01073086051116271,0.1303883669702795,0.13009093074181638,0.08007898458621543,8.915608424627946,BALANCE,1,-0.00010037889818582928
1.424,0.13067226469872642,-0.008333604784461175,0.12885438618239387,0.1296581401460185,-0.21639529789893586,8.543081449074702,BALANCE,1,-0.00010035452853920819
1.426,0.13065781864780376,-0.006112709596398478,0.13192234775816514,0.13045061281026982,0.39623633212565457,5.889348634445145,BALANCE,1,-0.00010033579322764208
1.428,0.1306396342365831,-0.012072033255294462,0.13192234775816514,0.1309657200420332,0.25755361588168657,11.366864487989227,BALANCE,1,-0.0001002963458215565
1.43,0.13061406234093884,-0.013500328752290677,0.12885438618239387,0.13022675319115942,-0.36948342543688395,10.168726548766305,BALANCE,1,-0.00010025323866038153
1.432,0.13058964476007398,-0.010917697428356918,0.13192234775816514,0.1308202112896114,0.29672904922599386,4.566756327231147,BALANCE,1,-0.00010022253129657041
1.434,0.13056689528713852,-0.011832190399839992,0.13192234775816514,0.13120595905360521,0.19287388199690225,10.507179488300176,BALANCE,1,-0.00010018544168152908
1.436,0.13054119257773927,-0.013870987752508107,0.1303883669702795,0.1309198018244412,-0.14307861458200122,9.609931298968378,BALANCE,1,-0.00010014046204941395
1.438,0.1305135772896722,-0.013744803951623584,0.13192234775816514,0.13127069290124457,0.17544553840168065,6.6151296953825955,BALANCE,1,-0.00010009852135684286
1.44,0.1304848333388799,-0.014999671062880993,0.1303883669702795,0.1309618788254068,-0.15440703791888555,9.459360555585231,BALANCE,1,-0.00010005064155407648
1.442,0.13045549119638178,-0.014343006570351811,0.13345632854605077,0.1318349362276322,0.43652870111270115,6.5172587121836365,BALANCE,1,-0.00010000775814440283
1.444,0.13042362848012606,-0.017520290789882476,0.12885438618239387,0.13079174371179877,-0.5215962579167149,11.807334697026036,BALANCE,1,-9.994817166877778e-05
1.446,0.13039091945874126,-0.015189327140381246,0.13192234775816514,0.13118745512802701,0.19785570811411968,3.252590001586554,BALANCE,1,-9.99062332633233e-05
1.448,0.13036092714170613,-0.014803536894173306,0.1303883669702795,0.13090777427281539,-0.13984042760581405,9.652971376631335,BALANCE,1,-9.986156602539471e-05
1.45,0.13033310740884896,-0.013016703341756128,0.1303883669702795,0.1307259817169278,-0.09089627794378607,6.643105745863481,BALANCE,1,-9.982430136534975e-05
1.452,0.13030942323033773,-0.010667907125615406,0.12578642460662257,0.12899713672832097,-0.8644224943034212,7.065954707877744,BALANCE,1,-9.97940031374965e-05
1.454,0.1302973238015193,-0.0014317423701726076,0.13192234775816514,0.13002096058876644,0.511911930222736,0.10603569162692494,BALANCE,1,-9.978741638559855e-05
1.456,0.13026557473306669,-0.030317905109149595,0.1303883669702795,0.130149552822296,0.06429611676478375,12.366234319184363,BALANCE,1,-9.964103459998452e-05
1.458,0.1302089570298958,-0.026300830675508036,0.1303883669702795,0.13023313777409024,0.04179247589711221,8.406726658522924,BALANCE,1,-9.957873662073148e-05
1.46,0.13015977857495206,-0.022878521208517952,0.1303883669702795,0.13028746799275648,0.02716510933312155,8.212308301106468,BALANCE,1,-9.952153459445647e-05
1.462,0.13011704986082678,-0.019850972228322095,0.12885438618239387,0.12978588935912957,-0.25078931681345173,8.085936368785735,BALANCE,1,-9.947005827307379e-05
1.464,0.13008251077970828,-0.01468873883934321,0.12885438618239387,0.12945986324727207,-0.16301305592875126,5.592204332257275,BALANCE,1,-9.943632845814846e-05
1.466,0.13005917917748974,-0.008643288921443639,0.12885438618239387,0.1292479462745647,-0.10595848635368277,6.350540130527039,BALANCE,1,-9.941574951088604e-05
1.468,0.13004580827326542,-0.004727859174050406,0.12732040539450823,0.12857330696654495,-0.3373196540098766,6.843458399402502,BALANCE,1,-9.940092101217651e-05
1.47,0.1300333410215817,-0.007739619895115375,0.12885438618239387,0.12867168469209206,0.04918886277355261,4.75226499365149,BALANCE,1,-9.937788433116554e-05
1.472,0.1300218206416722,-0.0037809701350370647,0.13192234775816514,0.12980941676521762,0.5688660365627818,8.183841182446603,BALANCE,1,-9.936516454846411e-05
1.474,0.12999957437785992,-0.018465699413711265,0.1303883669702795,0.1300120493369893,0.10131628588583297,12.858284644190261,BALANCE,1,-9.929636624939143e-05
1.476,0.12996396051138462,-0.017148816620852055,0.1303883669702795,0.13014376050864085,0.06585558582578033,8.72655936977693,BALANCE,1,-9.924702785849701e-05
1.478,0.12993049026104783,-0.016322044180396067,0.12885438618239387,0.1296924794944544,-0.2256405070932277,8.420199563421448,BALANCE,1,-9.919892286050685e-05
1.48,0.12990085564382467,-0.013313113552777192,0.13192234775816514,0.13047293338675314,0.3902269461493746,5.809475408770449,BALANCE,1,-9.916323951131662e-05
1.482,0.12987334033180262,-0.014202700324415639,0.12885438618239387,0.1299064418652274,-0.2832457607628708,11.314946891300762,BALANCE,1,-9.911867499007636e-05
1.484,0.12984708076041704,-0.012057350016367293,0.12885438618239387,0.12953822237623566,-0.18410974449586948,5.311799549878685,BALANCE,1,-9.908465361835416e-05
1.486,0.12982633845506533,-0.008685333661943042,0.12732040539450823,0.12876198643263106,-0.3881179718022987,6.168277021980993,BALANCE,1,-9.906050005903155e-05
1.488,0.12981356061347268,-0.004092740992689457,0.1303883669702795,0.129331219620808,0.2846165940884743,4.313397098327502,BALANCE,1,-9.904728692816981e-05
1.49,0.12979437267747468,-0.015095544973299863,0.12732040539450823,0.1286274346416031,-0.3518924896024622,10.310167331006143,BALANCE,1,-9.899552903087081e-05
1.492,0.1297711823333707,-0.008095222113111727,0.12885438618239387,0.12870686768087986,0.039716519638383074,4.626364177180463,BALANCE,1,-9.897751470662472e-05
1.494,0.12975776270284098,-0.005324653184941372,0.12885438618239387,0.12875849915640974,0.025815737764944835,8.102005651740535,BALANCE,1,-9.896103847197775e-05
1.496,0.1297427943463087,-0.00964397635933387,0.1303883669702795,0.12932895289126417,0.2852268674272129,7.981910988191188,BALANCE,1,-9.893134313305567e-05
1.498,0.12972429245474879,-0.00885825266653175,0.1303883669702795,0.12969974781891955,0.1853974638276884,10.315439737404308,BALANCE,1,-9.890471649183495e-05
1.5,0.1297050015628652,-0.010432991073251468,0.12885438618239387,0.12940387124613556,-0.1479382863919937,9.452971802379343,BALANCE,1,-9.88721014311811e-05
1.502,0.12968530327901273,-0.009265652068821729,0.1303883669702795,0.12974844474958594,0.1722867517251897,6.4807773640930275,BALANCE,1,-9.884456369838099e-05
1.504,0.12966557972360285,-0.010458263090956587,0.12885438618239387,0.12943552425106872,-0.1564602492586109,9.339702881740385,BALANCE,1,-9.881203011293481e-05
1.506,0.12964591401501818,-0.009207804191052294,0.12885438618239387,0.1292321259270325,-0.10169916201810403,6.407152565677767,BALANCE,1,-9.878472132731843e-05
1.508,0.12962877356311436,-0.00793296035097077,0.1303883669702795,0.12963681029216895,0.20234218256821868,6.880256482250363,BALANCE,1,-9.876096750563832e-05
1.51,0.1296107891776098,-0.010051753183417124,0.12885438618239387,0.12936296185374768,-0.13692421921063236,9.59936430854266,BALANCE,1,-9.87295375701335e-05
1.512,0.12959203700098945,-0.008700765474204933,0.12885438618239387,0.12918496036877386,-0.08900074248691103,6.575932493099332,BALANCE,1,-9.87037103388614e-05
1.514,0.12957559741191704,-0.0077391234547289495,0.12732040539450823,0.12853236612778088,-0.32629712049649096,6.9899634350744435,BALANCE,1,-9.868038884169022e-05
1.516,0.12956262461259616,-0.005233912490385844,0.12885438618239387,0.1286450731468954,0.05635350955726648,4.847493266838109,BALANCE,1,-9.86641235979888e-05
1.518,0.1295474626983231,-0.009928278331861563,0.12885438618239387,0.12871833270931987,0.03662978121223015,8.245739560018023,BALANCE,1,-9.863347226241294e-05
1.52,0.1295307930500887,-0.006741673958561165,0.12732040539450823,0.1282290581491358,-0.24463728009203878,8.075338028571654,BALANCE,1,-9.861378936368925e-05
1.522,0.1295182486919488,-0.0058029129910996445,0.1303883669702795,0.1289848162365361,0.37787904370015224,5.552986752611388,BALANCE,1,-9.859597177742815e-05
1.524,0.12950124270539345,-0.011203383750555879,0.12885438618239387,0.12893916571758632,-0.022825259474890114,11.11590060629075,BALANCE,1,-9.856032057873435e-05
1.526,0.1294809563957602,-0.00908329590812811,0.13192234775816514,0.12998327943178892,0.5220568571012996,7.56168108663546,BALANCE,1,-9.85340707863154e-05
1.528,0.129458817043546,-0.013056460128236556,0.12732040539450823,0.12905127351874068,-0.46600295652411694,12.453880581913069,BALANCE,1,-9.849103903682385e-05
1.53,0.1294353574347902,-0.010403576537051682,0.1303883669702795,0.12951925622677926,0.23399135401928894,3.640516168256541,BALANCE,1,-9.846202842679036e-05
1.532,0.12941412122385604,-0.010833021750485894,0.1303883669702795,0.12982344498700435,0.15209438011254406,9.872794726459988,BALANCE,1,-9.842879064825596e-05
1.534,0.12939109740795343,-0.012191214112432368,0.12885438618239387,0.12948427440539068,-0.16958529080683682,9.16525254526559,BALANCE,1,-9.839048002687118e-05
1.536,0.12936773438009197,-0.011172239899527103,0.12885438618239387,0.1292638135273418,-0.11023043902444463,6.2937598469690945,BALANCE,1,-9.835753543820456e-05
1.538,0.12934716552828807,-0.009396987089693736,0.13192234775816514,0.13019430050812997,0.4652434903940905,6.806551215089782,BALANCE,1,-9.833019555104166e-05
1.54,0.12932487825363276,-0.012890694093297008,0.12885438618239387,0.12972533049412233,-0.2344850070038207,11.96304616540839,BALANCE,1,-9.828805095489713e-05
1.542,0.12929979578308073,-0.012192233976234925,0.12732040539450823,0.1288836067092574,-0.42086189243246974,5.733064078048508,BALANCE,1,-9.825184385346689e-05
1.544,0.1292798881342854,-0.007715777948801606,0.12885438618239387,0.12887337952485514,-0.005113592201122508,4.0305086847713625,BALANCE,1,-9.823113460423985e-05
1.546,0.12926528676602356,-0.006885856651369612,0.1303883669702795,0.12940362513075368,0.26512280294926915,7.714699581674612,BALANCE,1,-9.821026873317698e-05
1.548,0.12924817664320443,-0.010224578265146276,0.12732040539450823,0.12867449822306778,-0.36456345384294764,10.141752323168532,BALANCE,1,-9.817821268564044e-05
1.55,0.12923178092086954,-0.006171443141589221,0.12732040539450823,0.12820056573307195,-0.23696624499791596,4.516894422085998,BALANCE,1,-9.816042596803855e-05
1.552,0.1292194933329309,-0.006116368931487458,0.1303883669702795,0.1289662961660946,0.3828652165113189,5.619260030409112,BALANCE,1,-9.814185771344653e-05
1.554,0.12920316828852263,-0.010208973255084144,0.12885438618239387,0.12892712767179934,-0.019584247147624856,11.158978236859154,BALANCE,1,-9.810996838468232e-05
1.556,0.1291846802839989,-0.008279368505732672,0.12885438618239387,0.12890166815050744,-0.012729760645951993,7.589681546504984,BALANCE,1,-9.808573402515273e-05
1.558,0.1291683380495022,-0.008063164087068066,0.12732040539450823,0.12834822618590772,-0.27672098229986064,7.648900319788155,BALANCE,1,-9.806132889084594e-05
1.56,0.12915454140575758,-0.0057337313218511436,0.12732040539450823,0.1279884889089179,-0.17986863849490942,5.275802241902084,BALANCE,1,-9.804383768531364e-05
1.562,0.1291416367028558,-0.007171206972336966,0.1303883669702795,0.12882844623039447,0.41997866073828494,6.112550113289567,BALANCE,1,-9.802229403184318e-05
1.564,0.12912512301829376,-0.009342778813275124,0.1303883669702795,0.12937441848935421,0.2729861294798741,11.479616790731555,BALANCE,1,-9.799343512389612e-05
1.566,0.12910467375263607,-0.011106859857837997,0.13192234775816514,0.13026619373343803,0.44588762204191,10.209686887041954,BALANCE,1,-9.795859176100535e-05
1.568,0.12907807878496302,-0.015488592931975364,0.12732040539450823,0.1292351678148126,-0.5155129593127222,11.795822730163907,BALANCE,1,-9.79058582000042e-05
1.57,0.12904898749646404,-0.013603226225348385,0.1303883669702795,0.129638787519226,0.20180985220670522,3.2127785646195672,BALANCE,1,-9.786763189946758e-05
1.572,0.1290217223857706,-0.01366238181547472,0.12578642460662257,0.1282904604998148,-0.6741635097056026,9.594765284096042,BALANCE,1,-9.782615887188876e-05
1.574,0.12900069336305028,-0.007367024504110219,0.1303883669702795,0.12902472776447743,0.3671336323313179,1.7497625661688125,BALANCE,1,-9.780843154215446e-05
1.576,0.1289841988126382,-0.009127826788313797,0.1303883669702795,0.12950200148650814,0.23863686101535664,11.02306650711642,BALANCE,1,-9.778035593945214e-05
1.578,0.12896432673171315,-0.010744616628446831,0.12732040539450823,0.1287384428543082,-0.3817793160999783,9.912929202692213,BALANCE,1,-9.774684088075936e-05
1.58,0.12894600746908014,-0.007574980174856536,0.12885438618239387,0.12877902301913818,0.020290082414997634,4.368159393776502,BALANCE,1,-9.772530190535621e-05
1.582,0.1289305801419519,-0.007852628369170495,0.12732040539450823,0.1282685068505177,-0.25525808431024755,7.9341725425279614,BALANCE,1,-9.770149328668058e-05
1.584,0.12891717308849854,-0.005554669649553888,0.12732040539450823,0.12793667134091438,-0.16591775480165327,5.46122918668292,BALANCE,1,-9.76844881695791e-05
1.586,0.12890416116592077,-0.007457490283418953,0.1303883669702795,0.12879476481119218,0.4290467351388966,6.233077627397178,BALANCE,1,-9.766215570222724e-05
1.588,0.12888760753195133,-0.009096445647968538,0.1303883669702795,0.12935252556687274,0.2788803778402821,11.557959674901458,BALANCE,1,-9.76342133448807e-05
1.59,0.12886738839830184,-0.011123056828310716,0.12885438618239387,0.12917817678230514,-0.08717439228379809,10.260609761752486,BALANCE,1,-9.759925192775037e-05
1.592,0.1288455179555136,-0.010747784911802503,0.12885438618239387,0.1290648500723362,-0.05666335498447084,7.005742037685655,BALANCE,1,-9.756704389186445e-05
1.594,0.1288248998359797,-0.009870710730982156,0.1303883669702795,0.12952808098661636,0.23161545714008025,7.269339639055536,BALANCE,1,-9.753778885049809e-05
1.596,0.12880351966154638,-0.011509853711734193,0.1303883669702795,0.12982918108089847,0.15055004714105424,9.852268360466022,BALANCE,1,-9.750171930256708e-05
1.598,0.12877867405330506,-0.0133362077555703,0.12578642460662257,0.1284142163149019,-0.7074823829982813,9.151910407369476,BALANCE,1,-9.74593139229688e-05
1.6,0.1287574503739526,-0.00788785875861207,0.1303883669702795,0.12910516904428407,0.34547636469108023,1.4619068962964972,BALANCE,1,-9.743956520134597e-05
1.602,0.12874025475548373,-0.009308073389087484,0.12885438618239387,0.1290173950426225,-0.04388700083078623,10.835960321699446,BALANCE,1,-9.741096991899389e-05
1.604,0.12872227698872576,-0.008670021317641663,0.13345632854605077,0.1305710217688224,0.7768133630999541,7.379719901651118,BALANCE,1,-9.738502472488149e-05
1.606,0.128697961819299,-0.015645591660241393,0.12732040539450823,0.12943330603781245,-0.5688578655049792,14.747196092193297,BALANCE,1,-9.733019231758832e-05
1.608,0.12866828773433803,-0.014029034616424652,0.12732040539450823,0.12869379081265597,-0.36975761257823647,2.7519096279252966,BALANCE,1,-9.729048113761182e-05
1.61,0.12864510836445586,-0.009150758108455198,0.12732040539450823,0.12821310591630428,-0.24034244817584816,4.4720199142046555,BALANCE,1,-9.72675332635181e-05
1.612,0.12863152519926205,-0.004432654874015869,0.12732040539450823,0.12790066073367565,-0.15622259131431449,5.590091600286289,BALANCE,1,-9.725385659565781e-05
1.614,0.12861699712678645,-0.010095682620910863,0.12885438618239387,0.12823446464072702,0.16690195352568604,6.316838196239183,BALANCE,1,-9.722314337208909e-05
1.616,0.128601003945554,-0.0058977903647308896,0.12885438618239387,0.1284514371803104,0.10848626979169385,9.200813764128764,BALANCE,1,-9.72061581075907e-05
1.618,0.12858559881349826,-0.009507622712265776,0.12732040539450823,0.12805557605527965,-0.19793056251538044,8.696136261243556,BALANCE,1,-9.717697019635329e-05
1.62,0.1285706046537044,-0.005486810611422066,0.12732040539450823,0.12779826632400965,-0.12865486563500006,5.9565056038481865,BALANCE,1,-9.716076811008468e-05
1.622,0.12855707252579038,-0.008045564157768961,0.13192234775816514,0.12924169482596407,0.7217142509772095,6.555007298554509,BALANCE,1,-9.713665079425116e-05
1.624,0.12853725576682593,-0.011771556307846757,0.12732040539450823,0.12856924352495452,-0.3362256505047706,14.178804241673786,BALANCE,1,-9.70988693611855e-05
1.6260000000000001,0.12851614575001544,-0.009338845600936741,0.12732040539450823,0.12813215017929833,-0.2185466728280988,4.7617165471010505,BALANCE,1,-9.707249534487801e-05
1.6280000000000001,0.12850047358033923,-0.006333609975440304,0.12578642460662257,0.1273111462288618,-0.41050197521826093,5.778394411668914,BALANCE,1,-9.705387563005687e-05
1.6300000000000001,0.12848951612169712,-0.004624048558618753,0.12885438618239387,0.12785128021259803,0.2700669918681148,4.027644743117868,BALANCE,1,-9.703934464350608e-05
1.6320000000000001,0.12847302541698072,-0.011866956984233127,0.12885438618239387,0.12820236730202658,0.1755435447142739,10.092099641613359,BALANCE,1,-9.700173075194562e-05
1.6340000000000001,0.1284521097494201,-0.009049092132740742,0.12732040539450823,0.12789368063439516,-0.1543433338157124,9.275472081608555,BALANCE,1,-9.697647450483282e-05
1.6360000000000001,0.12843650684189742,-0.006554100028595938,0.12885438618239387,0.1282299275761947,0.16812347089976976,6.333073887085355,BALANCE,1,-9.695709951841662e-05
1.6380000000000001,0.12842025070544252,-0.00970233297839856,0.1303883669702795,0.12898538136412438,0.3777268939648415,9.211366963178708,BALANCE,1,-9.69271309426681e-05
1.6400000000000001,0.12839874658732187,-0.011802177432829589,0.1303883669702795,0.12947642632627868,0.24552248107714836,11.114586121146127,BALANCE,1,-9.688989713615199e-05
1.6420000000000001,0.1283722972335053,-0.014647658889477526,0.12885438618239387,0.12925871227591898,-0.10885702517984819,9.972416951811539,BALANCE,1,-9.684200451250936e-05
1.6440000000000001,0.12834229980750414,-0.015350314347261265,0.12885438618239387,0.1291171981431852,-0.07075706636688883,6.8184167112239225,BALANCE,1,-9.679455375455515e-05
1.6460000000000001,0.1283120033678141,-0.014946678036076739,0.12885438618239387,0.12902521395690825,-0.04599209313847774,7.147578176855539,BALANCE,1,-9.675021585202849e-05
1.6480000000000001,0.12828316677929336,-0.01389043654857296,0.12732040539450823,0.12842853096006823,-0.29834149842000723,7.361533129515979,BALANCE,1,-9.67100317374998e-05
1.6500000000000001,0.12825918701701008,-0.010089763199286521,0.12732040539450823,0.12804068701212223,-0.19392197397299915,5.089013568225125,BALANCE,1,-9.668364300840268e-05
1.6520000000000001,0.1282431254460076,-0.005972100817444926,0.12732040539450823,0.12778858844595734,-0.12604928308244945,5.991137475399594,BALANCE,1,-9.666651475956013e-05
1.6540000000000001,0.12822983602163363,-0.007317565995277288,0.12885438618239387,0.12816161765371012,0.18651460387639207,6.577518015062949,BALANCE,1,-9.664460070214989e-05
1.6560000000000001,0.12821485690379147,-0.007661825111948758,0.12732040539450823,0.12786719336298946,-0.14721214536032867,9.370255646364157,BALANCE,1,-9.662150256672742e-05
1.6580000000000001,0.12820092091712162,-0.0062744157946698345,0.12885438618239387,0.128212710849781,0.17275874339577058,6.394683204176559,BALANCE,1,-9.660258949647638e-05
1.6600000000000001,0.12818502802624815,-0.009618765013013397,0.13192234775816514,0.12951108376771545,0.6491864589672214,9.251413019288004,BALANCE,1,-9.657300178209193e-05
1.6620000000000001,0.1281616196380481,-0.013790050228171015,0.1303883669702795,0.12981813288861285,0.15352456044870344,13.552206338137152,BALANCE,1,-9.65273630651915e-05
1.6640000000000001,0.12813069737942334,-0.017132772517256836,0.1303883669702795,0.13001771481719618,0.09979096429166279,9.177608470842275,BALANCE,1,-9.646981752137404e-05
1.666,0.1280931759249038,-0.020389366516932655,0.1303883669702795,0.13014744307077533,0.06486412678957665,8.71338147911407,BALANCE,1,-9.640035074886928e-05
1.668,0.12804934887901548,-0.02343847892540938,0.12885438618239387,0.12969487315984182,-0.22628495546675453,8.411633934490652,BALANCE,1,-9.632020066333468e-05
1.67,0.1280021666189969,-0.023744641864694604,0.12885438618239387,0.12940070271773504,-0.14708522105338906,5.803907749965481,BALANCE,1,-9.624774459009295e-05
1.672,0.12795604848677913,-0.02237433171733416,0.12885438618239387,0.12920949193036563,-0.09560539368470844,6.488147352037454,BALANCE,1,-9.618519494827699e-05
1.674,0.12791367260472017,-0.020002323438626717,0.12732040539450823,0.12854831164281555,-0.33059014377503915,6.932903093384174,BALANCE,1,-9.613227063396693e-05
1.676,0.1278790162707872,-0.0146546427628669,0.12732040539450823,0.12811854445590798,-0.21488359345378516,4.810404044739613,BALANCE,1,-9.61000033406703e-05
1.678,0.1278564166290941,-0.007945411240688666,0.12578642460662257,0.1273023025086581,-0.4081209736249425,5.810041285133875,BALANCE,1,-9.608225141652487e-05
1.68,0.1278468976447326,-0.001573746788990014,0.1303883669702795,0.1283824250702256,0.5400612807837518,4.0482152108702225,BALANCE,1,-9.607443332115915e-05
1.682,0.1278155397527211,-0.029784717297177212,0.12578642460662257,0.12747382490796455,-0.45430008113052367,12.51706072617238,BALANCE,1,-9.593301050816407e-05
1.684,0.12776423979222234,-0.021516179128699575,0.12885438618239387,0.12795702135401482,0.24159822302513567,3.649254603518422,BALANCE,1,-9.590129389486743e-05
1.686,0.12772663151640481,-0.016092782825488847,0.12578642460662257,0.12719731249242752,-0.37985443079364967,9.846146050873644,BALANCE,1,-9.586664816085538e-05
1.688,0.127702840241656,-0.00769892598347021,0.12885438618239387,0.12777728828391574,0.2899878957441093,4.292421686587518,BALANCE,1,-9.585227792223605e-05
1.69,0.12768858360745644,-0.006557968319462576,0.1303883669702795,0.12869116582414306,0.45693877011365736,10.264204654868607,BALANCE,1,-9.583264015650711e-05
1.692,0.1276700085214719,-0.012017456551995988,0.12732040539450823,0.12821139967377088,-0.23988307518608976,11.798930620744517,BALANCE,1,-9.579397952775102e-05
1.694,0.12764850784474308,-0.009483612445581832,0.12732040539450823,0.12789955167602896,-0.15592399887096042,5.594060315510438,BALANCE,1,-9.576756713674107e-05
1.696,0.12763213280775362,-0.006891723299146732,0.12732040539450823,0.1276968504774967,-0.10135059926612289,6.31941786113498,BALANCE,1,-9.57475563186836e-05
1.698,0.12761811788741326,-0.007123452736092591,0.12732040539450823,0.12756509469845073,-0.0658778895229889,6.790900265790962,BALANCE,1,-9.57262109505009e-05
1.7,0.1276044165845373,-0.00657810011388835,0.12732040539450823,0.12747945344207084,-0.04282062818994348,7.097363828817257,BALANCE,1,-9.570648115779158e-05
1.702,0.12759070767351435,-0.007131061021616043,0.12732040539450823,0.12742378662542392,-0.02783340832346326,7.296565144784423,BALANCE,1,-9.568513652773126e-05
1.704,0.12757700332899632,-0.006573533526826093,0.12885438618239387,0.1279244964703634,0.25035492246974766,7.426046000163087,BALANCE,1,-9.566542453890625e-05
1.706,0.12756066491245371,-0.009765181101822376,0.12732040539450823,0.1277130645938141,-0.10571593827465864,9.921798836679377,BALANCE,1,-9.563539258379767e-05
1.708,0.12754335275819015,-0.007547289017530151,0.12885438618239387,0.12811252714981702,0.19973127800146373,6.753186277881353,BALANCE,1,-9.561356378324906e-05
1.71,0.1275260518799957,-0.009753904824744652,0.12425244381873693,0.126761497983939,-0.6755145829390186,9.484440017196187,BALANCE,1,-9.558358744142594e-05
1.712,0.12751303359204952,-0.003264620640935952,0.1303883669702795,0.12803090212915816,0.6347020726095859,1.6457224841771632,BALANCE,1,-9.557310912600406e-05
1.714,0.12748853710902347,-0.021232309306011363,0.12885438618239387,0.12831912154779065,0.144109709316248,13.334702075835246,BALANCE,1,-9.548949125533435e-05
1.716,0.12744691811690959,-0.02038744214087495,0.12885438618239387,0.12850646416990177,0.09367131105555981,9.003902041839437,BALANCE,1,-9.543095959144602e-05
1.718,0.12740641407726105,-0.020117336502031284,0.12732040539450823,0.12809134359851404,-0.20756028569386686,8.5681436417555,BALANCE,1,-9.537153211937204e-05
1.72,0.12736865013080026,-0.01764729896517928,0.12578642460662257,0.127284621951352,-0.4033608235810143,5.873310401180957,BALANCE,1,-9.532500399138723e-05
1.722,0.12733946861950118,-0.011534744758133736,0.12732040539450823,0.12729714615645668,0.006262102552334614,4.089340136300658,BALANCE,1,-9.530039974720876e-05
1.724,0.12732124197255398,-0.00669223474064951,0.12732040539450823,0.12730528688977472,0.004070366659017499,7.720611366662089,BALANCE,1,-9.528256785248843e-05
1.726,0.12730723420671347,-0.007315786674121504,0.12885438618239387,0.12784747164219143,0.2710923762083567,7.701676044383571,BALANCE,1,-9.526069877329429e-05
1.728,0.12729053804770168,-0.009380676961875943,0.12732040539450823,0.1276629984555023,-0.09223659334456347,10.10095836542266,BALANCE,1,-9.523206857750252e-05
1.73,0.12727321797775892,-0.007939708991513004,0.12578642460662257,0.1270061976083944,-0.3284004235539484,6.869639971564481,BALANCE,1,-9.520884905371982e-05
1.732,0.12726007182465057,-0.005206683974485753,0.12578642460662257,0.12657927705777428,-0.21346027531006506,4.7369543570501165,BALANCE,1,-9.519303930679201e-05
1.734,0.12724728352884168,-0.007581845159815957,0.1303883669702795,0.1279124585271511,0.6665907346884159,5.729970329629135,BALANCE,1,-9.51706937336603e-05
1.736,0.12722925991487039,-0.010442097657434334,0.12885438618239387,0.1282421332064861,0.1648373396674896,13.610201553365618,BALANCE,1,-9.513827087819879e-05
1.738,0.1272071475872335,-0.011670633427713201,0.04928506857059778,0.10060716058392519,-13.81748631128045,9.182976702234198,BALANCE,1,-9.510234669340415e-05
1.74,0.12729121477578717,0.0957393557463925,0.12732040539450823,0.10995679626762925,4.67481784185203,-100.0,BALANCE,1,-9.426475700201284e-05
1.742,0.12744285372060965,0.05590235576870691,0.12578642460662257,0.11549716618627691,2.7701849593238306,48.05421532342187,BALANCE,1,-9.513587295190936e-05
1.744,0.12748425824958118,-0.014497071330307136,0.12732040539450823,0.11963529990915787,2.069066861440483,31.506928335757358,BALANCE,1,-9.550875594663208e-05
1.746,0.12745780251322764,-0.0119591477057734,0.1303883669702795,0.12339887338055044,1.881786735696285,25.542043696308937,BALANCE,1,-9.54763261963603e-05
1.748,0.1274195608149133,-0.02628324831585169,0.1227184630308513,0.12316072975815574,-0.11907181119735072,24.108787619694102,BALANCE,1,-9.536068013883527e-05
1.75,0.12735700815951093,-0.0362705483555451,0.12578642460662257,0.12407972295511913,0.4594965984816915,6.360696523267438,BALANCE,1,-9.520048943688398e-05
1.752,0.12727238390620277,-0.04835524893199264,0.12732040539450823,0.12521396180890532,0.5671194268930951,11.543925981697116,BALANCE,1,-9.496491571964353e-05
1.754,0.1271607452901099,-0.06328540404670917,0.1227184630308513,0.1243405372365864,-0.43671228615945606,12.566092166169803,BALANCE,1,-9.46203837587548e-05
1.756,0.12702572637804563,-0.07173597153035897,0.12732040539450823,0.12538349109185903,0.5214769276363148,3.616467722503366,BALANCE,1,-9.429721230009785e-05
1.758,0.12687086260459976,-0.08313062756257802,0.1227184630308513,0.12445073127050632,-0.46637991067635665,12.171767541720563,BALANCE,1,-9.387817002583128e-05
1.76,0.12669946600199192,-0.0882691024206774,0.1303883669702795,0.12652890376542694,1.0390862474603106,3.3601567166114195,BALANCE,1,-9.352909794873588e-05
1.762,0.12650974213058108,-0.1014582308473512,0.12732040539450823,0.1268059293356054,0.13851278508922316,16.828345948930966,BALANCE,1,-9.29801742133645e-05
1.764,0.1262946240426246,-0.11366378243290307,0.12425244381873693,0.12591220940470144,-0.44685996545197615,8.863180278831525,BALANCE,1,-9.23808559776295e-05
1.766,0.12606118426279594,-0.11978025716690142,0.12578642460662257,0.12586818472537384,-0.022012339663798897,3.6211652762536244,BALANCE,1,-9.188272725584048e-05
1.768,0.1258170209112186,-0.12438754999962257,0.12732040539450823,0.12637646195957086,0.25413861709851215,7.3839690491247785,BALANCE,1,-9.140170281787214e-05
1.77,0.12556246830780973,-0.13016969873146933,0.12732040539450823,0.12670684216179895,0.1651901011140433,9.862120159997655,BALANCE,1,-9.08690513131092e-05
1.772,0.12529609717453827,-0.13620629569801834,0.12578642460662257,0.12638469601748722,-0.1610730721558623,9.09365676005178,BALANCE,1,-9.030525008285184e-05
1.774,0.12502033866712883,-0.13955724435870034,0.12425244381873693,0.12563840774792462,-0.37314413478130304,6.182565269566788,BALANCE,1,-8.98014503216359e-05
1.776,0.12474212558917923,-0.13866091121418753,0.1227184630308513,0.12461642709694895,-0.510990325487834,4.258027142244858,BALANCE,1,-8.942011113796059e-05
1.778,0.12447066512105756,-0.13280451146400307,0.12425244381873693,0.12448903294957474,-0.06369707368710648,2.9747487009789872,BALANCE,1,-8.919252426263807e-05
1.78,0.12421125584795698,-0.12660949639855618,0.1227184630308513,0.12386933347802154,-0.3098497357766003,6.931469616689598,BALANCE,1,-8.898521493209246e-05
1.782,0.12396674623681662,-0.1179045776960765,0.12425244381873693,0.12400342209727193,0.06704430962519575,4.7124863093681215,BALANCE,1,-8.885599450365147e-05
1.784,0.123738470677328,-0.11037514855431402,0.12578642460662257,0.12462747297554465,0.3120254391363597,8.060999062142539,BALANCE,1,-8.870736097222359e-05
1.786,0.1235220242666497,-0.10607521307320432,0.1227184630308513,0.12395931949490198,-0.3340767403213346,10.269861009952544,BALANCE,1,-8.849242914236676e-05
1.788,0.12331714344018355,-0.09880935332733237,0.1227184630308513,0.12352501973248424,-0.21714988120886958,4.503179092975646,BALANCE,1,-8.835430454390491e-05
1.79,0.12312835245154714,-0.0899850816219372,0.12118448224296566,0.12270583161115274,-0.40959406066574944,5.513359090967368,BALANCE,1,-8.825884478774286e-05
1.792,0.12296031409827536,-0.07805633920112148,0.12578642460662257,0.12378403915956718,0.5391037742072182,3.7583858091419797,BALANCE,1,-8.822987442685927e-05
1.794,0.12281034941516777,-0.07191108157249532,0.12118448224296566,0.12287419423875665,-0.45492246040526596,12.231685639528944,BALANCE,1,-8.811178294667913e-05
1.796,0.12267652729277802,-0.06191348384010194,0.12118448224296566,0.1222827950402298,-0.2956995992634201,3.366774821680233,BALANCE,1,-8.806161565959885e-05
1.798,0.1225646626682216,-0.04995318292197721,0.12118448224296566,0.12189838556118736,-0.1922047395212234,4.742367656118728,BALANCE,1,-8.804326020716981e-05
1.8,0.12247752553790002,-0.03718553820079155,0.12118448224296566,0.12164851939980977,-0.1249330806887966,5.636502998503722,BALANCE,1,-8.803656759459403e-05
1.802,0.12241604279793186,-0.024298324227278872,0.11965050145508001,0.12094921311915435,-0.34965314032770617,6.217690971053958,BALANCE,1,-8.803268293000378e-05
1.804,0.12238246748703302,-0.00927759964828846,0.12118448224296566,0.12103155731248831,0.04117209666697902,4.183872872691561,BALANCE,1,-8.803822120887613e-05
1.806,0.12237508815455472,0.001898132441632755,0.12425244381873693,0.12215886758967533,0.5636551385935079,7.652743011289462,BALANCE,1,-8.803641364264215e-05
1.808,0.12232234049184068,-0.054646758110174797,0.11965050145508001,0.12128093944256696,-0.4389640735541836,12.351427540404785,BALANCE,1,-8.764248019722303e-05
1.81,0.12222401951335071,-0.04367601540907367,0.12578642460662257,0.12285785924998642,0.7884599037097303,3.4122783987428105,BALANCE,1,-8.761636791948586e-05
1.812,0.12213982556093815,-0.04051947413114748,0.1227184630308513,0.12280907057328913,-0.02439433834864474,14.385977444782936,BALANCE,1,-8.752391911011586e-05
1.814,0.12206237985285161,-0.036927647894957456,0.12118448224296566,0.12224046465767592,-0.28430295780660503,7.178654775615392,BALANCE,1,-8.744254921584386e-05
1.816,0.12199483227642134,-0.030621161776062646,0.12118448224296566,0.12187087081252733,-0.1847969225742957,4.840828004163179,BALANCE,1,-8.73911958960029e-05
1.818,0.1219413900283947,-0.022822061974313676,0.1227184630308513,0.12216752808894071,0.148328638206692,5.700502224732596,BALANCE,1,-8.735911279457602e-05
1.82,0.1219018600698722,-0.016708618272138487,0.12118448224296566,0.12182346204284944,-0.17203302304563683,8.670880748622766,BALANCE,1,-8.732829541234831e-05
1.822,0.12187585820719213,-0.009293719144894744,0.12118448224296566,0.12159981911289011,-0.11182146497966394,5.810774886617966,BALANCE,1,-8.7311644123498e-05
1.824,0.12186328076871153,-0.0032839489742919926,0.12118448224296566,0.12145445120841655,-0.07268395223677948,6.330967698328229,BALANCE,1,-8.730170736761497e-05
1.826,0.12184535223132444,-0.014644915738947854,0.11965050145508001,0.12082306879474876,-0.3156912068338971,6.66909302593992,BALANCE,1,-8.725432618252098e-05
1.828,0.12182672551879141,-0.0039821368827396356,0.12118448224296566,0.12094956350162467,0.0632473534379549,4.477284208367416,BALANCE,1,-8.724886251530582e-05
1.83,0.12181258452523004,-0.01015911485752147,0.12118448224296566,0.12103178506109402,0.041110779734676584,7.843460379478768,BALANCE,1,-8.72193162332483e-05
1.832,0.12179944384415357,-0.0029818061436697983,0.12118448224296566,0.1210852290747491,0.02672200682753839,7.652213268687803,BALANCE,1,-8.721058078510877e-05
1.834,0.12177975936840162,-0.016703028995098724,0.11965050145508001,0.12058307440786492,-0.25107733344208877,7.527902646673612,BALANCE,1,-8.715361805881344e-05
1.836,0.12175625808631386,-0.006798682182974218,0.12118448224296566,0.12079356715015017,0.10524637114262686,5.035510461844332,BALANCE,1,-8.714484196877612e-05
1.838,0.12174537811579883,-0.004081486979545067,0.11965050145508001,0.12039349415687561,-0.20003649663728057,8.206307444238732,BALANCE,1,-8.713244018524327e-05
1.84,0.12173182780668265,-0.009469069533928438,0.12118448224296566,0.12067033998700713,0.13842291506575843,5.476473580261666,BALANCE,1,-8.710528190260776e-05
1.842,0.12171896962584285,-0.003389346074351822,0.11965050145508001,0.12031339650083264,-0.178471743087244,8.492933471210055,BALANCE,1,-8.709524095372548e-05
1.844,0.12170241948303583,-0.0131610988988899,0.12118448224296566,0.1206182765105792,0.15244000487327908,5.662780497793036,BALANCE,1,-8.705433590479009e-05
1.846,0.12168321848389604,-0.006040250818504167,0.12118448224296566,0.12081644851691446,0.09908600316763105,8.614032967605418,BALANCE,1,-8.704148153410543e-05
1.848,0.12166992566229606,-0.007252813482192247,0.11965050145508001,0.1204083670452724,-0.20404073582103166,8.153085450970071,BALANCE,1,-8.702076883007956e-05
1.85,0.12165873680913049,-0.0039362439729893,0.12118448224296566,0.12068000736446503,0.1358201595963171,5.441879284637002,BALANCE,1,-8.70087416198618e-05
1.852,0.12164145056471345,-0.013350316052597358,0.1227184630308513,0.12139346684770022,0.3567297416175938,8.470447179053997,BALANCE,1,-8.696668900296076e-05
1.854,0.12161764746151432,-0.010453221750157326,0.12118448224296566,0.12132032223604312,-0.03657230582854859,10.471344968931707,BALANCE,1,-8.694004699198049e-05
1.856,0.12159928096960779,-0.007913605497921255,0.11965050145508001,0.12073588496270603,-0.2922186366685481,6.981076629818795,BALANCE,1,-8.691879417647976e-05
1.858,0.1215864352052586,-0.004932393394782188,0.1227184630308513,0.12142978728655687,0.3469511619254226,4.680073550888676,BALANCE,1,-8.69045371144906e-05
1.86,0.12156864612884133,-0.012857007815686206,0.12118448224296566,0.12134393052129995,-0.04292838262846127,10.386863732637673,BALANCE,1,-8.686410262846104e-05
1.862,0.12154654526743013,-0.009244257123311896,0.12118448224296566,0.12128812362388294,-0.027903448708503642,6.926163826227661,BALANCE,1,-8.684107159852694e-05
1.864,0.12153036905163622,-0.006932254023925561,0.12118448224296566,0.12125184914056189,-0.018137241660526326,7.055970509074498,BALANCE,1,-8.682197375208298e-05
1.866,0.12151585214223264,-0.0075849204352351745,0.12425244381873693,0.12230205727792315,0.5251040686806291,7.140344852924984,BALANCE,1,-8.680024672056571e-05
1.868,0.12149660431995479,-0.011663253275675568,0.1227184630308513,0.122447799291448,0.07287100676242608,12.01836873746787,BALANCE,1,-8.676440950019204e-05
1.87,0.1214726123643597,-0.012329140376519967,0.12118448224296566,0.12200563832447918,-0.22108048348441073,8.018970737873984,BALANCE,1,-8.672847840550838e-05
1.872,0.1214501076499293,-0.010175984959212587,0.12118448224296566,0.12171823369594945,-0.14370231426486663,5.387033379631248,BALANCE,1,-8.670154800610157e-05
1.874,0.12143260565676527,-0.007326327768867654,0.11965050145508001,0.12099452741164514,-0.3618531421521534,6.0555357187868655,BALANCE,1,-8.66819085421033e-05
1.8760000000000001,0.12142098920860521,-0.004290332493836797,0.12425244381873693,0.12213479815412727,0.5701353712410651,4.078471958717934,BALANCE,1,-8.666910627847537e-05
1.8780000000000001,0.12140049525411249,-0.0162039961835534,0.11965050145508001,0.12126529430946073,-0.43475192233326937,12.407412978246734,BALANCE,1,-8.66138432538212e-05
1.8800000000000001,0.12137458109652191,-0.009710634571070704,0.12118448224296566,0.12123701008618745,-0.014142111636639143,3.448668933340097,BALANCE,1,-8.659485259487663e-05
1.8820000000000001,0.12135987731407717,-0.00499341634993552,0.12118448224296566,0.12121862534105983,-0.00919237256381128,7.174860450710993,BALANCE,1,-8.658129495862625e-05
1.8840000000000001,0.12134522702196925,-0.009657143251812574,0.12118448224296566,0.12120667525672688,-0.005975042166476985,7.217623314988734,BALANCE,1,-8.65531293056176e-05
1.8860000000000001,0.12133043450277041,-0.005135646044359984,0.12118448224296566,0.12119890770191045,-0.003883777408210387,7.245419176769232,BALANCE,1,-8.653918610358158e-05
1.8880000000000001,0.12131586760102504,-0.009431521673420554,0.11965050145508001,0.1206569655155198,-0.27097109319532825,7.26348648692655,BALANCE,1,-8.651175735467264e-05
1.8900000000000001,0.12130357254859628,-0.0028637552539466232,0.12118448224296566,0.12084159637012584,0.09231542730302189,4.863639958008718,BALANCE,1,-8.650285593963114e-05
1.8920000000000001,0.12128267480661492,-0.018034368288011783,0.1227184630308513,0.12149849970137976,0.32845166562695677,8.09459161674559,BALANCE,1,-8.643927262929799e-05
1.8940000000000001,0.12125079803600522,-0.013842984362548313,0.11965050145508001,0.12085170031517484,-0.32339969310245936,10.227038853431287,BALANCE,1,-8.64081300878999e-05
1.8960000000000001,0.12123005334013671,-0.006902090289263415,0.12118448224296566,0.12096817398990162,0.05823683736339014,4.410687374223383,BALANCE,1,-8.63939537281573e-05
1.8980000000000001,0.12121723477304369,-0.005916710859906809,0.11965050145508001,0.12050698860271405,-0.23059269359378132,7.800172437285153,BALANCE,1,-8.637705317636807e-05
1.9000000000000001,0.12120586479584514,-0.005453473944799908,0.12425244381873693,0.12181789792832207,0.6554546628040059,5.212485825741867,BALANCE,1,-8.636143085015431e-05
1.9020000000000001,0.12118770057235936,-0.012711081199577685,0.11965050145508001,0.12105930916268734,-0.3792943828173634,13.144521991812281,BALANCE,1,-8.632151683613527e-05
1.9040000000000001,0.12116775311647542,-0.007236738912637225,0.11965050145508001,0.12056622646502477,-0.2465413488312862,3.9277897921576526,BALANCE,1,-8.630477942228849e-05
1.9060000000000001,0.12115656230871497,-0.003954273185603714,0.11965050145508001,0.1202457227115441,-0.16025187674033325,5.07469872842236,BALANCE,1,-8.629277506949554e-05
1.9080000000000001,0.12114197516762146,-0.010633134253920477,0.12118448224296566,0.12057428854754165,0.16428291799877592,5.820189536994445,BALANCE,1,-8.62616299489581e-05
1.9100000000000001,0.12112677489610031,-0.004567414817557871,0.11965050145508001,0.12025096306518007,-0.16166274118079027,8.716348843086378,BALANCE,1,-8.624984233390444e-05
1.9120000000000001,0.12111326082231669,-0.008946905721075774,0.12118448224296566,0.12057769477740503,0.16336585611247817,5.808000489512577,BALANCE,1,-8.622430755261732e-05
1.9140000000000001,0.12109960575727055,-0.004708408660629925,0.12118448224296566,0.12079007039035125,0.10618780647311116,8.708425962223156,BALANCE,1,-8.621106121239506e-05
1.9160000000000001,0.12108350500802872,-0.011392634566638388,0.12118448224296566,0.1209281145387663,0.06902207420752399,8.214440897471608,BALANCE,1,-8.617668602002854e-05
1.9180000000000001,0.12106481159171593,-0.007301123080034262,0.12118448224296566,0.12101784323523608,0.04486434823489094,7.8933506053831115,BALANCE,1,-8.615826609803118e-05
1.92,0.12105014440966085,-0.007366326789961474,0.1227184630308513,0.12161306016370141,0.297608464232664,7.684641915525578,BALANCE,1,-8.613731306612668e-05
1.922,0.12103289829399773,-0.00988010377700096,0.1227184630308513,0.12199995116720387,0.19344550175123126,9.960571547638212,BALANCE,1,-8.610817463162634e-05
1.924,0.12101221115112686,-0.010807416831094128,0.1227184630308513,0.12225143031948046,0.1257395761382965,9.060664186498052,BALANCE,1,-8.607672774347724e-05
1.926,0.12098964659876864,-0.011757547546054986,0.11965050145508001,0.1213411052169403,-0.4551625512700802,8.475724401756915,BALANCE,1,-8.60423777542499e-05
1.928,0.12097028094311049,-0.007608461724771089,0.12118448224296566,0.12128628717604918,-0.027409020445560983,3.272332980635117,BALANCE,1,-8.602343567654458e-05
1.93,0.12095608790731152,-0.006584833235147646,0.11965050145508001,0.12071376217370997,-0.2862625011696082,7.0602420814528015,BALANCE,1,-8.600482407217684e-05
1.932,0.12094451551433781,-0.00498777104813255,0.12118448224296566,0.12087851419794945,0.08237601211974477,4.731531094450762,BALANCE,1,-8.599035856293127e-05
1.934,0.12093015881592085,-0.009369189515420782,0.1227184630308513,0.1215224962894651,0.3219910457578218,8.008720855432962,BALANCE,1,-8.596325934279812e-05
1.936,0.12091304422398896,-0.007745714926067962,0.1227184630308513,0.12194108464895026,0.2092941797425807,10.171222858578034,BALANCE,1,-8.59419200345124e-05
1.938,0.12089560891472623,-0.009689912700776071,0.12118448224296566,0.12167627380685565,-0.1324054210473033,9.197587538608907,BALANCE,1,-8.591354920191745e-05
1.94,0.1208780182344275,-0.00790108880228421,0.11965050145508001,0.12096725348373417,-0.35451016156073933,6.15313430010901,BALANCE,1,-8.589193369170003e-05
1.942,0.12086548398067815,-0.00463339382321978,0.11965050145508001,0.12050639027370522,-0.23043160501447918,4.14191103657731,BALANCE,1,-8.587851101598458e-05
1.944,0.12085246261335991,-0.008388211261498633,0.12118448224296566,0.12074372246294637,0.11866609462057864,5.213877537295151,BALANCE,1,-8.585481457714657e-05
1.946,0.12083997917997219,-0.004095450075793232,0.1227184630308513,0.1214348816617131,0.345579599383361,8.322246043281815,BALANCE,1,-8.584281501680622e-05
1.948,0.12082064179563447,-0.01524228735461024,0.11965050145508001,0.12081034858939152,-0.3122665361607879,10.375014230679763,BALANCE,1,-8.579238363228747e-05
1.95,0.12079702229919924,-0.008377640377676673,0.11811652066719437,0.11986750881662252,-0.4714198863845012,4.506871369434972,BALANCE,1,-8.57761697370607e-05
1.952,0.12078820609828722,-0.00043872152395880125,0.11811652066719437,0.11925466296432266,-0.3064229261499282,3.039511473132548,BALANCE,1,-8.577112967598005e-05
1.954,0.12078820609828722,0.0,0.1227184630308513,0.12046699298760769,0.6061650116425121,4.464989162549355,BALANCE,1,-8.577115020681478e-05
1.956,0.12078820609828722,0.0,0.12118448224296566,0.12071811422698298,0.1255606196876452,12.626320502230499,BALANCE,1,-8.577115020681478e-05
1.958,0.12078820609828722,0.0,0.11811652066719437,0.11980755648105697,-0.4552788729630039,8.381810726462982,BALANCE,1,-8.577115020681478e-05
1.96,0.12078820609828722,0.0,0.12118448224296566,0.120289480497725,0.24096200833401832,3.178960433187392,BALANCE,1,-8.577115020681478e-05
1.962,0.12078820609828722,0.0,0.1227184630308513,0.1211396243843192,0.42507194329709924,9.378811547625103,BALANCE,1,-8.577115020681478e-05
1.964,0.12078820609828722,0.0,0.11658253987930872,0.11954464480756553,-0.7974897883768345,11.061781808502923,BALANCE,1,-8.577115020681478e-05
1.966,0.12078820609828722,0.0,0.1227184630308513,0.12065548118571555,0.5554181890750076,0.13008973397989926,BALANCE,1,-8.577115020681478e-05
1.968,0.12078820609828722,0.0,0.11965050145508001,0.1203037382799931,-0.1758714528612218,12.187897495673718,BALANCE,1,-8.577115020681478e-05
1.97,0.12078820609828722,0.0,0.1227184630308513,0.12114889194279348,0.4225768314001857,5.6852454916810045,BALANCE,1,-8.577115020681478e-05
1.972,0.12078820609828722,0.0,0.11965050145508001,0.12062445527209376,-0.26221833534986055,11.040225494152695,BALANCE,1,-8.577115020681478e-05
1.974,0.12078820609828722,0.0,0.11965050145508001,0.12028357143613895,-0.17044191797740277,4.9392586906922995,BALANCE,1,-8.577115020681478e-05
1.976,0.12078820609828722,0.0,0.12118448224296566,0.12059889021852829,0.15765939119467137,5.73215351246994,BALANCE,1,-8.577115020681478e-05
1.978,0.12078820609828722,0.0,0.11965050145508001,0.1202669541513214,-0.16596803360344886,8.659125427145366,BALANCE,1,-8.577115020681478e-05
1.98,0.12078820609828722,0.0,0.11965050145508001,0.1200511957076369,-0.10787922184224419,5.770805269151003,BALANCE,1,-8.577115020681478e-05
1.982,0.12078820609828722,0.0,0.11965050145508001,0.11991095271924199,-0.07012149419746011,6.272658788468016,BALANCE,1,-8.577115020681478e-05
1.984,0.12078820609828722,0.0,0.11965050145508001,0.1198197947767853,-0.045578971228345255,6.598863576024084,BALANCE,1,-8.577115020681478e-05
1.986,0.12078820609828722,0.0,0.11965050145508001,0.11976054211418845,-0.02962633129842407,6.810896687935575,BALANCE,1,-8.577115020681478e-05
1.988,0.12078820609828722,0.0,0.11965050145508001,0.11972202788350049,-0.019257115343979114,6.948718210678013,BALANCE,1,-8.577115020681478e-05
1.99,0.12078820609828722,0.0,0.12118448224296566,0.1202338869093133,0.2559295129064068,7.0383022004605635,BALANCE,1,-8.577115020681478e-05
1.992,0.12078820609828722,0.0,0.12118448224296566,0.12056659527609162,0.16635418338915853,9.50812207433936,BALANCE,1,-8.577115020681478e-05
1.994,0.12078820609828722,0.0,0.12118448224296566,0.12078285571449754,0.10813021920295929,8.734243370347084,BALANCE,1,-8.577115020681478e-05
1.996,0.12078820609828722,0.0,0.1227184630308513,0.12146031827522136,0.33873128036190914,8.231222212752211,BALANCE,1,-8.577115020681478e-05
1.998,0.12078820609828722,0.0,0.12118448224296566,0.12136377566393186,-0.04827130564474813,10.315848740835529,BALANCE,1,-8.577115020681478e-05
2.0,0.12078820609828722,0.0,0.12118448224296566,0.12130102296659369,-0.031376348669086285,6.88000408155624,BALANCE,1,-8.577115020681478e-05
2.0020000000000002,0.12078820609828722,0.0,0.11965050145508001,0.1207233404375639,-0.2888412645148941,7.0259666750381085,BALANCE,1,-8.577115020681478e-05
2.004,0.12078820609828722,0.0,0.12118448224296566,0.12088474006945452,0.0806998159453079,4.709252080281261,BALANCE,1,-8.577115020681478e-05
2.0060000000000002,0.12078820609828722,0.0,0.11965050145508001,0.12045275655442343,-0.21599175751554206,7.994239496222776,BALANCE,1,-8.577115020681478e-05
2.008,0.12078820609828722,0.0,0.11811652066719437,0.11963507399389325,-0.408841280265089,5.338629414051257,BALANCE,1,-8.577115020681478e-05
2.0100000000000002,0.12078820609828722,0.0,0.12118448224296566,0.1201773668810686,0.2711464435876734,3.5801542021331545,BALANCE,1,-8.577115020681478e-05
2.012,0.12078820609828722,0.0,0.12118448224296566,0.12052985725773258,0.17624518833198738,9.63958749743994,BALANCE,1,-8.577115020681478e-05
2.0140000000000002,0.12078820609828722,0.0,0.12118448224296566,0.12075897600256415,0.1145593724157859,8.81969589536251,BALANCE,1,-8.577115020681478e-05
2.016,0.12078820609828722,0.0,0.12118448224296566,0.12090790318670468,0.07446359207026465,8.286766354012132,BALANCE,1,-8.577115020681478e-05
2.0180000000000002,0.12078820609828722,0.0,0.11811652066719437,0.11993091930487607,-0.4884919409143054,7.940362152134471,BALANCE,1,-8.577115020681478e-05
2.02,0.12078820609828722,0.0,0.11965050145508001,0.11983277305744744,-0.04907312371431327,2.8920188598738226,BALANCE,1,-8.577115020681478e-05
2.0220000000000002,0.12078820609828722,0.0,0.1227184630308513,0.12084276454813879,0.5049957453456752,6.780709244451241,BALANCE,1,-8.577115020681478e-05
2.024,0.12078820609828722,0.0,0.11965050145508001,0.12042547246556821,-0.20864604128528752,11.75227693345334,BALANCE,1,-8.577115020681478e-05
2.0260000000000002,0.12078820609828722,0.0,0.12118448224296566,0.12069112588765732,0.13282671104455218,5.402092126237762,BALANCE,1,-8.577115020681478e-05
2.028,0.12078820609828722,0.0,0.1227184630308513,0.1214006938877752,0.3547840000589428,8.444585526094503,BALANCE,1,-8.577115020681478e-05
2.0300000000000002,0.12078820609828722,0.0,0.11965050145508001,0.12078812653633189,-0.30628367572165666,10.454534894508003,BALANCE,1,-8.577115020681478e-05
2.032,0.12078820609828722,0.0,0.11965050145508001,0.12038995775789373,-0.19908438921908272,4.558559800923355,BALANCE,1,-8.577115020681478e-05
2.0340000000000003,0.12078820609828722,0.0,0.11965050145508001,0.12013114805190893,-0.12940485299239857,5.484699234120014,BALANCE,1,-8.577115020681478e-05
2.036,0.12078820609828722,0.0,0.12118448224296566,0.12049981501877878,0.18433348343492584,6.086689865697942,BALANCE,1,-8.577115020681478e-05
2.0380000000000003,0.12078820609828722,0.0,0.11965050145508001,0.12020255527148421,-0.1486298736472838,8.889574056743582,BALANCE,1,-8.577115020681478e-05
2.04,0.12078820609828722,0.0,0.12118448224296566,0.12054622971150272,0.17183722000925494,5.920596878389841,BALANCE,1,-8.577115020681478e-05
2.0420000000000003,0.12078820609828722,0.0,0.12118448224296566,0.12076961809751476,0.1116941930060164,8.781613614993356,BALANCE,1,-8.577115020681478e-05
2.044,0.12078820609828722,0.0,0.12425244381873693,0.12198860709994251,0.609494501213878,8.26201287177224,BALANCE,1,-8.577115020681478e-05
2.0460000000000003,0.12074053303562976,-0.04767393314146282,0.12118448224296566,0.12170716340000061,-0.14072184997095116,12.747452949718554,BALANCE,1,-8.54611085616019e-05
2.048,0.12064643185057877,-0.04642897022396031,0.12118448224296566,0.12152422499503837,-0.09146920248111895,6.081285195316856,BALANCE,1,-8.53402301068708e-05
2.05,0.12055615977427037,-0.04384475449760504,0.11965050145508001,0.12086842175605295,-0.32790161949271257,6.506799398982501,BALANCE,1,-8.523726354798561e-05
2.052,0.12047435081203561,-0.03796570162755006,0.12118448224296566,0.1209790429264724,0.05531058520972382,4.371793350845141,BALANCE,1,-8.517278471342686e-05
2.054,0.12040375169981274,-0.03263469979788544,0.11811652066719437,0.11997716013572508,-0.5009413953736552,7.774891322089281,BALANCE,1,-8.511307673339622e-05
2.056,0.12034832982573068,-0.02278818634835564,0.1227184630308513,0.12093661614901925,0.47972800664708437,2.784462820344464,BALANCE,1,-8.50929401390462e-05
2.058,0.12030775507484869,-0.01778730547591406,0.12118448224296566,0.1210233692819005,0.04337656644062132,11.533978379797272,BALANCE,1,-8.505724860248774e-05
2.06,0.12027678837544356,-0.013179959420225342,0.12118448224296566,0.1210797588182733,0.028194768186405594,7.671788346881423,BALANCE,1,-8.502872180947878e-05
2.062,0.12025448116972375,-0.009127653659118296,0.11965050145508001,0.12057951874115565,-0.25012003855882925,7.540626447499492,BALANCE,1,-8.500685845518537e-05
2.064,0.12024075004326483,-0.004603723550512077,0.11811652066719437,0.1197174694152692,-0.4310246629432232,5.043780932381116,BALANCE,1,-8.499409421049202e-05
2.066,0.12022931274812472,-0.0068337804478662886,0.1227184630308513,0.12076781718072294,0.5251738827268676,3.3885026890475847,BALANCE,1,-8.497522409130762e-05
2.068,0.1202152000196358,-0.007279205757768933,0.11811652066719437,0.11983986340098794,-0.463976889867497,11.926604294454323,BALANCE,1,-8.495462850377915e-05
2.07,0.12020528818088054,-0.0026328140040853534,0.12118448224296566,0.12031047999568015,0.23530829734610265,3.1038146303683707,BALANCE,1,-8.494554841601286e-05
2.072,0.12018267744576178,-0.019978334006332314,0.11965050145508001,0.1200794875064701,-0.11549624460502339,9.329966775792782,BALANCE,1,-8.48717980359734e-05
2.074,0.12015047596597911,-0.012223733826906665,0.12118448224296566,0.12046623566424354,0.1933740788867197,6.20685214577178,BALANCE,1,-8.485299151953445e-05
2.076,0.12013111981543026,-0.007132770197622368,0.12118448224296566,0.12071762196679628,0.12569315127636954,8.967679538791577,BALANCE,1,-8.483619325318903e-05
2.078,0.12011639080209681,-0.007596512109907083,0.11965050145508001,0.12034412978769558,-0.18674608955034783,8.38295572224109,BALANCE,1,-8.481468646091065e-05
2.08,0.120103361071483,-0.005433456448615925,0.11811652066719437,0.11956446659552016,-0.3898315960877141,5.5912949609632,BALANCE,1,-8.479931390521402e-05
2.082,0.12009277241639245,-0.005155392007817086,0.12118448224296566,0.12013147207212609,0.28350273830296535,3.744386807625905,BALANCE,1,-8.478469375217748e-05
2.084,0.12007869152673008,-0.008925754791880292,0.11965050145508001,0.11996313235615996,-0.08416985798306159,9.746338691010214,BALANCE,1,-8.47591730767128e-05
2.086,0.12006570756224541,-0.00405844680463116,0.1227184630308513,0.12092749809230192,0.4821828680709808,6.477493890663119,BALANCE,1,-8.474760557288407e-05
2.088,0.12004504497165185,-0.016604521114292763,0.11811652066719437,0.11994365599351428,-0.4919210493938217,11.55518695349099,BALANCE,1,-8.469082122682804e-05
2.09,0.12001937439262343,-0.009066526708489838,0.11965050145508001,0.11984105190506228,-0.05130204422600093,2.8623933587422195,BALANCE,1,-8.467527612201295e-05
2.092,0.120006698680612,-0.003609416787625588,0.1227184630308513,0.12084814579908844,0.5035469470130796,6.761452668715682,BALANCE,1,-8.466478947870234e-05
2.094,0.1199846827706956,-0.01840689516942272,0.11965050145508001,0.12042897027868549,-0.20958776020147535,11.73976015922524,BALANCE,1,-8.459901412411145e-05
2.096,0.11995311706850083,-0.01315938347777922,0.11965050145508001,0.12015650619042358,-0.13623204413095585,5.39395622298949,BALANCE,1,-8.457221030304674e-05
2.098,0.11993289557038896,-0.007062483921794583,0.1227184630308513,0.12105319108457328,0.4483424470748537,6.027706908463083,BALANCE,1,-8.45568775913633e-05
2.1,0.11991596996118833,-0.00986343437199206,0.11811652066719437,0.12002535643849066,-0.5139173230413115,11.262825415061004,BALANCE,1,-8.45279831658448e-05
2.102,0.11990192244235318,-0.004184341002851565,0.11965050145508001,0.11989415719429693,-0.0655996220968666,2.6723583587626645,BALANCE,1,-8.451671133981367e-05
2.104,0.11988658267338495,-0.011155708096197661,0.11811652066719437,0.11927198440981103,-0.31108639224294854,6.637929918728996,BALANCE,1,-8.448370564465474e-05
2.106,0.11987357621180718,-0.001850991012712475,0.12118448224296566,0.11994135865141516,0.334687120802063,4.424699530173696,BALANCE,1,-8.447830368059048e-05
2.108,0.1198464108248857,-0.025314891990548392,0.12118448224296566,0.12037645190845783,0.21754662852133816,10.188541960666278,BALANCE,1,-8.437207404364406e-05
2.11,0.11980051055576689,-0.02058621537112156,0.1227184630308513,0.12119615580129554,0.40985194641885575,9.176516296459608,BALANCE,1,-8.433063585799251e-05
2.112,0.11976048934083212,-0.019435730443449775,0.1227184630308513,0.12172896333164006,0.2664037651722573,10.93028989524534,BALANCE,1,-8.427924997616353e-05
2.114,0.11972091104361984,-0.02014328956217338,0.11811652066719437,0.12046460839908407,-0.632177466277993,9.690981112442698,BALANCE,1,-8.422060697617184e-05
2.116,0.11968636958239572,-0.014398802477805454,0.12118448224296566,0.12071656424444263,0.12597792267927954,1.6506595620608209,BALANCE,1,-8.419321449535512e-05
2.118,0.1196619003919229,-0.010070834867075898,0.11965050145508001,0.1203434422681657,-0.18656098813846222,8.385415981392867,BALANCE,1,-8.417012083495023e-05
2.12,0.11964653681218351,-0.0052930254539076205,0.12118448224296566,0.12063780625934568,0.14718199558998862,5.5928941294118015,BALANCE,1,-8.415636169776763e-05
2.122,0.11963087707724913,-0.010366995464588538,0.11965050145508001,0.1202922495778527,-0.17277834074649195,8.568606828157629,BALANCE,1,-8.412588373807846e-05
2.124,0.11961530845260596,-0.005201913506161861,0.11965050145508001,0.12006763773488226,-0.1123059214852215,5.711968179808979,BALANCE,1,-8.41125897701006e-05
2.126,0.11960201166146413,-0.008095120468621375,0.11965050145508001,0.11992164003695147,-0.07299884896539571,6.234414680395708,BALANCE,1,-8.408980847555812e-05
2.128,0.11959022214606546,-0.003694610241310999,0.11965050145508001,0.11982674153329645,-0.047449251827508254,6.574004905777081,BALANCE,1,-8.407878368307925e-05
2.13,0.119573509827468,-0.013018013562427887,0.11965050145508001,0.11976505750592069,-0.030842013687880365,6.794738552274979,BALANCE,1,-8.40386928425682e-05
2.132,0.1195550415885586,-0.0054505626331315836,0.11965050145508001,0.11972496288812645,-0.02004730889711842,6.938215422498622,BALANCE,1,-8.40276682272843e-05
2.134,0.11954259394647251,-0.006997306780720535,0.11658253987930872,0.11862511483504025,-0.5499240265431012,7.031475388144025,BALANCE,1,-8.40081382764855e-05
2.136,0.11953586456461743,0.00026780202329271686,0.1227184630308513,0.12005778670357412,0.7163359342669331,2.268913804773396,BALANCE,1,-8.400390611657805e-05
2.138,0.11953586456461743,0.0,0.11811652066719437,0.11937834359084121,-0.33972155636645407,13.578133141689479,BALANCE,1,-8.400391376648991e-05
2.14,0.11953586456461743,0.0,0.11504855909142309,0.11786291901604487,-0.7577122873981684,4.177308381071226,BALANCE,1,-8.400391376648991e-05
2.142,0.11953586456461743,0.0,0.11811652066719437,0.1179516795939472,0.04438028895116519,0.38137659166942056,BALANCE,1,-8.400391376648991e-05
2.144,0.11953586456461743,0.0,0.11811652066719437,0.1180093739695837,0.028847187818252518,7.495724733625125,BALANCE,1,-8.400391376648991e-05
2.146,0.11953586456461743,0.0,0.12118448224296566,0.11912066186526739,0.5556439478418412,7.361527781869508,BALANCE,1,-8.400391376648991e-05
2.148,0.11953586456461743,0.0,0.12118448224296566,0.11984299899746179,0.3611685660971989,12.097480324268535,BALANCE,1,-8.400391376648991e-05
2.15,0.11953586456461743,0.0,0.11965050145508001,0.11977562485762816,-0.03368706991681292,10.417326232801116,BALANCE,1,-8.400391376648991e-05
2.152,0.11953586456461743,0.0,0.11965050145508001,0.1197318316667363,-0.02189659544592909,6.91363579282718,BALANCE,1,-8.400391376648991e-05
2.154,0.11953586456461743,0.0,0.11965050145508001,0.1197033660926566,-0.014232787039852868,7.0154986288575465,BALANCE,1,-8.400391376648991e-05
2.156,0.11953586456461743,0.0,0.1227184630308513,0.12075865002102475,0.5276419641840752,7.081709472277301,BALANCE,1,-8.400391376648991e-05
2.158,0.11953586456461743,0.0,0.11965050145508001,0.12037079802294409,-0.1939259990403272,11.947927081540286,BALANCE,1,-8.400391376648991e-05
2.16,0.11953586456461743,0.0,0.11965050145508001,0.12011869422419166,-0.12605189937621442,5.52926472249428,BALANCE,1,-8.400391376648991e-05
2.162,0.11953586456461743,0.0,0.11811652066719437,0.11941793347924261,-0.35038037247452775,6.115657433141153,BALANCE,1,-8.400391376648991e-05
2.164,0.11953586456461743,0.0,0.11965050145508001,0.1194993322707857,0.04069939577154569,4.085222414541572,BALANCE,1,-8.400391376648991e-05
2.166,0.11953586456461743,0.0,0.11965050145508001,0.1195522414852887,0.026454607251501228,7.55629155498531,BALANCE,1,-8.400391376648991e-05
2.168,0.11953586456461743,0.0,0.11811652066719437,0.11904973919895569,-0.2512511431665074,7.433224874260307,BALANCE,1,-8.400391376648991e-05
2.17,0.11953586456461743,0.0,0.12118448224296566,0.11979689926435917,0.37358003270174245,4.941641251269068,BALANCE,1,-8.400391376648991e-05
2.172,0.11953586456461743,0.0,0.11811652066719437,0.1192087667553515,-0.2940662545038372,10.524554079378204,BALANCE,1,-8.400391376648991e-05
2.174,0.11953586456461743,0.0,0.11811652066719437,0.11882648062449651,-0.19114306542749454,4.571743612582317,BALANCE,1,-8.400391376648991e-05
2.176,0.11953586456461743,0.0,0.11965050145508001,0.11911488791520074,0.1442036453521145,5.460940053191725,BALANCE,1,-8.400391376648991e-05
2.178,0.11953586456461743,0.0,0.11658253987930872,0.11822856610263853,-0.4431609062811037,8.450508020107884,BALANCE,1,-8.400391376648991e-05
2.18,0.11953586456461743,0.0,0.11811652066719437,0.11818935020023308,-0.01960795120272557,3.1912850155498704,BALANCE,1,-8.400391376648991e-05
2.182,0.11953586456461743,0.0,0.11658253987930872,0.11762696658790955,-0.2811918061617624,6.942903587134067,BALANCE,1,-8.400391376648991e-05
2.184,0.11953586456461743,0.0,0.12118448224296566,0.11887209706717919,0.6225652396348175,4.590603756130279,BALANCE,1,-8.400391376648991e-05
2.186,0.11953586456461743,0.0,0.11811652066719437,0.1186076453271845,-0.1322258699973447,12.675641329551413,BALANCE,1,-8.400391376648991e-05
2.188,0.11953586456461743,0.0,0.12118448224296566,0.11950953824770791,0.45094646026170443,5.969950325194847,BALANCE,1,-8.400391376648991e-05
2.19,0.11953586456461743,0.0,0.11811652066719437,0.11902198209452818,-0.24377807658986644,11.192954977430016,BALANCE,1,-8.400391376648991e-05
2.192,0.11953586456461743,0.0,0.11811652066719437,0.11870507059496134,-0.1584557497834177,5.006204196315955,BALANCE,1,-8.400391376648991e-05
2.194,0.11953586456461743,0.0,0.12118448224296566,0.11957286467176285,0.43389703840075733,5.743339432618551,BALANCE,1,-8.400391376648991e-05
2.196,0.11953586456461743,0.0,0.11658253987930872,0.1185262509944039,-0.5233068386794743,11.045657897255428,BALANCE,1,-8.400391376648991e-05
2.198,0.11953586456461743,0.0,0.11965050145508001,0.11891973865564054,0.1967438306183164,2.4988708136823736,BALANCE,1,-8.400391376648991e-05
2.2,0.11953586456461743,0.0,0.12118448224296566,0.11971239891120433,0.39633012778189647,8.90442463644021,BALANCE,1,-8.400391376648991e-05
2.202,0.11953586456461743,0.0,0.11811652066719437,0.11915384152580084,-0.27927869270174405,10.72110165772611,BALANCE,1,-8.400391376648991e-05
2.204,0.11953586456461743,0.0,0.11811652066719437,0.11879077922528858,-0.1815311502561326,4.699499538508394,BALANCE,1,-8.400391376648991e-05
2.206,0.11953586456461743,0.0,0.11658253987930872,0.11801789545419562,-0.3864418855464777,5.543981405043686,BALANCE,1,-8.400391376648991e-05
2.208,0.11953586456461743,0.0,0.11811652066719437,0.11805241427874519,0.017259412274782393,3.6813043377715244,BALANCE,1,-8.400391376648991e-05
2.21,0.11953586456461743,0.0,0.1227184630308513,0.11968553134198233,0.8165585316185705,7.261416146578151,BALANCE,1,-8.400391376648991e-05
2.212,0.11953586456461743,0.0,0.11965050145508001,0.11967327088156651,-0.006130230207908316,14.443998041849184,BALANCE,1,-8.400391376648991e-05
2.214,0.11953586456461743,0.0,0.1227184630308513,0.12073908813381619,0.532908626124838,7.151710846695037,BALANCE,1,-8.400391376648991e-05
2.216,0.11948748748383567,-0.04837796425433619,0.12118448224296566,0.1208949760720185,0.07794396910115742,11.993427974911805,BALANCE,1,-8.368636877784019e-05
2.218,0.11938946054832252,-0.0496507615279089,0.11965050145508001,0.12045940995609003,-0.21778305796423675,7.970430583705835,BALANCE,1,-8.353555858634647e-05
2.22,0.1192917278770295,-0.04808369468288804,0.11658253987930872,0.11910250542921658,-0.6784522634367268,5.323153620915273,BALANCE,1,-8.341491852560696e-05
2.222,0.11920375381968788,-0.03989196937475713,0.11965050145508001,0.11929430403826878,0.09589930452610224,1.1585046560747192,BALANCE,1,-8.336858612583953e-05
2.224,0.11913102911108595,-0.032834067449387466,0.11811652066719437,0.11888207985839273,-0.20611208993802366,8.033186633995234,BALANCE,1,-8.332155767392586e-05
2.226,0.11907413915888211,-0.024056923785649473,0.1227184630308513,0.12022481396875323,0.6713670551802483,5.331616395096709,BALANCE,1,-8.329524508262262e-05
2.228,0.11902842984529229,-0.021653224635572423,0.11965050145508001,0.12002380458896761,-0.1005046898928108,13.189628203386262,BALANCE,1,-8.324305582251568e-05
2.23,0.11898885317883627,-0.017924164650426913,0.11965050145508001,0.11989314849210694,-0.06532804843033257,6.336370451694199,BALANCE,1,-8.320348345395335e-05
2.232,0.11895753206585716,-0.013397520382348264,0.11504855909142309,0.1181975422018676,-0.8478031451196744,6.6402761571210664,BALANCE,1,-8.317484343328467e-05
2.234,0.11894267442977101,-0.0014603870732547188,0.12118448224296566,0.11924297121625192,0.5227145071921637,-0.396955975911552,BALANCE,1,-8.317300608823208e-05
2.236,0.11891310041901021,-0.028114163814154963,0.1227184630308513,0.1204593933513617,0.6082110675548896,11.812989125737626,BALANCE,1,-8.304761693777599e-05
2.238,0.11885820691800983,-0.026780339775734102,0.11658253987930872,0.11910249463614316,-0.6784493576092732,12.643997234276029,BALANCE,1,-8.297878321457415e-05
2.24,0.11881263337648452,-0.018794034126433268,0.11811652066719437,0.11875740374701108,-0.17254544456603987,1.1585297607323952,BALANCE,1,-8.295400250359639e-05
2.242,0.11878428661295669,-0.009553247145329331,0.11965050145508001,0.1190699879448352,0.15629209891206142,5.621612671502671,BALANCE,1,-8.294239432444023e-05
2.244,0.11877066029348468,-0.0040733212080531584,0.11811652066719437,0.11873627439766091,-0.16685677358714568,8.554945222010012,BALANCE,1,-8.293135118916901e-05
2.246,0.11875595786077525,-0.01062938002983343,0.11811652066719437,0.11851936059199762,-0.10845690283164261,5.670759477306355,BALANCE,1,-8.290056248502553e-05
2.248,0.1187428370110517,-0.0024917093455176648,0.11965050145508001,0.11891525989407646,0.19794965103941964,6.175300365262371,BALANCE,1,-8.28936530360629e-05
2.25,0.11871984922645834,-0.020496495098210665,0.11811652066719437,0.11863570116466773,-0.13977936470436353,8.914842222953817,BALANCE,1,-8.281744923580988e-05
2.2520000000000002,0.11868721798522833,-0.01213534213548534,0.11658253987930872,0.11791709471479209,-0.35930322493782363,5.9046925279198215,BALANCE,1,-8.28010609757461e-05
2.254,0.11867356472848561,-0.0015181639869117584,0.11658253987930872,0.11745000052237291,-0.23354709620958952,3.9157665676410507,BALANCE,1,-8.279749326405367e-05
2.2560000000000002,0.11865028258874288,-0.021764400984478766,0.1227184630308513,0.11929396240034035,0.9219809389837199,5.002226315473202,BALANCE,1,-8.271476599295522e-05
2.258,0.11861048306132667,-0.01803585336487766,0.12118448224296566,0.11995564434525921,0.33084097245943134,15.354786273644391,BALANCE,1,-8.2675144584701e-05
2.2600000000000002,0.11857542001517715,-0.01702783320790763,0.11504855909142309,0.11823816450641657,-0.858739919421321,10.155313477882023,BALANCE,1,-8.263007868464598e-05
2.262,0.11855067417446565,-0.007718459491423553,0.11811652066719437,0.1181955891626888,-0.02128767186388575,-0.49144333943037244,BALANCE,1,-8.262019424333103e-05
2.2640000000000002,0.11854036423793742,-0.0025916653511201095,0.11965050145508001,0.11870480846502572,0.2546096511684623,6.928391778410243,BALANCE,1,-8.261147839234985e-05
2.266,0.11851721053169573,-0.020562463781650858,0.11965050145508001,0.11903580101154472,0.16549627325949945,9.404351641499941,BALANCE,1,-8.253486332956442e-05
2.2680000000000002,0.11848111090945283,-0.015537817827501505,0.11965050145508001,0.11925094616678207,0.10757257761867534,8.634463930494839,BALANCE,1,-8.250397152275187e-05
2.27,0.118454077123553,-0.011496461851451457,0.11658253987930872,0.1183170039661664,-0.466971100307835,8.134036918341538,BALANCE,1,-8.24780121985318e-05
2.2720000000000002,0.11843881580682271,-0.0037651336350968878,0.11965050145508001,0.11878372808728617,0.23336206055988434,2.985578799401782,BALANCE,1,-8.246936813647353e-05
2.274,0.11842054414426588,-0.014506862650917534,0.11965050145508001,0.11908709876601402,0.15168533936392448,9.220784827157846,BALANCE,1,-8.242301835779119e-05
2.2760000000000002,0.11839615995942361,-0.009877767578619096,0.11504855909142309,0.11767360987990719,-0.7067444430534155,8.515145501172483,BALANCE,1,-8.240114893755725e-05
2.278,0.11838605631784094,-0.00022605855681086078,0.11504855909142309,0.11675484210393776,-0.45938388798471425,0.8217090977217956,BALANCE,1,-8.239750241021963e-05
2.2800000000000002,0.11838605631784094,0.0,0.11811652066719437,0.11723142960107757,0.23829374856990798,2.95876030151911,BALANCE,1,-8.239750786114988e-05
2.282,0.11838605631784094,0.0,0.11811652066719437,0.11754121147421845,0.15489093657043707,9.1710241450274,BALANCE,1,-8.239750786114988e-05
2.2840000000000003,0.11838605631784094,0.0,0.11658253987930872,0.11720567641600005,-0.16776752910920012,8.450472399281004,BALANCE,1,-8.239750786114988e-05
2.286,0.11838605631784094,0.0,0.11811652066719437,0.11752447190391806,0.15939774395900413,5.570523484025846,BALANCE,1,-8.239750786114988e-05
2.2880000000000003,0.11838605631784094,0.0,0.11811652066719437,0.11773168897106477,0.1036085335733572,8.489408591643384,BALANCE,1,-8.239750786114988e-05
2.29,0.11838605631784094,0.0,0.11811652066719437,0.11786638006471013,0.06734554682268079,8.007422289581461,BALANCE,1,-8.239750786114988e-05
2.2920000000000003,0.11838605631784094,0.0,0.11965050145508001,0.1184908225513396,0.3122212433147309,7.694131193241159,BALANCE,1,-8.239750786114988e-05
2.294,0.11838605631784094,0.0,0.11965050145508001,0.11889671016764874,0.20294380815457508,9.902082261140038,BALANCE,1,-8.239750786114988e-05
2.2960000000000003,0.11838605631784094,0.0,0.11811652066719437,0.11862364384248972,-0.13653316257951353,8.957988833260913,BALANCE,1,-8.239750786114988e-05
2.298,0.11838605631784094,0.0,0.11658253987930872,0.11790925745537637,-0.35719319355667634,5.932737824619424,BALANCE,1,-8.239750786114988e-05
2.3000000000000003,0.11838605631784094,0.0,0.11811652066719437,0.11798179957951267,0.036271062068153614,3.933996010495745,BALANCE,1,-8.239750786114988e-05
2.302,0.11838605631784094,0.0,0.11811652066719437,0.11802895196020127,0.023576190344300196,7.425665733848898,BALANCE,1,-8.239750786114988e-05
2.3040000000000003,0.11838605631784094,0.0,0.11965050145508001,0.11859649428340883,0.2837711616037811,7.315989432015008,BALANCE,1,-8.239750786114988e-05
2.306,0.11838605631784094,0.0,0.11811652066719437,0.11842850351773378,-0.08399538283752894,9.656290116343019,BALANCE,1,-8.239750786114988e-05
2.308,0.11838605631784094,0.0,0.11965050145508001,0.11885620279580496,0.2138496390355904,6.3866336586228005,BALANCE,1,-8.239750786114988e-05
2.31,0.11838605631784094,0.0,0.11811652066719437,0.11859731405079126,-0.12944437250685115,9.05220886363807,BALANCE,1,-8.239750786114988e-05
2.312,0.11838605631784094,0.0,0.11965050145508001,0.11896592964229231,0.18430779575052958,5.993980844364597,BALANCE,1,-8.239750786114988e-05
2.314,0.11838605631784094,0.0,0.11811652066719437,0.11866863650100803,-0.14864657064213999,8.796984534370225,BALANCE,1,-8.239750786114988e-05
2.316,0.11838605631784094,0.0,0.11811652066719437,0.11847539595917325,-0.09662027091739134,5.828085030340505,BALANCE,1,-8.239750786114988e-05
2.318,0.11838605631784094,0.0,0.12118448224296566,0.11942357615850059,0.4740900996636696,6.277561974734547,BALANCE,1,-8.239750786114988e-05
2.32,0.11838605631784094,0.0,0.11811652066719437,0.11896610673654341,-0.22873471097858977,11.392902549630781,BALANCE,1,-8.239750786114988e-05
2.322,0.11838605631784094,0.0,0.12118448224296566,0.1197425381637912,0.3882157136238934,5.136170118246445,BALANCE,1,-8.239750786114988e-05
2.324,0.11838605631784094,0.0,0.11811652066719437,0.1191734320399823,-0.28455306190444674,10.65099784291354,BALANCE,1,-8.239750786114988e-05
2.326,0.11838605631784094,0.0,0.11965050145508001,0.1193404063352665,0.08348714764210008,4.653932058880216,BALANCE,1,-8.239750786114988e-05
2.328,0.11838605631784094,0.0,0.11811652066719437,0.11891204635144126,-0.21417999191262332,7.925952823805446,BALANCE,1,-8.239750786114988e-05
2.33,0.11838605631784094,0.0,0.11965050145508001,0.11917050563771482,0.12922964313678148,5.261914418473362,BALANCE,1,-8.239750786114988e-05
2.332,0.11838605631784094,0.0,0.11965050145508001,0.11933850417379263,0.08399926803890484,8.321141357540954,BALANCE,1,-8.239750786114988e-05
2.334,0.11838605631784094,0.0,0.11811652066719437,0.11891080994648325,-0.21384711365469294,7.93037724592148,BALANCE,1,-8.239750786114988e-05
2.336,0.11838605631784094,0.0,0.11658253987930872,0.11809591542297217,-0.40744726175553914,5.264790292848849,BALANCE,1,-8.239750786114988e-05
2.338,0.11838605631784094,0.0,0.11811652066719437,0.11810312725844994,0.003605917738888631,3.4998301148449054,BALANCE,1,-8.239750786114988e-05
2.34,0.11838605631784094,0.0,0.11811652066719437,0.11810781495151049,0.002343846530271365,7.1434579016758155,BALANCE,1,-8.239750786114988e-05
2.342,0.11838605631784094,0.0,0.11965050145508001,0.11864775522775982,0.2699701381246658,7.132554341102445,BALANCE,1,-8.239750786114988e-05
2.344,0.11838605631784094,0.0,0.11811652066719437,0.11846182313156191,-0.09296604809895526,9.537057307249885,BALANCE,1,-8.239750786114988e-05
2.346,0.11838605631784094,0.0,0.11965050145508001,0.11887786054479324,0.20801870661566607,6.30913233271225,BALANCE,1,-8.239750786114988e-05
2.348,0.11838605631784094,0.0,0.11658253987930872,0.11807449831187367,-0.4016811164597872,9.001833001796236,BALANCE,1,-8.239750786114988e-05
2.35,0.11838605631784094,0.0,0.11965050145508001,0.11862609941199588,0.27580055006110743,3.5496462536473694,BALANCE,1,-8.239750786114988e-05
2.352,0.11838605631784094,0.0,0.11658253987930872,0.11791085357555538,-0.3576229182202517,9.587428672417406,BALANCE,1,-8.239750786114988e-05
2.354,0.11838605631784094,0.0,0.11965050145508001,0.118519730333389,0.30443837891681175,3.930283439551118,BALANCE,1,-8.239750786114988e-05
2.356,0.11838605631784094,0.0,0.11811652066719437,0.11837860695022089,-0.07056169158405762,9.834842843254899,BALANCE,1,-8.239750786114988e-05
2.358,0.11838605631784094,0.0,0.11811652066719437,0.1182868767511616,-0.045865099529640574,6.502692931115535,BALANCE,1,-8.239750786114988e-05
2.36,0.11838605631784094,0.0,0.11811652066719437,0.11822725212177307,-0.02981231469426776,6.716057110238291,BALANCE,1,-8.239750786114988e-05
2.362,0.11838605631784094,0.0,0.11658253987930872,0.11765160283691055,-0.28782464243126,6.854743826668098,BALANCE,1,-8.239750786114988e-05
2.364,0.11838605631784094,0.0,0.11965050145508001,0.11835121735326987,0.3498072581796588,4.5332999118274415,BALANCE,1,-8.239750786114988e-05
2.366,0.11838605631784094,0.0,0.11965050145508001,0.11880596678890341,0.2273747178167737,10.226803550234532,BALANCE,1,-8.239750786114988e-05
2.368,0.11838605631784094,0.0,0.11658253987930872,0.11802776737054527,-0.3890997091790735,9.169057671172292,BALANCE,1,-8.239750786114988e-05
2.37,0.11838605631784094,0.0,0.11965050145508001,0.11859572430013243,0.2839784647935828,3.6583422887417503,BALANCE,1,-8.239750786114988e-05
2.372,0.11838605631784094,0.0,0.11811652066719437,0.11842800302860411,-0.08386063576416164,9.658081095228857,BALANCE,1,-8.239750786114988e-05
2.374,0.11838605631784094,0.0,0.11658253987930872,0.11778209092635072,-0.3229560511266924,6.38779779489856,BALANCE,1,-8.239750786114988e-05
2.376,0.11838605631784094,0.0,0.12118448224296566,0.11897292788716596,0.5954184804076168,4.22978499117723,BALANCE,1,-8.239750786114988e-05
2.378,0.11838605631784094,0.0,0.11965050145508001,0.11921007863593587,0.1185753743849563,12.441109132331965,BALANCE,1,-8.239750786114988e-05
2.38,0.11838605631784094,0.0,0.11965050145508001,0.11936422662263632,0.07707399335022541,8.229094677522209,BALANCE,1,-8.239750786114988e-05
2.382,0.11838605631784094,0.0,0.11811652066719437,0.11892752953823164,-0.21834854220233874,7.870546903909355,BALANCE,1,-8.239750786114988e-05
2.384,0.11838605631784094,0.0,0.11658253987930872,0.11810678315760863,-0.4103731903115082,5.225900570540931,BALANCE,1,-8.239750786114988e-05
2.386,0.11838605631784094,0.0,0.11965050145508001,0.11864708456172361,0.27015070205749225,3.4745517953447655,BALANCE,1,-8.239750786114988e-05
2.388,0.11838605631784094,0.0,0.11965050145508001,0.11899828047439835,0.17559795633736996,9.538617274520746,BALANCE,1,-8.239750786114988e-05
2.39,0.11838605631784094,0.0,0.11504855909142309,0.11761587799035701,-0.6912012420206698,8.72173659195837,BALANCE,1,-8.239750786114988e-05
2.392,0.11838605631784094,0.0,0.12118448224296566,0.11886488947877004,0.6245057442065133,0.9559933067326776,BALANCE,1,-8.239750786114988e-05
2.394,0.11838605631784094,0.0,0.11811652066719437,0.11860296039471856,-0.13096454202574104,12.692406159456345,BALANCE,1,-8.239750786114988e-05
2.396,0.11838605631784094,0.0,0.12118448224296566,0.11950649304160504,0.4517663234432437,5.980847464633066,BALANCE,1,-8.239750786114988e-05
2.398,0.11838605631784094,0.0,0.11811652066719437,0.1190200027105613,-0.2432451655218701,11.20003811806483,BALANCE,1,-8.239750786114988e-05
2.4,0.11838605631784094,0.0,0.11811652066719437,0.11870378399538288,-0.15810935758921174,5.010808237728547,BALANCE,1,-8.239750786114988e-05
2.402,0.11838605631784094,0.0,0.11811652066719437,0.11849824183051691,-0.10277108243298555,5.746332059536811,BALANCE,1,-8.239750786114988e-05
2.404,0.11838605631784094,0.0,0.11658253987930872,0.11782774614759405,-0.3352478414614321,6.224422543712167,BALANCE,1,-8.239750786114988e-05
2.406,0.11838605631784094,0.0,0.11658253987930872,0.11739192395369419,-0.21791109694992844,4.123591077906038,BALANCE,1,-8.239750786114988e-05
2.408,0.11838605631784094,0.0,0.11658253987930872,0.11710863952765928,-0.14164221301745522,5.137312247145503,BALANCE,1,-8.239750786114988e-05
2.41,0.11838605631784094,0.0,0.11811652066719437,0.11746139792649656,0.17637919941863867,5.796231007151118,BALANCE,1,-8.239750786114988e-05
2.412,0.11838605631784094,0.0,0.11658253987930872,0.11715379760998082,-0.1538001582578677,8.636118481674812,BALANCE,1,-8.239750786114988e-05
2.414,0.11838605631784094,0.0,0.11811652066719437,0.11749075068000556,0.16847653501236848,5.691193437581834,BALANCE,1,-8.239750786114988e-05
2.416,0.11838605631784094,0.0,0.11965050145508001,0.11824666345128161,0.3779563856380272,8.56784406145476,BALANCE,1,-8.239750786114988e-05
2.418,0.11838605631784094,0.0,0.12118448224296566,0.11927490002837103,0.5141182885447099,10.469995625478873,BALANCE,1,-8.239750786114988e-05
2.42,0.11838605631784094,0.0,0.11811652066719437,0.1188694672519592,-0.20271638820591742,11.738722800601252,BALANCE,1,-8.239750786114988e-05
2.422,0.11838605631784094,0.0,0.11658253987930872,0.11806904267153152,-0.4002122902138361,5.360953281377219,BALANCE,1,-8.239750786114988e-05
2.424,0.11838605631784094,0.0,0.11811652066719437,0.11808565997001352,0.008308649240999777,3.562336057388336,BALANCE,1,-8.239750786114988e-05
2.426,0.11838605631784094,0.0,0.11658253987930872,0.11755956793826684,-0.26304601587334026,7.1840867643290816,BALANCE,1,-8.239750786114988e-05
2.428,0.11838605631784094,0.0,0.11811652066719437,0.11775450139339148,0.09746672756232033,4.747372821307044,BALANCE,1,-8.239750786114988e-05
2.43,0.11838605631784094,0.0,0.11811652066719437,0.1178812081392225,0.06335337291550613,7.954360660876227,BALANCE,1,-8.239750786114988e-05
2.432,0.11838605631784094,0.0,0.11811652066719437,0.11796356752401266,0.04117969239508107,7.659641134582751,BALANCE,1,-8.239750786114988e-05
2.434,0.11838605631784094,0.0,0.11965050145508001,0.11855399439988623,0.29521343793678656,7.468073442492028,BALANCE,1,-8.239750786114988e-05
2.436,0.11838605631784094,0.0,0.11965050145508001,0.11893777186920405,0.19188873465891126,9.755144723153064,BALANCE,1,-8.239750786114988e-05
2.438,0.11838605631784094,0.0,0.11658253987930872,0.11811344067274068,-0.41216559823168547,8.862479433569378,BALANCE,1,-8.239750786114988e-05
2.44,0.11838605631784094,0.0,0.11504855909142309,0.11704073211927953,-0.5363542767305787,3.459066434299843,BALANCE,1,-8.239750786114988e-05
2.442,0.11838605631784094,0.0,0.11658253987930872,0.11688036483528974,-0.08018364199489231,2.293780948281437,BALANCE,1,-8.239750786114988e-05
2.444,0.11838605631784094,0.0,0.11658253987930872,0.11677612610069639,-0.05211936729667549,6.327197284902848,BALANCE,1,-8.239750786114988e-05
2.446,0.11838605631784094,0.0,0.11965050145508001,0.11778215747473066,0.5030156870171332,6.569656281693447,BALANCE,1,-8.239750786114988e-05
2.448,0.11838605631784094,0.0,0.11658253987930872,0.11736229131633298,-0.2099330791988374,11.550435190647386,BALANCE,1,-8.239750786114988e-05
2.45,0.11838605631784094,0.0,0.11965050145508001,0.11816316486489443,0.4004367742807269,5.206237676400583,BALANCE,1,-8.239750786114988e-05
2.452,0.11838605631784094,0.0,0.11811652066719437,0.11814683939569941,-0.008162734597513821,10.664213097207014,BALANCE,1,-8.239750786114988e-05
2.454,0.11838605631784094,0.0,0.12118448224296566,0.11921001439224259,0.5315874982715907,7.041783596184399,BALANCE,1,-8.239750786114988e-05
2.456,0.11838605631784094,0.0,0.11965050145508001,0.11936418486423568,0.07708523599654626,11.88964660357319,BALANCE,1,-8.239750786114988e-05
2.458,0.11838605631784094,0.0,0.11658253987930872,0.11839060911951124,-0.4867878723622196,7.870644033829067,BALANCE,1,-8.239750786114988e-05
2.46,0.11838605631784094,0.0,0.11965050145508001,0.11883157143696031,0.22048115872453505,2.814373424468669,BALANCE,1,-8.239750786114988e-05
2.462,0.11838605631784094,0.0,0.11658253987930872,0.11804441039178226,-0.39358052258902515,9.109501333451329,BALANCE,1,-8.239750786114988e-05
2.464,0.11838605631784094,0.0,0.11504855909142309,0.11699586243665655,-0.5242739775628558,3.6196306692231555,BALANCE,1,-8.239750786114988e-05
2.466,0.11838605631784094,0.0,0.11965050145508001,0.11792498609310476,0.46456182822410264,2.398147700981533,BALANCE,1,-8.239750786114988e-05
2.468,0.11838605631784094,0.0,0.11811652066719437,0.11799202319403612,0.033518550465683195,11.218216235198025,BALANCE,1,-8.239750786114988e-05
2.47,0.11838605631784094,0.0,0.12118448224296566,0.11910938386116146,0.5586803335626694,7.401885635878581,BALANCE,1,-8.239750786114988e-05
2.472,0.11838605631784094,0.0,0.11965050145508001,0.11929877501903295,0.09469557893574537,12.123712929374417,BALANCE,1,-8.239750786114988e-05
2.474,0.11838605631784094,0.0,0.11811652066719437,0.11888498599588945,-0.20689451157174937,8.022787145599846,BALANCE,1,-8.239750786114988e-05
2.476,0.11838605631784094,0.0,0.11658253987930872,0.1180791298550862,-0.4029280704016258,5.324856727639761,BALANCE,1,-8.239750786114988e-05
2.478,0.11838605631784094,0.0,0.11658253987930872,0.11755532336356408,-0.26190324576105817,3.538873297458999,BALANCE,1,-8.239750786114988e-05
2.48,0.11838605631784094,0.0,0.11965050145508001,0.11828863569559465,0.3666561660152848,4.757245689854893,BALANCE,1,-8.239750786114988e-05
2.482,0.11838605631784094,0.0,0.11811652066719437,0.11822839543565455,-0.030120129970050147,10.372368305952328,BALANCE,1,-8.239750786114988e-05
2.484,0.11838605631784094,0.0,0.11658253987930872,0.11765234599093351,-0.2880247223605234,6.852084481868863,BALANCE,1,-8.239750786114988e-05
2.486,0.11838605631784094,0.0,0.11658253987930872,0.11727791385186483,-0.18721606953434056,4.531571337707895,BALANCE,1,-8.239750786114988e-05
2.488,0.11838605631784094,0.0,0.12118448224296566,0.11864521278875012,0.6836494684426472,5.402499416016685,BALANCE,1,-8.239750786114988e-05
2.49,0.11838605631784094,0.0,0.11811652066719437,0.11846017054620561,-0.09252112127225431,13.203373508477625,BALANCE,1,-8.239750786114988e-05
2.492,0.11838605631784094,0.0,0.11811652066719437,0.11833989308855168,-0.060138728826965304,6.312976241496895,BALANCE,1,-8.239750786114988e-05
2.494,0.11838605631784094,0.0,0.11504855909142309,0.11718792618955667,-0.5759834494975038,6.592741261986204,BALANCE,1,-8.239750786114988e-05
2.496,0.11838605631784094,0.0,0.11658253987930872,0.11697604098096989,-0.10594260429339086,1.951407964264128,BALANCE,1,-8.239750786114988e-05
2.498,0.11838605631784094,0.0,0.11965050145508001,0.11791210214690843,0.4680305829692713,6.1046548452916225,BALANCE,1,-8.239750786114988e-05
2.5,0.11838605631784094,0.0,0.12118448224296566,0.11905743518052846,0.5726665168100109,11.248184256986226,BALANCE,1,-8.239750786114988e-05
2.5020000000000002,0.11838605631784094,0.0,0.11811652066719437,0.11872811510086152,-0.1646600398334669,12.244545411080965,BALANCE,1,-8.239750786114988e-05
2.504,0.11838605631784094,0.0,0.11658253987930872,0.11797716377331804,-0.3754756637717391,5.689737978189074,BALANCE,1,-8.239750786114988e-05
2.5060000000000002,0.11838605631784094,0.0,0.11811652066719437,0.11802593868617475,0.02438745642835416,3.77604611031608,BALANCE,1,-8.239750786114988e-05
2.508,0.11838605631784094,0.0,0.11658253987930872,0.11752074910377164,-0.2525947912015575,7.3229982987320374,BALANCE,1,-8.239750786114988e-05
2.5100000000000002,0.11838605631784094,0.0,0.11811652066719437,0.1177292691509696,0.10426002359897879,4.8376653186689875,BALANCE,1,-8.239750786114988e-05
2.512,0.11838605631784094,0.0,0.11811652066719437,0.11786480718164827,0.06776901533933621,8.013050784161488,BALANCE,1,-8.239750786114988e-05
2.5140000000000002,0.11838605631784094,0.0,0.12118448224296566,0.11902669345310936,0.5809431357305452,7.697789714718187,BALANCE,1,-8.239750786114988e-05
2.516,0.11838605631784094,0.0,0.11811652066719437,0.11870813297803912,-0.15928023753512127,12.316050580620171,BALANCE,1,-8.239750786114988e-05
2.5180000000000002,0.11838605631784094,0.0,0.11658253987930872,0.11796417539348347,-0.3719787922778217,5.736216338389545,BALANCE,1,-8.239750786114988e-05
2.52,0.11838605631784094,0.0,0.11811652066719437,0.11801749623928229,0.026660422899407732,3.80625704444632,BALANCE,1,-8.239750786114988e-05
2.5220000000000002,0.11838605631784094,0.0,0.11965050145508001,0.11858904806481149,0.285775912764602,7.342635405916759,BALANCE,1,-8.239750786114988e-05
2.524,0.11838605631784094,0.0,0.11811652066719437,0.1184236634756455,-0.08269229458299915,9.673609999379167,BALANCE,1,-8.239750786114988e-05
2.5260000000000002,0.11838605631784094,0.0,0.11504855909142309,0.11724237694116765,-0.5906432672389202,6.3978915825962615,BALANCE,1,-8.239750786114988e-05
2.528,0.11838605631784094,0.0,0.11504855909142309,0.11647454069375705,-0.38391812370529993,1.8247556726607155,BALANCE,1,-8.239750786114988e-05
2.5300000000000002,0.11838605631784094,0.0,0.11811652066719437,0.11704923368446012,0.28734649535153145,3.6107405752293404,BALANCE,1,-8.239750786114988e-05
2.532,0.11838605631784094,0.0,0.11658253987930872,0.11688589085265713,-0.08167141590149224,9.594811322939087,BALANCE,1,-8.239750786114988e-05
2.5340000000000003,0.11838605631784094,0.0,0.11965050145508001,0.11785350456350514,0.48380685542400576,6.31434378440357,BALANCE,1,-8.239750786114988e-05
2.536,0.11838605631784094,0.0,0.11965050145508001,0.11848245347555635,0.3144744560256013,11.384482067408996,BALANCE,1,-8.239750786114988e-05
2.5380000000000003,0.11838605631784094,0.0,0.12118448224296566,0.1194281635441496,0.47285503429662923,9.921548707335711,BALANCE,1,-8.239750786114988e-05
2.54,0.11833853288018756,-0.04752430565575666,0.11811652066719437,0.11896908853721527,-0.22953750346716567,11.382232303808165,BALANCE,1,-8.209053203785887e-05
2.5420000000000003,0.11824577760840874,-0.04523266034984998,0.11811652066719437,0.11867068978270796,-0.14919937725365456,5.129234458461748,BALANCE,1,-8.198434179018267e-05
2.544,0.11815945378655639,-0.0410927382733818,0.11965050145508001,0.11901362386803818,0.1714670426651091,5.8233091030133854,BALANCE,1,-8.190262391074927e-05
2.5460000000000003,0.1180801480558063,-0.03821444107039379,0.11658253987930872,0.11816274447198287,-0.4254396980276562,8.686047902491952,BALANCE,1,-8.181695380648166e-05
2.548,0.11801084667205551,-0.03108820854951903,0.11658253987930872,0.11760967286454692,-0.2765358037179755,3.3443859390995234,BALANCE,1,-8.17735530435855e-05
2.5500000000000003,0.11795819217571903,-0.021567249591325315,0.11658253987930872,0.11725017631971354,-0.17974827241668684,4.630828906921256,BALANCE,1,-8.175406529129261e-05
2.552,0.11792580318065354,-0.010822337108447277,0.11965050145508001,0.11809029011709181,0.42005689868913204,5.467016836005347,BALANCE,1,-8.174632264944445e-05
2.5540000000000003,0.1179094103661069,-0.005570776878643844,0.11811652066719437,0.11809947080962771,0.0045903462679505735,10.833719550950176,BALANCE,1,-8.173280292539155e-05
2.556,0.11789558883003269,-0.008251011663284406,0.11658253987930872,0.11756854498401606,-0.265462912805825,7.151962791117464,BALANCE,1,-8.170971222842767e-05
2.5580000000000003,0.11788458437579864,-0.002753643586336579,0.11658253987930872,0.1172234431973685,-0.17255089332378348,4.7264922387194686,BALANCE,1,-8.170092854938421e-05
2.56,0.11786579314949587,-0.01603792595647171,0.11965050145508001,0.11807291358756752,0.4247351950995154,5.529198001674235,BALANCE,1,-8.164828621524057e-05
2.562,0.11783942561903052,-0.010330086155020131,0.11965050145508001,0.11862506934119689,0.27607787681468293,10.87413730863492,BALANCE,1,-8.162784335770347e-05
2.564,0.11782075201394701,-0.008343860032010927,0.11658253987930872,0.11791018402953603,-0.3574426558304311,9.589824614132565,BALANCE,1,-8.160595751310387e-05
2.566,0.11780789946509407,-0.0045089235955577175,0.11658253987930872,0.11744550857695647,-0.23233772628977745,3.9318408016659396,BALANCE,1,-8.159343094763359e-05
2.568,0.1177947003418408,-0.008690440758091368,0.11965050145508001,0.11821725608429971,0.38587375367162,5.012674567589441,BALANCE,1,-8.15692819848332e-05
2.57,0.11777981344318997,-0.006196729827951284,0.11658253987930872,0.11764510541255287,-0.28607533587342304,10.538397076479809,BALANCE,1,-8.155264755936385e-05
2.572,0.11776819498013294,-0.005421945460159604,0.11658253987930872,0.11727320747591742,-0.1859489683177229,4.54841290219164,BALANCE,1,-8.153753673175475e-05
2.574,0.11775725533208807,-0.005517902415791065,0.11504855909142309,0.1164945805413444,-0.38931346728651034,5.413446432931141,BALANCE,1,-8.152229412197925e-05
2.576,0.11774959414660396,-0.002143423015209256,0.11811652066719437,0.11706225958539189,0.2838395220237447,3.5641279473917145,BALANCE,1,-8.151445641489525e-05
2.578,0.11772677047513377,-0.020680665356714853,0.11965050145508001,0.11796814423978273,0.4529423271954214,9.564513114844631,BALANCE,1,-8.143776532168992e-05
2.58,0.11769038257854829,-0.01570789592270121,0.11965050145508001,0.11855696926513679,0.29441251267702667,11.117830510182285,BALANCE,1,-8.140676176595056e-05
2.582,0.11766134915596167,-0.013326057015431459,0.11965050145508001,0.11893970553161691,0.19136813324006213,9.748225195138398,BALANCE,1,-8.137401154524397e-05
2.584,0.11763557808822557,-0.012445481479679214,0.11811652066719437,0.11865159082906902,-0.14405735127394348,8.857981740359799,BALANCE,1,-8.13408226558522e-05
2.586,0.11761330791300602,-0.009825100550615135,0.11965050145508001,0.11900120954817286,0.17480935955192095,5.867733214233731,BALANCE,1,-8.131628155080263e-05
2.588,0.11759393831543978,-0.009544850840870563,0.11658253987930872,0.11815467516407041,-0.4232671920512271,8.714923574785175,BALANCE,1,-8.12901065040756e-05
2.59,0.11757925287443093,-0.005140858430881375,0.11965050145508001,0.11867821436592377,0.26176960092667845,3.36315512609013,BALANCE,1,-8.127672404394455e-05
2.592,0.11756241097423574,-0.011701349412642208,0.11504855909142309,0.11740783501984853,-0.63518967303762,9.466209439505263,BALANCE,1,-8.124168184425046e-05
2.594,0.1175482110094431,-0.0024988747788242515,0.11811652066719437,0.11765587499641958,0.12401998828552585,1.4399006576381501,BALANCE,1,-8.123601519527838e-05
2.596,0.11752650401464781,-0.019208516530772858,0.11811652066719437,0.11781710098119076,0.08061299238559111,8.183765376504837,BALANCE,1,-8.116735899980934e-05
2.598,0.11749558653595339,-0.011709526945398101,0.11811652066719437,0.11792189787129202,0.052398445050630404,7.808754199741359,BALANCE,1,-8.114941908127383e-05
2.6,0.11747825275362916,-0.005624572024013574,0.11658253987930872,0.11745312257409787,-0.23438764859707445,7.5649969348450705,BALANCE,1,-8.113675150570431e-05
2.602,0.11746705920729388,-0.005569178787339764,0.11811652066719437,0.11768531190668165,0.11609466629188686,4.994964432142489,BALANCE,1,-8.11213738008036e-05
2.604,0.1174544543474896,-0.0070359112732157345,0.11965050145508001,0.11837312824862108,0.3439081709697145,8.115295207919212,BALANCE,1,-8.110201242217188e-05
2.606,0.11743951216586472,-0.007906543305442023,0.11811652066719437,0.11828331559512173,-0.044906326749673264,10.17583887068077,BALANCE,1,-8.10800133668211e-05
2.608,0.11742498218813427,-0.006623699850797411,0.11965050145508001,0.11876183064610712,0.23925752549269763,6.724340348942328,BALANCE,1,-8.106196134940002e-05
2.61,0.11740865660692226,-0.009702179585636721,0.11504855909142309,0.11746218560196771,-0.6498225220697081,9.271718212345771,BALANCE,1,-8.10340864955377e-05
2.612,0.11739671241521446,-0.002242230317251949,0.11504855909142309,0.11661741632327709,-0.4223846393453107,1.3134813599844755,BALANCE,1,-8.102712124959203e-05
2.614,0.1173778710344184,-0.016599494654125777,0.11504855909142309,0.11606831629212819,-0.27455001557444986,3.2784122719897963,BALANCE,1,-8.097228941714132e-05
2.616,0.11735906089929221,-0.0022109840965343127,0.11658253987930872,0.11624829454764138,0.08998912775659562,4.555617364793277,BALANCE,1,-8.097522964588125e-05
2.618,0.11733998826442162,-0.016861999175161017,0.11811652066719437,0.11690217368948493,0.32693957092177345,7.797390955635582,BALANCE,1,-8.09191356217714e-05
2.62,0.11731523831436791,-0.007888403007388635,0.11811652066719437,0.11732719513168323,0.2125107210991517,9.93687244818973,BALANCE,1,-8.090872052273649e-05
2.622,0.11730252346943733,-0.004826674195788637,0.11351457830353745,0.11599277924183221,-0.6672079449255088,8.948273796336537,BALANCE,1,-8.089535461882683e-05
2.624,0.11729386940328343,-0.0038275500485823247,0.11811652066719437,0.11673608874070897,0.37165474943837845,1.0709138310718451,BALANCE,1,-8.088435447943937e-05
2.626,0.11727834774002098,-0.011694396753953498,0.11811652066719437,0.11721923991497886,0.24157558713494565,10.323185561250066,BALANCE,1,-8.08499480055805e-05
2.628,0.1172604986423426,-0.006155026991021376,0.11811652066719437,0.11753328817825429,0.15702413163771328,9.19937731982576,BALANCE,1,-8.083591046134367e-05
2.63,0.11724587359851638,-0.008470284000844097,0.11658253987930872,0.11720052627362335,-0.16638095231547023,8.468901962899954,BALANCE,1,-8.081215779413001e-05
2.632,0.11723263496348703,-0.004768592871929203,0.11504855909142309,0.11644733775985325,-0.3765942568850489,5.582502700378167,BALANCE,1,-8.079915577686463e-05
2.634,0.11722113721369613,-0.006729366956746526,0.11811652066719437,0.11703155177742264,0.292107008784695,3.674014521232256,BALANCE,1,-8.07809204670062e-05
2.636,0.1172088668971426,-0.005541173750111545,0.11658253987930872,0.11687439761308277,-0.07857708216993387,9.635939387840986,BALANCE,1,-8.07655831292443e-05
2.638,0.11719638543140698,-0.006940519994690661,0.11965050145508001,0.1178460339577818,0.4858181723495156,6.341077026589822,BALANCE,1,-8.074653867054384e-05
2.64,0.11718034880486597,-0.009096399500796225,0.11658253987930872,0.11740381103031622,-0.22111146373279128,11.401858674830033,BALANCE,1,-8.072077822362968e-05
2.642,0.11716550875957782,-0.005743916886944457,0.11811652066719437,0.11765325940322358,0.12472418645367855,5.10966294111928,BALANCE,1,-8.070566214033996e-05
2.644,0.11715022503752684,-0.009540084364411634,0.11658253987930872,0.11727850756985338,-0.1873759166850994,8.189849238754194,BALANCE,1,-8.06784424213189e-05
2.646,0.11713582338102221,-0.004861835233148569,0.11658253987930872,0.11703491887816275,-0.12179434584531218,5.401118429683365,BALANCE,1,-8.06658145652199e-05
2.648,0.1171221742161311,-0.008787578999030213,0.11811652066719437,0.11741347950432382,0.18928031308053372,5.967705025800764,BALANCE,1,-8.06413218811043e-05
2.65,0.11710787631980418,-0.005510578525243856,0.11811652066719437,0.11765954391132852,0.123032203502349,8.7475765937971,BALANCE,1,-8.062665258986433e-05
2.652,0.11709251906618785,-0.009846955636281712,0.11504855909142309,0.11674569922436162,-0.4569223434834485,8.175231490981357,BALANCE,1,-8.059842733091263e-05
2.654,0.1170803383927971,-0.002333940277800678,0.11811652066719437,0.11722548672935308,0.23989375249573036,2.9800266131109865,BALANCE,1,-8.059143816627076e-05
2.656,0.11705605992631457,-0.021944969715151752,0.11965050145508001,0.11807424188335751,0.42437757700221346,9.184847247562118,BALANCE,1,-8.050726806158247e-05
2.658,0.11701518440551219,-0.018931297813674745,0.11504855909142309,0.11701525290618046,-0.5294944885885222,10.871047696448665,BALANCE,1,-8.046422057694224e-05
2.66,0.1169855097472514,-0.010743902559041637,0.11658253987930872,0.11686380334677536,-0.07572477970255176,2.353045524651363,BALANCE,1,-8.044935803241229e-05
2.662,0.11697150075017224,-0.003265350446764943,0.11658253987930872,0.11676536113316204,-0.04922110680666281,6.365719259543336,BALANCE,1,-8.044128596872075e-05
2.664,0.11695393157143083,-0.01430414924825611,0.11658253987930872,0.11670137369431338,-0.03199371942432666,6.594695565209687,BALANCE,1,-8.039646275497738e-05
2.666,0.11693399015132493,-0.0056376351622965185,0.11658253987930872,0.11665978185906176,-0.020795917625812677,6.743530163892889,BALANCE,1,-8.03875073913781e-05
2.668,0.11692271743788439,-0.005635284213641442,0.11658253987930872,0.1166327471661482,-0.013517346456777546,6.840272653036931,BALANCE,1,-8.037202888089816e-05
2.67,0.1169113174662797,-0.005764895651453348,0.11658253987930872,0.11661517461575438,-0.008786275196910609,6.903155270980568,BALANCE,1,-8.035621667498433e-05
2.672,0.11689991860314032,-0.005634175728522885,0.11965050145508001,0.11767753900951836,0.531182196881988,6.944028972643879,BALANCE,1,-8.034072406292098e-05
2.674,0.11688338941316102,-0.010895316211819477,0.11811652066719437,0.11783118258970496,0.07682179009330103,11.793777439765234,BALANCE,1,-8.030875469842385e-05
2.676,0.11686376449961003,-0.008729955860364833,0.135754090532665,0.12410420036974097,3.136508890018007,7.776000418847199,BALANCE,1,-8.028634835163078e-05
2.678,0.11681913047629401,-0.035904882841827024,0.11965050145508001,0.12254540574960963,-0.7793973100656687,35.27194998752339,BALANCE,1,-8.009571456878066e-05
2.68,0.11673366046338908,-0.04956669148949037,0.11504855909142309,0.11992150941924434,-1.3119481651826457,0.4711334061734671,BALANCE,1,-7.985393223683666e-05
2.682,0.11663505147032516,-0.04904410306327435,0.11658253987930872,0.11875287008026687,-0.584319669488735,-4.406898764027518,BALANCE,1,-7.972428610515611e-05
2.684,0.11654339924352555,-0.04260979815456831,0.11811652066719437,0.1185301477856915,-0.11136114728768631,1.971755471902036,BALANCE,1,-7.966168372123335e-05
2.686,0.11646555966798927,-0.03523119946843669,0.11658253987930872,0.11784848501845753,-0.3408313836169852,6.150209383762972,BALANCE,1,-7.96164336048047e-05
2.688,0.1164053704266715,-0.02495914148597657,0.11811652066719437,0.11794229749551542,0.04690623852894593,4.075352523939082,BALANCE,1,-7.960006952883507e-05
2.69,0.1163647869488422,-0.015625077795423277,0.11504855909142309,0.11692948905408311,-0.5064042207161557,7.517547467587005,BALANCE,1,-7.958499915824395e-05
2.692,0.1163468521112621,-0.002310087457852642,0.11504855909142309,0.1162711635671521,-0.32916274346550534,2.552531997904701,BALANCE,1,-7.958596117453061e-05
2.694,0.11633116266826822,-0.013379642170786896,0.11811652066719437,0.1169170385521669,0.3229374925073983,4.08379518663791,BALANCE,1,-7.954599656167212e-05
2.696,0.1163155086682112,-0.0022746438887778775,0.11811652066719437,0.11733685729242652,0.20990937012980992,9.902296820354662,BALANCE,1,-7.954315195676064e-05
2.698,0.11629308799193383,-0.02014644199840493,0.11658253987930872,0.11707284619783528,-0.1320055472956161,8.92579963824376,BALANCE,1,-7.946978232039516e-05
2.7,0.11626267464668219,-0.010267458907909992,0.11811652066719437,0.11743813226211096,0.18264303213783722,5.879486189351564,BALANCE,1,-7.946029447237982e-05
2.702,0.11624847343856375,-0.003934008669759631,0.11811652066719437,0.11767556820389015,0.11871797088959524,8.690234350105131,BALANCE,1,-7.94504970650408e-05
2.704,0.11623113002355724,-0.013409723193895171,0.11658253987930872,0.11729300829028665,-0.19127995680175147,8.137959032581565,BALANCE,1,-7.94092881247433e-05
2.706,0.11621220046158606,-0.005520184625584994,0.11504855909142309,0.1165074510706844,-0.39277860980112267,5.367389795671174,BALANCE,1,-7.939937817159073e-05
2.708,0.11620351284760475,-0.0031675880802443743,0.11965050145508001,0.11760751870522286,0.5500338172692298,3.5341911331727913,BALANCE,1,-7.938970039740167e-05
2.71,0.11618265803061566,-0.01768760991786466,0.11504855909142309,0.11671188284039294,-0.4478179324149609,11.956644466122349,BALANCE,1,-7.932893822163855e-05
2.712,0.11615737164540142,-0.007599237288076936,0.11504855909142309,0.11612971952825349,-0.2910816560697249,3.058683424939263,BALANCE,1,-7.932164646802615e-05
2.714,0.11615024450638943,0.0004719680568509386,0.11504855909142309,0.11575131337536285,-0.1892030764453212,4.4127936142104085,BALANCE,1,-7.931805905306455e-05
2.716,0.11615024450638943,0.0,0.11504855909142309,0.11550534937598393,-0.12298199968945739,5.292965237236656,BALANCE,1,-7.931808281347487e-05
2.718,0.11615024450638943,0.0,0.11811652066719437,0.11641925932790759,0.4569549759618277,5.8650767922037295,BALANCE,1,-7.931808281347487e-05
2.72,0.11615024450638943,0.0,0.11504855909142309,0.11593951424513801,-0.2398725413847863,11.060129863972428,BALANCE,1,-7.931808281347487e-05
2.722,0.11615024450638943,0.0,0.11504855909142309,0.1156276799413378,-0.15591715190010902,4.8552105555551925,BALANCE,1,-7.931808281347487e-05
2.724,0.11615024450638943,0.0,0.11504855909142309,0.11542498764386765,-0.10134614873507503,5.580536249110785,BALANCE,1,-7.931808281347487e-05
2.726,0.11615024450638943,0.0,0.11504855909142309,0.11529323765051205,-0.06587499667779634,6.051997949921864,BALANCE,1,-7.931808281347487e-05
2.728,0.11615024450638943,0.0,0.11504855909142309,0.11520760015483092,-0.04281874784056727,6.358448055449124,BALANCE,1,-7.931808281347487e-05
2.73,0.11615024450638943,0.0,0.11658253987930872,0.11568882905839815,0.24061445178361757,6.557640624041825,BALANCE,1,-7.931808281347487e-05
2.732,0.11615024450638943,0.0,0.11658253987930872,0.11600162784571685,0.15639939365934968,9.098706074147122,BALANCE,1,-7.931808281347487e-05
2.734,0.11615024450638943,0.0,0.11504855909142309,0.11566805378171403,-0.16678703200141004,8.371136994702171,BALANCE,1,-7.931808281347487e-05
2.736,0.11615024450638943,0.0,0.11658253987930872,0.11598812391587217,0.16003506707906734,5.486626812542911,BALANCE,1,-7.931808281347487e-05
2.738,0.11615024450638943,0.0,0.11504855909142309,0.11565927622731499,-0.16442384427858836,8.402547096672807,BALANCE,1,-7.931808281347487e-05
2.74,0.11615024450638943,0.0,0.11504855909142309,0.11544552522975282,-0.10687549878108521,5.507043378823872,BALANCE,1,-7.931808281347487e-05
2.742,0.11615024450638943,0.0,0.11351457830353745,0.11476969380557744,-0.33791571208768856,6.004227584235382,BALANCE,1,-7.931808281347487e-05
2.744,0.11615024450638943,0.0,0.11811652066719437,0.11594108320714337,0.585694700782964,3.915807037232871,BALANCE,1,-7.931808281347487e-05
2.746,0.11615024450638943,0.0,0.11811652066719437,0.11670248631816123,0.3807015555089277,12.172366145254754,BALANCE,1,-7.931808281347487e-05
2.748,0.11615024450638943,0.0,0.11811652066719437,0.11719739834032283,0.247456011080803,10.401344699428822,BALANCE,1,-7.931808281347487e-05
2.75,0.11615024450638943,0.0,0.11811652066719437,0.11751909115472788,0.1608464072025209,9.250180759641955,BALANCE,1,-7.931808281347487e-05
2.7520000000000002,0.11615024450638943,0.0,0.11504855909142309,0.1166544049325712,-0.43234311107833573,8.501924198780484,BALANCE,1,-7.931808281347487e-05
2.754,0.11615024450638943,0.0,0.11965050145508001,0.11770303871544928,0.5243168914390375,3.192376873180428,BALANCE,1,-7.931808281347487e-05
2.7560000000000002,0.11615024450638943,0.0,0.11504855909142309,0.11677397084704011,-0.46453393420458483,11.734465197127278,BALANCE,1,-7.931808281347487e-05
2.758,0.11615024450638943,0.0,0.11811652066719437,0.1172438632840941,0.23494621852699488,2.914266900092477,BALANCE,1,-7.931808281347487e-05
2.7600000000000002,0.11615024450638943,0.0,0.11658253987930872,0.11701240009241921,-0.11573159583744275,9.142103434100113,BALANCE,1,-7.931808281347487e-05
2.762,0.11615024450638943,0.0,0.11504855909142309,0.11632505574207057,-0.3436721751743227,6.020083656658222,BALANCE,1,-7.931808281347487e-05
2.7640000000000002,0.11615024450638943,0.0,0.11811652066719437,0.1169520684658639,0.31350636189666353,3.9584421428143663,BALANCE,1,-7.931808281347487e-05
2.766,0.11615024450638943,0.0,0.11811652066719437,0.11735962673632956,0.20377913523283303,9.820817341869326,BALANCE,1,-7.931808281347487e-05
2.7680000000000002,0.11615024450638943,0.0,0.11658253987930872,0.11708764633637227,-0.13599019997864725,8.872837977228299,BALANCE,1,-7.931808281347487e-05
2.77,0.11615024450638943,0.0,0.11658253987930872,0.11691085907640003,-0.08839362998611794,5.845061109691548,BALANCE,1,-7.931808281347487e-05
2.7720000000000002,0.11615024450638943,0.0,0.11504855909142309,0.1162590540816581,-0.32590249737096677,6.2562677678060865,BALANCE,1,-7.931808281347487e-05
2.774,0.11615024450638943,0.0,0.11504855909142309,0.11583538083507584,-0.211836623291127,4.1119618150604325,BALANCE,1,-7.931808281347487e-05
2.7760000000000002,0.11615024450638943,0.0,0.11351457830353745,0.11502309994903741,-0.4061404430192178,5.097424567789184,BALANCE,1,-7.931808281347487e-05
2.778,0.11615024450638943,0.0,0.11351457830353745,0.11449511737311242,-0.26399128796249227,3.3263850765428242,BALANCE,1,-7.931808281347487e-05
2.7800000000000002,0.11615024450638943,0.0,0.11504855909142309,0.11468882197452115,0.09685230070436562,4.554471029246055,BALANCE,1,-7.931808281347487e-05
2.782,0.11615024450638943,0.0,0.11811652066719437,0.11588851651695678,0.5998472712178127,7.764317179023201,BALANCE,1,-7.931808281347487e-05
2.7840000000000003,0.11615024450638943,0.0,0.11504855909142309,0.11559453141801998,-0.1469925494683999,12.294636115405085,BALANCE,1,-7.931808281347487e-05
2.786,0.11615024450638943,0.0,0.11658253987930872,0.11594033437947104,0.1729014807255319,5.657639618986385,BALANCE,1,-7.931808281347487e-05
2.7880000000000003,0.11615024450638943,0.0,0.11504855909142309,0.11562821302865425,-0.1560606754083954,8.513705420861136,BALANCE,1,-7.931808281347487e-05
2.79,0.11615024450638943,0.0,0.11658253987930872,0.11596222742638332,0.16700719886453275,5.579296289546205,BALANCE,1,-7.931808281347487e-05
2.7920000000000003,0.11615024450638943,0.0,0.11811652066719437,0.11671623006066718,0.3770013171419326,8.462782256725001,BALANCE,1,-7.931808281347487e-05
2.794,0.11615024450638943,0.0,0.11504855909142309,0.11613254522143175,-0.29184241961771606,10.369376793897853,BALANCE,1,-7.931808281347487e-05
2.7960000000000003,0.11615024450638943,0.0,0.11351457830353745,0.11521625680016874,-0.4581442106315059,4.406221060006737,BALANCE,1,-7.931808281347487e-05
2.798,0.11615024450638943,0.0,0.11658253987930872,0.11569445587786774,0.2390995388494993,2.877102796484186,BALANCE,1,-7.931808281347487e-05
2.8000000000000003,0.11615024450638943,0.0,0.11658253987930872,0.11600528527837209,0.15541470025217524,9.085618108248088,BALANCE,1,-7.931808281347487e-05
2.802,0.11615024450638943,0.0,0.11811652066719437,0.11674421766445989,0.36946619304389916,8.36262981686782,BALANCE,1,-7.931808281347487e-05
2.8040000000000003,0.11615024450638943,0.0,0.11658253987930872,0.11668763043965698,-0.028293612401454615,10.304277707990675,BALANCE,1,-7.931808281347487e-05
2.806,0.11615024450638943,0.0,0.11658253987930872,0.11665084874353508,-0.01839084806094793,6.77549693468709,BALANCE,1,-7.931808281347487e-05
2.8080000000000003,0.11615024450638943,0.0,0.11504855909142309,0.11609004736529588,-0.28040068911960175,6.861051054053142,BALANCE,1,-7.931808281347487e-05
2.81,0.11615024450638943,0.0,0.11811652066719437,0.11679931302096035,0.3546328278322339,4.505070951121058,BALANCE,1,-7.931808281347487e-05
2.8120000000000003,0.11615024450638943,0.0,0.1119805975156518,0.11511276259410236,-0.8432752134289941,10.176126067268692,BALANCE,1,-7.931808281347487e-05
2.814,0.11615024450638943,0.0,0.11351457830353745,0.11455339809240464,-0.2796822508488589,-0.5425724733423214,BALANCE,1,-7.931808281347487e-05
2.816,0.11615024450638943,0.0,0.11658253987930872,0.11526359771782108,0.3550998127082178,4.418910243834106,BALANCE,1,-7.931808281347487e-05
2.818,0.11615024450638943,0.0,0.11811652066719437,0.11626212075010173,0.49926151614032577,10.087792949025518,BALANCE,1,-7.931808281347487e-05
2.82,0.11615024450638943,0.0,0.11504855909142309,0.1158373741695642,-0.21237329026876223,11.42563374389317,BALANCE,1,-7.931808281347487e-05
2.822,0.11615024450638943,0.0,0.11658253987930872,0.11609818216797478,0.1304039992052891,5.092788077503677,BALANCE,1,-7.931808281347487e-05
2.824,0.11615024450638943,0.0,0.11658253987930872,0.11626770736694166,0.08476259948343723,8.14655191889731,BALANCE,1,-7.931808281347487e-05
2.826,0.11615024450638943,0.0,0.11811652066719437,0.1169147920220301,0.32354232754422396,7.752236793789802,BALANCE,1,-7.931808281347487e-05
2.828,0.11615024450638943,0.0,0.11351457830353745,0.11572471722055767,-0.5950374007362147,9.907522242990003,BALANCE,1,-7.931808281347487e-05
2.83,0.11615024450638943,0.0,0.11811652066719437,0.11656184842688051,0.41856560316141933,1.6944253213965736,BALANCE,1,-7.931808281347487e-05
2.832,0.11615024450638943,0.0,0.11658253987930872,0.11656909043523038,0.0036210041749334954,10.728468029961135,BALANCE,1,-7.931808281347487e-05
2.834,0.11615024450638943,0.0,0.11504855909142309,0.11603690446489782,-0.26609298516627744,7.051220643967888,BALANCE,1,-7.931808281347487e-05
2.836,0.11615024450638943,0.0,0.11811652066719437,0.11676477013570162,0.3639328354018978,4.6286811845656555,BALANCE,1,-7.931808281347487e-05
2.838,0.11615024450638943,0.0,0.11658253987930872,0.11670098954596411,-0.03189029486875411,10.256472719007709,BALANCE,1,-7.931808281347487e-05
2.84,0.11615024450638943,0.0,0.11658253987930872,0.11665953216263472,-0.020728691664695376,6.744423691848174,BALANCE,1,-7.931808281347487e-05
2.842,0.11615024450638943,0.0,0.11811652066719437,0.11716947813923059,0.2549729882979357,6.840853446207822,BALANCE,1,-7.931808281347487e-05
2.844,0.11615024450638943,0.0,0.11504855909142309,0.11642715647249796,-0.3711608333663158,9.315123067061698,BALANCE,1,-7.931808281347487e-05
2.846,0.11615024450638943,0.0,0.11658253987930872,0.11648154066488173,0.02719209619188312,3.720956137563221,BALANCE,1,-7.931808281347487e-05
2.848,0.11615024450638943,0.0,0.11811652066719437,0.11705378366569115,0.286121500404711,7.254861157936048,BALANCE,1,-7.931808281347487e-05
2.85,0.11615024450638943,0.0,0.11658253987930872,0.1168888483404573,-0.0824676626169224,9.58422807968504,BALANCE,1,-7.931808281347487e-05
2.852,0.11615024450638943,0.0,0.11811652066719437,0.11731853365481527,0.21484265717898465,6.3074646762884665,BALANCE,1,-7.931808281347487e-05
2.854,0.11615024450638943,0.0,0.11504855909142309,0.11652404255762801,-0.39724554859363326,8.968420366614087,BALANCE,1,-7.931808281347487e-05
2.856,0.11615024450638943,0.0,0.11504855909142309,0.11600762334445629,-0.25820960658586023,3.4955993822722795,BALANCE,1,-7.931808281347487e-05
2.858,0.11615024450638943,0.0,0.11811652066719437,0.11674573740741462,0.3690570314791655,4.696788986476885,BALANCE,1,-7.931808281347487e-05
2.86,0.11615024450638943,0.0,0.11658253987930872,0.11668861827257755,-0.028559567418533216,10.300742790249977,BALANCE,1,-7.931808281347487e-05
2.862,0.11615024450638943,0.0,0.11504855909142309,0.11611459755917349,-0.28701035670203323,6.77319923815562,BALANCE,1,-7.931808281347487e-05
2.864,0.11615024450638943,0.0,0.11504855909142309,0.11574148409546084,-0.186556731856323,4.447967270787659,BALANCE,1,-7.931808281347487e-05
2.866,0.11615024450638943,0.0,0.1119805975156518,0.11442517379252767,-0.6581551514665829,5.315828114011857,BALANCE,1,-7.931808281347487e-05
2.868,0.11615024450638943,0.0,0.11504855909142309,0.11464335864714106,0.1090924273066951,1.0567571010675028,BALANCE,1,-7.931808281347487e-05
2.87,0.11615024450638943,0.0,0.11811652066719437,0.11585896535415972,0.6078033535093299,7.870064747720541,BALANCE,1,-7.931808281347487e-05
2.872,0.11615024450638943,0.0,0.11811652066719437,0.11664910971372185,0.39507217978106135,12.363372035058383,BALANCE,1,-7.931808281347487e-05
2.874,0.11615024450638943,0.0,0.11351457830353745,0.11555202372015731,-0.5485429967822669,10.525498527801144,BALANCE,1,-7.931808281347487e-05
2.876,0.11615024450638943,0.0,0.11504855909142309,0.11537581110010034,-0.08810631002848651,2.0961099065238447,BALANCE,1,-7.931808281347487e-05
2.878,0.11615024450638943,0.0,0.11351457830353745,0.11472437962130333,-0.32571573939850496,6.166382449253777,BALANCE,1,-7.931808281347487e-05
2.88,0.11615024450638943,0.0,0.11811652066719437,0.11591162898736519,0.5936246830309313,4.021207699494778,BALANCE,1,-7.931808281347487e-05
2.882,0.11615024450638943,0.0,0.11504855909142309,0.11560955452378545,-0.15103723178987172,12.240876575724975,BALANCE,1,-7.931808281347487e-05
2.884,0.11615024450638943,0.0,0.11965050145508001,0.11702388594973855,0.7071657129765485,5.6226959181943235,BALANCE,1,-7.931808281347487e-05
2.886,0.11615024450638943,0.0,0.11351457830353745,0.11579562827356817,-0.61412883808519,13.314172576386394,BALANCE,1,-7.931808281347487e-05
2.888,0.11615024450638943,0.0,0.11504855909142309,0.11553415405981739,-0.1307371068753893,1.5294864160908466,BALANCE,1,-7.931808281347487e-05
2.89,0.11615024450638943,0.0,0.11504855909142309,0.11536419582087938,-0.08497911946900305,5.798077180472304,BALANCE,1,-7.931808281347487e-05
2.892,0.11615024450638943,0.0,0.11658253987930872,0.11579061624132965,0.2132102102251343,6.193399555306888,BALANCE,1,-7.931808281347487e-05
2.894,0.11615024450638943,0.0,0.11658253987930872,0.11606778951462232,0.13858663664633591,8.861949379469413,BALANCE,1,-7.931808281347487e-05
2.896,0.11615024450638943,0.0,0.11351457830353745,0.11517416559074262,-0.4468119619398525,8.217245143161662,BALANCE,1,-7.931808281347487e-05
2.898,0.11615024450638943,0.0,0.11811652066719437,0.11620398986750073,0.5149121383790575,2.97500682852156,BALANCE,1,-7.931808281347487e-05
2.9,0.11615024450638943,0.0,0.11658253987930872,0.11633648237163353,0.06624625206640145,11.560846009592401,BALANCE,1,-7.931808281347487e-05
2.902,0.11615024450638943,0.0,0.11658253987930872,0.11642260249931985,0.04306006384315747,7.59226633072824,BALANCE,1,-7.931808281347487e-05
2.904,0.11615024450638943,0.0,0.11658253987930872,0.11647858058231596,0.02798904149805409,7.391951161479881,BALANCE,1,-7.931808281347487e-05
2.906,0.11615024450638943,0.0,0.11351457830353745,0.11544117978474348,-0.5187003987862371,7.261746301468493,BALANCE,1,-7.931808281347487e-05
2.908,0.11615024450638943,0.0,0.11504855909142309,0.11530376254208134,-0.06870862133107059,2.3539325814209886,BALANCE,1,-7.931808281347487e-05
2.91,0.11615024450638943,0.0,0.1119805975156518,0.114140654782831,-0.5815538796251698,6.333967187936889,BALANCE,1,-7.931808281347487e-05
2.912,0.11615024450638943,0.0,0.11658253987930872,0.1149953145665982,0.4273298918835988,1.7185474991187648,BALANCE,1,-7.931808281347487e-05
2.914,0.11615024450638943,0.0,0.11658253987930872,0.11555084342604688,0.27776442972433923,10.711818786973899,BALANCE,1,-7.931808281347487e-05
2.916,0.11615024450638943,0.0,0.11658253987930872,0.11591193718468852,0.1805468793208212,9.419660258039588,BALANCE,1,-7.931808281347487e-05
2.918,0.11615024450638943,0.0,0.11658253987930872,0.11614664812780559,0.11735547155853482,8.579757214232295,BALANCE,1,-7.931808281347487e-05
2.92,0.11615024450638943,0.0,0.11811652066719437,0.11683610351659167,0.34472769439303913,8.033820235757558,BALANCE,1,-7.931808281347487e-05
2.922,0.11615024450638943,0.0,0.11504855909142309,0.11621046296778266,-0.31282027440450444,10.09055148026906,BALANCE,1,-7.931808281347487e-05
2.924,0.11615024450638943,0.0,0.11658253987930872,0.11634068988681678,0.06511345951706188,4.224984606147953,BALANCE,1,-7.931808281347487e-05
2.926,0.11615024450638943,0.0,0.11811652066719437,0.11696223065994894,0.31077038656607964,7.582479662516137,BALANCE,1,-7.931808281347487e-05
2.928,0.11615024450638943,0.0,0.11658253987930872,0.11682933888672486,-0.06644588661203904,9.79718010766212,BALANCE,1,-7.931808281347487e-05
2.93,0.11615024450638943,0.0,0.11658253987930872,0.11674295923412921,-0.043189826297827805,6.445883494473512,BALANCE,1,-7.931808281347487e-05
2.932,0.11615024450638943,0.0,0.11811652066719437,0.11722370573570201,0.24037325078640065,6.646802317914317,BALANCE,1,-7.931808281347487e-05
2.934,0.11615024450638943,0.0,0.11504855909142309,0.11646240441020439,-0.38065066274881043,9.188989833670929,BALANCE,1,-7.931808281347487e-05
2.936,0.11615024450638943,0.0,0.11504855909142309,0.11596755854863093,-0.24742293078672956,3.638969535859249,BALANCE,1,-7.931808281347487e-05
2.938,0.11615024450638943,0.0,0.11504855909142309,0.11564590873860818,-0.16082490501137525,4.789979586308378,BALANCE,1,-7.931808281347487e-05
2.94,0.11615024450638943,0.0,0.11658253987930872,0.11597372963785336,0.16391044962259238,5.538136119100327,BALANCE,1,-7.931808281347487e-05
2.942,0.11615024450638943,0.0,0.11658253987930872,0.11618681322236274,0.10654179225468713,8.436028145935149,BALANCE,1,-7.931808281347487e-05
2.944,0.11615024450638943,0.0,0.11504855909142309,0.11578842427653387,-0.19919447291443654,7.940396341364421,BALANCE,1,-7.931808281347487e-05
2.946,0.11615024450638943,0.0,0.11811652066719437,0.11660325801326504,0.4074168683655885,5.206645387873412,BALANCE,1,-7.931808281347487e-05
2.948,0.11615024450638943,0.0,0.11351457830353745,0.11552222011486038,-0.5405189492023316,10.632149451157698,BALANCE,1,-7.931808281347487e-05
2.95,0.11615024450638943,0.0,0.11658253987930872,0.1158933320324173,0.18555595877846331,2.16543300670554,BALANCE,1,-7.931808281347487e-05
2.952,0.11615024450638943,0.0,0.11351457830353745,0.11506076822730936,-0.4162819025539735,8.623032744891974,BALANCE,1,-7.931808281347487e-05
2.954,0.11615024450638943,0.0,0.11504855909142309,0.11505649502974917,-0.002136598780094756,3.2387687696462293,BALANCE,1,-7.931808281347487e-05
2.956,0.11615024450638943,0.0,0.11351457830353745,0.11451682417557507,-0.2698354270870493,6.909110710283336,BALANCE,1,-7.931808281347487e-05
2.958,0.11615024450638943,0.0,0.11658253987930872,0.11523982467188185,0.36150024815338744,4.503981069164001,BALANCE,1,-7.931808281347487e-05
2.96,0.11615024450638943,0.0,0.11658253987930872,0.11570977499448125,0.23497516129970114,10.143088985489891,BALANCE,1,-7.931808281347487e-05
2.962,0.11615024450638943,0.0,0.11658253987930872,0.11601524270417087,0.15273385484480817,9.049985887074978,BALANCE,1,-7.931808281347487e-05
2.964,0.11615024450638943,0.0,0.11658253987930872,0.11621379671546911,0.09927700564912184,8.339468873105313,BALANCE,1,-7.931808281347487e-05
2.966,0.11615024450638943,0.0,0.11658253987930872,0.11634285682281298,0.0645300536719351,7.877632814024978,BALANCE,1,-7.931808281347487e-05
2.968,0.11615024450638943,0.0,0.11658253987930872,0.11642674589258649,0.041944534886755036,7.577439375622844,BALANCE,1,-7.931808281347487e-05
2.97,0.11615024450638943,0.0,0.11504855909142309,0.1159443805121793,-0.24118269020359517,7.382313640661381,BALANCE,1,-7.931808281347487e-05
2.972,0.11615024450638943,0.0,0.11658253987930872,0.1161677362906746,0.1116778892476522,4.84389163241641,BALANCE,1,-7.931808281347487e-05
2.974,0.11615024450638943,0.0,0.11351457830353745,0.1152391309951766,-0.46430264774900004,7.984769229590628,BALANCE,1,-7.931808281347487e-05
2.976,0.11615024450638943,0.0,0.11811652066719437,0.11624621738038282,0.5035431926031092,2.82389748470036,BALANCE,1,-7.931808281347487e-05
2.978,0.11615024450638943,0.0,0.11965050145508001,0.11743771680652684,0.5957497130720107,11.462624936108602,BALANCE,1,-7.931808281347487e-05
2.98,0.11615024450638943,0.0,0.11351457830353745,0.11606461833048055,-0.6865492380231444,12.35160319400389,BALANCE,1,-7.931808281347487e-05
2.982,0.11615024450638943,0.0,0.11811652066719437,0.11678278414833039,0.3590829089249181,0.9038163175421756,BALANCE,1,-7.931808281347487e-05
2.984,0.11615024450638943,0.0,0.11658253987930872,0.1167126986541728,-0.03504274707879368,10.214572177455805,BALANCE,1,-7.931808281347487e-05
2.986,0.11615024450638943,0.0,0.11658253987930872,0.11666714308297038,-0.022777785601210687,6.717188339839412,BALANCE,1,-7.931808281347487e-05
2.988,0.11615024450638943,0.0,0.11965050145508001,0.11771131851320875,0.5220877151191835,6.82315046740222,BALANCE,1,-7.931808281347487e-05
2.99,0.11615024450638943,0.0,0.11504855909142309,0.11677935271558376,-0.4659828988124934,11.715206411358071,BALANCE,1,-7.931808281347487e-05
2.992,0.11615024450638943,0.0,0.11811652066719437,0.11724736149864748,0.23400439153185848,2.9017486893424613,BALANCE,1,-7.931808281347487e-05
2.994,0.11615024450638943,0.0,0.11658253987930872,0.11701467393187892,-0.11634378338427898,9.133966597112641,BALANCE,1,-7.931808281347487e-05
2.996,0.11615024450638943,0.0,0.11811652066719437,0.11740032028923933,0.19282317868020427,6.0147947126163865,BALANCE,1,-7.931808281347487e-05
2.998,0.11615024450638943,0.0,0.11504855909142309,0.11657720387000364,-0.4115582096178433,8.778184890227246,BALANCE,1,-7.931808281347487e-05
3.0,0.11615024450638943,0.0,0.11811652066719437,0.1171159647490204,0.2693804395083807,3.371946322620809,BALANCE,1,-7.931808281347487e-05
3.0020000000000002,0.11615024450638943,0.0,0.11658253987930872,0.11692926604462131,-0.09334935219954682,9.439595058743564,BALANCE,1,-7.931808281347487e-05
3.004,0.11615024450638943,0.0,0.11811652066719437,0.11734480516252188,0.20776955895028537,6.213453212676421,BALANCE,1,-7.931808281347487e-05
3.0060000000000002,0.11615024450638943,0.0,0.11351457830353745,0.11600422576187733,-0.6702897003222769,8.907312915266315,BALANCE,1,-7.931808281347487e-05
3.008,0.11615024450638943,0.0,0.11658253987930872,0.11620663570297832,0.10120497055049471,1.0442892583761578,BALANCE,1,-7.931808281347487e-05
3.0100000000000002,0.11615024450638943,0.0,0.11658253987930872,0.11633820216469395,0.06578323085781879,7.894289308477838,BALANCE,1,-7.931808281347487e-05
3.012,0.11615024450638943,0.0,0.11811652066719437,0.1169606136405691,0.31120573793757406,7.588266097017126,BALANCE,1,-7.931808281347487e-05
3.0140000000000002,0.11615024450638943,0.0,0.11658253987930872,0.11682828782412796,-0.06616290822056975,9.800941290087783,BALANCE,1,-7.931808281347487e-05
3.016,0.11615024450638943,0.0,0.11811652066719437,0.11727916931920121,0.22544074753662324,6.4483282630501755,BALANCE,1,-7.931808281347487e-05
3.0180000000000002,0.11615024450638943,0.0,0.11351457830353745,0.11596156246371889,-0.6588034277411614,9.059981698009281,BALANCE,1,-7.931808281347487e-05
3.02,0.11615024450638943,0.0,0.11658253987930872,0.11617890455917533,0.10867104772822184,1.143523967159048,BALANCE,1,-7.931808281347487e-05
3.0220000000000002,0.11615024450638943,0.0,0.11504855909142309,0.11578328364546205,-0.19781045685664245,7.958791869186736,BALANCE,1,-7.931808281347487e-05
3.024,0.11615024450638943,0.0,0.11658253987930872,0.11606302332730838,0.13986984092316523,5.218602480957885,BALANCE,1,-7.931808281347487e-05
3.0260000000000002,0.11615024450638943,0.0,0.11351457830353745,0.11517106756898855,-0.4459778791599117,8.22833128114253,BALANCE,1,-7.931808281347487e-05
3.028,0.11615024450638943,0.0,0.11658253987930872,0.1156650828776006,0.2470076543060265,2.9822128182091396,BALANCE,1,-7.931808281347487e-05
3.0300000000000002,0.11615024450638943,0.0,0.11658253987930872,0.11598619282819844,0.16055497529891827,9.153939622369228,BALANCE,1,-7.931808281347487e-05
3.032,0.11615024450638943,0.0,0.11658253987930872,0.11619491429608704,0.10436073394429896,8.407038801046562,BALANCE,1,-7.931808281347487e-05
3.0340000000000003,0.11615024450638943,0.0,0.11504855909142309,0.11579368997445466,-0.20061216081618954,7.92155326718684,BALANCE,1,-7.931808281347487e-05
3.036,0.11615024450638943,0.0,0.11658253987930872,0.11606978744115358,0.13804873334945927,5.194397389657977,BALANCE,1,-7.931808281347487e-05
3.0380000000000003,0.11615024450638943,0.0,0.11658253987930872,0.11624925079450787,0.08973167667714749,8.212597971797589,BALANCE,1,-7.931808281347487e-05
3.04,0.11615024450638943,0.0,0.11658253987930872,0.11636590197418817,0.05832558984014691,7.795166728174978,BALANCE,1,-7.931808281347487e-05
3.0420000000000003,0.11615024450638943,0.0,0.11658253987930872,0.11644172524098036,0.0379116333960941,7.523836419820301,BALANCE,1,-7.931808281347487e-05
3.044,0.11615024450638943,0.0,0.11504855909142309,0.11595411708863532,-0.24380407617251992,7.3474717193897385,BALANCE,1,-7.931808281347487e-05
3.0460000000000003,0.11615024450638943,0.0,0.11811652066719437,0.11671095834113099,0.3784206262478357,4.821244383589886,BALANCE,1,-7.931808281347487e-05
3.048,0.11615024450638943,0.0,0.11658253987930872,0.1166660118794932,-0.022473230818893797,10.381638798373418,BALANCE,1,-7.931808281347487e-05
3.0500000000000003,0.11615024450638943,0.0,0.11504855909142309,0.11609990340366866,-0.2830542379122711,6.8257816434358904,BALANCE,1,-7.931808281347487e-05
3.052,0.11615024450638943,0.0,0.11658253987930872,0.11626882617014268,0.08446138323701252,4.482145834219805,BALANCE,1,-7.931808281347487e-05
3.0540000000000003,0.11615024450638943,0.0,0.11351457830353745,0.11530483941683085,-0.4819933766559148,7.749634460762832,BALANCE,1,-7.931808281347487e-05
3.056,0.11615024450638943,0.0,0.11504855909142309,0.11521514130293814,-0.044849056946356936,2.6710598849623017,BALANCE,1,-7.931808281347487e-05
3.0580000000000003,0.11615024450638943,0.0,0.11811652066719437,0.11623062408042782,0.5077413887448409,6.54009993523878,BALANCE,1,-7.931808281347487e-05
3.06,0.11615024450638943,0.0,0.11811652066719437,0.11689068788579611,0.3300319026841442,11.498894906945193,BALANCE,1,-7.931808281347487e-05
3.0620000000000003,0.11615024450638943,0.0,0.11504855909142309,0.11624594280776555,-0.3223725390152782,9.963588394527575,BALANCE,1,-7.931808281347487e-05
3.064,0.11615024450638943,0.0,0.11811652066719437,0.11690064505856564,0.3273511254000411,4.1424586004160595,BALANCE,1,-7.931808281347487e-05
3.0660000000000003,0.11615024450638943,0.0,0.11658253987930872,0.11678930824582572,-0.05566840636996029,9.940428039310415,BALANCE,1,-7.931808281347487e-05
3.068,0.11615024450638943,0.0,0.11504855909142309,0.11618004604178479,-0.3046311020204612,6.5389946500449385,BALANCE,1,-7.931808281347487e-05
3.0700000000000003,0.11615024450638943,0.0,0.11965050145508001,0.11739470543643812,0.6073296973266653,4.295734288515714,BALANCE,1,-7.931808281347487e-05
3.072,0.11615024450638943,0.0,0.11504855909142309,0.11657355421568286,-0.4105756103776337,12.451647517095298,BALANCE,1,-7.931808281347487e-05
3.074,0.11615024450638943,0.0,0.11658253987930872,0.11657669919795191,0.0015724911345271764,3.3804354080716275,BALANCE,1,-7.931808281347487e-05
3.076,0.11615024450638943,0.0,0.11351457830353745,0.11550495688490685,-0.5358711565225313,7.0335226837665195,BALANCE,1,-7.931808281347487e-05
3.078,0.11615024450638943,0.0,0.11504855909142309,0.11534521765718753,-0.07986961385966079,2.2055872299146895,BALANCE,1,-7.931808281347487e-05
3.08,0.11615024450638943,0.0,0.11658253987930872,0.11577828043492995,0.21653138887121198,6.237542709457804,BALANCE,1,-7.931808281347487e-05
3.082,0.11615024450638943,0.0,0.11351457830353745,0.11498598468894257,-0.3961478729936907,8.890642429667556,BALANCE,1,-7.931808281347487e-05
3.084,0.11615024450638943,0.0,0.11658253987930872,0.11554477900557072,0.2793971583140778,3.4127150647503224,BALANCE,1,-7.931808281347487e-05
3.086,0.11615024450638943,0.0,0.11351457830353745,0.11483420875985909,-0.3552851228558196,9.433766082621064,BALANCE,1,-7.931808281347487e-05
3.088,0.11615024450638943,0.0,0.11811652066719437,0.11598301792742644,0.5744045837836748,3.765745439170178,BALANCE,1,-7.931808281347487e-05
3.09,0.11615024450638943,0.0,0.11658253987930872,0.11619285061058524,0.10491634157940022,12.074826106513967,BALANCE,1,-7.931808281347487e-05
3.092,0.11615024450638943,0.0,0.11351457830353745,0.11525545530311851,-0.46869765373336314,7.926353393727235,BALANCE,1,-7.931808281347487e-05
3.094,0.11615024450638943,0.0,0.11504855909142309,0.11518304162902511,-0.03620683704669975,2.7859271913891606,BALANCE,1,-7.931808281347487e-05
3.096,0.11615024450638943,0.0,0.11504855909142309,0.1151359727408644,-0.02353444408035449,6.614763684416226,BALANCE,1,-7.931808281347487e-05
3.098,0.11615024450638943,0.0,0.11504855909142309,0.11510537796355994,-0.015297388652232846,6.72424578287044,BALANCE,1,-7.931808281347487e-05
3.1,0.11615024450638943,0.0,0.11658253987930872,0.11562238463407201,0.2585033352560384,6.795409146865655,BALANCE,1,-7.931808281347487e-05
3.102,0.11615024450638943,0.0,0.11504855909142309,0.1154215456941449,-0.10041946996355855,9.253255613982644,BALANCE,1,-7.931808281347487e-05
3.104,0.11615024450638943,0.0,0.11811652066719437,0.11636478693471221,0.47162062028365676,6.060003915075253,BALANCE,1,-7.931808281347487e-05
3.106,0.11615024450638943,0.0,0.11658253987930872,0.11644100046532099,0.03810676530439233,11.186832493838873,BALANCE,1,-7.931808281347487e-05
3.108,0.11615024450638943,0.0,0.11351457830353745,0.11541675270869675,-0.5121238783121207,7.349157545488458,BALANCE,1,-7.931808281347487e-05
3.11,0.11615024450638943,0.0,0.11351457830353745,0.114750991666891,-0.33288052090287706,2.4107498900339337,BALANCE,1,-7.931808281347487e-05
3.112,0.11615024450638943,0.0,0.11351457830353745,0.11431824698971725,-0.21637233858687321,3.9593081580152947,BALANCE,1,-7.931808281347487e-05
3.114,0.11615024450638943,0.0,0.11658253987930872,0.11511074950107426,0.3962512556785064,4.96587103220314,BALANCE,1,-7.931808281347487e-05
3.116,0.11615024450638943,0.0,0.11811652066719437,0.1161627694092163,0.5260099540710175,10.44331746146537,BALANCE,1,-7.931808281347487e-05
3.118,0.11615024450638943,0.0,0.11504855909142309,0.11577279579798867,-0.19498680561381293,11.656724676979112,BALANCE,1,-7.931808281347487e-05
3.12,0.11615024450638943,0.0,0.11351457830353745,0.11498241967493074,-0.3951880615289671,5.2429971840095355,BALANCE,1,-7.931808281347487e-05
3.122,0.11615024450638943,0.0,0.11351457830353745,0.11446867519494308,-0.25687223999382863,3.4210072770860216,BALANCE,1,-7.931808281347487e-05
3.124,0.11615024450638943,0.0,0.11658253987930872,0.11520852783447105,0.3699263197639857,4.615975459599139,BALANCE,1,-7.931808281347487e-05
3.126,0.11615024450638943,0.0,0.11504855909142309,0.11515253877440426,-0.02799453003339558,10.215885339272774,BALANCE,1,-7.931808281347487e-05
3.128,0.11615024450638943,0.0,0.11658253987930872,0.11565303916112082,0.25025019335828125,6.685713236513813,BALANCE,1,-7.931808281347487e-05
3.13,0.11615024450638943,0.0,0.11504855909142309,0.11544147113672662,-0.1057840121971021,9.181953272253933,BALANCE,1,-7.931808281347487e-05
3.132,0.11615024450638943,0.0,0.11658253987930872,0.11584084519663035,0.19968702995186438,6.013657392951579,BALANCE,1,-7.931808281347487e-05
3.134,0.11615024450638943,0.0,0.11811652066719437,0.11663733161132776,0.39824320734870716,8.745116973938414,BALANCE,1,-7.931808281347487e-05
3.136,0.11615024450638943,0.0,0.11658253987930872,0.1166181545051211,-0.009588553103331843,10.55289436008665,BALANCE,1,-7.931808281347487e-05
3.138,0.11615024450638943,0.0,0.11658253987930872,0.11660568938608677,-0.006232559517163616,6.937097758549452,BALANCE,1,-7.931808281347487e-05
3.14,0.11615024450638943,0.0,0.11504855909142309,0.11606069378295449,-0.27249780156614334,6.966091589563719,BALANCE,1,-7.931808281347487e-05
3.142,0.11615024450638943,0.0,0.11811652066719437,0.11678023319243845,0.3597697047419829,4.573347299202921,BALANCE,1,-7.931808281347487e-05
3.144,0.11615024450638943,0.0,0.11504855909142309,0.11617414725708307,-0.30304296767769134,10.220505693521913,BALANCE,1,-7.931808281347487e-05
3.146,0.11615024450638943,0.0,0.11504855909142309,0.11578019139910208,-0.1969779289904966,4.309454844762304,BALANCE,1,-7.931808281347487e-05
3.148,0.11615024450638943,0.0,0.11811652066719437,0.11659790664293437,0.4088576219161491,5.225795037095413,BALANCE,1,-7.931808281347487e-05
3.15,0.11615024450638943,0.0,0.11811652066719437,0.11712942155142538,0.26575745424550073,10.644596723151995,BALANCE,1,-7.931808281347487e-05
3.152,0.11615024450638943,0.0,0.11658253987930872,0.11693801296618454,-0.09570429262041602,9.408294575062051,BALANCE,1,-7.931808281347487e-05
3.154,0.11615024450638943,0.0,0.11658253987930872,0.11681359738577801,-0.062207790203265556,6.193107898283463,BALANCE,1,-7.931808281347487e-05
3.156,0.11615024450638943,0.0,0.1119805975156518,0.11512204743123383,-0.8457749772720902,6.48249818039085,BALANCE,1,-7.931808281347487e-05
3.158,0.11615024450638943,0.0,0.11658253987930872,0.11563321978806004,0.2555861784131058,-0.5641689777996067,BALANCE,1,-7.931808281347487e-05
3.16,0.11615024450638943,0.0,0.11658253987930872,0.11596548181999708,0.1661310159685181,9.228053076977003,BALANCE,1,-7.931808281347487e-05
3.162,0.11615024450638943,0.0,0.11811652066719437,0.11671834541651613,0.37643179825952444,8.4552125465416,BALANCE,1,-7.931808281347487e-05
3.164,0.11615024450638943,0.0,0.11504855909142309,0.11613392020273357,-0.2922126068912803,10.364456482278655,BALANCE,1,-7.931808281347487e-05
3.166,0.11615024450638943,0.0,0.11504855909142309,0.1157540438137749,-0.18993819447933602,4.403022857454268,BALANCE,1,-7.931808281347487e-05
3.168,0.11615024450638943,0.0,0.11658253987930872,0.11604401743671174,0.14498681146841996,5.28661424534513,BALANCE,1,-7.931808281347487e-05
3.17,0.11615024450638943,0.0,0.11504855909142309,0.11569560701586071,-0.174205210425514,8.27253892799429,BALANCE,1,-7.931808281347487e-05
3.172,0.11615024450638943,0.0,0.11658253987930872,0.11600603351806751,0.15521325110340323,5.422538069182792,BALANCE,1,-7.931808281347487e-05
3.174,0.11615024450638943,0.0,0.11351457830353745,0.11513402419298199,-0.4360046625427605,8.360889413488762,BALANCE,1,-7.931808281347487e-05
3.176,0.11615024450638943,0.0,0.11811652066719437,0.11617789795895632,0.5219368829871631,3.0683756042341592,BALANCE,1,-7.931808281347487e-05
3.178,0.11615024450638943,0.0,0.11658253987930872,0.11631952263107966,0.07081233606166804,11.621535713805553,BALANCE,1,-7.931808281347487e-05
3.18,0.11615024450638943,0.0,0.11658253987930872,0.11641157866795983,0.046028018440086305,7.63171463846677,BALANCE,1,-7.931808281347487e-05
3.182,0.11615024450638943,0.0,0.11811652066719437,0.11700830836769192,0.29836484986604794,7.4175925615099745,BALANCE,1,-7.931808281347487e-05
3.184,0.11615024450638943,0.0,0.11658253987930872,0.1168592893967578,-0.07450948546706276,9.690003492008135,BALANCE,1,-7.931808281347487e-05
3.186,0.11615024450638943,0.0,0.11504855909142309,0.11622553378989064,-0.31687780343357674,6.3762186942983945,BALANCE,1,-7.931808281347487e-05
3.188,0.11615024450638943,0.0,0.11351457830353745,0.11527669936966703,-0.4744172101118077,4.18992991728047,BALANCE,1,-7.931808281347487e-05
3.19,0.11615024450638943,0.0,0.11811652066719437,0.11627063682380159,0.4969687270672818,2.7365135537121805,BALANCE,1,-7.931808281347487e-05
3.192,0.11615024450638943,0.0,0.11351457830353745,0.11530601634170914,-0.48231024104622433,11.405825380966261,BALANCE,1,-7.931808281347487e-05
3.194,0.11615024450638943,0.0,0.11658253987930872,0.11575279957986899,0.2233916190799226,2.6683223610811666,BALANCE,1,-7.931808281347487e-05
3.196,0.11615024450638943,0.0,0.11658253987930872,0.1160432086846729,0.1452045524019535,8.949910825236039,BALANCE,1,-7.931808281347487e-05
3.198,0.11615024450638943,0.0,0.11504855909142309,0.11569508132703546,-0.1740636788187186,8.274420082910014,BALANCE,1,-7.931808281347487e-05
3.2,0.11615024450638943,0.0,0.11658253987930872,0.1160056918203311,0.15530524664782164,5.423760819878001,BALANCE,1,-7.931808281347487e-05
3.202,0.11615024450638943,0.0,0.11658253987930872,0.11620758864097328,0.10094841032108615,8.361684201440658,BALANCE,1,-7.931808281347487e-05
3.204,0.11615024450638943,0.0,0.11811652066719437,0.11687571485015066,0.33406310458869437,7.892072777443002,BALANCE,1,-7.931808281347487e-05
3.206,0.11615024450638943,0.0,0.11504855909142309,0.11623621033459601,-0.3197522577773268,9.998415632364573,BALANCE,1,-7.931808281347487e-05
3.208,0.11615024450638943,0.0,0.11658253987930872,0.11635742567524546,0.06060767032472353,4.165096305010052,BALANCE,1,-7.931808281347487e-05
3.21,0.11615024450638943,0.0,0.11658253987930872,0.1164362156466676,0.039394985711073416,7.543552266776468,BALANCE,1,-7.931808281347487e-05
3.212,0.11615024450638943,0.0,0.11658253987930872,0.116487429128092,0.025606740712197373,7.360287019911288,BALANCE,1,-7.931808281347487e-05
3.214,0.11615024450638943,0.0,0.11658253987930872,0.11652071789101785,0.016644381462926905,7.24116460944889,BALANCE,1,-7.931808281347487e-05
3.216,0.11615024450638943,0.0,0.11504855909142309,0.11600546231115968,-0.2576277899290838,7.163735042648322,BALANCE,1,-7.931808281347487e-05
3.218,0.11615024450638943,0.0,0.11658253987930872,0.11620743946001184,0.10098857442607939,4.701815543707919,BALANCE,1,-7.931808281347487e-05
3.22,0.11615024450638943,0.0,0.11351457830353745,0.1152649380552458,-0.47125070238301925,7.892419771930062,BALANCE,1,-7.931808281347487e-05
3.222,0.11615024450638943,0.0,0.11504855909142309,0.11518920541790785,-0.037866318668977605,2.7638703372210203,BALANCE,1,-7.931808281347487e-05
3.224,0.11615024450638943,0.0,0.11504855909142309,0.11513997920363818,-0.024613107134835444,6.600426729206921,BALANCE,1,-7.931808281347487e-05
3.226,0.11615024450638943,0.0,0.11504855909142309,0.1151079821643629,-0.01599851963764165,6.7149267619843895,BALANCE,1,-7.931808281347487e-05
3.228,0.11615024450638943,0.0,0.11658253987930872,0.11562407736459393,0.25804760011551714,6.7893517832897565,BALANCE,1,-7.931808281347487e-05
3.23,0.11615024450638943,0.0,0.11504855909142309,0.11542264596898413,-0.10071569780489842,9.249318327658258,BALANCE,1,-7.931808281347487e-05
3.232,0.11615024450638943,0.0,0.11965050145508001,0.11690239538911769,0.7398747100667776,6.057444678964393,BALANCE,1,-7.931808281347487e-05
3.234,0.11615024450638943,0.0,0.11658253987930872,0.11679044596068455,-0.05597471421656813,13.596759270886908,BALANCE,1,-7.931808281347487e-05
3.236,0.11615024450638943,0.0,0.11504855909142309,0.11618078555644304,-0.3048302021207566,6.536348328556276,BALANCE,1,-7.931808281347487e-05
3.238,0.11615024450638943,0.0,0.11504855909142309,0.11578450629368606,-0.1981396313784911,4.29401417954808,BALANCE,1,-7.931808281347487e-05
3.24,0.11615024450638943,0.0,0.11658253987930872,0.11606381804865398,0.1396558774839629,5.215758604706149,BALANCE,1,-7.931808281347487e-05
3.242,0.11615024450638943,0.0,0.11504855909142309,0.11570847741362317,-0.17767031751540763,8.226482761578897,BALANCE,1,-7.931808281347487e-05
3.244,0.11615024450638943,0.0,0.11658253987930872,0.11601439927661311,0.15296093149497203,5.3926015610128175,BALANCE,1,-7.931808281347487e-05
3.246,0.11615024450638943,0.0,0.11658253987930872,0.11621324848755657,0.09942460547172904,8.341430683178274,BALANCE,1,-7.931808281347487e-05
3.248,0.11615024450638943,0.0,0.11811652066719437,0.1168793937504298,0.33307263143661503,7.878907990572409,BALANCE,1,-7.931808281347487e-05
3.25,0.11615024450638943,0.0,0.11351457830353745,0.11570170834401748,-0.5888427032061591,9.98985852089871,BALANCE,1,-7.931808281347487e-05
3.2520000000000002,0.11615024450638943,0.0,0.11504855909142309,0.11547310610560944,-0.11430111920401886,1.747943902037246,BALANCE,1,-7.931808281347487e-05
3.254,0.11615024450638943,0.0,0.11504855909142309,0.11532451465064422,-0.07429572748261087,5.940074546337466,BALANCE,1,-7.931808281347487e-05
3.2560000000000002,0.11615024450638943,0.0,0.11811652066719437,0.11630171675643677,0.48860105289627587,6.285697843119256,BALANCE,1,-7.931808281347487e-05
3.258,0.11615024450638943,0.0,0.11504855909142309,0.11586311157368198,-0.21930259137739605,11.333533547067502,BALANCE,1,-7.931808281347487e-05
3.2600000000000002,0.11615024450638943,0.0,0.11965050145508001,0.11718869803217129,0.6627932292446528,5.032922949566981,BALANCE,1,-7.931808281347487e-05
3.262,0.11615024450638943,0.0,0.11658253987930872,0.11697654267866939,-0.10607767675094998,12.930820146778577,BALANCE,1,-7.931808281347487e-05
3.2640000000000002,0.11615024450638943,0.0,0.11811652066719437,0.11737553497465313,0.19949614799186915,6.103487897885855,BALANCE,1,-7.931808281347487e-05
3.266,0.11615024450638943,0.0,0.11811652066719437,0.11763487996704255,0.1296724961947146,8.83583546065241,BALANCE,1,-7.931808281347487e-05
3.2680000000000002,0.11615024450638943,0.0,0.11811652066719437,0.11780345421209569,0.08428712252656761,8.232599754437285,BALANCE,1,-7.931808281347487e-05
3.27,0.11615024450638943,0.0,0.11504855909142309,0.11683924091986028,-0.482106646117704,7.8404965453974835,BALANCE,1,-7.931808281347487e-05
3.2720000000000002,0.11615024450638943,0.0,0.11965050145508001,0.11782318210718719,0.491970593663453,2.762448898481491,BALANCE,1,-7.931808281347487e-05
3.274,0.11615024450638943,0.0,0.11811652066719437,0.1179258506031897,0.05133424800125852,11.455012013573013,BALANCE,1,-7.931808281347487e-05
3.2760000000000002,0.11615024450638943,0.0,0.11351457830353745,0.11638190529831141,-0.771972652439147,7.555802891822302,BALANCE,1,-7.931808281347487e-05
3.278,0.11615024450638943,0.0,0.11504855909142309,0.1159152341259005,-0.23333558620545342,0.1658077431375246,BALANCE,1,-7.931808281347487e-05
3.2800000000000002,0.11615024450638943,0.0,0.11965050145508001,0.11722257769111333,0.6536717826064117,4.911686043052715,BALANCE,1,-7.931808281347487e-05
3.282,0.11615024450638943,0.0,0.11658253987930872,0.11699856445698172,-0.112006617065806,12.852016157544272,BALANCE,1,-7.931808281347487e-05
3.2840000000000003,0.11615024450638943,0.0,0.11658253987930872,0.11685295585479617,-0.07280430109277147,6.052265304883561,BALANCE,1,-7.931808281347487e-05
3.286,0.11615024450638943,0.0,0.11658253987930872,0.11675831026337556,-0.04732279571030562,6.390950494680893,BALANCE,1,-7.931808281347487e-05
3.2880000000000003,0.11615024450638943,0.0,0.11811652066719437,0.11723368390471214,0.2376868206682911,6.611095868049099,BALANCE,1,-7.931808281347487e-05
3.29,0.11615024450638943,0.0,0.11811652066719437,0.11754267677158092,0.15449643343438957,9.165780641258547,BALANCE,1,-7.931808281347487e-05
3.2920000000000003,0.11615024450638943,0.0,0.11811652066719437,0.11774352213504563,0.10042268173235391,8.44706412183128,BALANCE,1,-7.931808281347487e-05
3.294,0.11615024450638943,0.0,0.11504855909142309,0.11680028506977774,-0.47161853263394393,7.979898384203559,BALANCE,1,-7.931808281347487e-05
3.2960000000000003,0.11615024450638943,0.0,0.11965050145508001,0.11779786080463353,0.49878786742789394,2.853060093705431,BALANCE,1,-7.931808281347487e-05
3.298,0.11615024450638943,0.0,0.11351457830353745,0.1162987119292499,-0.7495744376918162,11.513909290468545,BALANCE,1,-7.931808281347487e-05
3.3000000000000003,0.11615024450638943,0.0,0.11351457830353745,0.11532426516025054,-0.48722338449967706,0.35931528024423837,BALANCE,1,-7.931808281347487e-05
3.302,0.11615024450638943,0.0,0.11965050145508001,0.11683844786344086,0.7570913515951572,2.6258756616520116,BALANCE,1,-7.931808281347487e-05
3.3040000000000003,0.11615024450638943,0.0,0.11504855909142309,0.11621198679323463,-0.3132305351031123,13.745501031647235,BALANCE,1,-7.931808281347487e-05
3.306,0.11615024450638943,0.0,0.11504855909142309,0.11580478709760059,-0.20359984781702367,4.221440192530402,BALANCE,1,-7.931808281347487e-05
3.3080000000000003,0.11615024450638943,0.0,0.11658253987930872,0.11607700057119844,0.13610673679892438,5.168585513144646,BALANCE,1,-7.931808281347487e-05
3.31,0.11615024450638943,0.0,0.11504855909142309,0.11571704605327707,-0.17997725896068406,8.195820252063987,BALANCE,1,-7.931808281347487e-05
3.3120000000000003,0.11615024450638943,0.0,0.11504855909142309,0.11548307561662817,-0.1169852183244488,5.372670929828114,BALANCE,1,-7.931808281347487e-05
3.314,0.11615024450638943,0.0,0.11504855909142309,0.11533099483280639,-0.07604039191089207,5.916885492388128,BALANCE,1,-7.931808281347487e-05
3.3160000000000003,0.11615024450638943,0.0,0.11658253987930872,0.1157690355990822,0.2190203831379106,6.270624958052171,BALANCE,1,-7.931808281347487e-05
3.318,0.11615024450638943,0.0,0.11658253987930872,0.11605376209716149,0.1423632490396426,8.912145891253886,BALANCE,1,-7.931808281347487e-05
3.3200000000000003,0.11615024450638943,0.0,0.11811652066719437,0.116775727596673,0.3609827497557533,8.249872875821588,BALANCE,1,-7.931808281347487e-05
3.322,0.11615024450638943,0.0,0.11965050145508001,0.11778189844711545,0.5030854252212266,10.230985696310627,BALANCE,1,-7.931808281347487e-05
3.3240000000000003,0.11615024450638943,0.0,0.11658253987930872,0.1173621229483831,-0.2098877493661791,11.55103768813518,BALANCE,1,-7.931808281347487e-05
3.326,0.11615024450638943,0.0,0.11504855909142309,0.1165523755984471,-0.4048736749679982,5.206629299767628,BALANCE,1,-7.931808281347487e-05
3.3280000000000003,0.11615024450638943,0.0,0.11504855909142309,0.11602603982098869,-0.263167888729203,3.4296968108355084,BALANCE,1,-7.931808281347487e-05
3.33,0.11615024450638943,0.0,0.11504855909142309,0.11568392156564072,-0.17105912767398368,4.653952315042934,BALANCE,1,-7.931808281347487e-05
3.332,0.11615024450638943,0.0,0.11351457830353745,0.11492465142390458,-0.3796350708680715,5.449718392777783,BALANCE,1,-7.931808281347487e-05
3.334,0.11615024450638943,0.0,0.11811652066719437,0.116041805659056,0.5585771175757106,3.5553760627854407,BALANCE,1,-7.931808281347487e-05
3.336,0.11615024450638943,0.0,0.11658253987930872,0.11623106263614445,0.09462848854422529,11.938086011863884,BALANCE,1,-7.931808281347487e-05
3.338,0.11615024450638943,0.0,0.11658253987930872,0.11635407967125194,0.0615085175537447,7.837472332204697,BALANCE,1,-7.931808281347487e-05
3.34,0.11615024450638943,0.0,0.11658253987930872,0.11643404074407182,0.03998053640993926,7.551335062439593,BALANCE,1,-7.931808281347487e-05
3.342,0.11615024450638943,0.0,0.11504855909142309,0.11594912216564476,-0.24245928921352855,7.365345837092337,BALANCE,1,-7.931808281347487e-05
3.344,0.11615024450638943,0.0,0.11658253987930872,0.11617081836542714,0.11084809989118927,4.832862560096505,BALANCE,1,-7.931808281347487e-05
3.346,0.11615024450638943,0.0,0.11658253987930872,0.1163149208952857,0.07205126492927649,7.977600332582633,BALANCE,1,-7.931808281347487e-05
3.348,0.11615024450638943,0.0,0.11351457830353745,0.11533480098817381,-0.49005995355594356,7.642418262685299,BALANCE,1,-7.931808281347487e-05
3.35,0.11615024450638943,0.0,0.11658253987930872,0.11577150960007103,0.21835430594861066,2.6013693562119014,BALANCE,1,-7.931808281347487e-05
3.352,0.11615024450638943,0.0,0.11965050145508001,0.11712915674932417,0.6788235746265705,8.906391372071067,BALANCE,1,-7.931808281347487e-05
3.354,0.11615024450638943,0.0,0.11658253987930872,0.11693784084481876,-0.09565795225270624,13.06931299939285,BALANCE,1,-7.931808281347487e-05
3.356,0.11615024450638943,0.0,0.11811652066719437,0.11735037878265023,0.20626896891573487,6.193508252085106,BALANCE,1,-7.931808281347487e-05
3.358,0.11615024450638943,0.0,0.11351457830353745,0.11600784861496076,-0.6712650838447339,8.894348690881989,BALANCE,1,-7.931808281347487e-05
3.36,0.11615024450638943,0.0,0.11811652066719437,0.11674588383324253,0.36901760914088283,1.0358625125263525,BALANCE,1,-7.931808281347487e-05
3.362,0.11615024450638943,0.0,0.11658253987930872,0.1166887134493657,-0.02858519193841419,10.300402204195501,BALANCE,1,-7.931808281347487e-05
3.364,0.11615024450638943,0.0,0.11658253987930872,0.11665155269984576,-0.018580374759970264,6.772977857220236,BALANCE,1,-7.931808281347487e-05
3.366,0.11615024450638943,0.0,0.11658253987930872,0.1166273982126578,-0.012077243593977549,6.8594136536997,BALANCE,1,-7.931808281347487e-05
3.368,0.11615024450638943,0.0,0.11658253987930872,0.11661169779598562,-0.007850208336088182,6.915596921411389,BALANCE,1,-7.931808281347487e-05
3.37,0.11615024450638943,0.0,0.11658253987930872,0.1166014925251487,-0.005102635418460788,6.952116045423934,BALANCE,1,-7.931808281347487e-05
3.372,0.11615024450638943,0.0,0.11658253987930872,0.1165948590991047,-0.0033167130219988183,6.975853476032082,BALANCE,1,-7.931808281347487e-05
3.374,0.11615024450638943,0.0,0.11351457830353745,0.11551676082065616,-0.5390491392242708,6.9912828059274155,BALANCE,1,-7.931808281347487e-05
3.376,0.11615024450638943,0.0,0.11658253987930872,0.11588978349118456,0.18651133526419866,2.178131309319293,BALANCE,1,-7.931808281347487e-05
3.378,0.11615024450638943,0.0,0.11658253987930872,0.11613224822702801,0.1212323679217267,8.631286641590876,BALANCE,1,-7.931808281347487e-05
3.38,0.11615024450638943,0.0,0.11811652066719437,0.11682674358108625,0.34724767702911524,8.067314363540603,BALANCE,1,-7.931808281347487e-05
3.382,0.11615024450638943,0.0,0.11811652066719437,0.11727816556122408,0.2257109900689197,10.112322663328053,BALANCE,1,-7.931808281347487e-05
3.384,0.11615024450638943,0.0,0.11811652066719437,0.11757158984831369,0.14671214354480128,9.06231643617641,BALANCE,1,-7.931808281347487e-05
3.386,0.11615024450638943,0.0,0.11504855909142309,0.11668852908340198,-0.4415303824558542,8.379812388527919,BALANCE,1,-7.931808281347487e-05
3.388,0.11615024450638943,0.0,0.11811652066719437,0.11718832613772931,0.24989852716366528,3.1130041965162545,BALANCE,1,-7.931808281347487e-05
3.39,0.11615024450638943,0.0,0.11351457830353745,0.11590251439576216,-0.6429058709835761,9.27128267677553,BALANCE,1,-7.931808281347487e-05
3.392,0.11615024450638943,0.0,0.11658253987930872,0.11614052331500345,0.11900445962064604,1.28086960335718,BALANCE,1,-7.931808281347487e-05
3.394,0.11615024450638943,0.0,0.11658253987930872,0.11629522911251029,0.07735289875342166,8.048066532715467,BALANCE,1,-7.931808281347487e-05
3.396,0.11615024450638943,0.0,0.11351457830353745,0.1153220013293698,-0.48661389157024504,7.688221292771624,BALANCE,1,-7.931808281347487e-05
3.398,0.11615024450638943,0.0,0.11658253987930872,0.11576318982184843,0.22059424623931123,2.6311413257680503,BALANCE,1,-7.931808281347487e-05
3.4,0.11615024450638943,0.0,0.11351457830353745,0.11497617579043959,-0.3935070157044182,8.925743152282532,BALANCE,1,-7.931808281347487e-05
3.402,0.11615024450638943,0.0,0.11658253987930872,0.11553840322154378,0.28111371555209624,3.4355305344501286,BALANCE,1,-7.931808281347487e-05
3.404,0.11615024450638943,0.0,0.11504855909142309,0.11536695777600153,-0.08572272277112408,9.448596137925861,BALANCE,1,-7.931808281347487e-05
3.406,0.11615024450638943,0.0,0.11504855909142309,0.11525551823639908,-0.05571976980122545,6.186975255638316,BALANCE,1,-7.931808281347487e-05
3.408,0.11615024450638943,0.0,0.11658253987930872,0.11571997581141745,0.23222878750918385,6.446183304164843,BALANCE,1,-7.931808281347487e-05
3.41,0.11615024450638943,0.0,0.11504855909142309,0.11548497995941942,-0.11749792599901471,9.026258816227031,BALANCE,1,-7.931808281347487e-05
3.412,0.11615024450638943,0.0,0.11965050145508001,0.11694291248290063,0.7289662617406059,5.912455996534099,BALANCE,1,-7.931808281347487e-05
3.414,0.11615024450638943,0.0,0.11811652066719437,0.11735367534740344,0.20538143225140582,13.502516627307251,BALANCE,1,-7.931808281347487e-05
3.416,0.11615024450638943,0.0,0.11965050145508001,0.11815756448509024,0.4019445688433973,8.88668089074954,BALANCE,1,-7.931808281347487e-05
3.418,0.11610147235618612,-0.04877304124775589,0.11811652066719437,0.11814319914882669,-0.00718266813177354,10.677239564520443,BALANCE,1,-7.8997819708867e-05
3.42,0.11600318355669352,-0.0495175540158882,0.11351457830353745,0.11652318185297546,-0.8100086479256169,7.050250799938168,BALANCE,1,-7.885603619007393e-05
3.422,0.11591161168280942,-0.04205599294261282,0.11658253987930872,0.1165439571621921,0.01038765460831953,-0.16280111658715354,BALANCE,1,-7.880419927107334e-05
3.424,0.11583480126839978,-0.03475582485495529,0.11504855909142309,0.11602056783742294,-0.26169466238457756,7.109680564751649,BALANCE,1,-7.87594717859846e-05
3.426,0.11577489431252222,-0.025152225582084256,0.11504855909142309,0.11568036477632299,-0.17010153054997784,4.666680133075091,BALANCE,1,-7.873935460941141e-05
3.428,0.1157353960830401,-0.014346725578998533,0.11504855909142309,0.11545923278660802,-0.11056599485748109,5.457991474498678,BALANCE,1,-7.873117765610871e-05
3.43,0.11571774371053108,-0.0033059694648051655,0.11658253987930872,0.11585239026905327,0.1965787412226208,5.972343846424072,BALANCE,1,-7.872797212341675e-05
3.432,0.11570046290261493,-0.01397515418337175,0.11504855909142309,0.1155710493568827,-0.1406704560852831,8.71826316869556,BALANCE,1,-7.868481922838444e-05
3.434,0.115682249549659,-0.004238531557526171,0.11504855909142309,0.11538817776397184,-0.09143579645543021,5.71225882563862,BALANCE,1,-7.867898566402407e-05
3.436,0.11566978485988348,-0.008226385959642564,0.11504855909142309,0.11526931122857978,-0.059433267696029635,6.137617624665027,BALANCE,1,-7.865674763380983e-05
3.438,0.11566064318705742,-0.0009154539004609828,0.11504855909142309,0.11519204798057493,-0.038631624002423426,6.414100844032159,BALANCE,1,-7.865145707450818e-05
3.44,0.11566064318705742,0.0,0.11811652066719437,0.11621561342089173,0.5117827201584004,6.593814936620757,BALANCE,1,-7.865154646713153e-05
3.442,0.11566064318705742,0.0,0.11504855909142309,0.11580714440557771,-0.20423450765701123,11.533809657843502,BALANCE,1,-7.865154646713153e-05
3.444,0.11566064318705742,0.0,0.11658253987930872,0.11607853282138357,0.1356942079029297,5.1631024215714145,BALANCE,1,-7.865154646713153e-05
3.446,0.11566064318705742,0.0,0.11658253987930872,0.11625493529165737,0.08820123513689909,8.192256242541363,BALANCE,1,-7.865154646713153e-05
3.448,0.11566064318705742,0.0,0.11658253987930872,0.11636959689733534,0.05733080283898406,7.7819446041583955,BALANCE,1,-7.865154646713153e-05
3.45,0.11566064318705742,0.0,0.11351457830353745,0.11537034038950608,-0.4996282539146274,7.515242039209509,BALANCE,1,-7.865154646713153e-05
3.452,0.11566064318705742,0.0,0.11504855909142309,0.11525771693517703,-0.05631172716452637,2.5187048109526944,BALANCE,1,-7.865154646713153e-05
3.454,0.11566064318705742,0.0,0.11811652066719437,0.1162582982413831,0.5002906531030373,6.44106913713248,BALANCE,1,-7.865154646713153e-05
3.456,0.11566064318705742,0.0,0.11658253987930872,0.11637178281465707,0.0567422866369835,11.434524888176156,BALANCE,1,-7.865154646713153e-05
3.458,0.11566064318705742,0.0,0.11504855909142309,0.11590865451152518,-0.2315641515659439,7.510157601807637,BALANCE,1,-7.865154646713153e-05
3.46,0.11566064318705742,0.0,0.11504855909142309,0.11560762111448945,-0.15051669851786492,4.926990207161502,BALANCE,1,-7.865154646713153e-05
3.462,0.11566064318705742,0.0,0.11504855909142309,0.11541194940641622,-0.09783585403661671,5.627193022654855,BALANCE,1,-7.865154646713153e-05
3.464,0.11566064318705742,0.0,0.11504855909142309,0.11528476279616862,-0.0635933051238019,6.082324852725506,BALANCE,1,-7.865154646713153e-05
3.466,0.11566064318705742,0.0,0.11658253987930872,0.11573898477526766,0.2271109895495213,6.37816054227146,BALANCE,1,-7.865154646713153e-05
3.468,0.11566064318705742,0.0,0.11504855909142309,0.11549733578592206,-0.12082449467280126,8.98204402099644,BALANCE,1,-7.865154646713153e-05
3.47,0.11566064318705742,0.0,0.11658253987930872,0.11587715721860739,0.1899107163426672,5.883716379634163,BALANCE,1,-7.865154646713153e-05
3.472,0.11566064318705742,0.0,0.11658253987930872,0.11612404114985286,0.12344196562273646,8.660655315282158,BALANCE,1,-7.865154646713153e-05
3.474,0.11566064318705742,0.0,0.11504855909142309,0.11574762242940244,-0.18820936022521245,8.086404001439984,BALANCE,1,-7.865154646713153e-05
3.476,0.11566064318705742,0.0,0.11658253987930872,0.11603984353686964,0.14611055373359855,5.301550366922456,BALANCE,1,-7.865154646713153e-05
3.478,0.11566064318705742,0.0,0.11351457830353745,0.11515600070520338,-0.4419214158331297,8.282247407019536,BALANCE,1,-7.865154646713153e-05
3.48,0.11566064318705742,0.0,0.11504855909142309,0.11511839614038027,-0.018802282411550797,3.0172583000291966,BALANCE,1,-7.865154646713153e-05
3.482,0.11566064318705742,0.0,0.11811652066719437,0.11616773972476521,0.5246717921924687,6.765128905032225,BALANCE,1,-7.865154646713153e-05
3.484,0.11566064318705742,0.0,0.11658253987930872,0.11631291977885544,0.07259002704511353,11.645163737310966,BALANCE,1,-7.865154646713153e-05
3.486,0.11566064318705742,0.0,0.11811652066719437,0.11694418008977407,0.31563015545931633,7.64707285374526,BALANCE,1,-7.865154646713153e-05
3.488,0.11566064318705742,0.0,0.11658253987930872,0.1168176060161112,-0.06328703683143588,9.839165681961076,BALANCE,1,-7.865154646713153e-05
3.49,0.11566064318705742,0.0,0.11504855909142309,0.11619843959247037,-0.30958321182041754,6.473174117767829,BALANCE,1,-7.865154646713153e-05
3.492,0.11566064318705742,0.0,0.11658253987930872,0.1163328746928638,0.06721755019671594,4.252950942535618,BALANCE,1,-7.865154646713153e-05
3.494,0.11566064318705742,0.0,0.1119805975156518,0.1148095776808396,-0.761648506012097,7.600657781168097,BALANCE,1,-7.865154646713153e-05
3.496,0.11566064318705742,0.0,0.11658253987930872,0.1154301144503038,0.31026838473209584,0.16263476270565116,BALANCE,1,-7.865154646713153e-05
3.498,0.11566064318705742,0.0,0.11504855909142309,0.11529657007469554,-0.06677218780412608,9.700475508305372,BALANCE,1,-7.865154646713153e-05
3.5,0.11566064318705742,0.0,0.11504855909142309,0.11520976623055018,-0.043401922072680565,6.350696846384983,BALANCE,1,-7.865154646713153e-05
3.5020000000000002,0.11566064318705742,0.0,0.11351457830353745,0.11461645045609573,-0.29665788722722797,6.552602338150142,BALANCE,1,-7.865154646713153e-05
3.504,0.11566064318705742,0.0,0.11351457830353745,0.11423079520270032,-0.19282762669770026,4.272250627277443,BALANCE,1,-7.865154646713153e-05
3.5060000000000002,0.11566064318705742,0.0,0.11351457830353745,0.11398011928799331,-0.12533795735350517,5.169283637223545,BALANCE,1,-7.865154646713153e-05
3.508,0.11566064318705742,0.0,0.11811652066719437,0.11542785977071368,0.7238702413601833,5.7523550936885295,BALANCE,1,-7.865154646713153e-05
3.5100000000000002,0.11566064318705742,0.0,0.11658253987930872,0.11583199780872194,0.20206901900413077,13.366122381950932,BALANCE,1,-7.865154646713153e-05
3.512,0.11566064318705742,0.0,0.11658253987930872,0.11609468753342732,0.13134486235268777,8.765695972761263,BALANCE,1,-7.865154646713153e-05
3.5140000000000002,0.11566064318705742,0.0,0.11658253987930872,0.11626543585448582,0.08537416052924879,8.1546804288014,BALANCE,1,-7.865154646713153e-05
3.516,0.11566064318705742,0.0,0.11811652066719437,0.1169133155389338,0.3239398422239942,7.757520325227482,BALANCE,1,-7.865154646713153e-05
3.5180000000000002,0.11566064318705742,0.0,0.11811652066719437,0.11733443733382501,0.21056089744560247,9.910956538424431,BALANCE,1,-7.865154646713153e-05
3.52,0.11566064318705742,0.0,0.11504855909142309,0.11653437994898433,-0.40002869242034,8.931428454989158,BALANCE,1,-7.865154646713153e-05
3.5220000000000002,0.11566064318705742,0.0,0.11658253987930872,0.11655123592459787,0.00842798780677223,3.471554639716001,BALANCE,1,-7.865154646713153e-05
3.524,0.11566064318705742,0.0,0.11658253987930872,0.11656219230874668,0.005478192074401256,7.092750184335399,BALANCE,1,-7.865154646713153e-05
3.5260000000000002,0.11566064318705742,0.0,0.11504855909142309,0.11603242068268342,-0.26488581303162756,7.067265666324559,BALANCE,1,-7.865154646713153e-05
3.528,0.11566064318705742,0.0,0.11504855909142309,0.11568806912574231,-0.17217577847055549,4.639110449097456,BALANCE,1,-7.865154646713153e-05
3.5300000000000002,0.11566064318705742,0.0,0.11658253987930872,0.11600113388949056,0.1565323818741235,5.440071179913259,BALANCE,1,-7.865154646713153e-05
3.532,0.11566064318705742,0.0,0.11658253987930872,0.11620462598592692,0.10174604821817923,8.37228593546354,BALANCE,1,-7.865154646713153e-05
3.5340000000000003,0.11566064318705742,0.0,0.11504855909142309,0.11580000257285057,-0.20231170653817188,7.8989639045578475,BALANCE,1,-7.865154646713153e-05
3.536,0.11566064318705742,0.0,0.11504855909142309,0.11553699735435095,-0.13150260924980894,5.179714303949092,BALANCE,1,-7.865154646713153e-05
3.5380000000000003,0.11566064318705742,0.0,0.11504855909142309,0.1153660439623262,-0.08547669601237373,5.791463685566825,BALANCE,1,-7.865154646713153e-05
3.54,0.11566064318705742,0.0,0.11658253987930872,0.11579181753327009,0.2128867854719399,6.189100783618346,BALANCE,1,-7.865154646713153e-05
3.5420000000000003,0.11566064318705742,0.0,0.11811652066719437,0.11660546363014358,0.40682304843674827,8.85915517787183,BALANCE,1,-7.865154646713153e-05
3.544,0.11566064318705742,0.0,0.11811652066719437,0.11713433359311136,0.2644349814838881,10.627019192643301,BALANCE,1,-7.865154646713153e-05
3.5460000000000003,0.11566064318705742,0.0,0.11351457830353745,0.11586741924176049,-0.6334571756754365,9.396869180231382,BALANCE,1,-7.865154646713153e-05
3.548,0.11566064318705742,0.0,0.11504855909142309,0.1155808181891424,-0.14330052630904394,1.362500830603439,BALANCE,1,-7.865154646713153e-05
3.5500000000000003,0.11566064318705742,0.0,0.11504855909142309,0.11539452750494064,-0.09314534210087821,5.6895365499055375,BALANCE,1,-7.865154646713153e-05
3.552,0.11566064318705742,0.0,0.11504855909142309,0.1152734385602095,-0.06054447236557292,6.1228481454384935,BALANCE,1,-7.865154646713153e-05
3.5540000000000003,0.11566064318705742,0.0,0.11658253987930872,0.11573162402189423,0.22909273084236598,6.404500682534892,BALANCE,1,-7.865154646713153e-05
3.556,0.11566064318705742,0.0,0.11351457830353745,0.11495565802046935,-0.3879830007124385,8.999165112167637,BALANCE,1,-7.865154646713153e-05
3.5580000000000003,0.11566064318705742,0.0,0.11504855909142309,0.11498817339530316,0.016257687416906808,3.4832548083753934,BALANCE,1,-7.865154646713153e-05
3.56,0.11566064318705742,0.0,0.11504855909142309,0.11500930838894513,0.01056749682098318,7.068026635457327,BALANCE,1,-7.865154646713153e-05
3.5620000000000003,0.11566064318705742,0.0,0.11504855909142309,0.11502304613481242,0.006868872933642189,7.018866701047098,BALANCE,1,-7.865154646713153e-05
3.564,0.11566064318705742,0.0,0.11658253987930872,0.11556886894538612,0.27291140528685337,6.986912743680532,BALANCE,1,-7.865154646713153e-05
3.5660000000000003,0.11566064318705742,0.0,0.11658253987930872,0.11592365377225904,0.17739241343645712,9.377732951912279,BALANCE,1,-7.865154646713153e-05
3.568,0.11566064318705742,0.0,0.11351457830353745,0.11508047735820648,-0.4215882070262786,8.552504465249559,BALANCE,1,-7.865154646713153e-05
3.5700000000000003,0.11566064318705742,0.0,0.11811652066719437,0.11614309251635224,0.5313075790728816,3.1929253878786494,BALANCE,1,-7.865154646713153e-05
3.572,0.11566064318705742,0.0,0.11504855909142309,0.11576000581762703,-0.1915433493626037,11.70249307317452,BALANCE,1,-7.865154646713153e-05
3.5740000000000003,0.11566064318705742,0.0,0.11504855909142309,0.11551099946345565,-0.12450317708569136,5.272746641536529,BALANCE,1,-7.865154646713153e-05
3.576,0.11566064318705742,0.0,0.11658253987930872,0.11588603860900423,0.18751957277429038,5.851934704998644,BALANCE,1,-7.865154646713153e-05
3.5780000000000003,0.11566064318705742,0.0,0.11504855909142309,0.11559292077785083,-0.14655891557670275,8.639997226769086,BALANCE,1,-7.865154646713153e-05
3.58,0.11566064318705742,0.0,0.11504855909142309,0.11540239418760112,-0.09526329512485332,5.66138596338637,BALANCE,1,-7.865154646713153e-05
3.5820000000000003,0.11566064318705742,0.0,0.11351457830353745,0.11474165862817884,-0.33036777971114095,6.104550264201062,BALANCE,1,-7.865154646713153e-05
3.584,0.11566064318705742,0.0,0.11811652066719437,0.11592286034183427,0.5906008568277166,3.981016779210535,BALANCE,1,-7.865154646713153e-05
3.586,0.11566064318705742,0.0,0.11965050145508001,0.11722753473147028,0.6523371948180048,12.214752477540205,BALANCE,1,-7.865154646713153e-05
3.588,0.11561360816320944,-0.04703588320482318,0.11811652066719437,0.11753867980897371,0.1555725387517165,12.840486095934425,BALANCE,1,-7.835167462624611e-05
3.59,0.11551888605085292,-0.04768795985602233,0.11504855909142309,0.116667137557831,-0.43577112557136033,8.456361045357214,BALANCE,1,-7.821650846953992e-05
3.592,0.1154277210502784,-0.043478706450643265,0.11351457830353745,0.11556374181882825,-0.5516978695013705,3.162760823455287,BALANCE,1,-7.813379104062704e-05
3.594,0.11535028048444528,-0.033963274364795744,0.11658253987930872,0.11592032113999642,0.17828966058408557,2.068853642725782,BALANCE,1,-7.810743422034451e-05
3.596,0.11528997766968142,-0.02634064225190771,0.11658253987930872,0.11615209769875573,0.11588827937965285,8.56025615830511,BALANCE,1,-7.8074783502604e-05
3.598,0.1152438170307056,-0.019820840176623382,0.11504855909142309,0.1157658591861893,-0.1931192562832154,8.021144549404852,BALANCE,1,-7.804438852819146e-05
3.6,0.1152124734902818,-0.011523272965251515,0.11658253987930872,0.1160516974287811,0.14291912129590217,5.2591317230996335,BALANCE,1,-7.802970796740086e-05
3.602,0.11519540732578037,-0.005543203375821234,0.11504855909142309,0.1157005990107058,-0.1755492090376523,8.25467528853475,BALANCE,1,-7.801750058820647e-05
3.604,0.11518362656476844,-0.006237772895939774,0.11658253987930872,0.11600927831471682,0.15433965200550848,5.410926703534077,BALANCE,1,-7.800068822861188e-05
3.606,0.11517097159511397,-0.006417427992736726,0.11658253987930872,0.11620991986232398,0.10032077380358467,8.353342025817051,BALANCE,1,-7.798332516816247e-05
3.608,0.11515754192070522,-0.007012491805876145,0.11811652066719437,0.11687723014402862,0.33365514085231807,7.886650363287677,BALANCE,1,-7.796430615070291e-05
3.61,0.1151413898631299,-0.009139860902839985,0.11811652066719437,0.11731098182713663,0.21687584155400536,9.994891063163607,BALANCE,1,-7.793879446988841e-05
3.612,0.11512249428602624,-0.009756061466262641,0.11351457830353745,0.11598224059387692,-0.6643706166298557,8.985985896069554,BALANCE,1,-7.791199921455994e-05
3.614,0.11510948243135333,-0.0032560309680805333,0.11504855909142309,0.11565545206801808,-0.16339426292941855,1.0954266958982903,BALANCE,1,-7.790342693772804e-05
3.616,0.11509259472285961,-0.013631986097268338,0.11504855909142309,0.11544303952620984,-0.1062062709041231,5.515938362347172,BALANCE,1,-7.786190397460455e-05
3.618,0.11507523533112198,-0.0037277228449435207,0.11811652066719437,0.11637875792555442,0.4678591996722936,6.010009323525544,BALANCE,1,-7.785677765452382e-05
3.62,0.11505626620680034,-0.01524174808137483,0.11504855909142309,0.11591318833360846,-0.23278479597298174,11.154336009331596,BALANCE,1,-7.780784201714493e-05
3.622,0.1150335457069207,-0.0074791669636529974,0.11504855909142309,0.11561056809884358,-0.15131011738243882,4.916444550038666,BALANCE,1,-7.77959523938023e-05
3.624,0.11502333246143313,-0.0027342651489161247,0.1119805975156518,0.11434007839472646,-0.6352448520585626,5.620338345525018,BALANCE,1,-7.778732221688682e-05
3.626,0.115009019414048,-0.011579043766259785,0.11658253987930872,0.11512493991433025,0.3924307598018942,1.254688751551018,BALANCE,1,-7.775448168149448e-05
3.628,0.11499520664884649,-0.002233973836411062,0.1119805975156518,0.11402442007479278,-0.5502599197687308,10.410310601054869,BALANCE,1,-7.774959200333168e-05
3.63,0.11497834715925548,-0.014625823813332519,0.11504855909142309,0.11438286873061339,0.17922432791030174,1.9889090956320548,BALANCE,1,-7.770453560976654e-05
3.632,0.11496114087494803,-0.0025807749066234075,0.11351457830353745,0.11407896708113681,-0.15195082473828947,8.475963544187525,BALANCE,1,-7.770340661081498e-05
3.634,0.11494444295903586,-0.014117446113665756,0.11351457830353745,0.11388143100897703,-0.09876803607988816,5.522435411201742,BALANCE,1,-7.76603118496545e-05
3.636,0.11492917435762594,-0.001151434303831191,0.11658253987930872,0.11482681911359312,0.4726940523080425,5.981903746774357,BALANCE,1,-7.766081582792824e-05
3.638,0.11489895876247644,-0.02906471294966463,0.11351457830353745,0.11436753483007363,-0.22964214175974496,11.103738725936624,BALANCE,1,-7.753006497451975e-05
3.64,0.11485115314253855,-0.018741780540169478,0.11658253987930872,0.11514278659730591,0.38762588361614114,4.8512276573252695,BALANCE,1,-7.751819942995787e-05
3.642,0.11482012841347496,-0.012283515440619931,0.11351457830353745,0.11457291369448695,-0.28493645140947876,10.368799267794767,BALANCE,1,-7.749772367522174e-05
3.644,0.11480407967652284,-0.0037655147755200086,0.11351457830353745,0.11420249630765462,-0.18520869341616397,4.3735170095330815,BALANCE,1,-7.749066227348618e-05
3.646,0.11479020661105213,-0.010107804193711482,0.11351457830353745,0.11396172500621361,-0.12038565072050589,5.235106785689704,BALANCE,1,-7.746257002394073e-05
3.648,0.11477976471475654,-0.00033428291362134176,0.11504855909142309,0.11434211693603692,0.1901959649116547,5.795140140191539,BALANCE,1,-7.745937735601245e-05
3.65,0.11477976471475654,0.0,0.11658253987930872,0.11512626496618206,0.3920740150725674,8.570752101137748,BALANCE,1,-7.74593892754862e-05
3.652,0.11477976471475654,0.0,0.11504855909142309,0.11509906791001642,-0.01359852808281714,10.407228534259522,BALANCE,1,-7.74593892754862e-05
3.654,0.11477976471475654,0.0,0.11658253987930872,0.11561828309926872,0.2596075946261489,6.810086313255202,BALANCE,1,-7.74593892754862e-05
3.656,0.11477976471475654,0.0,0.11351457830353745,0.11488198642076278,-0.36814833925297163,9.262795772135762,BALANCE,1,-7.74593892754862e-05
3.658,0.11477976471475654,0.0,0.11504855909142309,0.11494028685549389,0.02915021736555473,3.654614737354747,BALANCE,1,-7.74593892754862e-05
3.66,0.11477976471475654,0.0,0.11504855909142309,0.11497818213806911,0.018947641287611616,7.179410589293857,BALANCE,1,-7.74593892754862e-05
3.662,0.11477976471475654,0.0,0.11504855909142309,0.115002814071743,0.012315966836942693,7.091266271040907,BALANCE,1,-7.74593892754862e-05
3.664,0.11477976471475654,0.0,0.11658253987930872,0.115555718104391,0.2764520163240011,7.033972464176436,BALANCE,1,-7.74593892754862e-05
3.666,0.11477976471475654,0.0,0.11351457830353745,0.11484131917409225,-0.3571994651493729,9.408321770234638,BALANCE,1,-7.74593892754862e-05
3.668,0.11477976471475654,0.0,0.11351457830353745,0.11437695986939807,-0.23217965234709204,3.74920663611897,BALANCE,1,-7.74593892754862e-05
3.67,0.11477976471475654,0.0,0.11351457830353745,0.11407512632134685,-0.15091677402560844,4.829305042970558,BALANCE,1,-7.74593892754862e-05
3.672,0.11477976471475654,0.0,0.11658253987930872,0.11495272106663351,0.4387973726433306,5.531369007424102,BALANCE,1,-7.74593892754862e-05
3.674,0.11477976471475654,0.0,0.11658253987930872,0.11552315765106984,0.28521829221816314,10.810891145359014,BALANCE,1,-7.74593892754862e-05
3.676,0.11477976471475654,0.0,0.1119805975156518,0.11428326160367352,-0.6199480236981566,9.4840572909899,BALANCE,1,-7.74593892754862e-05
3.678,0.11477976471475654,0.0,0.11351457830353745,0.1140142224486259,-0.1345195775238131,1.386844444089819,BALANCE,1,-7.74593892754862e-05
3.68,0.11477976471475654,0.0,0.11351457830353745,0.11383934699784494,-0.08743772539047956,5.6730312401650105,BALANCE,1,-7.74593892754862e-05
3.682,0.11477976471475654,0.0,0.11351457830353745,0.11372567795483732,-0.05683452150381102,6.079791035600473,BALANCE,1,-7.74593892754862e-05
3.684,0.11477976471475654,0.0,0.1119805975156518,0.11311489980112238,-0.30538907685746797,6.34418490263354,BALANCE,1,-7.74593892754862e-05
3.686,0.11477976471475654,0.0,0.11351457830353745,0.11325478727696765,0.06994373792263558,4.10445063568494,BALANCE,1,-7.74593892754862e-05
3.688,0.11477976471475654,0.0,0.11504855909142309,0.11388260741202705,0.3139100675296977,7.439475264701848,BALANCE,1,-7.74593892754862e-05
3.69,0.11477976471475654,0.0,0.11811652066719437,0.11536447705133561,0.7409348196542805,9.639569932069456,BALANCE,1,-7.74593892754862e-05
3.692,0.11477976471475654,0.0,0.11504855909142309,0.11525390576536623,-0.055285642984688466,13.51355040488517,BALANCE,1,-7.74593892754862e-05
3.694,0.11477976471475654,0.0,0.11504855909142309,0.11518203442948613,-0.03593566794005132,6.4499339071485045,BALANCE,1,-7.74593892754862e-05
3.696,0.11477976471475654,0.0,0.11658253987930872,0.11567221133692404,0.2450884537189557,6.617106427646386,BALANCE,1,-7.74593892754862e-05
3.698,0.11477976471475654,0.0,0.1119805975156518,0.11438014649947875,-0.6460324187226446,9.137358846490113,BALANCE,1,-7.74593892754862e-05
3.7,0.11477976471475654,0.0,0.11351457830353745,0.1140771976308993,-0.15147443428972784,1.1614904551649292,BALANCE,1,-7.74593892754862e-05
3.702,0.11477976471475654,0.0,0.11351457830353745,0.11388028086632265,-0.09845838228832171,5.526551147363853,BALANCE,1,-7.74593892754862e-05
3.704,0.11477976471475654,0.0,0.11504855909142309,0.1142891782451078,0.2044486893925737,5.984578975279743,BALANCE,1,-7.74593892754862e-05
3.706,0.11477976471475654,0.0,0.11504855909142309,0.11455496154131815,0.13289164810517673,8.693887343945073,BALANCE,1,-7.74593892754862e-05
3.708,0.11477976471475654,0.0,0.11351457830353745,0.11419082740809491,-0.18206706661162003,8.075676161564223,BALANCE,1,-7.74593892754862e-05
3.71,0.11477976471475654,0.0,0.11504855909142309,0.11449103349725978,0.15010304458243362,5.262248612496602,BALANCE,1,-7.74593892754862e-05
3.712,0.11477976471475654,0.0,0.11351457830353745,0.11414927417945697,-0.17087965890140444,8.224372608136067,BALANCE,1,-7.74593892754862e-05
3.714,0.11477976471475654,0.0,0.11504855909142309,0.11446402389864511,0.15737485959407133,5.358901302768288,BALANCE,1,-7.74593892754862e-05
3.716,0.11477976471475654,0.0,0.11658253987930872,0.11520550449187737,0.37074029661612884,8.28719685681264,BALANCE,1,-7.74593892754862e-05
3.718,0.11477976471475654,0.0,0.11504855909142309,0.11515057360171838,-0.027465445079498385,10.222917625448119,BALANCE,1,-7.74593892754862e-05
3.72,0.11477976471475654,0.0,0.11658253987930872,0.115651761798875,0.250594098578312,6.690284222527825,BALANCE,1,-7.74593892754862e-05
3.722,0.11477976471475654,0.0,0.11351457830353745,0.11490374757550685,-0.3740071116840743,9.184924413163019,BALANCE,1,-7.74593892754862e-05
3.724,0.11477976471475654,0.0,0.1119805975156518,0.11388064505455758,-0.5115512604746338,3.603998354022386,BALANCE,1,-7.74593892754862e-05
3.726,0.11477976471475654,0.0,0.11351457830353745,0.11375252169170054,-0.06406168142852192,2.3233293790877374,BALANCE,1,-7.74593892754862e-05
3.728,0.11477976471475654,0.0,0.11811652066719437,0.11527992133312338,0.7636998207114221,6.28174644791367,BALANCE,1,-7.74593892754862e-05
3.73,0.11477976471475654,0.0,0.11351457830353745,0.11466205127276831,-0.3089350301775373,13.71022676219727,BALANCE,1,-7.74593892754862e-05
3.732,0.11477976471475654,0.0,0.11504855909142309,0.11479732900929748,0.06763886826458704,4.166183258881285,BALANCE,1,-7.74593892754862e-05
3.734,0.11477976471475654,0.0,0.11504855909142309,0.11488525953804145,0.043965264371982615,7.511930128286107,BALANCE,1,-7.74593892754862e-05
3.736,0.11477976471475654,0.0,0.11658253987930872,0.115479307657485,0.29702405972177603,7.307403971385869,BALANCE,1,-7.74593892754862e-05
3.738,0.11477976471475654,0.0,0.11351457830353745,0.11479165238360335,-0.3438276369408244,9.586052249920762,BALANCE,1,-7.74593892754862e-05
3.74,0.11477976471475654,0.0,0.11504855909142309,0.11488156973134026,0.044958673868451815,3.864731447914903,BALANCE,1,-7.74593892754862e-05
3.742,0.11477976471475654,0.0,0.11351457830353745,0.11440312273160927,-0.23922349986549296,7.31598645115797,BALANCE,1,-7.74593892754862e-05
3.744,0.11477976471475654,0.0,0.11351457830353745,0.11409213218178413,-0.15549527491257042,4.768450300732522,BALANCE,1,-7.74593892754862e-05
3.746,0.11477976471475654,0.0,0.11504855909142309,0.11442688160015776,0.1673747091868183,5.491813424969364,BALANCE,1,-7.74593892754862e-05
3.748,0.11477976471475654,0.0,0.11504855909142309,0.11464446872210063,0.10879356097143189,8.373589736243384,BALANCE,1,-7.74593892754862e-05
3.75,0.11477976471475654,0.0,0.11504855909142309,0.11478590035136349,0.07071581463143073,7.86748271655809,BALANCE,1,-7.74593892754862e-05
3.7520000000000002,0.11477976471475654,0.0,0.11504855909142309,0.11487783091038435,0.04596527951043067,7.53851315376265,BALANCE,1,-7.74593892754862e-05
3.754,0.11477976471475654,0.0,0.1119805975156518,0.11386379922222796,-0.5070158440781958,7.324682937945619,BALANCE,1,-7.74593892754862e-05
3.7560000000000002,0.11477976471475654,0.0,0.11504855909142309,0.11427846517644626,0.2073329771091481,2.362512736624424,BALANCE,1,-7.74593892754862e-05
3.758,0.11477976471475654,0.0,0.11504855909142309,0.11454799804668815,0.13476643512094766,8.718805910832552,BALANCE,1,-7.74593892754862e-05
3.7600000000000002,0.11477976471475654,0.0,0.11504855909142309,0.11472319441234538,0.08759818282861459,8.091873230041061,BALANCE,1,-7.74593892754862e-05
3.762,0.11477976471475654,0.0,0.11504855909142309,0.11483707205002258,0.056938818838600525,7.68436698752657,BALANCE,1,-7.74593892754862e-05
3.7640000000000002,0.11477976471475654,0.0,0.11658253987930872,0.11544798579027273,0.3054568701250718,7.4194879298921705,BALANCE,1,-7.74593892754862e-05
3.766,0.11477976471475654,0.0,0.11658253987930872,0.11584507972143532,0.1985469655812963,9.658906822949804,BALANCE,1,-7.74593892754862e-05
3.7680000000000002,0.11477976471475654,0.0,0.11504855909142309,0.11556629750093103,-0.13939111025214335,8.735267481423925,BALANCE,1,-7.74593892754862e-05
3.77,0.11477976471475654,0.0,0.11504855909142309,0.11538508905760325,-0.0906042216638897,5.723311628912064,BALANCE,1,-7.74593892754862e-05
3.7720000000000002,0.11477976471475654,0.0,0.11811652066719437,0.11634109012096014,0.4780005316784436,6.144801946792763,BALANCE,1,-7.74593892754862e-05
3.774,0.11477976471475654,0.0,0.11504855909142309,0.11588870426062217,-0.22619293016898356,11.241951214455272,BALANCE,1,-7.74593892754862e-05
3.7760000000000002,0.11477976471475654,0.0,0.11351457830353745,0.11505776017564252,-0.4154720424898242,4.973394433369062,BALANCE,1,-7.74593892754862e-05
3.778,0.11477976471475654,0.0,0.11351457830353745,0.11451764652040575,-0.2700568276183882,3.245765489169748,BALANCE,1,-7.74593892754862e-05
3.7800000000000002,0.11477976471475654,0.0,0.11504855909142309,0.11470346592026182,0.09290969992803433,4.50206829745354,BALANCE,1,-7.74593892754862e-05
3.782,0.11477976471475654,0.0,0.11658253987930872,0.11536114180592823,0.32883794283320583,7.7302554033580755,BALANCE,1,-7.74593892754862e-05
3.7840000000000003,0.11477976471475654,0.0,0.11504855909142309,0.11525173785585142,-0.05470197503840146,9.860905680702661,BALANCE,1,-7.74593892754862e-05
3.786,0.11477976471475654,0.0,0.11658253987930872,0.11571751856406148,0.2328903541050295,6.454976458443249,BALANCE,1,-7.74593892754862e-05
3.7880000000000003,0.11477976471475654,0.0,0.11504855909142309,0.11548338274863805,-0.11706790771171677,9.031974366508086,BALANCE,1,-7.74593892754862e-05
3.79,0.11477976471475654,0.0,0.11504855909142309,0.11533119446861281,-0.07609414001261833,5.916171104216769,BALANCE,1,-7.74593892754862e-05
3.7920000000000003,0.11477976471475654,0.0,0.11658253987930872,0.11576916536235637,0.21898544687178056,6.270160605740769,BALANCE,1,-7.74593892754862e-05
3.794,0.11477976471475654,0.0,0.11351457830353745,0.11498005989176975,-0.39455273529331175,8.911844062251403,BALANCE,1,-7.74593892754862e-05
3.7960000000000003,0.11477976471475654,0.0,0.11658253987930872,0.11554092788740838,0.2804339978193168,3.4264961259299063,BALANCE,1,-7.74593892754862e-05
3.798,0.11477976471475654,0.0,0.11504855909142309,0.11536859880881353,-0.08616453929742585,9.442723772387728,BALANCE,1,-7.74593892754862e-05
3.8000000000000003,0.11477976471475654,0.0,0.11965050145508001,0.1168672647350068,0.7493329630966356,6.183158218038574,BALANCE,1,-7.74593892754862e-05
3.802,0.11477976471475654,0.0,0.11351457830353745,0.11569382448399253,-0.5867201255071383,13.678473071285133,BALANCE,1,-7.74593892754862e-05
3.8040000000000003,0.11477976471475654,0.0,0.11351457830353745,0.11493108832083325,-0.38136808157963886,1.7662817377749835,BALANCE,1,-7.74593892754862e-05
3.806,0.11477976471475654,0.0,0.11351457830353745,0.11443530981477971,-0.24788925302676734,3.5404038590469735,BALANCE,1,-7.74593892754862e-05
3.8080000000000003,0.11477976471475654,0.0,0.11351457830353745,0.11411305378584492,-0.161128014467396,4.6935832378737405,BALANCE,1,-7.74593892754862e-05
3.81,0.11477976471475654,0.0,0.11351457830353745,0.1139035873670373,-0.10473320940380948,5.443149834111181,BALANCE,1,-7.74593892754862e-05
3.8120000000000003,0.11477976471475654,0.0,0.11504855909142309,0.11430432747057233,0.20037005176751221,5.930368121665475,BALANCE,1,-7.74593892754862e-05
3.814,0.11477976471475654,0.0,0.11811652066719437,0.11563859508939005,0.6671338094088597,8.65865028909585,BALANCE,1,-7.74593892754862e-05
3.8160000000000003,0.11477976471475654,0.0,0.11504855909142309,0.11543208249010162,-0.10325629964421518,12.875952636952322,BALANCE,1,-7.74593892754862e-05
3.818,0.11477976471475654,0.0,0.11351457830353745,0.11476095602480416,-0.33556323264873067,6.035495357992126,BALANCE,1,-7.74593892754862e-05
3.8200000000000003,0.11477976471475654,0.0,0.11351457830353745,0.11432472382236081,-0.21811610122167424,3.936131090174687,BALANCE,1,-7.74593892754862e-05
3.822,0.11477976471475654,0.0,0.11351457830353745,0.11404117289077263,-0.14177546579408756,4.950805938106778,BALANCE,1,-7.74593892754862e-05
3.8240000000000003,0.11477976471475654,0.0,0.11504855909142309,0.11439375806100029,0.17629258511382695,5.610344589262638,BALANCE,1,-7.74593892754862e-05
3.826,0.11477976471475654,0.0,0.11504855909142309,0.11462293842164827,0.1145901803239896,8.450634993033963,BALANCE,1,-7.74593892754862e-05
3.8280000000000003,0.11477976471475654,0.0,0.11504855909142309,0.11477190565606946,0.07448361721059532,7.917562133471987,BALANCE,1,-7.74593892754862e-05
3.83,0.11477976471475654,0.0,0.11504855909142309,0.11486873435844322,0.048414351186881754,7.5710647747567,BALANCE,1,-7.74593892754862e-05
3.8320000000000003,0.11477976471475654,0.0,0.11658253987930872,0.11546856629074614,0.2999159661514622,7.345841491591699,BALANCE,1,-7.74593892754862e-05
3.834,0.11477976471475654,0.0,0.11504855909142309,0.11532156377098307,-0.07350125988153655,9.611036638054566,BALANCE,1,-7.74593892754862e-05
3.8360000000000003,0.11477976471475654,0.0,0.11351457830353745,0.1146891188573771,-0.3162224568029823,6.292561580721972,BALANCE,1,-7.74593892754862e-05
3.838,0.11477976471475654,0.0,0.11504855909142309,0.1148149229392932,0.06290204095804608,4.103224134949151,BALANCE,1,-7.74593892754862e-05
3.84,0.11477976471475654,0.0,0.11504855909142309,0.11489669559253866,0.04088632662273273,7.471006697730203,BALANCE,1,-7.74593892754862e-05
3.842,0.11477976471475654,0.0,0.11351457830353745,0.11441295454138824,-0.2418705255752135,7.280803741524549,BALANCE,1,-7.74593892754862e-05
3.844,0.11477976471475654,0.0,0.11658253987930872,0.1151723094096604,0.3796774341360831,4.745581539470771,BALANCE,1,-7.74593892754862e-05
3.846,0.11477976471475654,0.0,0.11351457830353745,0.11459210352251736,-0.29010294357151994,10.300129291189313,BALANCE,1,-7.74593892754862e-05
3.848,0.11477976471475654,0.0,0.11504855909142309,0.11475186297163437,0.07987972455850145,4.328881524739504,BALANCE,1,-7.74593892754862e-05
3.85,0.11477976471475654,0.0,0.11504855909142309,0.11485570661356041,0.05192182096302317,7.617684001093977,BALANCE,1,-7.74593892754862e-05
3.852,0.11477976471475654,0.0,0.11351457830353745,0.11438631170505238,-0.23469745425401534,7.376143988710951,BALANCE,1,-7.74593892754862e-05
3.854,0.11477976471475654,0.0,0.11504855909142309,0.11461809829028213,0.11589329261487563,4.807552700142015,BALANCE,1,-7.74593892754862e-05
3.856,0.11477976471475654,0.0,0.11504855909142309,0.11476875957068147,0.07533064019966951,7.928820265105576,BALANCE,1,-7.74593892754862e-05
3.858,0.11477976471475654,0.0,0.11351457830353745,0.11432979612718107,-0.2194817217502018,7.578382560318518,BALANCE,1,-7.74593892754862e-05
3.86,0.11477976471475654,0.0,0.11504855909142309,0.11458136316466577,0.125783518742352,4.939007771686876,BALANCE,1,-7.74593892754862e-05
3.862,0.11477976471475654,0.0,0.11351457830353745,0.11420798846327086,-0.18668735069745507,8.014266061609714,BALANCE,1,-7.74593892754862e-05
3.864,0.11477976471475654,0.0,0.11351457830353745,0.11396529490736416,-0.12134677795334892,5.22233204752618,BALANCE,1,-7.74593892754862e-05
3.866,0.11477976471475654,0.0,0.11504855909142309,0.11434443737178479,0.18957123221031297,5.786836560385215,BALANCE,1,-7.74593892754862e-05
3.868,0.11477976471475654,0.0,0.11351457830353745,0.11405398669789822,-0.1452253369432846,8.565354774263692,BALANCE,1,-7.74593892754862e-05
3.87,0.11477976471475654,0.0,0.11504855909142309,0.11440208703563193,0.17405016886685304,5.580539710751229,BALANCE,1,-7.74593892754862e-05
3.872,0.11477976471475654,0.0,0.1119805975156518,0.11355456570363888,-0.423760665996524,8.431261822001586,BALANCE,1,-7.74593892754862e-05
3.874,0.11477976471475654,0.0,0.11504855909142309,0.11407746338936335,0.2614488428622358,3.0817890112607773,BALANCE,1,-7.74593892754862e-05
3.876,0.11477976471475654,0.0,0.1119805975156518,0.11334356033356431,-0.36695152789952,9.186335489346192,BALANCE,1,-7.74593892754862e-05
3.878,0.11477976471475654,0.0,0.11658253987930872,0.11447720317457485,0.5668214205052715,3.5725868950348167,BALANCE,1,-7.74593892754862e-05
3.88,0.11477976471475654,0.0,0.11504855909142309,0.11467717774547173,0.09998728544843849,11.916944394319335,BALANCE,1,-7.74593892754862e-05
3.882,0.11477976471475654,0.0,0.11351457830353745,0.11427026794079473,-0.20345490233850128,7.791401622294062,BALANCE,1,-7.74593892754862e-05
3.884,0.11477976471475654,0.0,0.11658253987930872,0.11507956311927463,0.40464758923994953,5.077470161970985,BALANCE,1,-7.74593892754862e-05
3.886,0.11477976471475654,0.0,0.11504855909142309,0.1150687117095266,-0.005425704874016668,10.515856895814482,BALANCE,1,-7.74593892754862e-05
3.888,0.11477976471475654,0.0,0.11504855909142309,0.11506165829319037,-0.003526708168111181,6.880694748265945,BALANCE,1,-7.74593892754862e-05
3.89,0.11477976471475654,0.0,0.11658253987930872,0.1155939668483318,0.266154277570714,6.897100974372752,BALANCE,1,-7.74593892754862e-05
3.892,0.11477976471475654,0.0,0.1119805975156518,0.1143292875818938,-0.6323396332190007,9.319355301862226,BALANCE,1,-7.74593892754862e-05
3.894,0.11477976471475654,0.0,0.11658253987930872,0.11511792588598903,0.3943191520476147,1.2797881511568123,BALANCE,1,-7.74593892754862e-05
3.896,0.11477976471475654,0.0,0.10891263593988053,0.11294607440485105,-1.0859257405689895,10.426625210798681,BALANCE,1,-7.74593892754862e-05
3.898,0.11477976471475654,0.0,0.11658253987930872,0.11421883732091123,0.6363814580300914,-2.8236669690745977,BALANCE,1,-7.74593892754862e-05
3.9,0.11477976471475654,0.0,0.11504855909142309,0.11450923994059038,0.1452013098395752,12.517902626674998,BALANCE,1,-7.74593892754862e-05
3.902,0.11477976471475654,0.0,0.11658253987930872,0.1152348949191418,0.36282748927570635,8.182024473325278,BALANCE,1,-7.74593892754862e-05
3.904,0.11477976471475654,0.0,0.11811652066719437,0.1162434639309602,0.504284505909204,10.154555576181332,BALANCE,1,-7.74593892754862e-05
3.906,0.11477976471475654,0.0,0.11504855909142309,0.11582524723712222,-0.20910834691899305,11.469029451544545,BALANCE,1,-7.74593892754862e-05
3.908,0.11477976471475654,0.0,0.11351457830353745,0.11501651311036755,-0.40436706337733386,5.120995287477056,BALANCE,1,-7.74593892754862e-05
3.91,0.11477976471475654,0.0,0.11658253987930872,0.11556462247949696,0.2740546845647063,3.3417060443399134,BALANCE,1,-7.74593892754862e-05
3.912,0.11477976471475654,0.0,0.11351457830353745,0.11484710701791113,-0.3587577307929135,9.387610219354267,BALANCE,1,-7.74593892754862e-05
3.914,0.11477976471475654,0.0,0.11351457830353745,0.11438072196788035,-0.2331925250153924,3.7357441280467376,BALANCE,1,-7.74593892754862e-05
3.916,0.11477976471475654,0.0,0.11658253987930872,0.11515135823688027,0.38531813449996233,4.8205544127236175,BALANCE,1,-7.74593892754862e-05
3.918,0.11477976471475654,0.0,0.11351457830353745,0.11457848526021029,-0.2864364883349915,10.348861658803623,BALANCE,1,-7.74593892754862e-05
3.92,0.11477976471475654,0.0,0.11351457830353745,0.11420611782537479,-0.1861837174177497,4.360557563688868,BALANCE,1,-7.74593892754862e-05
3.922,0.11477976471475654,0.0,0.1119805975156518,0.11342718571697175,-0.38946605420152325,5.226683145890944,BALANCE,1,-7.74593892754862e-05
3.924,0.11477976471475654,0.0,0.11658253987930872,0.11453155967378968,0.552186978408968,3.3780744938022957,BALANCE,1,-7.74593892754862e-05
3.926,0.11477976471475654,0.0,0.11504855909142309,0.11471250946996138,0.09047489808584885,11.790511333518182,BALANCE,1,-7.74593892754862e-05
3.928,0.11477976471475654,0.0,0.11658253987930872,0.11536702011323295,0.32725532163578597,7.709220132773383,BALANCE,1,-7.74593892754862e-05
3.93,0.11477976471475654,0.0,0.11504855909142309,0.1152555587555995,-0.055730678816728885,9.847232754822617,BALANCE,1,-7.74593892754862e-05
3.932,0.11477976471475654,0.0,0.11504855909142309,0.11518310887313775,-0.03622494123087239,6.44608905662118,BALANCE,1,-7.74593892754862e-05
3.934,0.11477976471475654,0.0,0.11658253987930872,0.11567290972529759,0.24490042607992063,6.614607274803669,BALANCE,1,-7.74593892754862e-05
3.936,0.11477976471475654,0.0,0.11504855909142309,0.11545438700344152,-0.10926136092803684,9.135734397142334,BALANCE,1,-7.74593892754862e-05
3.938,0.11477976471475654,0.0,0.11658253987930872,0.11584924050999504,0.19742675327676096,5.983615124129037,BALANCE,1,-7.74593892754862e-05
3.94,0.11477976471475654,0.0,0.11504855909142309,0.11556900201349485,-0.14011924825009514,8.725589499203798,BALANCE,1,-7.74593892754862e-05
3.942,0.11477976471475654,0.0,0.11811652066719437,0.11646063354228968,0.4458157643974156,5.717020940468947,BALANCE,1,-7.74593892754862e-05
3.944,0.11477976471475654,0.0,0.11351457830353745,0.1154295142087264,-0.5155596667816426,10.963893560344841,BALANCE,1,-7.74593892754862e-05
3.946,0.11477976471475654,0.0,0.1119805975156518,0.11422239336615028,-0.603560421288056,2.381066677677196,BALANCE,1,-7.74593892754862e-05
3.948,0.11477976471475654,0.0,0.11351457830353745,0.11397465809423579,-0.12386763595724493,1.5284237894633388,BALANCE,1,-7.74593892754862e-05
3.95,0.11477976471475654,0.0,0.1119805975156518,0.1132767368917314,-0.3489606012521962,5.765057814657823,BALANCE,1,-7.74593892754862e-05
3.952,0.11477976471475654,0.0,0.1119805975156518,0.11282308811010354,-0.2268243908139303,3.7280180285007583,BALANCE,1,-7.74593892754862e-05
3.954,0.11477976471475654,0.0,0.11504855909142309,0.11360200295356539,0.3894574217309238,4.7832037895120285,BALANCE,1,-7.74593892754862e-05
3.956,0.11477976471475654,0.0,0.11658253987930872,0.11464519087757555,0.5215939620050805,10.292255095209523,BALANCE,1,-7.74593892754862e-05
3.958,0.11477976471475654,0.0,0.1119805975156518,0.11371258320090223,-0.4663038383366583,11.526205480406071,BALANCE,1,-7.74593892754862e-05
3.96,0.11477976471475654,0.0,0.11351457830353745,0.11364328148682455,-0.034650857038839855,2.7142407672103483,BALANCE,1,-7.74593892754862e-05
3.962,0.11477976471475654,0.0,0.11351457830353745,0.11359823537267406,-0.022523057075243824,6.535838850193348,BALANCE,1,-7.74593892754862e-05
3.964,0.11477976471475654,0.0,0.1119805975156518,0.11303206212271627,-0.28308662497889686,6.640615982118921,BALANCE,1,-7.74593892754862e-05
3.966,0.11477976471475654,0.0,0.11351457830353745,0.11320094278600368,0.08444033164370368,4.297130837350458,BALANCE,1,-7.74593892754862e-05
3.968,0.11477976471475654,0.0,0.11658253987930872,0.11438450176866044,0.5917794913283814,7.564717395784407,BALANCE,1,-7.74593892754862e-05
3.97,0.11477976471475654,0.0,0.11504855909142309,0.11461692183162736,0.11621003148346021,12.132567597793194,BALANCE,1,-7.74593892754862e-05
3.972,0.11477976471475654,0.0,0.11811652066719437,0.11584178142407582,0.61242979622423,7.931556704552074,BALANCE,1,-7.74593892754862e-05
3.974,0.1147328854968786,-0.04688007447540234,0.11351457830353745,0.11502726033188738,-0.407260546094218,12.403341806998904,BALANCE,1,-7.71617727620946e-05
3.976,0.114643736917351,-0.042270134089222894,0.11504855909142309,0.11503471489772488,0.0037272829187459666,3.316708038002294,BALANCE,1,-7.708551354939656e-05
3.978,0.11456415843807542,-0.03730979936093533,0.11504855909142309,0.11503956036551925,0.002422733897188001,6.9597712347147755,BALANCE,1,-7.702049360771062e-05
3.98,0.11449481512498606,-0.03203478088255163,0.11811652066719437,0.11611649647110554,0.5384680527931451,6.948500690564522,BALANCE,1,-7.69662243762932e-05
3.982,0.11443147820743253,-0.031303294072547706,0.1119805975156518,0.11466893183669673,-0.7237823172044078,11.764355397906925,BALANCE,1,-7.688600861090434e-05
3.984,0.11437694105751389,-0.023234852454821098,0.11504855909142309,0.11480180137585096,0.06643476957711447,0.48977659157247666,BALANCE,1,-7.685965729850747e-05
3.986,0.11433787914670569,-0.015827772173409037,0.11658253987930872,0.11542505985206117,0.31162923810510584,7.501527416548824,BALANCE,1,-7.683804902548503e-05
3.988,0.11431069732882435,-0.011354542431774285,0.1119805975156518,0.11421949803431788,-0.6027809088716418,9.712232489276628,BALANCE,1,-7.681451656929568e-05
3.99,0.1142974122925402,-0.0019307366301309654,0.11351457830353745,0.11397277612854473,-0.12336095288657811,1.535158322976211,BALANCE,1,-7.681003373553558e-05
3.992,0.11427510832198205,-0.02037364150049114,0.11504855909142309,0.11434930016555216,0.188262018503714,5.769435261441168,BALANCE,1,-7.673621361146054e-05
3.994,0.11424339665993212,-0.011338600059065477,0.1119805975156518,0.11352025423808704,-0.41452296373255954,8.554043929950062,BALANCE,1,-7.672421455915364e-05
3.996,0.11423234202072638,0.0002837588309517955,0.11504855909142309,0.11405516093675465,0.26745334933380577,3.1615973814273297,BALANCE,1,-7.672308539247815e-05
3.998,0.11423234202072638,0.0,0.11351457830353745,0.11386595701512862,-0.0946019608130122,9.23821092995439,BALANCE,1,-7.67230939811794e-05
4.0,0.11423234202072638,0.0,0.11504855909142309,0.11427986774183169,0.20695536335153114,6.0178962119502,BALANCE,1,-7.67230939811794e-05
4.002,0.11423234202072638,0.0,0.11504855909142309,0.11454890971418867,0.13452098617849212,8.715543547780927,BALANCE,1,-7.67230939811794e-05
4.0040000000000004,0.11423234202072638,0.0,0.11504855909142309,0.11472378699622071,0.08743864101602022,8.089752694057465,BALANCE,1,-7.67230939811794e-05
4.006,0.11423234202072638,0.0,0.11504855909142309,0.11483745722954154,0.056835116660415574,7.682988639137246,BALANCE,1,-7.67230939811794e-05
4.008,0.11423234202072638,0.0,0.11351457830353745,0.1143744496054401,-0.2315038120507193,7.418592003439122,BALANCE,1,-7.67230939811794e-05
4.01,0.11423234202072638,0.0,0.11658253987930872,0.11514728120129412,0.38641579792701025,4.835143909715247,BALANCE,1,-7.67230939811794e-05
4.0120000000000005,0.11423234202072638,0.0,0.11351457830353745,0.11457583518707928,-0.28572300710742043,10.358344831848273,BALANCE,1,-7.67230939811794e-05
4.014,0.11423234202072638,0.0,0.11504855909142309,0.11474128855359961,0.08272668326016197,4.366721626167801,BALANCE,1,-7.67230939811794e-05
4.016,0.11423234202072638,0.0,0.11658253987930872,0.11538572651759779,0.32221898199909227,7.642280067022333,BALANCE,1,-7.67230939811794e-05
4.018,0.11423234202072638,0.0,0.11351457830353745,0.11473082464267667,-0.32745093746056053,9.803721712084458,BALANCE,1,-7.67230939811794e-05
4.0200000000000005,0.11423234202072638,0.0,0.11351457830353745,0.11430513842397794,-0.21284310934936712,4.00621659832138,BALANCE,1,-7.67230939811794e-05
4.022,0.11423234202072638,0.0,0.11351457830353745,0.11402844238182376,-0.13834802107708793,4.996361518402098,BALANCE,1,-7.67230939811794e-05
4.024,0.11423234202072638,0.0,0.11658253987930872,0.1149223765059435,0.44696706205987063,5.639955716454595,BALANCE,1,-7.67230939811794e-05
4.026,0.11423234202072638,0.0,0.11658253987930872,0.11550343368662133,0.29052859033891487,10.881472506228851,BALANCE,1,-7.67230939811794e-05
4.0280000000000005,0.11423234202072638,0.0,0.1119805975156518,0.114270441026782,-0.6164963299196691,9.5299351755553,BALANCE,1,-7.67230939811794e-05
4.03,0.11423234202072638,0.0,0.11504855909142309,0.11454278234940637,0.13617066131219047,1.41666506905732,BALANCE,1,-7.67230939811794e-05
4.032,0.11423234202072638,0.0,0.1119805975156518,0.11364601765759227,-0.4483823459070502,8.104004926913936,BALANCE,1,-7.67230939811794e-05
4.034,0.11423234202072638,0.0,0.11351457830353745,0.11360001388367308,-0.023001886959597706,2.8690720294538443,BALANCE,1,-7.67230939811794e-05
4.0360000000000005,0.11423234202072638,0.0,0.11351457830353745,0.1135701114306256,-0.014951226523736427,6.636479170651592,BALANCE,1,-7.67230939811794e-05
4.038,0.11423234202072638,0.0,0.11504855909142309,0.11408756811190472,0.25872834063955796,6.706032190416779,BALANCE,1,-7.67230939811794e-05
4.04,0.11423234202072638,0.0,0.11351457830353745,0.11388702167897617,-0.100273216464275,9.162831933784181,BALANCE,1,-7.67230939811794e-05
4.042,0.11423234202072638,0.0,0.11504855909142309,0.1142935597733326,0.2032690471782117,5.96889986443955,BALANCE,1,-7.67230939811794e-05
4.0440000000000005,0.11423234202072638,0.0,0.11351457830353745,0.1140209162589043,-0.1363217572141473,8.683695921899016,BALANCE,1,-7.67230939811794e-05
4.046,0.11423234202072638,0.0,0.1119805975156518,0.11330680469876593,-0.3570557800691848,5.657461456714218,BALANCE,1,-7.67230939811794e-05
4.048,0.11423234202072638,0.0,0.1119805975156518,0.11284263218467598,-0.232086257044975,3.6580803958373966,BALANCE,1,-7.67230939811794e-05
4.05,0.11423234202072638,0.0,0.11351457830353745,0.11307781332627749,0.11759057080075463,4.737744328280825,BALANCE,1,-7.67230939811794e-05
4.0520000000000005,0.11423234202072638,0.0,0.11504855909142309,0.11376757434407844,0.3448805089004761,7.85111616488916,BALANCE,1,-7.67230939811794e-05
4.054,0.11423234202072638,0.0,0.11044661672776616,0.11260523917836915,-0.581167582854647,9.90713651719122,BALANCE,1,-7.67230939811794e-05
4.056,0.11423234202072638,0.0,0.11658253987930872,0.11399729442369799,0.6960276226644219,1.6295172826140674,BALANCE,1,-7.67230939811794e-05
4.058,0.11423234202072638,0.0,0.11504855909142309,0.11436523705740177,0.18397131685189,13.033210768259197,BALANCE,1,-7.67230939811794e-05
4.0600000000000005,0.11423234202072638,0.0,0.11351457830353745,0.11406750649354926,-0.14886528192625814,8.516974765355007,BALANCE,1,-7.67230939811794e-05
4.062,0.11423234202072638,0.0,0.11351457830353745,0.11387398162704512,-0.0967624332520664,5.5490927049605965,BALANCE,1,-7.67230939811794e-05
4.064,0.11423234202072638,0.0,0.11504855909142309,0.11428508373957741,0.20555105626614278,5.999230987717626,BALANCE,1,-7.67230939811794e-05
4.066,0.11423234202072638,0.0,0.11504855909142309,0.1145523001127234,0.1336081865729935,8.703411152029725,BALANCE,1,-7.67230939811794e-05
4.0680000000000005,0.11423234202072638,0.0,0.11504855909142309,0.11472599075526829,0.0868453212724482,8.081866636819218,BALANCE,1,-7.67230939811794e-05
4.07,0.11423234202072638,0.0,0.1119805975156518,0.11376510312140252,-0.48044381693288646,7.677862701932405,BALANCE,1,-7.67230939811794e-05
4.072,0.11423234202072638,0.0,0.11504855909142309,0.11421431271090972,0.2246047947535995,2.5920795832158157,BALANCE,1,-7.67230939811794e-05
4.074,0.11423234202072638,0.0,0.11351457830353745,0.11396940566832943,-0.12245352129014453,8.86802436111696,BALANCE,1,-7.67230939811794e-05
4.0760000000000005,0.11423234202072638,0.0,0.11658253987930872,0.11488400264217218,0.4572984869213731,5.777274942205887,BALANCE,1,-7.67230939811794e-05
4.078,0.11423234202072638,0.0,0.11504855909142309,0.11494159739941,0.028797378618911074,10.970730002967095,BALANCE,1,-7.67230939811794e-05
4.08,0.11423234202072638,0.0,0.11504855909142309,0.11497903399161458,0.018718296102289422,7.176362267915165,BALANCE,1,-7.67230939811794e-05
4.082,0.11423234202072638,0.0,0.11351457830353745,0.11446647450078758,-0.2562797454134999,7.089284862144723,BALANCE,1,-7.67230939811794e-05
4.0840000000000005,0.11423234202072638,0.0,0.11658253987930872,0.11520709738326998,0.37031144124120147,4.621094267873899,BALANCE,1,-7.67230939811794e-05
4.086,0.11423234202072638,0.0,0.11658253987930872,0.11568850225688354,0.2407024368067806,10.219212564651386,BALANCE,1,-7.67230939811794e-05
4.088,0.11423234202072638,0.0,0.11658253987930872,0.11600141542473236,0.1564565839244081,9.099466213529954,BALANCE,1,-7.67230939811794e-05
4.09,0.11423234202072638,0.0,0.11351457830353745,0.11513102243231414,-0.43519649620910733,8.371631085301033,BALANCE,1,-7.67230939811794e-05
4.0920000000000005,0.11423234202072638,0.0,0.11658253987930872,0.11563905353876225,0.25401555322405317,3.075357690912135,BALANCE,1,-7.67230939811794e-05
4.094,0.11423234202072638,0.0,0.1119805975156518,0.11435859393067359,-0.6402298040443302,9.214483789626208,BALANCE,1,-7.67230939811794e-05
4.096,0.11423234202072638,0.0,0.11351457830353745,0.11406318846117594,-0.14770273474882384,1.2116216682034018,BALANCE,1,-7.67230939811794e-05
4.098,0.11423234202072638,0.0,0.11351457830353745,0.11387117490600247,-0.09600677758673376,5.559136435838857,BALANCE,1,-7.67230939811794e-05
4.1,0.11423234202072638,0.0,0.11351457830353745,0.11374636609513972,-0.062404405431377985,6.005759412788499,BALANCE,1,-7.67230939811794e-05
4.102,0.11423234202072638,0.0,0.1119805975156518,0.11312834709231895,-0.3090095014103844,6.296064347805741,BALANCE,1,-7.67230939811794e-05
4.104,0.11423234202072638,0.0,0.11044661672776616,0.11218974146472548,-0.46930281379673616,4.07317227504689,BALANCE,1,-7.67230939811794e-05
4.106,0.11423234202072638,0.0,0.11504855909142309,0.11319032763406964,0.5002930846720807,2.595963769246992,BALANCE,1,-7.67230939811794e-05
4.108,0.11423234202072638,0.0,0.11504855909142309,0.11384070864414335,0.3251905050368556,11.249810704050581,BALANCE,1,-7.67230939811794e-05
4.11,0.11423234202072638,0.0,0.11658253987930872,0.11480034957645123,0.4798204661539407,9.737026345632797,BALANCE,1,-7.67230939811794e-05
4.112,0.11423234202072638,0.0,0.11504855909142309,0.11488722290669139,0.04343666512007793,11.165306793181239,BALANCE,1,-7.67230939811794e-05
4.114,0.11423234202072638,0.0,0.11658253987930872,0.11548058384710745,0.2966804702080328,7.30283718155434,BALANCE,1,-7.67230939811794e-05
4.116,0.11423234202072638,0.0,0.11351457830353745,0.11479248190685795,-0.3440509701247499,9.583083836530221,BALANCE,1,-7.67230939811794e-05
4.118,0.11423234202072638,0.0,0.11351457830353745,0.11434521564569577,-0.22363313058108847,3.8628019792111203,BALANCE,1,-7.67230939811794e-05
4.12,0.11423234202072638,0.0,0.1119805975156518,0.11351759930018038,-0.41380817275769866,4.903142015980444,BALANCE,1,-7.67230939811794e-05
4.122,0.11423234202072638,0.0,0.11351457830353745,0.11351654195135535,-0.0005286744125115872,3.167772759360425,BALANCE,1,-7.67230939811794e-05
4.124,0.11423234202072638,0.0,0.11351457830353745,0.11351585467461908,-0.0003436383681360011,6.830634645090938,BALANCE,1,-7.67230939811794e-05
4.126,0.11423234202072638,0.0,0.11351457830353745,0.1135154079447405,-0.00022336493928770684,6.832233248802304,BALANCE,1,-7.67230939811794e-05
4.128,0.11423234202072638,0.0,0.11351457830353745,0.11351511757031944,-0.00014518721053180528,6.833272341214729,BALANCE,1,-7.67230939811794e-05
4.13,0.11423234202072638,0.0,0.11351457830353745,0.11351492882694575,-9.437168684706121e-05,6.833947751282847,BALANCE,1,-7.67230939811794e-05
4.132,0.11423234202072638,0.0,0.11351457830353745,0.11351480614375284,-6.134159645510007e-05,6.834386767827064,BALANCE,1,-7.67230939811794e-05
4.134,0.11423234202072638,0.0,0.11351457830353745,0.11351472639967745,-3.9872037692345597e-05,6.834672128580777,BALANCE,1,-7.67230939811794e-05
4.136,0.11423234202072638,0.0,0.11504855909142309,0.11405156784178842,0.26842072105548453,6.834857613070762,BALANCE,1,-7.67230939811794e-05
4.138,0.11423234202072638,0.0,0.11504855909142309,0.11440051477916055,0.17447346868606356,9.246568458509252,BALANCE,1,-7.67230939811794e-05
4.14,0.11423234202072638,0.0,0.11351457830353745,0.11409043701269246,-0.15503888323404463,8.434918886030891,BALANCE,1,-7.67230939811794e-05
4.142,0.11423234202072638,0.0,0.11351457830353745,0.1138888864644882,-0.10077527410212728,5.495756383399927,BALANCE,1,-7.67230939811794e-05
4.144,0.11423234202072638,0.0,0.11658253987930872,0.11483166515967538,0.47138934759358847,5.964562378703193,BALANCE,1,-7.67230939811794e-05
4.146,0.11423234202072638,0.0,0.11351457830353745,0.11437068476002711,-0.23049019982413627,11.092466836690381,BALANCE,1,-7.67230939811794e-05
4.148,0.11423234202072638,0.0,0.11658253987930872,0.11514483405177567,0.3870746458742788,4.843900929315246,BALANCE,1,-7.67230939811794e-05
4.15,0.11423234202072638,0.0,0.11658253987930872,0.11564803109141224,0.25159851981828435,10.36403689458818,BALANCE,1,-7.67230939811794e-05
4.152,0.11423234202072638,0.0,0.11351457830353745,0.11490132261565607,-0.37335423787808464,9.1936020279889,BALANCE,1,-7.67230939811794e-05
4.154,0.11423234202072638,0.0,0.11504855909142309,0.11495285538217452,0.025766383259226422,3.6096388036592777,BALANCE,1,-7.67230939811794e-05
4.156,0.11423234202072638,0.0,0.11658253987930872,0.11552324495617149,0.2851947869984828,7.150176232391759,BALANCE,1,-7.67230939811794e-05
4.158,0.11423234202072638,0.0,0.11504855909142309,0.11535710490350955,-0.08307002633096972,9.483854219574573,BALANCE,1,-7.67230939811794e-05
4.16,0.11423234202072638,0.0,0.11351457830353745,0.1147122205935193,-0.3224421549951201,6.209893008710008,BALANCE,1,-7.67230939811794e-05
4.162,0.11423234202072638,0.0,0.11658253987930872,0.1153668323435456,0.32730587501314523,4.049489563141319,BALANCE,1,-7.67230939811794e-05
4.164,0.11423234202072638,0.0,0.11658253987930872,0.11579232998106269,0.2127488187585458,9.84766950657518,BALANCE,1,-7.67230939811794e-05
4.166,0.11423234202072638,0.0,0.11504855909142309,0.11553201016968882,-0.13015990568693292,8.857963225780434,BALANCE,1,-7.67230939811794e-05
4.168,0.11423234202072638,0.0,0.11504855909142309,0.11536280229229581,-0.08460393869650501,5.803063862743779,BALANCE,1,-7.67230939811794e-05
4.17,0.11423234202072638,0.0,0.1119805975156518,0.11417903062047041,-0.5918858359127005,6.19664089878336,BALANCE,1,-7.67230939811794e-05
4.172,0.11423234202072638,0.0,0.11504855909142309,0.11448336558530385,0.15216748241671935,1.6292854111689856,BALANCE,1,-7.67230939811794e-05
4.174,0.11423234202072638,0.0,0.11351457830353745,0.11414429003668561,-0.16953777430912115,8.242208149286512,BALANCE,1,-7.67230939811794e-05
4.176,0.11423234202072638,0.0,0.1119805975156518,0.11338699765432378,-0.3786461911809147,5.370494404516056,BALANCE,1,-7.67230939811794e-05
4.178,0.11423234202072638,0.0,0.11658253987930872,0.11450543743306851,0.5592198893723671,3.4715518119086193,BALANCE,1,-7.67230939811794e-05
4.18,0.11423234202072638,0.0,0.11658253987930872,0.11523242328925258,0.36349292809203376,11.851271590287325,BALANCE,1,-7.67230939811794e-05
4.182,0.11423234202072638,0.0,0.11351457830353745,0.11463117754425228,-0.3006228725001489,10.160304580193275,BALANCE,1,-7.67230939811794e-05
4.184,0.11423234202072638,0.0,0.11504855909142309,0.11477726108576207,0.07304177075489332,4.2379954625921075,BALANCE,1,-7.67230939811794e-05
4.186,0.11423234202072638,0.0,0.11504855909142309,0.11487221538774342,0.047477150990675454,7.558608060698176,BALANCE,1,-7.67230939811794e-05
4.188,0.11423234202072638,0.0,0.11351457830353745,0.11439704240827134,-0.23758648973604135,7.337744627453659,BALANCE,1,-7.67230939811794e-05
4.19,0.11423234202072638,0.0,0.11504855909142309,0.11462507324737445,0.11401541955155525,4.782593115324775,BALANCE,1,-7.67230939811794e-05
4.192,0.11423234202072638,0.0,0.11504855909142309,0.11477329329279147,0.07411002270851091,7.912596534974338,BALANCE,1,-7.67230939811794e-05
4.194,0.11423234202072638,0.0,0.11351457830353745,0.11433274304655257,-0.22027512311945108,7.56783713573321,BALANCE,1,-7.67230939811794e-05
4.196,0.11423234202072638,0.0,0.11504855909142309,0.11458327866225725,0.12526780785233893,4.93215324570646,BALANCE,1,-7.67230939811794e-05
4.198,0.11423234202072638,0.0,0.11044661672776616,0.11313544698518536,-0.7239158385359407,8.009810619722433,BALANCE,1,-7.67230939811794e-05
4.2,0.11423234202072638,0.0,0.11504855909142309,0.11380503622236857,0.3347946185916009,0.3962554492593159,BALANCE,1,-7.67230939811794e-05
4.202,0.11423234202072638,0.0,0.11658253987930872,0.11477716250229762,0.48606313996452793,9.82000029605862,BALANCE,1,-7.67230939811794e-05
4.204,0.11423234202072638,0.0,0.1119805975156518,0.11379836475697158,-0.48939887266302023,11.219239860958048,BALANCE,1,-7.67230939811794e-05
4.206,0.11423234202072638,0.0,0.1119805975156518,0.11316214622250965,-0.3181092672309635,2.514713114569109,BALANCE,1,-7.67230939811794e-05
4.208,0.11423234202072638,0.0,0.11658253987930872,0.11435928400238933,0.5985688899398378,3.9945555954564775,BALANCE,1,-7.67230939811794e-05
4.21,0.11423234202072638,0.0,0.1119805975156518,0.1135267437320312,-0.4162701351790657,12.191224049593455,BALANCE,1,-7.67230939811794e-05
4.212,0.11423234202072638,0.0,0.1119805975156518,0.1129855925562984,-0.2705755878663965,3.146502837182152,BALANCE,1,-7.67230939811794e-05
4.214,0.11423234202072638,0.0,0.11811652066719437,0.114781417395112,0.8979124194067947,4.405218915154925,BALANCE,1,-7.67230939811794e-05
4.216,0.11423234202072638,0.0,0.11351457830353745,0.1143380237130609,-0.2216968410255482,14.869745487917509,BALANCE,1,-7.67230939811794e-05
4.218,0.11423234202072638,0.0,0.11351457830353745,0.11404981781972769,-0.14410294666660634,4.919870430599412,BALANCE,1,-7.67230939811794e-05
4.22,0.11423234202072638,0.0,0.11504855909142309,0.11439937726482108,0.174779722546696,5.590236509382843,BALANCE,1,-7.67230939811794e-05
4.222,0.11423234202072638,0.0,0.11351457830353745,0.1140896976283718,-0.15483981822463772,8.437564741112153,BALANCE,1,-7.67230939811794e-05
4.224,0.11423234202072638,0.0,0.11504855909142309,0.11442529914043975,0.1678007560339742,5.49747618920271,BALANCE,1,-7.67230939811794e-05
4.226,0.11423234202072638,0.0,0.11351457830353745,0.11410654684752394,-0.1593761464579041,8.377270532995055,BALANCE,1,-7.67230939811794e-05
4.228,0.11423234202072638,0.0,0.11504855909142309,0.11443625113288865,0.1648521426823521,5.458284953926621,BALANCE,1,-7.67230939811794e-05
4.23,0.11423234202072638,0.0,0.11351457830353745,0.11411366564261573,-0.16129274513645986,8.351796230065606,BALANCE,1,-7.67230939811794e-05
4.232,0.11423234202072638,0.0,0.11351457830353745,0.11390398507393833,-0.1048402843387003,5.441726657022468,BALANCE,1,-7.67230939811794e-05
4.234,0.11423234202072638,0.0,0.1119805975156518,0.11323079942853805,-0.3365928227001408,5.929443056557816,BALANCE,1,-7.67230939811794e-05
4.236,0.11423234202072638,0.0,0.11504855909142309,0.11386701531054781,0.31810794100488315,3.8348684357357667,BALANCE,1,-7.67230939811794e-05
4.238,0.11423234202072638,0.0,0.11351457830353745,0.11374366235809419,-0.06167647622681155,9.675837115254918,BALANCE,1,-7.67230939811794e-05
4.24,0.11423234202072638,0.0,0.11504855909142309,0.1142003762147593,0.22835692833255566,6.302353232395548,BALANCE,1,-7.67230939811794e-05
4.242,0.11423234202072638,0.0,0.11504855909142309,0.11449724022159162,0.14843200341616014,8.90044061107035,BALANCE,1,-7.67230939811794e-05
4.244,0.11423234202072638,0.0,0.11044661672776616,0.11307952199875271,-0.7088591114194561,8.20993578519561,BALANCE,1,-7.67230939811794e-05
4.246,0.11423234202072638,0.0,0.1119805975156518,0.11269489842966739,-0.19231178454266057,0.5263368068168868,BALANCE,1,-7.67230939811794e-05
4.248,0.11423234202072638,0.0,0.1119805975156518,0.11244489310976193,-0.1250026599527304,5.0813726174309135,BALANCE,1,-7.67230939811794e-05
4.25,0.11423234202072638,0.0,0.11811652066719437,0.11442996275486328,0.9925348225506766,5.662884272316644,BALANCE,1,-7.67230939811794e-05
4.252,0.11423234202072638,0.0,0.11351457830353745,0.11410957819689924,-0.16019227898202149,15.687227970072618,BALANCE,1,-7.67230939811794e-05
4.2540000000000004,0.11423234202072638,0.0,0.1119805975156518,0.11336443495846263,-0.37257161921830373,5.451234044000263,BALANCE,1,-7.67230939811794e-05
4.256,0.11423234202072638,0.0,0.11504855909142309,0.11395387840499879,0.2947217232680821,3.52403257757332,BALANCE,1,-7.67230939811794e-05
4.258,0.11423234202072638,0.0,0.11351457830353745,0.11380012336948732,-0.07687751775573709,9.473793807449372,BALANCE,1,-7.67230939811794e-05
4.26,0.11423234202072638,0.0,0.11504855909142309,0.11423707587216483,0.21847625133875753,6.1710250823219,BALANCE,1,-7.67230939811794e-05
4.2620000000000005,0.11423234202072638,0.0,0.11504855909142309,0.11452109499890523,0.1420095633701962,8.81507731352251,BALANCE,1,-7.67230939811794e-05
4.264,0.11423234202072638,0.0,0.1119805975156518,0.11363192087976652,-0.4445870595693527,8.154449641789556,BALANCE,1,-7.67230939811794e-05
4.266,0.11423234202072638,0.0,0.11658253987930872,0.11466463752960629,0.5163583249198841,2.9018610941229417,BALANCE,1,-7.67230939811794e-05
4.268,0.11423234202072638,0.0,0.11504855909142309,0.11479901007624217,0.06718627331794153,11.48097262372665,BALANCE,1,-7.67230939811794e-05
4.2700000000000005,0.11423234202072638,0.0,0.1119805975156518,0.11381256568003555,-0.493222198103313,7.50801997140886,BALANCE,1,-7.67230939811794e-05
4.272,0.11423234202072638,0.0,0.11504855909142309,0.11424516337402119,0.21629884699281982,2.4816818083755363,BALANCE,1,-7.67230939811794e-05
4.274,0.11423234202072638,0.0,0.11658253987930872,0.11506324515087182,0.4090408884253188,8.796265807470757,BALANCE,1,-7.67230939811794e-05
4.276,0.11423234202072638,0.0,0.11504855909142309,0.11505810503006476,-0.0025700604035297503,10.553812443375927,BALANCE,1,-7.67230939811794e-05
4.2780000000000005,0.11423234202072638,0.0,0.11658253987930872,0.11559165722730015,0.2667760986176937,6.905365854180856,BALANCE,1,-7.67230939811794e-05
4.28,0.11423234202072638,0.0,0.11504855909142309,0.11540157287974318,-0.09504217377848817,9.324727473737507,BALANCE,1,-7.67230939811794e-05
4.282,0.11423234202072638,0.0,0.11658253987930872,0.11581491132959111,0.20666922492396794,6.106460623915865,BALANCE,1,-7.67230939811794e-05
4.284,0.11423234202072638,0.0,0.11504855909142309,0.1155466880462323,-0.13411164167940332,8.805439074065239,BALANCE,1,-7.67230939811794e-05
4.2860000000000005,0.11423234202072638,0.0,0.11658253987930872,0.11590923618780904,0.18127407078837032,5.76892316412895,BALANCE,1,-7.67230939811794e-05
4.288,0.11423234202072638,0.0,0.11658253987930872,0.11614489247983394,0.11782814601244557,8.586039725203719,BALANCE,1,-7.67230939811794e-05
4.29,0.11423234202072638,0.0,0.11504855909142309,0.11576117579389014,-0.19185834297189702,8.037903867889018,BALANCE,1,-7.67230939811794e-05
4.292,0.11423234202072638,0.0,0.11658253987930872,0.11604865322378664,0.1437387149482508,5.2700252801143685,BALANCE,1,-7.67230939811794e-05
4.2940000000000005,0.11423234202072638,0.0,0.11504855909142309,0.1156986202774594,-0.17501647316361946,8.261756100594255,BALANCE,1,-7.67230939811794e-05
4.296,0.11423234202072638,0.0,0.11044661672776616,0.11386041903506677,-0.9191006211963156,5.415529231372809,BALANCE,1,-7.67230939811794e-05
4.298,0.11423234202072638,0.0,0.11351457830353745,0.11373937477903151,-0.06052212801763157,-1.2900274531679574,BALANCE,1,-7.67230939811794e-05
4.3,0.11423234202072638,0.0,0.11351457830353745,0.11366069601260859,-0.03933938321146191,6.312326128960824,BALANCE,1,-7.67230939811794e-05
4.3020000000000005,0.11423234202072638,0.0,0.11504855909142309,0.11414644809019366,0.24287603879253467,6.495332713317749,BALANCE,1,-7.67230939811794e-05
4.304,0.11423234202072638,0.0,0.11504855909142309,0.11446218694062396,0.15786942521515274,9.025877273669796,BALANCE,1,-7.67230939811794e-05
4.306,0.11423234202072638,0.0,0.11504855909142309,0.11466741719340365,0.10261512638984338,8.291469615885305,BALANCE,1,-7.67230939811794e-05
4.308,0.11423234202072638,0.0,0.11351457830353745,0.11426392358195048,-0.20174680572658532,7.814104638325286,BALANCE,1,-7.67230939811794e-05
4.3100000000000005,0.11423234202072638,0.0,0.11658253987930872,0.11507543928602586,0.40575785203769005,5.092227122391305,BALANCE,1,-7.67230939811794e-05
4.312,0.11423234202072638,0.0,0.11351457830353745,0.11452913794215491,-0.2731506719354723,10.525448920087646,BALANCE,1,-7.67230939811794e-05
4.314,0.11423234202072638,0.0,0.11351457830353745,0.1141740420686388,-0.1775479367580532,4.47533928352345,BALANCE,1,-7.67230939811794e-05
4.316,0.11423234202072638,0.0,0.11351457830353745,0.11394322975085333,-0.1154061588927377,5.301291263783502,BALANCE,1,-7.67230939811794e-05
4.3180000000000005,0.11423234202072638,0.0,0.1119805975156518,0.1132563084685328,-0.34346064116026753,5.838160050952474,BALANCE,1,-7.67230939811794e-05
4.32,0.11423234202072638,0.0,0.11658253987930872,0.11442048946230438,0.5820904968857898,3.7755344820922723,BALANCE,1,-7.67230939811794e-05
4.322,0.11423234202072638,0.0,0.11504855909142309,0.11464031383249593,0.10991218509577572,12.04886032590672,BALANCE,1,-7.67230939811794e-05
4.324,0.11423234202072638,0.0,0.11044661672776616,0.11317251984584051,-0.7338969933277095,7.877146977825865,BALANCE,1,-7.67230939811794e-05
4.3260000000000005,0.11423234202072638,0.0,0.11351457830353745,0.11329224030603444,0.05986023009696417,0.31002408202652204,BALANCE,1,-7.67230939811794e-05
4.328,0.11423234202072638,0.0,0.1119805975156518,0.11283316532940052,-0.2295374883169582,7.352359626837251,BALANCE,1,-7.67230939811794e-05
4.33,0.11423234202072638,0.0,0.11504855909142309,0.11360855314610842,0.38769390835394907,4.7597642064174055,BALANCE,1,-7.67230939811794e-05
4.332,0.11423234202072638,0.0,0.11504855909142309,0.11411255522696855,0.25200104043006377,10.27701936619796,BALANCE,1,-7.67230939811794e-05
4.3340000000000005,0.11423234202072638,0.0,0.11504855909142309,0.11444015657952764,0.16380067627954492,9.104711976028536,BALANCE,1,-7.67230939811794e-05
4.336,0.11423234202072638,0.0,0.1119805975156518,0.11357931090717109,-0.4304228361782722,8.34271217241847,BALANCE,1,-7.67230939811794e-05
4.338,0.11423234202072638,0.0,0.11504855909142309,0.1140935477716593,0.25711843224410225,3.0242317390317703,BALANCE,1,-7.67230939811794e-05
4.34,0.11423234202072638,0.0,0.11658253987930872,0.11496469500933659,0.4355736188386486,9.148923262397362,BALANCE,1,-7.67230939811794e-05
4.3420000000000005,0.11423234202072638,0.0,0.11504855909142309,0.11499404743806686,0.014676214365134943,10.783039789078185,BALANCE,1,-7.67230939811794e-05
4.344,0.11423234202072638,0.0,0.11351457830353745,0.11447623324098156,-0.25890709854264893,7.054363628887327,BALANCE,1,-7.67230939811794e-05
4.346,0.11423234202072638,0.0,0.1119805975156518,0.11360276073711614,-0.4367362519327109,4.598395466256604,BALANCE,1,-7.67230939811794e-05
4.348,0.11423234202072638,0.0,0.1119805975156518,0.11303500360960363,-0.28387856375625825,2.969687502039947,BALANCE,1,-7.67230939811794e-05
4.3500000000000005,0.11423234202072638,0.0,0.11504855909142309,0.11373974802824044,0.35237220931840646,4.290288947312559,BALANCE,1,-7.67230939811794e-05
4.352,0.11423234202072638,0.0,0.11504855909142309,0.11419783190035436,0.22904193605696038,9.971860447779832,BALANCE,1,-7.67230939811794e-05
4.354,0.11423234202072638,0.0,0.1119805975156518,0.11342179986570847,-0.3880160173229466,8.906358679056748,BALANCE,1,-7.67230939811794e-05
4.356,0.11423234202072638,0.0,0.11504855909142309,0.11399116559470858,0.28468286450005625,3.3906019683467,BALANCE,1,-7.67230939811794e-05
4.358,0.11423234202072638,0.0,0.1119805975156518,0.11328746676703871,-0.3518494138349329,9.387063911451998,BALANCE,1,-7.67230939811794e-05
4.36,0.11423234202072638,0.0,0.11504855909142309,0.11390384908057324,0.30819115676726516,3.7030603694036257,BALANCE,1,-7.67230939811794e-05
4.362,0.11423234202072638,0.0,0.11658253987930872,0.11484139086013066,0.46877088977870934,9.590161872139,BALANCE,1,-7.67230939811794e-05
4.364,0.11423234202072638,0.0,0.11351457830353745,0.11437700646532303,-0.23219219740381464,11.069844885410292,BALANCE,1,-7.67230939811794e-05
4.366,0.11423234202072638,0.0,0.11658253987930872,0.11514894316021802,0.3859683474474948,4.8291966609831265,BALANCE,1,-7.67230939811794e-05
4.368,0.11423234202072638,0.0,0.11504855909142309,0.1151138087361398,-0.017567212039111546,10.354479120172364,BALANCE,1,-7.67230939811794e-05
4.37,0.11423234202072638,0.0,0.11504855909142309,0.11509097136048894,-0.011418687825427709,6.775799194098576,BALANCE,1,-7.67230939811794e-05
4.372,0.11423234202072638,0.0,0.11504855909142309,0.1150761270663159,-0.007422147086523501,6.828918864163918,BALANCE,1,-7.67230939811794e-05
4.374,0.11423234202072638,0.0,0.11504855909142309,0.11506647827510341,-0.004824395606242704,6.863446649706478,BALANCE,1,-7.67230939811794e-05
4.376,0.11423234202072638,0.0,0.11504855909142309,0.1150602065608153,-0.0031358571440584515,6.88588971030908,BALANCE,1,-7.67230939811794e-05
4.378,0.11423234202072638,0.0,0.11351457830353745,0.11451923667076805,-0.27048494502362325,6.900477699700786,BALANCE,1,-7.67230939811794e-05
4.38,0.11423234202072638,0.0,0.11351457830353745,0.11416760624223735,-0.1758152142653513,4.498369612285365,BALANCE,1,-7.67230939811794e-05
4.382,0.11423234202072638,0.0,0.11504855909142309,0.11447593973945236,0.15416674860750657,5.3162609774787475,BALANCE,1,-7.67230939811794e-05
4.384,0.11423234202072638,0.0,0.11504855909142309,0.11467635651264212,0.10020838659487857,8.259480645374445,BALANCE,1,-7.67230939811794e-05
4.386,0.11423234202072638,0.0,0.1119805975156518,0.1137328408636955,-0.47175782447330533,7.793311807493274,BALANCE,1,-7.67230939811794e-05
4.388,0.11423234202072638,0.0,0.1119805975156518,0.1131195556918802,-0.3066425859076516,2.6671215018303926,BALANCE,1,-7.67230939811794e-05
4.39,0.11423234202072638,0.0,0.11351457830353745,0.11325781360596024,0.06912895704001831,4.093621047176288,BALANCE,1,-7.67230939811794e-05
4.392,0.11423234202072638,0.0,0.11351457830353745,0.11334768125011227,0.04493382207601537,7.432436032171243,BALANCE,1,-7.67230939811794e-05
4.394,0.11423234202072638,0.0,0.11044661672776616,0.11233230866729113,-0.5076862914105695,7.223404150404564,BALANCE,1,-7.67230939811794e-05
4.396,0.11423234202072638,0.0,0.11658253987930872,0.11381988959149729,0.7437904621030791,2.264352866216039,BALANCE,1,-7.67230939811794e-05
4.398,0.11423234202072638,0.0,0.11351457830353745,0.11371303064071135,-0.05342947539296872,13.445853897600541,BALANCE,1,-7.67230939811794e-05
4.4,0.11423234202072638,0.0,0.11504855909142309,0.11418046559846046,0.23371747887455246,6.373602518906838,BALANCE,1,-7.67230939811794e-05
4.402,0.11423234202072638,0.0,0.11658253987930872,0.11502119159675735,0.42036299914844505,8.946752647302679,BALANCE,1,-7.67230939811794e-05
4.404,0.11423234202072638,0.0,0.11351457830353745,0.11449387694413038,-0.26365732631348365,10.651628889266675,BALANCE,1,-7.67230939811794e-05
4.406,0.11423234202072638,0.0,0.11658253987930872,0.1152249089714428,0.36551601365621134,4.557356263489799,BALANCE,1,-7.67230939811794e-05
4.408,0.11423234202072638,0.0,0.11351457830353745,0.11462629323767592,-0.2993078668834387,10.177782861801715,BALANCE,1,-7.67230939811794e-05
4.41,0.11423234202072638,0.0,0.11504855909142309,0.11477408628648743,0.07389652440575184,4.2493563456375485,BALANCE,1,-7.67230939811794e-05
4.412,0.11423234202072638,0.0,0.11504855909142309,0.11487015176821491,0.04803274086374182,7.565992634677683,BALANCE,1,-7.67230939811794e-05
4.414,0.11423234202072638,0.0,0.11351457830353745,0.1143957010555778,-0.23722535631855862,7.342544600540412,BALANCE,1,-7.67230939811794e-05
4.416,0.11423234202072638,0.0,0.11351457830353745,0.11408730809236367,-0.15419648160706206,4.7857130978310725,BALANCE,1,-7.67230939811794e-05
4.418,0.11423234202072638,0.0,0.11504855909142309,0.11442374594203447,0.16821892483540046,5.503034243083432,BALANCE,1,-7.67230939811794e-05
4.42,0.11423234202072638,0.0,0.11658253987930872,0.11517932382008046,0.3777889390229952,8.380883268017543,BALANCE,1,-7.67230939811794e-05
4.422,0.11423234202072638,0.0,0.11351457830353745,0.11459666288929041,-0.29133046539502744,10.283813792731328,BALANCE,1,-7.67230939811794e-05
4.424,0.11423234202072638,0.0,0.11658253987930872,0.11529171983579682,0.3475284732532072,4.318276450741811,BALANCE,1,-7.67230939811794e-05
4.426,0.11423234202072638,0.0,0.1119805975156518,0.11413282702374607,-0.5794464060253773,10.022380983515516,BALANCE,1,-7.67230939811794e-05
4.428,0.11423234202072638,0.0,0.11504855909142309,0.11445333324743302,0.160253111843478,1.736754844231476,BALANCE,1,-7.67230939811794e-05
4.43,0.11423234202072638,0.0,0.11504855909142309,0.11466166229282955,0.10416452269826348,8.312063280777117,BALANCE,1,-7.67230939811794e-05
4.432,0.11423234202072638,0.0,0.11351457830353745,0.11426018289657731,-0.2007396981261178,7.827490520505043,BALANCE,1,-7.67230939811794e-05
4.434,0.11423234202072638,0.0,0.11351457830353745,0.11399922128901337,-0.1304808037819738,5.100927945808097,BALANCE,1,-7.67230939811794e-05
4.436,0.11423234202072638,0.0,0.1119805975156518,0.11329270296833682,-0.35325916033827204,5.707923894268514,BALANCE,1,-7.67230939811794e-05
4.438,0.11423234202072638,0.0,0.11351457830353745,0.11337035933565705,0.03882818366011259,3.6908809802476896,BALANCE,1,-7.67230939811794e-05
4.44,0.11423234202072638,0.0,0.11658253987930872,0.11449462252593513,0.5621315951390427,7.170654988667632,BALANCE,1,-7.67230939811794e-05
4.442,0.11423234202072638,0.0,0.11351457830353745,0.11415160704809595,-0.17150773891959348,11.876427033167252,BALANCE,1,-7.67230939811794e-05
4.444,0.11423234202072638,0.0,0.11351457830353745,0.11392864698750048,-0.11148003029773368,5.353475057025189,BALANCE,1,-7.67230939811794e-05
4.446,0.11423234202072638,0.0,0.11504855909142309,0.11432061622387339,0.19598461818645663,5.872079516559618,BALANCE,1,-7.67230939811794e-05
4.448,0.11423234202072638,0.0,0.11504855909142309,0.11457539622751578,0.12739000182119403,8.620762695776998,BALANCE,1,-7.67230939811794e-05
4.45,0.11423234202072638,0.0,0.11351457830353745,0.11420410995412336,-0.18564313669620913,8.028145140254916,BALANCE,1,-7.67230939811794e-05
4.452,0.11423234202072638,0.0,0.11504855909142309,0.11449966715217827,0.14777859902745383,5.231353448645549,BALANCE,1,-7.67230939811794e-05
4.454,0.11423234202072638,0.0,0.11351457830353745,0.11415488605515398,-0.17239054851214686,8.204290751632909,BALANCE,1,-7.67230939811794e-05
4.456,0.11423234202072638,0.0,0.11351457830353745,0.11393077834208819,-0.11205385653289407,5.345848096041186,BALANCE,1,-7.67230939811794e-05
4.458,0.11423234202072638,0.0,0.11504855909142309,0.1143220016043554,0.19561163113360897,5.867121991920009,BALANCE,1,-7.67230939811794e-05
4.46,0.11423234202072638,0.0,0.11351457830353745,0.11403940344906913,-0.14129907764313943,8.617540304761311,BALANCE,1,-7.67230939811794e-05
4.462,0.11423234202072638,0.0,0.11351457830353745,0.11385571464813304,-0.09184440046804132,5.614460305574707,BALANCE,1,-7.67230939811794e-05
4.464,0.11423234202072638,0.0,0.11504855909142309,0.11427321020328456,0.20874777757575597,6.0417199281167795,BALANCE,1,-7.67230939811794e-05
4.466,0.11423234202072638,0.0,0.11351457830353745,0.11400768903837306,-0.13276058245574596,8.731028963289146,BALANCE,1,-7.67230939811794e-05
4.468,0.11423234202072638,0.0,0.11504855909142309,0.11437199355694057,0.18215225928375212,5.688227933617781,BALANCE,1,-7.67230939811794e-05
4.47,0.11423234202072638,0.0,0.11504855909142309,0.11460879149400945,0.11839896853443888,8.501259166864834,BALANCE,1,-7.67230939811794e-05
4.472,0.11423234202072638,0.0,0.11351457830353745,0.11422581687734425,-0.19148730833259964,7.9504678464620335,BALANCE,1,-7.67230939811794e-05
4.474,0.11423234202072638,0.0,0.11351457830353745,0.11397688337651186,-0.12446675041619115,5.180863207680178,BALANCE,1,-7.67230939811794e-05
4.476,0.11423234202072638,0.0,0.11504855909142309,0.1143519698767308,0.1875432501094662,5.759881814485329,BALANCE,1,-7.67230939811794e-05
4.478,0.11423234202072638,0.0,0.11658253987930872,0.11513266937763307,0.3903497504511369,8.547834189428773,BALANCE,1,-7.67230939811794e-05
4.48,0.11423234202072638,0.0,0.11044661672776616,0.11349255095017965,-0.8200592137267079,10.392331891648617,BALANCE,1,-7.67230939811794e-05
4.482,0.11423234202072638,0.0,0.11504855909142309,0.11403715379961485,0.272301424717597,-0.43436734600204163,BALANCE,1,-7.67230939811794e-05
4.484,0.11423234202072638,0.0,0.11658253987930872,0.1149280389275077,0.4454425639464285,9.280095479138689,BALANCE,1,-7.67230939811794e-05
4.486,0.11423234202072638,0.0,0.11504855909142309,0.1149702209848781,0.02109102868519397,10.868301729960123,BALANCE,1,-7.67230939811794e-05
4.488,0.11423234202072638,0.0,0.1119805975156518,0.1139238527706489,-0.5231841071145978,7.109783890460605,BALANCE,1,-7.67230939811794e-05
4.49,0.11423234202072638,0.0,0.11351457830353745,0.11378060670715989,-0.07162303174450269,2.2228283557591806,BALANCE,1,-7.67230939811794e-05
4.492,0.11423234202072638,0.0,0.11351457830353745,0.11368749676589204,-0.046554970633924664,6.21642078275007,BALANCE,1,-7.67230939811794e-05
4.494,0.11423234202072638,0.0,0.1119805975156518,0.11309008202830796,-0.2987073687920408,6.4329942382807905,BALANCE,1,-7.67230939811794e-05
4.496,0.11423234202072638,0.0,0.11351457830353745,0.11323865572463829,0.0742868481651629,4.162176703855662,BALANCE,1,-7.67230939811794e-05
4.498,0.11423234202072638,0.0,0.11351457830353745,0.113335228627253,0.04828645130735415,7.476997209012816,BALANCE,1,-7.67230939811794e-05
4.5,0.11423234202072638,0.0,0.11044661672776616,0.1123242144624326,-0.5055070824101989,7.25236891535154,BALANCE,1,-7.67230939811794e-05
4.502,0.11423234202072638,0.0,0.11504855909142309,0.11327773508257927,0.47676031007333475,2.283179963431576,BALANCE,1,-7.67230939811794e-05
4.5040000000000004,0.11423234202072638,0.0,0.11658253987930872,0.11443441676143458,0.5783408394276559,11.046501230270604,BALANCE,1,-7.67230939811794e-05
4.506,0.11423234202072638,0.0,0.11504855909142309,0.11464936657693056,0.10747490774799112,12.016465468195847,BALANCE,1,-7.67230939811794e-05
4.508,0.11423234202072638,0.0,0.11351457830353745,0.11425219068124297,-0.19858794784379658,7.856090320313821,BALANCE,1,-7.67230939811794e-05
4.51,0.11423234202072638,0.0,0.11504855909142309,0.11453091962480601,0.13936447178151956,5.119517815683788,BALANCE,1,-7.67230939811794e-05
4.5120000000000005,0.11423234202072638,0.0,0.11658253987930872,0.11524898671388195,0.3590335445379719,8.131597590207743,BALANCE,1,-7.67230939811794e-05
4.514,0.11423234202072638,0.0,0.1119805975156518,0.1141050504945014,-0.5719681096902768,10.12177810215495,BALANCE,1,-7.67230939811794e-05
4.516,0.11423234202072638,0.0,0.11351457830353745,0.11389838522766402,-0.10333263341869015,1.8013629713471389,BALANCE,1,-7.67230939811794e-05
4.518,0.11423234202072638,0.0,0.11351457830353745,0.11376405280421972,-0.0671662117221472,5.9424682828822775,BALANCE,1,-7.67230939811794e-05
4.5200000000000005,0.11423234202072638,0.0,0.11504855909142309,0.1142136300047409,0.22478860026058783,6.254925113366719,BALANCE,1,-7.67230939811794e-05
4.522,0.11423234202072638,0.0,0.11504855909142309,0.11450585518507966,0.14611259016938244,8.869612333701614,BALANCE,1,-7.67230939811794e-05
4.524,0.11423234202072638,0.0,0.1119805975156518,0.11362201500077991,-0.44192009214987643,8.189897404905944,BALANCE,1,-7.67230939811794e-05
4.526,0.11423234202072638,0.0,0.11504855909142309,0.11412130543250502,0.24964521586255672,2.92490214014864,BALANCE,1,-7.67230939811794e-05
4.5280000000000005,0.11423234202072638,0.0,0.11044661672776616,0.11283516438584643,-0.643070523329299,9.084359023123302,BALANCE,1,-7.67230939811794e-05
4.53,0.11423234202072638,0.0,0.11351457830353745,0.11307295925703828,0.11889743559592714,1.0947119114698813,BALANCE,1,-7.67230939811794e-05
4.532,0.11423234202072638,0.0,0.11504855909142309,0.11376441919907296,0.34572997101733893,7.862406715975401,BALANCE,1,-7.67230939811794e-05
4.534,0.11423234202072638,0.0,0.11504855909142309,0.1142138681613955,0.22472448116127308,9.91447537539728,BALANCE,1,-7.67230939811794e-05
4.5360000000000005,0.11423234202072638,0.0,0.11504855909142309,0.11450600998690516,0.1460709127548282,8.869058382008149,BALANCE,1,-7.67230939811794e-05
4.538,0.11423234202072638,0.0,0.11351457830353745,0.11415900889772645,-0.17350054458935282,8.189537336305193,BALANCE,1,-7.67230939811794e-05
4.54,0.11423234202072638,0.0,0.11504855909142309,0.11447035146552027,0.15567128389690904,5.336258376078177,BALANCE,1,-7.67230939811794e-05
4.542,0.11423234202072638,0.0,0.1119805975156518,0.11359893758306631,-0.4357069412269793,8.272478954464104,BALANCE,1,-7.67230939811794e-05
4.5440000000000005,0.11423234202072638,0.0,0.11658253987930872,0.11464319838675116,0.522130401842423,2.9785801473614892,BALANCE,1,-7.67230939811794e-05
4.546,0.11423234202072638,0.0,0.11351457830353745,0.11424818135762636,-0.19750851456239865,11.530840008331673,BALANCE,1,-7.67230939811794e-05
4.548,0.11423234202072638,0.0,0.11351457830353745,0.11399142028869524,-0.12838053446555947,5.128843490882042,BALANCE,1,-7.67230939811794e-05
4.55,0.11423234202072638,0.0,0.11351457830353745,0.11382452559389002,-0.083447347402614,5.72606899856655,BALANCE,1,-7.67230939811794e-05
4.5520000000000005,0.11423234202072638,0.0,0.11504855909142309,0.11425293731802659,0.21420586206828685,6.11426557856148,BALANCE,1,-7.67230939811794e-05
4.554,0.11423234202072638,0.0,0.11351457830353745,0.11399451166295539,-0.12921282753559915,8.77818363607823,BALANCE,1,-7.67230939811794e-05
4.556,0.11423234202072638,0.0,0.1119805975156518,0.11328964171139913,-0.3524349757781306,5.718878470930701,BALANCE,1,-7.67230939811794e-05
4.558,0.11423234202072638,0.0,0.11504855909142309,0.11390526279440752,0.3078105415041943,3.6980014550780913,BALANCE,1,-7.67230939811794e-05
4.5600000000000005,0.11423234202072638,0.0,0.11504855909142309,0.11430541649836297,0.2000768519777249,9.58687357782747,BALANCE,1,-7.67230939811794e-05
4.562,0.11423234202072638,0.0,0.11504855909142309,0.11456551640593401,0.13004995378552292,8.656117213587734,BALANCE,1,-7.67230939811794e-05
4.564,0.11423234202072638,0.0,0.11658253987930872,0.11527147462161516,0.35297910784057307,8.051125576831934,BALANCE,1,-7.67230939811794e-05
4.566,0.11423234202072638,0.0,0.11504855909142309,0.11519345418604793,-0.039010217783616574,10.069471293460666,BALANCE,1,-7.67230939811794e-05
4.5680000000000005,0.11423234202072638,0.0,0.11351457830353745,0.11460584762716926,-0.293803279439335,6.590544106735917,BALANCE,1,-7.67230939811794e-05
4.57,0.11423234202072638,0.0,0.11504855909142309,0.1147607966396581,0.07747450624442237,4.29691277685821,BALANCE,1,-7.67230939811794e-05
4.572,0.11423234202072638,0.0,0.11504855909142309,0.11486151349777585,0.05035842905887211,7.596904314971142,BALANCE,1,-7.67230939811794e-05
4.574,0.11423234202072638,0.0,0.11351457830353745,0.1143900861797924,-0.2357136589917208,7.362637192731111,BALANCE,1,-7.67230939811794e-05
4.5760000000000005,0.11423234202072638,0.0,0.11351457830353745,0.11408365842310317,-0.15321387834461853,4.798773282755055,BALANCE,1,-7.67230939811794e-05
4.578,0.11423234202072638,0.0,0.11504855909142309,0.11442137365701514,0.16885761695598772,5.511523363284011,BALANCE,1,-7.67230939811794e-05
4.58,0.11423234202072638,0.0,0.11351457830353745,0.11410399528329795,-0.15868918685859462,8.38640119614791,BALANCE,1,-7.67230939811794e-05
4.582,0.11423234202072638,0.0,0.11811652066719437,0.1155083791676617,0.702191942181872,5.464219884975983,BALANCE,1,-7.67230939811794e-05
4.5840000000000005,0.11423234202072638,0.0,0.1119805975156518,0.11427365558945823,-0.6173617891017321,13.178834496287749,BALANCE,1,-7.67230939811794e-05
4.586,0.11423234202072638,0.0,0.1119805975156518,0.11347108526362598,-0.40128516291612626,1.4091880055200408,BALANCE,1,-7.67230939811794e-05
4.588,0.11423234202072638,0.0,0.11351457830353745,0.113486307827595,0.007611281984509777,3.275964274574583,BALANCE,1,-7.67230939811794e-05
4.59,0.11423234202072638,0.0,0.11504855909142309,0.11403309576993483,0.2733939711699121,6.900959129980135,BALANCE,1,-7.67230939811794e-05
4.5920000000000005,0.11423234202072638,0.0,0.11504855909142309,0.11438850793245571,0.17770608126044252,9.28953444450031,BALANCE,1,-7.67230939811794e-05
4.594,0.11423234202072638,0.0,0.11504855909142309,0.11461952583809429,0.11550895281928902,8.462846776925089,BALANCE,1,-7.67230939811794e-05
4.596,0.11423234202072638,0.0,0.11811652066719437,0.11584347402827931,0.6119740950925114,7.925499793001211,BALANCE,1,-7.67230939811794e-05
4.598,0.11423234202072638,0.0,0.11504855909142309,0.11556525380037963,-0.13911011394984046,12.399404814490778,BALANCE,1,-7.67230939811794e-05
4.6000000000000005,0.11423234202072638,0.0,0.11504855909142309,0.11538441065224483,-0.09042157406739804,5.725739273392132,BALANCE,1,-7.67230939811794e-05
4.602,0.11423234202072638,0.0,0.11504855909142309,0.11526686260595723,-0.058774023143803866,6.146379915704761,BALANCE,1,-7.67230939811794e-05
4.604,0.11423234202072638,0.0,0.11504855909142309,0.11519045637587028,-0.03820311504347529,6.419796333208028,BALANCE,1,-7.67230939811794e-05
4.606,0.11423234202072638,0.0,0.11504855909142309,0.11514079232631376,-0.024832024778258244,6.597517004585084,BALANCE,1,-7.67230939811794e-05
4.6080000000000005,0.11423234202072638,0.0,0.11504855909142309,0.11510851069410202,-0.016140816105868205,6.713035440980202,BALANCE,1,-7.67230939811794e-05
4.61,0.11423234202072638,0.0,0.11504855909142309,0.11508752763316439,-0.010491530468816068,6.788122424637018,BALANCE,1,-7.67230939811794e-05
4.612,0.11423234202072638,0.0,0.11351457830353745,0.11453699536779496,-0.2752661326847136,6.8369289640139375,BALANCE,1,-7.67230939811794e-05
4.614,0.11423234202072638,0.0,0.11504855909142309,0.1147160426710648,0.08952365163492071,4.457062934088932,BALANCE,1,-7.67230939811794e-05
4.616,0.11423234202072638,0.0,0.11504855909142309,0.11483242341819021,0.058190373562701236,7.701001917171062,BALANCE,1,-7.67230939811794e-05
4.618,0.11423234202072638,0.0,0.11504855909142309,0.11490807090382171,0.03782374281575268,7.430300634161106,BALANCE,1,-7.67230939811794e-05
4.62,0.11423234202072638,0.0,0.11351457830353745,0.11442034849372222,-0.243861205049746,7.254344800204581,BALANCE,1,-7.67230939811794e-05
4.622,0.11423234202072638,0.0,0.11351457830353745,0.11410332892715755,-0.15850978328233595,4.728383227612832,BALANCE,1,-7.67230939811794e-05
4.624,0.11423234202072638,0.0,0.11658253987930872,0.11497105276041046,0.43386191662645596,5.465769827441558,BALANCE,1,-7.67230939811794e-05
4.626,0.11423234202072638,0.0,0.11504855909142309,0.11499817997626488,0.013563607927209731,10.768251678370346,BALANCE,1,-7.67230939811794e-05
4.628,0.11423234202072638,0.0,0.11351457830353745,0.11447891939081029,-0.25963029272729754,7.0447513569272315,BALANCE,1,-7.67230939811794e-05
4.63,0.11423234202072638,0.0,0.11351457830353745,0.11414140001026479,-0.16875969027274618,4.592147489482567,BALANCE,1,-7.67230939811794e-05
4.632,0.11423234202072638,0.0,0.11504855909142309,0.11445890568867019,0.1587528392026985,5.3772165976568695,BALANCE,1,-7.67230939811794e-05
4.634,0.11423234202072638,0.0,0.11351457830353745,0.11412839110387372,-0.1652572923982326,8.299101798490211,BALANCE,1,-7.67230939811794e-05
4.636,0.11423234202072638,0.0,0.11351457830353745,0.11391355662375603,-0.10741724005884634,5.407475276498479,BALANCE,1,-7.67230939811794e-05
4.638,0.11423234202072638,0.0,0.11351457830353745,0.11377391421167952,-0.06982120603825359,5.90717965921728,BALANCE,1,-7.67230939811794e-05
4.64,0.11423234202072638,0.0,0.11351457830353745,0.1136831466438298,-0.04538378392486553,6.231987507984427,BALANCE,1,-7.67230939811794e-05
4.642,0.11423234202072638,0.0,0.11504855909142309,0.11416104100048745,0.23894717832882717,6.443112609683097,BALANCE,1,-7.67230939811794e-05
4.644,0.11423234202072638,0.0,0.11351457830353745,0.11393477905655496,-0.11313097196624655,8.991934206307315,BALANCE,1,-7.67230939811794e-05
4.646,0.11423234202072638,0.0,0.11658253987930872,0.11486149534451877,0.4633581439819068,5.8578163415796185,BALANCE,1,-7.67230939811794e-05
4.648,0.11423234202072638,0.0,0.11811652066719437,0.11600075420745523,0.5696294314682312,11.02308191256002,BALANCE,1,-7.67230939811794e-05
4.65,0.11423234202072638,0.0,0.11351457830353745,0.11513059264108401,-0.435080783185611,12.033571570190663,BALANCE,1,-7.67230939811794e-05
4.652,0.11423234202072638,0.0,0.11504855909142309,0.11510188089870269,-0.014355871190661895,3.076357384076993,BALANCE,1,-7.67230939811794e-05
4.654,0.11423234202072638,0.0,0.11658253987930872,0.1156201115419148,0.2591153216060585,6.803543309663308,BALANCE,1,-7.67230939811794e-05
4.656,0.11423234202072638,0.0,0.11351457830353745,0.11488317490848272,-0.3684683167160391,9.258542819801109,BALANCE,1,-7.67230939811794e-05
4.658,0.11423234202072638,0.0,0.1119805975156518,0.1138672728209919,-0.5079510437454096,3.6518503183371442,BALANCE,1,-7.67230939811794e-05
4.66,0.11423234202072638,0.0,0.1119805975156518,0.11320693646412287,-0.3301681784345159,2.354433155892343,BALANCE,1,-7.67230939811794e-05
4.662,0.11423234202072638,0.0,0.11351457830353745,0.11331461110791798,0.053837321897551305,3.890373622316586,BALANCE,1,-7.67230939811794e-05
4.664,0.11423234202072638,0.0,0.11504855909142309,0.11392149290214476,0.30344089711339256,7.30032520601239,BALANCE,1,-7.67230939811794e-05
4.666,0.11423234202072638,0.0,0.11504855909142309,0.11431596606839217,0.1972365831237055,9.549122393921307,BALANCE,1,-7.67230939811794e-05
4.668,0.11423234202072638,0.0,0.11351457830353745,0.11403548035069302,-0.14024285884957355,8.631578944048742,BALANCE,1,-7.67230939811794e-05
4.67,0.11423234202072638,0.0,0.11504855909142309,0.11439005790994855,0.1772887796277628,5.6235854211115655,BALANCE,1,-7.67230939811794e-05
4.672,0.11423234202072638,0.0,0.11351457830353745,0.11408364004770466,-0.15320893112194534,8.459241533735783,BALANCE,1,-7.67230939811794e-05
4.674,0.11423234202072638,0.0,0.11351457830353745,0.11388446843724613,-0.09958580522926447,5.51156610440806,BALANCE,1,-7.67230939811794e-05
4.676,0.11423234202072638,0.0,0.11351457830353745,0.1137550068904481,-0.0647307733990174,5.974838697358464,BALANCE,1,-7.67230939811794e-05
4.678,0.11423234202072638,0.0,0.1119805975156518,0.11313396360926939,-0.3105216405893535,6.275965882776267,BALANCE,1,-7.67230939811794e-05
4.68,0.11423234202072638,0.0,0.11658253987930872,0.11434096530378315,0.6035008472568826,4.0601082727777005,BALANCE,1,-7.67230939811794e-05
4.682,0.11423234202072638,0.0,0.11658253987930872,0.11512551640521711,0.39227555071697645,12.233833289852234,BALANCE,1,-7.67230939811794e-05
4.684,0.11423234202072638,0.0,0.11504855909142309,0.1150985813453892,-0.013467529913956111,10.408969684910533,BALANCE,1,-7.67230939811794e-05
4.686,0.11423234202072638,0.0,0.1119805975156518,0.11400728700498111,-0.5456471702040416,6.811218061178316,BALANCE,1,-7.67230939811794e-05
4.688,0.11423234202072638,0.0,0.11504855909142309,0.1143717322352358,0.1822226151273476,2.028760566725726,BALANCE,1,-7.67230939811794e-05
4.69,0.11423234202072638,0.0,0.11351457830353745,0.11407172835914138,-0.15000193804721312,8.501867000398393,BALANCE,1,-7.67230939811794e-05
4.692,0.11423234202072638,0.0,0.11658253987930872,0.11495051239119995,0.4393920160292858,5.539272657738775,BALANCE,1,-7.67230939811794e-05
4.694,0.11423234202072638,0.0,0.11351457830353745,0.11444793546051808,-0.25128846534093474,10.816028518063536,BALANCE,1,-7.67230939811794e-05
4.696,0.11423234202072638,0.0,0.11351457830353745,0.11412126045557486,-0.16333750247161244,4.664216022207782,BALANCE,1,-7.67230939811794e-05
4.698,0.11423234202072638,0.0,0.11351457830353745,0.11390892170236176,-0.10616937660654774,5.424061143928241,BALANCE,1,-7.67230939811794e-05
4.7,0.11423234202072638,0.0,0.11351457830353745,0.11377090151277325,-0.06901009479425707,5.917960473046585,BALANCE,1,-7.67230939811794e-05
4.702,0.11423234202072638,0.0,0.10891263593988053,0.11207050856226079,-0.8501964752562277,6.238995036973496,BALANCE,1,-7.67230939811794e-05
4.704,0.11423234202072638,0.0,0.11504855909142309,0.1131128262474676,0.5211588426034044,-0.7871033380341548,BALANCE,1,-7.67230939811794e-05
4.706,0.11423234202072638,0.0,0.11351457830353745,0.11325343946709204,0.0703066098122207,11.430078706331278,BALANCE,1,-7.67230939811794e-05
4.708,0.11423234202072638,0.0,0.11351457830353745,0.11334483805984794,0.04569929637794623,7.442610266595123,BALANCE,1,-7.67230939811794e-05
4.71,0.11423234202072638,0.0,0.11351457830353745,0.11340424714513926,0.029704542645662968,7.23001740278008,BALANCE,1,-7.67230939811794e-05
4.712,0.11423234202072638,0.0,0.11504855909142309,0.1139797563263386,0.28775459059966757,7.091832041300259,BALANCE,1,-7.67230939811794e-05
4.714,0.11423234202072638,0.0,0.11351457830353745,0.1138169440183582,-0.08140615399020168,9.413601836858442,BALANCE,1,-7.67230939811794e-05
4.716,0.11423234202072638,0.0,0.11811652066719437,0.11532179584545085,0.7524259135463298,6.131900301437839,BALANCE,1,-7.67230939811794e-05
4.718,0.11423234202072638,0.0,0.11504855909142309,0.11522616298154113,-0.047816431954859906,13.612826766987975,BALANCE,1,-7.67230939811794e-05
4.72,0.11423234202072638,0.0,0.11504855909142309,0.11516400161999982,-0.031080680770657898,6.514463542515299,BALANCE,1,-7.67230939811794e-05
4.722,0.11423234202072638,0.0,0.11504855909142309,0.11512359673499796,-0.020202442500928675,6.659050690634844,BALANCE,1,-7.67230939811794e-05
4.724,0.11423234202072638,0.0,0.1119805975156518,0.11402354700822681,-0.5500248633855744,6.75303233691253,BALANCE,1,-7.67230939811794e-05
4.726,0.11423234202072638,0.0,0.11504855909142309,0.11438230123734551,0.17937711455934952,1.9909398459529593,BALANCE,1,-7.67230939811794e-05
4.728,0.11423234202072638,0.0,0.1119805975156518,0.11354170493475271,-0.4202981512963985,8.477283531896079,BALANCE,1,-7.67230939811794e-05
4.73,0.11423234202072638,0.0,0.1119805975156518,0.11299531733806739,-0.2731937983426608,3.111703122692222,BALANCE,1,-7.67230939811794e-05
4.732,0.11423234202072638,0.0,0.11351457830353745,0.1131770586759819,0.09087066895725748,4.382599100736489,BALANCE,1,-7.67230939811794e-05
4.734,0.11423234202072638,0.0,0.1119805975156518,0.11275829726986637,-0.20938070305776685,7.62027176698533,BALANCE,1,-7.67230939811794e-05
4.736,0.11423234202072638,0.0,0.11351457830353745,0.11302299563165125,0.1323491808924368,4.9339070975136625,BALANCE,1,-7.67230939811794e-05
4.738,0.11423234202072638,0.0,0.11658253987930872,0.11426883611833136,0.6229202433400555,7.978621964890478,BALANCE,1,-7.67230939811794e-05
4.74,0.11423234202072638,0.0,0.11504855909142309,0.11454173915891347,0.136451520291056,12.401605567712117,BALANCE,1,-7.67230939811794e-05
4.742,0.11423234202072638,0.0,0.11504855909142309,0.11471912613529184,0.08869348818918432,8.106431384999443,BALANCE,1,-7.67230939811794e-05
4.744,0.11423234202072638,0.0,0.11658253987930872,0.11537132094569774,0.32609740520295194,7.69382978824951,BALANCE,1,-7.67230939811794e-05
4.746,0.11423234202072638,0.0,0.11351457830353745,0.11472146102094163,-0.3249299623780538,9.837229030882082,BALANCE,1,-7.67230939811794e-05
4.748,0.11423234202072638,0.0,0.11811652066719437,0.1159097318971301,0.5941354380942301,4.027996355539817,BALANCE,1,-7.67230939811794e-05
4.75,0.11423234202072638,0.0,0.11504855909142309,0.11560832141513264,-0.1507052409987289,12.2452892021543,BALANCE,1,-7.67230939811794e-05
4.752,0.11423234202072638,0.0,0.11351457830353745,0.11487551132607432,-0.36640504452915834,5.625564125373371,BALANCE,1,-7.67230939811794e-05
4.7540000000000004,0.11423234202072638,0.0,0.11658253987930872,0.11547297131970637,0.29872999681602314,3.6696757889725515,BALANCE,1,-7.67230939811794e-05
4.756,0.11423234202072638,0.0,0.11504855909142309,0.11532442703980722,-0.07427213994957299,9.600790553365506,BALANCE,1,-7.67230939811794e-05
4.758,0.11423234202072638,0.0,0.11351457830353745,0.1146909799821128,-0.316723528847207,6.285901625674074,BALANCE,1,-7.67230939811794e-05
4.76,0.11423234202072638,0.0,0.11351457830353745,0.11427923939461143,-0.20587029375068733,4.098895164168009,BALANCE,1,-7.67230939811794e-05
4.7620000000000005,0.11423234202072638,0.0,0.11351457830353745,0.11401160801273554,-0.13381569093794815,5.056602586202406,BALANCE,1,-7.67230939811794e-05
4.764,0.11423234202072638,0.0,0.11351457830353745,0.1138376476145162,-0.08698019910966664,5.679112410524778,BALANCE,1,-7.67230939811794e-05
4.766,0.11423234202072638,0.0,0.11658253987930872,0.11479835990719359,0.4803561463386924,6.083743796334328,BALANCE,1,-7.67230939811794e-05
4.768,0.11423234202072638,0.0,0.11351457830353745,0.11434903634591394,-0.22466178063982462,11.169934758150658,BALANCE,1,-7.67230939811794e-05
4.7700000000000005,0.11423234202072638,0.0,0.11351457830353745,0.11405697603108217,-0.14603015741588427,4.894255078264373,BALANCE,1,-7.67230939811794e-05
4.772,0.11423234202072638,0.0,0.11504855909142309,0.11440403010220149,0.1735270355596591,5.573586530365084,BALANCE,1,-7.67230939811794e-05
4.774,0.11423234202072638,0.0,0.11658253987930872,0.11516650852418903,0.38123921099376956,8.426742254750554,BALANCE,1,-7.67230939811794e-05
4.776,0.11423234202072638,0.0,0.11504855909142309,0.11512522622272095,-0.02064115073403816,10.31362213410784,BALANCE,1,-7.67230939811794e-05
4.7780000000000005,0.11423234202072638,0.0,0.11811652066719437,0.11617217927828664,0.523476527782847,6.749242153156588,BALANCE,1,-7.67230939811794e-05
4.78,0.11423234202072638,0.0,0.11044661672776616,0.11416823238560447,-1.0019734463410854,11.634837348591757,BALANCE,1,-7.67230939811794e-05
4.782,0.11423234202072638,0.0,0.11351457830353745,0.11393945345688102,-0.11438946436172909,-2.0060004210024065,BALANCE,1,-7.67230939811794e-05
4.784,0.11423234202072638,0.0,0.11504855909142309,0.11432764042897074,0.19409348604486343,5.846943699868457,BALANCE,1,-7.67230939811794e-05
4.7860000000000005,0.11423234202072638,0.0,0.11504855909142309,0.11457996196082906,0.12616076592916053,8.604424414927777,BALANCE,1,-7.67230939811794e-05
4.788,0.11423234202072638,0.0,0.11504855909142309,0.11474397095653698,0.08200449785395608,8.01752525770294,BALANCE,1,-7.67230939811794e-05
4.79,0.11423234202072638,0.0,0.11351457830353745,0.11431368352798714,-0.21514371427491796,7.636040805506817,BALANCE,1,-7.67230939811794e-05
4.792,0.11423234202072638,0.0,0.11351457830353745,0.11403399669942975,-0.1398434142786953,4.976485631059248,BALANCE,1,-7.67230939811794e-05
4.7940000000000005,0.11423234202072638,0.0,0.11504855909142309,0.11438909353662742,0.17754841859883574,5.6270363896817495,BALANCE,1,-7.67230939811794e-05
4.796,0.11423234202072638,0.0,0.11504855909142309,0.1146199064808059,0.11540647208924115,8.461484663306422,BALANCE,1,-7.67230939811794e-05
4.798,0.11423234202072638,0.0,0.11044661672776616,0.11315925506724199,-0.7303257067819563,7.924614419149046,BALANCE,1,-7.67230939811794e-05
4.8,0.11423234202072638,0.0,0.11658253987930872,0.11435740475146534,0.599074842111677,0.34087791888659535,BALANCE,1,-7.67230939811794e-05
4.8020000000000005,0.11423234202072638,0.0,0.11504855909142309,0.11459930877045055,0.12095200949260171,12.195595181836397,BALANCE,1,-7.67230939811794e-05
4.804,0.11423234202072638,0.0,0.11351457830353745,0.11421965310703096,-0.18982783170979484,7.972524634180149,BALANCE,1,-7.67230939811794e-05
4.806,0.11423234202072638,0.0,0.11351457830353745,0.11397287692580824,-0.12338809061136075,5.195200119696945,BALANCE,1,-7.67230939811794e-05
4.808,0.11423234202072638,0.0,0.11504855909142309,0.11434936568377344,0.18824437898259938,5.769200807296292,BALANCE,1,-7.67230939811794e-05
4.8100000000000005,0.11423234202072638,0.0,0.11351457830353745,0.11405719010069085,-0.14608779154129392,8.55389153475584,BALANCE,1,-7.67230939811794e-05
4.812,0.11423234202072638,0.0,0.1119805975156518,0.11333038269592718,-0.3634037023818315,5.573088605071166,BALANCE,1,-7.67230939811794e-05
4.814,0.11423234202072638,0.0,0.11351457830353745,0.11339485115859077,0.03223423133179304,3.603238042269401,BALANCE,1,-7.67230939811794e-05
4.816,0.11423234202072638,0.0,0.1119805975156518,0.11289986238356213,-0.24749438751432012,7.113687078981691,BALANCE,1,-7.67230939811794e-05
4.8180000000000005,0.11423234202072638,0.0,0.11351457830353745,0.1131150129555535,0.10757528599568411,4.604627050311285,BALANCE,1,-7.67230939811794e-05
4.82,0.11423234202072638,0.0,0.11351457830353745,0.11325486082734788,0.06992393589719259,7.764589934208995,BALANCE,1,-7.67230939811794e-05
4.822,0.11423234202072638,0.0,0.1119805975156518,0.11280886866825425,-0.22299607954681666,7.4393041867290535,BALANCE,1,-7.67230939811794e-05
4.824,0.11423234202072638,0.0,0.11504855909142309,0.11359276031636334,0.39194582405454453,4.816278170347014,BALANCE,1,-7.67230939811794e-05
4.8260000000000005,0.11423234202072638,0.0,0.11504855909142309,0.11410228988763425,0.25476478563545707,10.313753442752237,BALANCE,1,-7.67230939811794e-05
4.828,0.11423234202072638,0.0,0.11504855909142309,0.11443348410896034,0.16559711066304467,9.128589125788872,BALANCE,1,-7.67230939811794e-05
4.83,0.11423234202072638,0.0,0.1119805975156518,0.11357497380130235,-0.4292551538289946,8.358232319762635,BALANCE,1,-7.67230939811794e-05
4.832,0.11423234202072638,0.0,0.1119805975156518,0.11301694210132467,-0.2790158499888437,3.034319834805503,BALANCE,1,-7.67230939811794e-05
4.8340000000000005,0.11423234202072638,0.0,0.11811652066719437,0.11480179459937906,0.8924262490271964,4.332299963610162,BALANCE,1,-7.67230939811794e-05
4.836,0.11423234202072638,0.0,0.11351457830353745,0.1143512688958345,-0.22526285177228156,14.822348169413345,BALANCE,1,-7.67230939811794e-05
4.838,0.11423234202072638,0.0,0.11351457830353745,0.11405842718853053,-0.1464208536519837,4.889062173571756,BALANCE,1,-7.67230939811794e-05
4.84,0.11423234202072638,0.0,0.11351457830353745,0.11386808007878295,-0.09517355487378976,5.570211142314861,BALANCE,1,-7.67230939811794e-05
4.8420000000000005,0.11423234202072638,0.0,0.11658253987930872,0.11481814100896696,0.47503046509200786,6.012957971997881,BALANCE,1,-7.67230939811794e-05
4.844,0.11423234202072638,0.0,0.11504855909142309,0.1148987873378266,0.040323164429818814,11.123923972331928,BALANCE,1,-7.67230939811794e-05
4.846,0.11423234202072638,0.0,0.11504855909142309,0.11495120745158537,0.026210056879381882,7.2759383480022635,BALANCE,1,-7.67230939811794e-05
4.848,0.11423234202072638,0.0,0.11504855909142309,0.11498528052552857,0.01703653697160412,7.1540093142013585,BALANCE,1,-7.67230939811794e-05
4.8500000000000005,0.11423234202072638,0.0,0.11351457830353745,0.11447053474783168,-0.257372888848445,7.074755442230827,BALANCE,1,-7.67230939811794e-05
4.852,0.11423234202072638,0.0,0.1119805975156518,0.11359905671656872,-0.4357390156314797,4.611650144929869,BALANCE,1,-7.67230939811794e-05
4.854,0.11423234202072638,0.0,0.11504855909142309,0.11410638254776775,0.2536629155995146,2.978303043177558,BALANCE,1,-7.67230939811794e-05
4.856,0.11423234202072638,0.0,0.11504855909142309,0.11443614433804712,0.1648808951396838,9.1190696100921,BALANCE,1,-7.67230939811794e-05
4.8580000000000005,0.11423234202072638,0.0,0.11504855909142309,0.11465048950172871,0.10717258184079342,8.35204463455975,BALANCE,1,-7.67230939811794e-05
4.86,0.11423234202072638,0.0,0.11504855909142309,0.11478981385812174,0.06966217819651815,7.853478400463718,BALANCE,1,-7.67230939811794e-05
4.862,0.11423234202072638,0.0,0.11504855909142309,0.11488037468977721,0.045280415827735065,7.5294103483013295,BALANCE,1,-7.67230939811794e-05
4.864,0.11423234202072638,0.0,0.11504855909142309,0.11493923923035326,0.029432270288023976,7.31876611439574,BALANCE,1,-7.67230939811794e-05
4.866,0.11423234202072638,0.0,0.11351457830353745,0.11444060790596773,-0.24931566219276585,7.181847362357087,BALANCE,1,-7.67230939811794e-05
4.868,0.11423234202072638,0.0,0.1119805975156518,0.11357960426935716,-0.43050181830528444,4.681259893011995,BALANCE,1,-7.67230939811794e-05
4.87,0.11423234202072638,0.0,0.11351457830353745,0.11355684518132027,-0.011379544018447207,3.023549379430974,BALANCE,1,-7.67230939811794e-05
4.872,0.11423234202072638,0.0,0.1119805975156518,0.11300515849833631,-0.27584334149197837,6.736889448136752,BALANCE,1,-7.67230939811794e-05
4.874,0.11423234202072638,0.0,0.11504855909142309,0.11372034870591669,0.357595103790187,4.359708590262056,BALANCE,1,-7.67230939811794e-05
4.876,0.11423234202072638,0.0,0.11351457830353745,0.11364832906508396,-0.03600982041636336,10.016983215696992,BALANCE,1,-7.67230939811794e-05
4.878,0.11423234202072638,0.0,0.1119805975156518,0.11306462302278271,-0.29185302115062456,6.524098197682902,BALANCE,1,-7.67230939811794e-05
4.88,0.11423234202072638,0.0,0.11351457830353745,0.11322210737104686,0.07874217413207651,4.221394277467048,BALANCE,1,-7.67230939811794e-05
4.882,0.11423234202072638,0.0,0.11044661672776616,0.11225068564589862,-0.48571086257412355,7.515488631860154,BALANCE,1,-7.67230939811794e-05
4.884,0.11423234202072638,0.0,0.11351457830353745,0.11269304807607221,0.22118121508679645,2.4542077791622274,BALANCE,1,-7.67230939811794e-05
4.886,0.11423234202072638,0.0,0.11504855909142309,0.11351747693144501,0.4122144276864012,8.746079029975473,BALANCE,1,-7.67230939811794e-05
4.888,0.11423234202072638,0.0,0.11658253987930872,0.1145902489631973,0.5363860158761474,10.488862379497304,BALANCE,1,-7.67230939811794e-05
4.89,0.11423234202072638,0.0,0.11351457830353745,0.11421376423231636,-0.18824236544047468,11.654000215193186,BALANCE,1,-7.67230939811794e-05
4.892,0.11423234202072638,0.0,0.11044661672776616,0.11289526260572379,-0.6592508132962845,5.208897625342053,BALANCE,1,-7.67230939811794e-05
4.894,0.11423234202072638,0.0,0.1119805975156518,0.1125751298241986,-0.16006639076259627,0.9549236249254378,BALANCE,1,-7.67230939811794e-05
4.896,0.11423234202072638,0.0,0.11658253987930872,0.11397772334348714,0.7012967596442751,5.359954049201497,BALANCE,1,-7.67230939811794e-05
4.898,0.11423234202072638,0.0,0.11504855909142309,0.11435251585526472,0.18739625588878872,13.078733044527706,BALANCE,1,-7.67230939811794e-05
4.9,0.11423234202072638,0.0,0.11658253987930872,0.11513302426368012,0.39025420420769896,8.546564244929485,BALANCE,1,-7.67230939811794e-05
4.902,0.11423234202072638,0.0,0.11351457830353745,0.11456656817763018,-0.28322804302496896,10.391506427724101,BALANCE,1,-7.67230939811794e-05
4.904,0.11423234202072638,0.0,0.11504855909142309,0.1147352649974577,0.08434840991376064,4.388276663487123,BALANCE,1,-7.67230939811794e-05
4.906,0.11423234202072638,0.0,0.11351457830353745,0.11430802465458562,-0.21362017143604362,7.656290841279938,BALANCE,1,-7.67230939811794e-05
4.908,0.11423234202072638,0.0,0.11504855909142309,0.11456721170747873,0.12959352644655725,4.98964815431179,BALANCE,1,-7.67230939811794e-05
4.91,0.11423234202072638,0.0,0.11658253987930872,0.11527257656761923,0.35268243007025024,8.047182310315929,BALANCE,1,-7.67230939811794e-05
4.912,0.11423234202072638,0.0,0.1119805975156518,0.11412038389943063,-0.576096334094299,10.066908170225306,BALANCE,1,-7.67230939811794e-05
4.914,0.11423234202072638,0.0,0.1119805975156518,0.11337145866510805,-0.3744626171612933,1.7656975155928425,BALANCE,1,-7.67230939811794e-05
4.916,0.11423234202072638,0.0,0.11504855909142309,0.11395844381431831,0.29349257460513367,3.5076954561219176,BALANCE,1,-7.67230939811794e-05
4.918,0.11423234202072638,0.0,0.11504855909142309,0.11433998416130499,0.19077017349333758,9.463174678505913,BALANCE,1,-7.67230939811794e-05
4.92,0.11423234202072638,0.0,0.11351457830353745,0.11405109211108636,-0.14444602510931687,8.575712929028741,BALANCE,1,-7.67230939811794e-05
4.922,0.11423234202072638,0.0,0.11351457830353745,0.11386331227844423,-0.09388991632106047,5.5872725113485275,BALANCE,1,-7.67230939811794e-05
4.924,0.11423234202072638,0.0,0.11351457830353745,0.11374125538722686,-0.06102844560868653,6.024047861869728,BALANCE,1,-7.67230939811794e-05
4.926,0.11423234202072638,0.0,0.1119805975156518,0.1131250251321756,-0.3081151275256336,6.307951839708574,BALANCE,1,-7.67230939811794e-05
4.928,0.11423234202072638,0.0,0.11658253987930872,0.11433515529367219,0.6050650807482988,4.080899144783744,BALANCE,1,-7.67230939811794e-05
4.93,0.11423234202072638,0.0,0.11504855909142309,0.11458484662288501,0.12484566460641,12.247347356656146,BALANCE,1,-7.67230939811794e-05
4.932,0.11423234202072638,0.0,0.11658253987930872,0.11528403926263331,0.34959631987414863,8.006163547813024,BALANCE,1,-7.67230939811794e-05
4.934,0.11423234202072638,0.0,0.1119805975156518,0.11412783465118978,-0.5781023057217644,10.040245974598365,BALANCE,1,-7.67230939811794e-05
4.936,0.11423234202072638,0.0,0.11658253987930872,0.11498698148103141,0.4295734149208155,1.7483670884353373,BALANCE,1,-7.67230939811794e-05
4.938,0.11423234202072638,0.0,0.11351457830353745,0.11447164036890853,-0.25767055606144146,10.731201520029698,BALANCE,1,-7.67230939811794e-05
4.94,0.11423234202072638,0.0,0.11351457830353745,0.11413666864602864,-0.16748586143994215,4.609078473485777,BALANCE,1,-7.67230939811794e-05
4.942,0.11423234202072638,0.0,0.11351457830353745,0.11391893702615673,-0.10886580993595824,5.388221737258934,BALANCE,1,-7.67230939811794e-05
4.944,0.11423234202072638,0.0,0.11351457830353745,0.11377741147323998,-0.07076277645837181,5.894664858711569,BALANCE,1,-7.67230939811794e-05
4.946,0.11423234202072638,0.0,0.11351457830353745,0.1136854198638441,-0.04599580469794029,6.223852887655756,BALANCE,1,-7.67230939811794e-05
4.948,0.11423234202072638,0.0,0.11351457830353745,0.11362562531773678,-0.029897273053663964,6.43782510646948,BALANCE,1,-7.67230939811794e-05
4.95,0.11423234202072638,0.0,0.11351457830353745,0.113586758862767,-0.019433227484884352,6.576907048698363,BALANCE,1,-7.67230939811794e-05
4.952,0.11423234202072638,0.0,0.1119805975156518,0.11302460239127668,-0.28107823574516355,6.667310311147136,BALANCE,1,-7.67230939811794e-05
4.954,0.11423234202072638,0.0,0.11351457830353745,0.11319609396056796,0.08574578464563831,4.3144821512187965,BALANCE,1,-7.67230939811794e-05
4.956,0.11423234202072638,0.0,0.11504855909142309,0.11384445675636726,0.3241813978996505,7.575995749798898,BALANCE,1,-7.67230939811794e-05
4.958,0.11423234202072638,0.0,0.11351457830353745,0.11372899929787683,-0.05772872924521277,9.72830824738255,BALANCE,1,-7.67230939811794e-05
4.96,0.11423234202072638,0.0,0.11504855909142309,0.11419084522561802,0.2309229638705959,6.336459468278509,BALANCE,1,-7.67230939811794e-05
4.962,0.11423234202072638,0.0,0.11351457830353745,0.11395415180288983,-0.11834671136409791,8.922609664394283,BALANCE,1,-7.67230939811794e-05
4.964,0.11423234202072638,0.0,0.1119805975156518,0.11326340780235652,-0.3453720002666513,5.812755389336139,BALANCE,1,-7.67230939811794e-05
4.966,0.11423234202072638,0.0,0.1119805975156518,0.11281442420200988,-0.2244918001733237,3.759021452041658,BALANCE,1,-7.67230939811794e-05
4.968,0.11423234202072638,0.0,0.11351457830353745,0.11305947813754452,0.12252696776732241,4.803356014813635,BALANCE,1,-7.67230939811794e-05
4.97,0.11423234202072638,0.0,0.11658253987930872,0.11429254974716199,0.6165358048087349,7.893763761135438,BALANCE,1,-7.67230939811794e-05
4.972,0.11423234202072638,0.0,0.11658253987930872,0.11509404629341335,0.4007482731256812,12.346447735271376,BALANCE,1,-7.67230939811794e-05
4.974,0.11423234202072638,0.0,0.11658253987930872,0.11561501904847674,0.2604863775316907,10.482169074432981,BALANCE,1,-7.67230939811794e-05
4.976,0.11423234202072638,0.0,0.11504855909142309,0.11541675806350796,-0.09913049248438943,9.270387944887975,BALANCE,1,-7.67230939811794e-05
4.978,0.11423234202072638,0.0,0.11351457830353745,0.11475099514751828,-0.33288145799483665,6.0711399301636755,BALANCE,1,-7.67230939811794e-05
4.98,0.11423234202072638,0.0,0.11504855909142309,0.11485514252788497,0.05207369018334074,3.9593000620862586,BALANCE,1,-7.67230939811794e-05
4.982,0.11423234202072638,0.0,0.11504855909142309,0.1149228383251233,0.033847898619168704,7.377456050369324,BALANCE,1,-7.67230939811794e-05
4.984,0.11423234202072638,0.0,0.11351457830353745,0.11442994731756825,-0.24644550377752455,7.219995820739927,BALANCE,1,-7.67230939811794e-05
4.986,0.11423234202072638,0.0,0.11351457830353745,0.11410956816265747,-0.16018957745539408,4.706056390960816,BALANCE,1,-7.67230939811794e-05
4.988,0.11423234202072638,0.0,0.1119805975156518,0.11336442843620548,-0.37256986322599384,5.451257383617727,BALANCE,1,-7.67230939811794e-05
4.99,0.11423234202072638,0.0,0.11351457830353745,0.11341698088977167,0.026276226783097933,3.5240477483246897,BALANCE,1,-7.67230939811794e-05
4.992,0.11423234202072638,0.0,0.11351457830353745,0.1134511399845897,0.017079547409010187,7.062213387917723,BALANCE,1,-7.67230939811794e-05
4.994,0.11423234202072638,0.0,0.11504855909142309,0.11401023667198137,0.27954834369584014,6.982759431639715,BALANCE,1,-7.67230939811794e-05
4.996,0.11423234202072638,0.0,0.11351457830353745,0.113836756243026,-0.08674021447768743,9.342704640579061,BALANCE,1,-7.67230939811794e-05
4.998,0.11423234202072638,0.0,0.11351457830353745,0.113723993964205,-0.056381139410498216,6.085817123856259,BALANCE,1,-7.67230939811794e-05
5.0,0.11423234202072638,0.0,0.11504855909142309,0.11418759175873133,0.23179889726316488,6.348101859999781,BALANCE,1,-7.67230939811794e-05
5.002,0.11423234202072638,0.0,0.11504855909142309,0.11448893032517345,0.15066928322105683,8.930177219013151,BALANCE,1,-7.67230939811794e-05
5.0040000000000004,0.11423234202072638,0.0,0.1119805975156518,0.11361101384184087,-0.4389582416662874,8.229264580358436,BALANCE,1,-7.67230939811794e-05
5.006,0.11423234202072638,0.0,0.1119805975156518,0.11304036812767469,-0.2853228570830896,2.950490804192767,BALANCE,1,-7.67230939811794e-05
5.008,0.11423234202072638,0.0,0.11351457830353745,0.11320634168922666,0.0829867807759857,4.277811093711834,BALANCE,1,-7.67230939811794e-05
5.01,0.11423234202072638,0.0,0.11351457830353745,0.11331422450423544,0.053941407504386196,7.552159562419366,BALANCE,1,-7.67230939811794e-05
5.0120000000000005,0.11423234202072638,0.0,0.11504855909142309,0.11392124160975112,0.30350855275784044,7.301224445065773,BALANCE,1,-7.67230939811794e-05
5.014,0.11423234202072638,0.0,0.11351457830353745,0.11377890945257634,-0.07116607858739105,9.549706899306052,BALANCE,1,-7.67230939811794e-05
5.016,0.11423234202072638,0.0,0.11811652066719437,0.11529707337769265,0.7590819625581599,6.22036859202877,BALANCE,1,-7.67230939811794e-05
5.018,0.11423234202072638,0.0,0.11504855909142309,0.11521009337749831,-0.043490000097172465,13.670331155872109,BALANCE,1,-7.67230939811794e-05
5.0200000000000005,0.11423234202072638,0.0,0.11351457830353745,0.114616663101612,-0.2967151379431529,6.5518413952899675,BALANCE,1,-7.67230939811794e-05
5.022,0.11423234202072638,0.0,0.11351457830353745,0.11423093342228591,-0.19286483966304835,4.271756014418283,BALANCE,1,-7.67230939811794e-05
5.024,0.11423234202072638,0.0,0.11504855909142309,0.11451710240648393,0.14308449209900903,5.168962138865119,BALANCE,1,-7.67230939811794e-05
5.026,0.11423234202072638,0.0,0.1119805975156518,0.11362932569469268,-0.4438883558956219,8.163736400275635,BALANCE,1,-7.67230939811794e-05
5.0280000000000005,0.11423234202072638,0.0,0.11658253987930872,0.1146629506593083,0.5168124823078102,2.907897487138916,BALANCE,1,-7.67230939811794e-05
5.03,0.11423234202072638,0.0,0.11504855909142309,0.11479791361054847,0.06748147562008616,11.484896279187042,BALANCE,1,-7.67230939811794e-05
5.032,0.11423234202072638,0.0,0.11504855909142309,0.11488563952885458,0.04386295915305427,7.510570347458051,BALANCE,1,-7.67230939811794e-05
5.034,0.11423234202072638,0.0,0.11351457830353745,0.11440576809999359,-0.23993571443049755,7.306520113847608,BALANCE,1,-7.67230939811794e-05
5.0360000000000005,0.11423234202072638,0.0,0.11504855909142309,0.1146307449469939,0.11248842350015942,4.762297181480821,BALANCE,1,-7.67230939811794e-05
5.038,0.11423234202072638,0.0,0.11351457830353745,0.11424008662178414,-0.19532916260488198,7.899404177975773,BALANCE,1,-7.67230939811794e-05
5.04,0.11423234202072638,0.0,0.11504855909142309,0.11452305198615777,0.14148268218681231,5.147671823164104,BALANCE,1,-7.67230939811794e-05
5.042,0.11423234202072638,0.0,0.11504855909142309,0.11470697947300063,0.09196374342142905,8.149897695069933,BALANCE,1,-7.67230939811794e-05
5.0440000000000005,0.11423234202072638,0.0,0.11965050145508001,0.11643721216672841,0.8651163468638908,7.722082889795355,BALANCE,1,-7.67230939811794e-05
5.046,0.11418431005986371,-0.0480328385788684,0.11658253987930872,0.11648807686613152,0.02543234970155822,14.678774107927037,BALANCE,1,-7.64125608232072e-05
5.048,0.11408792578104503,-0.04835320160502558,0.1119805975156518,0.11491045909346362,-0.7888088863339526,7.239657972632385,BALANCE,1,-7.62800451870629e-05
5.05,0.11399893156170667,-0.04064264407223211,0.1119805975156518,0.11388500754122949,-0.512725776117065,-0.07201511284259084,BALANCE,1,-7.623402302610682e-05
5.0520000000000005,0.11392993245889384,-0.028357719691201114,0.11351457830353745,0.11375535730803728,-0.06482511659610529,2.3131822476389137,BALANCE,1,-7.623207233673874e-05
5.054,0.11388550497791333,-0.016070573204557917,0.11351457830353745,0.11367108465646233,-0.04213632578747156,6.275150812471907,BALANCE,1,-7.623085631665206e-05
5.056,0.11386530982980315,-0.004124943978949426,0.11351457830353745,0.11361630743293863,-0.0273886117618527,6.471168757599937,BALANCE,1,-7.622957549658382e-05
5.058,0.11385376088286854,-0.007424214010293955,0.11658253987930872,0.11465448878916816,0.5190906781147655,6.598580421933218,BALANCE,1,-7.621006483455414e-05
5.0600000000000005,0.11384098351070888,-0.005353391657346665,0.11351457830353745,0.11425552011919742,-0.19948433498537255,11.504578564789885,BALANCE,1,-7.619579984077983e-05
5.062,0.11382898926136077,-0.006641076885238526,0.11351457830353745,0.11399619048371643,-0.12966481774049493,5.111773552579911,BALANCE,1,-7.61781139752748e-05
5.064,0.11381919004093631,-0.0031583226228799233,0.11811652066719437,0.1154383060479337,0.7210577821086389,5.714973538670143,BALANCE,1,-7.616865238575572e-05
5.066,0.11379513685144037,-0.02089530643551506,0.11658253987930872,0.11583878788891495,0.20024092049062553,13.341824371188972,BALANCE,1,-7.609098879202266e-05
5.0680000000000005,0.11375502958112639,-0.019212696846403584,0.11351457830353745,0.11502531453403282,-0.40673667744106634,8.749902265765975,BALANCE,1,-7.604458504545836e-05
5.07,0.11372263441922761,-0.013183057085649041,0.11351457830353745,0.11449655685335944,-0.26437884033669173,3.3212339582143446,BALANCE,1,-7.6022139240812e-05
5.072,0.11370441922840649,-0.005032466628805167,0.11504855909142309,0.11468975763668171,0.09660039166113632,4.551122802332562,BALANCE,1,-7.601364476203035e-05
5.074,0.11369094016447731,-0.008446843632333495,0.1119805975156518,0.11374155159432124,-0.4741030211802347,7.762140831529433,BALANCE,1,-7.599073339835878e-05
5.0760000000000005,0.11368284346020137,0.00034999138045537295,0.11504855909142309,0.1141990042183069,0.22872631199282595,2.646860367453924,BALANCE,1,-7.598751823893628e-05
5.078,0.11368284346020137,0.0,0.11504855909142309,0.11449634842389755,0.14867210279533027,8.903631870871756,BALANCE,1,-7.598753130495935e-05
5.08,0.11368284346020137,0.0,0.1119805975156518,0.11361583560601154,-0.44025640894300444,8.212010104066474,BALANCE,1,-7.598753130495935e-05
5.082,0.11368284346020137,0.0,0.11351457830353745,0.11358039555014561,-0.017720027932967286,2.9392753946030377,BALANCE,1,-7.598753130495935e-05
5.0840000000000005,0.11368284346020137,0.0,0.11351457830353745,0.11355735951383275,-0.011518018156429777,6.682111357998575,BALANCE,1,-7.598753130495935e-05
5.086,0.11368284346020137,0.0,0.11504855909142309,0.11407927936598937,0.26095992607830937,6.73569311219229,BALANCE,1,-7.598753130495935e-05
5.088,0.11368284346020137,0.0,0.1119805975156518,0.11334474071837122,-0.36726932380907323,9.182111532938281,BALANCE,1,-7.598753130495935e-05
5.09,0.11368284346020137,0.0,0.11504855909142309,0.11394107714893938,0.2981682152840767,3.5698413233696664,BALANCE,1,-7.598753130495935e-05
5.0920000000000005,0.11368284346020137,0.0,0.11504855909142309,0.11432869582880867,0.19380933993464605,9.50356949221695,BALANCE,1,-7.598753130495935e-05
5.094,0.11368284346020137,0.0,0.11351457830353745,0.11404375469496374,-0.142470566922466,8.601969557940874,BALANCE,1,-7.598753130495935e-05
5.096,0.11368284346020137,0.0,0.1119805975156518,0.11332164968220455,-0.36105250637959163,5.604339320141416,BALANCE,1,-7.598753130495935e-05
5.098,0.11368284346020137,0.0,0.11351457830353745,0.11338917469967107,0.03376250873325659,3.6235510070650787,BALANCE,1,-7.598753130495935e-05
5.1000000000000005,0.11368284346020137,0.0,0.11504855909142309,0.11396995923678427,0.290392268556601,7.126890506098951,BALANCE,1,-7.598753130495935e-05
5.102,0.11368284346020137,0.0,0.11351457830353745,0.11381057591014788,-0.07969166331819183,9.43638983897757,BALANCE,1,-7.598753130495935e-05
5.104,0.11368284346020137,0.0,0.11504855909142309,0.11424387002359421,0.21664705672316126,6.1467125028153,BALANCE,1,-7.598753130495935e-05
5.106,0.11368284346020137,0.0,0.11504855909142309,0.11452551119733431,0.1408205868700524,8.799274136843213,BALANCE,1,-7.598753130495935e-05
5.1080000000000005,0.11368284346020137,0.0,0.11504855909142309,0.11470857796026539,0.09153338146553752,8.144177576947959,BALANCE,1,-7.598753130495935e-05
5.11,0.11368284346020137,0.0,0.1119805975156518,0.11375378480465063,-0.4773965778073763,7.718364813016095,BALANCE,1,-7.598753130495935e-05
5.112,0.11368284346020137,0.0,0.11351457830353745,0.11367006252926103,-0.04186113769480415,2.6184059554202324,BALANCE,1,-7.598753130495935e-05
5.114,0.11368284346020137,0.0,0.11044661672776616,0.11254185649873782,-0.5641030152616008,6.473546222529795,BALANCE,1,-7.598753130495935e-05
5.1160000000000005,0.11368284346020137,0.0,0.11504855909142309,0.11341920240617767,0.43867295371992354,1.776945213097452,BALANCE,1,-7.598753130495935e-05
5.118,0.11368284346020137,0.0,0.11504855909142309,0.11398947724601356,0.28513741991794544,10.717448642553423,BALANCE,1,-7.598753130495935e-05
5.12,0.11368284346020137,0.0,0.1119805975156518,0.11328636934038694,-0.35155395281331187,9.390991005659572,BALANCE,1,-7.598753130495935e-05
5.122,0.11368284346020137,0.0,0.11504855909142309,0.11390313575324959,0.3083832064313258,3.705612980638486,BALANCE,1,-7.598753130495935e-05
5.124,0.11368284346020137,0.0,0.11351457830353745,0.11376714064585033,-0.06799755369962801,9.591821069441721,BALANCE,1,-7.598753130495935e-05
5.126,0.11368284346020137,0.0,0.11504855909142309,0.1142156371018008,0.22424822797523225,6.247742802616933,BALANCE,1,-7.598753130495935e-05
5.128,0.11368284346020137,0.0,0.1119805975156518,0.11343337324664865,-0.3911319275760744,8.864943831714315,BALANCE,1,-7.598753130495935e-05
5.13,0.11368284346020137,0.0,0.1119805975156518,0.11292490174079975,-0.25423575292445044,3.363682317574079,BALANCE,1,-7.598753130495935e-05
5.132,0.11368284346020137,0.0,0.1119805975156518,0.11259439526199796,-0.1652532394008921,4.546385577409693,BALANCE,1,-7.598753130495935e-05
5.134,0.11368284346020137,0.0,0.11351457830353745,0.11291645932653678,0.16103203226940782,5.315142696302867,BALANCE,1,-7.598753130495935e-05
5.136,0.11368284346020137,0.0,0.11351457830353745,0.11312580096848701,0.10467082097511543,8.226425104103482,BALANCE,1,-7.598753130495935e-05
5.138,0.11368284346020137,0.0,0.1119805975156518,0.11272497975999468,-0.20041060424616508,7.739497047160492,BALANCE,1,-7.598753130495935e-05
5.14,0.11368284346020137,0.0,0.11504855909142309,0.11353823252599463,0.4066263829999722,5.011403529627465,BALANCE,1,-7.598753130495935e-05
5.142,0.11368284346020137,0.0,0.11351457830353745,0.11352995354813461,-0.0041394889300078175,10.440584926284567,BALANCE,1,-7.598753130495935e-05
5.144,0.11368284346020137,0.0,0.11351457830353745,0.1135245722125256,-0.0026906678045057753,6.799439309564781,BALANCE,1,-7.598753130495935e-05
5.146,0.11368284346020137,0.0,0.11044661672776616,0.1124472877928598,-0.5386422098328999,6.811956280710327,BALANCE,1,-7.598753130495935e-05
5.148,0.11368284346020137,0.0,0.11658253987930872,0.11389462602311692,0.7236691151285626,1.9969117509148595,BALANCE,1,-7.598753130495935e-05
5.15,0.11368284346020137,0.0,0.11351457830353745,0.11376160932126411,-0.06650835092640583,13.272017172654758,BALANCE,1,-7.598753130495935e-05
5.152,0.11368284346020137,0.0,0.1119805975156518,0.1131382551892998,-0.31167706598215356,6.260608647692067,BALANCE,1,-7.598753130495935e-05
5.154,0.11368284346020137,0.0,0.11351457830353745,0.11326996827928298,0.0658565449915896,4.0501260699729915,BALANCE,1,-7.598753130495935e-05
5.156,0.11368284346020137,0.0,0.11658253987930872,0.11442936833929199,0.5797000300045013,7.404164296989079,BALANCE,1,-7.598753130495935e-05
5.158,0.11368284346020137,0.0,0.11658253987930872,0.11518297837829784,0.37680501950292794,12.028208083576178,BALANCE,1,-7.598753130495935e-05
5.16,0.11368284346020137,0.0,0.11351457830353745,0.1145990383521317,-0.29197001308307186,10.27531330083109,BALANCE,1,-7.598753130495935e-05
5.162,0.11368284346020137,0.0,0.11351457830353745,0.1142194773351237,-0.18978050850399636,4.31275113100665,BALANCE,1,-7.598753130495935e-05
5.164,0.11368284346020137,0.0,0.11351457830353745,0.11397276267406851,-0.1233573305275959,5.195608964647552,BALANCE,1,-7.598753130495935e-05
5.166,0.11368284346020137,0.0,0.1119805975156518,0.11327550486862266,-0.3486289027229278,5.76946655651415,BALANCE,1,-7.598753130495935e-05
5.168,0.11368284346020137,0.0,0.11351457830353745,0.11335918057084284,0.04183785111008809,3.7308837107073396,BALANCE,1,-7.598753130495935e-05
5.17,0.11368284346020137,0.0,0.11351457830353745,0.11341356977728595,0.027194603221557256,7.19665676346642,BALANCE,1,-7.598753130495935e-05
5.172,0.11368284346020137,0.0,0.1119805975156518,0.112912029485714,-0.2507701457859779,7.070147625746398,BALANCE,1,-7.598753130495935e-05
5.174,0.11368284346020137,0.0,0.11044661672776616,0.11204913502043225,-0.4314472326408733,4.576326405708304,BALANCE,1,-7.598753130495935e-05
5.176,0.11368284346020137,0.0,0.11504855909142309,0.11309893344527903,0.5248992124233937,2.9230139541769002,BALANCE,1,-7.598753130495935e-05
5.178,0.11368284346020137,0.0,0.1119805975156518,0.1127075158699095,-0.1957087876847674,11.46239332425504,BALANCE,1,-7.598753130495935e-05
5.18,0.11368284346020137,0.0,0.1119805975156518,0.1124530944459193,-0.12721071199509743,5.052024487725568,BALANCE,1,-7.598753130495935e-05
5.182,0.11368284346020137,0.0,0.11504855909142309,0.11336150707184563,0.454206312963161,5.6438079880081915,BALANCE,1,-7.598753130495935e-05
5.184,0.11368284346020137,0.0,0.11351457830353745,0.11341508200293776,0.026787465546067313,10.851647824231993,BALANCE,1,-7.598753130495935e-05
5.186,0.11368284346020137,0.0,0.11351457830353745,0.11344990570814766,0.017411852604946876,7.066630193230631,BALANCE,1,-7.598753130495935e-05
5.188,0.11368284346020137,0.0,0.1119805975156518,0.1129356478407741,-0.25712893368677603,6.985630355093163,BALANCE,1,-7.598753130495935e-05
5.19,0.11368284346020137,0.0,0.11504855909142309,0.11367516677850124,0.36975946886357025,4.521390179783689,BALANCE,1,-7.598753130495935e-05
5.192,0.11368284346020137,0.0,0.11504855909142309,0.1141558540880239,0.24034365476132552,10.122076248886069,BALANCE,1,-7.598753130495935e-05
5.194,0.11368284346020137,0.0,0.11351457830353745,0.11393140756345364,-0.11222326228512575,9.003998949775879,BALANCE,1,-7.598753130495935e-05
5.196,0.11368284346020137,0.0,0.1119805975156518,0.11324862404672299,-0.3413917583653253,5.865658424834157,BALANCE,1,-7.598753130495935e-05
5.198,0.11368284346020137,0.0,0.11351457830353745,0.11334170803660805,0.04654199494252831,3.793408425115317,BALANCE,1,-7.598753130495935e-05
5.2,0.11368284346020137,0.0,0.11658253987930872,0.11447599918155328,0.567145572472616,7.237297827831593,BALANCE,1,-7.598753130495935e-05
5.202,0.11368284346020137,0.0,0.11351457830353745,0.11413950187424773,-0.16824865365277358,11.919744878623852,BALANCE,1,-7.598753130495935e-05
5.204,0.11368284346020137,0.0,0.11658253987930872,0.11499456517601908,0.4275316508856736,5.3816316565719555,BALANCE,1,-7.598753130495935e-05
5.206,0.11368284346020137,0.0,0.11351457830353745,0.11447656977065052,-0.2589977026842827,10.713561867305122,BALANCE,1,-7.598753130495935e-05
5.208,0.11368284346020137,0.0,0.11351457830353745,0.11413987275716095,-0.16834850674478374,4.597612699214813,BALANCE,1,-7.598753130495935e-05
5.21,0.11368284346020137,0.0,0.11351457830353745,0.11392101969839273,-0.10942652938410874,5.380768983982854,BALANCE,1,-7.598753130495935e-05
5.212,0.11368284346020137,0.0,0.11504855909142309,0.11431565848595336,0.19731939378031527,5.889820569082087,BALANCE,1,-7.598753130495935e-05
5.214,0.11368284346020137,0.0,0.11504855909142309,0.11457217369786776,0.12825760595720076,8.632294379916626,BALANCE,1,-7.598753130495935e-05
5.216,0.11368284346020137,0.0,0.11504855909142309,0.11473890858561213,0.08336744387218292,8.03564073494566,BALANCE,1,-7.598753130495935e-05
5.218,0.11368284346020137,0.0,0.11351457830353745,0.11431039298688599,-0.2142577993630712,7.647815865714592,BALANCE,1,-7.598753130495935e-05
5.22,0.11368284346020137,0.0,0.1119805975156518,0.11349496457195402,-0.40771420746598536,4.984139420194295,BALANCE,1,-7.598753130495935e-05
5.222,0.11368284346020137,0.0,0.11044661672776616,0.11242804282648827,-0.5334608727328716,3.2204210720994464,BALANCE,1,-7.598753130495935e-05
5.224,0.11368284346020137,0.0,0.11504855909142309,0.11334522351921546,0.45859034636359236,2.041675487331201,BALANCE,1,-7.598753130495935e-05
5.226,0.11368284346020137,0.0,0.1119805975156518,0.11286760441796818,-0.2388095506236365,10.889523320805313,BALANCE,1,-7.598753130495935e-05
5.228,0.11368284346020137,0.0,0.11351457830353745,0.11309404527791743,0.11322042997462256,4.679658985483262,BALANCE,1,-7.598753130495935e-05
5.23,0.11368284346020137,0.0,0.11351457830353745,0.11324123183688443,0.07359327948350258,7.813360692070726,BALANCE,1,-7.598753130495935e-05
5.232,0.11368284346020137,0.0,0.11811652066719437,0.11494758292749291,0.8531755453042369,7.471005179339179,BALANCE,1,-7.598753130495935e-05
5.234,0.11368284346020137,0.0,0.11351457830353745,0.11444603130910849,-0.250775809192208,14.483244937623843,BALANCE,1,-7.598753130495935e-05
5.236,0.11368284346020137,0.0,0.11504855909142309,0.1146569160329186,0.1054423619050518,4.668645072908553,BALANCE,1,-7.598753130495935e-05
5.238,0.11368284346020137,0.0,0.11504855909142309,0.11479399110339517,0.06853753523828471,7.838530307403837,BALANCE,1,-7.598753130495935e-05
5.24,0.11368284346020137,0.0,0.11044661672776616,0.11327241007192501,-0.7607905157350769,7.519694087812394,BALANCE,1,-7.598753130495935e-05
5.242,0.11368284346020137,0.0,0.11351457830353745,0.11335716895298936,0.04237944053217535,0.07767970351778046,BALANCE,1,-7.598753130495935e-05
5.244,0.11368284346020137,0.0,0.11351457830353745,0.1134122622256812,0.027546636345916753,7.201335780806569,BALANCE,1,-7.598753130495935e-05
5.246,0.11368284346020137,0.0,0.11504855909142309,0.11398496612869086,0.28635195150483045,7.07318898701752,BALANCE,1,-7.598753130495935e-05
5.248,0.11368284346020137,0.0,0.11504855909142309,0.11435722366564714,0.18612876847814291,9.401483851574644,BALANCE,1,-7.598753130495935e-05
5.25,0.11368284346020137,0.0,0.11351457830353745,0.11406229778890875,-0.14746293836919583,8.535613891523438,BALANCE,1,-7.598753130495935e-05
5.252,0.11368284346020137,0.0,0.11504855909142309,0.11440748924478877,0.17259572794001143,5.561208136970058,BALANCE,1,-7.598753130495935e-05
5.2540000000000004,0.11368284346020137,0.0,0.11658253987930872,0.11516875696687076,0.3806338610409937,8.418696299043832,BALANCE,1,-7.598753130495935e-05
5.256,0.11368284346020137,0.0,0.11504855909142309,0.11512668771046408,-0.021034628203339678,10.308392262898426,BALANCE,1,-7.598753130495935e-05
5.258,0.11368284346020137,0.0,0.11504855909142309,0.11509934269379973,-0.01367250833217426,6.745842736870494,BALANCE,1,-7.598753130495935e-05
5.26,0.11368284346020137,0.0,0.11351457830353745,0.11454467515720794,-0.2773337682958968,6.809447166965681,BALANCE,1,-7.598753130495935e-05
5.2620000000000005,0.11368284346020137,0.0,0.11351457830353745,0.11418414125842327,-0.18026694939233395,4.439199766007563,BALANCE,1,-7.598753130495935e-05
5.264,0.11368284346020137,0.0,0.11351457830353745,0.11394979422421324,-0.11717351710501672,5.277800577398132,BALANCE,1,-7.598753130495935e-05
5.266,0.11368284346020137,0.0,0.11351457830353745,0.11379746865197671,-0.07616278611826538,5.822891104802014,BALANCE,1,-7.598753130495935e-05
5.268,0.11368284346020137,0.0,0.11351457830353745,0.11369845703002297,-0.04950581097686729,6.177199947614495,BALANCE,1,-7.598753130495935e-05
5.2700000000000005,0.11368284346020137,0.0,0.11504855909142309,0.11417099275151302,0.2362678607450222,6.407500695442694,BALANCE,1,-7.598753130495935e-05
5.272,0.11368284346020137,0.0,0.11504855909142309,0.11447814097048153,0.15357410948425854,8.96878646205102,BALANCE,1,-7.598753130495935e-05
5.274,0.11368284346020137,0.0,0.11351457830353745,0.1141408940370511,-0.16862346671521478,8.254360588333,BALANCE,1,-7.598753130495935e-05
5.276,0.11368284346020137,0.0,0.11504855909142309,0.11445857680608129,0.15884138451509322,5.378393489896327,BALANCE,1,-7.598753130495935e-05
5.2780000000000005,0.11368284346020137,0.0,0.11351457830353745,0.11412817733019094,-0.165199737945175,8.299866778445853,BALANCE,1,-7.598753130495935e-05
5.28,0.11368284346020137,0.0,0.11044661672776616,0.11283963111934227,-0.6442731054243367,5.407972513469654,BALANCE,1,-7.598753130495935e-05
5.282,0.11368284346020137,0.0,0.11504855909142309,0.11361275590957055,0.3865623951141428,1.0843223022084056,BALANCE,1,-7.598753130495935e-05
5.284,0.11368284346020137,0.0,0.11504855909142309,0.11411528702321894,0.25126555682419144,10.267243750475522,BALANCE,1,-7.598753130495935e-05
5.2860000000000005,0.11368284346020137,0.0,0.1119805975156518,0.11336814569557044,-0.3735706638242492,9.098357825808968,BALANCE,1,-7.598753130495935e-05
5.288,0.11368284346020137,0.0,0.11351457830353745,0.1134193971083589,0.025625706394229175,3.515401413735618,BALANCE,1,-7.598753130495935e-05
5.29,0.11368284346020137,0.0,0.1119805975156518,0.11291581725091142,-0.25178992872373906,7.056593270434801,BALANCE,1,-7.598753130495935e-05
5.292,0.11368284346020137,0.0,0.11351457830353745,0.11312538361933053,0.10478318420955451,4.567516074755785,BALANCE,1,-7.598753130495935e-05
5.2940000000000005,0.11368284346020137,0.0,0.11351457830353745,0.11326160175880295,0.06810906973621356,7.740467800097854,BALANCE,1,-7.598753130495935e-05
5.296,0.11368284346020137,0.0,0.1119805975156518,0.11281325027370005,-0.22417574255145095,7.423624799556858,BALANCE,1,-7.598753130495935e-05
5.298,0.11368284346020137,0.0,0.11504855909142309,0.11359560835990311,0.39117904310152773,4.8060865686851075,BALANCE,1,-7.598753130495935e-05
5.3,0.11368284346020137,0.0,0.11658253987930872,0.11464103439169507,0.52271301589598,10.307128901671957,BALANCE,1,-7.598753130495935e-05
5.3020000000000005,0.11368284346020137,0.0,0.11504855909142309,0.11478366803659987,0.07131682245239968,11.535873454606714,BALANCE,1,-7.598753130495935e-05
5.304,0.11368284346020137,0.0,0.1119805975156518,0.11380259335426804,-0.4905373411659142,7.543705511480864,BALANCE,1,-7.598753130495935e-05
5.306,0.11368284346020137,0.0,0.11658253987930872,0.11477557463803227,0.48649064188211605,2.5048774094223485,BALANCE,1,-7.598753130495935e-05
5.308,0.11368284346020137,0.0,0.11351457830353745,0.11433422592095908,-0.22067435853659334,11.222933228671236,BALANCE,1,-7.598753130495935e-05
5.3100000000000005,0.11368284346020137,0.0,0.1119805975156518,0.11351045597910153,-0.41188497092877613,4.928704084102802,BALANCE,1,-7.598753130495935e-05
5.312,0.11368284346020137,0.0,0.11351457830353745,0.11351189879265411,0.0007214067762884024,3.1843881036399635,BALANCE,1,-7.598753130495935e-05
5.314,0.11368284346020137,0.0,0.11351457830353745,0.11351283662146328,0.00046891440458329825,6.841434618872642,BALANCE,1,-7.598753130495935e-05
5.316,0.11368284346020137,0.0,0.1119805975156518,0.11297655293442926,-0.26814184351700576,6.839253231760406,BALANCE,1,-7.598753130495935e-05
5.3180000000000005,0.11368284346020137,0.0,0.11351457830353745,0.11316486181361712,0.09415443959392977,4.426245049617456,BALANCE,1,-7.598753130495935e-05
5.32,0.11368284346020137,0.0,0.11658253987930872,0.11436104913660919,0.5980936614960325,7.6486416337579275,BALANCE,1,-7.598753130495935e-05
5.322,0.11368284346020137,0.0,0.11351457830353745,0.11406478434503409,-0.14813239578755077,12.18711835247602,BALANCE,1,-7.598753130495935e-05
5.324,0.11368284346020137,0.0,0.11504855909142309,0.11440910550627023,0.17216058061807205,5.555424414575883,BALANCE,1,-7.598753130495935e-05
5.3260000000000005,0.11368284346020137,0.0,0.11351457830353745,0.11409602098531375,-0.15654226047823877,8.41493687948754,BALANCE,1,-7.598753130495935e-05
5.328,0.11368284346020137,0.0,0.1119805975156518,0.11335562277093207,-0.37019910719084115,5.482768079146752,BALANCE,1,-7.598753130495935e-05
5.33,0.11368284346020137,0.0,0.11351457830353745,0.11341125720734395,0.027817218205938854,3.5445297004185714,BALANCE,1,-7.598753130495935e-05
5.332,0.11368284346020137,0.0,0.11351457830353745,0.11344741959101168,0.01808119183386442,7.075526656778671,BALANCE,1,-7.598753130495935e-05
5.3340000000000005,0.11368284346020137,0.0,0.11504855909142309,0.11400781841615568,0.2801994125719992,6.9914130563993995,BALANCE,1,-7.598753130495935e-05
5.336,0.11368284346020137,0.0,0.11351457830353745,0.1138351843767393,-0.08631701970818889,9.348329496672891,BALANCE,1,-7.598753130495935e-05
5.338,0.11368284346020137,0.0,0.11658253987930872,0.1147967588026386,0.4807872129496474,6.089473280317205,BALANCE,1,-7.598753130495935e-05
5.34,0.11368284346020137,0.0,0.11351457830353745,0.1143479956279532,-0.22438158734269797,11.17365892273948,BALANCE,1,-7.598753130495935e-05
5.3420000000000005,0.11368284346020137,0.0,0.11658253987930872,0.11513008611592764,0.3910452439872189,4.89667578524716,BALANCE,1,-7.598753130495935e-05
5.344,0.11368284346020137,0.0,0.1119805975156518,0.1140277651058311,-0.551160505048269,10.39834055094397,BALANCE,1,-7.598753130495935e-05
5.346,0.11368284346020137,0.0,0.1119805975156518,0.11331125644926834,-0.3582543282813766,1.9811285630599789,BALANCE,1,-7.598753130495935e-05
5.348,0.11368284346020137,0.0,0.11504855909142309,0.1139193123740225,0.3040279623770792,3.6477256369755304,BALANCE,1,-7.598753130495935e-05
5.3500000000000005,0.11368284346020137,0.0,0.11351457830353745,0.11377765544935273,-0.0708284623348876,9.554194296060759,BALANCE,1,-7.598753130495935e-05
5.352,0.11368284346020137,0.0,0.11351457830353745,0.11368557844831738,-0.046038500517674164,6.223285399919313,BALANCE,1,-7.598753130495935e-05
5.354,0.11368284346020137,0.0,0.11351457830353745,0.1136257283976444,-0.02992502533648994,6.437456239440804,BALANCE,1,-7.598753130495935e-05
5.356,0.11368284346020137,0.0,0.11044661672776616,0.11251303931318701,-0.5563445422286928,6.576667285129733,BALANCE,1,-7.598753130495935e-05
5.3580000000000005,0.11368284346020137,0.0,0.1119805975156518,0.11232668468404969,-0.09317731456866263,1.8439739037874445,BALANCE,1,-7.598753130495935e-05
5.36,0.11368284346020137,0.0,0.11351457830353745,0.1127424474508704,0.20788138341035906,5.937836730461792,BALANCE,1,-7.598753130495935e-05
5.362,0.11368284346020137,0.0,0.11351457830353745,0.11301269324930387,0.13512289921673026,8.631176226306803,BALANCE,1,-7.598753130495935e-05
5.364,0.11368284346020137,0.0,0.11351457830353745,0.11318835301828561,0.08782988449087398,8.002585276592619,BALANCE,1,-7.598753130495935e-05
5.3660000000000005,0.11368284346020137,0.0,0.1119805975156518,0.11276563859236378,-0.2113572129609151,7.594001159278422,BALANCE,1,-7.598753130495935e-05
5.368,0.11368284346020137,0.0,0.1119805975156518,0.1124908742155146,-0.13738218842459377,4.916831202504182,BALANCE,1,-7.598753130495935e-05
5.37,0.11368284346020137,0.0,0.1119805975156518,0.11231227737056262,-0.0892984224759863,5.555932352614288,BALANCE,1,-7.598753130495935e-05
5.372,0.11368284346020137,0.0,0.11504855909142309,0.11326997597286378,0.4788493011505801,5.971348100185844,BALANCE,1,-7.598753130495935e-05
5.3740000000000006,0.11368284346020137,0.0,0.1119805975156518,0.11281869351283959,-0.2256412300120983,11.06454889714744,BALANCE,1,-7.598753130495935e-05
5.376,0.11368284346020137,0.0,0.11504855909142309,0.11359914646534382,0.3902264762521146,4.793425610105609,BALANCE,1,-7.598753130495935e-05
5.378,0.11368284346020137,0.0,0.11351457830353745,0.11356954760871159,-0.014799428316114582,10.298899278595352,BALANCE,1,-7.598753130495935e-05
5.38,0.11368284346020137,0.0,0.11504855909142309,0.11408720162766062,0.2588270094745146,6.7073436385667975,BALANCE,1,-7.598753130495935e-05
5.382,0.11368284346020137,0.0,0.11351457830353745,0.1138867834642175,-0.10020908172155701,9.163684375081715,BALANCE,1,-7.598753130495935e-05
5.384,0.11368284346020137,0.0,0.11351457830353745,0.11375651165797948,-0.06513590311901102,5.9694539512829135,BALANCE,1,-7.598753130495935e-05
5.386,0.11368284346020137,0.0,0.1119805975156518,0.1131349417081648,-0.3107849749073438,6.272465797827128,BALANCE,1,-7.598753130495935e-05
5.388,0.11368284346020137,0.0,0.11351457830353745,0.11326781451654522,0.06643640419021213,4.05783321756081,BALANCE,1,-7.598753130495935e-05
5.39,0.11368284346020137,0.0,0.1119805975156518,0.11281728856623252,-0.2252629751563484,7.409173942921126,BALANCE,1,-7.598753130495935e-05
5.392,0.11368284346020137,0.0,0.11351457830353745,0.11306133997428924,0.12202570402836121,4.796693511871911,BALANCE,1,-7.598753130495935e-05
5.394,0.11368284346020137,0.0,0.11351457830353745,0.11321997338952612,0.07931670761843895,7.889433134223361,BALANCE,1,-7.598753130495935e-05
5.396,0.11368284346020137,0.0,0.11351457830353745,0.11332308510943008,0.05155585995197942,7.520452266738447,BALANCE,1,-7.598753130495935e-05
5.398,0.11368284346020137,0.0,0.11504855909142309,0.11392700100312764,0.30195794684877847,7.280614702873164,BALANCE,1,-7.598753130495935e-05
5.4,0.11368284346020137,0.0,0.11351457830353745,0.11378265305827107,-0.0721739724282855,9.536310566880879,BALANCE,1,-7.598753130495935e-05
5.402,0.11368284346020137,0.0,0.11504855909142309,0.11422572016987427,0.2215335558016021,6.211660975952369,BALANCE,1,-7.598753130495935e-05
5.404,0.11368284346020137,0.0,0.11351457830353745,0.11397682051665638,-0.12444982660894666,8.841490644382324,BALANCE,1,-7.598753130495935e-05
5.406,0.11368284346020137,0.0,0.11351457830353745,0.11381503574206475,-0.08089238729581255,5.760028026328339,BALANCE,1,-7.598753130495935e-05
5.408,0.11368284346020137,0.0,0.1119805975156518,0.11317298236282022,-0.3210266896222641,6.136338946606672,BALANCE,1,-7.598753130495935e-05
5.41,0.11368284346020137,0.0,0.11351457830353745,0.11329254094207125,0.05977928962551393,3.969350764267519,BALANCE,1,-7.598753130495935e-05
5.412,0.11368284346020137,0.0,0.11351457830353745,0.11337025401858442,0.038856538256581974,7.351660348280487,BALANCE,1,-7.598753130495935e-05
5.414,0.11368284346020137,0.0,0.11351457830353745,0.11342076751831798,0.02525674986678106,7.170899955875523,BALANCE,1,-7.598753130495935e-05
5.416,0.11368284346020137,0.0,0.11351457830353745,0.11345360129314479,0.016416887413404913,7.05340570081234,BALANCE,1,-7.598753130495935e-05
5.418,0.11368284346020137,0.0,0.11351457830353745,0.11347494324678221,0.01067097681871354,6.977034435021222,BALANCE,1,-7.598753130495935e-05
5.42,0.11368284346020137,0.0,0.11351457830353745,0.11348881551664655,0.006936134932168658,6.927393112257023,BALANCE,1,-7.598753130495935e-05
5.422,0.11368284346020137,0.0,0.11504855909142309,0.11403472576781834,0.2729551255858942,6.895126252460334,BALANCE,1,-7.598753130495935e-05
5.424,0.11368284346020137,0.0,0.11504855909142309,0.11438956743108,0.17742083163083122,9.285743074112473,BALANCE,1,-7.598753130495935e-05
5.426,0.11368284346020137,0.0,0.11504855909142309,0.11462021451220009,0.11532354056004168,8.460382386172999,BALANCE,1,-7.598753130495935e-05
5.428,0.11368284346020137,0.0,0.11351457830353745,0.11423324183916816,-0.1934863365159606,7.923897939012352,BALANCE,1,-7.598753130495935e-05
5.43,0.11368284346020137,0.0,0.11504855909142309,0.11451860287745738,0.14268051914460844,5.163592767837862,BALANCE,1,-7.598753130495935e-05
5.432,0.11368284346020137,0.0,0.11504855909142309,0.11470408755234537,0.09274233744399618,8.160246309107851,BALANCE,1,-7.598753130495935e-05
5.434,0.11368284346020137,0.0,0.11504855909142309,0.11482465259102258,0.06028251933860168,7.728809488919999,BALANCE,1,-7.598753130495935e-05
5.436,0.11368284346020137,0.0,0.11811652066719437,0.11597680641768271,0.576076913330066,7.448375555797927,BALANCE,1,-7.598753130495935e-05
5.438,0.11363559728429862,-0.04724703931408142,0.11351457830353745,0.11511502657773187,-0.43088991997541903,12.089274060308657,BALANCE,1,-7.568634195607083e-05
5.44,0.11354558482273835,-0.04276706727603955,0.11504855909142309,0.1150917629575238,-0.011631810104037466,3.112564002653683,BALANCE,1,-7.560925147731249e-05
5.442,0.11346501641443078,-0.037802813480807204,0.11504855909142309,0.11507664160438855,-0.0075606765676250465,6.8270776117381535,BALANCE,1,-7.554449163388148e-05
5.444,0.11339476057986725,-0.03245430507354846,0.11504855909142309,0.11506681272485064,-0.004914439768952117,6.862249835629684,BALANCE,1,-7.54909625120181e-05
5.446,0.11333551151687246,-0.02679584076181152,0.11351457830353745,0.11452353067739103,-0.27164102372980586,6.885111781159223,BALANCE,1,-7.544782343725421e-05
5.448,0.11329024307469573,-0.018473428752145367,0.11351457830353745,0.11417039734654227,-0.17656666542437832,4.488381765233334,BALANCE,1,-7.54277547459579e-05
5.45,0.1132630529878963,-0.008717154985265893,0.11504855909142309,0.11447775395725056,0.15367830535414212,5.309768876894852,BALANCE,1,-7.541987085791039e-05
5.452,0.11325099647841597,-0.0033395748463156084,0.11504855909142309,0.11467753575421094,0.09989089848019134,8.255260779994941,BALANCE,1,-7.541074656187929e-05
5.454,0.1132319926483311,-0.01566460254949397,0.1119805975156518,0.11373360737071524,-0.47196419174785204,7.790568894996593,BALANCE,1,-7.536048285287686e-05
5.456,0.11321196640559851,-0.004362006196533971,0.11504855909142309,0.11419384047296298,0.2301165511238712,2.6653386087075503,BALANCE,1,-7.535799216953885e-05
5.458,0.11319824574065183,-0.009358909510458202,0.11504855909142309,0.11449299198942402,0.14957575823051905,8.915642727686581,BALANCE,1,-7.533243305849152e-05
5.46,0.11318480329675114,-0.004083780072930483,0.1119805975156518,0.11361365392360374,-0.4396690329101366,8.219817160996193,BALANCE,1,-7.532212329133872e-05
5.462,0.11317273846537201,-0.007981271805304701,0.11044661672776616,0.11250519090506059,-0.5542315092715785,2.9443499816073118,BALANCE,1,-7.5301067289874e-05
5.464,0.11316902093778304,0.004263676265054556,0.11351457830353745,0.11285847649452749,0.17664279473345035,1.8622292785112364,BALANCE,1,-7.530098084277831e-05
5.466,0.11311157855268932,-0.061707111159477177,0.11504855909142309,0.11362500540344095,0.3832644544567304,8.361293004552325,BALANCE,1,-7.482041437377037e-05
5.468,0.11299741744047988,-0.05245608754008452,0.1119805975156518,0.11304946264271475,-0.2877713803631013,10.238751462972296,BALANCE,1,-7.478145684727351e-05
5.47,0.1129041663868035,-0.040796670482029854,0.11351457830353745,0.1132122531240027,0.08139524064397496,4.25665727789176,BALANCE,1,-7.477370419951334e-05
5.472,0.11283303983906276,-0.03033117724891885,0.11351457830353745,0.11331806693683986,0.05290690641858442,7.53840958213629,BALANCE,1,-7.475880103897036e-05
5.474,0.11278205588541419,-0.020653708248650322,0.1119805975156518,0.11284995263942404,-0.2340571487079099,7.292286957881821,BALANCE,1,-7.474386919034479e-05
5.476,0.11275229309735758,-0.009109623797781788,0.1119805975156518,0.11254567834610375,-0.15213714666014594,4.720716971596333,BALANCE,1,-7.474109256178595e-05
5.478,0.11274418512478003,0.001001503021662263,0.11504855909142309,0.11342168660696551,0.43800413043088016,5.428458102524136,BALANCE,1,-7.473909863241833e-05
5.48,0.11269807323758367,-0.04711423298905752,0.11504855909142309,0.11399109197652567,0.28470268478007765,10.711670398667362,BALANCE,1,-7.444137336681789e-05
5.482,0.11260931538376813,-0.04164524310103066,0.11351457830353745,0.1138243121909798,-0.08338989277293513,9.387235147133726,BALANCE,1,-7.43756937559972e-05
5.484,0.11253254648769422,-0.03512505613319531,0.1119805975156518,0.113179012054615,-0.32265006818239794,6.114761953116774,BALANCE,1,-7.43275682093255e-05
5.486,0.11247188820447235,-0.025534335795314736,0.11351457830353745,0.11329646024173785,0.05872409356142555,3.9553257184990485,BALANCE,1,-7.430945835822951e-05
5.488,0.11242968221485064,-0.01667242526961441,0.11044661672776616,0.11229901501184776,-0.4987226149450463,7.3425440685309695,BALANCE,1,-7.429360178795409e-05
5.49,0.11240945755130126,-0.0035526079544305634,0.11044661672776616,0.1116506756124192,-0.3241696997142787,2.3417938129982607,BALANCE,1,-7.429519661160056e-05
5.492,0.11239964039014914,-0.0062647326340007775,0.1119805975156518,0.11176614827855061,0.057736333065702694,3.849829390928777,BALANCE,1,-7.427939353214478e-05
5.494,0.11239414861397852,0.0007728560798674995,0.11504855909142309,0.11291499206305597,0.57442189225268,7.241642797103625,BALANCE,1,-7.427626507444767e-05
5.496,0.11239414861397852,0.0,0.1119805975156518,0.11258795397146451,-0.16351904579572918,11.890240450144015,BALANCE,1,-7.427632878714316e-05
5.498,0.11239414861397852,0.0,0.11504855909142309,0.11344916576345002,0.4306058959927528,5.33012511955342,BALANCE,1,-7.427632878714316e-05
5.5,0.11239414861397852,0.0,0.11044661672776616,0.11239827360096066,-0.5254460812446765,10.647753959736413,BALANCE,1,-7.427632878714316e-05
5.502,0.11239414861397852,0.0,0.11351457830353745,0.11278898024686254,0.1953533229509391,2.110918620268359,BALANCE,1,-7.427632878714316e-05
5.5040000000000004,0.11239414861397852,0.0,0.11351457830353745,0.11304293956669875,0.12697965991810556,8.522941076694476,BALANCE,1,-7.427632878714316e-05
5.506,0.11239414861397852,0.0,0.11044661672776616,0.11213422657307234,-0.45435649681320467,7.932232429344592,BALANCE,1,-7.427632878714316e-05
5.508,0.11239414861397852,0.0,0.11044661672776616,0.11154356312721518,-0.29533172292858095,2.7250912475271116,BALANCE,1,-7.427632878714316e-05
5.51,0.11239414861397852,0.0,0.11351457830353745,0.11223341843892798,0.3449276558563988,4.098972723372537,BALANCE,1,-7.427632878714316e-05
5.5120000000000005,0.11239414861397852,0.0,0.1119805975156518,0.11214493111578132,-0.044243661573330206,9.81517624371217,BALANCE,1,-7.427632878714316e-05
5.514,0.11239414861397852,0.0,0.1119805975156518,0.11208741435573599,-0.0287583800226629,6.360595007386062,BALANCE,1,-7.427632878714316e-05
5.516,0.11239414861397852,0.0,0.11044661672776616,0.11151313518594655,-0.2871395848947217,6.494378825787517,BALANCE,1,-7.427632878714316e-05
5.518,0.11239414861397852,0.0,0.11351457830353745,0.11221364027710337,0.3502525455784111,4.16974802722836,BALANCE,1,-7.427632878714316e-05
5.5200000000000005,0.11239414861397852,0.0,0.1119805975156518,0.11213207531059532,-0.04078248325402323,9.861180191218489,BALANCE,1,-7.427632878714316e-05
5.522,0.11239414861397852,0.0,0.10891263593988053,0.11100527153084515,-0.5634018898750883,6.390497573265161,BALANCE,1,-7.427632878714316e-05
5.524,0.11239414861397852,0.0,0.1119805975156518,0.11134663562552748,0.1706820473411641,1.690634932568818,BALANCE,1,-7.427632878714316e-05
5.526,0.11239414861397852,0.0,0.11351457830353745,0.11210541556283096,0.37938996865174296,8.217428021183045,BALANCE,1,-7.427632878714316e-05
5.5280000000000005,0.11239414861397852,0.0,0.1119805975156518,0.11206172924631826,-0.021843158256353024,10.112910565275584,BALANCE,1,-7.427632878714316e-05
5.53,0.11239414861397852,0.0,0.1119805975156518,0.112033333140585,-0.01419805286662773,6.554122316402313,BALANCE,1,-7.427632878714316e-05
5.532,0.11239414861397852,0.0,0.11044661672776616,0.11147798239609841,-0.27767537224329675,6.6201715766480795,BALANCE,1,-7.427632878714316e-05
5.534,0.11239414861397852,0.0,0.1119805975156518,0.1116538976879421,0.08795764592184341,4.2515133152877445,BALANCE,1,-7.427632878714316e-05
5.5360000000000005,0.11239414861397852,0.0,0.11044661672776616,0.11123134935188052,-0.21127416803078808,7.502737347936975,BALANCE,1,-7.427632878714316e-05
5.538,0.11239414861397852,0.0,0.10737865515199488,0.10988290638192054,-0.6742214849799893,4.825181066625548,BALANCE,1,-7.427632878714316e-05
5.54,0.11239414861397852,0.0,0.11351457830353745,0.11115399155448646,0.6355425862829625,0.6408505447463686,BALANCE,1,-7.427632878714316e-05
5.542,0.11239414861397852,0.0,0.1119805975156518,0.11144330364089433,0.14465604320393344,12.32592007163198,BALANCE,1,-7.427632878714316e-05
5.5440000000000005,0.11239414861397852,0.0,0.11044661672776616,0.11109446322129947,-0.17442020979743095,7.992578495533915,BALANCE,1,-7.427632878714316e-05
5.546,0.11239414861397852,0.0,0.11351457830353745,0.11194150350008276,0.4235201393916477,5.143577812563547,BALANCE,1,-7.427632878714316e-05
5.548,0.11239414861397852,0.0,0.1119805975156518,0.11195518640553193,0.006841452724580532,10.494169551686339,BALANCE,1,-7.427632878714316e-05
5.55,0.11239414861397852,0.0,0.1119805975156518,0.11196408029407388,0.004446944270979081,6.801940657569262,BALANCE,1,-7.427632878714316e-05
5.5520000000000005,0.11239414861397852,0.0,0.11504855909142309,0.11304364787314611,0.5397837895361121,6.781253498406596,BALANCE,1,-7.427632878714316e-05
5.554,0.11239414861397852,0.0,0.1119805975156518,0.1126715802480231,-0.1860338125615063,11.590987405990967,BALANCE,1,-7.427632878714316e-05
5.556,0.11239414861397852,0.0,0.1119805975156518,0.11242973629169314,-0.12092197816497563,5.135610640853868,BALANCE,1,-7.427632878714316e-05
5.558,0.11239414861397852,0.0,0.1119805975156518,0.11227253772007867,-0.07859928580723763,5.698138987541606,BALANCE,1,-7.427632878714316e-05
5.5600000000000005,0.11239414861397852,0.0,0.11351457830353745,0.11270725192428924,0.21735710210528392,6.063782412888574,BALANCE,1,-7.427632878714316e-05
5.562,0.11239414861397852,0.0,0.1119805975156518,0.11245292288126614,-0.12716452151154828,8.713040919884197,BALANCE,1,-7.427632878714316e-05
5.564,0.11239414861397852,0.0,0.1119805975156518,0.11228760900330112,-0.0826569389825102,5.6442070468979395,BALANCE,1,-7.427632878714316e-05
5.566,0.11239414861397852,0.0,0.1119805975156518,0.11218015498262386,-0.0537270103386292,6.028726651470186,BALANCE,1,-7.427632878714316e-05
5.5680000000000005,0.11239414861397852,0.0,0.2811045299197929,0.17130368621063302,29.561765614004578,6.278664394442203,BALANCE,1,-7.427632878714316e-05
5.57,0.11226262614399185,-0.13152487388792464,0.11044661672776616,0.15000371189162964,-10.64998715950169,100.0,BALANCE,1,-7.225757368601185e-05
5.572,0.1120194656159948,-0.11164009874400894,0.11044661672776616,0.13615872858427744,-6.922491653676102,-85.35922266064516,BALANCE,1,-7.245300720525558e-05
5.574,0.11187445145007086,-0.03337671793863922,0.11504855909142309,0.12877016926177842,-3.6942796612495084,-53.155831316939484,BALANCE,1,-7.347291471530718e-05
5.5760000000000005,0.11190839559183187,0.06732148009944255,0.11351457830353745,0.12343071242639408,-2.6697284176921685,-24.988856101970644,BALANCE,1,-7.315292674158548e-05
5.578,0.11206068287718544,0.08496858888195843,0.11351457830353745,0.11996006548339427,-1.7353234714999055,-16.22969735880109,BALANCE,1,-7.306660051876493e-05
5.58,0.11224947830020611,0.1038302850270254,0.1119805975156518,0.11716725169468441,-1.3964068943549333,-8.156982553727445,BALANCE,1,-7.293549576288717e-05
5.582,0.11247421961018832,0.12091513278653704,0.11351457830353745,0.11588881600778297,-0.6392178434507164,-5.321308210949734,BALANCE,1,-7.282256889496319e-05
5.5840000000000005,0.11272496263661914,0.1298324766198347,0.11351457830353745,0.11505783281129704,-0.41549159824296605,1.312732014389314,BALANCE,1,-7.291572555957277e-05
5.586,0.11298453479425562,0.12974442523651442,0.1119805975156518,0.11398080045782122,-0.5385161767379117,3.2455965388462764,BALANCE,1,-7.326228038657782e-05
5.588,0.11323728607810798,0.12301147804027998,0.11504855909142309,0.11435451597958188,0.18685776088032957,2.090368199223282,BALANCE,1,-7.37796365603447e-05
5.59,0.11346436418835594,0.10407078231014173,0.11504855909142309,0.1145974310687263,0.12145754457221214,8.541911961521782,BALANCE,1,-7.454077698363211e-05
5.5920000000000005,0.11364354744550134,0.07511574954011647,0.11504855909142309,0.11475532587667019,0.07894740397194205,7.976892162989031,BALANCE,1,-7.533321126313228e-05
5.594,0.11375650789995402,0.037846769325645645,0.1119805975156518,0.11378417095031376,-0.485577463178212,7.609629293942798,BALANCE,1,-7.593314708632873e-05
5.596,0.11379278365015773,-0.0015703561504029837,0.11351457830353745,0.11368981352394206,-0.04717871318585254,2.547727868022603,BALANCE,1,-7.613415238361056e-05
5.598,0.11380561053924908,0.014397479643905843,0.11351457830353745,0.11362848119680045,-0.030666163570801375,6.42760546572129,BALANCE,1,-7.612945116996687e-05
5.6000000000000005,0.11378440883356061,-0.035599572762671824,0.11504855909142309,0.11412550845991838,0.24851363155896367,6.570264282212088,BALANCE,1,-7.598803956767126e-05
5.602,0.11374972028490664,0.0009103901449258531,0.10891263593988053,0.11230100307790514,-0.9122526910066222,9.074582793451114,BALANCE,1,-7.6076775944075e-05
5.604,0.11374972028490664,0.0,0.11351457830353745,0.11272575440687645,0.21237566448565476,-1.323232918337099,BALANCE,1,-7.607686435049804e-05
5.606,0.11374972028490664,0.0,0.1119805975156518,0.11246494949494783,-0.13040245596430966,8.670004198614256,BALANCE,1,-7.607686435049804e-05
5.6080000000000005,0.11374972028490664,0.0,0.11351457830353745,0.1128323195779542,0.1836850415031857,5.616233178072456,BALANCE,1,-7.607686435049804e-05
5.61,0.11374972028490664,0.0,0.11351457830353745,0.11307111013190835,0.11939527697707453,8.422133917253708,BALANCE,1,-7.607686435049804e-05
5.612,0.11374972028490664,0.0,0.11351457830353745,0.11322632399197854,0.07760693003509844,7.866707775708171,BALANCE,1,-7.607686435049804e-05
5.614,0.11374972028490664,0.0,0.1119805975156518,0.1127903197252642,-0.2180021333571744,7.5056807837035375,BALANCE,1,-7.607686435049804e-05
5.6160000000000005,0.11374972028490664,0.0,0.11351457830353745,0.11304381022765984,0.12674525119782398,4.859422958380462,BALANCE,1,-7.607686435049804e-05
5.618,0.11374972028490664,0.0,0.11504855909142309,0.11374547232997698,0.35083105115856633,7.930207274453917,BALANCE,1,-7.607686435049804e-05
5.62,0.11374972028490664,0.0,0.11044661672776616,0.11259087286920319,-0.5772997303868932,9.958545738408267,BALANCE,1,-7.607686435049804e-05
5.622,0.11374972028490664,0.0,0.11351457830353745,0.11291416977122018,0.1616484510084948,1.6629332764051055,BALANCE,1,-7.607686435049804e-05
5.6240000000000006,0.11374972028490664,0.0,0.11658253987930872,0.11419809930905117,0.6419647689154956,8.231750603183329,BALANCE,1,-7.607686435049804e-05
5.626,0.11374972028490664,0.0,0.11351457830353745,0.11395886695712137,-0.11961617596489837,12.566139182602495,BALANCE,1,-7.607686435049804e-05
5.628,0.11374972028490664,0.0,0.11351457830353745,0.11380336592836701,-0.07775051437718117,5.8017879541581046,BALANCE,1,-7.607686435049804e-05
5.63,0.11374972028490664,0.0,0.11351457830353745,0.11370229025967667,-0.050537834345172616,6.163482899696018,BALANCE,1,-7.607686435049804e-05
5.632,0.11374972028490664,0.0,0.11504855909142309,0.11417348435078792,0.23559704555562583,6.398584614295595,BALANCE,1,-7.607686435049804e-05
5.634,0.11374972028490664,0.0,0.11658253987930872,0.11501665378577021,0.4215847174911455,8.962991009305423,BALANCE,1,-7.607686435049804e-05
5.636,0.11374972028490664,0.0,0.11351457830353745,0.11449092736698875,-0.26286320939072905,10.662183824568483,BALANCE,1,-7.607686435049804e-05
5.638,0.11374972028490664,0.0,0.11351457830353745,0.1141492051947808,-0.1708610861039725,4.56421697143597,BALANCE,1,-7.607686435049804e-05
5.64,0.11374972028490664,0.0,0.11504855909142309,0.11446397905860561,0.15738693191240383,5.359061760926619,BALANCE,1,-7.607686435049804e-05
5.642,0.11374972028490664,0.0,0.1119805975156518,0.11359479551857178,-0.43459177001691635,8.287301154615571,BALANCE,1,-7.607686435049804e-05
5.644,0.11374972028490664,0.0,0.11504855909142309,0.11410361276906975,0.25440862524898217,2.988214577459865,BALANCE,1,-7.607686435049804e-05
5.646,0.11374972028490664,0.0,0.11351457830353745,0.11389745070613344,-0.1030810314681524,9.125512107375611,BALANCE,1,-7.607686435049804e-05
5.648,0.11374972028490664,0.0,0.1119805975156518,0.11322655208946487,-0.33544930833428327,5.944641977273952,BALANCE,1,-7.607686435049804e-05
5.65,0.11374972028490664,0.0,0.11351457830353745,0.11332736126439028,0.050404587462700434,3.8447477342012673,BALANCE,1,-7.607686435049804e-05
5.652,0.11374972028490664,0.0,0.11504855909142309,0.11392978050385176,0.3012096197307426,7.2706683787374145,BALANCE,1,-7.607686435049804e-05
5.654,0.11374972028490664,0.0,0.11351457830353745,0.11378445973374175,-0.07266038505500394,9.5298454561926,BALANCE,1,-7.607686435049804e-05
5.656,0.11374972028490664,0.0,0.11351457830353745,0.11369000123317025,-0.047229250285753255,6.207458654005032,BALANCE,1,-7.607686435049804e-05
5.658,0.11374972028490664,0.0,0.11351457830353745,0.11362860320779877,-0.030699012685736493,6.4271688545964905,BALANCE,1,-7.607686435049804e-05
5.66,0.11374972028490664,0.0,0.11351457830353745,0.11358869449130732,-0.019954358245727333,6.569980484980973,BALANCE,1,-7.607686435049804e-05
5.662,0.11374972028490664,0.0,0.11658253987930872,0.11463654037710781,0.523922942900247,6.66280804473087,BALANCE,1,-7.607686435049804e-05
5.664,0.11374972028490664,0.0,0.11504855909142309,0.11478074692711816,0.07210327500517533,11.546326519608359,BALANCE,1,-7.607686435049804e-05
5.666,0.11374972028490664,0.0,0.11504855909142309,0.11487448118462489,0.04686712875336119,7.550500003731953,BALANCE,1,-7.607686435049804e-05
5.668,0.11374972028490664,0.0,0.11351457830353745,0.11439851517624429,-0.23798300419029805,7.332474390425635,BALANCE,1,-7.607686435049804e-05
5.67,0.11374972028490664,0.0,0.11351457830353745,0.1140891372707969,-0.15468895272369165,4.779167461256539,BALANCE,1,-7.607686435049804e-05
5.672,0.11374972028490664,0.0,0.11504855909142309,0.11442493490801607,0.16789881860958256,5.498779579309995,BALANCE,1,-7.607686435049804e-05
5.674,0.11374972028490664,0.0,0.11351457830353745,0.11410631009644856,-0.15931240578375555,8.378117736564732,BALANCE,1,-7.607686435049804e-05
5.676,0.11374972028490664,0.0,0.11351457830353745,0.11389920396892968,-0.10355306375944145,5.458835636246939,BALANCE,1,-7.607686435049804e-05
5.678,0.11374972028490664,0.0,0.11351457830353745,0.1137645849860424,-0.06730949144363729,5.940563893053733,BALANCE,1,-7.607686435049804e-05
5.68,0.11374972028490664,0.0,0.11504855909142309,0.11421397592292565,0.22469546844162275,6.2536872599781494,BALANCE,1,-7.607686435049804e-05
5.682,0.11374972028490664,0.0,0.11351457830353745,0.11396918675613979,-0.12239458339292908,8.868807728999075,BALANCE,1,-7.607686435049804e-05
5.684,0.11374972028490664,0.0,0.11351457830353745,0.11381007379772898,-0.07955647920540598,5.777784131329266,BALANCE,1,-7.607686435049804e-05
5.686,0.11374972028490664,0.0,0.11351457830353745,0.11370665037476195,-0.05171171148351389,6.147880414857231,BALANCE,1,-7.607686435049804e-05
5.688,0.11374972028490664,0.0,0.1119805975156518,0.1131025318740734,-0.30205925034427344,6.388442999150426,BALANCE,1,-7.607686435049804e-05
5.69,0.11374972028490664,0.0,0.1119805975156518,0.11270985484862585,-0.1963385127237774,4.1332183984209285,BALANCE,1,-7.607686435049804e-05
5.692,0.11374972028490664,0.0,0.11504855909142309,0.11352840133360488,0.40927324248951624,5.046584029960168,BALANCE,1,-7.607686435049804e-05
5.694,0.11374972028490664,0.0,0.1119805975156518,0.1129866699973213,-0.27086566814178703,10.463452251500751,BALANCE,1,-7.607686435049804e-05
5.696,0.11374972028490664,0.0,0.11658253987930872,0.11424522445601691,0.6292772293478022,4.402712790435287,BALANCE,1,-7.607686435049804e-05
5.698,0.11374972028490664,0.0,0.11351457830353745,0.11398949830264911,-0.12786307668390118,12.456526226329679,BALANCE,1,-7.607686435049804e-05
5.7,0.11374972028490664,0.0,0.1119805975156518,0.11328638302720005,-0.3515576377245283,5.730539532580756,BALANCE,1,-7.607686435049804e-05
5.702,0.11374972028490664,0.0,0.11504855909142309,0.11390314464967811,0.30838081123903127,3.705581145150616,BALANCE,1,-7.607686435049804e-05
5.704,0.11374972028490664,0.0,0.11351457830353745,0.11376714642852889,-0.06799911057461111,9.591800376374572,BALANCE,1,-7.607686435049804e-05
5.706,0.11374972028490664,0.0,0.11504855909142309,0.11421564086054187,0.22424721600648734,6.2477293521233594,BALANCE,1,-7.607686435049804e-05
5.708,0.11374972028490664,0.0,0.11658253987930872,0.11504405551711028,0.41420732828420515,8.86493508889344,BALANCE,1,-7.607686435049804e-05
5.71,0.11374972028490664,0.0,0.11658253987930872,0.11558252504387974,0.26923476338473057,10.598447476300692,BALANCE,1,-7.607686435049804e-05
5.712,0.11374972028490664,0.0,0.11351457830353745,0.11485874368475994,-0.36189067955989807,9.345968906101982,BALANCE,1,-7.607686435049804e-05
5.714,0.11374972028490664,0.0,0.11351457830353745,0.11438828580133208,-0.23522894171393305,3.7086772744327496,BALANCE,1,-7.607686435049804e-05
5.716,0.11374972028490664,0.0,0.11351457830353745,0.11408248817710397,-0.1528988121140551,4.802960957874519,BALANCE,1,-7.607686435049804e-05
5.718,0.11374972028490664,0.0,0.11658253987930872,0.11495750627287564,0.4375090478858368,5.514245352111676,BALANCE,1,-7.607686435049804e-05
5.72,0.11374972028490664,0.0,0.11351457830353745,0.11445248148360727,-0.25251239463418285,10.799760769405907,BALANCE,1,-7.607686435049804e-05
5.722,0.11374972028490664,0.0,0.11351457830353745,0.11412421537058284,-0.16413305651221538,4.653641985580267,BALANCE,1,-7.607686435049804e-05
5.724,0.11374972028490664,0.0,0.11351457830353745,0.11391084239711696,-0.10668648673294034,5.41718802012043,BALANCE,1,-7.607686435049804e-05
5.726,0.11374972028490664,0.0,0.11658253987930872,0.11484593651588408,0.4675470593835593,5.913492942571503,BALANCE,1,-7.607686435049804e-05
5.728,0.11374972028490664,0.0,0.11351457830353745,0.11437996114156276,-0.2329876871606587,11.059271703204775,BALANCE,1,-7.607686435049804e-05
5.73,0.11374972028490664,0.0,0.11658253987930872,0.11515086369977386,0.38545127910554616,4.822324092549572,BALANCE,1,-7.607686435049804e-05
5.732,0.11374972028490664,0.0,0.1119805975156518,0.11404127053533114,-0.5547965822213576,10.350011950690556,BALANCE,1,-7.607686435049804e-05
5.734,0.11374972028490664,0.0,0.11504855909142309,0.11439382152996333,0.1762754973160946,1.9497149728952452,BALANCE,1,-7.607686435049804e-05
5.736,0.11374972028490664,0.0,0.11351457830353745,0.11408608640071427,-0.15386756462452966,8.450487364408602,BALANCE,1,-7.607686435049804e-05
5.738,0.11374972028490664,0.0,0.1119805975156518,0.11334916529094241,-0.3684605548859299,5.505875894345394,BALANCE,1,-7.607686435049804e-05
5.74,0.11374972028490664,0.0,0.11351457830353745,0.11340705984535068,0.028947277204136035,3.559549780297692,BALANCE,1,-7.607686435049804e-05
5.742,0.11374972028490664,0.0,0.11351457830353745,0.11344469130571605,0.018815730182683565,7.0852897087001425,BALANCE,1,-7.607686435049804e-05
5.744,0.11374972028490664,0.0,0.11504855909142309,0.11400604503071352,0.2806768624987327,6.997759040148276,BALANCE,1,-7.607686435049804e-05
5.746,0.11374972028490664,0.0,0.11504855909142309,0.11437092495196187,0.18243996062417694,9.35245438610967,BALANCE,1,-7.607686435049804e-05
5.748,0.11374972028490664,0.0,0.11504855909142309,0.1146080969007733,0.11858597440571328,8.503744738971182,BALANCE,1,-7.607686435049804e-05
5.75,0.11374972028490664,0.0,0.11044661672776616,0.1131515788402208,-0.7282590302762487,7.952083468331144,BALANCE,1,-7.607686435049804e-05
5.752,0.11374972028490664,0.0,0.1119805975156518,0.11274173537662166,-0.20492173179956913,0.35873280085496584,BALANCE,1,-7.607686435049804e-05
5.7540000000000004,0.11374972028490664,0.0,0.11504855909142309,0.11354912367680216,0.40369415009024884,4.972430013555725,BALANCE,1,-7.607686435049804e-05
5.756,0.11374972028490664,0.0,0.11504855909142309,0.11407392607191949,0.26240119755866625,10.41525214083784,BALANCE,1,-7.607686435049804e-05
5.758,0.11374972028490664,0.0,0.1119805975156518,0.11334126107722581,-0.36633249734684126,9.194563279544527,BALANCE,1,-7.607686435049804e-05
5.76,0.11374972028490664,0.0,0.11044661672776616,0.11232813555491494,-0.5065627611554324,3.577934958663726,BALANCE,1,-7.607686435049804e-05
5.7620000000000005,0.11374972028490664,0.0,0.11504855909142309,0.1132802837926928,0.4760741188889264,2.274059513597943,BALANCE,1,-7.607686435049804e-05
5.764,0.11374972028490664,0.0,0.11351457830353745,0.11336228687148843,0.04100153939781692,11.040572937878684,BALANCE,1,-7.607686435049804e-05
5.766,0.11374972028490664,0.0,0.11351457830353745,0.11341558887270559,0.026651000608578224,7.189431517100998,BALANCE,1,-7.607686435049804e-05
5.768,0.11374972028490664,0.0,0.1119805975156518,0.11291334189773676,-0.2511234874844129,7.06545121560885,BALANCE,1,-7.607686435049804e-05
5.7700000000000005,0.11374972028490664,0.0,0.11504855909142309,0.11366066791552698,0.3736630088951101,4.573273739118911,BALANCE,1,-7.607686435049804e-05
5.772,0.11374972028490664,0.0,0.11504855909142309,0.11414642982709063,0.24288095578182262,10.155800562453997,BALANCE,1,-7.607686435049804e-05
5.774,0.11374972028490664,0.0,0.11504855909142309,0.11446217506960699,0.1578726212581802,9.025919753594998,BALANCE,1,-7.607686435049804e-05
5.776,0.11374972028490664,0.0,0.11504855909142309,0.11466740947724263,0.10261720381782302,8.291497227836599,BALANCE,1,-7.607686435049804e-05
5.7780000000000005,0.11374972028490664,0.0,0.11351457830353745,0.11426391856644583,-0.20174545539840272,7.814122586093734,BALANCE,1,-7.607686435049804e-05
5.78,0.11374972028490664,0.0,0.11658253987930872,0.11507543602594784,0.40575872975100874,5.09223878844076,BALANCE,1,-7.607686435049804e-05
5.782,0.11374972028490664,0.0,0.1119805975156518,0.11399224254734423,-0.5415967393018056,10.525456503019793,BALANCE,1,-7.607686435049804e-05
5.784,0.11374972028490664,0.0,0.11351457830353745,0.11382506006201186,-0.08359124266618667,2.0637539319092624,BALANCE,1,-7.607686435049804e-05
5.7860000000000005,0.11374972028490664,0.0,0.1119805975156518,0.11317949817078585,-0.32278094561300624,6.113022407247633,BALANCE,1,-7.607686435049804e-05
5.788,0.11374972028490664,0.0,0.1119805975156518,0.11275988294148893,-0.2098076146484565,3.9541950136841537,BALANCE,1,-7.607686435049804e-05
5.79,0.11374972028490664,0.0,0.11044661672776616,0.11195023976668597,-0.4048215874014813,4.930218829881238,BALANCE,1,-7.607686435049804e-05
5.792,0.11374972028490664,0.0,0.11351457830353745,0.112497758254584,0.2737592439490122,3.153044029889335,BALANCE,1,-7.607686435049804e-05
5.7940000000000005,0.11374972028490664,0.0,0.11351457830353745,0.1128536452717177,0.17794350856685515,9.200322592948076,BALANCE,1,-7.607686435049804e-05
5.796,0.11374972028490664,0.0,0.11351457830353745,0.11308497183285462,0.11566328056845931,8.372530414909452,BALANCE,1,-7.607686435049804e-05
5.798,0.11374972028490664,0.0,0.11351457830353745,0.11323533409759362,0.07518113236949786,7.8344654991844,BALANCE,1,-7.607686435049804e-05
5.8,0.11374972028490664,0.0,0.11351457830353745,0.11333306956967397,0.0488677360401743,7.484723303963079,BALANCE,1,-7.607686435049804e-05
5.8020000000000005,0.11374972028490664,0.0,0.11811652066719437,0.11500727745380611,0.8371039420660698,7.257390877069235,BALANCE,1,-7.607686435049804e-05
5.804,0.11374972028490664,0.0,0.1119805975156518,0.1139479394754521,-0.5296689891770012,14.344395641148344,BALANCE,1,-7.607686435049804e-05
5.806,0.11374972028490664,0.0,0.11504855909142309,0.11433315634104195,0.1926084327949218,2.1668027496794484,BALANCE,1,-7.607686435049804e-05
5.808,0.11374972028490664,0.0,0.11351457830353745,0.11404665402791538,-0.14325115656328713,8.591594419318294,BALANCE,1,-7.607686435049804e-05
5.8100000000000005,0.11374972028490664,0.0,0.1119805975156518,0.11332353424862313,-0.361559889646125,5.597595480036737,BALANCE,1,-7.607686435049804e-05
5.812,0.11374972028490664,0.0,0.1119805975156518,0.11285350639208316,-0.2350139282699809,3.61916751099704,BALANCE,1,-7.607686435049804e-05
5.814,0.11374972028490664,0.0,0.1119805975156518,0.11254798828533219,-0.1527590533754869,4.712450953134639,BALANCE,1,-7.607686435049804e-05
5.816,0.11374972028490664,0.0,0.1119805975156518,0.11234940151594405,-0.09929338469406856,5.423085190524082,BALANCE,1,-7.607686435049804e-05
5.8180000000000005,0.11374972028490664,0.0,0.1119805975156518,0.11222032011584177,-0.06454070005114387,5.884997444827196,BALANCE,1,-7.607686435049804e-05
5.82,0.11374972028490664,0.0,0.11504855909142309,0.11321020375729524,0.4949418207267353,6.185240410124243,BALANCE,1,-7.607686435049804e-05
5.822,0.11374972028490664,0.0,0.11504855909142309,0.11385362812423999,0.32171218347237795,11.203578898607466,BALANCE,1,-7.607686435049804e-05
5.824,0.11374972028490664,0.0,0.11504855909142309,0.11427185396275408,0.2091129192570429,9.706975672094744,BALANCE,1,-7.607686435049804e-05
5.8260000000000005,0.11374972028490664,0.0,0.1119805975156518,0.11346991420626829,-0.4009698782428961,8.734183574861449,BALANCE,1,-7.607686435049804e-05
5.828,0.11374972028490664,0.0,0.11658253987930872,0.11455933319183244,0.5447094927820764,3.278688150619729,BALANCE,1,-7.607686435049804e-05
5.83,0.11374972028490664,0.0,0.11044661672776616,0.11311988242940925,-0.7197253812115945,11.725910210449522,BALANCE,1,-7.607686435049804e-05
5.832,0.11374972028490664,0.0,0.11658253987930872,0.11433181253687406,0.6059650537324074,0.43245856121857157,BALANCE,1,-7.607686435049804e-05
5.8340000000000005,0.11374972028490664,0.0,0.1119805975156518,0.11350888727944627,-0.4114626287138948,12.255122599352138,BALANCE,1,-7.607686435049804e-05
5.836,0.11374972028490664,0.0,0.11504855909142309,0.11404777241363816,0.26944256709594133,3.1880368945253013,BALANCE,1,-7.607686435049804e-05
5.838,0.11374972028490664,0.0,0.11658253987930872,0.11493494102662286,0.4435843064923492,9.2553966134681,BALANCE,1,-7.607686435049804e-05
5.84,0.11374972028490664,0.0,0.11504855909142309,0.11497470734930294,0.01988316134004381,10.852247467274212,BALANCE,1,-7.607686435049804e-05
5.8420000000000005,0.11374972028490664,0.0,0.11351457830353745,0.11446366218328502,-0.25552258300896163,7.0993486197147755,BALANCE,1,-7.607686435049804e-05
5.844,0.11374972028490664,0.0,0.11044661672776616,0.11305769627385343,-0.7029829547157973,4.627635710294416,BALANCE,1,-7.607686435049804e-05
5.846,0.11374972028490664,0.0,0.11504855909142309,0.1137544982600028,0.34840099307469063,0.5771033801445067,BALANCE,1,-7.607686435049804e-05
5.848,0.11374972028490664,0.0,0.1119805975156518,0.11313363299947995,-0.31043263026142576,9.937551451133963,BALANCE,1,-7.607686435049804e-05
5.8500000000000005,0.11374972028490664,0.0,0.11351457830353745,0.11326696385590009,0.0666654282100651,4.060877270196856,BALANCE,1,-7.607686435049804e-05
5.852,0.11374972028490664,0.0,0.1119805975156518,0.11281673563681319,-0.22511410954344918,7.4111525771346125,BALANCE,1,-7.607686435049804e-05
5.854,0.11374972028490664,0.0,0.1119805975156518,0.1125240872944067,-0.14632417120324231,4.797979624110631,BALANCE,1,-7.607686435049804e-05
5.856,0.11374972028490664,0.0,0.11351457830353745,0.11287075914760247,0.17333592659788538,5.478678826658467,BALANCE,1,-7.607686435049804e-05
5.8580000000000005,0.11374972028490664,0.0,0.11351457830353745,0.11309609585217972,0.11266835228862515,8.33272358883467,BALANCE,1,-7.607686435049804e-05
5.86,0.11374972028490664,0.0,0.11351457830353745,0.11324256471015494,0.07323442898760774,7.808591062235759,BALANCE,1,-7.607686435049804e-05
5.862,0.11374972028490664,0.0,0.11351457830353745,0.11333776946783883,0.04760237884194468,7.4679049199464815,BALANCE,1,-7.607686435049804e-05
5.864,0.11374972028490664,0.0,0.11658253987930872,0.1144734391118533,0.5678348220072362,7.246458927458436,BALANCE,1,-7.607686435049804e-05
5.8660000000000005,0.11374972028490664,0.0,0.11044661672776616,0.1130640512774228,-0.7046939172152474,11.925699593381298,BALANCE,1,-7.607686435049804e-05
5.868,0.11374972028490664,0.0,0.11351457830353745,0.11322173573656294,0.07884222957006692,0.5623216601241641,BALANCE,1,-7.607686435049804e-05
5.87,0.11374972028490664,0.0,0.11351457830353745,0.11332423063500402,0.05124744922054003,7.51635305260074,BALANCE,1,-7.607686435049804e-05
5.872,0.11374972028490664,0.0,0.11351457830353745,0.11339085231899072,0.033310841993351714,7.277950213683677,BALANCE,1,-7.607686435049804e-05
5.8740000000000006,0.11374972028490664,0.0,0.1119805975156518,0.1128972631378221,-0.2467945905843122,7.122988368387621,BALANCE,1,-7.607686435049804e-05
5.876,0.11374972028490664,0.0,0.11351457830353745,0.11311332344582248,0.10803015400018962,4.610672888425093,BALANCE,1,-7.607686435049804e-05
5.878,0.11374972028490664,0.0,0.11044661672776616,0.11217997609450277,-0.46667367565985524,7.768519728982973,BALANCE,1,-7.607686435049804e-05
5.88,0.11374972028490664,0.0,0.11351457830353745,0.1126470868676649,0.2335553865810691,2.618677992292014,BALANCE,1,-7.607686435049804e-05
5.882000000000001,0.11374972028490664,0.0,0.1119805975156518,0.11241381559446033,-0.1166356366022886,8.852984668509817,BALANCE,1,-7.607686435049804e-05
5.884,0.11374972028490664,0.0,0.11504855909142309,0.1133359758183973,0.4610801119684857,5.735170483504586,BALANCE,1,-7.607686435049804e-05
5.886,0.11374972028490664,0.0,0.11504855909142309,0.11393537996395633,0.29970207277951744,10.91103344630464,BALANCE,1,-7.607686435049804e-05
5.888,0.11374972028490664,0.0,0.11504855909142309,0.1143249926585697,0.19480634730668217,9.516821128097922,BALANCE,1,-7.607686435049804e-05
5.89,0.11374972028490664,0.0,0.11351457830353745,0.11404134763430841,-0.14182251213064323,8.610583121263504,BALANCE,1,-7.607686435049804e-05
5.892,0.11374972028490664,0.0,0.11351457830353745,0.11385697836853859,-0.09218463288491324,5.609938136301119,BALANCE,1,-7.607686435049804e-05
5.894,0.11374972028490664,0.0,0.11351457830353745,0.11373713834578819,-0.059920011375197424,6.038780518088997,BALANCE,1,-7.607686435049804e-05
5.896,0.11374972028490664,0.0,0.1119805975156518,0.11312234905524046,-0.3073946452738646,6.3175280662510405,BALANCE,1,-7.607686435049804e-05
5.898,0.11374972028490664,0.0,0.11351457830353745,0.1132596292921444,0.06864011845197221,4.087123692036355,BALANCE,1,-7.607686435049804e-05
5.9,0.11374972028490664,0.0,0.11351457830353745,0.11334886144613197,0.04461607699378367,7.428212751330219,BALANCE,1,-7.607686435049804e-05
5.902,0.11374972028490664,0.0,0.11351457830353745,0.1134068623462239,0.02900045004596008,7.2206590178578836,BALANCE,1,-7.607686435049804e-05
5.904,0.11374972028490664,0.0,0.11351457830353745,0.11344456293128365,0.018850292529876134,7.0857490911008565,BALANCE,1,-7.607686435049804e-05
5.906,0.11374972028490664,0.0,0.1119805975156518,0.1129321750358125,-0.25619394773557236,6.998057638708802,BALANCE,1,-7.607686435049804e-05
5.908,0.11374972028490664,0.0,0.1119805975156518,0.11259912290375626,-0.16652606602812065,4.529467914133852,BALANCE,1,-7.607686435049804e-05
5.91,0.11374972028490664,0.0,0.11504855909142309,0.11345642556943965,0.4286513328416938,5.304146215173576,BALANCE,1,-7.607686435049804e-05
5.912,0.11374972028490664,0.0,0.1119805975156518,0.11293988575061391,-0.25826990941286987,10.630867671889472,BALANCE,1,-7.607686435049804e-05
5.914,0.11374972028490664,0.0,0.11504855909142309,0.11367792141989713,0.36901783464161203,4.511532813687973,BALANCE,1,-7.607686435049804e-05
5.916,0.11374972028490664,0.0,0.1119805975156518,0.11308385805341127,-0.29703168324293067,10.115668960923879,BALANCE,1,-7.607686435049804e-05
5.918,0.11374972028490664,0.0,0.11504855909142309,0.11377150341671541,0.3438226816520687,4.176653651560268,BALANCE,1,-7.607686435049804e-05
5.92,0.11374972028490664,0.0,0.11351457830353745,0.11368157962710312,-0.04496189480614199,9.897997505540836,BALANCE,1,-7.607686435049804e-05
5.922,0.11374972028490664,0.0,0.11658253987930872,0.11469691571537509,0.5076680441359823,6.446757486081385,BALANCE,1,-7.607686435049804e-05
5.924,0.11374972028490664,0.0,0.11504855909142309,0.1148199908969919,0.0615375908084026,11.405893656486237,BALANCE,1,-7.607686435049804e-05
5.926,0.11374972028490664,0.0,0.11504855909142309,0.11489998976504281,0.0399994340254603,7.459218642702567,BALANCE,1,-7.607686435049804e-05
5.928,0.11374972028490664,0.0,0.11504855909142309,0.11495198902927592,0.025999632116552318,7.273141505756548,BALANCE,1,-7.607686435049804e-05
5.93,0.11374972028490664,0.0,0.1119805975156518,0.11391200199950749,-0.519993514884215,7.152191366741675,BALANCE,1,-7.607686435049804e-05
5.932,0.11374972028490664,0.0,0.11351457830353745,0.11377290370591799,-0.06954914679475205,2.250393215341876,BALANCE,1,-7.607686435049804e-05
5.934,0.11374972028490664,0.0,0.1119805975156518,0.11314559653932482,-0.3136535832965817,6.234337941478838,BALANCE,1,-7.607686435049804e-05
5.936,0.11374972028490664,0.0,0.11351457830353745,0.11327474015679925,0.06457180873721546,4.033050110934366,BALANCE,1,-7.607686435049804e-05
5.938,0.11374972028490664,0.0,0.11658253987930872,0.11443247005967758,0.578864951439162,7.39306492361401,BALANCE,1,-7.607686435049804e-05
5.94,0.11374972028490664,0.0,0.1119805975156518,0.11357431466926857,-0.429077695204505,12.020993490882418,BALANCE,1,-7.607686435049804e-05
5.942,0.11374972028490664,0.0,0.1119805975156518,0.11301651366550271,-0.27890050188292964,3.0358529740199782,BALANCE,1,-7.607686435049804e-05
5.944,0.11374972028490664,0.0,0.11351457830353745,0.11319083628881488,0.08716131165608515,4.333296504099534,BALANCE,1,-7.607686435049804e-05
5.946,0.11374972028490664,0.0,0.11351457830353745,0.11330414599396778,0.05665485257645014,7.588225079171332,BALANCE,1,-7.607686435049804e-05
5.948,0.11374972028490664,0.0,0.11504855909142309,0.11391469057807714,0.3052722920546813,7.324667030954545,BALANCE,1,-7.607686435049804e-05
5.95,0.11374972028490664,0.0,0.11504855909142309,0.11431154455774822,0.19842698983554147,9.564944580133748,BALANCE,1,-7.607686435049804e-05
5.952,0.11374972028490664,0.0,0.11504855909142309,0.11456949964453443,0.1289775433931037,8.641863365086815,BALANCE,1,-7.607686435049804e-05
5.954,0.11374972028490664,0.0,0.11044661672776616,0.11312649062366555,-0.7215045104344425,8.041860575306336,BALANCE,1,-7.607686435049804e-05
5.956,0.11374972028490664,0.0,0.11658253987930872,0.11433610786314066,0.6048086197375582,0.41708792038886205,BALANCE,1,-7.607686435049804e-05
5.958,0.11374972028490664,0.0,0.11504855909142309,0.11458546579303952,0.12467896494942898,12.245131682812845,BALANCE,1,-7.607686435049804e-05
5.96,0.11374972028490664,0.0,0.1119805975156518,0.11367376189595382,-0.4558519485428486,8.004723359814882,BALANCE,1,-7.607686435049804e-05
5.962,0.11374972028490664,0.0,0.1119805975156518,0.11308115436284812,-0.2963037665528537,2.8045390108394295,BALANCE,1,-7.607686435049804e-05
5.964,0.11374972028490664,0.0,0.11351457830353745,0.11323285274208938,0.07584918962063453,4.18294242803217,BALANCE,1,-7.607686435049804e-05
5.966,0.11374972028490664,0.0,0.11504855909142309,0.11386834996435619,0.31774861113340047,7.490494929727546,BALANCE,1,-7.607686435049804e-05
5.968,0.11374972028490664,0.0,0.11351457830353745,0.11374452988306963,-0.06191004064327876,9.672732714336192,BALANCE,1,-7.607686435049804e-05
5.97,0.11374972028490664,0.0,0.11351457830353745,0.11366404683023337,-0.04024152641812773,6.300335371798345,BALANCE,1,-7.607686435049804e-05
5.972,0.11374972028490664,0.0,0.1119805975156518,0.11307483957012983,-0.2946036300517721,6.48753872116218,BALANCE,1,-7.607686435049804e-05
5.974,0.11374972028490664,0.0,0.1119805975156518,0.11269185485106252,-0.1914923595336543,4.197630617728573,BALANCE,1,-7.607686435049804e-05
5.976,0.11374972028490664,0.0,0.11044661672776616,0.1119060215079088,-0.3929166715768567,5.088451972510112,BALANCE,1,-7.607686435049804e-05
5.978,0.11374972028490664,0.0,0.11351457830353745,0.11246901638637884,0.281497439235015,3.2558955725981304,BALANCE,1,-7.607686435049804e-05
5.98,0.11374972028490664,0.0,0.11351457830353745,0.11283496305738436,0.18297333550276046,9.267176095708766,BALANCE,1,-7.607686435049804e-05
5.982,0.11374972028490664,0.0,0.11351457830353745,0.11307282839353794,0.11893266807679048,8.41598519170393,BALANCE,1,-7.607686435049804e-05
5.984,0.11374972028490664,0.0,0.11504855909142309,0.11376433413779774,0.3457528721299008,7.862711104100747,BALANCE,1,-7.607686435049804e-05
5.986,0.11374972028490664,0.0,0.1119805975156518,0.11314002632004666,-0.31215390887553984,9.914673227678763,BALANCE,1,-7.607686435049804e-05
5.988,0.11374972028490664,0.0,0.11351457830353745,0.11327111951426844,0.06554659711088817,4.04600642495097,BALANCE,1,-7.607686435049804e-05
5.99,0.11374972028490664,0.0,0.11504855909142309,0.11389322336627257,0.3110519260020664,7.401486527724761,BALANCE,1,-7.607686435049804e-05
5.992,0.11374972028490664,0.0,0.11811652066719437,0.1153713774215952,0.7390770276613153,9.614877253034392,BALANCE,1,-7.607686435049804e-05
5.994,0.11370179570288648,-0.047925457822527634,0.1119805975156518,0.11418460445451502,-0.5933864835400912,13.497500163512333,BALANCE,1,-7.576784483015807e-05
5.996,0.11361133564057183,-0.042536257690306264,0.11044661672776616,0.11287630875015292,-0.6541478521810487,1.6163206892160462,BALANCE,1,-7.569907457298083e-05
5.998,0.11353784593154928,-0.030954794406981748,0.11658253987930872,0.11417348964535745,0.6485904476022653,0.9990102384569172,BALANCE,1,-7.569181754461144e-05
