t,th,om,th_meas,th_hat,om_hat,duty,mode,valid,E
0.0,0.03490918996990158,0.0008347485911903534,0.0337475773334841,0.03450093234264572,-0.2028263486204343,0.0,BALANCE,1,-7.1721802465389055e-06
0.002,0.034912066187716334,0.0012163674689843434,0.032213596545598466,0.03370036481367918,-0.40028376448326963,0.11186128789881722,BALANCE,1,-7.173278546929271e-06
0.004,0.034915319976557904,0.0014769968336649187,0.035281558121369745,0.03425378247137088,0.2767088288458501,-0.3068645390318056,BALANCE,1,-7.174540718686464e-06
0.006,0.0349178862775545,0.0013561396725933759,0.0337475773334841,0.03407661067311051,-0.08858589913018564,1.1526023463432444,BALANCE,1,-7.175631875417511e-06
0.008,0.034920236153596684,0.0012435014852555464,0.0337475773334841,0.03396144900424127,-0.05758083443462014,0.3740546452566408,BALANCE,1,-7.1766288700749065e-06
0.01,0.0349223389653447,0.0011244516045266738,0.035281558121369745,0.03442348719523624,0.2310190954974839,0.4573416767854794,BALANCE,1,-7.177523216228488e-06
0.012,0.03492373407999058,0.0008613999677342442,0.035281558121369745,0.03472381201938297,0.15016241207336384,1.1740685987082136,BALANCE,1,-7.1781523714876e-06
0.014,0.03492455420595488,0.0005840981428608429,0.035281558121369745,0.03491902315507834,0.09760556784768615,1.0182656855024654,BALANCE,1,-7.178532235085443e-06
0.016,0.03492492212110808,0.0003386214924702281,0.0337475773334841,0.03450901711752036,-0.205003018778991,0.9203154982675806,BALANCE,1,-7.178707627424922e-06
0.018000000000000002,0.03492542280657348,0.0002845394268404766,0.035281558121369745,0.034779406468867645,0.1351946756736437,0.1420705693503668,BALANCE,1,-7.178917031827434e-06
0.02,0.0349254718940661,0.0001252103866283483,0.0337475773334841,0.03441826627148341,-0.1805700986921184,1.077229409797211,BALANCE,1,-7.1789441734106255e-06
0.022,0.034925664792408745,0.00010760241582553806,0.035281558121369745,0.034720418418943626,0.1510760737301088,0.21718731536322008,BALANCE,1,-7.1790239035100004e-06
0.024,0.03492537749422696,-4.643958897870899e-05,0.035281558121369745,0.034916817314792764,0.09819944792456917,1.1850601301918957,BALANCE,1,-7.178906811793073e-06
0.026000000000000002,0.0349246971610984,-0.00022684115585944761,0.0337475773334841,0.03450758332133473,-0.2046169967290165,1.0658237102451242,BALANCE,1,-7.178621899469328e-06
0.028,0.03492426631906529,-0.00021985811013503048,0.0337475773334841,0.034241581225587014,-0.1330010478738583,0.16473722967022167,BALANCE,1,-7.178445135686967e-06
0.03,0.034923969522929664,-0.00017609630615764908,0.0337475773334841,0.03406867986335099,-0.08645068111801102,0.3862897313122983,BALANCE,1,-7.178324987955425e-06
0.032,0.03492369986799283,-0.00015082818766424535,0.0337475773334841,0.03395629397789758,-0.056192942726705775,0.5410061371427887,BALANCE,1,-7.1782150301889144e-06
0.034,0.034923374063122466,-0.00015823510756341462,0.03681553890925539,0.034957029703872815,0.5003678629876169,0.6510119797126857,BALANCE,1,-7.178080868374872e-06
0.036000000000000004,0.03492169466179928,-0.0005824086408377223,0.0337475773334841,0.03453372137423676,-0.2116541648180259,2.5621531681759877,BALANCE,1,-7.177357082701506e-06
0.038,0.03492029160476575,-0.0006558690136477716,0.0337475773334841,0.03425857095997333,-0.13757520713171545,0.16287968448129947,BALANCE,1,-7.17677071444023e-06
0.04,0.03491907602840817,-0.0006263390025270231,0.035281558121369745,0.03461661646646208,0.17902275324437403,0.4201615442396576,BALANCE,1,-7.17627516230763e-06
0.042,0.034917277825844625,-0.0007953735165357986,0.035281558121369745,0.03484934604567976,0.11636478960884086,1.5791305562742226,BALANCE,1,-7.1755105151820345e-06
0.044,0.03491502150665478,-0.0010029369443160807,0.0337475773334841,0.03446372699641128,-0.19280952463424095,1.3900643766212957,BALANCE,1,-7.1745434673897765e-06
0.046,0.034913115373441134,-0.0009721353064435676,0.035281558121369745,0.03474996789014674,0.14312044686773037,0.24691328867405207,BALANCE,1,-7.1737666788740485e-06
0.048,0.03491071945721001,-0.0011131177018874742,0.03834951969714103,0.03600981102259474,0.6299215662240003,1.5503815912083108,BALANCE,1,-7.172750839541024e-06
0.05,0.03490649265272179,-0.0017702632720087439,0.03834951969714103,0.036828709058685946,0.4094490180456024,3.527980983662367,BALANCE,1,-7.1708120997817335e-06
0.052000000000000005,0.034900983926710136,-0.0024392322146347544,0.0337475773334841,0.035750312954865304,-0.5391980519103209,2.742657343942988,BALANCE,1,-7.1682487208442665e-06
0.054,0.03489691146398162,-0.0021809998799644783,0.03681553890925539,0.03612314203890184,0.1864145420182664,-1.105968475375231,BALANCE,1,-7.166703232189726e-06
0.056,0.0348924191332909,-0.002223447084176917,0.03681553890925539,0.03636548094352558,0.12116945231187282,1.9025265264097255,BALANCE,1,-7.164838305039557e-06
0.058,0.03488760278718067,-0.002344686793852918,0.035281558121369745,0.03598610795577104,-0.18968649387727035,1.6701807718064545,BALANCE,1,-7.16280143541528e-06
0.06,0.03488336176543281,-0.0022004913769186354,0.035281558121369745,0.035739515513730585,-0.12329622102022833,0.3465042442171738,BALANCE,1,-7.161130028892903e-06
0.062,0.03487953287042143,-0.0020181489097426827,0.0337475773334841,0.035042337150644316,-0.3485891815431345,0.6369006394641048,BALANCE,1,-7.159640161968047e-06
0.064,0.034876775634627794,-0.001617624924799849,0.0337475773334841,0.03458917121463824,-0.22658296800303832,-0.3842570050515936,BALANCE,1,-7.1586636396414365e-06
0.066,0.03487469055915144,-0.0012606735170164261,0.032213596545598466,0.03375772008047432,-0.41572556708195996,0.14973132144677312,BALANCE,1,-7.1579173612489145e-06
0.068,0.03487380152369426,-0.0007568611822376458,0.03681553890925539,0.034827956670547694,0.5351182950366872,-0.7541979724597879,BALANCE,1,-7.157660873224714e-06
0.07,0.0348709775256861,-0.0011712616738656992,0.035281558121369745,0.03498671717833541,0.07938025389385775,3.758668018710552,BALANCE,1,-7.156416578541472e-06
0.07200000000000001,0.03486755233857256,-0.0015168534917272365,0.035281558121369745,0.03508991150839743,0.05159716503101014,1.640547037110592,BALANCE,1,-7.154911796919227e-06
0.074,0.03486368104835688,-0.0017862174740665513,0.0337475773334841,0.034620094547177765,-0.23490848060983213,1.5360849265586756,BALANCE,1,-7.153228289694652e-06
0.076,0.034860389356799956,-0.0016976779688547528,0.0337475773334841,0.034314713522384986,-0.15269051239638967,0.12272145333024556,BALANCE,1,-7.1519105693209965e-06
0.078,0.03485746423816165,-0.0015502800420444424,0.035281558121369745,0.03465310913202965,0.16919780482233318,0.5275359886683485,BALANCE,1,-7.150761528653171e-06
0.08,0.03485375883866544,-0.0017437701533949575,0.0337475773334841,0.03433617300253871,-0.1584680647454713,2.1969721513602845,BALANCE,1,-7.149173450290917e-06
0.082,0.03485037630694759,-0.0017106500819304888,0.035281558121369745,0.03466705779412957,0.16544239579542944,0.5150768104225592,BALANCE,1,-7.14779815485178e-06
0.084,0.034846189917984306,-0.001958358954385229,0.0337475773334841,0.03434523963290365,-0.16090908061295803,2.2463513384473983,BALANCE,1,-7.145984159805667e-06
0.08600000000000001,0.034842355153900086,-0.0019323080766978859,0.0337475773334841,0.03413605782810681,-0.1045909023984215,0.5182059611572717,BALANCE,1,-7.144422319796616e-06
0.088,0.03483872232643904,-0.0018587430394787366,0.035281558121369745,0.03453698293074884,0.2004625513210151,0.8237766503393449,BALANCE,1,-7.142962391250857e-06
0.09,0.03483412997829756,-0.002145102578168004,0.032213596545598466,0.03372379769594621,-0.40659261740131486,2.5363843766250054,BALANCE,1,-7.140957178318642e-06
0.092,0.034830848144451955,-0.0018269395489873773,0.035281558121369745,0.034269013844844445,0.27260807444911755,-0.8605191542176226,BALANCE,1,-7.139746541563502e-06
0.094,0.03482633496971135,-0.0021076007573931498,0.035281558121369745,0.0346234043416283,0.1771952483919266,3.0082738526613615,BALANCE,1,-7.137778715057214e-06
0.096,0.03482084677534188,-0.0025363243559116747,0.032213596545598466,0.03377997161301786,-0.42171636430522047,2.5163756982958403,BALANCE,1,-7.1353169520832114e-06
0.098,0.03481679139943106,-0.00221047567296359,0.032213596545598466,0.03323174033942107,-0.2741156367983936,-0.9832608108923054,BALANCE,1,-7.133820026950857e-06
0.1,0.03481372161499412,-0.001785244157485911,0.03834951969714103,0.03502296311462306,0.895611387600994,-0.14727529877619472,BALANCE,1,-7.132743382657972e-06
0.10200000000000001,0.03480677674187859,-0.003012621199622283,0.035281558121369745,0.0351134713669844,0.045254126180671594,6.949701665764002,BALANCE,1,-7.129269906268879e-06
0.10400000000000001,0.03479919694995485,-0.003574935343094813,0.0337475773334841,0.034635408455259295,-0.23903145586255323,1.8763193815129724,BALANCE,1,-7.125769963825826e-06
0.106,0.03479245057658979,-0.003435697575374306,0.035281558121369745,0.034861560838397955,0.11307619156932999,0.1277221025196517,BALANCE,1,-7.1231112181255534e-06
0.108,0.03478523108580562,-0.0035587287544701467,0.0337475773334841,0.03447166661167811,-0.194947113359923,2.3371164826296433,BALANCE,1,-7.120063395706975e-06
0.11,0.03477878919986693,-0.003327977575413999,0.035281558121369745,0.03475512864007018,0.14173101419603581,0.40189124095882894,BALANCE,1,-7.117595778345264e-06
0.112,0.034771716685125686,-0.0034744947593482725,0.035281558121369745,0.03493937895852503,0.09212515922742484,2.575324665577998,BALANCE,1,-7.114594743818762e-06
0.114,0.03476412432281408,-0.0037052565610245156,0.03681553890925539,0.035596034941280656,0.32832799137781293,2.2950248491780294,BALANCE,1,-7.111311180700896e-06
0.116,0.03475495034318902,-0.004383514956105134,0.030679615757712823,0.03387528822703192,-0.8603733571243694,3.905156542549461,BALANCE,1,-7.10697283962222e-06
0.11800000000000001,0.03474949844342,-0.0032726671663957504,0.0337475773334841,0.03383058941429018,-0.02234940637086888,-4.0258897375996225,BALANCE,1,-7.105650083298358e-06
0.12,0.03474434724504582,-0.0028140772184880336,0.03681553890925539,0.034875321737528005,0.5223661616189125,1.5548736956679863,BALANCE,1,-7.103841197862045e-06
0.122,0.034736656271460456,-0.0035680226533557472,0.035281558121369745,0.035017504471872615,0.07109136717230527,5.330731307622533,BALANCE,1,-7.100183236188461e-06
0.124,0.03472828030695657,-0.00402809812478899,0.035281558121369745,0.03510992324919661,0.046209388661996864,2.296011836894087,BALANCE,1,-7.096386461455801e-06
0.126,0.03471948607971285,-0.0043050246298450955,0.0337475773334841,0.03463310217869723,-0.23841053524968972,2.154355338695561,BALANCE,1,-7.092546220807508e-06
0.128,0.034711729879560185,-0.004000310174941403,0.03681553890925539,0.03539695503439259,0.3819264278476786,0.1502176268773982,BALANCE,1,-7.089647061818286e-06
0.13,0.03470214654276855,-0.004617457485308402,0.03681553890925539,0.035893459390594566,0.2482521781009897,4.609513565112036,BALANCE,1,-7.085165083773015e-06
0.132,0.034691139622163844,-0.00534971975755218,0.03681553890925539,0.036216187222125856,0.16136391576564504,3.7256624894192325,BALANCE,1,-7.07989170530434e-06
0.134,0.03467916722183577,-0.005893918504165564,0.0337475773334841,0.035352173761101245,-0.43200673051230554,3.152133129101968,BALANCE,1,-7.074351522035254e-06
0.136,0.03466932039803202,-0.005146088112395178,0.0337475773334841,0.034790565011435244,-0.2808043748330005,-1.22812954495778,BALANCE,1,-7.071213645266724e-06
0.138,0.03466126482928857,-0.004339840923070985,0.032213596545598466,0.03388862604839237,-0.4509694815214363,-0.14787102111943748,BALANCE,1,-7.068742775585385e-06
0.14,0.034655721746875,-0.003288132314198021,0.03834951969714103,0.0354499388254544,0.780656388531014,-1.4799719919118712,BALANCE,1,-7.067337375120821e-06
0.14200000000000002,0.0346461599618422,-0.00447249209393441,0.03681553890925539,0.03592789885478474,0.2389800146651716,7.953635065886608,BALANCE,1,-7.0624573865359075e-06
0.14400000000000002,0.0346348333198237,-0.005475953646649531,0.030679615757712823,0.03409099977080957,-0.918449541987585,3.904813486664119,BALANCE,1,-7.05677460153102e-06
0.146,0.03462800853807606,-0.004029447138638333,0.032213596545598466,0.033433908641985685,-0.32854556441194377,-5.143072259162543,BALANCE,1,-7.055459449782982e-06
0.148,0.034623259985949055,-0.0029381737162605497,0.035281558121369745,0.03408058595977011,0.32333865889221103,-0.6098833968408809,BALANCE,1,-7.054335313586808e-06
0.15,0.03461667632665942,-0.0031833502566712747,0.03681553890925539,0.03503781949208996,0.4786167661599248,4.585228984436656,BALANCE,1,-7.05149261267644e-06
0.152,0.03460704266688864,-0.004488332986772236,0.035281558121369745,0.035123128012337884,0.042654260123963644,5.931203298804796,BALANCE,1,-7.046500269705955e-06
0.154,0.03459657898985645,-0.005087948121541542,0.035281558121369745,0.03517857855049904,0.027725269080576542,2.4486217617319825,BALANCE,1,-7.04162643539874e-06
0.156,0.034585707140164915,-0.005371269969632773,0.0337475773334841,0.03467772812454381,-0.2504252129776133,2.3325168656745547,BALANCE,1,-7.036884137613501e-06
0.158,0.03457610800943296,-0.004934411304903714,0.0337475773334841,0.03435217534767291,-0.16277638843545036,0.07726198365172232,BALANCE,1,-7.033457467188381e-06
0.16,0.03456751930881344,-0.004463951179955099,0.032213596545598466,0.033603672766946854,-0.3742512903630278,0.7589194133767718,BALANCE,1,-7.030434371809806e-06
0.162,0.03456101468434784,-0.0036332469680187577,0.030679615757712823,0.03258025281371495,-0.5117099766159539,-0.9777899568874111,BALANCE,1,-7.028505708707477e-06
0.164,0.03455730120276585,-0.00248128772570519,0.035281558121369745,0.03352570967139413,0.47272842883959093,-2.138864644104734,BALANCE,1,-7.0277465796306145e-06
0.166,0.03455083753598113,-0.003003684306982519,0.03834951969714103,0.035214043180405545,0.8441667545057082,5.793370011000375,BALANCE,1,-7.024812238540427e-06
0.168,0.03453924687077071,-0.005490076965271571,0.0337475773334841,0.03470078013398304,-0.2566315232112523,8.866176626869999,BALANCE,1,-7.017846992209874e-06
0.17,0.034528112537435006,-0.005553514218842095,0.0337475773334841,0.03436715915380841,-0.16681049008731436,0.028994622348963883,BALANCE,1,-7.0132467179868594e-06
0.17200000000000001,0.034517936949839234,-0.0051892402858773725,0.035281558121369745,0.03468719879245488,0.16001981932323509,0.7275456285299899,BALANCE,1,-7.009529548483319e-06
0.17400000000000002,0.03450705531148608,-0.005393929350061267,0.03681553890925539,0.03543211783333506,0.3724595204400889,3.3613904821331735,BALANCE,1,-7.004878354399398e-06
0.176,0.034494116703583405,-0.0063572689754906545,0.035281558121369745,0.0353794219341472,-0.026347949593930747,5.105603233520815,BALANCE,1,-6.998416990175301e-06
0.178,0.034481085679797845,-0.006497740642840314,0.03681553890925539,0.035882062875435064,0.25132047064393287,1.9119817192973858,BALANCE,1,-6.992934984133206e-06
0.18,0.03446685651553035,-0.007074842276416804,0.032213596545598466,0.034598099659992256,-0.6419816077214042,4.163487537677566,BALANCE,1,-6.986326046084174e-06
0.182,0.03445613390989395,-0.005706335497776572,0.0337475773334841,0.0343004168457144,-0.148841407138927,-3.0599668821716985,BALANCE,1,-6.983842673003236e-06
0.184,0.034446937571531486,-0.004873462406716491,0.03681553890925539,0.035180709567953744,0.44014636111967126,0.8672937536314482,BALANCE,1,-6.981053618874848e-06
0.186,0.03443562206181486,-0.0055283417092289325,0.035281558121369745,0.035216006561649346,0.017648496847801065,5.632013463034594,BALANCE,1,-6.9757401290334495e-06
0.188,0.03442399730349388,-0.005766587258076597,0.0337475773334841,0.03470205633179151,-0.2569751149289166,2.2541483684813692,BALANCE,1,-6.9707424191249965e-06
0.19,0.03441376504784872,-0.005257192169573204,0.03681553890925539,0.03544177523390387,0.3698594510561787,0.02632246047615805,BALANCE,1,-6.9671963241411985e-06
0.192,0.03440174575546748,-0.005903079108912199,0.0337475773334841,0.03484880596875695,-0.29648463257345853,5.0853821224836615,BALANCE,1,-6.961560010691013e-06
0.194,0.034391173484415206,-0.005413237440995078,0.035281558121369745,0.03500026922217143,0.07573162670723721,-0.280948702462251,BALANCE,1,-6.957871257365581e-06
0.196,0.034380433998384835,-0.005378579518786738,0.0337475773334841,0.03456182706113086,-0.2192210805202835,2.705869166988183,BALANCE,1,-6.953564776541249e-06
0.198,0.03437093162664115,-0.004901097458695051,0.035281558121369745,0.03481373293221447,0.12595293554180584,0.31994097950558364,BALANCE,1,-6.9502437624832095e-06
0.2,0.03436087815192675,-0.004999940433583045,0.0337475773334841,0.03444057847265884,-0.1865772297778151,3.0964474602673153,BALANCE,1,-6.946072986070273e-06
0.202,0.03435176688471571,-0.004666548501535676,0.035281558121369745,0.03473492134970766,0.14717143852440925,0.5738168701370099,BALANCE,1,-6.942732483904078e-06
0.20400000000000001,0.03434188735814636,-0.0048801433456172084,0.032213596545598466,0.03385245766826944,-0.44123184071910915,3.2614667891777334,BALANCE,1,-6.938521165323868e-06
0.20600000000000002,0.034334275552023626,-0.00411759401754413,0.035281558121369745,0.034352642826854546,0.2500925792925518,-1.4987072656567069,BALANCE,1,-6.936176728903492e-06
0.20800000000000002,0.034325378050501065,-0.004366951055724243,0.035281558121369745,0.034677763179934866,0.16256017654016006,4.061899203951687,BALANCE,1,-6.93235600880111e-06
0.21,0.03431536685579392,-0.004871818164009742,0.035281558121369745,0.03488909140943707,0.10566411475110282,3.381147203117372,BALANCE,1,-6.927814554925351e-06
0.212,0.034304538412773984,-0.005313994930231165,0.035281558121369745,0.035026454758613504,0.06868167458821614,2.938658402575047,BALANCE,1,-6.922961420684163e-06
0.214,0.034293183780008486,-0.005615702395745003,0.035281558121369745,0.03511574093557819,0.04464308848234344,2.651040682222539,BALANCE,1,-6.918025961751254e-06
0.216,0.03428153629472766,-0.005790258075729407,0.0337475773334841,0.03463688367484526,-0.23942863036646375,2.464089163993439,BALANCE,1,-6.913113228337087e-06
0.218,0.03427121979798305,-0.005293602482807896,0.035281558121369745,0.03486251973112883,0.11281802814178468,0.16278397755900564,BALANCE,1,-6.909538506466721e-06
0.22,0.03426051727516673,-0.0053402932693504875,0.0337475773334841,0.034472289891953174,-0.1951149195878292,2.9942954090020075,BALANCE,1,-6.9051692305655876e-06
0.222,0.03425088499893758,-0.004939148569092624,0.035281558121369745,0.03475553377224897,0.14162194014789853,0.5074180368145569,BALANCE,1,-6.901725541302068e-06
0.224,0.03424059839290998,-0.005101261808262257,0.0337475773334841,0.03440274901868127,-0.17639237678385156,3.2183075475181266,BALANCE,1,-6.897405780941184e-06
0.226,0.03423119440664399,-0.004798182321743717,0.0337475773334841,0.03417343892886226,-0.1146550449095049,0.6530259268500638,BALANCE,1,-6.893936513941906e-06
0.228,0.034222466091660346,-0.004477191612805153,0.032213596545598466,0.03348749409471993,-0.3429724170711627,1.1331659764556963,BALANCE,1,-6.890737982792126e-06
0.23,0.03421560511882431,-0.0037524305234197786,0.032213596545598466,0.03304162995252742,-0.22293207109625596,-0.7345296908861059,BALANCE,1,-6.888610954935893e-06
0.232,0.034209952516730445,-0.0031342359020627517,0.0337475773334841,0.033288711535862256,0.1235407916674175,0.19904122838159766,BALANCE,1,-6.88678890955454e-06
0.234,0.034203451729437624,-0.0032143804589672845,0.035281558121369745,0.03398620784078988,0.3487481524638118,2.9856490254910755,BALANCE,1,-6.884117401816463e-06
0.23600000000000002,0.03419468839740915,-0.004104923004465975,0.0337475773334841,0.03390268716323286,-0.041760338778510514,4.829157690157887,BALANCE,1,-6.8798947774683245e-06
0.23800000000000002,0.03418567852667948,-0.004407744018418488,0.032213596545598466,0.033311505447060824,-0.29559085808601726,1.7000785195658874,BALANCE,1,-6.8759941626708904e-06
0.24,0.034178057943405796,-0.003983619571878425,0.0337475773334841,0.03346413060730897,0.0763125801240723,-0.36603653786448875,BALANCE,1,-6.873307946043007e-06
0.242,0.034169976352576285,-0.004025401862907244,0.03681553890925539,0.03463712351299022,0.5864964528406249,2.618348477431116,BALANCE,1,-6.870021688457178e-06
0.244,0.03415851009085688,-0.0054911272913651015,0.03681553890925539,0.035399568901683026,0.38122269434640377,6.770199033504412,BALANCE,1,-6.86392321481853e-06
0.246,0.03414445534671563,-0.006941267862395071,0.035281558121369745,0.03535826512857338,-0.020651886554822613,5.173755688872212,BALANCE,1,-6.856350803178011e-06
0.248,0.034130121368389076,-0.007152459368495958,0.035281558121369745,0.03533141767605211,-0.013423726260636953,1.9562808152758218,BALANCE,1,-6.850274119057414e-06
0.25,0.034116100778306846,-0.007022314311744384,0.03834951969714103,0.03638775338343323,0.5281678536905622,2.0124952504780307,BALANCE,1,-6.844839955485189e-06
0.252,0.034099613304132775,-0.008278060532117064,0.035281558121369745,0.03600058504171101,-0.1935841708611101,6.408608032530491,BALANCE,1,-6.836171798336455e-06
0.254,0.03408397239741033,-0.007831541727329161,0.032213596545598466,0.03467513906807162,-0.6627229868196964,0.6113617356137799,BALANCE,1,-6.83066315020136e-06
0.256,0.03407262088717584,-0.006061906998051336,0.0337475773334841,0.03435049246096599,-0.16232330355281377,-3.2212755504732744,BALANCE,1,-6.82873269132998e-06
0.258,0.03406316464872621,-0.005048996369113106,0.0337475773334841,0.03413947216634733,-0.10551014730933103,0.7624431192354493,BALANCE,1,-6.826141490831269e-06
0.26,0.03405466979346745,-0.004462096959238664,0.035281558121369745,0.034539202250605174,0.19986504212892234,1.2042871515061917,BALANCE,1,-6.823331627852531e-06
0.262,0.03404517246594077,-0.004682818130430445,0.0337475773334841,0.0342621335296128,-0.13853436049618764,3.671272472067689,BALANCE,1,-6.819310191619817e-06
0.264,0.034036259745327695,-0.004513984549629885,0.0337475773334841,0.03408203886096776,-0.0900473343225204,0.9474531278072666,BALANCE,1,-6.815904935236066e-06
0.266,0.03402778363641168,-0.004311662670852471,0.035281558121369745,0.03450187060210845,0.20991587057034647,1.3245436570779023,BALANCE,1,-6.812700316182803e-06
0.268,0.03401808547348736,-0.0047305125168751044,0.03681553890925539,0.03531165450960988,0.4048919537507148,3.749439200689279,BALANCE,1,-6.808412796718042e-06
0.27,0.03400595501160287,-0.005895118056848926,0.032213596545598466,0.034227334222205884,-0.542160143701998,5.357834900582311,BALANCE,1,-6.802236858881513e-06
0.272,0.033996389166092204,-0.005047388863369122,0.030679615757712823,0.032985632759633315,-0.6208507312862842,-2.2836410962836315,BALANCE,1,-6.799398224199764e-06
0.274,0.033990530476704944,-0.0035988431974545666,0.035281558121369745,0.03378920663624107,0.40178693830387674,-2.9876678847122746,BALANCE,1,-6.798390140669608e-06
0.276,0.03398268334918876,-0.0038339353979955255,0.032213596545598466,0.03323774310451616,-0.27573176586245457,5.241647904605478,BALANCE,1,-6.795064797075231e-06
0.278,0.03397603712633151,-0.003482889213744767,0.032213596545598466,0.03287929180889497,-0.17922564781059497,-0.21158954062866697,BALANCE,1,-6.792680764025948e-06
0.28,0.03397019198800007,-0.003107197019921819,0.0337475773334841,0.033183191742501165,0.15194996680309783,0.5389523260489384,BALANCE,1,-6.790607648729859e-06
0.28200000000000003,0.033963274391434206,-0.003353675542336955,0.03681553890925539,0.03445451325086514,0.6356607541819874,3.2065912389748528,BALANCE,1,-6.787672272365436e-06
0.28400000000000003,0.03395251565523977,-0.005062007318994131,0.035281558121369745,0.03474397895554175,0.14473285233830568,7.152556828507808,BALANCE,1,-6.781838745886352e-06
0.28600000000000003,0.0339403141789771,-0.005965108196752828,0.0337475773334841,0.034395238387821575,-0.1743702838600883,3.2425015560389507,BALANCE,1,-6.775901512142828e-06
0.28800000000000003,0.03392881966022436,-0.005785146308991167,0.035281558121369745,0.034705450294563435,0.15510595337092994,0.6687520323885883,BALANCE,1,-6.771536146332525e-06
0.29,0.033916689759244646,-0.006024706067396658,0.035281558121369745,0.03490708803394564,0.1008188696911029,3.323174644641246,BALANCE,1,-6.766391359161835e-06
0.292,0.033904069543681865,-0.006273996086742886,0.0337475773334841,0.0345012592887841,-0.20291437258077027,2.900976239565562,BALANCE,1,-6.7610273890621175e-06
0.294,0.0338926380578674,-0.005814909821840677,0.032213596545598466,0.03370057732866913,-0.4003409800574856,0.44676057668088376,BALANCE,1,-6.757058496074896e-06
0.296,0.03388371338910574,-0.004807777668609262,0.035281558121369745,0.034253920606114346,0.2766716387226087,-1.180693200739737,BALANCE,1,-6.754640013071115e-06
0.298,0.033873627407555076,-0.004993106243991197,0.0337475773334841,0.03407670046069376,-0.08861007271029203,4.26860834614773,BALANCE,1,-6.75042454667834e-06
0.3,0.03386393403899535,-0.004880598617518674,0.032213596545598466,0.03342461409041041,-0.32604318514167785,1.3357214459592894,BALANCE,1,-6.746679000100701e-06
0.302,0.03385602390504534,-0.004217048538361926,0.032213596545598466,0.03300075794972623,-0.2119280703420899,-0.6028686357087985,BALANCE,1,-6.744170545156693e-06
0.304,0.03384935222490117,-0.0036109368910611783,0.032213596545598466,0.032725251458281514,-0.13775324572235653,0.2846209142468543,BALANCE,1,-6.742018390255167e-06
0.306,0.03384336863599196,-0.003194116705881973,0.0337475773334841,0.03308306551460242,0.17890702816045212,0.8614891217180385,BALANCE,1,-6.739937306378304e-06
0.308,0.0338362013401508,-0.0034696959069436613,0.03834951969714103,0.03492632447849093,0.9216294819442555,3.4162401561597617,BALANCE,1,-6.736886789796828e-06
0.31,0.03382365847599677,-0.0060511376412473224,0.0337475773334841,0.03451376297773854,-0.20628075037619487,9.4686153242635,BALANCE,1,-6.7292710003214125e-06
0.312,0.03381130273521281,-0.006160608322493437,0.032213596545598466,0.03370870472648951,-0.40252912562451293,0.42057977565475335,BALANCE,1,-6.724210530042274e-06
0.314,0.03380127825894423,-0.005269628825757228,0.035281558121369745,0.0342592034146976,0.2752493441040421,-1.1977107214067324,BALANCE,1,-6.721308177354378e-06
0.316,0.033790173774857386,-0.00550172255004006,0.0337475773334841,0.03408013428627287,-0.08953456421236308,4.257546957714193,BALANCE,1,-6.716624511107961e-06
0.318,0.03377953973028397,-0.005354371464153943,0.0337475773334841,0.033963739352796805,-0.058197466738033055,1.3285315434774676,BALANCE,1,-6.712566623151571e-06
0.32,0.03376933865252547,-0.005155382989889405,0.032213596545598466,0.03335118937027739,-0.3062749912597085,1.5722446272635437,BALANCE,1,-6.708734594308795e-06
0.322,0.03376090537872933,-0.004469632970481621,0.0337475773334841,0.033489925157399736,0.0693678935611737,-0.4491285678610244,BALANCE,1,-6.706087185962862e-06
0.324,0.03375224647460769,-0.004366127443337006,0.032213596545598466,0.03304321014326929,-0.22335750706522356,2.564338657933374,BALANCE,1,-6.702744495214259e-06
0.326,0.03374472646473893,-0.003937359375685842,0.0337475773334841,0.03328973865984447,0.12326425828759063,0.1957325520743689,BALANCE,1,-6.700137220906818e-06
0.328,0.033736486727065716,-0.004071204810287205,0.032213596545598466,0.03291308891985837,-0.18832486999304995,2.9834983858913935,BALANCE,1,-6.696750726969224e-06
0.33,0.03372906535909543,-0.003816809512297465,0.035281558121369745,0.03374205314038735,0.4144821102644892,0.4681863752471025,BALANCE,1,-6.694018289202049e-06
0.332,0.03371926008351927,-0.004676813140599775,0.032213596545598466,0.03320709333221124,-0.26747990408805544,5.340380070539155,BALANCE,1,-6.689347172753824e-06
0.334,0.03371054095114526,-0.004442117595201195,0.0337475773334841,0.03339626273265674,0.09458470022274956,-0.14741363277176922,BALANCE,1,-6.686115561154092e-06
0.336,0.033701299251119296,-0.0045782862787141915,0.0337475773334841,0.03351922284294631,0.061480055144787216,2.7604533657414008,BALANCE,1,-6.682318259123113e-06
0.338,0.03369160577667752,-0.004786609048905767,0.032213596545598466,0.033062253638874564,-0.22848460203587356,2.5029938117350765,BALANCE,1,-6.678265733037945e-06
0.34,0.03368304807934608,-0.0044136182605439,0.032213596545598466,0.03276522365622793,-0.14851499132331747,0.1558584020454854,BALANCE,1,-6.675238710044665e-06
0.342,0.03367534053561454,-0.004014931449605907,0.032213596545598466,0.03257215416750762,-0.09653474436015566,0.7777934887871361,BALANCE,1,-6.6725419039778565e-06
0.34400000000000003,0.033668131360972575,-0.003727542503542151,0.0337475773334841,0.03298355227559939,0.20569905404588598,1.1820512951692117,BALANCE,1,-6.66992218894131e-06
0.34600000000000003,0.0336596796271506,-0.0040975182731420486,0.032213596545598466,0.03271406777009907,-0.13474225275016127,3.624605568903051,BALANCE,1,-6.6662646624425535e-06
0.34800000000000003,0.03365169343172925,-0.004022340183388975,0.035281558121369745,0.03361268939304381,0.44931081147236984,0.8849060442046539,BALANCE,1,-6.663166284220479e-06
0.35000000000000003,0.033641129832893045,-0.0050541221895814325,0.032213596545598466,0.033123006896437934,-0.24484124830293635,5.6112478553615865,BALANCE,1,-6.657984058767133e-06
0.352,0.033631524090743325,-0.004861737529498584,0.0337475773334841,0.033341606549404094,0.10929982648308009,0.028650427362785225,BALANCE,1,-6.65438470423721e-06
0.354,0.033621392551739744,-0.005022752178917943,0.0337475773334841,0.0334836963238321,0.07104488721400293,2.874895004828886,BALANCE,1,-6.650205118454852e-06
0.356,0.03361083387442902,-0.005228824617298144,0.0337475773334841,0.0335760546772103,0.04617917668910121,2.5773808771419495,BALANCE,1,-6.645802191245285e-06
0.358,0.033599998342214416,-0.005382198827068789,0.035281558121369745,0.034172980882666106,0.2984631027279014,2.383996694145428,BALANCE,1,-6.641342833970549e-06
0.36,0.03358756118454764,-0.006113364552555698,0.030679615757712823,0.03295030308893246,-0.6113388968668233,4.438083674783178,BALANCE,1,-6.635528735742117e-06
0.362,0.033578318519000984,-0.004988417782950988,0.032213596545598466,0.03269245579876556,-0.128923645083448,-2.9136929895986388,BALANCE,1,-6.633207593070518e-06
0.364,0.033570246009053624,-0.004301824257400507,0.03681553890925539,0.034135534887437,0.7215395443357191,0.9301581872583498,BALANCE,1,-6.630698028409106e-06
0.366,0.03355838236969199,-0.0057194525077507285,0.035281558121369745,0.03453664301931346,0.2005540659382292,7.820448447931973,BALANCE,1,-6.6244960037713665e-06
0.368,0.03354496914118823,-0.006619001348466031,0.032213596545598466,0.033723576753513215,-0.40653313290012205,3.6766311086646413,BALANCE,1,-6.61801527264287e-06
0.37,0.03353361498337326,-0.005848232819667191,0.0337475773334841,0.033731976956503026,0.004200101494905573,-1.2288504579901836,BALANCE,1,-6.614558210364817e-06
0.372,0.033522743608438814,-0.005516296467740841,0.03681553890925539,0.03481122363996635,0.5396233417316633,2.0575194293494263,BALANCE,1,-6.6106705294624014e-06
0.374,0.033509180825168725,-0.006681901216337705,0.032213596545598466,0.033902054156937596,-0.4545847415143786,6.405660152251287,BALANCE,1,-6.603803720147855e-06
0.376,0.03349781208094826,-0.005865277909397919,0.035281558121369745,0.03438488054448885,0.24141319377562684,-1.602554682698773,BALANCE,1,-6.600413630980526e-06
0.378,0.03348565552727282,-0.006047747083870196,0.032213596545598466,0.03362493114487722,-0.37997469980581566,3.994398382874346,BALANCE,1,-6.595389759374107e-06
0.38,0.03347565718292004,-0.005235025289312745,0.030679615757712823,0.03259407075936968,-0.5154301927537686,-1.022301729753892,BALANCE,1,-6.592427912438118e-06
0.382,0.03346884172481005,-0.003960262528683503,0.032213596545598466,0.03246090478454976,-0.06658298740996188,-2.1677972964679677,BALANCE,1,-6.590993209113925e-06
0.384,0.03346264659917624,-0.0033755348204477127,0.0337475773334841,0.03291124017667678,0.22516769606351072,1.4149903877932903,BALANCE,1,-6.589010581453299e-06
0.386,0.03345511197900842,-0.0036563028142897664,0.035281558121369745,0.03374085145731932,0.41480564032126893,3.7760159791086925,BALANCE,1,-6.585832820981797e-06
0.388,0.03344499374142833,-0.0047901942813097734,0.0337475773334841,0.03374320551397699,0.0011770283288373151,5.342896210009311,BALANCE,1,-6.580827674333959e-06
0.39,0.033434413831389315,-0.0051932804065123895,0.0337475773334841,0.03374473565080448,0.000765068413743214,2.034008557469318,BALANCE,1,-6.576234397679589e-06
0.392,0.03342370899521841,-0.005321774626205331,0.035281558121369745,0.03428262351550232,0.26894393234892094,2.0308046863582145,BALANCE,1,-6.5718784212603204e-06
0.394,0.03341155270602851,-0.005974649132968569,0.030679615757712823,0.033021570800276,-0.6305263576131606,4.208508869721507,BALANCE,1,-6.566310437753116e-06
0.396,0.03340270343974576,-0.004822208240552859,0.0337475773334841,0.033275673086898834,0.12705114331141784,-3.0629166128887246,BALANCE,1,-6.564158171088531e-06
0.398,0.033393591115843876,-0.004622370927560078,0.032213596545598466,0.032903946297443705,-0.18586339472756452,3.0129495317052726,BALANCE,1,-6.5607775290357686e-06
0.4,0.03338550477180158,-0.00420432226764725,0.0337475773334841,0.033199217160057845,0.14763543130707005,0.48732962002610614,BALANCE,1,-6.557993285621504e-06
0.402,0.03337662540440334,-0.004381216047392408,0.035281558121369745,0.03392803649651701,0.3644096682295823,3.173036480060031,BALANCE,1,-6.554342682840067e-06
0.404,0.0333655985596515,-0.0053228095412770115,0.030679615757712823,0.03279108923793554,-0.568473629290734,4.950959535627679,BALANCE,1,-6.5490370092363715e-06
0.406,0.03335734693507704,-0.004453556362881488,0.0337475773334841,0.033125860071377536,0.16738541672099705,-2.580323680049739,BALANCE,1,-6.5467034074092945e-06
0.40800000000000003,0.033348416013659,-0.004462753592682216,0.032213596545598466,0.03280656783735486,-0.15964611701133752,3.3266349380506286,BALANCE,1,-6.543188761502726e-06
0.41000000000000003,0.033340267622966185,-0.0041814307548237555,0.0337475773334841,0.033135921161000094,0.16467666182261656,0.6912251341505915,BALANCE,1,-6.540250262390944e-06
0.41200000000000003,0.033331186208513906,-0.004453990518741973,0.030679615757712823,0.03227621426984955,-0.429853445575272,3.305568564240938,BALANCE,1,-6.536436061530924e-06
0.41400000000000003,0.0333242678515666,-0.003764066995676006,0.0337475773334841,0.03279119134212164,0.25748853613604544,-1.502254708411203,BALANCE,1,-6.534327039304582e-06
0.41600000000000004,0.033315965557594425,-0.004049302568368841,0.035281558121369745,0.033662819714858475,0.43581418636841684,4.027379769615662,BALANCE,1,-6.530833390653839e-06
0.418,0.03330504347320976,-0.0052266195658109945,0.0337475773334841,0.033692484881377445,0.014832583259485194,5.506282673838843,BALANCE,1,-6.525386417198458e-06
0.42,0.03329362965789322,-0.005627091637539822,0.032213596545598466,0.0331748739638548,-0.25880545876132144,2.1402097589585285,BALANCE,1,-6.520449392604168e-06
0.422,0.033283576917296255,-0.005159870370019975,0.032213596545598466,0.03283842686746508,-0.16822354819485963,-0.07995123225928347,BALANCE,1,-6.517048307235443e-06
0.424,0.03327467419927986,-0.004633056368919212,0.03681553890925539,0.03423041608209169,0.6959946073133022,0.624517226489028,BALANCE,1,-6.514111504321079e-06
0.426,0.033262136196339824,-0.006093454197362295,0.035281558121369745,0.03459831579583901,0.18394985687366153,7.621781823431919,BALANCE,1,-6.507531150494305e-06
0.428,0.033248156274542626,-0.006927514536656565,0.0337475773334841,0.03430055733401479,-0.14887923091210994,3.547497802739633,BALANCE,1,-6.500900876062981e-06
0.43,0.03323490361144126,-0.006660249083826131,0.0337475773334841,0.03410701433382905,-0.09677150009286886,0.8669995927440077,BALANCE,1,-6.49610317262586e-06
0.432,0.03322259850728199,-0.006227411745474735,0.032213596545598466,0.033444318107948345,-0.33134811294035366,1.2722488592867924,BALANCE,1,-6.491885699308826e-06
0.434,0.03321251137109528,-0.005306640509742716,0.035281558121369745,0.03408735211264584,0.32151700234874653,-0.6441258170459285,BALANCE,1,-6.4890748044557985e-06
0.436,0.03320111970459092,-0.005630430340909167,0.0337475773334841,0.03396843093993923,-0.05946058635330348,4.617377145548723,BALANCE,1,-6.484244759275447e-06
0.438,0.03319002105855338,-0.005564604421903066,0.0337475773334841,0.03389113217767994,-0.038649381129646915,1.5624211655699258,BALANCE,1,-6.4799870514172115e-06
0.44,0.033179256432547,-0.0054184078865663135,0.0337475773334841,0.033840887982211396,-0.025122097734271015,1.724272881623621,BALANCE,1,-6.475953899047939e-06
0.442,0.03316875914935564,-0.005283716483831425,0.035281558121369745,0.034345122530916816,0.2521172743527103,1.8294764970585156,BALANCE,1,-6.472008963804857e-06
0.444,0.0331569923142831,-0.005791919925661526,0.032213596545598466,0.03359908843605539,-0.3730170474307119,4.077645546676692,BALANCE,1,-6.4668157191645756e-06
0.446,0.0331471615306349,-0.005116818114348448,0.035281558121369745,0.03418795282591541,0.2944321949300103,-0.9681910732823718,BALANCE,1,-6.463765346448225e-06
0.448,0.03313601810461124,-0.005491850446312747,0.0337475773334841,0.03403382140356445,-0.07706571117548078,4.406734728995007,BALANCE,1,-6.458994231559603e-06
0.45,0.03312521405018841,-0.005419785136970495,0.032213596545598466,0.033396742703276354,-0.31853935014404877,1.4255035948100208,BALANCE,1,-6.454865151455298e-06
0.452,0.03311623726896057,-0.004725587540492224,0.03681553890925539,0.03459332137536902,0.5982893360463315,-0.5445102389558087,BALANCE,1,-6.452117011577311e-06
0.454,0.03310421539104948,-0.005841109316594378,0.0337475773334841,0.034297310960709294,-0.14800520732986128,6.861913970892793,BALANCE,1,-6.44617473667082e-06
0.456,0.0330926501542393,-0.005792814431456454,0.030679615757712823,0.03303111763966053,-0.6330966605243814,0.8737969990036674,BALANCE,1,-6.441729272858568e-06
0.458,0.033084674092098615,-0.004487480898565121,0.032213596545598466,0.03274498525673881,-0.14306619146086177,-3.082906225815419,BALANCE,1,-6.440054389026909e-06
0.46,0.03307787157956114,-0.003736580130972006,0.0337475773334841,0.03309589248359966,0.175453613430427,0.8201695837174343,BALANCE,1,-6.438064466130114e-06
0.462,0.03307012390567347,-0.0038354332966939256,0.032213596545598466,0.032787088905299244,-0.1544017891502089,3.389382456459396,BALANCE,1,-6.43496863982154e-06
0.464,0.03306297611051556,-0.0036525301234469547,0.032213596545598466,0.032586366579403975,-0.10036116294763475,0.7320110211162834,BALANCE,1,-6.432332887892319e-06
0.466,0.03305619428257423,-0.0034717926022696834,0.035281558121369745,0.033529683619092,0.47165851984401136,1.1522926911831606,BALANCE,1,-6.429831381680801e-06
0.468,0.03304662514042691,-0.004508326279999959,0.032213596545598466,0.03306905314336926,-0.2303152378613678,5.78504917589761,BALANCE,1,-6.425226575632818e-06
0.47000000000000003,0.03303785455287997,-0.004417114659317961,0.032213596545598466,0.03276964333414949,-0.1497049046098875,0.14162128571121335,BALANCE,1,-6.421902510209775e-06
0.47200000000000003,0.033029837118116794,-0.0041228593204267645,0.035281558121369745,0.03364881350967658,0.4395850877635457,0.7685393631698691,BALANCE,1,-6.419053347996691e-06
0.47400000000000003,0.03301937923420887,-0.005021863654786945,0.032213596545598466,0.033146487572249236,-0.251162968713671,5.535609512688961,BALANCE,1,-6.414111498352377e-06
0.47600000000000003,0.03300995135173179,-0.004787782342539991,0.032213596545598466,0.032819975712921466,-0.1632559296638851,-0.020514495374413855,BALANCE,1,-6.410692964092732e-06
0.47800000000000004,0.03300147472702782,-0.004385442137576284,0.0337475773334841,0.03314463628011839,0.16233028359846288,0.6631511054642072,BALANCE,1,-6.407793707447872e-06
0.48,0.03299216048820388,-0.0045931682669563875,0.030679615757712823,0.03228187909727644,-0.4313785914209743,3.2873204455948066,BALANCE,1,-6.403977411507656e-06
0.482,0.0329850616103381,-0.003864924935029043,0.035281558121369745,0.0333317667557091,0.5249438292163274,-1.5141159855312076,BALANCE,1,-6.401878138231459e-06
0.484,0.03297515462380818,-0.00473055522663359,0.0337475773334841,0.03347730045793035,0.07276685111062484,6.199456639073166,BALANCE,1,-6.397238874663013e-06
0.486,0.03296449658643414,-0.005215596136520076,0.035281558121369745,0.03410879064013414,0.3157450911018961,2.59077283636082,BALANCE,1,-6.392588427223371e-06
0.488,0.03295198096710537,-0.006133147384437533,0.0337475773334841,0.03398236598280663,-0.06321232866375592,4.5724881672232165,BALANCE,1,-6.38662271565803e-06
0.49,0.03293960117679184,-0.00618237028460217,0.030679615757712823,0.0328264034040238,-0.5779812893914154,1.53324332965835,BALANCE,1,-6.381757570986727e-06
0.492,0.03293054995802526,-0.004940447718279461,0.030679615757712823,0.03207502772781495,-0.3756878381044222,-2.6542661108898953,BALANCE,1,-6.379722400936978e-06
0.494,0.032924047618705696,-0.0037753859118411634,0.0337475773334841,0.03266042008979916,0.29269618099210176,-1.0810010411664803,BALANCE,1,-6.378285563595447e-06
0.496,0.03291613050378799,-0.003908131583478202,0.030679615757712823,0.03196713857356894,-0.34664075811510764,4.301194653324764,BALANCE,1,-6.375109161269232e-06
0.498,0.032909882900293744,-0.0033758089803347623,0.032213596545598466,0.032053398863779274,0.04313014510516633,-0.8550977505067245,BALANCE,1,-6.3731025423373945e-06
0.5,0.032903289854431354,-0.003321422804899865,0.032213596545598466,0.03210946805241599,0.028034594318358114,2.268245092668087,BALANCE,1,-6.370587865226494e-06
0.502,0.03289628207197747,-0.003449474442841869,0.0337475773334841,0.03268280630078983,0.286669124186921,2.1508448376918246,BALANCE,1,-6.367781784130268e-06
0.504,0.032887419435245355,-0.004197688696444762,0.030679615757712823,0.03198168961071288,-0.35055834503847777,4.2543213715427575,BALANCE,1,-6.3637404480888046e-06
0.506,0.0328800962357042,-0.003820945766782654,0.0337475773334841,0.032599750313682806,0.30903035148496444,-0.8855653836650497,BALANCE,1,-6.361228328935558e-06
0.508,0.03287103147331061,-0.0043638505214161506,0.032213596545598466,0.03246459649485329,-0.06757690941475852,4.428227830700684,BALANCE,1,-6.3572468165858735e-06
0.51,0.03286206236212264,-0.004454855930461732,0.0337475773334841,0.032913639788374076,0.2245216467603936,1.4072605143731292,BALANCE,1,-6.3536916420995744e-06
0.512,0.03285177487923246,-0.005005956012186817,0.035281558121369745,0.03374241120492256,0.4143857082742411,3.7709915613855935,BALANCE,1,-6.349157101127468e-06
0.514,0.03283905552487128,-0.006215136280982185,0.030679615757712823,0.03267043279839915,-0.5359892032617032,5.3396303384892825,BALANCE,1,-6.342792679951498e-06
0.516,0.03282893667975617,-0.0053151480381716685,0.030679615757712823,0.03197364683415894,-0.3483929821201069,-2.327687658189676,BALANCE,1,-6.339989121250019e-06
0.518,0.03282117894578092,-0.004288156940001899,0.035281558121369745,0.03313141578468272,0.5788844752618906,-0.8687250469113188,BALANCE,1,-6.338043943447472e-06
0.52,0.03281054183915184,-0.005130056713884277,0.0337475773334841,0.033347072326763205,0.10782827104024312,6.618960749176088,BALANCE,1,-6.333089697785068e-06
0.522,0.032799038396201144,-0.005651505684296594,0.0337475773334841,0.033487249079115516,0.0700883761761556,2.863450507927737,BALANCE,1,-6.328048434361599e-06
0.524,0.03278707217647084,-0.005933686433366412,0.032213596545598466,0.03304147069238455,-0.22288919336548377,2.569941954156176,BALANCE,1,-6.323081118690758e-06
0.526,0.03277637648404286,-0.005466146101599793,0.032213596545598466,0.03275171474100942,-0.14487797568756358,0.19937469461920276,BALANCE,1,-6.319522841823931e-06
0.528,0.03276677262126131,-0.004958724308118554,0.032213596545598466,0.032563373372615584,-0.09417068419691893,0.8060790789600567,BALANCE,1,-6.3163827058191465e-06
0.53,0.03275789773306662,-0.00457123975944476,0.0337475773334841,0.032977844758919565,0.20723569315199072,1.2004369287815835,BALANCE,1,-6.3133543566031895e-06
0.532,0.03274798549970932,-0.004872970309223724,0.032213596545598466,0.032710357884257184,-0.13374343733119076,3.6365562307510997,BALANCE,1,-6.3092292455226996e-06
0.534,0.03273868666314785,-0.0047038118831545005,0.032213596545598466,0.032536491415726634,-0.08693323426527469,0.8926739744059049,BALANCE,1,-6.305818406367176e-06
0.536,0.03272989675317529,-0.004474701498204397,0.0337475773334841,0.032960371486941746,0.21194003560755584,1.2567236108214006,BALANCE,1,-6.302656144856662e-06
0.538,0.03271996757199643,-0.004859669358645136,0.0337475773334841,0.03323589353323157,0.1377610231449132,3.6731425740769517,BALANCE,1,-6.2984484311335125e-06
0.54,0.032709141798095295,-0.005310697867697729,0.032213596545598466,0.032878089587559986,-0.17890197283579323,3.0962417971532,BALANCE,1,-6.293790705468596e-06
0.542,0.0326991825336044,-0.0050537502951678035,0.032213596545598466,0.03264551702287345,-0.11628628234326699,0.5414695925672532,BALANCE,1,-6.290241203970347e-06
0.544,0.032689991080563724,-0.004709032543348012,0.0337475773334841,0.033031238131587176,0.19286055435686206,1.0284407626262713,BALANCE,1,-6.287063198009819e-06
0.546,0.0326798520568509,-0.0049940882036645755,0.0337475773334841,0.0332819568522511,0.12535936033196068,3.524758722750127,BALANCE,1,-6.282867699408437e-06
0.548,0.032668941734191846,-0.005370696669765163,0.0337475773334841,0.03344492402068265,0.0814835842157767,2.999792293790751,BALANCE,1,-6.278255497172799e-06
0.55,0.03265751964900839,-0.005654015052805221,0.032213596545598466,0.03301395940440319,-0.21548230813973196,2.658564114967173,BALANCE,1,-6.273531180673736e-06
0.552,0.032647279844719476,-0.005235347449669648,0.0337475773334841,0.03327072567958151,0.12838313758916156,0.25697909914633543,BALANCE,1,-6.270082158430023e-06
0.554,0.03263657388767777,-0.005330358886946832,0.030679615757712823,0.03236383720692747,-0.4534442363270212,3.023308641488183,BALANCE,1,-6.265861931007725e-06
0.556,0.032628371199316414,-0.004439266166678447,0.0337475773334841,0.03284814625122229,0.24215452214741,-1.6857236582005215,BALANCE,1,-6.263640033655442e-06
0.558,0.03261909604526484,-0.004590562656146626,0.0337475773334841,0.03316294713001392,0.15740043939581685,3.908124952252617,BALANCE,1,-6.259932848160384e-06
0.56,0.03260885539790253,-0.005012322459034038,0.0337475773334841,0.033367567701228486,0.10231028560728217,3.24898034296737,BALANCE,1,-6.255569823919844e-06
0.562,0.03259791468634196,-0.005386887936771816,0.02914563496982718,0.03188989124523803,-0.7388382279952289,2.8205363469319664,BALANCE,1,-6.250955959174169e-06
0.5640000000000001,0.03259092524466685,-0.0040585228016310195,0.02914563496982718,0.030929401548844233,-0.4802448481968976,-3.9973123492475495,BALANCE,1,-6.249612916470865e-06
0.5660000000000001,0.03258688279665614,-0.002720319455297434,0.030679615757712823,0.030841976521948238,-0.04371251344799723,-1.9861946926445269,BALANCE,1,-6.249029983442877e-06
0.5680000000000001,0.03258308252822594,-0.002196729569742155,0.030679615757712823,0.03078515025446584,-0.028413133741198374,1.5008184837329164,BALANCE,1,-6.247847110010035e-06
0.5700000000000001,0.032579096061104096,-0.002066573282821971,0.032213596545598466,0.03128510645636226,0.24997810094820952,1.6198039453383637,BALANCE,1,-6.246377581506488e-06
0.5720000000000001,0.03257328051804793,-0.0026415001848875573,0.032213596545598466,0.03161007798759493,0.16248576561633463,3.876931194967412,BALANCE,1,-6.2438590662924415e-06
0.5740000000000001,0.03256603933594428,-0.003345032104870853,0.0337475773334841,0.03235820275865614,0.37406238553060533,3.196490804186373,BALANCE,1,-6.24063396545344e-06
0.5760000000000001,0.032556297175689704,-0.004565254542312467,0.032213596545598466,0.03230759058408596,-0.025306087285091594,4.933991249764211,BALANCE,1,-6.235870777472865e-06
0.578,0.032546222575678026,-0.004938227282200296,0.032213596545598466,0.032274692670615335,-0.01644895673531127,1.7360067367644247,BALANCE,1,-6.231632854418368e-06
0.58,0.032536132939587584,-0.005022228528543279,0.032213596545598466,0.03225330902685943,-0.010691821877951285,1.80488990635443,BALANCE,1,-6.227679204747234e-06
0.582,0.032526122082883156,-0.005009406242575193,0.0337475773334841,0.03277630293417807,0.26149695365931813,1.8496639665879557,BALANCE,1,-6.223859879296871e-06
0.584,0.03251474490188562,-0.005576798473835682,0.032213596545598466,0.03257935569817521,-0.09847361800142951,4.0585538053252295,BALANCE,1,-6.2188644180291356e-06
0.586,0.03250380990162429,-0.0054885933270664615,0.032213596545598466,0.03245133999477335,-0.06400785170092987,1.1669723978790765,BALANCE,1,-6.214784448393363e-06
0.588,0.03249339003664314,-0.005268246888021996,0.0337475773334841,0.03290502306332211,0.22684153427438014,1.435017586078962,BALANCE,1,-6.21105161033665e-06
0.59,0.03248191790437165,-0.005659167807029066,0.032213596545598466,0.032663023782118834,-0.12099964060163781,3.7890336579943678,BALANCE,1,-6.2062092724632005e-06
0.592,0.03247109066507378,-0.005461764071526689,0.032213596545598466,0.032505724249336704,-0.07864976639106527,0.9917843021140276,BALANCE,1,-6.20230476809077e-06
0.594,0.03246089406267251,-0.005177054522150064,0.0337475773334841,0.03294037282878829,0.21732428972579335,1.32114532383168,BALANCE,1,-6.198731507113643e-06
0.596,0.03244970034113913,-0.005523678968351545,0.032213596545598466,0.03268600112967185,-0.1271858495582208,3.715016687533644,BALANCE,1,-6.194059901407587e-06
0.598,0.03243917872218772,-0.005314952721917911,0.030679615757712823,0.03198376624948619,-0.35111744009282825,0.9436732713145446,BALANCE,1,-6.190283334682906e-06
0.6,0.03243074378809741,-0.004512996274512068,0.032213596545598466,0.032064206853125485,0.0402203018196462,-0.8899135457734544,BALANCE,1,-6.187903938633604e-06
0.602,0.03242233668843064,-0.004286717218485536,0.0337475773334841,0.032653386521251,0.2945898340627577,2.2456148257446986,BALANCE,1,-6.184907692629903e-06
0.604,0.03241231450369448,-0.004860583178922655,0.030679615757712823,0.03196256675401264,-0.3454098836191792,4.315921863777121,BALANCE,1,-6.1805238009035e-06
0.606,0.03240396611523382,-0.004360592972740338,0.0337475773334841,0.032587320456827655,0.3123768514075066,-0.845525063712675,BALANCE,1,-6.177831162602373e-06
0.608,0.032394019489769374,-0.00484349303803125,0.032213596545598466,0.03245651708789744,-0.06540168446510924,4.454254038669712,BALANCE,1,-6.173564077530441e-06
0.61,0.032384254658941035,-0.00487393331091607,0.0337475773334841,0.03290838817385277,0.22593554297766633,1.4241775495529723,BALANCE,1,-6.169809993591613e-06
0.612,0.03237326397982768,-0.005384531177295942,0.032213596545598466,0.03266521110396376,-0.12158853494450422,3.7819876342524967,BALANCE,1,-6.16506277333953e-06
0.614,0.03236282651127326,-0.005253305742422621,0.0337475773334841,0.03304403928429588,0.18941409016606098,0.9872043866817919,BALANCE,1,-6.16123531177084e-06
0.616,0.03235149170557317,-0.005597143657911483,0.0337475773334841,0.03329027760151176,0.1231191586079372,3.4979550783862408,BALANCE,1,-6.156520589989012e-06
0.618,0.0323394778210897,-0.005946887789931954,0.032213596545598466,0.03291343923194211,-0.18841918478482503,2.9823699249542033,BALANCE,1,-6.151516186142129e-06
0.62,0.03232852369575563,-0.005567734409238367,0.032213596545598466,0.032668494291721834,-0.12247247011013679,0.46745287563792615,BALANCE,1,-6.147813065932283e-06
0.622,0.03231852535180079,-0.005126400951576464,0.032213596545598466,0.032509280080578656,-0.07960710557158857,0.9803298966222158,BALANCE,1,-6.144512665737276e-06
0.624,0.03230918767273342,-0.004780082075995906,0.030679615757712823,0.03186889756757561,-0.3201912565015223,1.313699960262011,BALANCE,1,-6.14132719493656e-06
0.626,0.03230171543567717,-0.004042606423465276,0.030679615757712823,0.03145264893412364,-0.20812431672598622,-0.6493961979576417,BALANCE,1,-6.1391800277009664e-06
0.628,0.032295491367308464,-0.0034111489568014884,0.032213596545598466,0.03171898059813983,0.13316583200809542,0.2221644022395286,BALANCE,1,-6.1373159802401224e-06
0.63,0.032288481756516337,-0.0034769010404367543,0.0337475773334841,0.03242898945551032,0.35500442868524607,2.968465491953153,BALANCE,1,-6.13460349127741e-06
0.632,0.0322792780397753,-0.004348483786509038,0.030679615757712823,0.031816708661281196,-0.3061403971145633,4.785774796812587,BALANCE,1,-6.130378747798927e-06
0.634,0.032271356927051124,-0.004069916795516021,0.0337475773334841,0.03249251269655221,0.33790201763550864,-0.5401206572396346,BALANCE,1,-6.127619825590004e-06
0.636,0.032261562766315664,-0.004720808905826511,0.0337475773334841,0.03293178531947837,0.21963631146307977,4.652766902877202,BALANCE,1,-6.123289922754897e-06
0.638,0.032250321215566216,-0.005471804833884537,0.030679615757712823,0.03214352597286043,-0.3941296733089711,3.7329976108733405,BALANCE,1,-6.118205563687623e-06
0.64,0.03224103086709025,-0.004848234957157678,0.032213596545598466,0.032168050673318745,0.01226235022915717,-1.2244258281001428,BALANCE,1,-6.1153660231354525e-06
0.642,0.032231927839895334,-0.00462546982185107,0.0337475773334841,0.03272088500437662,0.2764171655289388,2.028181842232382,BALANCE,1,-6.112137243854717e-06
0.644,0.032221374985039186,-0.005151358711087711,0.032213596545598466,0.032543334043804266,-0.08877548028617815,4.174590424494108,BALANCE,1,-6.107586048268295e-06
0.646,0.03221115902252901,-0.005117507819728232,0.0337475773334841,0.03296481919519221,0.21074257569397153,1.2423962003388307,BALANCE,1,-6.103749394152615e-06
0.648,0.03219986753071186,-0.005556128111668261,0.032213596545598466,0.0327018912678344,-0.13146396367890584,3.6638297572633047,BALANCE,1,-6.098969887978074e-06
0.65,0.0321892359368305,-0.005364434009442003,0.032213596545598466,0.03253098811505182,-0.08545157639128914,0.9104017666388171,BALANCE,1,-6.09516456769532e-06
0.652,0.03217924528558382,-0.005077669673511773,0.0337475773334841,0.032956794341503115,0.212903113225648,1.268246675772796,BALANCE,1,-6.091699439423045e-06
0.654,0.032168256978406966,-0.005418694865669365,0.032213596545598466,0.03269667511293649,-0.13005961428331353,3.6806325662953707,BALANCE,1,-6.087156526700528e-06
0.656,0.03215793727533962,-0.005214819043710188,0.030679615757712823,0.031990704338608206,-0.35298538716414113,0.921323592509681,BALANCE,1,-6.0834811576970535e-06
0.658,0.03214968892536949,-0.004423197962627265,0.030679615757712823,0.03153182333529482,-0.22944050165669277,-0.9044408369966366,BALANCE,1,-6.081173404158994e-06
0.66,0.03214291037249593,-0.0037092017136825133,0.032213596545598466,0.03177044395890109,0.11931031180313634,0.05638538686414707,BALANCE,1,-6.079228023972403e-06
0.662,0.03213551457264817,-0.003701431694859167,0.02914563496982718,0.030851760812725223,-0.459341573087935,2.8607091319591564,BALANCE,1,-6.0764364999186745e-06
0.664,0.03213043609697588,-0.002935610058459037,0.032213596545598466,0.031328403319230855,0.23832125325281595,-1.8236269359399666,BALANCE,1,-6.0750579629010155e-06
0.666,0.032123942552437654,-0.0031505558767307524,0.032213596545598466,0.03163822094845952,0.15490881461433306,3.7862742251763786,BALANCE,1,-6.072462977645989e-06
0.668,0.032116252865820184,-0.003653847152205979,0.032213596545598466,0.03183960240745815,0.10069072949931562,3.1375637738222357,BALANCE,1,-6.069190579960467e-06
0.67,0.03210766160474859,-0.004134182543089262,0.0337475773334841,0.03250739363156723,0.3338956120545397,2.7159019804420144,BALANCE,1,-6.065544426996688e-06
0.672,0.032096983855103386,-0.005124150207370184,0.030679615757712823,0.031867671375718186,-0.3198611279245228,4.621608514330352,BALANCE,1,-6.060532259230413e-06
0.674,0.03208772689693484,-0.004750234309239982,0.030679615757712823,0.03145185190941631,-0.20790973315093844,-0.6468287408530913,BALANCE,1,-6.05742949563185e-06
0.676,0.032079750617069636,-0.004202582501213791,0.030679615757712823,0.03118156925632009,-0.1351413265481098,0.22383324935747106,BALANCE,1,-6.054940442587056e-06
0.678,0.03207261275140762,-0.00376016087093603,0.032213596545598466,0.03154277880756752,0.18060477562371544,0.7897635429943268,BALANCE,1,-6.052621415810391e-06
0.68,0.03206446436855833,-0.003989997879094439,0.032213596545598466,0.03177756501587835,0.11739310415541382,3.337404933443775,BALANCE,1,-6.04935583771676e-06
0.682,0.032055474056540925,-0.004372822105133539,0.02914563496982718,0.03085638949976044,-0.4605877580589543,2.8457987341960114,BALANCE,1,-6.045621893383759e-06
0.684,0.03204880453682938,-0.003658396593095968,0.032213596545598466,0.031331411965803746,0.23751123302165333,-1.833318694486008,BALANCE,1,-6.0437178179892184e-06
0.686,0.03204088636428497,-0.0038765800571532462,0.0337475773334841,0.03217706984449187,0.42282893934406096,3.7799745821214517,BALANCE,1,-6.040555980956068e-06
0.6880000000000001,0.03203045270056993,-0.004971301221886081,0.030679615757712823,0.031652960914119205,-0.2620544651863316,5.313255705422,BALANCE,1,-6.035588700610687e-06
0.6900000000000001,0.032021077769547046,-0.004755946694695151,0.032213596545598466,0.031849183385136946,0.09811123550887077,-0.1972580666435002,BALANCE,1,-6.03227833331389e-06
0.6920000000000001,0.032011267242699565,-0.004872270938543099,0.032213596545598466,0.03197672799129848,0.06377230308076548,2.695840887179183,BALANCE,1,-6.028461966356629e-06
0.6940000000000001,0.03200110148372241,-0.005038709855409993,0.0337475773334841,0.03259652526106344,0.3098986348824828,2.4287821041240325,BALANCE,1,-6.024456443663864e-06
0.6960000000000001,0.03198925033818425,-0.005796784517645705,0.032213596545598466,0.032462500210650704,-0.06701252520636969,4.434980594723669,BALANCE,1,-6.019117332156008e-06
0.6980000000000001,0.031977627408378416,-0.005809379055953605,0.032213596545598466,0.03237538392788242,-0.04355814138414307,1.4116498109880846,BALANCE,1,-6.014726348112364e-06
0.7000000000000001,0.03196642792735715,-0.00563826457271622,0.032213596545598466,0.032318758344083036,-0.028312791899690742,1.5940579045998005,BALANCE,1,-6.010720809607869e-06
0.7020000000000001,0.031955617153128675,-0.005451163385340679,0.0337475773334841,0.03281884499037341,0.25004332314518607,1.7126231654474562,BALANCE,1,-6.0068753174332745e-06
0.704,0.0319436532393417,-0.005904059997389321,0.035281558121369745,0.033680794586222126,0.43097479792435917,3.969477284583893,BALANCE,1,-6.001827762929394e-06
0.706,0.03192935266321983,-0.007085051024489196,0.032213596545598466,0.033167275272003846,-0.25675965710914017,5.468646058568201,BALANCE,1,-5.994816012906787e-06
0.708,0.031916240906765404,-0.006618811581638019,0.032213596545598466,0.03283348771776196,-0.1668937771209418,-0.06404074055289066,BALANCE,1,-5.9905710384138044e-06
0.71,0.03190457957814287,-0.0059653840040119095,0.032213596545598466,0.03261652580750474,-0.1084809551286127,0.6348590460981833,BALANCE,1,-5.987068316416364e-06
0.712,0.03189400739468539,-0.0054262133223004,0.0337475773334841,0.033012393841597515,0.1979340170463889,1.0891439074213827,BALANCE,1,-5.9837540876848916e-06
0.714,0.031882692450691225,-0.005617670587128554,0.032213596545598466,0.032732814787997846,-0.1397895267998342,3.5642157668669623,BALANCE,1,-5.9792817551892226e-06
0.716,0.031872189841297825,-0.005327155979734006,0.02914563496982718,0.03147730185163811,-0.6277564681798665,0.8456526728811973,BALANCE,1,-5.975680361200127e-06
0.718,0.03186530879592516,-0.0040070606037581535,0.030679615757712823,0.03119811171876426,-0.13959506643692643,-3.1334136343406453,BALANCE,1,-5.974413665270232e-06
0.72,0.0318595053638756,-0.0032651681956854407,0.030679615757712823,0.031016638132396256,-0.0907367931840021,0.7551261716304443,BALANCE,1,-5.972812746783809e-06
0.722,0.03185414389678388,-0.0028786079571698573,0.032213596545598466,0.03143557357701703,0.2094677223103882,1.1351039424717586,BALANCE,1,-5.971055764182697e-06
0.724,0.031847400766579985,-0.0032229967437115616,0.035281558121369745,0.03278166816754048,0.6730472952617244,3.5618761931041276,BALANCE,1,-5.968303731983968e-06
0.726,0.03183660912425461,-0.005066085148253905,0.0337475773334841,0.03311973637562075,0.1690341040401326,7.351278452146223,BALANCE,1,-5.962629631120936e-06
0.728,0.03182423936568256,-0.0060469082581870335,0.030679615757712823,0.03226569415935297,-0.4270211081338869,3.3394570148583056,BALANCE,1,-5.9568327153648235e-06
0.73,0.03181397098915635,-0.005331789926464771,0.030679615757712823,0.03171056671877892,-0.277563720287026,-1.4802272155099168,BALANCE,1,-5.953855051300543e-06
0.732,0.031805610802998964,-0.004492340067398445,0.0337475773334841,0.03242352043392573,0.356476857573406,-0.3178757591694725,BALANCE,1,-5.951604648854151e-06
0.734,0.03179556878903445,-0.004909919920369669,0.032213596545598466,0.03235004707301119,-0.03673668045727288,4.797226086622793,BALANCE,1,-5.947427194739683e-06
0.736,0.03178558861366051,-0.0049728741096198865,0.030679615757712823,0.03176539611265676,-0.2923254801772135,1.6471093807224881,BALANCE,1,-5.943626491960984e-06
0.738,0.031777208877675434,-0.004401963807305363,0.030679615757712823,0.031385372988426384,-0.19001156211518808,-0.4326800746583024,BALANCE,1,-5.941062804269896e-06
0.74,0.031770005707706196,-0.003841950531291581,0.035281558121369745,0.03274903778495656,0.6818323982650878,0.3630298823840785,BALANCE,1,-5.938861439935305e-06
0.742,0.031759106154332,-0.005188639369031025,0.032213596545598466,0.03256163335118123,-0.09370221688766514,7.419601453218096,BALANCE,1,-5.933489214227472e-06
0.744,0.031748256858020595,-0.0053803833776086656,0.032213596545598466,0.03243982046922726,-0.060906440976983556,1.2040802659695526,BALANCE,1,-5.9292182166965685e-06
0.746,0.03173776491504513,-0.005273787344715043,0.032213596545598466,0.03236064209595718,-0.03958918663504035,1.4591377003377672,BALANCE,1,-5.925419399727785e-06
0.748,0.031727617888634776,-0.005117098446624268,0.030679615757712823,0.03177228287757165,-0.29417960919276426,1.624925032677108,BALANCE,1,-5.921803208520221e-06
0.75,0.0317191928362503,-0.004456516440774237,0.030679615757712823,0.03138984938562106,-0.19121674597529642,-0.4470999008878149,BALANCE,1,-5.919331994690447e-06
0.752,0.031711994666757226,-0.0038566451825900465,0.0337475773334841,0.03221505416737312,0.41260239087603096,0.35365699533489225,BALANCE,1,-5.917176893847418e-06
0.754,0.031702580892125506,-0.004516245105929659,0.0337475773334841,0.03275143727551197,0.26819155406942324,5.2337223770506345,BALANCE,1,-5.9130746199190914e-06
0.756,0.03169142455306267,-0.005402488893679092,0.0337475773334841,0.03310008629580222,0.17432451014512407,4.110618669086104,BALANCE,1,-5.907974828353948e-06
0.758,0.031679068042847675,-0.006077739724364047,0.032213596545598466,0.032789814883230906,-0.15513570628565565,3.3806012589091257,BALANCE,1,-5.9025397534100464e-06
0.76,0.03166747124857153,-0.005846065840136678,0.0337475773334841,0.03312503174081952,0.16760842879430873,0.7263032427086091,BALANCE,1,-5.898511181607912e-06
0.762,0.03165524848293495,-0.006074052630007472,0.035281558121369745,0.0338798159740121,0.37739211659628885,3.328369334803641,BALANCE,1,-5.893666423214238e-06
0.764,0.031641091049637866,-0.007016923825507329,0.030679615757712823,0.03275974589830735,-0.5600350378523744,5.051925891211036,BALANCE,1,-5.887076180577651e-06
0.766,0.031629862112478056,-0.005875523143574884,0.032213596545598466,0.03256859362485924,-0.09557613672405568,-2.514695548920554,BALANCE,1,-5.884464725561733e-06
0.768,0.03161985618236708,-0.005198845638562977,0.030679615757712823,0.031907451371357996,-0.3305711267506221,1.189506523699109,BALANCE,1,-5.8815395964653205e-06
0.77,0.0316119857258656,-0.004293028506641687,0.0337475773334841,0.03255149545810213,0.322022043372068,-0.730121931723497,BALANCE,1,-5.879527946872593e-06
0.772,0.03160258330678688,-0.004606801633092038,0.032213596545598466,0.032433230838725846,-0.05913230968814312,4.529266074462672,BALANCE,1,-5.87573219869184e-06
0.774,0.03159334187702006,-0.004617638656096265,0.0337475773334841,0.03289325211189124,0.23001063658269552,1.4729353728184058,BALANCE,1,-5.87228456184084e-06
0.776,0.0315828014269301,-0.00514459933181036,0.030679615757712823,0.03211847938792879,-0.3873863619812227,3.8136802193750383,BALANCE,1,-5.867816969894798e-06
0.778,0.03157420851388759,-0.004521386367494491,0.02914563496982718,0.03107798384159323,-0.5202477731677813,-1.1719821325740543,BALANCE,1,-5.865265709254471e-06
0.78,0.031568624759730594,-0.003356881882985628,0.030679615757712823,0.030938555012235087,-0.06971441467907083,-2.2973031548466563,BALANCE,1,-5.8641693928149275e-06
0.782,0.031563521821771655,-0.0028274328825530193,0.032213596545598466,0.03138481954891227,0.22313226833859182,1.2985979833015386,BALANCE,1,-5.862622733772167e-06
0.784,0.03155698832485232,-0.003131926760766765,0.030679615757712823,0.031137998221992466,-0.12341066345990248,3.668147319643471,BALANCE,1,-5.8600022079878554e-06
0.786,0.031550743583393666,-0.0031256130052321274,0.030679615757712823,0.030977564359494593,-0.08021693124893661,0.8809945856403281,BALANCE,1,-5.857687184746189e-06
0.788,0.03154464570592584,-0.0030738321210972116,0.030679615757712823,0.030873282348870972,-0.05214100531181036,1.2169184115781826,BALANCE,1,-5.855457175286303e-06
0.79,0.03153854920838788,-0.0030566752389618295,0.0337475773334841,0.031879285593485567,0.5030016223072972,1.4352688984377755,BALANCE,1,-5.853205093464302e-06
0.792,0.03152941325054668,-0.004237450541230253,0.0337475773334841,0.032533187702485054,0.32695105449974393,5.936770114067511,BALANCE,1,-5.8488955327457375e-06
0.794,0.03151800548559988,-0.005485376478507305,0.02914563496982718,0.0313475442460548,-0.5928217282151274,4.567599698147054,BALANCE,1,-5.843368619375019e-06
0.796,0.031509443375110545,-0.004600990575300053,0.032213596545598466,0.03165066255089508,0.1515591524201415,-2.861721170957731,BALANCE,1,-5.841144269437448e-06
0.798,0.03150037150260727,-0.00455230341531416,0.030679615757712823,0.031310796173281294,-0.16993318880689431,3.111512972414837,BALANCE,1,-5.837827824066147e-06
0.8,0.0314922174517619,-0.004208270816774551,0.030679615757712823,0.03108988302783233,-0.11045657272448252,0.5191822599417231,BALANCE,1,-5.835126495900818e-06
0.802,0.03148469975095629,-0.0038902084768410276,0.0337475773334841,0.03202007603481045,0.4650965034890594,0.9817403998740796,BALANCE,1,-5.832615033274563e-06
0.804,0.03147461001046244,-0.004816442777521815,0.030679615757712823,0.03155091493782628,-0.2345805484920832,5.641976590001102,BALANCE,1,-5.828016407355521e-06
0.806,0.03146547078009575,-0.004630834114556215,0.030679615757712823,0.03124596022478657,-0.1524773565198551,0.016410508332911133,BALANCE,1,-5.824818237942508e-06
0.808,0.031457222609809335,-0.004262812708942617,0.032213596545598466,0.031584632937070735,0.16933635614208192,0.6549387613283533,BALANCE,1,-5.822113050587191e-06
0.81,0.03144810734920602,-0.004486563000180083,0.032213596545598466,0.03180477020005544,0.11006863149235283,3.249768825360899,BALANCE,1,-5.818529764892988e-06
0.812,0.031438278420996134,-0.00482114575813113,0.032213596545598466,0.0319478594209955,0.07154461047002847,2.7888352639421488,BALANCE,1,-5.814560012577147e-06
0.8140000000000001,0.03142795845908149,-0.005090945139570376,0.0337475773334841,0.03257776069036651,0.3149506346855069,2.489228449019958,BALANCE,1,-5.810456682854578e-06
0.8160000000000001,0.031415891784122275,-0.005904331891778061,0.032213596545598466,0.03245030323969769,-0.0637287253344096,4.4742707189060456,BALANCE,1,-5.805040003462954e-06
0.8180000000000001,0.031404022903102985,-0.005930062923364486,0.030679615757712823,0.031830562621002985,-0.30987030934735355,1.4371883917065849,BALANCE,1,-5.8006196299384625e-06
0.8200000000000001,0.03139403634861678,-0.005204227604943414,0.032213596545598466,0.031964624494611404,0.06703093680420977,-0.5691287175186492,BALANCE,1,-5.797790956417177e-06
0.8220000000000001,0.03138406932391369,-0.005032783265157689,0.032213596545598466,0.032051764712456875,0.043570108922735135,2.4541249641103624,BALANCE,1,-5.794295834908972e-06
0.8240000000000001,0.03137398648231394,-0.005039861542023814,0.030679615757712823,0.031571512578296455,-0.24012606708020967,2.271666754129294,BALANCE,1,-5.79056430074546e-06
0.8260000000000001,0.03136526168386195,-0.004539440127770475,0.032213596545598466,0.03179624196685216,0.1123646942778507,-0.026717781943889962,BALANCE,1,-5.787854234210153e-06
0.8280000000000001,0.03135607536592908,-0.004580401104557746,0.030679615757712823,0.03140542279365339,-0.1954095865993842,2.8066920722339352,BALANCE,1,-5.7844235593860535e-06
0.8300000000000001,0.03134791231999631,-0.004219206175428165,0.030679615757712823,0.03115139033107419,-0.1270162312895992,0.3210486748241297,BALANCE,1,-5.781750297779824e-06
0.8320000000000001,0.03134047892029924,-0.0038646853302657085,0.030679615757712823,0.03098626923039771,-0.08256055033823914,0.8529535695476578,BALANCE,1,-5.7793136391387016e-06
0.834,0.03133346203403459,-0.0036167435826232074,0.0337475773334841,0.03195272706647795,0.48322891804011836,1.1986917511179496,BALANCE,1,-5.7769234039828886e-06
0.836,0.03132369402943717,-0.0046237102169841005,0.032213596545598466,0.03204403138417013,0.04565215884608925,5.782994968309624,BALANCE,1,-5.772436447661383e-06
0.838,0.03131329530124373,-0.005085274296923704,0.02914563496982718,0.031029592639150096,-0.5072193725100156,2.2878591538189217,BALANCE,1,-5.768125250226882e-06
0.84,0.03130554394326703,-0.004221986670025414,0.02914563496982718,0.030370207454887076,-0.32969259213151,-2.195979421731119,BALANCE,1,-5.7661258141215115e-06
0.842,0.031299815897671,-0.0033098757918268032,0.030679615757712823,0.030478500360876088,0.0541464529945062,-0.8153282897588552,BALANCE,1,-5.764748190461077e-06
0.844,0.03129382662853469,-0.0030974964434895063,0.030679615757712823,0.030548890749768947,0.03519519444642946,2.261881645608615,BALANCE,1,-5.762687098431864e-06
0.846,0.03128742724634835,-0.0031677855294392843,0.02914563496982718,0.030057751226789328,-0.24556976148980975,2.1144950005575724,BALANCE,1,-5.760283275815925e-06
0.848,0.03128208807992064,-0.0028384671411099565,0.030679615757712823,0.03027540381261255,0.108826292911611,-0.16109301831111833,BALANCE,1,-5.758528249498803e-06
0.85,0.031275926850451094,-0.003003820045354994,0.030679615757712823,0.030416877993397644,0.07073709039254715,2.687134572049641,BALANCE,1,-5.756156909037784e-06
0.852,0.031269047917570694,-0.0033092418130012697,0.02914563496982718,0.02997194293514798,-0.22246752912483125,2.390909402744236,BALANCE,1,-5.75341924439085e-06
0.854,0.031263068974803354,-0.003093880973106768,0.02761165418194154,0.02914584187152573,-0.4130505318111263,0.01857634311022882,BALANCE,1,-5.751366060490223e-06
0.856,0.031259153498708045,-0.002364304590940745,0.030679615757712823,0.029682662731691213,0.2684104300827422,-1.5556537421974665,BALANCE,1,-5.750350141333829e-06
0.858,0.03125357062284219,-0.002651637896196896,0.032213596545598466,0.030568489566558752,0.4429134174337695,3.92824320456341,BALANCE,1,-5.748142524166689e-06
0.86,0.031245158456058922,-0.0038359444690634703,0.032213596545598466,0.031144277009222652,0.2878937213319499,5.377416713463681,BALANCE,1,-5.744228914312865e-06
0.862,0.031234675691912527,-0.004988070711750171,0.0337475773334841,0.03205543212271416,0.45557755674575406,4.171806391208959,BALANCE,1,-5.739290024930926e-06
0.864,0.031221367195692996,-0.006521025648143489,0.0337475773334841,0.03264768294648364,0.29612541188473934,5.567946381328882,BALANCE,1,-5.732516488231157e-06
0.866,0.031206089993207193,-0.0076179184608952625,0.032213596545598466,0.03249575270617383,-0.07596512015490414,4.327864271866933,BALANCE,1,-5.725249538712472e-06
0.868,0.031191157566124596,-0.007473865216004136,0.032213596545598466,0.03239699804997245,-0.04937732810068873,1.3420242011311967,BALANCE,1,-5.719998088395061e-06
0.87,0.031177064219424514,-0.007081884997764202,0.0337475773334841,0.03286970079920153,0.23635137461454,1.5488012581928374,BALANCE,1,-5.715433862134864e-06
0.872,0.031162320284031673,-0.00735784726138324,0.030679615757712823,0.03210317103468049,-0.3832648822605228,3.862993044868412,BALANCE,1,-5.709599703940925e-06
0.874,0.03114996468965679,-0.006352720201853101,0.030679615757712823,0.031604926687741806,-0.2491221734693405,-1.139928796003353,BALANCE,1,-5.706538733007664e-06
0.876,0.03113974685826422,-0.005380300875961049,0.0337475773334841,0.03235485441375161,0.37496386300490264,-0.09668178649021564,BALANCE,1,-5.704010105519943e-06
0.878,0.03112802883023895,-0.005784391791997253,0.032213596545598466,0.03230541415989801,-0.02472012692680131,4.941002168864317,BALANCE,1,-5.699234814709809e-06
0.88,0.031116456818390953,-0.005786080746848302,0.0337475773334841,0.032810171270653145,0.25237855537756787,1.74056383417947,BALANCE,1,-5.694993764568465e-06
0.882,0.031103699821693316,-0.006308505251877804,0.030679615757712823,0.03206447684112403,-0.3728472147645559,3.9876387192597313,BALANCE,1,-5.689648576580991e-06
0.884,0.031092992660994176,-0.00554721736530326,0.032213596545598466,0.032116668737690084,0.026095948283025305,-1.0589091076490051,BALANCE,1,-5.686692159356753e-06
0.886,0.031082614093291522,-0.0052647832618188265,0.0337475773334841,0.03268748674621799,0.2854090042639541,2.1357677105256077,BALANCE,1,-5.683220297765869e-06
0.888,0.03107088870805916,-0.005770606700377381,0.02914563496982718,0.03144783862448121,-0.6198240608683916,4.244521238884712,BALANCE,1,-5.67833601686033e-06
0.89,0.031062485451605636,-0.004622228673609527,0.032213596545598466,0.031715853896872245,0.13400763619551836,-3.07172216947826,BALANCE,1,-5.676536353507659e-06
0.892,0.031053765127977154,-0.004428293001086557,0.035281558121369745,0.03296385037544637,0.623998239287063,2.9750123233764816,BALANCE,1,-5.673535797386698e-06
0.894,0.031041659622382048,-0.005854122098722223,0.032213596545598466,0.0327012615349996,-0.13129442022338442,6.969816936823286,BALANCE,1,-5.667548186081085e-06
0.896,0.031029838986314322,-0.005901763815670666,0.030679615757712823,0.03199368551294923,-0.3537880110251849,0.9117203303129009,BALANCE,1,-5.663170435525627e-06
0.898,0.031020110829715234,-0.005105884030141501,0.030679615757712823,0.03153376109861649,-0.22996220716637109,-0.9106829574245254,BALANCE,1,-5.66055251125357e-06
0.9,0.031012013267639176,-0.004342780265727604,0.0337475773334841,0.032308596780820154,0.38741784110183153,0.05232800858602071,BALANCE,1,-5.658365494508984e-06
0.902,0.031001999401539658,-0.00486812815084157,0.032213596545598466,0.032275346698492566,-0.016625041163793874,5.037858535663862,BALANCE,1,-5.654194721407691e-06
0.904,0.03099188790810529,-0.00501605887055144,0.02761165418194154,0.030643054317699706,-0.8161461903964298,1.803520472599203,BALANCE,1,-5.650349703180841e-06
0.906,0.030986203092021304,-0.003533647407832777,0.030679615757712823,0.030655850821704297,0.0063982520022952405,-4.690586264109456,BALANCE,1,-5.649628109689305e-06
0.908,0.03098074896984144,-0.0029984970335279917,0.032213596545598466,0.031201061825067256,0.27260550168147973,1.8905370653206197,BALANCE,1,-5.648011977664456e-06
0.91,0.03097364115023018,-0.0033918227998756684,0.030679615757712823,0.031018555701493204,-0.09125306178702636,4.052907722955873,BALANCE,1,-5.645152325255872e-06
0.912,0.030966671226073873,-0.003457123790531814,0.032213596545598466,0.03143681999693004,0.20913214771841984,1.1310888477933814,BALANCE,1,-5.64256392585364e-06
0.914,0.030958313989982056,-0.003993337727911262,0.02914563496982718,0.03063490523744404,-0.40095737974300133,3.5592663815631616,BALANCE,1,-5.639092141948056e-06
0.916,0.030951839261907095,-0.003476702871802254,0.030679615757712823,0.030650553919538116,0.007824341047037858,-1.3695647236973683,BALANCE,1,-5.637144764240649e-06
0.918,0.030945265419652524,-0.0033464544012068967,0.032213596545598466,0.03119761883865924,0.27353245956056144,1.9016279635485898,BALANCE,1,-5.6348449178308225e-06
0.92,0.030937000048343682,-0.003929653073446524,0.02761165418194154,0.029942531208808045,-0.627543814925597,4.060116806804046,BALANCE,1,-5.6313821964081346e-06
0.922,0.030931839140517583,-0.003036597861893278,0.032213596545598466,0.030737404076684693,0.3974364339383238,-3.223798646876293,BALANCE,1,-5.630166699656806e-06
0.924,0.030924479126341477,-0.003497086643102956,0.02761165418194154,0.02964339161352459,-0.5470062315800512,5.023735716107672,BALANCE,1,-5.627166519829758e-06
0.926,0.030919766642287915,-0.00275203543722079,0.032213596545598466,0.030542963339750446,0.4497858631129278,-2.5974463558289345,BALANCE,1,-5.625948008254668e-06
0.928,0.0309124691126905,-0.003396258316154834,0.032213596545598466,0.031127684961797252,0.2923608110234031,5.43086470528845,BALANCE,1,-5.622870042311348e-06
0.93,0.030903168904004172,-0.004374631270660705,0.030679615757712823,0.0309708607403677,-0.07841211071477582,4.20654758589506,BALANCE,1,-5.618675761115086e-06
0.932,0.030893915849090833,-0.004566732989446748,0.032213596545598466,0.03140581827219847,0.21747876591538332,1.2309547587038554,BALANCE,1,-5.615127396117853e-06
0.934,0.03088340999601895,-0.0051204264019260376,0.030679615757712823,0.03115164739212849,-0.12708544003498834,3.6241792236549744,BALANCE,1,-5.6107357214488925e-06
0.936,0.030873473480665825,-0.005002373456484759,0.032213596545598466,0.03152332959584298,0.18584110185724567,0.8524153232478027,BALANCE,1,-5.607251831452477e-06
0.9380000000000001,0.030862648304157567,-0.005336034423769119,0.032213596545598466,0.031764923028257404,0.120796716207211,3.3781285906085445,BALANCE,1,-5.602950867182759e-06
0.9400000000000001,0.030851161583192493,-0.005676303774724441,0.032213596545598466,0.031921958759326775,0.07851786553468576,2.8722691113531322,BALANCE,1,-5.598379309601763e-06
0.9420000000000001,0.030839289637711872,-0.0058962605888211485,0.032213596545598466,0.03202403198452187,0.05103661259754644,2.5434604498370925,BALANCE,1,-5.593797654866309e-06
0.9440000000000001,0.030827264654089498,-0.0059953270592423245,0.030679615757712823,0.031553486305138705,-0.2352728396915818,2.3297348198516836,BALANCE,1,-5.589307986582556e-06
0.9460000000000001,0.03081670778234116,-0.005426763018791399,0.02914563496982718,0.03071073833777967,-0.42137398367951723,0.011026460775667823,BALANCE,1,-5.5861708890297196e-06
0.9480000000000001,0.0308088217129284,-0.004360783407702935,0.02761165418194154,0.029626058883236325,-0.5423397272716728,-1.5283475691693575,BALANCE,1,-5.584423732506315e-06
0.9500000000000001,0.030804236170661487,-0.0029876901241007205,0.030679615757712823,0.0299948037893031,0.1843724530333872,-2.561154285179203,BALANCE,1,-5.583837309745272e-06
0.9520000000000001,0.03079876049523176,-0.0028218334895282653,0.030679615757712823,0.030234487978246502,0.11984209447170151,3.2746678516252836,BALANCE,1,-5.581954948293474e-06
0.9540000000000001,0.03079235438938116,-0.003084706827110261,0.030679615757712823,0.030390282701059715,0.07789736140660641,2.772806034468402,BALANCE,1,-5.579467321550943e-06
0.9560000000000001,0.03078517775671694,-0.0034418325404889194,0.030679615757712823,0.030491549270888305,0.05063328491429486,2.4465958533164343,BALANCE,1,-5.576617977183899e-06
0.9580000000000001,0.03077741468694653,-0.0037597925475353865,0.02761165418194154,0.029483585989756936,-0.5039816405656844,2.234559235567657,BALANCE,1,-5.573561167050046e-06
0.96,0.030772162184204827,-0.0030098378478917043,0.02914563496982718,0.02936530313278152,-0.05914142848770752,-2.2628379651400587,BALANCE,1,-5.572200124177849e-06
0.962,0.03076717788951276,-0.002670836664720202,0.030679615757712823,0.029825312551507478,0.23000470936297873,1.2887867600652312,BALANCE,1,-5.570600408964873e-06
0.964,0.03076069634998662,-0.0030661775579857034,0.030679615757712823,0.03012431867367935,0.1495030610859354,3.6295564279942782,BALANCE,1,-5.568011541638573e-06
0.966,0.0307530292741696,-0.003622915206834169,0.0260776733940559,0.028707992825811143,-0.7081629239341029,3.003483609108244,BALANCE,1,-5.5648387286630535e-06
0.968,0.030748906781932338,-0.0026083046393592674,0.02914563496982718,0.028861167576216755,0.07658737520280581,-3.9428238219241543,BALANCE,1,-5.564020994590284e-06
0.97,0.03074431537948394,-0.0024055816192339657,0.02914563496982718,0.028960731163980402,0.049781793881823605,2.3443690561954518,BALANCE,1,-5.562467821625238e-06
0.972,0.030739141297967277,-0.0025258385453590234,0.030679615757712823,0.02956234077178675,0.3008048039031732,2.135898220893413,BALANCE,1,-5.560532402441065e-06
0.974,0.030731954106839803,-0.0032935168243099374,0.032213596545598466,0.03049028029262085,0.46396976041705035,4.18017887753259,BALANCE,1,-5.5574558286086245e-06
0.976,0.030721812851711185,-0.004746871221927233,0.032213596545598466,0.031093440981163015,0.30158034427108305,5.541174900893654,BALANCE,1,-5.5525416858332756e-06
0.978,0.030709560301391586,-0.005957452163195915,0.02914563496982718,0.03041170887719547,-0.3408660519837719,4.278249213038445,BALANCE,1,-5.5467298086127075e-06
0.98,0.030698903443821236,-0.005456351894070281,0.0337475773334841,0.03157926283689649,0.5837769798505109,-0.9022258832384469,BALANCE,1,-5.543488566092908e-06
0.982,0.030685477757580217,-0.006607684554214581,0.032213596545598466,0.031801279634942184,0.11100839902284526,6.564971609017877,BALANCE,1,-5.5371569434741024e-06
0.984,0.03067127911342232,-0.007066343015297996,0.0337475773334841,0.032482483829431856,0.34060209724483603,2.796143970279293,BALANCE,1,-5.531360983837392e-06
0.986,0.03065544643974046,-0.00791504228439484,0.02761165418194154,0.030777693452810246,-0.852395188310805,4.6737658077246,BALANCE,1,-5.524290539638664e-06
0.988,0.030644328413286563,-0.00599446036620141,0.032213596545598466,0.031280259535286126,0.2512830412379399,-4.972499899317825,BALANCE,1,-5.52312919680649e-06
0.99,0.03063303737715116,-0.005708760785994752,0.030679615757712823,0.03107003421313547,-0.10511266107532738,3.8870799020206865,BALANCE,1,-5.519414050344489e-06
0.992,0.030622646792055435,-0.005303795525891078,0.030679615757712823,0.030933387753737544,-0.06832322969896332,1.0233007641855092,BALANCE,1,-5.516144002258056e-06
0.994,0.03061292779775209,-0.004962451946983322,0.032213596545598466,0.031381460830888865,0.22403653857566014,1.309417427632546,BALANCE,1,-5.513015301128103e-06
0.996,0.030602195041713062,-0.005289748365425631,0.030679615757712823,0.03113581505527725,-0.1228228878058079,3.675179958458613,BALANCE,1,-5.508790840922613e-06
0.998,0.030592122638094695,-0.005091999539872954,0.030679615757712823,0.0309761453011297,-0.07983487707377383,0.8855658008701718,BALANCE,1,-5.505382414762165e-06
1.0,0.030582653973266108,-0.004819748212609947,0.030679615757712823,0.030872359960933793,-0.05189267009795412,1.2198897014775913,BALANCE,1,-5.502261357951826e-06
1.002,0.030573614180997168,-0.0045951814499477954,0.030679615757712823,0.030804899489806453,-0.03373023556367018,1.4372002368723946,BALANCE,1,-5.4992333722486314e-06
1.004,0.030564843190717873,-0.004439683371236264,0.02761165418194154,0.029687263632053734,-0.5588179288763592,1.5784520848790256,BALANCE,1,-5.496227383269739e-06
1.006,0.03055915180137516,-0.0033661968704449055,0.030679615757712823,0.030034586876034414,0.17366162199033974,-2.6893076130876494,BALANCE,1,-5.495073891751174e-06
1.008,0.030552629923796603,-0.003294111542039843,0.02914563496982718,0.029723453708861883,-0.15556658358626546,3.1913681884847827,BALANCE,1,-5.492779523467673e-06
1.01,0.030546754771770424,-0.0030547578993060163,0.02914563496982718,0.029521217150199737,-0.1011182793310729,0.5388745538415893,BALANCE,1,-5.490829058771648e-06
1.012,0.0305412364157483,-0.002858331395726864,0.032213596545598466,0.030463549938589293,0.4711663941947778,0.9623267943634011,BALANCE,1,-5.488969057572437e-06
1.014,0.030532900376262544,-0.0038459213706999035,0.030679615757712823,0.030539172975282528,0.037811518346617806,5.59714414987358,BALANCE,1,-5.4852666184303e-06
1.016,0.03052391782652715,-0.004336175728238448,0.030679615757712823,0.03058832794913313,0.024577486925301748,2.134842525289894,BALANCE,1,-5.481611094299991e-06
1.018,0.030514601745348237,-0.00458244983618447,0.030679615757712823,0.030620278682136022,0.015975366501445182,2.031919572350402,BALANCE,1,-5.4780303144751494e-06
1.02,0.03050512523916732,-0.004702238176701503,0.030679615757712823,0.0306410466585879,0.010383988225939542,1.9650196529397228,BALANCE,1,-5.474508606122412e-06
1.022,0.030495584919167488,-0.0047546882472636245,0.030679615757712823,0.030654545843281623,0.006749592346861136,1.9215347053227902,BALANCE,1,-5.471030775162673e-06
1.024,0.030486034125627438,-0.004770879555197915,0.02914563496982718,0.030126427037572567,-0.264059402854528,1.8932694893717863,BALANCE,1,-5.467586714059478e-06
1.026,0.030477964010292877,-0.004240312813809993,0.030679615757712823,0.030320043089621655,0.09680802602454394,-0.30488960058187,BALANCE,1,-5.465201307457002e-06
1.028,0.030469507369479634,-0.004231751400536398,0.032213596545598466,0.03098278679921354,0.3313718547959428,2.593666793573651,BALANCE,1,-5.462175805408842e-06
1.03,0.030459202153058005,-0.004972553488213996,0.02914563496982718,0.030339783658928313,-0.32150157014261377,4.509942046320354,BALANCE,1,-5.457753340580933e-06
1.032,0.0304504439240614,-0.00453351186877484,0.030679615757712823,0.030458724893502893,0.059470617287289695,-0.7516255416052113,BALANCE,1,-5.455059056236091e-06
1.034,0.030441529691534346,-0.00447663844050041,0.02761165418194154,0.02946225014445642,-0.4982373745232357,2.3032884319084914,BALANCE,1,-5.4519192584022e-06
1.036,0.030435350008245203,-0.003533114644622571,0.0260776733940559,0.02827764828181624,-0.592300931320091,-2.2181639875185004,BALANCE,1,-5.450511409958622e-06
1.038,0.03043253994703135,-0.0021545002153959937,0.030679615757712823,0.029118336898380046,0.42034430828190306,-3.0417485536517535,BALANCE,1,-5.450341185539126e-06
1.04,0.03042738124259951,-0.002436821049578466,0.02914563496982718,0.02912789122338654,0.004777162503247917,5.109854680158027,BALANCE,1,-5.448355247833297e-06
1.042,0.030421761513031772,-0.0026878179516105845,0.032213596545598466,0.030207888086160716,0.5399984313870874,1.7858907734291758,BALANCE,1,-5.446205604956587e-06
1.044,0.03041281359047558,-0.004085885047871325,0.032213596545598466,0.03090988604696393,0.35099898040160704,6.132460736266342,BALANCE,1,-5.4419919526354934e-06
1.046,0.030401424556868797,-0.005458852136578723,0.030679615757712823,0.03082929144572604,-0.04029730061894457,4.662585006030692,BALANCE,1,-5.436518021500813e-06
1.048,0.030389878403473642,-0.005721663997427388,0.02914563496982718,0.03024001167916144,-0.2946398832823008,1.5273790817920059,BALANCE,1,-5.432073814260208e-06
1.05,0.030380047880262367,-0.00510046493161819,0.032213596545598466,0.030930766382414397,0.3453773516264788,-0.54271836550872,BALANCE,1,-5.429275145512209e-06
1.052,0.030368710130033866,-0.005573639802188643,0.032213596545598466,0.031379756939528824,0.22449527855721366,4.618864795956695,BALANCE,1,-5.424683018103679e-06
1.054,0.03035615152874859,-0.006192115471719984,0.02914563496982718,0.03059781425013325,-0.39097134469778805,3.6787476448294387,BALANCE,1,-5.419418734844305e-06
1.056,0.030345731022027086,-0.005418283538511065,0.032213596545598466,0.031163338053546076,0.2827619017064138,-1.2919019025743095,BALANCE,1,-5.416654496643714e-06
1.058,0.03033426923942834,-0.0056788440251270365,0.02914563496982718,0.030457141974244463,-0.35309803965080655,4.131895496864075,BALANCE,1,-5.412252982171638e-06
1.06,0.030324820614058976,-0.0049545510521246785,0.030679615757712823,0.03053500779845839,0.03893291210696308,-0.9973557987517847,BALANCE,1,-5.409701481751736e-06
1.062,0.030315527498268203,-0.004721637168999934,0.02914563496982718,0.030048727308437467,-0.2431402450104609,2.1435637647632078,BALANCE,1,-5.40662540324744e-06
1.064,0.03030768536812667,-0.004149076134447252,0.032213596545598466,0.030806431541443816,0.37885211650317413,-0.14219832157743895,BALANCE,1,-5.404369300955566e-06
1.066,0.030297913557187507,-0.004727256771946587,0.02914563496982718,0.030225152741377992,-0.29063940003291183,4.8792028245120225,BALANCE,1,-5.40033656296443e-06
1.068,0.030289547608749485,-0.004330330844692834,0.032213596545598466,0.03092110807285516,0.34797766573858335,-0.5116060357806151,BALANCE,1,-5.397737060247556e-06
1.07,0.030279396347777564,-0.00492403659206202,0.02914563496982718,0.030299692486795368,-0.31070779302989554,4.639087810279976,BALANCE,1,-5.393532533254852e-06
1.072,0.030270781249950935,-0.004470419538038501,0.030679615757712823,0.030432665631616476,0.066486572410554,-0.6676807950314423,BALANCE,1,-5.390917154124209e-06
1.074,0.030261962540033913,-0.0044251696669811305,0.02761165418194154,0.02944531162423025,-0.4936770036931132,2.3578525171814206,BALANCE,1,-5.387818501053435e-06
1.076,0.030255838653397604,-0.003499420280408157,0.030679615757712823,0.02987731807094915,0.21600322335945005,-2.1826973320910907,BALANCE,1,-5.386419984189308e-06
1.078,0.030248648163354454,-0.0035671130639572447,0.030679615757712823,0.030158122261316436,0.1404020951836435,3.5206648711325492,BALANCE,1,-5.383808605444195e-06
1.08,0.030240506009197067,-0.003937040658476159,0.032213596545598466,0.030877538260815147,0.35970799974935525,2.932704097148134,BALANCE,1,-5.380614015666325e-06
1.082,0.0302301853833585,-0.004928853380072467,0.030679615757712823,0.030808265384729333,-0.03463643804290685,4.730316293643751,BALANCE,1,-5.376003197233206e-06
1.084,0.03021975263734602,-0.005158680527705181,0.030679615757712823,0.030763238015273555,-0.02251368472788902,1.5714044187405052,BALANCE,1,-5.372044409566176e-06
1.086,0.0302094686631063,-0.0051458059382682875,0.030679615757712823,0.030733970225127298,-0.01463389507312847,1.6656848030933014,BALANCE,1,-5.368401247403702e-06
1.088,0.030199383888347676,-0.005065152411965019,0.030679615757712823,0.030714946161532232,-0.009512031797533071,1.72696705292261,BALANCE,1,-5.364903829791072e-06
1.09,0.030189481695313405,-0.004976823583662564,0.030679615757712823,0.03070258052019544,-0.0061828206683964965,1.7668005153116693,BALANCE,1,-5.361479254241578e-06
1.092,0.030179729759218284,-0.004899200592834484,0.02914563496982718,0.03015764957756655,-0.2724654713144453,1.7926922658645545,BALANCE,1,-5.358096365325176e-06
1.094,0.030171559196088524,-0.004310254543221015,0.030679615757712823,0.030340337740617746,0.09134408152559892,-0.3702647958615697,BALANCE,1,-5.355772941909745e-06
1.096,0.030163064076673157,-0.0042643490823755775,0.030679615757712823,0.030459085046601022,0.05937365299163791,2.551172916641856,BALANCE,1,-5.352798517437484e-06
1.098,0.030154217128182177,-0.0043837412998976874,0.030679615757712823,0.030536270795490154,0.038592874444565856,2.3025343267291647,BALANCE,1,-5.349547948490376e-06
1.1,0.030145094618066883,-0.004518357067113733,0.02914563496982718,0.030049548256508112,-0.24336126949102074,2.140919243285936,BALANCE,1,-5.3461828363827e-06
1.102,0.03013725086148495,-0.004091583594515642,0.030679615757712823,0.03027007188192976,0.11026181271082437,-0.14391726053767928,BALANCE,1,-5.3437920673279564e-06
1.104,0.03012887794750438,-0.004161539318948171,0.02914563496982718,0.029876518962693856,-0.19677645961795226,2.6982988146023805,BALANCE,1,-5.3407608385229634e-06
1.106,0.030121493988957432,-0.003830785391363525,0.02914563496982718,0.02962070956519052,-0.1279046987516675,0.2183794608180134,BALANCE,1,-5.33842460668263e-06
1.108,0.030114798707730765,-0.003498211728220601,0.032213596545598466,0.0305282200083333,0.4537552215713898,0.7540049838980913,BALANCE,1,-5.336311140792813e-06
1.11,0.03010555375442596,-0.004370605630830571,0.02914563496982718,0.030044315244856158,-0.24195238173857145,5.461734973071117,BALANCE,1,-5.3323024620140154e-06
1.112,0.030097299496884587,-0.004193514757042323,0.02761165418194154,0.029192883872836042,-0.4257156860100579,-0.13296013921720218,BALANCE,1,-5.329539748183132e-06
1.114,0.03009138135616629,-0.0033612811583776285,0.02914563496982718,0.02917634675678294,-0.008268558026550826,-1.6541524557103005,BALANCE,1,-5.328114092724559e-06
1.116,0.03008556782081762,-0.003056775481889828,0.02914563496982718,0.029165597631348426,-0.00537456271725717,1.6844323411945699,BALANCE,1,-5.326263702700734e-06
1.118,0.03007962276180055,-0.0030001282940224643,0.030679615757712823,0.029695503975575965,0.26495317211376945,1.7069393561428483,BALANCE,1,-5.324195280768938e-06
1.12,0.030071990132913593,-0.0035922486932922935,0.030679615757712823,0.030039943099323865,0.17221956187394963,3.9013556154447135,BALANCE,1,-5.321076966333701e-06
1.122,0.030063085952425687,-0.00424658070675242,0.02914563496982718,0.029726935254000025,-0.15650392266191962,3.1801530809510288,BALANCE,1,-5.317378647126315e-06
1.124,0.030054780408173432,-0.004178269426445061,0.030679615757712823,0.030060373430299506,0.16671908814974018,0.5315847339446444,BALANCE,1,-5.314501529586526e-06
1.1260000000000001,0.03004555135805395,-0.004511527672426652,0.030679615757712823,0.030277108244894168,0.10836740729733112,3.137375111015892,BALANCE,1,-5.310928338374772e-06
1.1280000000000001,0.030035631995976583,-0.004863314830310955,0.032213596545598466,0.030954879150140672,0.3388854526232519,2.683565753072299,BALANCE,1,-5.3070692228766595e-06
1.1300000000000001,0.030023817233024573,-0.005757331189780687,0.02914563496982718,0.03032164368703095,-0.3166177315548618,4.568376369994455,BALANCE,1,-5.301880411363428e-06
1.1320000000000001,0.030013571501781352,-0.005260155489293169,0.02914563496982718,0.02991004063600963,-0.20580152551065953,-0.7136432312170373,BALANCE,1,-5.2988445980641545e-06
1.1340000000000001,0.03000479746413711,-0.004614269808288956,0.02761165418194154,0.0291056053770858,-0.40221762946191475,0.14819023407530163,BALANCE,1,-5.296425768807998e-06
1.1360000000000001,0.029998491734004217,-0.003615434070846929,0.0260776733940559,0.028045829183025336,-0.529888097030232,-1.47140471307017,BALANCE,1,-5.295075862203468e-06
1.1380000000000001,0.02999526236523223,-0.002318590128844257,0.02761165418194154,0.02789386793264601,-0.07598062518966373,-2.556355025260336,BALANCE,1,-5.294756521750408e-06
1.1400000000000001,0.029992427652092885,-0.0017520203513840342,0.030679615757712823,0.028868879671419392,0.48750586938669205,1.0657870744414506,BALANCE,1,-5.29400177363864e-06
1.1420000000000001,0.029986581349626815,-0.002560599160723295,0.032213596545598466,0.030039530577382068,0.5853254529813375,5.6321797353787,BALANCE,1,-5.291566168591921e-06
1.1440000000000001,0.02997699727700911,-0.004375450284469621,0.030679615757712823,0.03026356039049783,0.1120149065578814,6.484975458493624,BALANCE,1,-5.286841309835748e-06
1.1460000000000001,0.029966168634975896,-0.005230866727615363,0.02914563496982718,0.029872286493263102,-0.19563694861736425,2.711932875892921,BALANCE,1,-5.28214473822409e-06
1.1480000000000001,0.029956220332321648,-0.005031632495512818,0.030679615757712823,0.030154851735820505,0.14128262127870161,0.22724160065687204,BALANCE,1,-5.2788545602198905e-06
1.1500000000000001,0.029945705126795518,-0.005212750083320258,0.02914563496982718,0.029801625867722843,-0.17661293404883094,2.9395520743788435,BALANCE,1,-5.274949721222798e-06
1.1520000000000001,0.029936229441264825,-0.004851408504730318,0.02761165418194154,0.029035135777699388,-0.3832450450117278,0.3751940796727231,BALANCE,1,-5.271998275961997e-06
1.154,0.029929069616975015,-0.003961213424297417,0.02914563496982718,0.029073810494944115,0.019337358622363923,-1.323852213431859,BALANCE,1,-5.270312560752828e-06
1.156,0.029922037244786447,-0.0036514273036151955,0.02914563496982718,0.02909894906115319,0.01256928310453681,1.8991274986755582,BALANCE,1,-5.268087091985906e-06
1.158,0.02991491063236884,-0.003589889178897114,0.030679615757712823,0.02965218240494906,0.2766166718979352,1.8464912085054859,BALANCE,1,-5.265625004055101e-06
1.16,0.029906160129294587,-0.0041830644495838435,0.030679615757712823,0.030011784078416377,0.17980083673365885,3.9920643194804253,BALANCE,1,-5.26205254106943e-06
1.162,0.029896199442610735,-0.004814127064715173,0.02914563496982718,0.029708631890410158,-0.1515760940031096,3.2391137385742534,BALANCE,1,-5.257941303717214e-06
1.164,0.029886909743208144,-0.0046860766725818235,0.02914563496982718,0.029511582968206117,-0.09852446110202029,0.5699091613997327,BALANCE,1,-5.254802660172475e-06
1.166,0.029878266297378706,-0.004417367424823671,0.030679615757712823,0.029920394444533465,0.2044057381636738,0.9824992892762048,BALANCE,1,-5.252023465916663e-06
1.168,0.029868619414693907,-0.004732507881970675,0.030679615757712823,0.03018612190414624,0.1328637298063876,3.4304695719813982,BALANCE,1,-5.24832387672596e-06
1.17,0.029858199281891474,-0.005115093820043691,0.030679615757712823,0.030358844752894545,0.08636142437415222,2.874077152699875,BALANCE,1,-5.244259329673446e-06
1.172,0.029847290927193473,-0.005391549527481789,0.030679615757712823,0.03047111460458094,0.05613492584319833,2.5124220801668904,BALANCE,1,-5.240116587665374e-06
1.174,0.029836141632021626,-0.0055420800141960875,0.030679615757712823,0.0305440900081771,0.0364877017980797,2.277346283020443,BALANCE,1,-5.236024901783664e-06
1.176,0.02982493176179083,-0.005594015298703048,0.02914563496982718,0.03005463074475463,-0.2447296317112362,2.1245470148752634,BALANCE,1,-5.232027279292699e-06
1.178,0.02981523741960909,-0.005021637625410751,0.02914563496982718,0.029736482223530022,-0.15907426061230293,-0.15455920900461195,BALANCE,1,-5.22927278604266e-06
1.18,0.02980674471904404,-0.004454002941611501,0.02761165418194154,0.028992792408974052,-0.371844907277985,0.5115948485133779,BALANCE,1,-5.226866569943279e-06
1.182,0.029800494245209606,-0.0035487479892806818,0.02914563496982718,0.029046287305272648,0.02674744814929776,-1.2351917136854371,BALANCE,1,-5.2254466768908545e-06
1.184,0.029794231420462475,-0.0032653214490326135,0.02914563496982718,0.029081058987866733,0.017385841297042418,1.9567568235107409,BALANCE,1,-5.22345616646818e-06
1.186,0.02978775513195408,-0.003246872888182216,0.02761165418194154,0.028566767305792915,-0.2571458410369088,1.8839502696483432,BALANCE,1,-5.2211980857922e-06
1.188,0.02978248752747291,-0.002842382530759719,0.0260776733940559,0.02769558443668496,-0.4355914345539769,-0.34316068994769555,BALANCE,1,-5.219614101162977e-06
1.19,0.02977944521402771,-0.002003456167009171,0.02914563496982718,0.028203102123284737,0.253758843299888,-1.8229964102307177,BALANCE,1,-5.218981312090679e-06
1.192,0.02977480081809501,-0.0022120167265985272,0.030679615757712823,0.029069881895334566,0.4333898860249142,3.722256873796188,BALANCE,1,-5.217259743991996e-06
1.194,0.02976735382907816,-0.003323507941806858,0.030679615757712823,0.029633288747166957,0.28170342591619585,5.211312001919388,BALANCE,1,-5.213993932975204e-06
1.196,0.029757858403243832,-0.004448411512,0.030679615757712823,0.02999950320085801,0.1831072268455268,4.031624732159584,BALANCE,1,-5.209735005060977e-06
1.198,0.029746995632447506,-0.00525787819699377,0.030679615757712823,0.030237542595757196,0.11901969744959259,3.264828006815695,BALANCE,1,-5.20509285772305e-06
1.2,0.02973533280603508,-0.005741660900833493,0.02914563496982718,0.02985537492668169,-0.19108383453775302,2.7664101353421726,BALANCE,1,-5.200442538109443e-06
1.202,0.02972475067221601,-0.005383403150208599,0.02761165418194154,0.02907007266602264,-0.39265113032952575,0.2626518192988774,BALANCE,1,-5.1971646617431185e-06
1.204,0.02971664364223381,-0.004421843836889093,0.030679615757712823,0.029633412748114204,0.2816700410457826,-1.3970046826748477,BALANCE,1,-5.195334344294418e-06
1.206,0.02970737371342967,-0.004584422866526057,0.030679615757712823,0.02999958380147372,0.18308552667975833,4.031365093253113,BALANCE,1,-5.191936295956567e-06
1.208,0.029697093934452568,-0.00502753786250915,0.02914563496982718,0.02970070171039743,-0.14944104553814458,3.26465924152649,BALANCE,1,-5.187888136353627e-06
1.21,0.029687576666099738,-0.004822363860258372,0.032213596545598466,0.030580214902717794,0.4397565961601815,0.5865137383186894,BALANCE,1,-5.184777543907235e-06
1.212,0.029675832015280727,-0.005719042947325475,0.032213596545598466,0.03115189847772603,0.2858417875041177,5.352865663444519,BALANCE,1,-5.17966617153245e-06
1.214,0.029662390869598945,-0.006632923639188913,0.02914563496982718,0.030449706249961433,-0.35109611388229806,4.155848208696503,BALANCE,1,-5.1737682642411244e-06
1.216,0.02965080073080363,-0.005940448895819092,0.030679615757712823,0.03053017457767442,0.04023416385649271,-0.9817865360606985,BALANCE,1,-5.170651256939768e-06
1.218,0.029639577400052644,-0.005671962614581514,0.02914563496982718,0.030045585714927884,-0.2422944313732675,2.1536837855124067,BALANCE,1,-5.167067639590235e-06
1.22,0.029630005693620926,-0.004996330821620659,0.0337475773334841,0.031341282781422564,0.6478485332473398,-0.135620308090467,BALANCE,1,-5.164497771565729e-06
1.222,0.029617280783369344,-0.006217182423259346,0.030679615757712823,0.031109699323124154,-0.11579172914920506,7.063265232864072,BALANCE,1,-5.158600598161434e-06
1.224,0.029604934883516613,-0.006179564145065151,0.032213596545598466,0.031496063350990165,0.19318201393300585,0.9402481261938088,BALANCE,1,-5.154347412440526e-06
1.226,0.029591851899408442,-0.006501944082923935,0.030679615757712823,0.031210306693343095,-0.14287832882353516,3.435219912523457,BALANCE,1,-5.149353462457739e-06
1.228,0.029579730864070973,-0.0061282732685119445,0.0260776733940559,0.029413885038592578,-0.8982108273752586,0.7295917710123045,BALANCE,1,-5.145635934387146e-06
1.23,0.029572940830186478,-0.004181266221367709,0.030679615757712823,0.029856890790284665,0.22150287584604342,-5.420853516686514,BALANCE,1,-5.1454132680278786e-06
1.232,0.02956561198297715,-0.0038179563848730236,0.02761165418194154,0.029071057977364572,-0.3929164064600463,3.5634364541854273,BALANCE,1,-5.1431725391129186e-06
1.234,0.029560422923453154,-0.0030089798713444677,0.02914563496982718,0.029097159924726484,0.013050973680955869,-1.399067773038496,BALANCE,1,-5.141956029215383e-06
1.236,0.029555127938562475,-0.0027702776587779925,0.030679615757712823,0.029651019466271702,0.27692977077260933,1.850237384931236,BALANCE,1,-5.140261034570454e-06
1.238,0.02954807482609544,-0.0033071933665582342,0.030679615757712823,0.030011028168276097,0.18000435100219703,3.994499334157177,BALANCE,1,-5.137459681782703e-06
1.24,0.02953966950829757,-0.003976598241401352,0.030679615757712823,0.03024503382457895,0.11700282815142737,3.2406964981141417,BALANCE,1,-5.134016731724162e-06
1.242,0.029530317961148782,-0.004515920963530858,0.02914563496982718,0.029860244225415833,-0.1923947995815592,2.750724654686156,BALANCE,1,-5.130277247311052e-06
1.244,0.029521831003050288,-0.004316072838827504,0.02914563496982718,0.029610130985959805,-0.12505661972801382,0.2524562568724764,BALANCE,1,-5.12751604374799e-06
1.246,0.029514073638208772,-0.004003890610654299,0.032213596545598466,0.030521343931833336,0.45560647293676515,0.7761549013334776,BALANCE,1,-5.1250979147628685e-06
1.248,0.029503859930408004,-0.004891790404942341,0.030679615757712823,0.030576739070891156,0.027697569528910282,5.476132419404122,BALANCE,1,-5.120707892552626e-06
1.25,0.029493235117223775,-0.0052312217485371544,0.030679615757712823,0.03061274591127874,0.01800342019379203,2.0561849004847517,BALANCE,1,-5.116652374029935e-06
1.252,0.029482511299374552,-0.005336838918499485,0.02761165418194154,0.02956236380601072,-0.5251910526340094,1.9807921162270608,BALANCE,1,-5.1128112832757956e-06
1.254,0.029474754255584004,-0.0042939066460287575,0.030679615757712823,0.029953401989106457,0.19551909154786815,-2.427786592711432,BALANCE,1,-5.111191187640136e-06
1.256,0.02946627712710748,-0.004253438872813435,0.02761165418194154,0.029133790256598735,-0.40980586625386123,3.3613568517293326,BALANCE,1,-5.108287564485617e-06
1.258,0.029460013002512393,-0.003490685494363937,0.030679615757712823,0.029674829181988667,0.27051946269496596,-1.5304195146349657,BALANCE,1,-5.10674529368419e-06
1.26,0.02945233711938075,-0.0037406293608720637,0.02914563496982718,0.029489611207732146,-0.09260898712826031,3.9446454524790475,BALANCE,1,-5.1038912122148925e-06
1.262,0.02944496100358032,-0.0037036808056551424,0.02914563496982718,0.029369219524465407,-0.060195841633369634,1.0285047754378462,BALANCE,1,-5.101363846799304e-06
1.264,0.029437795304185048,-0.003619134804884529,0.02914563496982718,0.02929096493034203,-0.039127297061689395,1.2805864384009673,BALANCE,1,-5.0989467284075005e-06
1.266,0.02943072662205292,-0.0035600420830200767,0.030679615757712823,0.029776992719921805,0.24301389478988827,1.4444395193270068,BALANCE,1,-5.096543034810674e-06
1.268,0.02942219780371592,-0.004086684960954348,0.02914563496982718,0.029556017507388687,-0.11048760626655892,3.7307307215144148,BALANCE,1,-5.0931594508754796e-06
1.27,0.029414036467882067,-0.004082559972960128,0.032213596545598466,0.03048617017076211,0.4650763316867111,0.8894602003108499,BALANCE,1,-5.090337100157146e-06
1.272,0.029403287132316196,-0.005149644135955169,0.02914563496982718,0.030016982850434883,-0.23459366016361297,5.549780863739415,BALANCE,1,-5.085565399034546e-06
1.274,0.02939352337416971,-0.004943353669910531,0.02914563496982718,0.029712011092222188,-0.15248587910634756,-0.07573031028281063,BALANCE,1,-5.0824089531085706e-06
1.276,0.029384764587793488,-0.0045260592760815194,0.030679615757712823,0.03005067272514391,0.16933081646086123,0.5628336326825507,BALANCE,1,-5.079800617564928e-06
1.278,0.029375256645894115,-0.004701566554212743,0.030679615757712823,0.03027080278654303,0.11006503069956042,3.157686895195525,BALANCE,1,-5.0763399114078985e-06
1.28,0.02936513387467229,-0.0049859135655361125,0.02761165418194154,0.02934010077493251,-0.46535100580526007,2.696768412789065,BALANCE,1,-5.072546682881921e-06
1.282,0.029357533064144823,-0.004144244650260675,0.030679615757712823,0.02980893101890562,0.2344151219865545,-1.9624019999461297,BALANCE,1,-5.070739591397704e-06
1.284,0.029348898261699344,-0.004273122926216326,0.030679615757712823,0.03011367067748814,0.15236982929126008,3.6638568370267732,BALANCE,1,-5.067640584240952e-06
1.286,0.029339361568160905,-0.0046563669417670536,0.030679615757712823,0.03031175145556678,0.09904038903931975,3.025778874979369,BALANCE,1,-5.063981678349317e-06
1.288,0.029329184642694846,-0.004998940673649115,0.02914563496982718,0.02990361068555792,-0.20407038500443,2.6110281996485645,BALANCE,1,-5.06011503875792e-06
1.29,0.02932008449041045,-0.004662280929853893,0.02761165418194154,0.029101425909292187,-0.4010923881328666,0.1616535610980352,BALANCE,1,-5.057320967136215e-06
1.292,0.029313337727806293,-0.0037714398193520117,0.032213596545598466,0.030190685631999385,0.5446298613535991,-1.4626535505054015,BALANCE,1,-5.05579428063567e-06
1.294,0.029303795337082963,-0.004553628878828064,0.02914563496982718,0.029824917900239112,-0.1828838658801367,6.168480028748756,BALANCE,1,-5.051807842449562e-06
1.296,0.029294986536380158,-0.004442811880585309,0.02761165418194154,0.02905027559883496,-0.3873211507020753,0.32642414697325317,BALANCE,1,-5.048876354521703e-06
1.298,0.029288333170862667,-0.0036746749031552174,0.02914563496982718,0.029083651378682237,0.016687889923637858,-1.3555526696865046,BALANCE,1,-5.047247562759869e-06
1.3,0.029281703572856862,-0.0034273751807640915,0.02761165418194154,0.028568452359822992,-0.25759950942962245,1.878522202110037,BALANCE,1,-5.04514972275481e-06
1.302,0.029276382815740864,-0.002920394925859183,0.02914563496982718,0.02877046627332446,0.10100695675073317,-0.3466889338476,BALANCE,1,-5.04365933804028e-06
1.304,0.029270388436715252,-0.002972569223727466,0.02761165418194154,0.02836488204134044,-0.20279211599200964,2.5342836304053327,BALANCE,1,-5.041561136436377e-06
1.306,0.029265237882515477,-0.002711259362591553,0.02761165418194154,0.028101252290550823,-0.1318148753948079,0.07955599454434914,BALANCE,1,-5.039945239895034e-06
1.308,0.029260585645649127,-0.002461143574901645,0.030679615757712823,0.029003679504057522,0.4512136067533496,0.6315561342745861,BALANCE,1,-5.038480846737975e-06
1.31,0.029253193970994865,-0.00335945827416906,0.02914563496982718,0.029053363917076903,0.02484220650969017,5.349929624270248,BALANCE,1,-5.035377696231303e-06
1.312,0.029245222609267842,-0.0038173730335144813,0.02761165418194154,0.028548765509779528,-0.2522992036486874,1.9419394871021356,BALANCE,1,-5.032282828031959e-06
1.314,0.02923839566000887,-0.0035380805849702544,0.02914563496982718,0.028757669820796205,0.10445215550833852,-0.3054676986027276,BALANCE,1,-5.030152218693267e-06
1.316,0.029230952925289794,-0.0036686665258299682,0.02914563496982718,0.028893457622957048,0.06789390108042151,2.5610774333144803,BALANCE,1,-5.027490778040891e-06
1.318,0.02922299090248867,-0.003895706153574895,0.02914563496982718,0.028981719694361596,0.04413103570227381,2.276758666020795,BALANCE,1,-5.024568564506253e-06
1.32,0.02921464805013748,-0.004098862716591748,0.02914563496982718,0.02903909004077455,0.028685173206477454,2.0919514672798862,BALANCE,1,-5.021526089845383e-06
1.322,0.029206051301978987,-0.004247163442037423,0.032213596545598466,0.030150167317462923,0.555538638344186,1.9718267880982927,BALANCE,1,-5.018438372316309e-06
1.324,0.02919437758425197,-0.005618257186231878,0.030679615757712823,0.030335474271550388,0.09265347704373247,6.253319145801264,BALANCE,1,-5.012983343564846e-06
1.326,0.02918186313453166,-0.0061766682089498,0.02914563496982718,0.029919030515947263,-0.2082218778015621,2.5613562726428833,BALANCE,1,-5.007981406150593e-06
1.328,0.029170548914963155,-0.005751336931213321,0.02914563496982718,0.029648342074805233,-0.13534422057101536,0.12936680854433913,BALANCE,1,-5.004637107333744e-06
1.33,0.029160409462316572,-0.005219588029961251,0.02761165418194154,0.02893550131230294,-0.3564203812511466,0.6961467599201911,BALANCE,1,-5.0017786311030706e-06
1.332,0.029152585561242245,-0.004283438511876534,0.02914563496982718,0.029009048092436422,0.03677339006674142,-1.1152329712709965,BALANCE,1,-5.000042545468354e-06
1.334,0.029144888628833916,-0.003973641750558676,0.02761165418194154,0.028519960223763213,-0.24454393433660446,2.0347300060801166,BALANCE,1,-4.997674657399678e-06
1.336,0.0291385674869502,-0.0034205415999117817,0.030679615757712823,0.029275839660645578,0.3779397184411823,-0.24515386126704297,BALANCE,1,-4.9959426932132216e-06
1.338,0.029130190611906335,-0.003992251935246739,0.02914563496982718,0.02923026801885914,-0.022785820893218844,4.780068127168193,BALANCE,1,-4.992618033350597e-06
1.34,0.02912168930061242,-0.0041837437106393574,0.02914563496982718,0.029200646451697954,-0.01481078358059329,1.5715295139857977,BALANCE,1,-4.989536594882135e-06
1.342,0.029113180304631118,-0.0042362322231491245,0.032213596545598466,0.030255178984563133,0.5272662664325897,1.633552518457131,BALANCE,1,-4.9865732331303664e-06
1.344,0.029101769889831843,-0.005486531166560638,0.0260776733940559,0.028793052027885603,-0.731063478338765,6.0334408705345055,BALANCE,1,-4.9813672916098e-06
1.346,0.02909402470130212,-0.004330895524671042,0.02761165418194154,0.02837956278180518,-0.20674462304021146,-4.120924705036984,BALANCE,1,-4.979924798243313e-06
1.348,0.029087832843555574,-0.003491804941395933,0.032213596545598466,0.02972147459913283,0.6709559086638256,0.048816782586619034,BALANCE,1,-4.978504798658752e-06
1.35,0.029078095293014437,-0.004587956639656854,0.02761165418194154,0.02898303745311588,-0.369218573008475,7.1509357452585744,BALANCE,1,-4.9742267667579374e-06
1.352,0.02907001778203514,-0.004191641650606157,0.02914563496982718,0.029039946583964835,0.02845456542447701,-1.214766336880847,BALANCE,1,-4.971833694203959e-06
1.354,0.02906190237771169,-0.004094719578277278,0.02914563496982718,0.029076937519016657,0.018495467525910664,1.970033318433706,BALANCE,1,-4.969142949396862e-06
1.356,0.029053681517938048,-0.004106439300028475,0.02761165418194154,0.028564088351040365,-0.25642458398814594,1.8925799913482848,BALANCE,1,-4.966320997068374e-06
1.358,0.02904682109644035,-0.0036386126670513923,0.02454369260617026,0.02715694984033583,-0.7035692553522682,-0.33755137084274556,BALANCE,1,-4.9643616928989965e-06
1.36,0.02904383961129092,-0.0022436297613112064,0.02914563496982718,0.027852989635657802,0.34801989766098695,-3.9991370523979963,BALANCE,1,-4.964217668919754e-06
1.362,0.029038965062970473,-0.0023709274937953307,0.02914563496982718,0.028305415502617084,0.22621293347964075,4.455338559427364,BALANCE,1,-4.962488756644229e-06
1.364,0.029032479535697406,-0.0029799899464013433,0.02761165418194154,0.028062599040380644,-0.12140823111821998,3.508028397994151,BALANCE,1,-4.959924628379627e-06
1.366,0.029026258488825556,-0.0030692373113234517,0.02914563496982718,0.028441661615686932,0.1895312876531441,0.7124900934770787,BALANCE,1,-4.957741398449632e-06
1.368,0.02901877134088137,-0.003554348337325678,0.02914563496982718,0.02868805228963602,0.12319533697454331,3.2227499981663685,BALANCE,1,-4.954841012034585e-06
1.37,0.029010345636944365,-0.0040443267608515,0.02914563496982718,0.028848206227702924,0.08007696903345254,2.7068458331745076,BALANCE,1,-4.951566397641076e-06
1.372,0.02900129262408766,-0.004410465541516142,0.02914563496982718,0.028952306287446414,0.05205002987174537,2.371508125929796,BALANCE,1,-4.9481454207211665e-06
1.374,0.02899186485639418,-0.004643580755803033,0.02914563496982718,0.029019971326279682,0.03383251941663397,2.1535386162207475,BALANCE,1,-4.944702590119311e-06
1.3760000000000001,0.028982246191815466,-0.004771732529637362,0.02761165418194154,0.028527060325761334,-0.24645550025917395,2.0118584349098527,BALANCE,1,-4.941292115963347e-06
1.3780000000000001,0.028974022474529897,-0.0042932022929428855,0.02914563496982718,0.02874356145118438,0.10825056271152218,-0.26002038252771165,BALANCE,1,-4.938949850492081e-06
1.3800000000000001,0.02896539402085343,-0.004309047588019562,0.02914563496982718,0.02888428718270936,0.07036286576249037,2.5906181887632402,BALANCE,1,-4.935993149160208e-06
1.3820000000000001,0.028956394625922487,-0.004452948338591546,0.02761165418194154,0.028438865632440625,-0.22271077513436738,2.295960157062485,BALANCE,1,-4.932790943989659e-06
1.3840000000000001,0.02894860066870607,-0.00405580763445772,0.02761165418194154,0.028149341624765945,-0.14476200383733984,-0.07535426312850158,BALANCE,1,-4.930495355147221e-06
1.3860000000000001,0.028941704861803783,-0.0036347332534773843,0.02761165418194154,0.027961151019777405,-0.09409530249426985,0.530864466787238,BALANCE,1,-4.928491407442003e-06
1.3880000000000001,0.028935355157574647,-0.0033216060481863047,0.02761165418194154,0.027838827126534852,-0.061161946621276705,0.9249066412324854,BALANCE,1,-4.926560934687265e-06
1.3900000000000001,0.02892927762784761,-0.0031305261003377336,0.032213596545598466,0.029369996423207118,0.7655846483361327,1.1810340546218776,BALANCE,1,-4.924622776605006e-06
1.3920000000000001,0.02891888950927668,-0.004849033503559148,0.030679615757712823,0.029828363190284115,0.22918338353849868,7.886876972081488,BALANCE,1,-4.919623461718162e-06
1.3940000000000001,0.02890672668269706,-0.005923252751103839,0.02761165418194154,0.029052515037364213,-0.38792407645995075,3.6231688597250367,BALANCE,1,-4.91424995459373e-06
1.3960000000000001,0.028896501253656996,-0.00528908822880903,0.02761165418194154,0.028548213737966278,-0.25215064969896783,-1.3602417094377532,BALANCE,1,-4.911529893247445e-06
1.3980000000000001,0.028888102547146643,-0.004493851818527526,0.02914563496982718,0.028757311169117592,0.1045487155756572,-0.30431237331376604,BALANCE,1,-4.909503561118836e-06
1.4000000000000001,0.028879477173181567,-0.004360235698500158,0.02761165418194154,0.028356331223605973,-0.2004899727558098,2.561828394752313,BALANCE,1,-4.906697361336141e-06
1.4020000000000001,0.028872017674022723,-0.003915188369167259,0.02761165418194154,0.02809569425902342,-0.1303184822912754,0.09746009136987999,BALANCE,1,-4.904554889793395e-06
1.4040000000000001,0.02886536392135239,-0.0035108543413548366,0.02914563496982718,0.028463173507804737,0.1837396243906577,0.6431937972112021,BALANCE,1,-4.902614255253733e-06
1.4060000000000001,0.028857706609109596,-0.0037393465693655015,0.030679615757712823,0.029238928295272568,0.3878773937339153,3.1777074055935457,BALANCE,1,-4.899836277833403e-06
1.408,0.02884777789769847,-0.004717674688962592,0.02914563496982718,0.02920627563136668,-0.0163263319529431,4.857354847587676,BALANCE,1,-4.895581881935767e-06
1.41,0.028837664300721072,-0.0049854922187182165,0.02761165418194154,0.02864815812406788,-0.27905875364940025,1.621765882258456,BALANCE,1,-4.891871230242398e-06
1.412,0.028829101352238033,-0.0044686184664425,0.02914563496982718,0.028822275020083638,0.08705844800787829,-0.5135805417511292,BALANCE,1,-4.889486375988042e-06
1.414,0.028820296840691522,-0.004419448514521086,0.0260776733940559,0.02786166445097393,-0.48030528455485394,2.4258040852680445,BALANCE,1,-4.886545820546149e-06
1.416,0.028814165095673278,-0.003500155486833121,0.02761165418194154,0.027774160856812592,-0.04375179708066869,-2.170742409380396,BALANCE,1,-4.8852425769822225e-06
1.418,0.02880843451961199,-0.0030758766577745618,0.0260776733940559,0.027180390244847752,-0.29688530598242013,1.316435274763406,BALANCE,1,-4.883596833344352e-06
1.42,0.028804248978081932,-0.0024423803395393446,0.02914563496982718,0.027868225898590553,0.3439178268714003,-0.744259033168496,BALANCE,1,-4.882550562800333e-06
1.422,0.028798032408437795,-0.0029013060421919706,0.02914563496982718,0.028315319073523373,0.2235465874664104,4.423436168886636,BALANCE,1,-4.880181560182038e-06
1.424,0.028790236875983543,-0.003631738681351638,0.02761165418194154,0.02806903636146973,-0.1231413560268211,3.4872918441426854,BALANCE,1,-4.877030508226861e-06
1.426,0.028782789072456287,-0.003697441376827612,0.02914563496982718,0.02844584587439484,0.1884047564625537,0.6990113334736151,BALANCE,1,-4.87445561862479e-06
1.428,0.028774213073587608,-0.00413872403569989,0.030679615757712823,0.029227665333556134,0.3909097295806477,3.21398880416412,BALANCE,1,-4.87118178885496e-06
1.43,0.028763357626849895,-0.005207567663092667,0.02761165418194154,0.028662061430491027,-0.28280195153255333,4.8809377566585495,BALANCE,1,-4.8664403531028246e-06
1.432,0.0287538014188192,-0.004879688529250651,0.030679615757712823,0.029368205445018655,0.35307200726381394,-0.5426919264309651,BALANCE,1,-4.8635583724704435e-06
1.434,0.028742579436157715,-0.005487420093127934,0.030679615757712823,0.029827199054461614,0.2294968047214796,4.586668384811631,BALANCE,1,-4.859089065992101e-06
1.436,0.028730087800298478,-0.006150934972280128,0.02761165418194154,0.02905175834907959,-0.3877203526910129,3.6256063810395336,BALANCE,1,-4.854040221862269e-06
1.438,0.028719737106358216,-0.005384163844108393,0.030679615757712823,0.02962150844210122,0.2848750465108164,-1.3586573205833279,BALANCE,1,-4.8514840627183805e-06
1.44,0.028708368230344304,-0.005633467221269801,0.02914563496982718,0.029454952726805306,-0.08327785764795752,4.056290878612605,BALANCE,1,-4.847348677709974e-06
1.442,0.028697588265175423,-0.005438094475569797,0.032213596545598466,0.03042047806338291,0.4827626682888022,1.1010743024246583,BALANCE,1,-4.843937448350767e-06
1.444,0.028684475862566155,-0.006447425640908118,0.02761165418194154,0.02943738970487843,-0.4915441792522398,5.687330030113392,BALANCE,1,-4.8382297123110634e-06
1.446,0.028673930044694918,-0.0055173021391147145,0.02914563496982718,0.029335275547610493,-0.05105707863396931,-2.1661100517252123,BALANCE,1,-4.835856868769474e-06
1.448,0.028664279957173695,-0.004987564743345522,0.02761165418194154,0.02873200806962636,-0.30163373899206625,1.351659903784875,BALANCE,1,-4.83319406164787e-06
1.45,0.02865660147788211,-0.0041703045891286076,0.02761165418194154,0.028339884208936673,-0.19606193034484368,-0.6891494277589483,BALANCE,1,-4.831402100652189e-06
1.452,0.02865025415914699,-0.003491277697792811,0.02454369260617026,0.027011217147968426,-0.6643335304841232,0.1318976097774509,BALANCE,1,-4.829816316095846e-06
1.454,0.028647606808521766,-0.0020873039679737797,0.030679615757712823,0.028295156661378964,0.6419697567052688,-3.6939952149948807,BALANCE,1,-4.8297590381920806e-06
1.456,0.028641421062845285,-0.0027855529637298418,0.02914563496982718,0.02859282406933584,0.1488337039784373,6.8334674533248885,BALANCE,1,-4.827310540213124e-06
1.458,0.02863395940584857,-0.0034694053879025916,0.02914563496982718,0.028786307884507808,0.09674190758598468,2.9062390759876484,BALANCE,1,-4.824339125366724e-06
1.46,0.028625619009397602,-0.003989672332006243,0.02914563496982718,0.028912072364369587,0.06288223993088961,2.501113733758346,BALANCE,1,-4.821114603988634e-06
1.462,0.028616717899112867,-0.004337479028756142,0.02761165418194154,0.028456926000519772,-0.22757318192490744,2.237782261309292,BALANCE,1,-4.817807044462154e-06
1.464,0.0286089532805342,-0.004012549446991463,0.02761165418194154,0.02816108086401739,-0.14792256825119088,-0.11316989536807309,BALANCE,1,-4.815481447435945e-06
1.466,0.028602066987087765,-0.0036182393854288894,0.02761165418194154,0.027968781525290844,-0.09614966936327338,0.5062843058315165,BALANCE,1,-4.813483794218897e-06
1.468,0.028595722406978802,-0.0033146353645684386,0.0260776733940559,0.027306893679358613,-0.3309439229661152,0.9089295366112635,BALANCE,1,-4.811572596965705e-06
1.47,0.02859111817083636,-0.0026559834267004733,0.02761165418194154,0.02741355985526264,0.053333087952012886,-1.0091377629674048,BALANCE,1,-4.810442487252791e-06
1.472,0.028586123540321244,-0.0025520222224197516,0.030679615757712823,0.028556679421120203,0.5715597829287818,2.0714782949318615,BALANCE,1,-4.808819549657022e-06
1.474,0.028577738370669546,-0.0038042375596153925,0.02914563496982718,0.028762813863167647,0.10306722102372198,6.285879028697467,BALANCE,1,-4.805149601861341e-06
1.476,0.02856831690240264,-0.004508600725406917,0.02914563496982718,0.028896801250498483,0.06699369366541807,2.5503065999798347,BALANCE,1,-4.801356451388428e-06
1.478,0.028558338370602922,-0.004886997671007819,0.02761165418194154,0.028446999776503553,-0.22490073699746488,2.269757624353254,BALANCE,1,-4.797622422962743e-06
1.48,0.028549566744039478,-0.004515863675888045,0.030679615757712823,0.029228415369926798,0.3907077967116226,-0.09238590938950586,BALANCE,1,-4.795046591194208e-06
1.482,0.028538865123368076,-0.005196885642776674,0.02761165418194154,0.028662548954131957,-0.2829332078974206,4.8793672958885885,BALANCE,1,-4.790745537184976e-06
1.484,0.028529608629016528,-0.00476809530566205,0.02761165418194154,0.02829473578386531,-0.18390658513332303,-0.5437127259314474,BALANCE,1,-4.788092430698895e-06
1.486,0.028521620212520974,-0.004211735837615886,0.0260776733940559,0.027518763947432016,-0.38798591821664724,0.22643146596533437,BALANCE,1,-4.78594316417154e-06
1.488,0.028515948240407818,-0.0032888354753137904,0.02914563496982718,0.028088168805270323,0.2847024289191532,-1.452761508887257,BALANCE,1,-4.784777586596433e-06
1.49,0.02850884008769409,-0.0034757629788402826,0.02454369260617026,0.0268476021355853,-0.6202833348425106,3.962909559669445,BALANCE,1,-4.782257194405993e-06
1.492,0.028504940988281165,-0.0024890146199733703,0.02761165418194154,0.027115020351809984,0.1337091081123412,-3.351410550604967,BALANCE,1,-4.781576711371317e-06
1.494,0.028500275738161676,-0.0023874044260919457,0.02761165418194154,0.027288842192356028,0.08691092027302179,2.696574086007329,BALANCE,1,-4.780064431996224e-06
1.496,0.028494844739286984,-0.0026067908430611308,0.02914563496982718,0.02793871966447093,0.3249387360574514,2.3326178937255357,BALANCE,1,-4.778125853337741e-06
1.498,0.028487305988816585,-0.003455180027069117,0.02914563496982718,0.02836114002134562,0.21121017843734463,4.2758330683278665,BALANCE,1,-4.7750491444469695e-06
1.5,0.028478237118360523,-0.004286107764720885,0.02761165418194154,0.02809881997755419,-0.13116002189571435,3.3913498287794943,BALANCE,1,-4.77132264261072e-06
1.502,0.028469627319544402,-0.0043002879238384865,0.02914563496982718,0.028465205224849736,0.18319262364777272,0.6366490234875366,BALANCE,1,-4.768424082577489e-06
1.504,0.028460051712061035,-0.004678089781364715,0.02761165418194154,0.02816646235983187,-0.14937143250893375,3.173453302673166,BALANCE,1,-4.764854025403934e-06
1.506,0.028451252033219004,-0.004471575015478484,0.02761165418194154,0.027972279497570255,-0.09709143113080694,0.495016281518442,BALANCE,1,-4.7621082583852795e-06
1.508,0.02844312211400614,-0.004177403706146517,0.02914563496982718,0.02838295391286018,0.20533720764496186,0.9016053208077598,BALANCE,1,-4.75965746591307e-06
1.51,0.0284339872720096,-0.004474034736869445,0.02761165418194154,0.028112999007038654,-0.13497745291076238,3.345674895931306,BALANCE,1,-4.756325990817234e-06
1.512,0.028425545424180867,-0.00428866261136078,0.02761165418194154,0.027937528318254665,-0.08773534439199433,0.6069603171362201,BALANCE,1,-4.7536743592495805e-06
1.514,0.028417678494245587,-0.004034052076570053,0.0260776733940559,0.027286579094785098,-0.32547461173478354,0.9743689439593252,BALANCE,1,-4.751268634439279e-06
1.516,0.02841166071582685,-0.0033422233522319724,0.02761165418194154,0.027400355375289853,0.05688814025237715,-0.9666021481911624,BALANCE,1,-4.749800306236198e-06
1.518,0.028405405307315088,-0.003196478489239866,0.02761165418194154,0.027474309957617942,0.0369772911640448,2.0991264445364086,BALANCE,1,-4.74781027248589e-06
1.52,0.028398828862404895,-0.0032599583392303212,0.0260776733940559,0.02698548716037123,-0.24441139862335648,1.9442769267694349,BALANCE,1,-4.74556801784881e-06
1.522,0.028393422226297784,-0.0028913340159811107,0.02914563496982718,0.027741538893680813,0.37802586665479193,-0.33616195936457816,BALANCE,1,-4.744002803158414e-06
1.524,0.028385839437803824,-0.003544500376360101,0.02761165418194154,0.02769607924457207,-0.022729824554371808,4.688699266859184,BALANCE,1,-4.7410205633889696e-06
1.526,0.02837808412065741,-0.003784931886691527,0.030679615757712823,0.028740317024171333,0.5221188897996317,1.4799261582393497,BALANCE,1,-4.738241792384077e-06
1.528,0.028367358333283785,-0.00509675560599883,0.0260776733940559,0.027808391753630934,-0.4659626352701996,5.901370139847334,BALANCE,1,-4.7334170250705906e-06
1.53,0.028358838461996026,-0.00448350771918989,0.02914563496982718,0.02827642687929962,0.2340175628343429,-2.059197576943741,BALANCE,1,-4.731199378081681e-06
1.532,0.028349343191071557,-0.004686876354657761,0.02914563496982718,0.028580649710984264,0.1521114158423223,3.5687261154327206,BALANCE,1,-4.727831499861967e-06
1.534,0.028339052762405163,-0.005052054791942583,0.02761165418194154,0.02824150127581931,-0.1695742175824768,2.931730309397634,BALANCE,1,-4.7240190194716115e-06
1.536,0.028329711779347733,-0.004763091933805039,0.02761165418194154,0.028021054792962092,-0.11022324142860931,0.3378963358893443,BALANCE,1,-4.721206258893884e-06
1.538,0.028321199387100298,-0.004391361607460656,0.030679615757712823,0.028951551130624847,0.4652481688313774,0.7994773561488511,BALANCE,1,-4.718731189928215e-06
1.54,0.02831033827742738,-0.005248146055564017,0.02914563496982718,0.029019480474345664,0.033964671860408496,5.4590784184885095,BALANCE,1,-4.714230347030825e-06
1.542,0.028299147446893404,-0.005534556855082298,0.0260776733940559,0.02798984799624425,-0.5148162390507076,2.012886203344008,BALANCE,1,-4.710172604948768e-06
1.544,0.028290880614267808,-0.004515308683755067,0.02761165418194154,0.0278574801612383,-0.06618391750297381,-2.4391390326310063,BALANCE,1,-4.708512001550981e-06
1.546,0.028283422621802213,-0.003960385658507135,0.02914563496982718,0.028308334344244408,0.22542709150305365,1.1419774696505076,BALANCE,1,-4.706530539989493e-06
1.548,0.028274888446287467,-0.004188088005432469,0.0260776733940559,0.02752760301167843,-0.390365666282989,3.5019167926790935,BALANCE,1,-4.7034919605097415e-06
1.55,0.02826841380578699,-0.003537957006163267,0.0260776733940559,0.027020127645510546,-0.25373768308394223,-1.4712691495632064,BALANCE,1,-4.70187317775994e-06
1.552,0.028263423659320615,-0.0028531203936095905,0.02914563496982718,0.02776405520902137,0.3719637817554116,-0.4086938059409051,BALANCE,1,-4.700679808946929e-06
1.554,0.028256362084436097,-0.0033335021016417127,0.02761165418194154,0.02771071484954343,-0.026670179738969707,4.641553566584575,BALANCE,1,-4.698013901994597e-06
1.556,0.02824916136648118,-0.003522174586426516,0.02761165418194154,0.02767604361588277,-0.017335616830330136,1.4492814530608482,BALANCE,1,-4.695481351986879e-06
1.558,0.02824189330100629,-0.0036013876444941344,0.02761165418194154,0.027653507314003338,-0.01126815093971563,1.521877682310325,BALANCE,1,-4.6930048056334555e-06
1.56,0.028234574111004822,-0.003642761003839818,0.0260776733940559,0.027101965442021734,-0.27577093599080205,1.569065231322475,BALANCE,1,-4.690540110690803e-06
1.562,0.02822866967585159,-0.0031789227902570367,0.02914563496982718,0.02781724977675364,0.3576421673659527,-0.5800495614051124,BALANCE,1,-4.688915585849989e-06
1.564,0.02822078610189705,-0.003736657263195389,0.02914563496982718,0.02828218459432938,0.23246740878786995,4.53017232553284,BALANCE,1,-4.685885106085033e-06
1.566,0.028211396070385836,-0.004481335072834403,0.030679615757712823,0.029121285501513584,0.4195504535921025,3.556670345962722,BALANCE,1,-4.682113754684442e-06
1.568,0.028199529466725364,-0.0057387226654717575,0.02761165418194154,0.02859291453966337,-0.26418548092510713,5.103680758827635,BALANCE,1,-4.676803424940481e-06
1.57,0.02818885142009616,-0.005419597369767712,0.030679615757712823,0.029323259965980678,0.36517271315865407,-0.39790897502105493,BALANCE,1,-4.67363965888609e-06
1.572,0.028176555033439278,-0.006051734293073756,0.0260776733940559,0.028187304665807007,-0.5679776500868358,4.680777303228073,BALANCE,1,-4.66878717802211e-06
1.574,0.028167393305592158,-0.004946198144088171,0.02914563496982718,0.02852272027221407,0.16770780320353104,-2.852582920746266,BALANCE,1,-4.667046098694853e-06
1.576,0.028157905051555184,-0.004792156923965062,0.02914563496982718,0.028740740416378658,0.10901007208229466,3.053025641961092,BALANCE,1,-4.664060878468226e-06
1.578,0.028147994823143316,-0.004919609641748854,0.0260776733940559,0.027808666958565695,-0.46603672890648157,2.596525001641077,BALANCE,1,-4.660644867792107e-06
1.58,0.028140707084376472,-0.004022702373258611,0.02761165418194154,0.02773971248674724,-0.03447723590922769,-2.0597738137379107,BALANCE,1,-4.659086159151914e-06
1.582,0.028133890369698027,-0.003598267090805813,0.0260776733940559,0.02715799880430527,-0.29085684122098426,1.388564861931013,BALANCE,1,-4.657173566013276e-06
1.584,0.02812869701045498,-0.002937448953846653,0.0260776733940559,0.02677988491071799,-0.18905694679363996,-0.6973748015095578,BALANCE,1,-4.655914636509809e-06
1.586,0.02812450923684629,-0.002394566483085779,0.02914563496982718,0.02760789743140621,0.41400626034410887,0.09433752029395981,BALANCE,1,-4.654836984290055e-06
1.588,0.028117882820809462,-0.0030400763344534754,0.030679615757712823,0.028682998845613525,0.537550707103658,4.968523928637243,BALANCE,1,-4.652269447629466e-06
1.59,0.028107943716860866,-0.004613684374654945,0.02761165418194154,0.02830802821332833,-0.18748531614259759,6.021385587566076,BALANCE,1,-4.647695886592582e-06
1.592,0.02809853983000535,-0.004681406785413254,0.02761165418194154,0.028064297302342955,-0.12186545549268749,0.19859916365891905,BALANCE,1,-4.644518050227539e-06
1.594,0.028089876612639668,-0.004423219982142914,0.02914563496982718,0.028442765485962435,0.1892340918097403,0.7089341941990774,BALANCE,1,-4.641904025129558e-06
1.596,0.02808033082924575,-0.004693284979482492,0.02914563496982718,0.028688769805315095,0.12300215967632998,3.2204386636356688,BALANCE,1,-4.638485815164393e-06
1.598,0.028070116256947615,-0.005021911613138805,0.0260776733940559,0.027774886061374376,-0.4569418719703594,2.7053434657295456,BALANCE,1,-4.634769775135842e-06
1.6,0.02806241817938135,-0.004186519340695573,0.02914563496982718,0.028254648179332858,0.2398810589792407,-1.9890418120804125,BALANCE,1,-4.633047243802996e-06
1.602,0.02805371519763398,-0.004309621036389312,0.02761165418194154,0.028029600280245898,-0.11252394954348009,3.614327362593897,BALANCE,1,-4.63006146838629e-06
1.604,0.02804561303251871,-0.004122629983751194,0.032213596545598466,0.029493998973119297,0.7321993464366998,0.781584420466913,BALANCE,1,-4.627554666289288e-06
1.606,0.028033586704205117,-0.00578834541159022,0.0260776733940559,0.02829828502044711,-0.5978569763360944,7.6272347098807565,BALANCE,1,-4.621824564338745e-06
1.608,0.028024385986741004,-0.004895198518123345,0.02761165418194154,0.02805796422697016,-0.12016039673847477,-3.0849587094619286,BALANCE,1,-4.619806929172732e-06
1.61,0.028016323013387617,-0.004272636253891071,0.0260776733940559,0.02736486243545017,-0.346550895759995,0.7221946797104114,BALANCE,1,-4.617756465286141e-06
1.612,0.028010391457879733,-0.0033905359714246114,0.02761165418194154,0.02745123954672215,0.0431885556359899,-1.1305154199529497,BALANCE,1,-4.61652168603995e-06
1.614,0.028004358688644218,-0.0031381839685738233,0.02761165418194154,0.027507384669048937,0.028072561163394044,1.9925828178912481,BALANCE,1,-4.614708662166643e-06
1.616,0.027998064256230616,-0.0031445502914924763,0.02761165418194154,0.02754387899856135,0.018247164756205955,1.8750235694500885,BALANCE,1,-4.612629831444143e-06
1.618,0.02799149012857155,-0.0032431061317117838,0.0260776733940559,0.02703070703698444,-0.25658598078845407,1.7986100579633284,BALANCE,1,-4.610396429931341e-06
1.62,0.027986132369794064,-0.0028699548149593193,0.0260776733940559,0.026697145261959453,-0.1667808875124941,-0.4308454240885662,BALANCE,1,-4.608874680063999e-06
1.622,0.02798156951378895,-0.0024885141383742433,0.030679615757712823,0.028091009935473133,0.6969323367568402,0.2675816156176145,BALANCE,1,-4.607589773378132e-06
1.624,0.027973007293154738,-0.0038725416915929983,0.0260776733940559,0.027386342145977103,-0.3523338947480151,7.260919290183109,BALANCE,1,-4.6038311053635156e-06
1.6260000000000001,0.027965872595669464,-0.0036592393119389975,0.02761165418194154,0.027465201358564655,0.03942960629377615,-1.1754906292254945,BALANCE,1,-4.601653632912007e-06
1.6280000000000001,0.027958518354228978,-0.0036721185750841438,0.02454369260617026,0.026442673295226617,-0.5112640316690189,1.9633489318640884,BALANCE,1,-4.599223073879813e-06
1.6300000000000001,0.027953885977708873,-0.0027854472789059135,0.02914563496982718,0.027388709881336813,0.47301829305509796,-2.503551855638554,BALANCE,1,-4.598309500848733e-06
1.6320000000000001,0.0279466880414654,-0.0033666761061647565,0.02761165418194154,0.027466740386548467,0.039015252605826764,5.427468937320993,BALANCE,1,-4.595560048880362e-06
1.6340000000000001,0.027938980728940698,-0.003718419058397597,0.02761165418194154,0.02751746021493604,0.025359914193787483,1.9601264440395223,BALANCE,1,-4.592759284484527e-06
1.6360000000000001,0.02793096785721499,-0.003928095710948673,0.02914563496982718,0.02808732137914794,0.28493058210594946,1.8539269264464622,BALANCE,1,-4.589953571973652e-06
1.6380000000000001,0.027921315852659313,-0.004631881966506283,0.02914563496982718,0.028457731135885674,0.1852048783688668,3.964683939596472,BALANCE,1,-4.586138319171107e-06
1.6400000000000001,0.02791050453247591,-0.005264976870727904,0.030679615757712823,0.029235390753525176,0.388829808819751,3.1891028951040745,BALANCE,1,-4.581917562585566e-06
1.6420000000000001,0.027897541785668504,-0.006358729018220886,0.02761165418194154,0.028667082953470903,-0.2841539000271367,4.8647619157695186,BALANCE,1,-4.5763039305328415e-06
1.6440000000000001,0.027886011365514832,-0.005868773275846296,0.02914563496982718,0.028834576159195602,0.08374660286234945,-0.5532062230088395,BALANCE,1,-4.573157533310852e-06
1.6460000000000001,0.027874557500623728,-0.005751814669003539,0.02914563496982718,0.028943446742916653,0.05443529186052558,2.4000473924505314,BALANCE,1,-4.569543758642307e-06
1.6480000000000001,0.027863144500737652,-0.005714700295606753,0.02761165418194154,0.028477319346575363,-0.23306369817064493,2.172089139459204,BALANCE,1,-4.565845350707157e-06
1.6500000000000001,0.027853288882196875,-0.005107898564596114,0.0260776733940559,0.02763744326319355,-0.4199380416909058,-0.1558704245706377,BALANCE,1,-4.56331414725952e-06
1.6520000000000001,0.027846133951564888,-0.004033813615033228,0.02761165418194154,0.027628417084755347,-0.0045130892191019845,-1.7012577377356335,BALANCE,1,-4.5620160867241274e-06
1.6540000000000001,0.027839354010921677,-0.003589542737038224,0.02914563496982718,0.02815944334453049,0.26551312988757136,1.621600311332505,BALANCE,1,-4.560155410487062e-06
1.6560000000000001,0.027831162734292817,-0.003961723023110764,0.02761165418194154,0.02796771713762436,-0.09586310345306541,3.8136716397724006,BALANCE,1,-4.557171887460844e-06
1.6580000000000001,0.027823336589018335,-0.003927005532749845,0.02914563496982718,0.028379988378895347,0.20613562063549404,0.9111582006329383,BALANCE,1,-4.554637724530814e-06
1.6600000000000001,0.027814358070807187,-0.004353361741510349,0.032213596545598466,0.02972175123724144,0.6708814291730459,3.351884267817673,BALANCE,1,-4.551321212949014e-06
1.6620000000000001,0.02780161735436846,-0.006184983111736327,0.030679615757712823,0.030057003819406423,0.16762629108249202,7.150356507618854,BALANCE,1,-4.545092097701133e-06
1.6640000000000001,0.027787503668212622,-0.007000055618693141,0.02914563496982718,0.02973802472205369,-0.159489548676367,3.1444305578243217,BALANCE,1,-4.539328407167225e-06
1.666,0.027774321733266286,-0.006638306900828372,0.02914563496982718,0.02953068830877441,-0.1036682066396389,0.5083650939122855,BALANCE,1,-4.535544239552183e-06
1.668,0.027762296219942067,-0.006111453578282257,0.02914563496982718,0.02939591964014288,-0.06738433431576624,0.9424956454093535,BALANCE,1,-4.53233024936364e-06
1.67,0.02775120344214268,-0.0056531413140391215,0.02914563496982718,0.029308320005532386,-0.043799817305246666,1.2246805038824429,BALANCE,1,-4.529281253875376e-06
1.672,0.02774078750872511,-0.005301534130896961,0.02761165418194154,0.02871448696727559,-0.2969165191283977,1.4081006618899696,BALANCE,1,-4.526290429717794e-06
1.674,0.027732307715888804,-0.004524577325930332,0.02761165418194154,0.02832849549240867,-0.1929957374334594,-0.6524629349906463,BALANCE,1,-4.5243363510666194e-06
1.676,0.027725206840940025,-0.0038450374313491625,0.0260776733940559,0.027540707757985203,-0.39389386721173403,0.155743830076845,BALANCE,1,-4.522625424968148e-06
1.678,0.027720400885880403,-0.0028970091884192575,0.0260776733940559,0.027028645730609948,-0.2560310136876277,-1.4987084722147601,BALANCE,1,-4.521738964813736e-06
1.68,0.02771701834485965,-0.0021291487185115224,0.030679615757712823,0.028306485240095953,0.6389197547430024,-0.4265293656644247,BALANCE,1,-4.521047035335159e-06
1.682,0.027709944493385773,-0.003147841715444585,0.0260776733940559,0.027526401093981936,-0.3900420730570085,6.809747152349777,BALANCE,1,-4.5181661346039866e-06
1.684,0.027704501636382196,-0.0028651509787997447,0.02761165418194154,0.027556239674767797,0.014919290392930579,-1.4687525188171517,BALANCE,1,-4.516572382023973e-06
1.686,0.027698811277827966,-0.002851952047349471,0.0260776733940559,0.027038741476518635,-0.2587490991245809,1.7727287036295125,BALANCE,1,-4.514725020260333e-06
1.688,0.027694297500632254,-0.0024667131952109816,0.02914563496982718,0.027776154199176627,0.36870636132899615,-0.44766830440552896,BALANCE,1,-4.5134720745254545e-06
1.69,0.027687556539926637,-0.003103936447362962,0.02914563496982718,0.028255472468904322,0.2396591348638472,4.616220142582566,BALANCE,1,-4.510896313463407e-06
1.692,0.027679129559782165,-0.003938646272400044,0.02761165418194154,0.028030136068467347,-0.11266820021848742,3.6126014270450373,BALANCE,1,-4.507523368482798e-06
1.694,0.027671001446635608,-0.004030237682567089,0.02761165418194154,0.027883667408183314,-0.0732343301420163,0.7804625623601416,BALANCE,1,-4.504797787429026e-06
1.696,0.02766322140579932,-0.003929987551218637,0.02761165418194154,0.027788462778998695,-0.047602314592309555,1.0871454033548684,BALANCE,1,-4.502349294351866e-06
1.698,0.02765569635890473,-0.0038113185691671723,0.02761165418194154,0.02772657977002869,-0.03094150448500199,1.2864892500014453,BALANCE,1,-4.499997387331837e-06
1.7,0.027648320185241618,-0.003724466048653469,0.02761165418194154,0.027686355814198187,-0.02011197791525199,1.4160627503217056,BALANCE,1,-4.497666418916044e-06
1.702,0.02764100832229076,-0.003676343179918479,0.02761165418194154,0.02766021024290836,-0.013072785644913099,1.5002855255298753,BALANCE,1,-4.49532518972062e-06
1.704,0.027633702194266134,-0.003660143459548368,0.02761165418194154,0.027643215621569975,-0.008497310669193167,1.5550303294151968,BALANCE,1,-4.492961143103156e-06
1.706,0.027626364855886053,-0.00366640050280039,0.02761165418194154,0.02763216911770002,-0.005523251934976686,1.5906144519406533,BALANCE,1,-4.4905700086626494e-06
1.708,0.027618975189928046,-0.003686771439766164,0.02761165418194154,0.027624988890184554,-0.0035901137577336317,1.6137441315821879,BALANCE,1,-4.488151408754419e-06
1.71,0.02761152287725216,-0.0037149670957385608,0.02454369260617026,0.02654653519077955,-0.5392268497025013,1.6287784233492042,BALANCE,1,-4.485706807839793e-06
1.712,0.027606939172360057,-0.002784273603581119,0.030679615757712823,0.027993113389206195,0.7232890992133217,-2.721022686173238,BALANCE,1,-4.484862425721197e-06
1.714,0.027598427363312496,-0.0039065963870815144,0.02914563496982718,0.02839649594242354,0.2016912766086721,7.465899597058946,BALANCE,1,-4.481295966324742e-06
1.716,0.027588412497951558,-0.004785915648871749,0.02914563496982718,0.028658694602014815,0.13109932979563782,3.317319969414789,BALANCE,1,-4.477227947074576e-06
1.718,0.02757747806789473,-0.005345084314765655,0.02761165418194154,0.02829223045498917,-0.18323207351282275,2.7683163144859915,BALANCE,1,-4.473073657476347e-06
1.72,0.027567530112196058,-0.005057258395192386,0.0260776733940559,0.027517135483662525,-0.3875474856633223,0.23167723919676808,BALANCE,1,-4.470164490944131e-06
1.722,0.027559974329584028,-0.004149781981264892,0.02761165418194154,0.02755021702806018,0.016540772198828102,-1.449351756286827,BALANCE,1,-4.468604315675404e-06
1.724,0.027552653012270882,-0.003806012723905924,0.02761165418194154,0.027571720031918656,0.010751501929237572,1.7853391992742358,BALANCE,1,-4.466521361517389e-06
1.726,0.027545330064258952,-0.003704313339889724,0.02914563496982718,0.02812259026018664,0.2754351141339914,1.74031521734902,BALANCE,1,-4.464228252119314e-06
1.728,0.027536464012416627,-0.0042564161779787306,0.02761165418194154,0.027943762632800854,-0.08941381369289257,3.89083632868313,BALANCE,1,-4.460885324975618e-06
1.73,0.027527919027084922,-0.004268554848307738,0.0260776733940559,0.02729063139924012,-0.3265656167803672,0.9613152484249107,BALANCE,1,-4.458105130496316e-06
1.732,0.02752117972001246,-0.0036489173163499113,0.0260776733940559,0.026866096097425643,-0.21226765090723818,-0.9750870502885305,BALANCE,1,-4.456445045414694e-06
1.734,0.02751571705560368,-0.003039618238940888,0.030679615757712823,0.028200827978526157,0.6673659405502571,-0.08617544141236677,BALANCE,1,-4.455110354694853e-06
1.736,0.02750659427102759,-0.004228370708967044,0.02914563496982718,0.028531510425481514,0.16534122347767846,7.030977203113626,BALANCE,1,-4.451234627366483e-06
1.738,0.02749618256671512,-0.005019032275852115,-0.050423682641968885,0.000897192851873882,-13.817158786803816,3.0346204133503187,BALANCE,1,-4.4470844006494976e-06
1.74,0.027553411844614194,0.05259811093559179,0.02761165418194154,0.010247254317397564,4.675030732761841,-110.48343872331809,BALANCE,1,-4.173212736519751e-06
1.742,0.0276522265017137,0.046288998782664834,0.0260776733940559,0.015787900994227982,2.770323338415209,38.01508112113858,BALANCE,1,-4.271865784576924e-06
1.744,0.027713024696310987,0.017149353520344277,0.02761165418194154,0.019926214609927728,2.0691568078498728,23.109860766975352,BALANCE,1,-4.488857077232781e-06
1.746,0.027720802180837462,0.0023060188308378585,0.030679615757712823,0.023689905011652513,1.8818452008623927,17.748827339394644,BALANCE,1,-4.522197894925744e-06
1.748,0.027706941469078622,-0.008380924423766907,0.023009711818284616,0.02345183739397375,-0.11903380883938192,16.476155907598294,BALANCE,1,-4.510751416836996e-06
1.75,0.027689716547904076,-0.008623027015654356,0.0260776733940559,0.024370879994002503,0.45952130001437713,0.4548397729233695,BALANCE,1,-4.504696580963442e-06
1.752,0.027670881191826886,-0.00950606602668957,0.02761165418194154,0.02550515095978117,0.5671354828893326,5.1384231997551675,BALANCE,1,-4.49685222295789e-06
1.754,0.02764953477354048,-0.01091452170440838,0.023009711818284616,0.024631747260257377,-0.4367018497618957,6.067392920701531,BALANCE,1,-4.486834482023543e-06
1.756,0.02763087177129941,-0.009193079563451835,0.02761165418194154,0.025674714682846836,0.5214837112947294,-2.015709962479723,BALANCE,1,-4.484454846420189e-06
1.758,0.027611641893418252,-0.009666834714079146,0.023009711818284616,0.02474196368025006,-0.466375501298388,5.712352571328645,BALANCE,1,-4.477249838989468e-06
1.76,0.02759573490473693,-0.007985778256764933,0.030679615757712823,0.026820141907362028,1.039089113555984,-2.2464861895721002,BALANCE,1,-4.4752468470575535e-06
1.762,0.027576083112317892,-0.010106959419125447,0.02914563496982718,0.027634064479224833,0.4069612859314026,9.921921422889595,BALANCE,1,-4.4647722568044485e-06
1.764,0.02755396225378573,-0.011282187383237705,0.02454369260617026,0.026552434323655734,-0.5408150777845496,4.913734156204711,BALANCE,1,-4.454913754748698e-06
1.766,0.02753520257267502,-0.009207828662804533,0.02761165418194154,0.02692316127405577,0.18536347520001736,-2.733374562857053,BALANCE,1,-4.453365328778358e-06
1.768,0.027517882773219964,-0.008638034098129237,0.02914563496982718,0.027701027067575764,0.38893289675999765,3.0982974780434853,BALANCE,1,-4.448838324477998e-06
1.77,0.027499701075945543,-0.009128640705304681,0.02914563496982718,0.028206639833363762,0.252806382893999,4.7735247981345275,BALANCE,1,-4.442021469942215e-06
1.772,0.027480779204303283,-0.009497774983861004,0.02761165418194154,0.027998394855365986,-0.10412248899888815,3.7148494531538176,BALANCE,1,-4.4351654351454e-06
1.774,0.027463161195896913,-0.008774084418035708,0.0260776733940559,0.027326142343907456,-0.33612625572926497,0.8469237793308539,BALANCE,1,-4.430878959004431e-06
1.776,0.02744869108791383,-0.007346893761017592,0.0260776733940559,0.026889178211459412,-0.2184820662240218,-1.0494415051996724,BALANCE,1,-4.4286568018285845e-06
1.778,0.027436841589287168,-0.0061602983327075185,0.02761165418194154,0.027142044801128157,0.12643329483437263,-0.13450583710460973,BALANCE,1,-4.4265388354846615e-06
1.78,0.027425302340637163,-0.0058372618245016985,0.0260776733940559,0.026769514808652868,-0.18626499623764467,2.6399890467426705,BALANCE,1,-4.423226467658462e-06
1.782,0.027415282531760232,-0.005195208276389238,0.02761165418194154,0.027064263589303906,0.14737439032551888,0.11605091861801475,BALANCE,1,-4.4207481285427685e-06
1.784,0.027404973261801947,-0.0051634475942028595,0.02914563496982718,0.027792743572487053,0.36423999159157333,2.8028509379623854,BALANCE,1,-4.417457125167677e-06
1.786,0.027392935783996174,-0.005899549804698258,0.0260776733940559,0.02719246901003615,-0.3001372812254516,4.58148454708181,BALANCE,1,-4.412706397241424e-06
1.788,0.027382564582911332,-0.005337498016315749,0.0260776733940559,0.026802290544443063,-0.19508923279654317,-0.7695501092014436,BALANCE,1,-4.410036736508497e-06
1.79,0.027373750768907024,-0.0046481132499568,0.0260776733940559,0.02654867454180756,-0.12680800131775227,0.04742357029423849,BALANCE,1,-4.407930722945751e-06
1.792,0.02736602614081129,-0.0040884233679475655,0.02914563496982718,0.027457610691614426,0.45446807490343366,0.5784564619664354,BALANCE,1,-4.40596374488094e-06
1.794,0.027356053036151847,-0.0048012367827455615,0.0260776733940559,0.026974632637468944,-0.24148902707274086,5.283201240724335,BALANCE,1,-4.402075955555622e-06
1.796,0.02734728660029948,-0.004491612073384423,0.0260776733940559,0.02666069690227438,-0.15696786759728137,-0.31343425833379035,BALANCE,1,-4.3995605681911545e-06
1.798,0.02733959403583716,-0.004032400752481236,0.0260776733940559,0.026456638674397914,-0.10202911393823386,0.3438988733582118,BALANCE,1,-4.397502268201277e-06
1.8,0.027332637091167313,-0.003647900671912701,0.0260776733940559,0.02632400082627821,-0.06631892405985218,0.771165408958004,BALANCE,1,-4.395578791812426e-06
1.802,0.02732611876034033,-0.003381747928134357,0.02454369260617026,0.02570089294924043,-0.3115539385188902,1.048888657097875,BALANCE,1,-4.393681535187184e-06
1.804,0.027321292331850485,-0.00274869171562306,0.0260776733940559,0.025832766104925846,0.06593657784270852,-0.9503779311966958,BALANCE,1,-4.3925432491713916e-06
1.806,0.02731607406395603,-0.0026567106230030485,0.02914563496982718,0.026992270207641313,0.5797520513577333,2.077458589037219,BALANCE,1,-4.390918320342447e-06
1.808,0.027307491759157244,-0.003912888502242918,0.02454369260617026,0.026135268047126445,-0.4285010802574339,6.257552623320345,BALANCE,1,-4.387279053840589e-06
1.81,0.027300838464645844,-0.003509982402464596,0.030679615757712823,0.02772578974583168,0.7952608493526168,-1.8598925592318845,BALANCE,1,-4.385459796942204e-06
1.812,0.027289912016466043,-0.005163940301982293,0.02761165418194154,0.027685842298470133,-0.019973723680772812,8.025634179570835,BALANCE,1,-4.3804190615920015e-06
1.814,0.02727867361297354,-0.005540718738384196,0.0260776733940559,0.027122983181925152,-0.28142955827249044,1.5013607484620253,BALANCE,1,-4.376379621771602e-06
1.816,0.027269096881533637,-0.004966762582855572,0.02761165418194154,0.027294018031930888,0.0855174250028682,-0.6240574752644144,BALANCE,1,-4.3739485081711955e-06
1.818,0.02725947051843439,-0.004849059043888181,0.02761165418194154,0.02740519068443462,0.05558632625186563,2.321780481938799,BALANCE,1,-4.370982498215483e-06
1.82,0.027249751891779164,-0.0048572800247299085,0.02761165418194154,0.027477452908562044,0.03613111206371249,2.0890020510810023,BALANCE,1,-4.367856236052957e-06
1.822,0.027239997322857496,-0.004873059753931459,0.02761165418194154,0.02752442335424487,0.023485222841412162,1.9376960710234226,BALANCE,1,-4.364711694909964e-06
1.824,0.027230272947480157,-0.004864957287259674,0.0260776733940559,0.02701806086817873,-0.25318124303306927,1.8393471839859894,BALANCE,1,-4.36160274499467e-06
1.826,0.02722209104286607,-0.004304641171267643,0.0260776733940559,0.02668892525223574,-0.1645678079714944,-0.40436629217383024,BALANCE,1,-4.359528754282841e-06
1.828,0.027215066980995403,-0.0037533460372838508,0.0260776733940559,0.0264749871018728,-0.10696907518147059,0.28479305136218924,BALANCE,1,-4.357752250990827e-06
1.83,0.02720876840042028,-0.003342799485012523,0.0260776733940559,0.026335927304136888,-0.06952989886795623,0.7327466246606034,BALANCE,1,-4.356045572705189e-06
1.832,0.027202863208861762,-0.0030806345370044384,0.0260776733940559,0.026245538435608545,-0.045194434264171635,1.0239164473045634,BALANCE,1,-4.35433419540543e-06
1.834,0.027197124408801298,-0.0029393405675577256,0.02454369260617026,0.025649892395305147,-0.29782302015169887,1.2131768320231395,BALANCE,1,-4.3525875969924845e-06
1.836,0.02719287604050917,-0.0024141730897382693,0.0260776733940559,0.025799615744867912,0.07486167478138253,-0.8435906174952821,BALANCE,1,-4.351527586350316e-06
1.838,0.027188082385246927,-0.0024029908393368147,0.02454369260617026,0.025360042646323733,-0.2197865492720892,2.146870342943135,BALANCE,1,-4.349999137716306e-06
1.84,0.027184225162286135,-0.0021003706243955906,0.02761165418194154,0.026148106683789966,0.3940320187331165,-0.23668983539728972,BALANCE,1,-4.348910208080171e-06
1.842,0.027177962768626593,-0.002818406133181306,0.0260776733940559,0.026123455032383044,-0.012325825703460996,4.7211425508923295,BALANCE,1,-4.346529908805117e-06
1.844,0.027171378110002854,-0.003147645415568422,0.02761165418194154,0.026644324734728518,0.2604348511727368,1.4688006963152946,BALANCE,1,-4.344214213393474e-06
1.846,0.027163149961242375,-0.003866678470411253,0.0260776733940559,0.026445996765493102,-0.09916398461770788,3.6821382934656057,BALANCE,1,-4.341045091262745e-06
1.848,0.027155232396014067,-0.0039334602740469255,0.02454369260617026,0.025780190309730108,-0.33290322788149734,0.7934479289879232,BALANCE,1,-4.338458450894967e-06
1.85,0.027149128931214562,-0.0033374134722065703,0.02761165418194154,0.026421202665004112,0.32050617763700223,-1.1164144044681723,BALANCE,1,-4.336970076731422e-06
1.852,0.02714136658316345,-0.003731373121133908,0.02761165418194154,0.026837860695932213,0.20832901546405033,4.149321580996265,BALANCE,1,-4.334192845982653e-06
1.854,0.02713232433180329,-0.004334557684184379,0.0260776733940559,0.026571795140275505,-0.13303277782835374,3.2769037654683357,BALANCE,1,-4.330785649130658e-06
1.856,0.02712388454402897,-0.004250606894509936,0.0260776733940559,0.026398852529098644,-0.08647130558843072,0.5300454857897003,BALANCE,1,-4.328167594229403e-06
1.858,0.027116020053016963,-0.0040223794908472625,0.02761165418194154,0.026823333107593657,0.21224028924750685,0.8921607070384729,BALANCE,1,-4.325858515137359e-06
1.86,0.02710710778333415,-0.00434970146683095,0.02761165418194154,0.02709924548361542,0.137956188010881,3.307322300435674,BALANCE,1,-4.3227221416669214e-06
1.862,0.027097417880599935,-0.004735270593210937,0.02761165418194154,0.027278588528029564,0.08967152220707222,2.729604233103973,BALANCE,1,-4.319257336568935e-06
1.864,0.027087250970677393,-0.005010861997932744,0.0260776733940559,0.026858268231138783,-0.21016014844539055,2.354087489338352,BALANCE,1,-4.315728689498712e-06
1.866,0.027078321287326852,-0.0046041927844428735,0.030679615757712823,0.028195739865439697,0.6687358171504568,-0.06978509369479746,BALANCE,1,-4.313299171064652e-06
1.868,0.027066033295658046,-0.005962470222149449,0.02914563496982718,0.028528203151975316,0.16623164326780987,7.0416309291300365,BALANCE,1,-4.307852615164806e-06
1.87,0.02705260820164174,-0.006643551694105555,0.0260776733940559,0.027670517736703523,-0.4288427076358965,3.041545335260998,BALANCE,1,-4.302660865391637e-06
1.872,0.02704164481956298,-0.005708035803815096,0.02761165418194154,0.02764991549253683,-0.010301122083345923,-1.7705105968849606,BALANCE,1,-4.300403108256955e-06
1.874,0.027031461590822408,-0.005226154590499245,0.0260776733940559,0.027099630758068507,-0.27514236723416224,1.5765859528854427,BALANCE,1,-4.297724467688515e-06
1.8760000000000001,0.027023191947555487,-0.004433429392673379,0.02914563496982718,0.027815732232184046,0.35805073705776935,-0.5751610923891874,BALANCE,1,-4.295910460108874e-06
1.8780000000000001,0.027013338362360355,-0.004819996390383162,0.0260776733940559,0.027207411638839198,-0.30416029667242395,4.533349830393197,BALANCE,1,-4.292395265739213e-06
1.8800000000000001,0.02700513737893322,-0.004298727763619799,0.02761165418194154,0.02734889652892502,0.07074244504291088,-0.8008376750490398,BALANCE,1,-4.290295076721145e-06
1.8820000000000001,0.026996785795925373,-0.00420900358936203,0.02761165418194154,0.027440861707480804,0.045982589277892075,2.206873352078788,BALANCE,1,-4.287722228089951e-06
1.8840000000000001,0.02698824786840091,-0.004253567113053605,0.0260776733940559,0.026963745797782088,-0.2385579548493579,2.014312416671985,BALANCE,1,-4.284969354263322e-06
1.8860000000000001,0.026981036333173145,-0.0038001560506452335,0.02761165418194154,0.0271905137322379,0.1133839672279053,-0.29063889092793804,BALANCE,1,-4.283068301899169e-06
1.8880000000000001,0.026973313557391215,-0.0038443020549975906,0.0260776733940559,0.0268010196138742,-0.19474705918184898,2.5385025617575163,BALANCE,1,-4.280580039465644e-06
1.8900000000000001,0.02696660786149342,-0.0035059026807520008,0.0260776733940559,0.026547848436937797,-0.12658558846820148,0.050084703377660134,BALANCE,1,-4.27871661613189e-06
1.8920000000000001,0.026960607415743566,-0.0031652722676259854,0.02914563496982718,0.027457073723449084,0.45461264325564327,0.580186198470656,BALANCE,1,-4.277054601765663e-06
1.8940000000000001,0.026952071405578246,-0.00399804006268327,0.0260776733940559,0.02697428360816147,-0.24139505764380653,5.284325569452092,BALANCE,1,-4.27370989070717e-06
1.8960000000000001,0.026944571806475807,-0.0038223102910068195,0.0260776733940559,0.026660470033224522,-0.15690678746847417,-0.31270344466076394,BALANCE,1,-4.27147762714816e-06
1.8980000000000001,0.026937954949962796,-0.003469497342768121,0.02454369260617026,0.02591959793375553,-0.37043604973449606,0.344373902245678,BALANCE,1,-4.269653743448154e-06
1.9000000000000001,0.02693337889139491,-0.0026998870109243493,0.030679615757712823,0.027585604172140583,0.8330031191925262,-1.4083125218506367,BALANCE,1,-4.268709367396094e-06
1.9020000000000001,0.02692423041243292,-0.004182105038734795,0.0260776733940559,0.027057828399810947,-0.26388788616481773,8.319161203868646,BALANCE,1,-4.264721530838646e-06
1.9040000000000001,0.026916044548782728,-0.0041174626438470535,0.0260776733940559,0.02671477414779668,-0.171527126007133,-0.4876333853298851,BALANCE,1,-4.262184939463611e-06
1.9060000000000001,0.026908843079381444,-0.0037558034652845906,0.02454369260617026,0.025954895608227436,-0.3799392697846227,0.23066944081073704,BALANCE,1,-4.260207420482049e-06
1.9080000000000001,0.026903797014261266,-0.0029434075087126205,0.02761165418194154,0.026534761109027374,0.2899327503999693,-1.4822204217833357,BALANCE,1,-4.259189840539607e-06
1.9100000000000001,0.026897214561840407,-0.0031845061007045,0.0260776733940559,0.02637478040878736,-0.07999035012000791,3.911547669741397,BALANCE,1,-4.25694801591917e-06
1.9120000000000001,0.026890860981721512,-0.0031794312987290024,0.02761165418194154,0.026807686229391323,0.21645291030198202,0.9425640235671782,BALANCE,1,-4.254940181328543e-06
1.9140000000000001,0.026883189669455607,-0.003654422980049586,0.02761165418194154,0.0270890750127839,0.14069439169628847,3.3400844561793352,BALANCE,1,-4.252166153105343e-06
1.9160000000000001,0.02687455029310056,-0.004153479309868659,0.02761165418194154,0.027271977721989075,0.09145135460258795,2.7508996343373417,BALANCE,1,-4.2490171920490635e-06
1.9180000000000001,0.026865281140612218,-0.0045218463641344955,0.0260776733940559,0.026853971207212467,-0.2090032573883044,2.367929500140048,BALANCE,1,-4.245744719567378e-06
1.92,0.026857121352341987,-0.004201818891150867,0.02761165418194154,0.027119160248367642,0.13259452057758775,-0.060787786673687005,BALANCE,1,-4.2434626160264275e-06
1.922,0.026848396513092995,-0.004321757928864135,0.02761165418194154,0.02729153312511851,0.08618643837543342,2.6879057795227608,BALANCE,1,-4.24059588625994e-06
1.924,0.026839226420277144,-0.004521927603658167,0.02914563496982718,0.027940468770766544,0.3244678228240174,2.326983494510578,BALANCE,1,-4.237509610541584e-06
1.926,0.02682831818436904,-0.0052901049349912636,0.0260776733940559,0.02728849038891782,-0.32598919092436185,4.272170708838132,BALANCE,1,-4.233260265001137e-06
1.928,0.026819104467730462,-0.00477599116472048,0.02761165418194154,0.027401597716476125,0.05655366377915229,-0.9706041040598257,BALANCE,1,-4.2309032229340415e-06
1.93,0.02680992055147766,-0.004637344212045912,0.02454369260617026,0.026401330927869074,-0.5001333943035254,2.096525173221786,BALANCE,1,-4.228143785164229e-06
1.932,0.0268036296769487,-0.003617672560551431,0.0260776733940559,0.026288050791034464,-0.05664006841730497,-2.4169872987560588,BALANCE,1,-4.227056672392543e-06
1.934,0.02679791135293028,-0.0031108170325475017,0.02761165418194154,0.02675131197785194,0.23163059340873884,1.124162500123628,BALANCE,1,-4.2256165377664445e-06
1.936,0.02679091694327907,-0.003382540398586039,0.02761165418194154,0.027052431749283304,0.1505598857156811,3.458123465941027,BALANCE,1,-4.223222395830324e-06
1.938,0.02678291136132588,-0.00383659742260266,0.02761165418194154,0.027248159600713688,0.09786392571519212,2.8276249906824473,BALANCE,1,-4.220348610410864e-06
1.94,0.02677419980922436,-0.004225993776850851,0.0260776733940559,0.026838489428383464,-0.20483508616511192,2.4178009817643584,BALANCE,1,-4.217267849047214e-06
1.942,0.026766515860800644,-0.003952547113543569,0.0260776733940559,0.02657220381636882,-0.13314280600732267,-0.028371323617887523,BALANCE,1,-4.215085162519317e-06
1.944,0.02675964705233322,-0.003593896655415217,0.02761165418194154,0.02693601144431927,0.18190381397522637,0.5291897809235477,BALANCE,1,-4.213210065553128e-06
1.946,0.02675183069637236,-0.0038211438238252276,0.02914563496982718,0.02770937967824704,0.3866841169638847,3.071391198460967,BALANCE,1,-4.210568714568639e-06
1.948,0.02674180652046429,-0.004774937122014946,0.02454369260617026,0.02660138920302017,-0.5539952376134357,4.756035716405901,BALANCE,1,-4.206538295612613e-06
1.95,0.026734584764928716,-0.003958942890203159,0.02454369260617026,0.025881195394122702,-0.36009690444873366,-2.8358785487262756,BALANCE,1,-4.205025623503535e-06
1.952,0.02672960507291338,-0.002988837679900495,0.02454369260617026,0.02541306941833935,-0.2340629878916766,-1.327903511942507,BALANCE,1,-4.2041776914200445e-06
1.954,0.026726014890547854,-0.0022261202308101035,0.02761165418194154,0.026182574085600117,0.3847523336303841,-0.3477197380330519,BALANCE,1,-4.20347248259141e-06
1.956,0.026720201543540337,-0.002689443342332684,0.02761165418194154,0.026682752119319617,0.25008901685974994,4.64897311417908,BALANCE,1,-4.201400979077577e-06
1.958,0.026712670279792,-0.003472660586158273,0.02454369260617026,0.02593408128971734,-0.3743354148011378,3.6016772620371764,BALANCE,1,-4.1985178323704e-06
1.96,0.026706862634961085,-0.003091673577788585,0.02761165418194154,0.026521231801995813,0.2935752561392356,-1.438638441026062,BALANCE,1,-4.196958732436736e-06
1.962,0.026699415034013085,-0.0035453713901481207,0.02761165418194154,0.02690287963497682,0.19082391649050295,3.9398759572336335,BALANCE,1,-4.1942966661058454e-06
1.964,0.026690722206666524,-0.004149293412039641,0.023009711818284616,0.02554027089913455,-0.6813043679211351,3.1407641100226327,BALANCE,1,-4.191069554157467e-06
1.966,0.026685587707845463,-0.0030986589846162234,0.02914563496982718,0.02680214832387697,0.6309387123712117,-3.9180186894210083,BALANCE,1,-4.190268886104173e-06
1.968,0.026677176616367818,-0.003930815941755775,0.0260776733940559,0.026548582098439598,-0.12678311271868692,6.655638598402312,BALANCE,1,-4.187003372496008e-06
1.97,0.026669189690832578,-0.00397641577350172,0.02761165418194154,0.026920657327665277,0.1860376146128398,0.5786500241568806,BALANCE,1,-4.184457340867861e-06
1.972,0.02666019045665786,-0.00437318078174679,0.02454369260617026,0.026088719675142022,-0.41596882626162773,3.103540356562635,BALANCE,1,-4.181279477115106e-06
1.974,0.026653406297874088,-0.003695710870070588,0.0260776733940559,0.02608485347676188,-0.0019330991900701894,-1.7624274295845006,BALANCE,1,-4.179733920226253e-06
1.976,0.026646817955471382,-0.0034201881678891616,0.02761165418194154,0.026619233723574765,0.26719012340644177,1.5496264150851515,BALANCE,1,-4.177876366157598e-06
1.978,0.026638771792825523,-0.003862034651124695,0.0260776733940559,0.026429687608243164,-0.09477305766580034,3.7346750106660203,BALANCE,1,-4.175009861163543e-06
1.98,0.026631095170507667,-0.0038453124411785226,0.0260776733940559,0.026306482633277624,-0.06160248748277031,0.8275967951681872,BALANCE,1,-4.172616915784746e-06
1.982,0.026623754894047568,-0.0037219735256044093,0.0260776733940559,0.026226399399550022,-0.0400416168638007,1.085569058134495,BALANCE,1,-4.170415875297426e-06
1.984,0.026616645546075478,-0.0036051063613038725,0.0260776733940559,0.02617434529762708,-0.026027050961470802,1.2532510290625958,BALANCE,1,-4.168279598871851e-06
1.986,0.02660966731379989,-0.0035244635825018578,0.0260776733940559,0.02614051013137717,-0.01691758312495628,1.3622443101658583,BALANCE,1,-4.166154973821786e-06
1.988,0.026602744912851917,-0.003480635407165653,0.0260776733940559,0.026118517273314726,-0.010996429031221236,1.4330899428829798,BALANCE,1,-4.164019825345872e-06
1.99,0.02659582744405912,-0.0034656005648279293,0.0260776733940559,0.026104221915574138,-0.007147678870294064,1.4791396041491138,BALANCE,1,-4.161865175705637e-06
1.992,0.02658888322852472,-0.0034703576864557268,0.0260776733940559,0.026094929933042757,-0.004645991265690361,1.5090718839720956,BALANCE,1,-4.159688059027465e-06
1.994,0.02658189432224984,-0.0034874102875864115,0.0260776733940559,0.02608889014439736,-0.003019894322699168,1.5285278658570425,BALANCE,1,-4.157488390431884e-06
1.996,0.026574852033034967,-0.0035112433688433697,0.02761165418194154,0.026621857557537824,0.2664837065702325,1.5411742540822482,BALANCE,1,-4.155267462157048e-06
1.998,0.026566287999317324,-0.004089147358371522,0.02761165418194154,0.026968286376079127,0.17321440927065174,3.7291811060141296,BALANCE,1,-4.152120532351093e-06
2.0,0.026556627487926497,-0.004668218516828607,0.02761165418194154,0.027193465108130973,0.11258936602592286,3.0038124567299613,BALANCE,1,-4.148559303132123e-06
2.0020000000000002,0.026546284407253453,-0.005070381205797456,0.0260776733940559,0.0268029380082047,-0.19526354996313686,2.532322834695241,BALANCE,1,-4.144909050843632e-06
2.004,0.0265370578345681,-0.0047258954924928485,0.02761165418194154,0.027085988669012594,0.14152533040394724,0.04606788078718704,BALANCE,1,-4.142386525610483e-06
2.0060000000000002,0.026527341092165386,-0.00482872519562144,0.0260776733940559,0.026733078322777753,-0.1764551731174204,2.7573619633723334,BALANCE,1,-4.139247183121194e-06
2.008,0.026518711439035222,-0.004450221810432515,0.023009711818284616,0.025429900046205156,-0.6515891382862984,0.1923433144273019,BALANCE,1,-4.13692769585933e-06
2.0100000000000002,0.026513872377498707,-0.003096449420206553,0.02761165418194154,0.02619351399371289,0.38180697375386763,-3.6869191035180777,BALANCE,1,-4.136507118178161e-06
2.012,0.026507213417853788,-0.0032581439783186655,0.02761165418194154,0.02668986305959292,0.2481745329400136,4.626066629653715,BALANCE,1,-4.134319619071006e-06
2.0140000000000002,0.026499036913560696,-0.003872513288561882,0.0260776733940559,0.026475596676654965,-0.10713319146897667,3.586788047095684,BALANCE,1,-4.131301599559945e-06
2.016,0.026491240387598043,-0.0038912603592073554,0.02761165418194154,0.026873216803505268,0.1988100634251512,0.7314702688474847,BALANCE,1,-4.1288546164717254e-06
2.0180000000000002,0.026482354282549626,-0.0043081268150093836,0.023009711818284616,0.025520990058678042,-0.6761133724136128,3.2028735156115253,BALANCE,1,-4.125719638017639e-06
2.02,0.026477086037795226,-0.003190891755559029,0.02454369260617026,0.02517893595030032,-0.17102705418886066,-3.87764757578822,BALANCE,1,-4.1249712876272084e-06
2.0220000000000002,0.026472969416845165,-0.0024607608964521853,0.02761165418194154,0.02603038733137475,0.42572569053721426,0.14251972350713404,BALANCE,1,-4.1241285890837625e-06
2.024,0.02646646073379422,-0.003014491986432987,0.0260776733940559,0.026046937453313154,0.008275060969202205,4.9676287641801995,BALANCE,1,-4.121777316703803e-06
2.0260000000000002,0.02645959549017985,-0.0033074084616718903,0.0260776733940559,0.026057695032573117,0.00537878962998152,1.629016734952407,BALANCE,1,-4.11944136248711e-06
2.028,0.02645251670193127,-0.0034706734200802467,0.02761165418194154,0.026601580734852068,0.2719428511394756,1.6064920189942393,BALANCE,1,-4.117118957128642e-06
2.0300000000000002,0.026443837662393218,-0.004126413870226592,0.0260776733940559,0.026418213165573412,-0.09168378463932786,3.7716376532069287,BALANCE,1,-4.113885687862063e-06
2.032,0.0264354863420568,-0.00416279835961535,0.0260776733940559,0.026299024245542285,-0.059594460015563455,0.8516225128197819,BALANCE,1,-4.11125449090819e-06
2.0340000000000003,0.026427505477919725,-0.004038657125577352,0.0260776733940559,0.026221551447522053,-0.0387363990101159,1.1011857746080294,BALANCE,1,-4.108880123108586e-06
2.036,0.02641981308941759,-0.00390146607650836,0.02761165418194154,0.026708087404568877,0.24326797852341173,1.263401894770396,BALANCE,1,-4.106603805905712e-06
2.0380000000000003,0.026410849143684564,-0.004341574081743239,0.02454369260617026,0.025950549225129363,-0.3787690897197569,3.5486290724614262,BALANCE,1,-4.103429721722682e-06
2.04,0.026403883128180074,-0.003745477437624647,0.0260776733940559,0.025995042684253653,0.022246729562145143,-1.4731197642502936,BALANCE,1,-4.101778669665846e-06
2.0420000000000003,0.026396970442112415,-0.0035448845131185076,0.0260776733940559,0.02602396343268444,0.014460374215393909,1.7376763975523803,BALANCE,1,-4.099786543185054e-06
2.044,0.026389986856792603,-0.0035080592975421042,0.02914563496982718,0.027116548470684402,0.5462925189999804,1.677120799684218,BALANCE,1,-4.097644671117295e-06
2.0460000000000003,0.0263799742982771,-0.004717402516378932,0.0260776733940559,0.026752942193864426,-0.1818031384099878,5.997333060240908,BALANCE,1,-4.09347403461573e-06
2.048,0.026370655649748262,-0.00467354982026647,0.0260776733940559,0.026516598113931443,-0.11817203996649164,0.1507514243519632,BALANCE,1,-4.0906249482641546e-06
2.05,0.0263621417276208,-0.004367888347871419,0.0260776733940559,0.026362974461975004,-0.0768118259782194,0.6456195671039535,BALANCE,1,-4.08827744468728e-06
2.052,0.026354245016246083,-0.004066936104337616,0.0260776733940559,0.02626311908820332,-0.049927686885841566,0.9672838598927451,BALANCE,1,-4.0860982395983295e-06
2.054,0.026346757859442824,-0.003838203034324752,0.02454369260617026,0.02566131981949175,-0.3008996343557852,1.1763656502054667,BALANCE,1,-4.083968877642329e-06
2.056,0.026340983020620823,-0.0032012936035172956,0.02914563496982718,0.02688083012210915,0.6097551513087,-0.8675178856767767,BALANCE,1,-4.082656433843569e-06
2.058,0.02633194631313973,-0.004220662305803131,0.0260776733940559,0.026599725267290514,-0.1405524274093184,6.490891017796148,BALANCE,1,-4.079048072406271e-06
2.06,0.026323384657871478,-0.004265417874594338,0.02761165418194154,0.026953900387418375,0.17708756006393037,0.4715640967628838,BALANCE,1,-4.076354359373428e-06
2.062,0.026313912358208725,-0.00462863895126501,0.0260776733940559,0.02664722093974151,-0.1533397238384325,3.0339345037565453,BALANCE,1,-4.073075373016089e-06
2.064,0.026305273850298766,-0.004400443271633092,0.02454369260617026,0.025910986022991574,-0.36811745837496757,0.37211546567703047,BALANCE,1,-4.070619968710357e-06
2.066,0.02629881661003071,-0.00359845262330999,0.02761165418194154,0.026506219878624063,0.2976169278162445,-1.390280505620246,BALANCE,1,-4.069305129826947e-06
2.068,0.026290937370680178,-0.003845799603244738,0.02454369260617026,0.025819335333265234,-0.34344227267941485,3.9713086152473998,BALANCE,1,-4.0666700384356234e-06
2.07,0.026284845322550335,-0.003305492460629227,0.02761165418194154,0.026446646930301944,0.31365579851835507,-1.1983780614394048,BALANCE,1,-4.065197152622886e-06
2.072,0.02627709809041869,-0.0037170785998245455,0.0260776733940559,0.02631750619261583,-0.0645703688430567,4.096045203964957,BALANCE,1,-4.062492284377936e-06
2.074,0.026269542329443354,-0.0037606526817000347,0.02761165418194154,0.02677045798887983,0.22647589813199961,1.0624874208124961,BALANCE,1,-4.060120879737163e-06
2.076,0.02626071604253046,-0.0042534627922425645,0.02761165418194154,0.02706487665645143,0.14720933378579992,3.4180346643887867,BALANCE,1,-4.056970893185827e-06
2.078,0.026250982600835214,-0.0047327627117250805,0.0260776733940559,0.026719355514612995,-0.17276057091921737,2.8015672696734852,BALANCE,1,-4.053503365419216e-06
2.08,0.02624215995029625,-0.004494040475922103,0.02454369260617026,0.025957873496658037,-0.38074100897747887,0.22107676352304062,BALANCE,1,-4.051012651736109e-06
2.082,0.026235607086581014,-0.0036579818317237418,0.02761165418194154,0.026536696736507263,0.28941161992461323,-1.4884556620203486,BALANCE,1,-4.049715802328037e-06
2.084,0.026227700145864098,-0.003872288705197922,0.02454369260617026,0.025839145290889313,-0.34877572280897495,3.9074947635873416,BALANCE,1,-4.047102289275446e-06
2.086,0.026221622971374356,-0.003309248632864298,0.02914563496982718,0.026996416678517567,0.5786356938141269,-1.2398570650184408,BALANCE,1,-4.045657684915319e-06
2.088,0.026212450776800632,-0.00430140251275323,0.02454369260617026,0.02613796325319601,-0.4292267126607789,6.248870551224069,BALANCE,1,-4.042021789389376e-06
2.09,0.026205343685422513,-0.0037798196691189775,0.0260776733940559,0.026116861802496973,-0.010550725349518092,-1.8655359060944705,BALANCE,1,-4.04027888428883e-06
2.092,0.026198444365504038,-0.0035509041218851744,0.02761165418194154,0.026640039135302572,0.2615886664027994,1.4826059053536738,BALANCE,1,-4.038330040657696e-06
2.094,0.026190127463549127,-0.004000665787736923,0.02454369260617026,0.025906317850106265,-0.3668606425981536,3.6911116793405494,BALANCE,1,-4.03540345786587e-06
2.096,0.026183682465250945,-0.0034693353086014496,0.0260776733940559,0.02596629229048864,0.02998722019118688,-1.380506069778853,BALANCE,1,-4.033840235027335e-06
2.098,0.026177163605735132,-0.00332553310472189,0.02914563496982718,0.02707906222825713,0.5563849688842455,1.7978752989588134,BALANCE,1,-4.031935604311633e-06
2.1,0.026167551795123402,-0.004501855616615566,0.02454369260617026,0.026191682860526727,-0.44368968386520113,6.0758234847693915,BALANCE,1,-4.027992397065364e-06
2.102,0.02616004399550422,-0.003973095161327816,0.0260776733940559,0.02615177954726194,-0.019951656632393247,-1.9780164992900056,BALANCE,1,-4.026158253555214e-06
2.104,0.026152839853514163,-0.003713245260892134,0.023009711818284616,0.025052055842119877,-0.5498618525710316,1.4094935197765706,BALANCE,1,-4.024153297721448e-06
2.106,0.02614869526897292,-0.0026447806897503595,0.02761165418194154,0.025947915261057462,0.4479297094687924,-2.89577147004106,BALANCE,1,-4.023602167287223e-06
2.108,0.026142175470645297,-0.0030724007203208944,0.02761165418194154,0.026530223883366892,0.2911543111547149,5.140312591413787,BALANCE,1,-4.021334929198737e-06
2.11,0.026133799797167498,-0.003910089551222858,0.02761165418194154,0.02690872448786802,0.1892503022505633,3.9210479222397328,BALANCE,1,-4.018134148370735e-06
2.112,0.026124125678044376,-0.004637768219890887,0.02914563496982718,0.027691643156553727,0.391459334342854,3.1285258872765875,BALANCE,1,-4.014495346538065e-06
2.114,0.02611219361478318,-0.0057876088170312635,0.02454369260617026,0.026589860463919514,-0.5508913463171065,4.793173264136056,BALANCE,1,-4.009548426964839e-06
2.116,0.02610309548115894,-0.004859888640448992,0.0260776733940559,0.02641059498946725,-0.08963273722613178,-2.811739142701681,BALANCE,1,-4.007806174052566e-06
2.118,0.02609502311679295,-0.0042659590537377145,0.0260776733940559,0.02629407243107328,-0.0582612791969854,0.8675738015589808,BALANCE,1,-4.0059044626723565e-06
2.12,0.026087544273409383,-0.003893931749424139,0.02761165418194154,0.026755226043877173,0.23057680640194664,1.1115541122885135,BALANCE,1,-4.003931430267631e-06
2.122,0.026078928850417384,-0.004202575120452959,0.0260776733940559,0.026518082616439728,-0.11857171371872262,3.4499280138482034,BALANCE,1,-4.001019795682831e-06
2.124,0.026070906078649727,-0.004064667905780671,0.0260776733940559,0.02636393938860539,-0.07707161391716857,0.6425112472366027,BALANCE,1,-3.998679065413798e-06
2.126,0.026063378524126275,-0.0038515051111263736,0.0260776733940559,0.02626374629051307,-0.05009654904616044,0.9652634519789749,BALANCE,1,-3.996549396475126e-06
2.128,0.02605618402978758,-0.003673404352231446,0.0260776733940559,0.026198620776753063,-0.032562756880002985,1.1750523850615004,BALANCE,1,-3.99448550373786e-06
2.13,0.026049182077389346,-0.003553388885413675,0.0260776733940559,0.02615628919280906,-0.02116579197200194,1.31141519156516,BALANCE,1,-3.992430817453842e-06
2.132,0.026042270272898377,-0.0034857821744039407,0.0260776733940559,0.026128773663245456,-0.013757764781801782,1.400051015792528,BALANCE,1,-3.990362588837762e-06
2.134,0.02603538029788822,-0.0034576202000351493,0.023009711818284616,0.025037102017509163,-0.5458358228681466,1.457664301540313,BALANCE,1,-3.988271707578968e-06
2.136,0.02603140620644839,-0.002506672736033496,0.02914563496982718,0.02647508855082047,0.7189932666556536,-2.864460461894623,BALANCE,1,-3.987658909246744e-06
2.138,0.026023507339348963,-0.0035820687907771208,0.02454369260617026,0.025799099970192897,-0.33799429031378636,7.340451446294456,BALANCE,1,-3.984540574435939e-06
2.14,0.02601706164721014,-0.0033366628736982737,0.021475731030398976,0.024285920841265025,-0.7565895644639359,-1.1560083242987171,BALANCE,1,-3.982747521264905e-06
2.142,0.026014736569885132,-0.0019319798447874458,0.02454369260617026,0.024376140958981857,0.04511005885841565,-4.5955612652355855,BALANCE,1,-3.9828249411365374e-06
2.144,0.0260121896533606,-0.0015206903514623845,0.0260776733940559,0.024971677311257774,0.2977681761379587,1.8234489284062365,BALANCE,1,-3.98219655728609e-06
2.146,0.026007687063528084,-0.00200068467010444,0.02761165418194154,0.025895669215997095,0.46199595236966035,3.8804460477791363,BALANCE,1,-3.9806377770071055e-06
2.148,0.026000212357822426,-0.003288967914598967,0.02761165418194154,0.026496263954077653,0.3002973690402789,5.249707771917109,BALANCE,1,-3.977623001654567e-06
2.15,0.025990619162049946,-0.004487063641658467,0.0260776733940559,0.026349757258070042,-0.07325334800380515,3.9921547895668903,BALANCE,1,-3.973693888815431e-06
2.152,0.025981122744328965,-0.004688138302512631,0.0260776733940559,0.026254527905665095,-0.047614676202473866,0.9949586514537614,BALANCE,1,-3.9705924182943126e-06
2.154,0.025971973740695303,-0.004602680855000652,0.0260776733940559,0.02619262882660188,-0.030949539531607492,1.1943542647201149,BALANCE,1,-3.9678796949894674e-06
2.156,0.02596317089956816,-0.004453248993754866,0.02914563496982718,0.027226180976730737,0.5167760750644287,1.3239614133432527,BALANCE,1,-3.965333400672616e-06
2.158,0.025951726923248705,-0.0055292597061183,0.0260776733940559,0.026824203322794546,-0.20098882696809559,5.767779459119273,BALANCE,1,-3.960691107854521e-06
2.16,0.02594122914447381,-0.0053068692024008214,0.0260776733940559,0.026562917847736022,-0.13064273752926187,0.001541583622908016,BALANCE,1,-3.957742056606831e-06
2.162,0.02593179343823293,-0.004859672140631371,0.02454369260617026,0.025856189013188008,-0.35336441727400714,0.5486331706300664,BALANCE,1,-3.95534638065373e-06
2.164,0.02592463581234374,-0.003962917791220616,0.0260776733940559,0.025933708546491772,0.038759766651881924,-1.2755439974007765,BALANCE,1,-3.9540058393946905e-06
2.166,0.025917590864038182,-0.0036561882916737506,0.0260776733940559,0.02598409624313922,0.02519384832372351,1.8661006460045617,BALANCE,1,-3.952105641510658e-06
2.168,0.025910469963403723,-0.003589330213232856,0.02454369260617026,0.025479954970200083,-0.25207063646956807,1.7605965611781411,BALANCE,1,-3.949985254547927e-06
2.17,0.02590470037256076,-0.0031179199045643933,0.02761165418194154,0.026226049694309594,0.3730473620547556,-0.4877677935445395,BALANCE,1,-3.948563083755431e-06
2.172,0.025896897795896857,-0.0036892487709414648,0.02454369260617026,0.02563722471346083,-0.2944124904243825,4.557941878096621,BALANCE,1,-3.9457694705518555e-06
2.174,0.02589049326589128,-0.0033571217402167397,0.02454369260617026,0.02525448847590913,-0.1913681187758493,-0.8170664405874102,BALANCE,1,-3.944067087071679e-06
2.176,0.02588515014895888,-0.002903819109211372,0.0260776733940559,0.0255426031972605,0.144057360675685,-0.015675641652246552,BALANCE,1,-3.942741677149182e-06
2.178,0.025878980165937013,-0.003027502481140249,0.023009711818284616,0.024656091214618942,-0.443255991320779,2.6850150772411103,BALANCE,1,-3.940783742658059e-06
2.18,0.02587505931045516,-0.0023428621522570275,0.02454369260617026,0.024616751701661905,-0.019669756478518652,-2.066682457689095,BALANCE,1,-3.939981676795551e-06
2.182,0.025871161392175678,-0.0020913972173148623,0.023009711818284616,0.024054287742479856,-0.2812319795910245,1.3196470502715651,BALANCE,1,-3.938913527913693e-06
2.184,0.02586856241316226,-0.001595804556378649,0.02761165418194154,0.025299365996291446,0.6225391269057949,-0.8065985721794044,BALANCE,1,-3.938317040438026e-06
2.186,0.025862275598295795,-0.0026925246927259876,0.02454369260617026,0.02503488030974903,-0.1322428432712075,6.498274975023846,BALANCE,1,-3.9359013323139376e-06
2.188,0.025856216073416843,-0.0029223636693619017,0.02761165418194154,0.02593675116501641,0.45093542763369016,0.4441500724152818,BALANCE,1,-3.933919271881926e-06
2.19,0.025847486892627464,-0.004030034044365784,0.02454369260617026,0.02544918066942026,-0.24378524779807528,5.163688490970506,BALANCE,1,-3.930441597416064e-06
2.192,0.025839771874331112,-0.003906956461990838,0.02454369260617026,0.025132259847282762,-0.15846041106874936,-0.4233311422193866,BALANCE,1,-3.928198908364903e-06
2.194,0.02583299987738951,-0.003547497994693931,0.02761165418194154,0.026000047864413334,0.43389400856528626,0.24025230228697092,BALANCE,1,-3.9264252826202875e-06
2.196,0.02582394410217598,-0.004300047780088122,0.023009711818284616,0.024953430248268283,-0.5233088080725257,5.03115494038709,BALANCE,1,-3.923042217177328e-06
2.198,0.025817584989762166,-0.003535749828415039,0.0260776733940559,0.025346915349293953,0.1967425505128347,-2.6892646496841084,BALANCE,1,-3.921748317470024e-06
2.2,0.02581036140433431,-0.0035895624119291194,0.02761165418194154,0.02613957394072061,0.3963292957133279,3.094755325060315,BALANCE,1,-3.919512543642387e-06
2.202,0.025800937853745105,-0.004466257082937118,0.02454369260617026,0.025581015473627986,-0.27927923354631107,4.7390088021498595,BALANCE,1,-3.915896803761156e-06
2.204,0.025792855699322676,-0.004159216918555709,0.02454369260617026,0.025217952470017783,-0.18153150180510133,-0.6993729399528095,BALANCE,1,-3.913725171158307e-06
2.206,0.025785949609542162,-0.003669952483516738,0.023009711818284616,0.024445068241911175,-0.386442114053304,0.060825133760256334,BALANCE,1,-3.912037354405161e-06
2.208,0.025781304109534164,-0.002788860156528209,0.02454369260617026,0.024479586769401856,0.017259263745340175,-1.6248328179117613,BALANCE,1,-3.911234505672411e-06
2.21,0.025776645521326,-0.002490370828441517,0.02914563496982718,0.02611270363955072,0.8165584350744315,1.6068493161268327,BALANCE,1,-3.909989004766497e-06
2.212,0.025767383541932826,-0.0042058211016582515,0.0260776733940559,0.026100443053627534,-0.0061302929615925095,8.099229698968495,BALANCE,1,-3.905954062655628e-06
2.214,0.02575765020291851,-0.004722797038799053,0.02761165418194154,0.026629366948537438,0.26446194745495183,1.516984239524912,BALANCE,1,-3.902510137049353e-06
2.216,0.02574646681470156,-0.00544572581350391,0.02761165418194154,0.026973167480228877,0.17190026584571957,3.713457596551861,BALANCE,1,-3.8983361122394725e-06
2.218,0.025734354362819983,-0.005970439032943527,0.0260776733940559,0.026659744550068337,-0.15671146508026979,2.993592175579489,BALANCE,1,-3.894027293420735e-06
2.22,0.02572324631672669,-0.005632166972079825,0.023009711818284616,0.025382233093944037,-0.63875572806215,0.34589295236194184,BALANCE,1,-3.891081915172491e-06
2.222,0.025716085899355867,-0.0041799162427900135,0.0260776733940559,0.02562563719898319,0.1217020525195768,-3.5871118388605576,BALANCE,1,-3.890434138810655e-06
2.224,0.02570885864636222,-0.0037832792982593648,0.0260776733940559,0.02578384986725864,0.0791063341377251,2.511154652095606,BALANCE,1,-3.888583689113604e-06
2.226,0.025701327220165236,-0.003771019121016531,0.02914563496982718,0.02696047465315763,0.5883123929494947,2.1798816651373194,BALANCE,1,-3.88631480699988e-06
2.228,0.02569058969921926,-0.0051006099734833485,0.0260776733940559,0.026651494212472027,-0.15449022034280147,6.324127622785415,BALANCE,1,-3.88180894013137e-06
2.23,0.025680401514259463,-0.005095790493585077,0.0260776733940559,0.026450656926026384,-0.10041864322282192,0.3631678900059099,BALANCE,1,-3.878733922634382e-06
2.232,0.025670987164895603,-0.00480066008048954,0.021475731030398976,0.024709432862556793,-0.8706120317347951,0.7836902697790077,BALANCE,1,-3.876200253921368e-06
2.234,0.025666604671340663,-0.003043089396842511,0.02761165418194154,0.025725210324341455,0.5078887308923308,-5.482330282124953,BALANCE,1,-3.876346628535052e-06
2.236,0.02565985560108227,-0.003274054371735752,0.02914563496982718,0.02692235895026146,0.5985743129600026,5.606622466599133,BALANCE,1,-3.874152276467636e-06
2.238,0.025649673390290156,-0.004764175702157238,0.023009711818284616,0.025552932454069567,-0.6847132480959466,6.403936040695709,BALANCE,1,-3.869799859076287e-06
2.24,0.025642831127887646,-0.0038326834184295175,0.02454369260617026,0.02519969850730481,-0.17661697338237914,-3.944530037523399,BALANCE,1,-3.868588530785528e-06
2.242,0.02563726631699449,-0.0031326690842098884,0.0260776733940559,0.025506989717667693,0.15364560518144227,0.09904612337925545,BALANCE,1,-3.867429152352009e-06
2.244,0.025630943277925086,-0.0031525888220788356,0.02454369260617026,0.02516983572864359,-0.16857699451205096,2.7595842245116,BALANCE,1,-3.865507936700488e-06
2.246,0.025625417798437092,-0.00289352265617984,0.02454369260617026,0.024950685635777927,-0.10957504643283218,0.16157418762220765,BALANCE,1,-3.8640081865456066e-06
2.248,0.025620401065275647,-0.0026410824210109213,0.0260776733940559,0.02534513135117522,0.19722285769864684,0.6204407666840183,BALANCE,1,-3.862644170479415e-06
2.25,0.025614165589562796,-0.0029685132873501726,0.02454369260617026,0.025064627790423486,-0.1402517803758673,3.098490742659688,BALANCE,1,-3.860568044050189e-06
2.2520000000000002,0.02560845895861673,-0.002891551706936117,0.023009711818284616,0.024345407200174883,-0.35961029512430154,0.38186342441847065,BALANCE,1,-3.858895810286825e-06
2.254,0.025604586326428404,-0.0022800723657833664,0.023009711818284616,0.02387791381651329,-0.23374669183079572,-1.4161579289839192,BALANCE,1,-3.858065888070846e-06
2.2560000000000002,0.025601887634264305,-0.0016958213660408557,0.02914563496982718,0.025721616220173153,0.9218512018299307,-0.43729870565556817,BALANCE,1,-3.85750036571324e-06
2.258,0.025593912279445435,-0.003461941851466051,0.02761165418194154,0.02638312950679209,0.33075664330946797,8.918106587849834,BALANCE,1,-3.854125695542389e-06
2.2600000000000002,0.025583530667493068,-0.004886633186491884,0.023009711818284616,0.025202433315814475,-0.5903480954888071,4.229040916883269,BALANCE,1,-3.849730070851235e-06
2.262,0.025576033462956525,-0.004081691302344946,0.0260776733940559,0.025508767343198974,0.15316701369224964,-3.2106387649615877,BALANCE,1,-3.8482427444050595e-06
2.2640000000000002,0.025568046529310207,-0.004018198741627137,0.0260776733940559,0.0257078844609989,0.09955855889996236,2.7558621501299356,BALANCE,1,-3.84589352424733e-06
2.266,0.025559593154892146,-0.004172347448968262,0.0260776733940559,0.02583731058756885,0.06471306328497545,2.3389415388596326,BALANCE,1,-3.843215192462657e-06
2.2680000000000002,0.02555081535654119,-0.0043344462437507935,0.0260776733940559,0.02592143756983932,0.04206349113523508,2.0679431415339344,BALANCE,1,-3.840427716281133e-06
2.27,0.025541859756410216,-0.004442456133129557,0.023009711818284616,0.024902333556795175,-0.5095520065220728,1.8917941832722398,BALANCE,1,-3.837633659105083e-06
2.2720000000000002,0.02553577115383437,-0.0034935150582634995,0.0260776733940559,0.02531370249983643,0.20568447152062747,-2.582276038768872,BALANCE,1,-3.83660664476237e-06
2.274,0.025528814717280437,-0.0034830661914594437,0.0260776733940559,0.025581092312813247,0.13369490648840882,3.1642979221552054,BALANCE,1,-3.834523778276029e-06
2.2760000000000002,0.02552108636056675,-0.0037580420005022706,0.021475731030398976,0.024144215863968255,-0.7184382244224963,2.6044247906760654,BALANCE,1,-3.831989428831698e-06
2.278,0.025517200767107107,-0.002576379845692379,0.023009711818284616,0.02374713944797898,-0.19853820799463698,-4.298852843541875,BALANCE,1,-3.831620694746748e-06
2.2800000000000002,0.025514526622037275,-0.0017945822484949983,0.0260776733940559,0.024562826329105905,0.40784344056346217,-0.1634772970783569,BALANCE,1,-3.831182043752096e-06
2.282,0.025509460172250364,-0.0022872872286481497,0.0260776733940559,0.025093022801838404,0.2650982363662496,4.736517104254052,BALANCE,1,-3.829446092737712e-06
2.2840000000000003,0.02550256246284044,-0.003116490801891802,0.02454369260617026,0.024900757233354553,-0.09613278424192538,3.626367259040301,BALANCE,1,-3.826897277956153e-06
2.286,0.025495846746077286,-0.003284301296514628,0.0260776733940559,0.025312677889600028,0.20596032812273712,0.7249831600658702,BALANCE,1,-3.824767022329687e-06
2.2880000000000003,0.02548788958531538,-0.003792461135019398,0.0260776733940559,0.025580426316159584,0.13387421327977836,3.1664432983578985,BALANCE,1,-3.821995827580758e-06
2.29,0.02547906259476935,-0.004261223187040131,0.02454369260617026,0.02521756951766332,-0.18142839924813192,2.6058192852078017,BALANCE,1,-3.818945397647368e-06
2.2920000000000003,0.025471169470371886,-0.004035412753493585,0.0260776733940559,0.025518605874400725,0.15051817836870227,0.06162697707474396,BALANCE,1,-3.816778396872909e-06
2.294,0.025462598508215733,-0.004221197343973338,0.0260776733940559,0.02571427950628004,0.09783681593965657,2.7352617794136616,BALANCE,1,-3.814045511654895e-06
2.2960000000000003,0.025453528163250198,-0.004459134560938775,0.02454369260617026,0.025304574091241618,-0.20485270751921003,2.325551297894055,BALANCE,1,-3.811107185973285e-06
2.298,0.025445627575112775,-0.004094212716173307,0.023009711818284616,0.024501372295706668,-0.40160089776747515,-0.12054721467918306,BALANCE,1,-3.8090734240812133e-06
2.3000000000000003,0.02544011789384138,-0.0031999737023364963,0.02454369260617026,0.024516184404368927,0.007406054331129605,-1.742724844397401,BALANCE,1,-3.8081191377888654e-06
2.302,0.02543474897160077,-0.0028589382438360574,0.02454369260617026,0.024525812274999396,0.00481393531523433,1.5302194989111726,BALANCE,1,-3.8067319960065826e-06
2.3040000000000003,0.025429300948907135,-0.002769445238162019,0.02761165418194154,0.02560585694242915,0.5400223337148763,1.5100602190218384,BALANCE,1,-3.805154839306399e-06
2.306,0.025420763683037532,-0.003914826944180496,0.0260776733940559,0.025770992700498513,0.08256787903468225,5.856530086264759,BALANCE,1,-3.801783236612298e-06
2.308,0.025411440527107313,-0.004490798693520418,0.0260776733940559,0.0258783309432436,0.053669121372543205,2.206802594307369,BALANCE,1,-3.7984776477085626e-06
2.31,0.025401763795085405,-0.004760613272417516,0.0260776733940559,0.025948100801027905,0.03488492889215308,1.9820528275749616,BALANCE,1,-3.7953175212620193e-06
2.312,0.025391986991619646,-0.004860044438131463,0.02761165418194154,0.026530344484347677,0.29112184165988597,1.835965479198899,BALANCE,1,-3.792292808212511e-06
2.314,0.025380794383690748,-0.005471233818527918,0.02454369260617026,0.025835016326985583,-0.34766407868104704,3.9207954023399485,BALANCE,1,-3.78827473982936e-06
2.316,0.025371545682961696,-0.004833428394008229,0.02454369260617026,0.02538305302470022,-0.22598165114268154,-1.2312116498292414,BALANCE,1,-3.786213240683597e-06
2.318,0.02536397074105824,-0.004091965828682088,0.02761165418194154,0.026163063429734682,0.390005202517231,-0.28487002765943914,BALANCE,1,-3.7846572876186882e-06
2.32,0.025354586601589253,-0.0045545261587033705,0.02454369260617026,0.025596283641487135,-0.28338989412377347,4.689825425921929,BALANCE,1,-3.78142953016664e-06
2.322,0.025346719787051178,-0.004109791216788415,0.02761165418194154,0.02630166333064618,0.3526898445795224,-0.7313421345009596,BALANCE,1,-3.779493126057956e-06
2.324,0.025337144526595134,-0.0046369790312847416,0.02454369260617026,0.025686373577079608,-0.3076448767832859,4.39961855647495,BALANCE,1,-3.776145029725659e-06
2.326,0.02532920391691757,-0.004158426523883547,0.0260776733940559,0.025823328513021312,0.06847746797085212,-0.9199765996415106,BALANCE,1,-3.774226184263949e-06
2.328,0.025321122874140078,-0.004073228790083953,0.02454369260617026,0.025375455945623446,-0.22393628369893337,2.0972194545480956,BALANCE,1,-3.771892065381279e-06
2.33,0.025314344166340354,-0.0036013641720576573,0.0260776733940559,0.025621232052574806,0.1228880534756803,-0.26896291285406027,BALANCE,1,-3.7702582320487275e-06
2.332,0.025307009729885165,-0.003648172521183158,0.0260776733940559,0.02578098652209319,0.07987723475919202,2.5203783509599305,BALANCE,1,-3.7680369204290098e-06
2.334,0.025299199406952185,-0.0038338154927940525,0.02454369260617026,0.025347933651520167,-0.21652643528651155,2.1858770693991274,BALANCE,1,-3.765562564546774e-06
2.336,0.025292519306254077,-0.0034941076996111925,0.023009711818284616,0.024529556009887727,-0.4091888208162201,-0.21133546320088237,BALANCE,1,-3.7638390881626902e-06
2.338,0.02528813031313333,-0.0026494732582255684,0.02454369260617026,0.024534503818586614,0.0024739043494436536,-1.801737205936497,BALANCE,1,-3.7630860483709833e-06
2.34,0.025283756896335025,-0.0023509298340518374,0.0260776733940559,0.025074613170000867,0.27005467570712616,1.491861463910746,BALANCE,1,-3.761943605043699e-06
2.342,0.025277726453112295,-0.002806053045094039,0.02761165418194154,0.025962577524180103,0.443982177089618,3.6649141958570612,BALANCE,1,-3.7598987534632303e-06
2.344,0.025268974606584588,-0.004017545786496004,0.02454369260617026,0.02546596780287666,-0.2483048606517213,5.109612068167751,BALANCE,1,-3.756413414156395e-06
2.346,0.025261218579902416,-0.003917871033567524,0.0260776733940559,0.025680064759789397,0.10704847845636849,-0.45848081704117094,BALANCE,1,-3.754191225688648e-06
2.348,0.025252944586425345,-0.004078816321038732,0.023009711818284616,0.024745441230262726,-0.46731176476333575,2.397191713238312,BALANCE,1,-3.751594127727426e-06
2.35,0.02524722848025847,-0.0032604866822539763,0.0260776733940559,0.02521172248759034,0.2331406286638065,-2.2537676442909227,BALANCE,1,-3.750535866611682e-06
2.352,0.02524039946817752,-0.0033679080248935843,0.023009711818284616,0.024441018753333335,-0.3853518671285017,3.377828378565872,BALANCE,1,-3.7484307534257578e-06
2.354,0.02523558037307117,-0.0027416671852750884,0.0260776733940559,0.025013847877586235,0.28641456212645,-1.6163538118280136,BALANCE,1,-3.7474072581190083e-06
2.356,0.02522918956583395,-0.003054780014978077,0.02454369260617026,0.024849293532590643,-0.08227717249779595,3.792147369666774,BALANCE,1,-3.745315568242842e-06
2.358,0.02522304027279109,-0.0030684785968780126,0.0260776733940559,0.025279226484103485,0.21496647575642083,0.832740231973071,BALANCE,1,-3.743480709432311e-06
2.36,0.02521559822575775,-0.003536944730703901,0.0260776733940559,0.02555868290258683,0.139728209241673,3.236485395097576,BALANCE,1,-3.7409414639542277e-06
2.362,0.025207219142871717,-0.004021625856967104,0.023009711818284616,0.024666543023081057,-0.44606993975288695,2.6513466480885937,BALANCE,1,-3.7380641372849907e-06
2.364,0.025201170893631792,-0.003347993872541124,0.02761165418194154,0.02569733192868223,0.5153944528005858,-2.088566936638232,BALANCE,1,-3.73679932607534e-06
2.366,0.025192450761295004,-0.004115718600113747,0.0260776733940559,0.025830451441563016,0.06655975644039372,5.66499553812562,BALANCE,1,-3.7336018533363305e-06
2.368,0.025183180997737763,-0.004513513057500546,0.02454369260617026,0.025380085849175553,-0.22518279619373158,2.0823051380169306,BALANCE,1,-3.730487406929852e-06
2.37,0.02517513855329485,-0.004158631508383843,0.0260776733940559,0.025624241489883678,0.12207782035406241,-0.27865721859931947,BALANCE,1,-3.7284320809795763e-06
2.372,0.025166633126348103,-0.004228352151130853,0.02454369260617026,0.02524604938058398,-0.18909605464984858,2.51407705222552,BALANCE,1,-3.725849716957998e-06
2.374,0.02515922607803102,-0.003858448003186253,0.023009711818284616,0.024463331233779206,-0.39135907340238746,0.001994525636250133,BALANCE,1,-3.7239749237643947e-06
2.376,0.025154103831190596,-0.0030011788968472585,0.02761165418194154,0.025565244265636024,0.5509565159284093,-1.6630727131923473,BALANCE,1,-3.7230854180228485e-06
2.378,0.025146088801269843,-0.0037448888858648815,0.0260776733940559,0.025744594460582984,0.0896750974734798,5.941566783365436,BALANCE,1,-3.720177523592071e-06
2.38,0.02513734966770747,-0.0042148692267954,0.0260776733940559,0.025861172087298507,0.05828881335776144,2.2620764474228174,BALANCE,1,-3.7171922568911647e-06
2.382,0.02512821883952188,-0.004481277746567376,0.02454369260617026,0.02540005426890362,-0.2305589091974435,2.017980832100002,BALANCE,1,-3.7142439482034206e-06
2.384,0.025120382974049036,-0.004078280587326933,0.023009711818284616,0.02456343441118697,-0.4183099288583257,-0.32046801744533093,BALANCE,1,-3.712294575105284e-06
2.386,0.025115031299539636,-0.003144849225140745,0.0260776733940559,0.025093418055191097,0.2649918220020645,-1.8726733661953874,BALANCE,1,-3.7114315063728485e-06
2.388,0.025108403300318983,-0.003262040642964834,0.0260776733940559,0.02543790742379378,0.1722446843013415,3.625539659327982,BALANCE,1,-3.709392286599699e-06
2.39,0.0251007161150722,-0.0036825627261618706,0.023009711818284616,0.024588038961865573,-0.4249342309641038,2.9042319198383586,BALANCE,1,-3.706809219657061e-06
2.392,0.025095209835268407,-0.0030646311483903126,0.02761165418194154,0.025646304288892162,0.5291326635132945,-1.9241915100008962,BALANCE,1,-3.705627268123544e-06
2.394,0.025086873762713086,-0.0038918115835468417,0.02454369260617026,0.025260390199939496,-0.19295704447633288,5.771839565439885,BALANCE,1,-3.7025515012929274e-06
2.396,0.025079349374451297,-0.0037999804877680136,0.02761165418194154,0.026083332593640214,0.411471196850359,-0.02803294381429322,BALANCE,1,-3.700405288556687e-06
2.398,0.025069626641534646,-0.0046374434665357785,0.02454369260617026,0.025544458598025732,-0.26943699780724095,4.856769530421285,BALANCE,1,-3.696781953496202e-06
2.4,0.025061225963047173,-0.004318108164813413,0.0260776733940559,0.025731083776636292,0.09331258930527983,-0.6228284665763837,BALANCE,1,-3.6946084710502905e-06
2.402,0.025052534874144307,-0.004338755792077913,0.02454369260617026,0.02531549686697318,-0.20779345483155562,2.290365741040416,BALANCE,1,-3.6920260663219457e-06
2.404,0.0250450767796728,-0.003908375742811517,0.023009711818284616,0.024508472099932184,-0.4035123835204983,-0.14341782663405422,BALANCE,1,-3.6902056968607034e-06
2.406,0.02503999614101165,-0.003004337572901536,0.023009711818284616,0.023983906001355536,-0.26228304928832374,-1.7575907421680552,BALANCE,1,-3.689374675420089e-06
2.408,0.02503648305978152,-0.0022073922088098764,0.023009711818284616,0.023642938037280715,-0.1704839820374105,-0.6592300342252577,BALANCE,1,-3.688782338514572e-06
2.41,0.02503383519520238,-0.0016535354036458219,0.02454369260617026,0.023958202136392055,0.1576320495556699,0.054704425937558865,BALANCE,1,-3.6882301536596186e-06
2.412,0.025030081113113313,-0.0017965642831137235,0.023009711818284616,0.023626230525054453,-0.1659858056688012,2.6985485246288823,BALANCE,1,-3.6870713943487036e-06
2.414,0.025026861622657087,-0.0016788670160325845,0.02454369260617026,0.023947342253444987,0.16055586419526716,0.08968738615285754,BALANCE,1,-3.6861665501467116e-06
2.416,0.025022431428397586,-0.0020290855461434754,0.0260776733940559,0.02469295815265881,0.3728079496069115,2.7212874487688365,BALANCE,1,-3.6847230781542906e-06
2.418,0.025015584310358475,-0.003030107720787721,0.02761165418194154,0.025714501762907765,0.5107718051244776,4.46404108601482,BALANCE,1,-3.6821664506842266e-06
2.42,0.025005554484715063,-0.004657180124225295,0.02454369260617026,0.025304718558049638,-0.20489160242906368,5.629044546770286,BALANCE,1,-3.677879570364396e-06
2.422,0.02499622951877432,-0.004661501620702109,0.02454369260617026,0.025038359474891858,-0.13317954157889,-0.12084970594953104,BALANCE,1,-3.6751311253231675e-06
2.424,0.024987816126981508,-0.0043291079593947455,0.02454369260617026,0.0248652260708393,-0.08656670202627885,0.43686523586239145,BALANCE,1,-3.6729748768407735e-06
2.426,0.024980119891132965,-0.003986613078109129,0.023009711818284616,0.024215796082445163,-0.3247149941970687,0.7993799480401272,BALANCE,1,-3.671015359074974e-06
2.428,0.02497437691673608,-0.003239339930879762,0.02454369260617026,0.024330559865748946,0.057381891651891656,-1.1447721886298396,BALANCE,1,-3.669902889903096e-06
2.43,0.02496847487527801,-0.003045588428988294,0.02454369260617026,0.024405156324896406,0.03729822957372966,1.9188887251600701,BALANCE,1,-3.6682979742330935e-06
2.432,0.024962320761078405,-0.0030671791851509997,0.02454369260617026,0.024453644023342255,0.0242438492229248,1.7626952160836216,BALANCE,1,-3.6664754353055984e-06
2.434,0.024955929407459713,-0.0031555163712458497,0.0260776733940559,0.025022054303092033,0.2842051398748886,1.6611694351839337,BALANCE,1,-3.6645390961160615e-06
2.436,0.02494787817828249,-0.003797162901351634,0.0260776733940559,0.02539152098492939,0.18473334091867813,3.774964377184631,BALANCE,1,-3.6616985659376657e-06
2.438,0.024938645366676455,-0.004427865068943141,0.023009711818284616,0.02455788777660372,-0.4168166041628347,3.0013579864451883,BALANCE,1,-3.658434459478358e-06
2.44,0.02493160541213665,-0.0037959308649305116,0.023009711818284616,0.024016026191192034,-0.27093079270584275,-1.8610595667064547,BALANCE,1,-3.656922527215217e-06
2.442,0.02492628598307994,-0.003042898750523664,0.023009711818284616,0.02366381616067444,-0.17610501525879702,-0.72648477017522,BALANCE,1,-3.655910948590189e-06
2.444,0.024922047242028178,-0.0024474864655441527,0.023009711818284616,0.023434879640838003,-0.1144682599182184,0.010988847570090332,BALANCE,1,-3.655016097728596e-06
2.446,0.02491838379219339,-0.002055986049725023,0.0260776733940559,0.024359857454464267,0.462488906813132,0.4903466991045329,BALANCE,1,-3.6541295616815963e-06
2.448,0.024912006111437658,-0.0028503373112159294,0.023009711818284616,0.02388730648180139,-0.236275486331438,5.161502701772912,BALANCE,1,-3.651843454051675e-06
2.45,0.024906565714604475,-0.002764041205263583,0.0260776733940559,0.024653934901090472,0.3833142096445405,-0.45696550174342043,BALANCE,1,-3.650299999849783e-06
2.452,0.02489891019651488,-0.003541311101447737,0.02454369260617026,0.0246153500978684,-0.019292401611036708,4.545749771221752,BALANCE,1,-3.647533209036424e-06
2.454,0.02489111513929572,-0.0037988424440920697,0.02761165418194154,0.025664056527293998,0.5243532147127996,1.3225817929838102,BALANCE,1,-3.6450473595642377e-06
2.456,0.024880424418989945,-0.005081688575407471,0.0260776733940559,0.025808822430660665,0.07238295168333388,5.734669109340037,BALANCE,1,-3.6407005953202033e-06
2.458,0.02486910880898734,-0.005560913825124839,0.023009711818284616,0.024829133716329048,-0.48984435716580876,2.1275929593063108,BALANCE,1,-3.6368434132642983e-06
2.46,0.024860602051251568,-0.004602192626328893,0.0260776733940559,0.025266122603533447,0.21849444360219974,-2.429006834346727,BALANCE,1,-3.6353929804176985e-06
2.462,0.024851445736290872,-0.0045843149693332716,0.023009711818284616,0.024476378828696358,-0.3948718874185447,3.263922905029605,BALANCE,1,-3.6327315899200244e-06
2.464,0.02484462120663824,-0.0037730621602162975,0.021475731030398976,0.023426152099292274,-0.5251133647020418,-1.690392369626576,BALANCE,1,-3.6314587392071464e-06
2.466,0.024840961451505248,-0.002508111634078036,0.0260776733940559,0.024354184552459544,0.4640162265836349,-2.795337791658798,BALANCE,1,-3.631236062893872e-06
2.468,0.02483491256334428,-0.0028609822041300056,0.02454369260617026,0.024420512371258297,0.03316390939937623,5.173380885816652,BALANCE,1,-3.6292655069034235e-06
2.47,0.02482844875484687,-0.0031171917782985706,0.02761165418194154,0.025537412004997432,0.5584498168695675,1.7305420174705075,BALANCE,1,-3.627212832339891e-06
2.472,0.02481877602645344,-0.004496270390369719,0.0260776733940559,0.025726503491167896,0.09454574308523193,5.999843255256386,BALANCE,1,-3.623266570083509e-06
2.474,0.02480825152237482,-0.005115785766574728,0.02454369260617026,0.025312519681418726,-0.2069919048745851,2.2999561541519293,BALANCE,1,-3.619557448174271e-06
2.476,0.02479887389804157,-0.004792060342405772,0.023009711818284616,0.02450653692932179,-0.4029913760484685,-0.13718405811155732,BALANCE,1,-3.6171617044422823e-06
2.478,0.024792023233952007,-0.003843668233963953,0.023009711818284616,0.02398264814045878,-0.26194439443150486,-1.753538792628441,BALANCE,1,-3.6160358612181264e-06
2.48,0.02478695871546936,-0.002978129858355916,0.0260776733940559,0.024715906979217772,0.36662941937949667,-0.6565962670245122,BALANCE,1,-3.6151878915625903e-06
2.482,0.024780020732784697,-0.0033232977675070065,0.02454369260617026,0.024655631948651145,-0.030137515283313807,4.41598977378904,BALANCE,1,-3.6129319283159987e-06
2.484,0.024773088437843344,-0.00342327683167092,0.023009711818284616,0.02407955990302286,-0.28803602281414137,1.2382377946525582,BALANCE,1,-3.610838247087241e-06
2.486,0.024767664388042173,-0.0029519261433992193,0.023009711818284616,0.023705113073364478,-0.18722341482919208,-0.8595145883317592,BALANCE,1,-3.6095773015445705e-06
2.488,0.0247632791513008,-0.0024614474912105517,0.02761165418194154,0.025072402461366453,0.6836446940009875,-0.075480534231668,BALANCE,1,-3.608582179489827e-06
2.49,0.024755075800404956,-0.0037052926004569045,0.02454369260617026,0.024887354012047787,-0.09252422465933288,6.973501699689887,BALANCE,1,-3.605373250379896e-06
2.492,0.02474699362391531,-0.003950537517205454,0.02454369260617026,0.024767072519990652,-0.06014074602856724,0.7530474434482042,BALANCE,1,-3.602818321306954e-06
2.494,0.024739221490106066,-0.0039045480359167395,0.021475731030398976,0.023615102998633567,-0.5759847606785425,1.004898382970901,BALANCE,1,-3.6005932507915732e-06
2.496,0.024734666127468614,-0.002836962094206562,0.023009711818284616,0.023403216085511436,-0.1059434565610657,-3.1909719055103265,BALANCE,1,-3.600034544518235e-06
2.498,0.024730860783690228,-0.0022398037825886743,0.0260776733940559,0.024339276143502,0.46803002899528134,0.5566453126421606,BALANCE,1,-3.599250090241351e-06
2.5,0.024724400851245852,-0.0029331221444300077,0.02761165418194154,0.02548460845695584,0.5726661567269208,5.204596800572371,BALANCE,1,-3.5969872780777837e-06
2.5020000000000002,0.024714502147029676,-0.0045796759632578884,0.02454369260617026,0.02515528790918089,-0.1646602738874757,6.110405761232717,BALANCE,1,-3.5927875835830887e-06
2.504,0.02470507952915641,-0.004680675875446389,0.023009711818284616,0.024404336277367194,-0.3754758159068474,0.1920350834510478,BALANCE,1,-3.589947212171117e-06
2.5060000000000002,0.024697861679359563,-0.003929865587556954,0.02454369260617026,0.02445311099244827,0.02438735754053782,-1.5395463506127478,BALANCE,1,-3.588538165543885e-06
2.508,0.024690824888773437,-0.0036433596990028266,0.023009711818284616,0.02394792128149099,-0.2525948554786394,1.6622855198711988,BALANCE,1,-3.586724208211302e-06
2.5100000000000002,0.024685269220271776,-0.0030673519492159635,0.02454369260617026,0.024156441245128737,0.10425998181887337,-0.5838835669396558,BALANCE,1,-3.58552205279366e-06
2.512,0.024679216430727575,-0.0030398092396819983,0.02454369260617026,0.02429197922149327,0.06776898818226622,2.283466329258711,BALANCE,1,-3.5837814788486464e-06
2.5140000000000002,0.02467270321350785,-0.003189497717029097,0.02761165418194154,0.025453865457650167,0.5809431180784485,1.9996706587477258,BALANCE,1,-3.5817902144295728e-06
2.516,0.024662905966313313,-0.004566480559483896,0.02454369260617026,0.0251353049596322,-0.15928024900898305,6.174776872086598,BALANCE,1,-3.5778063023665426e-06
2.5180000000000002,0.024653650417673173,-0.004613309090490066,0.023009711818284616,0.024391347360160548,-0.3719787997358264,0.23387630550606775,BALANCE,1,-3.5750740459607484e-06
2.52,0.024646587596296603,-0.003859174524363189,0.02454369260617026,0.02444466819626395,0.026660418051700427,-1.5123495562769786,BALANCE,1,-3.5737062907483434e-06
2.5220000000000002,0.024639677142441006,-0.0035790784025325722,0.0260776733940559,0.025016220015491135,0.28577590961359306,1.6799634361894404,BALANCE,1,-3.571924010295489e-06
2.524,0.02463129044620734,-0.004035060226451265,0.023009711818284616,0.024313942146468856,-0.3511389345111394,3.7871804778382128,BALANCE,1,-3.5691217026918536e-06
2.5260000000000002,0.024624743796127394,-0.003513314199161358,0.021475731030398976,0.0233205682558444,-0.49668694531222746,-1.350274947300984,BALANCE,1,-3.5676439721025746e-06
2.528,0.024621060447446906,-0.0024328373338854004,0.021475731030398976,0.022674875226938503,-0.3228465144529489,-2.5742614671471555,BALANCE,1,-3.567261720685868e-06
2.5300000000000002,0.024619229990711994,-0.001476806888029202,0.02454369260617026,0.02332896130966962,0.3270430413655576,-1.2222796020072808,BALANCE,1,-3.5671299481761747e-06
2.532,0.024615452091502836,-0.0017413187165658862,0.023009711818284616,0.02321722398768487,-0.05586866099237427,4.016082009504638,BALANCE,1,-3.5659444430594926e-06
2.5340000000000003,0.024611587867943232,-0.0018636763582051453,0.02454369260617026,0.023681488004154757,0.23213200823494345,0.946084151322098,BALANCE,1,-3.5647778454250993e-06
2.536,0.024606120002768548,-0.0024527560424708046,0.02454369260617026,0.023983259614860183,0.15088580535271323,3.277945346128833,BALANCE,1,-3.5629227660060703e-06
2.5380000000000003,0.024599479273457316,-0.003061890942132574,0.02761165418194154,0.02525319771333866,0.6349690492392386,2.646082019713317,BALANCE,1,-3.5606413335795376e-06
2.54,0.02458912090226669,-0.004826289160096675,0.023009711818284616,0.024467977650069746,-0.392610031634457,6.5949442567142285,BALANCE,1,-3.556158062775645e-06
2.5420000000000003,0.024580473518093383,-0.00445584389168685,0.02454369260617026,0.024494477884704928,0.013250117317590779,-1.6728015940714713,BALANCE,1,-3.5540224318209815e-06
2.544,0.024572058939147132,-0.004273989715572202,0.0260776733940559,0.02504859631297777,0.27705921413642176,1.575669611623022,BALANCE,1,-3.551757579226239e-06
2.5460000000000003,0.02456233419080552,-0.0047334739845447445,0.023009711818284616,0.024334986739835168,-0.35680478657130166,3.7193894918700403,BALANCE,1,-3.5485039452058974e-06
2.548,0.024554595189481332,-0.004117789748123532,0.023009711818284616,0.023871140517292475,-0.2319231112713465,-1.394339088180303,BALANCE,1,-3.546848096343494e-06
2.5500000000000003,0.02454843898110395,-0.0034132628533336245,0.023009711818284616,0.023569640472639725,-0.15075002232637497,-0.4231164591332235,BALANCE,1,-3.5456349600210566e-06
2.552,0.02454330149730089,-0.002857494298115268,0.0260776733940559,0.02444745199513539,0.438905761247832,0.20817824974738386,BALANCE,1,-3.5445223555646067e-06
2.5540000000000003,0.024535796075160772,-0.003505295723129,0.02454369260617026,0.024481136208997594,0.016842106931102413,4.97809320969078,BALANCE,1,-3.541914748783355e-06
2.556,0.024527991748067808,-0.003792498573101479,0.023009711818284616,0.023966137672248054,-0.2574992683747699,1.6036050279886749,BALANCE,1,-3.5394375997557157e-06
2.5580000000000003,0.024521547015718775,-0.0034032337840457167,0.023009711818284616,0.023631388623360852,-0.16737452444360104,-0.6220258866632757,BALANCE,1,-3.5378759342027913e-06
2.56,0.024516113068577525,-0.002948352468366469,0.0260776733940559,0.024487588293104122,0.42809983487163483,0.07888712185284286,BALANCE,1,-3.5366158436325474e-06
2.562,0.02450836226707375,-0.0036255969730145895,0.0260776733940559,0.025044118078437247,0.27826489266656246,4.894053976559326,BALANCE,1,-3.533904613084991e-06
2.564,0.02449889665779565,-0.00449162602593652,0.023009711818284616,0.024332075887383828,-0.3560210955267096,3.7287662260387346,BALANCE,1,-3.5304246275491e-06
2.566,0.02449122976513502,-0.004023704209408837,0.023009711818284616,0.023869248463199103,-0.23141371209236225,-1.388244210970647,BALANCE,1,-3.528639069284675e-06
2.568,0.024485071890015066,-0.00338382789643405,0.0260776733940559,0.024642197188998984,0.38647436289994047,-0.4191547889469518,BALANCE,1,-3.527369678050134e-06
2.57,0.02447696962720699,-0.0038745477601105542,0.023009711818284616,0.024070827309248956,-0.2856849398750142,4.570326734539463,BALANCE,1,-3.5246549870516967e-06
2.572,0.02447032463124912,-0.0034952194874261627,0.023009711818284616,0.023699436887411437,-0.18569521091875948,-0.8412298804451763,BALANCE,1,-3.5230389229273214e-06
2.574,0.024464803431839217,-0.003007054619179335,0.023009711818284616,0.02345803311321705,-0.12070188709719341,-0.06359547410538968,BALANCE,1,-3.5217873779733876e-06
2.576,0.024459986217259644,-0.0026167778034334936,0.02454369260617026,0.023838013935750673,0.18999041126681152,0.44186689001547574,BALANCE,1,-3.5206344142047587e-06
2.578,0.02445406765784066,-0.0028492056346160577,0.0260776733940559,0.024621894746157506,0.3919404052034163,2.9502041262795324,BALANCE,1,-3.5187950684395415e-06
2.58,0.02444582031473526,-0.003806152976930081,0.0260776733940559,0.025131417272921945,0.2547612633822197,4.61283692639678,BALANCE,1,-3.515742173924823e-06
2.582,0.024435923033987863,-0.0047155436596746725,0.0260776733940559,0.02546260691531883,0.16559482119844238,3.5459751434330746,BALANCE,1,-3.5120682133542665e-06
2.584,0.024424997336194555,-0.005329450549858574,0.0260776733940559,0.025677880182876808,0.10763663377898885,2.852514984506669,BALANCE,1,-3.508268565342215e-06
2.586,0.024413550207265104,-0.00565809448088947,0.0260776733940559,0.02581780780678949,0.06996381195634171,2.4017658812045193,BALANCE,1,-3.5045930861695845e-06
2.588,0.02440194689700988,-0.0057783279426653214,0.023009711818284616,0.024834974210812787,-0.4914167979883522,2.108778964058103,BALANCE,1,-3.5011127900702176e-06
2.59,0.024393342184225876,-0.004691139097574728,0.0260776733940559,0.025269918924947878,0.21747235706754547,-2.44123593125805,BALANCE,1,-3.499855794366868e-06
2.592,0.024384161217999106,-0.004615370778186698,0.023009711818284616,0.024478846437615737,-0.3955362436660701,3.2559739920372364,BALANCE,1,-3.4972953747915903e-06
2.594,0.02437733760648841,-0.0037821309190032514,0.02454369260617026,0.02450154259660982,0.011348079497042196,-1.6955591630716165,BALANCE,1,-3.4960834836945786e-06
2.596,0.02437075024925885,-0.003447072002161689,0.02454369260617026,0.024516295099955975,0.007376251673076387,1.560877191772927,BALANCE,1,-3.4944519211781557e-06
2.598,0.024364188930049442,-0.00333290936993077,0.02454369260617026,0.024525884227130975,0.0047945635875002585,1.5299877193819698,BALANCE,1,-3.492652529932013e-06
2.6,0.024357579083528827,-0.0033138263727935454,0.023009711818284616,0.02399522388403475,-0.2653301715481119,1.5099095623278607,BALANCE,1,-3.490770699470476e-06
2.602,0.02435236680479317,-0.002847489945418026,0.02454369260617026,0.02418718793678218,0.09598202637371364,-0.68292793934281,BALANCE,1,-3.489582931350198e-06
2.604,0.02434661695549928,-0.002866096474120719,0.0260776733940559,0.02484885784682798,0.3308349550229014,2.2190874871966395,BALANCE,1,-3.4879236049175677e-06
2.606,0.024338915857925743,-0.0035850743672410997,0.02454369260617026,0.02474205001259778,-0.053403917115101354,4.13761111099289,BALANCE,1,-3.48522222630049e-06
2.608,0.024331273227854965,-0.003754663666610253,0.0260776733940559,0.025209518196108123,0.23373409175517224,1.057291663835056,BALANCE,1,-3.4829002648872186e-06
2.61,0.02432232516408698,-0.004301276890971253,0.021475731030398976,0.023902692688109923,-0.6534127539991,3.382443825807865,BALANCE,1,-3.479868310225337e-06
2.612,0.024316871560543105,-0.003247687648151627,0.021475731030398976,0.023053256107911094,-0.42471829009941425,-3.793140470706205,BALANCE,1,-3.4791555244342955e-06
2.614,0.02431399747140798,-0.002086104774696224,0.023009711818284616,0.02303801560654183,-0.0076202506846326235,-2.014550954320648,BALANCE,1,-3.4789937909747212e-06
2.616,0.024311192678394263,-0.0016574657401183482,0.023009711818284616,0.023028109280651805,-0.004953162945011899,1.3213189309154487,BALANCE,1,-3.478362277873861e-06
2.618,0.02430816413849444,-0.001567557391711604,0.02454369260617026,0.023558563444583264,0.26522708196572914,1.342061253279013,BALANCE,1,-3.477526603961509e-06
2.62,0.0243033384046155,-0.002129174061262315,0.02454369260617026,0.023903358651138712,0.17239760327772413,3.535330462400829,BALANCE,1,-3.4759245101125273e-06
2.622,0.024297169777689444,-0.002791132821284019,0.019941750242513337,0.022516795708119833,-0.6932814715094395,2.813382345290116,BALANCE,1,-3.4738126527468872e-06
2.624,0.024294480870768114,-0.0018741655458747175,0.02454369260617026,0.023226209622437485,0.35470695715882594,-4.195244029588326,BALANCE,1,-3.473499985010076e-06
2.626,0.024289780398748444,-0.00218690318394355,0.02454369260617026,0.023687328666743956,0.23055952215323555,4.231228234616856,BALANCE,1,-3.472020465608378e-06
2.628,0.024283503498121643,-0.002848578160046964,0.02454369260617026,0.023987056045543163,0.14986368939960346,3.265715897230522,BALANCE,1,-3.469870663842009e-06
2.63,0.024276109333164445,-0.003459471814978286,0.02454369260617026,0.024181878841762646,0.09741139810974173,2.6381328779294173,BALANCE,1,-3.467346412256055e-06
2.632,0.024267995510892638,-0.0038983589287130953,0.023009711818284616,0.023771620383545338,-0.205129229108654,2.230203915383693,BALANCE,1,-3.4646838184809686e-06
2.634,0.024260936047163124,-0.003641444414595253,0.02454369260617026,0.024041845661464063,0.13511263895936257,-0.21473660985651177,BALANCE,1,-3.4628741644031278e-06
2.636,0.024253252965532116,-0.0037852485737962104,0.023009711818284616,0.023680598816351258,-0.1806234225564026,2.523411851362744,BALANCE,1,-3.460566522028572e-06
2.638,0.02424656754117783,-0.003480687123979007,0.0260776733940559,0.024519574918547886,0.41948805109831394,-0.024151451470145302,BALANCE,1,-3.4588942665768872e-06
2.64,0.024237688502797613,-0.004211398423692233,0.023009711818284616,0.023991122833455742,-0.2642260425460719,4.827078903899385,BALANCE,1,-3.455761088925739e-06
2.642,0.02423012944333595,-0.0039052935708766066,0.02454369260617026,0.024184522253905823,0.09669971022504067,-0.6743409703612306,BALANCE,1,-3.453869859202619e-06
2.644,0.024222220457530103,-0.003941049161202663,0.02454369260617026,0.024310231877198378,0.0628548116462773,2.2246690170346746,BALANCE,1,-3.4515845865657773e-06
2.646,0.024214038049554472,-0.0040509235371495025,0.023009711818284616,0.02385504985657856,-0.2275910103099084,1.9614524058021212,BALANCE,1,-3.4491583789141962e-06
2.648,0.02420716037585583,-0.003627206254900897,0.02454369260617026,0.024096074818935657,0.1205124811785481,-0.38942509108455337,BALANCE,1,-3.4475454087300136e-06
2.65,0.024199781811034802,-0.0036714092345196164,0.0260776733940559,0.024789634320227745,0.34677975064604377,2.409864338564524,BALANCE,1,-3.4454088763697507e-06
2.652,0.02419052747620523,-0.004410171705525145,0.021475731030398976,0.023629768168787677,-0.5799330757200339,4.2616160643820145,BALANCE,1,-3.442136424955027e-06
2.654,0.024184333117132827,-0.0035172671389967565,0.02454369260617026,0.02394964172187158,0.15993677654195168,-3.2216785156330108,BALANCE,1,-3.4411278839053126e-06
2.656,0.024177547574969097,-0.0034312533805761457,0.0260776733940559,0.024694452807136093,0.3724055426322561,2.7164727156479085,BALANCE,1,-3.4392602643658603e-06
2.658,0.02416873997846209,-0.004170677105013343,0.021475731030398976,0.023567900185278105,-0.5632763109289941,4.460911509486214,BALANCE,1,-3.436154585327907e-06
2.66,0.024162868227963274,-0.0033392718422555904,0.023009711818284616,0.023372534256830384,-0.09768296422386046,-3.0921364763152663,BALANCE,1,-3.435150359743154e-06
2.662,0.024157753208140422,-0.002825271539984504,0.023009711818284616,0.023245546403339368,-0.063493926745508,0.6208883416189394,BALANCE,1,-3.4340336935617127e-06
2.664,0.02415300442368259,-0.0025317750223781,0.02454369260617026,0.02369989757433018,0.22717558549540695,0.8867813702362981,BALANCE,1,-3.432851183487984e-06
2.666,0.024146913299756222,-0.002883353114913938,0.023009711818284616,0.023458332559714235,-0.12078250730797324,3.2393985384230666,BALANCE,1,-3.4309166096781452e-06
2.668,0.024141273801128276,-0.0028410028949557146,0.023009711818284616,0.02330131530021387,-0.07850862975018226,0.44123989511906814,BALANCE,1,-3.4293397419847033e-06
2.67,0.02413595976728372,-0.0027194091100302006,0.023009711818284616,0.023199254081538632,-0.051030609337619076,0.7700098800113743,BALANCE,1,-3.4279019724108006e-06
2.672,0.024130821911000244,-0.0026204392450336705,0.0260776733940559,0.02420670084091968,0.5037233796905232,0.9837103701913654,BALANCE,1,-3.4264988296126166e-06
2.674,0.02412280346541836,-0.003658247148383576,0.0260776733940559,0.024861541234517358,0.3274201967988395,5.482189087979366,BALANCE,1,-3.4235265974065506e-06
2.676,0.024112703896018804,-0.00478187142745806,0.043715243259526526,0.031460336943270564,3.299397854376603,4.1110540484617575,BALANCE,1,-3.4196478885524987e-06
2.678,0.024084670926168675,-0.018182211385533498,0.0260776733940559,0.029576404701045434,-0.9419661211125651,28.282803051609058,BALANCE,1,-3.3788718303567703e-06
2.68,0.0240527637725412,-0.014804992347495872,0.023009711818284616,0.027278062192079146,-1.1491712544831438,-5.7611446868377945,BALANCE,1,-3.381715429230432e-06
2.682,0.02403233313452063,-0.009495796107901362,0.02454369260617026,0.026321032837011035,-0.47851467753405597,-7.556686304340402,BALANCE,1,-3.3896954088633517e-06
2.684,0.024019645343358043,-0.006744199269206882,0.02454369260617026,0.025698963756216765,-0.31103454039713496,-2.248855450051786,BALANCE,1,-3.390873714194003e-06
2.686,0.024010683776555655,-0.005040016667638303,0.023009711818284616,0.024757725577940513,-0.47061908913812595,-0.9463384978040739,BALANCE,1,-3.3904825929862106e-06
2.688,0.024005213871380472,-0.0034700763320912554,0.02454369260617026,0.024682814037820924,-0.03745577005979418,-2.2794891784285767,BALANCE,1,-3.3903619310280832e-06
2.69,0.024000396455894635,-0.0027758634847927783,0.021475731030398976,0.023560334985223242,-0.5612395262988411,1.1813226817909022,BALANCE,1,-3.389463355797576e-06
2.692,0.023998654288682825,-0.0015618369612257548,0.023009711818284616,0.023367616876794724,-0.0963590542142588,-3.076296111277334,BALANCE,1,-3.389532917323473e-06
2.694,0.0239973325430326,-0.0010038376028549648,0.02454369260617026,0.02377924338207616,0.20581325264071823,0.631184578893613,BALANCE,1,-3.389312263003298e-06
2.696,0.023994496551029296,-0.0012647818289354606,0.0260776733940559,0.02458369388626907,0.40222525209645393,3.0732606240503157,BALANCE,1,-3.388448084258107e-06
2.698,0.023988942272956965,-0.002311617962938708,0.02454369260617026,0.024569693438234487,-0.00700022401729089,4.692823649947775,BALANCE,1,-3.386480187279048e-06
2.7,0.023982889768367755,-0.0028021270551909314,0.0260776733940559,0.025097486422771983,0.2638964922687479,1.418179814155742,BALANCE,1,-3.384503796515545e-06
2.702,0.023975096175210382,-0.0036066307512520462,0.0260776733940559,0.025440551862721355,0.17153271997468605,3.6170211235163023,BALANCE,1,-3.3817540669679075e-06
2.704,0.023966097422898555,-0.004288971424220019,0.02454369260617026,0.025126651122928473,-0.15695036989644104,2.8986948715607697,BALANCE,1,-3.3786403597675034e-06
2.706,0.023957822284383593,-0.004178758097247508,0.023009711818284616,0.024385722366303122,-0.3704643783126755,0.25199610820418017,BALANCE,1,-3.3764058778589456e-06
2.708,0.023951693963364166,-0.0034236630037483427,0.02761165418194154,0.02551479850177657,0.5645380677367241,-1.5005716845232164,BALANCE,1,-3.375290210143897e-06
2.71,0.023942667460152136,-0.004261430414819194,0.023009711818284616,0.024638018162554388,-0.4383901696110911,6.047192452000387,BALANCE,1,-3.372059071803829e-06
2.712,0.02393584012736253,-0.0036754788595149417,0.021475731030398976,0.023531217666299994,-0.5534002481271967,-2.0288402671354655,BALANCE,1,-3.370631293877512e-06
2.714,0.023932222792577673,-0.002463753006776004,0.023009711818284616,0.023348690619494614,-0.0912635234026904,-3.015328925039574,BALANCE,1,-3.370405702343532e-06
2.716,0.023929218313415247,-0.0018573149305801668,0.023009711818284616,0.023230048039071114,-0.0593212902117498,0.6708132499481536,BALANCE,1,-3.3698388997116628e-06
2.718,0.023926356953616015,-0.0015900225995940651,0.0260776733940559,0.02422671691331579,0.4983344371223379,0.9192325606502684,BALANCE,1,-3.3691312824215677e-06
2.72,0.023920451753134755,-0.00253823445085756,0.023009711818284616,0.023800765130054878,-0.21297589163045588,5.440278511777651,BALANCE,1,-3.367050838554775e-06
2.722,0.02391525579495252,-0.0025779028378653587,0.023009711818284616,0.023523896470935286,-0.1384343295597959,-0.2757612252403543,BALANCE,1,-3.3655663511027612e-06
2.724,0.023910622335982117,-0.002408346573115018,0.023009711818284616,0.02334393184250755,-0.08998231421386733,0.30395915177775,BALANCE,1,-3.364352323572636e-06
2.726,0.023906312811846388,-0.0022449815491146757,0.023009711818284616,0.023226954834029524,-0.05848850423901403,0.6807773968395144,BALANCE,1,-3.363220608532265e-06
2.728,0.023902125407800085,-0.0021477995949606165,0.023009711818284616,0.023150919778518807,-0.03801752775535808,0.9257092561296592,BALANCE,1,-3.3620879191916724e-06
2.73,0.02389791651325396,-0.002120011906051252,0.02454369260617026,0.023638390268196814,0.24373524483900336,1.0849149646682639,BALANCE,1,-3.3609165049175578e-06
2.732,0.023892123701898152,-0.002649433391786794,0.023009711818284616,0.023418352810727544,-0.11001872873463506,3.3681853748038355,BALANCE,1,-3.3590178491341427e-06
2.734,0.023886632549632258,-0.0027137372320311342,0.023009711818284616,0.02327532846337252,-0.07151217367751261,0.5249513387665721,BALANCE,1,-3.3574369561533206e-06
2.736,0.023881374025652317,-0.0026580395140276838,0.02454369260617026,0.02371925591335173,0.22196372498960518,0.8244223183822501,BALANCE,1,-3.3559905112460844e-06
2.738,0.023874766510674373,-0.003108523455860081,0.023009711818284616,0.02347091548007824,-0.12417021663674484,3.198865154717945,BALANCE,1,-3.3538562711916235e-06
2.74,0.02386864043362274,-0.0030778485485769558,0.021475731030398976,0.022772600922690497,-0.34915727869387103,0.4148931957107357,BALANCE,1,-3.352155140398664e-06
2.742,0.023864364029783175,-0.0024714620977120323,0.021475731030398976,0.022318696460388466,-0.22695223115101573,-1.4269021741895385,BALANCE,1,-3.351312707346181e-06
2.744,0.02386131343092942,-0.0018744153304095477,0.0260776733940559,0.02363433838717207,0.6578209633918021,-0.47649606158481794,BALANCE,1,-3.350732601922486e-06
2.746,0.023854519339077788,-0.002970224530582056,0.0260776733940559,0.02448950563958141,0.42758362620467016,6.680628010364741,BALANCE,1,-3.3482583535104235e-06
2.748,0.02384498909797812,-0.004405877498507053,0.0260776733940559,0.025045364353647483,0.2779293570330365,4.890039348012246,BALANCE,1,-3.3444533541860227e-06
2.75,0.0238336108000709,-0.005491789657021132,0.02454369260617026,0.024869779242030456,-0.08779255580851353,3.726156717483141,BALANCE,1,-3.3401140408743016e-06
2.7520000000000002,0.02382262136785937,-0.005494499522724182,0.023009711818284616,0.024218755643719413,-0.3255117991555218,0.7898463080537192,BALANCE,1,-3.337028570862761e-06
2.754,0.02381375764639075,-0.0047057701537614564,0.0260776733940559,0.024869376856337184,0.3253106063088856,-1.1509690546210096,BALANCE,1,-3.3354016873699664e-06
2.7560000000000002,0.023803639993127092,-0.004984689615104741,0.023009711818284616,0.024218494093018784,-0.3254413816592,4.094647461851316,BALANCE,1,-3.332277915024112e-06
2.758,0.023795446277061923,-0.004341738559300885,0.02454369260617026,0.0243323135726218,0.056909739801507334,-1.150421407692473,BALANCE,1,-3.3306221328018757e-06
2.7600000000000002,0.023787318356973362,-0.004140660094844706,0.02454369260617026,0.02440629623436376,0.03699133087098003,1.9152167327693665,BALANCE,1,-3.3285278770933525e-06
2.762,0.023779165417139096,-0.004094241271888852,0.023009711818284616,0.02391749168873606,-0.2444022728138491,1.7603084210296658,BALANCE,1,-3.3262862359648264e-06
2.7640000000000002,0.02377246011311464,-0.0035837507909059273,0.0260776733940559,0.024673555285598003,0.3780317984309715,-0.5201686811866293,BALANCE,1,-3.3248277572886177e-06
2.766,0.023763857371724796,-0.004121945652996941,0.0260776733940559,0.02516499662355827,0.24572066898013306,4.504667704583652,BALANCE,1,-3.321978583103278e-06
2.7680000000000002,0.02375383276450203,-0.004829891661690435,0.02454369260617026,0.024947540217472464,-0.10872820304290258,3.475665149254561,BALANCE,1,-3.3184990820625385e-06
2.77,0.02374435466669616,-0.004760739875180553,0.02454369260617026,0.02480619355351669,-0.07067333197788642,0.6270267887051272,BALANCE,1,-3.315920240618264e-06
2.7720000000000002,0.02373549584076852,-0.004514348607969427,0.023009711818284616,0.024177424946185466,-0.31438430366561265,0.9229849573879101,BALANCE,1,-3.3136884943891114e-06
2.774,0.023728603976260382,-0.003773741225501624,0.023009711818284616,0.023768725351420168,-0.204349797382649,-1.0644289325537732,BALANCE,1,-3.3124180130107195e-06
2.7760000000000002,0.023723101322607274,-0.003093590757467401,0.021475731030398976,0.02296617733906275,-0.4012740061787087,-0.20867485797598184,BALANCE,1,-3.311379482674381e-06
2.778,0.02371990205032537,-0.0021392451379703844,0.021475731030398976,0.02244452113103043,-0.2608281040161597,-1.8322214090859044,BALANCE,1,-3.3110188575120113e-06
2.7800000000000002,0.023718115920701225,-0.0013598215511031186,0.023009711818284616,0.022642337871569395,0.09890837026948172,-0.7399535642674517,BALANCE,1,-3.310811088060499e-06
2.782,0.02371556561762484,-0.0013070744423583677,0.02454369260617026,0.023307812028679698,0.33273707855515156,2.1498072344500176,BALANCE,1,-3.3101141287488367e-06
2.7840000000000003,0.02371079421914066,-0.0020272261440340807,0.023009711818284616,0.023203476955041418,-0.05216753681914002,4.0603653501619945,BALANCE,1,-3.3085261820332503e-06
2.786,0.02370585543880228,-0.002319364208452391,0.02454369260617026,0.023672552432936513,0.23453773894754718,0.9748683227493649,BALANCE,1,-3.3070124794117265e-06
2.7880000000000003,0.02369934501218125,-0.0029747681918407113,0.021475731030398976,0.022903664942048374,-0.38444374544406923,3.296655057556568,BALANCE,1,-3.3048259531143445e-06
2.79,0.023694659302997644,-0.0025639534459713695,0.02454369260617026,0.023477674624491032,0.28700484122132913,-1.7013300670296514,BALANCE,1,-3.3037616529237375e-06
2.7920000000000003,0.02368834929641277,-0.0029718513849851767,0.0260776733940559,0.024387674193838735,0.45499978467385127,3.704699207240095,BALANCE,1,-3.301761121538869e-06
2.794,0.023679351092793365,-0.004159590036188802,0.023009711818284616,0.023905387362394795,-0.24114341572196996,5.103258729021134,BALANCE,1,-3.298349102899088e-06
2.7960000000000003,0.023671385254590747,-0.00403241712372923,0.021475731030398976,0.02305500764619626,-0.4251898580992681,-0.4948240840320719,BALANCE,1,-3.2962403054225588e-06
2.798,0.02366588765064012,-0.0031763006691313987,0.02454369260617026,0.02357604738218716,0.2605198679954505,-2.0182184060223696,BALANCE,1,-3.295366960042984e-06
2.8000000000000003,0.023659170077722898,-0.0033031163860833316,0.02454369260617026,0.023914723210581246,0.16933791419704303,3.4987217868948335,BALANCE,1,-3.293408272050332e-06
2.802,0.023651461637618523,-0.0037016814027104467,0.0260776733940559,0.024671755774797376,0.3785162821080649,2.789586706211219,BALANCE,1,-3.2909641008240433e-06
2.8040000000000003,0.02364160553177162,-0.004678400464235127,0.02454369260617026,0.024626933665777884,-0.022411054509745634,4.508435603352362,BALANCE,1,-3.287347676810884e-06
2.806,0.023631724883539405,-0.00488315191288741,0.023009711818284616,0.02406090601915524,-0.28301382331132224,1.298327583868708,BALANCE,1,-3.284389808523039e-06
2.8080000000000003,0.023623554749325194,-0.004305664624268836,0.023009711818284616,0.023692988048850522,-0.18395898515235867,-0.8204562253412635,BALANCE,1,-3.2826835600823346e-06
2.81,0.02361673816902124,-0.0036855590251641903,0.02454369260617026,0.02399073464391243,0.14887329753095374,-0.050092598287837964,BALANCE,1,-3.2813169190549893e-06
2.8120000000000003,0.023609339975264453,-0.0036953814827875337,0.018407769454627694,0.022036696827662773,-0.9770189081248284,2.6304304588823757,BALANCE,1,-3.2792528810708714e-06
2.814,0.023607314005833272,-0.0019280939421646383,0.019941750242513337,0.02130346552286047,-0.3666156524011511,-6.493949455338861,BALANCE,1,-3.279749966695081e-06
2.816,0.02360750431032067,-0.0006322645062259628,0.02454369260617026,0.022437545002018895,0.5670397395792122,-1.6547172878375807,BALANCE,1,-3.280156745991927e-06
2.818,0.02360436858826924,-0.0012313138494273988,0.02454369260617026,0.023174696663471873,0.3685758307264888,5.8825706167548315,BALANCE,1,-3.2791663639474364e-06
2.82,0.023598669846542783,-0.002360407416926209,0.023009711818284616,0.023116951967656334,-0.028872347907769533,4.339088445620223,BALANCE,1,-3.2771506142854907e-06
2.822,0.023592631424468845,-0.002811828163096849,0.02454369260617026,0.02361631119113621,0.24967961173993738,1.1560383347972238,BALANCE,1,-3.275224438361451e-06
2.824,0.023584996587745315,-0.0035449309453897005,0.02454369260617026,0.023940894686398127,0.16229174763095905,3.4144155653876718,BALANCE,1,-3.2726074526096805e-06
2.826,0.02357627422416305,-0.004161218395434504,0.0260776733940559,0.024688767234078347,0.37393627384011036,2.73478766223156,BALANCE,1,-3.2696798436011495e-06
2.828,0.023565441184345125,-0.0052003416945055935,0.021475731030398976,0.02356420456279057,-0.5622813356438889,4.472816224765584,BALANCE,1,-3.265636578273078e-06
2.83,0.023557570982650048,-0.0042933597223904964,0.02454369260617026,0.02390702537797346,0.17141040759144527,-3.0843984113836775,BALANCE,1,-3.2643723191961403e-06
2.832,0.02354924675254415,-0.0041976599542978745,0.02454369260617026,0.02412985890784234,0.11141676493444004,2.8057047834099698,BALANCE,1,-3.2621511433635874e-06
2.834,0.023540483656171327,-0.004335201150662055,0.021475731030398976,0.023200914150737162,-0.46447237855258905,2.3391256539460605,BALANCE,1,-3.2595973128792724e-06
2.836,0.023534363882803028,-0.0034701289234496677,0.02454369260617026,0.023670886610138747,0.23498622970079264,-2.323724179376483,BALANCE,1,-3.2586220189412963e-06
2.838,0.023527233199516738,-0.0035372508224822945,0.02454369260617026,0.023976368708749776,0.15274104930551416,3.300143034214666,BALANCE,1,-3.256596798906117e-06
2.84,0.023519261487666986,-0.003864163024091165,0.023009711818284616,0.02363803879708697,-0.16916495583140304,2.6605105169691,BALANCE,1,-3.2541314185752613e-06
2.842,0.02351217787772587,-0.003639268726440104,0.02454369260617026,0.02395501763026612,0.15848941658957483,0.06496268117399384,BALANCE,1,-3.2523506622026106e-06
2.844,0.023504330941677896,-0.003844908755671155,0.021475731030398976,0.02308726732031262,-0.4338751549767504,2.7052163905325655,BALANCE,1,-3.2500151426775657e-06
2.846,0.023498853856267377,-0.00310886354805463,0.02454369260617026,0.023597016170362792,0.2548744250250867,-2.085765200595246,BALANCE,1,-3.249045938645176e-06
2.848,0.023492133560019827,-0.0032836148593968773,0.02454369260617026,0.023928352922895406,0.16566837626630707,3.4548163704224613,BALANCE,1,-3.247068193270395e-06
2.85,0.02348442251951514,-0.0036974342964914094,0.02454369260617026,0.024143721812041604,0.10768444457309907,2.7610481855041806,BALANCE,1,-3.2446281070249615e-06
2.852,0.023476032454344525,-0.004066016194080728,0.0260776733940559,0.02482060486574661,0.33844152685250267,2.310098865307289,BALANCE,1,-3.2420040054133445e-06
2.854,0.02346577930450337,-0.0049202200024368,0.021475731030398976,0.02364989902337494,-0.585352921185835,4.196768506764818,BALANCE,1,-3.238352543727064e-06
2.856,0.023458640391287172,-0.0039745166922860115,0.023009711818284616,0.023425833501593326,-0.11203276089080672,-3.263829428084184,BALANCE,1,-3.2372782339892574e-06
2.858,0.023452521950034652,-0.00335541142341035,0.02454369260617026,0.023817084188195253,0.19562534330096365,0.5092879229691458,BALANCE,1,-3.236073023419667e-06
2.86,0.023445496256256443,-0.003465951820459113,0.02454369260617026,0.024071397134486507,0.12715647314562664,2.9940277976994243,BALANCE,1,-3.2340533859158043e-06
2.862,0.02343773547835781,-0.0037654864626687347,0.021475731030398976,0.02316291399805587,-0.45424156821531786,2.4615356132342034,BALANCE,1,-3.231680911828056e-06
2.864,0.023432406730366555,-0.0030358072011481027,0.023009711818284616,0.02310929323513593,-0.02681038145996989,-2.2441577058391906,BALANCE,1,-3.230740325255634e-06
2.866,0.023427352661031953,-0.0027020455406867087,0.019941750242513337,0.022000653187718024,-0.5543200237089537,1.1720745424283967,BALANCE,1,-3.2295507315518573e-06
2.868,0.0234252834510155,-0.0016452292997344656,0.023009711818284616,0.02235382370841633,0.17658526034915362,-3.1145209984085485,BALANCE,1,-3.229470203682573e-06
2.87,0.02342217261762172,-0.0015887836666351979,0.0260776733940559,0.02365717109839018,0.6516736949869241,2.753911505298209,BALANCE,1,-3.228631959648793e-06
2.872,0.02341516527033562,-0.0029965779433732396,0.02454369260617026,0.023967453626113206,0.1551412638615135,6.632819825798803,BALANCE,1,-3.226011759139021e-06
2.874,0.023406813720686606,-0.003882930753068127,0.019941750242513337,0.022558457441853252,-0.7044980921299768,2.6791773284589,BALANCE,1,-3.2230599126653265e-06
2.876,0.023402099739120816,-0.0028802558106206153,0.023009711818284616,0.02271639647360423,0.07896951587548807,-4.28247729052862,BALANCE,1,-3.222484584216063e-06
2.878,0.023397144582671617,-0.0026167579914643004,0.021475731030398976,0.02228216356848239,-0.21711645256091913,1.9947399154201584,BALANCE,1,-3.221274261089564e-06
2.88,0.023393305588911294,-0.002171709839991174,0.02454369260617026,0.023073698731673146,0.3957675815953777,-0.40000180637840965,BALANCE,1,-3.220444382879409e-06
2.882,0.023387187718077924,-0.002784516595854637,0.021475731030398976,0.022514410036227187,-0.27964434772297964,4.550562576663411,BALANCE,1,-3.2184360118805355e-06
2.884,0.023382320245291594,-0.002555479048786789,0.02761165418194154,0.024298445487227212,0.8920177255000127,-0.8862901796102058,BALANCE,1,-3.2172266498593885e-06
2.886,0.023372492302560145,-0.004499236955450171,0.021475731030398976,0.02331049542733733,-0.4939750299449413,8.594048533233734,BALANCE,1,-3.213059574158477e-06
2.888,0.023364855201272662,-0.004015837471274233,0.021475731030398976,0.022668327888408904,-0.32108376946421263,-2.553170513919291,BALANCE,1,-3.211397888622976e-06
2.89,0.023359250455760684,-0.0032048980706528233,0.021475731030398976,0.02225091898810543,-0.20870445015173758,-1.2085704824091668,BALANCE,1,-3.210481217537737e-06
2.892,0.023354999609172138,-0.002507569286803382,0.02454369260617026,0.023053389754428118,0.40123538316134444,-0.33458046192757496,BALANCE,1,-3.209737413953559e-06
2.894,0.02334858107937504,-0.0029946979165087627,0.02454369260617026,0.023574995752537867,0.2608029990548745,4.593086450556442,BALANCE,1,-3.2076872380188243e-06
2.896,0.02334053042568037,-0.0037578339797113757,0.021475731030398976,0.022840253099789255,-0.3673713263743061,3.500923737591268,BALANCE,1,-3.204925357766227e-06
2.898,0.023334309654974836,-0.0033188446611831118,0.02454369260617026,0.023436456927022606,0.29810191361667565,-1.5685554250070934,BALANCE,1,-3.203547861531769e-06
2.9,0.02332658400207033,-0.0037124468535260635,0.023009711818284616,0.02328709613896431,-0.07468039402914843,3.7910027245547617,BALANCE,1,-3.2011310308056595e-06
2.902,0.023319201993631685,-0.003697505169619805,0.023009711818284616,0.023190011626726417,-0.04854225611894587,0.7997826161046712,BALANCE,1,-3.199116241575343e-06
2.904,0.02331214854549095,-0.0035784304068008847,0.023009711818284616,0.023126906693771786,-0.03155246647731577,1.0030626486520182,BALANCE,1,-3.197272855946073e-06
2.906,0.023305341357156832,-0.003457523883009797,0.019941750242513337,0.02201210193583133,-0.5574023789702287,1.135194669807781,BALANCE,1,-3.195495937514012e-06
2.908,0.02330163470708838,-0.0024219524603395493,0.023009711818284616,0.02236126539468998,0.174581729429326,-3.13849291561195,BALANCE,1,-3.195128641746602e-06
2.91,0.023297078814649413,-0.0023286426627169682,0.019941750242513337,0.021514435091428155,-0.4234151516309126,2.7383297591160067,BALANCE,1,-3.1939264473847473e-06
2.912,0.023294680801524886,-0.0016198348227295612,0.023009711818284616,0.022037781945827915,0.26167342719988007,-2.0964551075616114,BALANCE,1,-3.1935674071707274e-06
2.914,0.023290702342494363,-0.001857825102589359,0.023009711818284616,0.02237795740118776,0.17008772767992258,3.415654334348716,BALANCE,1,-3.1923883235310615e-06
2.916,0.023285467660215647,-0.0023671016037403914,0.02454369260617026,0.023135964722931633,0.3790036608719363,2.7033792655106463,BALANCE,1,-3.1907238690760393e-06
2.918,0.02327785669018016,-0.0034283123220696784,0.023009711818284616,0.023091776206305176,-0.022094258313228726,4.420187170351388,BALANCE,1,-3.1879820892381026e-06
2.92,0.023270061443485538,-0.003768256935565807,0.0260776733940559,0.02413684022201793,0.5225320078563779,1.2087525058724806,BALANCE,1,-3.1855855791420084e-06
2.922,0.023259394566225063,-0.005066064040542936,0.023009711818284616,0.02374234528071127,-0.1972474706533299,5.628466476172099,BALANCE,1,-3.1814415202067925e-06
2.924,0.023249606914003115,-0.00493321511420954,0.023009711818284616,0.023485923568861942,-0.1282108559246646,-0.15343904838396294,BALANCE,1,-3.1789040677937565e-06
2.926,0.02324085407050086,-0.004521302745795742,0.0260776733940559,0.02439303600767983,0.4535562194089432,0.3834685667343998,BALANCE,1,-3.1769245365872e-06
2.928,0.02322999209688708,-0.0052691986125645626,0.02454369260617026,0.02444576581715148,0.026364904735825395,5.092031915732335,BALANCE,1,-3.173172713789962e-06
2.93,0.02321901995605949,-0.005446247557069851,0.023009711818284616,0.023943146917548078,-0.251309449801701,1.677665186915692,BALANCE,1,-3.1699708488164943e-06
2.932,0.02320970078797702,-0.004852114144822681,0.02454369260617026,0.02415333790856584,0.10509549550888168,-0.5738867833607233,BALANCE,1,-3.1680769911723728e-06
2.934,0.02320029400330988,-0.004739109829896094,0.021475731030398976,0.02321617550120744,-0.46858120367920114,2.289964238585004,BALANCE,1,-3.1656231882958085e-06
2.936,0.02319371429264444,-0.0037407621588731173,0.023009711818284616,0.02314391321218445,-0.036131144511494795,-2.3556790993611627,BALANCE,1,-3.164729619180469e-06
2.938,0.02318771272535918,-0.003242259488853952,0.023009711818284616,0.023096942724319506,-0.023485243932471617,1.0995856366391086,BALANCE,1,-3.163462644217703e-06
2.94,0.02318194960662533,-0.00300090827710916,0.023009711818284616,0.023066411907207294,-0.01526540855610603,1.1979346119993974,BALANCE,1,-3.162050571493097e-06
2.942,0.02317625725107913,-0.002897552013623468,0.02454369260617026,0.023583460151844333,0.25852412231851946,1.2618614459835893,BALANCE,1,-3.1605624979298424e-06
2.944,0.023169080736105477,-0.003389257610110727,0.023009711818284616,0.023382648235098433,-0.10040595837295004,3.483200587658816,BALANCE,1,-3.1582752668842352e-06
2.946,0.023162293219066172,-0.0033925945448739082,0.0260776733940559,0.024325907040733546,0.47162940281755655,0.5997112271223056,BALANCE,1,-3.1564220187129586e-06
2.948,0.023152921892042436,-0.004405385024637382,0.021475731030398976,0.023328345437116448,-0.4987808018085491,5.232589644984465,BALANCE,1,-3.1530250934678968e-06
2.95,0.02314608037390846,-0.0037242310351192974,0.023009711818284616,0.023216823670525306,-0.05576088329557055,-2.5905456882414057,BALANCE,1,-3.151751506173303e-06
2.952,0.023139813605501835,-0.003323050455647118,0.019941750242513337,0.022070547970721117,-0.5731378499020945,0.946922353866954,BALANCE,1,-3.1503459193480644e-06
2.954,0.02313678073467075,-0.002161962813075735,0.021475731030398976,0.02186236204160837,-0.10409296455637408,-3.260869920973489,BALANCE,1,-3.1501992027881576e-06
2.956,0.023134392933951056,-0.0015562781493053393,0.021475731030398976,0.021727041187685082,-0.06766042696164376,0.4789980060455096,BALANCE,1,-3.1497891602226663e-06
2.958,0.02313217806341081,-0.0012775105743838377,0.023009711818284616,0.02217597590839492,0.22446736035491854,0.7623390555679548,BALANCE,1,-3.1492703126135373e-06
2.96,0.023128406772233084,-0.0016691143147036804,0.02454369260617026,0.023004676752616287,0.414350422110684,3.1262974373430437,BALANCE,1,-3.148120436385524e-06
2.962,0.023121962049869337,-0.002775571402039171,0.02454369260617026,0.023543332301360177,0.2693277743719448,4.6950839820424495,BALANCE,1,-3.145841577010827e-06
2.964,0.023113626471809413,-0.003827983989845175,0.02454369260617026,0.023893458408043706,0.17506305334176464,3.567222133057169,BALANCE,1,-3.1428320149790363e-06
2.966,0.023104078222690446,-0.004567440551368491,0.02454369260617026,0.024121040377388,0.11379098467214667,2.8341119312167393,BALANCE,1,-3.1395725730095523e-06
2.968,0.023093857324247645,-0.004999509627886143,0.02454369260617026,0.02426896865746179,0.07396414003689455,2.3575903000204534,BALANCE,1,-3.1363526271791927e-06
2.97,0.023083353993211254,-0.005201565123984738,0.021475731030398976,0.023291335487989805,-0.4888165847359918,2.0478512397428634,BALANCE,1,-3.1332782257065477e-06
2.972,0.023075749283808965,-0.004206512924109163,0.02454369260617026,0.023729660479352963,0.21916249568157928,-2.513052548608546,BALANCE,1,-3.1322108298244147e-06
2.974,0.023067444808715754,-0.004167081284136557,0.019941750242513337,0.022403891896459093,-0.6628842914469351,3.177079594213812,BALANCE,1,-3.1299907637970857e-06
2.976,0.023062906544284133,-0.0029139455173820585,0.02454369260617026,0.023152822144858,0.3744651241994537,-3.9588408177879346,BALANCE,1,-3.1297051341364465e-06
2.978,0.023056595936901285,-0.0030795425599993344,0.02761165418194154,0.02471341335783724,0.7802956064896193,4.384890322287109,BALANCE,1,-3.1278863452311634e-06
2.98,0.02304591931510465,-0.004992716732368196,0.021475731030398976,0.023580224543233847,-0.566594407301696,7.725169653387189,BALANCE,1,-3.123342078679175e-06
2.982,0.02303787013235035,-0.004295174155421042,0.0260776733940559,0.024454331641021565,0.43705354889385895,-3.1179417858195366,BALANCE,1,-3.121849998877266e-06
2.984,0.02302784101597584,-0.004865183331872821,0.023009711818284616,0.02394871470306363,-0.25280846897896697,4.963688289612166,BALANCE,1,-3.1185739581553694e-06
2.986,0.02301922076367121,-0.004456586277148883,0.023009711818284616,0.023620063693390977,-0.16432550483632713,-0.585544869647918,BALANCE,1,-3.1166440687483622e-06
2.988,0.023011820879903746,-0.0039236560028897555,0.0260776733940559,0.0244802270886237,0.43008169761636106,0.10259978291284155,BALANCE,1,-3.1151157131594677e-06
2.99,0.02300233204678939,-0.004561808268503757,0.023009711818284616,0.02396554674400502,-0.25734017230933864,4.90946720624831,BALANCE,1,-3.1119683889720856e-06
2.992,0.02299420243940488,-0.004202403886905277,0.02454369260617026,0.024167897795762856,0.10117552587891702,-0.6207885738344079,BALANCE,1,-3.1101035977738077e-06
2.994,0.022985770572794963,-0.004212615673594678,0.023009711818284616,0.02376253270364547,-0.2026825460586922,2.2594780747771077,BALANCE,1,-3.107812648130484e-06
2.996,0.022978565166446953,-0.0037857825686629268,0.02454369260617026,0.024035938669529147,0.136702982941838,-0.19570840625080943,BALANCE,1,-3.106227583277703e-06
2.998,0.02297079921610404,-0.0038558575390603795,0.021475731030398976,0.023139865995833588,-0.44803633684777944,2.5357801837064526,BALANCE,1,-3.104070286281274e-06
3.0,0.022965516540041878,-0.0030509701576259727,0.02454369260617026,0.02363120530945142,0.24566965680891673,-2.19589873503222,BALANCE,1,-3.103235059110748e-06
3.0020000000000002,0.022959038792733,-0.0031805273223777823,0.023009711818284616,0.02341368258754304,-0.10876136095419077,3.3832295730384194,BALANCE,1,-3.1013980848389886e-06
3.004,0.02295305592728842,-0.003053120479427954,0.02454369260617026,0.023809186094062566,0.19775175325976307,0.5347300676190562,BALANCE,1,-3.099866141387506e-06
3.0060000000000002,0.022945944534809175,-0.0034087050850028174,0.019941750242513337,0.022455583546020334,-0.676801274021116,3.0105651917218585,BALANCE,1,-3.0976999947093323e-06
3.008,0.022942407579224132,-0.002351846492282687,0.023009711818284616,0.022649528441312832,0.09697244764624892,-4.067075179407708,BALANCE,1,-3.09739414702338e-06
3.0100000000000002,0.02293841365227822,-0.002124835093035129,0.023009711818284616,0.022775592623252957,0.0630320909700624,2.1347512876487613,BALANCE,1,-3.0964240644499487e-06
3.012,0.0229338830922817,-0.002216317598085743,0.0260776733940559,0.023931320893033986,0.5778641348905146,1.8707922851556766,BALANCE,1,-3.095158539296687e-06
3.0140000000000002,0.022925940283548434,-0.0035403031986376114,0.023009711818284616,0.023608757716871705,-0.1612815880811403,6.058792332706156,BALANCE,1,-3.0922017379755673e-06
3.016,0.02291847242832297,-0.00367838604072275,0.02454369260617026,0.023935984928126198,0.16361360562724622,0.12627275836317997,BALANCE,1,-3.090080463898171e-06
3.0180000000000002,0.02291010780206186,-0.0040513458710830985,0.021475731030398976,0.02307489606392167,-0.4305444321022634,2.7450679407055416,BALANCE,1,-3.087516821165014e-06
3.02,0.022904073402144003,-0.003353077186713794,0.023009711818284616,0.0230520815779487,-0.011407242986484836,-2.059861692982807,BALANCE,1,-3.086441209676718e-06
3.0220000000000002,0.022898295026331793,-0.003042613371114301,0.021475731030398976,0.022500358886306297,-0.27586134582120203,1.2918669507850433,BALANCE,1,-3.085095338257409e-06
3.024,0.02289404069960794,-0.002452257837179269,0.023009711818284616,0.02267863241249871,0.08913676309620609,-0.8568692333912384,BALANCE,1,-3.0842947730175584e-06
3.0260000000000002,0.022889272682525216,-0.0024078562307076694,0.021475731030398976,0.022257616928763803,-0.21050774186745327,2.0738120495195713,BALANCE,1,-3.0830330155462502e-06
3.028,0.022885482997083498,-0.002081006808544025,0.023009711818284616,0.022520850140096086,0.13161660566614156,-0.3486049192137981,BALANCE,1,-3.0821685483805848e-06
3.0300000000000002,0.02288080938224482,-0.0022483782323265413,0.02454369260617026,0.023228845003222046,0.3539974315629798,2.4041838537348976,BALANCE,1,-3.080832385729251e-06
3.032,0.02287394556304368,-0.003092854969466755,0.023009711818284616,0.023152148388493946,-0.03834830736404969,4.225710152697161,BALANCE,1,-3.078502909711982e-06
3.0340000000000003,0.022866988700030597,-0.003363657807370961,0.023009711818284616,0.02310229558892068,-0.024926399786632386,1.0823424443972391,BALANCE,1,-3.0764435683577642e-06
3.036,0.022860082302927087,-0.003426305398899716,0.023009711818284616,0.02306989126919806,-0.01620215986131157,1.1867265370421818,BALANCE,1,-3.0745395033845934e-06
3.0380000000000003,0.022853252972490183,-0.0034184372270056732,0.02454369260617026,0.02358572173713833,0.2579152339701358,1.254576197261391,BALANCE,1,-3.072707848973686e-06
3.04,0.022845023508598277,-0.003933198955830031,0.023009711818284616,0.02338411826553953,-0.1008017357993999,3.4784651759893865,BALANCE,1,-3.07009081689046e-06
3.0420000000000003,0.022837270668420503,-0.003892749210813601,0.023009711818284616,0.023253076009000312,-0.06552112826960915,0.5966332095371726,BALANCE,1,-3.068040134238945e-06
3.044,0.022829977970063735,-0.0037195670270171186,0.021475731030398976,0.022631005266489843,-0.31103537125523434,0.8710155343831456,BALANCE,1,-3.0662206665682072e-06
3.0460000000000003,0.022824497729974597,-0.0030686073294533154,0.02454369260617026,0.02330044583537799,0.3347202844440726,-1.1304226540524842,BALANCE,1,-3.065219473692275e-06
3.048,0.022817316004426096,-0.003439153547377757,0.023009711818284616,0.02319868892939531,-0.05087845299133961,4.07578902567526,BALANCE,1,-3.0630330681994418e-06
3.0500000000000003,0.022810305226158227,-0.0034857038990667626,0.023009711818284616,0.023132546940506565,-0.03307099444437196,0.9848937118330017,BALANCE,1,-3.0611160031302317e-06
3.052,0.022803475926419497,-0.003436606682657301,0.02454369260617026,0.023626447923488857,0.24695049149114565,1.1233848608754182,BALANCE,1,-3.0593188655323897e-06
3.0540000000000003,0.022795318946866552,-0.003909325944964041,0.021475731030398976,0.0228736970109074,-0.3763754562907291,3.3931908073384967,BALANCE,1,-3.056759359882936e-06
3.056,0.02278915082387991,-0.0033504939389764985,0.021475731030398976,0.02238440891772945,-0.24464404658897446,-1.638581829671389,BALANCE,1,-3.05553728169334e-06
3.0580000000000003,0.02278448049568062,-0.002688990322193311,0.0260776733940559,0.02367705148444371,0.6463212833571295,-0.6140878376480288,BALANCE,1,-3.054710739748163e-06
3.06,0.022776326817996403,-0.00373110097102385,0.02454369260617026,0.023980375877048002,0.15166219630214672,6.591193355923658,BALANCE,1,-3.0518107021637135e-06
3.0620000000000003,0.022767067513598617,-0.004424829136428589,0.021475731030398976,0.023103750180720844,-0.438312848163579,2.6521201230400537,BALANCE,1,-3.0487252697513477e-06
3.064,0.02276013152997233,-0.0037609649851639173,0.02454369260617026,0.02360773002962814,0.2519899244536484,-2.1202777744653813,BALANCE,1,-3.0474464271742523e-06
3.0660000000000003,0.022752098100557255,-0.003947218012072262,0.023009711818284616,0.023398423655657908,-0.10465318698511632,3.4323831974068755,BALANCE,1,-3.045141439406608e-06
3.068,0.022744667713632715,-0.0037833543072256547,0.021475731030398976,0.022725481236817283,-0.33647120942031233,0.5666799234585439,BALANCE,1,-3.0432869193437165e-06
3.0700000000000003,0.02273919251294298,-0.003088051497880834,0.0260776733940559,0.0238987484918508,0.5866336275167586,-1.3282408011534617,BALANCE,1,-3.0423308580679227e-06
3.072,0.022730652604706122,-0.003982671605353401,0.021475731030398976,0.02305069238034266,-0.42402805575406965,6.126993929645117,BALANCE,1,-3.039370740427724e-06
3.074,0.022724225709332746,-0.00345774935558039,0.023009711818284616,0.023036349183622344,-0.007171598360158557,-2.0091829032119977,BALANCE,1,-3.038067991087773e-06
3.076,0.022718004612521544,-0.003222205203757525,0.021475731030398976,0.022490132829994167,-0.2731081768140887,1.3248081641360723,BALANCE,1,-3.036571990946103e-06
3.078,0.02271330946498387,-0.002652743792013004,0.021475731030398976,0.02213509220013585,-0.17752031492915785,-0.8354574447130598,BALANCE,1,-3.0356734349367333e-06
3.08,0.02270960145750138,-0.002143840643228749,0.02454369260617026,0.022978102342247893,0.42150507105602125,-0.09205698742511181,BALANCE,1,-3.0349425230536897e-06
3.082,0.02270348135762177,-0.002777190715963897,0.021475731030398976,0.022452272383100772,-0.26291497957356064,4.750726708983043,BALANCE,1,-3.032974300532191e-06
3.084,0.022698510220923455,-0.0025862518150221716,0.023009711818284616,0.022647376185415118,0.09755190115717273,-0.7561834936024387,BALANCE,1,-3.031755183582243e-06
3.086,0.022692910652726293,-0.002729541275876465,0.019941750242513337,0.021700407105399496,-0.47348454000781076,2.1392577803822888,BALANCE,1,-3.030178005828973e-06
3.088,0.022689748069694798,-0.0020015303886409632,0.02454369260617026,0.022695557030669264,0.4975749626348839,-2.4858518937385163,BALANCE,1,-3.0297006707584423e-06
3.09,0.02268379271282964,-0.002673942225138172,0.023009711818284616,0.022805511206334637,0.05497708783268676,5.342333122919227,BALANCE,1,-3.0277749747376074e-06
3.092,0.022677228596663244,-0.0030972461085600686,0.019941750242513337,0.02180319486899718,-0.5011581686687281,1.8081473750415724,BALANCE,1,-3.0257619558970296e-06
3.094,0.022673240060227612,-0.002388295469520314,0.021475731030398976,0.02168858252548781,-0.05730617175468515,-2.701073657209994,BALANCE,1,-3.025112200041054e-06
3.096,0.022669581318224566,-0.0020330564086840693,0.021475731030398976,0.02161408450220672,-0.03724901164054578,0.8428655774917874,BALANCE,1,-3.024303344515472e-06
3.098,0.022665981202492323,-0.001885212395989391,0.021475731030398976,0.02156566078707401,-0.02421185756635441,0.998852977008037,BALANCE,1,-3.0234045446741392e-06
3.1,0.022662292450045987,-0.0018593267784469732,0.023009711818284616,0.022071078647997722,0.25270893046185594,1.1002447866936054,BALANCE,1,-3.0224308007594036e-06
3.102,0.022656966652678485,-0.002400123531666809,0.021475731030398976,0.021862706981838162,-0.1041858330797802,3.345936162574711,BALANCE,1,-3.0207645640247767e-06
3.104,0.022651912602071368,-0.0024839334535952905,0.02454369260617026,0.022801051950354395,0.4691724842581166,0.47827575427204805,BALANCE,1,-3.0193731622192537e-06
3.106,0.022644132191107297,-0.0035265552913233914,0.023009711818284616,0.022874082904129973,0.03651547688778879,5.121442991086196,BALANCE,1,-3.01663054011781e-06
3.108,0.022635875963033025,-0.003970830316024011,0.019941750242513337,0.021847766472564152,-0.5131582157829103,1.6645687893501089,BALANCE,1,-3.014074997515152e-06
3.11,0.022630404556812273,-0.0031481053773015385,0.019941750242513337,0.021180660792046366,-0.3335528402588928,-2.7943997379094334,BALANCE,1,-3.0132420738896834e-06
3.112,0.02262698630100197,-0.002226992711201204,0.019941750242513337,0.020747042099709807,-0.2168093461682799,-1.3975830745483606,BALANCE,1,-3.0128596937494312e-06
3.114,0.02262481351817196,-0.0015128349259213307,0.023009711818284616,0.02153897650121099,0.39596720075059205,-0.48965224336365076,BALANCE,1,-3.0125659060849993e-06
3.116,0.02262032492420332,-0.0019932310443819875,0.02454369260617026,0.022590627137946736,0.5258253183678726,4.460076196077396,BALANCE,1,-3.011190978916875e-06
3.118,0.02261261900158635,-0.003389944281466631,0.021475731030398976,0.022200413500305022,-0.19510681882085704,5.562040175219785,BALANCE,1,-3.008337520202544e-06
3.12,0.02260557911552198,-0.0034812666859490634,0.019941750242513337,0.02140988136007793,-0.3952660701135452,-0.22882974054855487,BALANCE,1,-3.0063970509268737e-06
3.122,0.022600725700650234,-0.0027909667818707836,0.019941750242513337,0.020896035468930322,-0.25692294557380474,-1.8775356793036857,BALANCE,1,-3.0055675803719485e-06
3.124,0.022597401065870437,-0.002073796653627584,0.023009711818284616,0.021635822191204326,0.36989336113700183,-0.8016214364546186,BALANCE,1,-3.005055327926608e-06
3.126,0.02259202897140232,-0.0024845869120791323,0.021475731030398976,0.021579790284922455,-0.02801595314093526,4.257296220568274,BALANCE,1,-3.0034268154829455e-06
3.128,0.022586577464524304,-0.0026457644093800733,0.023009711818284616,0.022080262821599212,0.2502362683383785,1.070659791967865,BALANCE,1,-3.001889064728656e-06
3.13,0.022579621093097062,-0.0032358768269371767,0.021475731030398976,0.02186867669467913,-0.1057930634600409,3.3267059160029806,BALANCE,1,-2.999669660967783e-06
3.132,0.0225730821306578,-0.0032592135709135334,0.023009711818284616,0.02226803898794105,0.19968114663095926,0.46577609400042064,BALANCE,1,-2.997915788396412e-06
3.134,0.022565464854894156,-0.0036552577824059576,0.02454369260617026,0.023064517754321272,0.3982393831901115,2.9335315123241372,BALANCE,1,-2.995600060701264e-06
3.136,0.022555640100119373,-0.004656072094329065,0.023009711818284616,0.023045335676708443,-0.009591038806414445,4.569786130780168,BALANCE,1,-2.992103732148938e-06
3.138,0.022545763121132007,-0.004876862533877979,0.023009711818284616,0.023032867326260104,-0.006234175224169303,1.305991830151191,BALANCE,1,-2.9892574338275283e-06
3.14,0.022536134881529245,-0.004828895323116588,0.021475731030398976,0.022487869622708708,-0.27249885177569805,1.332098637782252,BALANCE,1,-2.9867524365767754e-06
3.142,0.02252829672086918,-0.00417826940677732,0.02454369260617026,0.02320740766692025,0.35976902210577144,-0.8307186368430619,BALANCE,1,-2.9852986444164846e-06
3.144,0.022518893587405706,-0.00458134059961942,0.021475731030398976,0.022601320844137806,-0.30304341139122254,4.270596636861386,BALANCE,1,-2.9824290224676613e-06
3.146,0.022511231580174016,-0.004048062166430097,0.019941750242513337,0.021670471133569243,-0.4654248552842816,-1.068268040481512,BALANCE,1,-2.980889266183864e-06
3.148,0.022506434587855968,-0.0029594709550759923,0.02454369260617026,0.022676098648979598,0.5028137577051777,-2.4231705742600984,BALANCE,1,-2.9804319848422682e-06
3.15,0.022499150121621535,-0.003447257424817285,0.02454369260617026,0.02332975653399633,0.32682894250836597,5.383075980580197,BALANCE,1,-2.9781691260265695e-06
3.152,0.022489964124625495,-0.004334832741941704,0.023009711818284616,0.02321774088349723,-0.05600782524954953,4.014416932106707,BALANCE,1,-2.9750000576641268e-06
3.154,0.022480959268415125,-0.004461347026984978,0.023009711818284616,0.023144930710672817,-0.03640508641220702,0.9450018510134377,BALANCE,1,-2.972497980194849e-06
3.156,0.022472315915889864,-0.0043582788754153575,0.018407769454627694,0.021486924271057025,-0.8290032198078958,1.0974551513427129,BALANCE,1,-2.970308147490286e-06
3.158,0.02246842249872762,-0.0027581432598490175,0.023009711818284616,0.022019899912586682,0.26648782076482863,-5.342810302199745,BALANCE,1,-2.9704929818170688e-06
3.16,0.022463448083892366,-0.0025807270127888964,0.023009711818284616,0.022366334079580958,0.17321708349713782,3.45309656087383,BALANCE,1,-2.9692785489272764e-06
3.162,0.02245744168308489,-0.0028685761083470773,0.02454369260617026,0.023128409563887214,0.38103774215312786,2.72771671275196,BALANCE,1,-2.967523249028414e-06
3.164,0.02244919495737047,-0.003810184579961848,0.021475731030398976,0.02254997207716633,-0.28921874336044173,4.436006511058256,BALANCE,1,-2.9646728508709745e-06
3.166,0.02244231166291323,-0.0035548354769766423,0.021475731030398976,0.022173987710797757,-0.18799218318428684,-0.9607516222535541,BALANCE,1,-2.9630548238033364e-06
3.168,0.022436582474368926,-0.003093533441854326,0.023009711818284616,0.022466491148418158,0.1462517188102006,-0.17349820282642936,BALANCE,1,-2.9618686812221778e-06
3.17,0.022430150498524485,-0.0031778295654002675,0.021475731030398976,0.022119725107111445,-0.17338302065335667,2.5180032193866944,BALANCE,1,-2.9601138420486704e-06
3.172,0.022424620839282764,-0.002903359246710286,0.023009711818284616,0.022431220456022055,0.15574767445530532,-0.0598806588001668,BALANCE,1,-2.958832088384841e-06
3.174,0.022418245671538807,-0.003098873047334228,0.019941750242513337,0.021559905881294004,-0.4356572873640257,2.5918546230037656,BALANCE,1,-2.957024359616063e-06
3.176,0.022414163676121857,-0.002418050145707598,0.02454369260617026,0.02260423123500069,0.5221626768533438,-2.1916639460345655,BALANCE,1,-2.9563479234196763e-06
3.178,0.022407245504109136,-0.003159153921161268,0.023009711818284616,0.022746149439150064,0.07095910207468616,5.533555288926792,BALANCE,1,-2.9540820483080658e-06
3.18,0.022399698843828354,-0.0036013461817511008,0.023009711818284616,0.022838396271847156,0.04612341634854626,1.9324417829464933,BALANCE,1,-2.951773032665686e-06
3.182,0.022391819937832486,-0.0038464603458890833,0.02454369260617026,0.023435249988860242,0.2984268585065428,1.7392911070991994,BALANCE,1,-2.9495012621348316e-06
3.184,0.02238233516512647,-0.004544137664478949,0.023009711818284616,0.023286311629158774,-0.07446917985073388,3.793529867383957,BALANCE,1,-2.946377428313049e-06
3.186,0.022373225112745112,-0.004552634908491932,0.021475731030398976,0.022652608419592844,-0.316851604782965,0.8014252589436553,BALANCE,1,-2.943969511253541e-06
3.188,0.022366061003020507,-0.003874179939484649,0.019941750242513337,0.02170380805761502,-0.4744001809889129,-1.175656333088149,BALANCE,1,-2.942692940820065e-06
3.19,0.022361814751362192,-0.0027288319258550195,0.023009711818284616,0.02216087437384938,0.2285331581171803,-2.492972964454402,BALANCE,1,-2.9423818236091834e-06
3.192,0.022356535529697377,-0.0026699649240094093,0.019941750242513337,0.021384180927881764,-0.38834672298380774,3.157917727368405,BALANCE,1,-2.9410262836244217e-06
3.194,0.02235328280528252,-0.0020084620049601594,0.023009711818284616,0.02195311673952276,0.2844679058204985,-1.823722928197556,BALANCE,1,-2.940500472748319e-06
3.196,0.022348399747539653,-0.0022941154454087067,0.023009711818284616,0.02232292501708941,0.18490413878332473,3.592930250935354,BALANCE,1,-2.9390846801112902e-06
3.198,0.022342250242822725,-0.0028323999383688854,0.021475731030398976,0.02202640712174776,-0.14825894767082556,2.818608611291962,BALANCE,1,-2.9371728434406035e-06
3.2,0.022336680674834925,-0.0028007979025284997,0.023009711818284616,0.02237056376553566,0.17207832189394984,0.13551284593826107,BALANCE,1,-2.935727268085378e-06
3.202,0.022330094174521996,-0.003143048698199724,0.023009711818284616,0.022594265583997793,0.11185090923106732,2.718860401083738,BALANCE,1,-2.9337787736847115e-06
3.204,0.022322774657239603,-0.003511381252104844,0.023009711818284616,0.02273967176599818,0.07270309100019384,2.250463208888406,BALANCE,1,-2.9315937236967403e-06
3.206,0.022314988717869695,-0.0037872745929740043,0.021475731030398976,0.02229729250853846,-0.22118962872985995,1.9460050339614416,BALANCE,1,-2.9293334429695114e-06
3.208,0.022308414926392097,-0.003444193417907406,0.023009711818284616,0.022546639266949615,0.12467337920557715,-0.4316794793265719,BALANCE,1,-2.9278715957664724e-06
3.21,0.022301296411461086,-0.003525251698653467,0.023009711818284616,0.022708714659916866,0.08103769648362506,2.3501853896615943,BALANCE,1,-2.9259423632955224e-06
3.212,0.022293755092103833,-0.0037008035185345715,0.023009711818284616,0.02281406366534558,0.05267450271435707,2.0108244514640123,BALANCE,1,-2.9238277213029095e-06
3.214,0.022285945628441113,-0.0038480352824048687,0.023009711818284616,0.022882540518874242,0.03423842676433114,1.7902398416355916,BALANCE,1,-2.9216601656191186e-06
3.216,0.022278001656245317,-0.003937950794303681,0.019941750242513337,0.021853263922147925,-0.5146382983631583,1.6468598452471037,BALANCE,1,-2.9195019318739488e-06
3.218,0.0222729541841745,-0.0030034663185296152,0.023009711818284616,0.022258020685795767,0.202378381823921,-2.805910551576391,BALANCE,1,-2.9188703672093847e-06
3.22,0.02226701874761855,-0.0029795329074793495,0.018407769454627694,0.02091043275488694,-0.6737939654544133,2.954508295739114,BALANCE,1,-2.9173297222236303e-06
3.222,0.022264722671933263,-0.0018106452346479255,0.019941750242513337,0.02057139387555618,-0.1695194396653804,-4.13572575834209,BALANCE,1,-2.917325184645735e-06
3.224,0.02226338588922225,-0.0010998449475974922,0.021475731030398976,0.02088791187975116,0.15825900209748972,-0.12187188478967248,BALANCE,1,-2.9171955225121113e-06
3.226,0.022260946501518435,-0.0011746779989670077,0.021475731030398976,0.021093648582477895,0.10286835136336797,2.5193467295649876,BALANCE,1,-2.9165381287637253e-06
3.228,0.022257549247422393,-0.0015088787649979727,0.023009711818284616,0.021764270715010248,0.3353110662661762,2.0885657258556174,BALANCE,1,-2.915552336205024e-06
3.23,0.022251926354413826,-0.0024058919736899462,0.021475731030398976,0.021663281825396303,-0.05049444480697239,3.9883447730300245,BALANCE,1,-2.913704785914468e-06
3.232,0.022246197173178408,-0.0027159816204640305,0.02454369260617026,0.022671425598667187,0.5040718866354422,0.8958413510679991,BALANCE,1,-2.912034933473625e-06
3.234,0.022237546406469397,-0.003954980669468561,0.023009711818284616,0.022789825775533287,0.05920008843304965,5.392860629003569,BALANCE,1,-2.9088884449020514e-06
3.236,0.02222829902084578,-0.004468412134555602,0.021475731030398976,0.02232989261473628,-0.2299665803985034,1.8409902539963943,BALANCE,1,-2.906007047628865e-06
3.238,0.022220350439344044,-0.004113414969632226,0.021475731030398976,0.022030936060218224,-0.149478277259028,-0.4999390863038504,BALANCE,1,-2.9042526357504654e-06
3.24,0.022213504612826108,-0.0036359431405952993,0.023009711818284616,0.022373507575541463,0.17128575766161938,0.12602994554086955,BALANCE,1,-2.902857018869409e-06
3.242,0.022205952720814565,-0.0037360676639177264,0.021475731030398976,0.022059285784741593,-0.15711089539993497,2.712696515825443,BALANCE,1,-2.900803984226288e-06
3.244,0.022199321025876354,-0.0034473438804872663,0.023009711818284616,0.02239193489648165,0.1663245558700295,0.06666998388501577,BALANCE,1,-2.8992920332195197e-06
3.246,0.02219191055590178,-0.003630999262930937,0.021475731030398976,0.022071263543352714,-0.16033567656446868,2.6741125407491353,BALANCE,1,-2.897217270204342e-06
3.248,0.022185391354173967,-0.0033766937917915386,0.02454369260617026,0.022936613715338856,0.4326750859930707,0.04159040008541348,BALANCE,1,-2.89570465325257e-06
3.25,0.02217661335202342,-0.004146266512004571,0.019941750242513337,0.021888411499849925,-0.5241011077444652,4.837597510864897,BALANCE,1,-2.892795232337426e-06
3.2520000000000002,0.022170594613028904,-0.0033783452455610464,0.019941750242513337,0.02120708005978212,-0.3406657200339027,-2.879504171964726,BALANCE,1,-2.891840656683366e-06
3.254,0.022166701080783693,-0.002454710859377041,0.021475731030398976,0.02130110789949802,0.04701391985795049,-1.4529009566842945,BALANCE,1,-2.891399325963081e-06
3.2560000000000002,0.02216265643623667,-0.0021778076553201392,0.023009711818284616,0.02189911927107333,0.29900568578765385,1.654177832833485,BALANCE,1,-2.890480900856912e-06
3.258,0.022156852514619074,-0.002671162897345613,0.021475731030398976,0.021750933386837305,-0.07409294211801164,3.70599264256563,BALANCE,1,-2.8887118119649236e-06
3.2600000000000002,0.022151220261683733,-0.0027684961843999828,0.02454369260617026,0.022728399113603838,0.4887328633832663,0.7123124662661452,BALANCE,1,-2.8871865799436085e-06
3.262,0.0221428106406391,-0.003858634704255526,0.021475731030398976,0.022289965284482138,-0.21921691456085016,5.273566853882361,BALANCE,1,-2.884223635294765e-06
3.2640000000000002,0.022135354596448928,-0.0037663181958990204,0.02454369260617026,0.02307876984707298,0.39440228129542126,-0.41633739941787296,BALANCE,1,-2.882355673876733e-06
3.266,0.02212587666972226,-0.0045249139993187495,0.02454369260617026,0.023591492812757027,0.25636148284202337,4.539944441187749,BALANCE,1,-2.8792157700343465e-06
3.2680000000000002,0.022114960172558387,-0.0052943051097511405,0.023009711818284616,0.023387869464691683,-0.10181167403267195,3.466381431501609,BALANCE,1,-2.8755674814465453e-06
3.27,0.022104647023922085,-0.005185852450517356,0.021475731030398976,0.022718621012689236,-0.3346242260012233,0.5887787756201254,BALANCE,1,-2.8730046662297887e-06
3.2720000000000002,0.022096537148752322,-0.004368914796222334,0.0260776733940559,0.02389428934616757,0.5878341667391664,-1.3138765472484324,BALANCE,1,-2.87172750917921e-06
3.274,0.022085712627491354,-0.00522796399493075,0.023009711818284616,0.023584687211408537,-0.15480106737951643,6.1363306946833855,BALANCE,1,-2.8680333682389046e-06
3.2760000000000002,0.02207572284383298,-0.005046764772776189,0.019941750242513337,0.022309659272295217,-0.63751396955666,0.17667269364838067,BALANCE,1,-2.8656354818300012e-06
3.278,0.02206957973437772,-0.0036905657423115922,0.019941750242513337,0.02148089111187156,-0.41438408021182876,-3.7615322001155667,BALANCE,1,-2.865303343460202e-06
3.2800000000000002,0.022066216542468497,-0.002385735421469001,0.02454369260617026,0.022552871634876105,0.535990261502273,-2.0262191749823364,BALANCE,1,-2.865275424436658e-06
3.282,0.022060101395856287,-0.0028473287141486396,0.023009711818284616,0.022712765699069083,0.07994703209648901,5.641094390110751,BALANCE,1,-2.863429623124418e-06
3.2840000000000003,0.022053329069752693,-0.0032244702035144094,0.023009711818284616,0.022816696840794518,0.05196557086271751,2.002342198716057,BALANCE,1,-2.8614270611314583e-06
3.286,0.022046139983765558,-0.003486398104067083,0.023009711818284616,0.022884252082916053,0.03377762106076751,1.7847263773494113,BALANCE,1,-2.8593736502762213e-06
3.2880000000000003,0.022038712040799005,-0.0036485095372713237,0.02454369260617026,0.023465056266055027,0.2904020915694867,1.6432760934611033,BALANCE,1,-2.8573230021539656e-06
3.29,0.022029703182848772,-0.004302387727189405,0.02454369260617026,0.02384257898509536,0.1887613595201662,3.731120108519195,BALANCE,1,-2.854431862087e-06
3.2920000000000003,0.02201960647934364,-0.004895355337998126,0.023009711818284616,0.0235510754767116,-0.14575175419188033,2.9406456152670515,BALANCE,1,-2.8512325025008043e-06
3.294,0.02201034655499029,-0.0046948710490690715,0.019941750242513337,0.02228781164474221,-0.6316319159846949,0.2470504950676533,BALANCE,1,-2.849037978441663e-06
3.2960000000000003,0.02200483898774734,-0.003384327634880624,0.0260776733940559,0.023614263257002,0.6632258061298953,-3.715786629193027,BALANCE,1,-2.848740631212178e-06
3.298,0.021996122071718315,-0.004122472001961936,0.019941750242513337,0.02232888370193097,-0.6426897775355153,6.722662244459283,BALANCE,1,-2.8458921713721433e-06
3.3000000000000003,0.021990789982283536,-0.0031527644186595703,0.018407769454627694,0.02095649371537482,-0.6861949932780737,-3.8017851981682638,BALANCE,1,-2.8452642851142483e-06
3.302,0.021989460578779492,-0.0015315058176848825,0.02454369260617026,0.022212013327153224,0.6277598058892011,-4.2321703233021,BALANCE,1,-2.84573024391206e-06
3.3040000000000003,0.021984773997418033,-0.002068412281712997,0.019941750242513337,0.021417421247529263,-0.3972960398119802,6.354799246742802,BALANCE,1,-2.844311135412757e-06
3.306,0.021981892671055804,-0.0016745832233070691,0.021475731030398976,0.021437829671533664,0.010204212002200286,-1.8933230436440858,BALANCE,1,-2.843722780734941e-06
3.3080000000000003,0.021978743157151957,-0.0016117942928635708,0.023009711818284616,0.021987988422896496,0.27507937568141577,1.367903476309622,BALANCE,1,-2.8429299128473375e-06
3.31,0.021973787500055512,-0.002189513111406634,0.021475731030398976,0.021808698335522365,-0.08964504368706543,3.519914310825116,BALANCE,1,-2.8414137155153085e-06
3.3120000000000003,0.021968971854641892,-0.0023328304066877747,0.021475731030398976,0.021692159778729177,-0.058269278396593654,0.5913615506348185,BALANCE,1,-2.8400991292229093e-06
3.314,0.02196426564014363,-0.0023462091672316935,0.021475731030398976,0.021616409716813608,-0.03787503095778466,0.8353753595510014,BALANCE,1,-2.8388755649037904e-06
3.3160000000000003,0.02195959571110232,-0.0023390331285744657,0.023009711818284616,0.022104065452328462,0.24382786775742696,0.9939843353465392,BALANCE,1,-2.8376719041838376e-06
3.318,0.021953425818981635,-0.0028532789150063466,0.021475731030398976,0.021884148404653143,-0.10995852383765929,3.2768668691991234,BALANCE,1,-2.835792474394454e-06
3.3200000000000003,0.021947641567323158,-0.0028795803605689554,0.02454369260617026,0.022814988875184135,0.4654202352654957,0.4333807135779143,BALANCE,1,-2.834281850592104e-06
3.322,0.021939241313192623,-0.003878008955426806,0.02454369260617026,0.023420035181029277,0.30252315292257115,5.0922612146350135,BALANCE,1,-2.831392409423448e-06
3.3240000000000003,0.02192897721759454,-0.004893338309913777,0.021475731030398976,0.022739528728308672,-0.3402532263603025,3.825387334242326,BALANCE,1,-2.8277923942234613e-06
3.326,0.021920469381698112,-0.004424755194329925,0.019941750242513337,0.021760306258280303,-0.48961123501418435,-1.3576540871838993,BALANCE,1,-2.826062454854104e-06
3.3280000000000003,0.02191500944183734,-0.003287915164451361,0.019941750242513337,0.021123811652761865,-0.3182473027592194,-2.6112715046166564,BALANCE,1,-2.82558907888402e-06
3.33,0.02191164511135889,-0.0022568877443698496,0.021475731030398976,0.021246983434934853,0.06158589108649394,-1.2785497229080436,BALANCE,1,-2.825331069916742e-06
3.332,0.02190803112667309,-0.001971289004413833,0.019941750242513337,0.02079015181758732,-0.228415808673766,1.7675061347880425,BALANCE,1,-2.824527822721373e-06
3.334,0.02190550534703094,-0.0015287671237036776,0.023009711818284616,0.021566997817831373,0.38842300012202624,-0.5799173603348888,BALANCE,1,-2.8240417212270023e-06
3.336,0.021900639946115796,-0.0021308821104353477,0.023009711818284616,0.02207194771799001,0.2524749500793181,4.401403870046092,BALANCE,1,-2.822552268941055e-06
3.338,0.021894040568865257,-0.0029572333281499405,0.023009711818284616,0.02240016515309312,0.16410871755155598,3.344116463713945,BALANCE,1,-2.820402759677224e-06
3.34,0.02188626095850305,-0.003639311004599964,0.021475731030398976,0.02207661321015017,-0.1617759714714756,2.656879649598035,BALANCE,1,-2.817918254066052e-06
3.342,0.021879226731453275,-0.0035541867699735268,0.021475731030398976,0.021866304447237254,-0.1051543814564581,0.030389020837205294,BALANCE,1,-2.8161716724164217e-06
3.344,0.021872856715004267,-0.0033025885494350547,0.021475731030398976,0.021729603751343855,-0.06835034794669924,0.47074321518257045,BALANCE,1,-2.8147153825403808e-06
3.346,0.021866952949614993,-0.0030669448626028393,0.021475731030398976,0.02164074829901315,-0.044427726165353204,0.7569734415070374,BALANCE,1,-2.813355664728006e-06
3.348,0.021861334576757523,-0.0028951473679620556,0.019941750242513337,0.021046098979238214,-0.2973246598874674,0.9430230886179634,BALANCE,1,-2.812018952459426e-06
3.35,0.02185733609087751,-0.0023205707132507754,0.023009711818284616,0.021733363472904454,0.3436322468331199,-1.1158313403454465,BALANCE,1,-2.8113097734920824e-06
3.352,0.021851444127484458,-0.0027468620112652557,0.02454369260617026,0.022716978669547486,0.49180759832151594,4.0530597830392265,BALANCE,1,-2.8095636478388986e-06
3.354,0.021842666811208968,-0.004017958384992524,0.023009711818284616,0.02281943527160548,0.05122830102899725,5.297479506744977,BALANCE,1,-2.80638924737006e-06
3.356,0.02183332898453623,-0.004519321788287378,0.02454369260617026,0.023422925338703153,0.3017450335488364,1.778992524528307,BALANCE,1,-2.803532335345382e-06
3.358,0.021822401886514273,-0.0052982024900495835,0.019941750242513337,0.022204514055036716,-0.6092056418332183,3.8193357887128805,BALANCE,1,-2.799909111185857e-06
3.36,0.021814840856866687,-0.004219210956138823,0.02454369260617026,0.023023226547933456,0.40935624644837,-3.5413742913635438,BALANCE,1,-2.7990626060375952e-06
3.362,0.021805607661035717,-0.004522633644007672,0.023009711818284616,0.023018496392556362,-0.002365077688547268,4.656243564462967,BALANCE,1,-2.7964092407609e-06
3.364,0.021796501524046847,-0.004545882355710553,0.023009711818284616,0.023015421791561252,-0.0015373004975550303,1.3621891620450035,BALANCE,1,-2.7940499198658017e-06
3.366,0.021787620543754455,-0.004467444328010834,0.023009711818284616,0.02301342330091443,-0.000999245323410683,1.3686269035132348,BALANCE,1,-2.7918472197664547e-06
3.368,0.0217789816494157,-0.004358244415742768,0.021475731030398976,0.022475231006234022,-0.2690961473402042,1.3728114354675802,BALANCE,1,-2.78973489873138e-06
3.37,0.02177203570447444,-0.0037439695904606667,0.021475731030398976,0.022125406014691755,-0.1749124957711335,-0.8042553183475922,BALANCE,1,-2.788485385483696e-06
3.372,0.02176632041084744,-0.0031514471368151247,0.021475731030398976,0.02189801977018928,-0.11369312225123669,-0.07177560528756266,BALANCE,1,-2.7874566682106697e-06
3.374,0.021761369759556375,-0.0027089479507920026,0.018407769454627694,0.020676432159742728,-0.6107938052232771,0.4043362082014633,BALANCE,1,-2.7864650018926807e-06
3.376,0.021759775307566585,-0.001491070923078599,0.021475731030398976,0.020956186764472414,0.13987730236484328,-3.6457645122016533,BALANCE,1,-2.786602201959522e-06
3.378,0.02175738353657802,-0.001307436335244897,0.021475731030398976,0.02113802725754671,0.09092024653714788,2.376389624787091,BALANCE,1,-2.7860444335926946e-06
3.38,0.021754172591997696,-0.001496210871625043,0.02454369260617026,0.022330010129564953,0.5959914360091217,1.9956436077499857,BALANCE,1,-2.785165692493413e-06
3.382,0.021747331213697655,-0.00290396441022515,0.02454369260617026,0.02310479899637681,0.38739443340592844,6.107732095846871,BALANCE,1,-2.782753364734987e-06
3.384,0.021737901576816723,-0.0043477562194214284,0.023009711818284616,0.023071518484044543,-0.016640256166133502,4.485443407030036,BALANCE,1,-2.77922320354406e-06
3.386,0.02172825080078717,-0.004718925533010331,0.021475731030398976,0.022512992875268596,-0.2792628043879735,1.2511690597136047,BALANCE,1,-2.776395363693839e-06
3.388,0.021720244114187173,-0.004204105135399345,0.023009711818284616,0.022686844505324204,0.08692581502780378,-0.8833228625876723,BALANCE,1,-2.77483791287767e-06
3.39,0.021712111325444747,-0.004104387993935396,0.018407769454627694,0.021189168237580425,-0.7488381338718891,2.0566171905418824,BALANCE,1,-2.772847360290183e-06
3.392,0.021708250784505154,-0.0026743633901386236,0.021475731030398976,0.02128946521506692,0.05014848874324712,-4.719354976720288,BALANCE,1,-2.7728947939895367e-06
3.394,0.02170442117009686,-0.0021894370327778913,0.023009711818284616,0.021891551526193112,0.30104315556309624,1.6785558228499922,BALANCE,1,-2.772167883402411e-06
3.396,0.021698868067591918,-0.002585241569224673,0.019941750242513337,0.02120912107690519,-0.3412152246439603,3.721838336076357,BALANCE,1,-2.770547751007967e-06
3.398,0.021694955010416548,-0.0021834974195900705,0.023009711818284616,0.02183932783638799,0.3151033797413986,-1.457174532537371,BALANCE,1,-2.7697527252301233e-06
3.4,0.021689223805383327,-0.002646738382895853,0.019941750242513337,0.02117517567853186,-0.33207607892806434,3.831186708114468,BALANCE,1,-2.7680506502367476e-06
3.402,0.02168507843372664,-0.002278201672978788,0.023009711818284616,0.021817263327445324,0.3210438244567321,-1.3860980907126033,BALANCE,1,-2.7671860173347914e-06
3.404,0.021679097335574635,-0.002766029579252037,0.021475731030398976,0.021697727023479104,-0.0597681519831101,3.877386395300576,BALANCE,1,-2.7653970357954344e-06
3.406,0.021673227136845236,-0.002880373247067333,0.019941750242513337,0.021083135150141086,-0.3072959366690088,0.8237184055438654,BALANCE,1,-2.76383037678096e-06
3.408,0.0216689489176746,-0.0024027383290872216,0.023009711818284616,0.02175743698399132,0.337150916925117,-1.1933793843436051,BALANCE,1,-2.763008199464805e-06
3.41,0.021662804895323816,-0.0028629614925179975,0.019941750242513337,0.021121946624474027,-0.3177451797586467,4.002653554440416,BALANCE,1,-2.761182789157147e-06
3.412,0.02165821170701907,-0.0024956376414607667,0.0260776733940559,0.022856450993827684,0.8672521846768283,-1.274644640600732,BALANCE,1,-2.760221631520529e-06
3.414,0.02164885103358491,-0.0042553712305642465,0.023009711818284616,0.02291009228238761,0.02682064427996303,8.309404537044287,BALANCE,1,-2.756568534487371e-06
3.416,0.021638920766378283,-0.004815466360964611,0.0260776733940559,0.02401874567147151,0.5543266945419508,1.5891706911829608,BALANCE,1,-2.753496657716545e-06
3.418,0.02162605459045525,-0.006277186743158939,0.023009711818284616,0.0236655838228561,-0.17658092430770586,5.875738296623897,BALANCE,1,-2.748490911766991e-06
3.42,0.02161401527858422,-0.006059682313053616,0.019941750242513337,0.02236224206973613,-0.6516708765599843,0.007287634909719065,BALANCE,1,-2.7457132337425255e-06
3.422,0.02160610612012706,-0.004533308990006043,0.021475731030398976,0.022051963205968125,-0.15513943188400284,-3.871632488295707,BALANCE,1,-2.745426029103441e-06
3.424,0.021599853497839435,-0.0035738008241030903,0.019941750242513337,0.02131338866875895,-0.3692872686045876,0.08200233728606476,BALANCE,1,-2.744665789394492e-06
3.426,0.02159597744099714,-0.0025139961592057867,0.021475731030398976,0.02137020849533296,0.028409913287005123,-1.6754948287111637,BALANCE,1,-2.7443685760642177e-06
3.428,0.021592094140260736,-0.0021485805015868656,0.019941750242513337,0.020870248106846092,-0.24998019424343418,1.5094918160160187,BALANCE,1,-2.7435632347346157e-06
3.43,0.02158946622420677,-0.0016257976419051046,0.023009711818284616,0.021619060405849575,0.37440614950174156,-0.7476266675367078,BALANCE,1,-2.7431058305236796e-06
3.432,0.021584608495362846,-0.00215924804818266,0.021475731030398976,0.021568895124441864,-0.025082640703855477,4.292392820364907,BALANCE,1,-2.741656093386097e-06
3.434,0.02157955340174011,-0.0024030628812531664,0.019941750242513337,0.02099939441576688,-0.2847503543374919,1.0934725818356679,BALANCE,1,-2.7402532228466626e-06
3.436,0.02157584428653901,-0.0020541181978038013,0.021475731030398976,0.021166112230888115,0.08335890756061733,-1.0180391697539224,BALANCE,1,-2.7394770333921998e-06
3.438,0.021571552789504473,-0.0021134675766054465,0.019941750242513337,0.020737585534956943,-0.21426334796558616,1.9368379943382257,BALANCE,1,-2.738360842084533e-06
3.44,0.021568223192646042,-0.001830151004348327,0.02454369260617026,0.022069723009881602,0.6660687374623296,-0.4698516516272728,BALANCE,1,-2.737634631871695e-06
3.442,0.021561066752303973,-0.003113593264385072,0.019941750242513337,0.02132493254130271,-0.37239523428944654,6.6527332802915335,BALANCE,1,-2.7351412447815005e-06
3.444,0.02155555092824812,-0.0028772789383131997,0.023009711818284616,0.021914605288246375,0.294836373471833,-1.6996659218374097,BALANCE,1,-2.7338925341332654e-06
3.446,0.021548436869760625,-0.003360027907013835,0.021475731030398976,0.021760999297999784,-0.07680299512329535,3.6735673050694464,BALANCE,1,-2.7317665865294904e-06
3.448,0.021541631531171862,-0.003389854412851445,0.023009711818284616,0.022198048680099475,0.21852469104984526,0.6912359968936242,BALANCE,1,-2.730019219964511e-06
3.45,0.021533664195399822,-0.0038237163585701874,0.019941750242513337,0.021408344226944327,-0.39485222657757374,3.080080449204731,BALANCE,1,-2.727665494324857e-06
3.452,0.02152782939463867,-0.003215721294246677,0.019941750242513337,0.02089503633239348,-0.2566539472754238,-1.8743171590039303,BALANCE,1,-2.726643247558372e-06
3.454,0.02152358783631077,-0.002508399784607812,0.023009711818284616,0.021635172752455377,0.37006821003094864,-0.7995293982597815,BALANCE,1,-2.726000388313975e-06
3.456,0.021517388532806592,-0.0029150004132597533,0.023009711818284616,0.02211626142549561,0.24054433652011611,4.258656045394912,BALANCE,1,-2.7241947661823695e-06
3.458,0.021509713652422813,-0.003586978877971427,0.021475731030398976,0.02189207578721179,-0.11209281914190995,3.2513303776906657,BALANCE,1,-2.721785147976954e-06
3.46,0.021502514775102895,-0.0035959708849321636,0.021475731030398976,0.021746355122327303,-0.07286033244224312,0.41678199409742767,BALANCE,1,-2.719955859354916e-06
3.462,0.021495787920133375,-0.003435592810887117,0.019941750242513337,0.021114743414392415,-0.3158058539674442,0.7218986478016932,BALANCE,1,-2.7183737930902935e-06
3.464,0.021490884356899855,-0.002791266474122111,0.019941750242513337,0.020704195804234736,-0.20527380507883927,-1.2595622268760087,BALANCE,1,-2.7175611517088436e-06
3.466,0.021487215273488573,-0.002181175147695171,0.023009711818284616,0.021511126409152193,0.40346530245872864,-0.39993869237662993,BALANCE,1,-2.716956647075485e-06
3.468,0.02148131122564791,-0.0027085358013822446,0.021475731030398976,0.021498738026588568,-0.006194191281812603,4.51839000421896,BALANCE,1,-2.7151884979281435e-06
3.47,0.021475214142120544,-0.0029405434573219983,0.021475731030398976,0.021490685577922213,-0.004026224333177758,1.240370751340813,BALANCE,1,-2.713507216505181e-06
3.472,0.021469035392851128,-0.003042163475972267,0.021475731030398976,0.02148545148628908,-0.0026170458165657162,1.2572313400099107,BALANCE,1,-2.711880685606829e-06
3.474,0.02146282276251186,-0.0030860745339959255,0.021475731030398976,0.021482049326727544,-0.001701079780768583,1.268190722644819,BALANCE,1,-2.7102821899113873e-06
3.476,0.02145659591864537,-0.003104906989591818,0.023009711818284616,0.02201673119877252,0.26734093602248826,1.275314321357504,BALANCE,1,-2.708696825904016e-06
3.478,0.021448895051591716,-0.003646183160638263,0.019941750242513337,0.021290487864081806,-0.363121667345357,3.4597313601062574,BALANCE,1,-2.706362403078037e-06
3.48,0.021443095729666878,-0.003146205466072288,0.021475731030398976,0.021355322972292815,0.0324175541055044,-1.6275440669179477,BALANCE,1,-2.705260649966758e-06
3.482,0.02143726494505451,-0.0029914026667687034,0.02454369260617026,0.02247125234414992,0.5579646859285529,1.540659811181604,BALANCE,1,-2.7038904548286866e-06
3.484,0.021428400843175547,-0.0041033201569346135,0.023009711818284616,0.022659713160097066,0.0942304079735723,5.811992628077418,BALANCE,1,-2.700812682078548e-06
3.486,0.021418813053054157,-0.004640815257108703,0.023009711818284616,0.022782212690462707,0.06124976518282095,2.1134260533944023,BALANCE,1,-2.6978935129681233e-06
3.488,0.021408954899313274,-0.004866022366178165,0.021475731030398976,0.0223249441094404,-0.22863429051115344,1.85693088289033,BALANCE,1,-2.695180243549148e-06
3.49,0.02140055258930841,-0.004380721880606354,0.021475731030398976,0.022027719531775902,-0.14861228883224914,-0.48957767752280357,BALANCE,1,-2.6935418796311205e-06
3.492,0.02139334419351501,-0.003837311525502874,0.021475731030398976,0.021834523556293978,-0.09659798774096229,0.13276486124856102,BALANCE,1,-2.6922026804981344e-06
3.494,0.021386952200586007,-0.003400189133744844,0.018407769454627694,0.020635159620710778,-0.5996819677915998,0.5372875114499402,BALANCE,1,-2.690930727090888e-06
3.496,0.021384005209332608,-0.0021586381731304137,0.021475731030398976,0.020929359614101646,0.147099996695434,-3.5593461650901514,BALANCE,1,-2.6909250462067717e-06
3.498,0.021380388199798598,-0.001936388083319078,0.021475731030398976,0.02112058960980571,0.09561499785203272,2.432561550409571,BALANCE,1,-2.690111753161247e-06
3.5,0.021376068053327812,-0.0020814065187432073,0.019941750242513337,0.020707995831253382,-0.20629688927616477,2.0321553594046042,BALANCE,1,-2.6889624586755223e-06
3.5020000000000002,0.02137263963153234,-0.00184915777754064,0.019941750242513337,0.020439809875194365,-0.13409297802950865,-0.4078953643341152,BALANCE,1,-2.6881972413134534e-06
3.504,0.021369760114686245,-0.001592605968728859,0.019941750242513337,0.020265489003756004,-0.08716043571918054,0.1536447682755928,BALANCE,1,-2.687567048203136e-06
3.5060000000000002,0.021367132634568093,-0.001418565534458624,0.019941750242513337,0.02015218043732107,-0.05665428321746657,0.5186458544719158,BALANCE,1,-2.686962057913007e-06
3.508,0.021364541908299194,-0.0013417426654175827,0.023009711818284616,0.02115231642065831,0.5000679916686204,0.7558965604995316,BALANCE,1,-2.6863331107288855e-06
3.5100000000000002,0.021358903218506083,-0.0023658086279528313,0.021475731030398976,0.021265511534067544,0.05659755670461668,5.269682918588462,BALANCE,1,-2.6845102665730666e-06
3.512,0.02135254656211004,-0.002930228503781375,0.023009711818284616,0.02187598163354352,0.3052350497379872,1.728711145680986,BALANCE,1,-2.682593480421872e-06
3.5140000000000002,0.02134433441333747,-0.0038095005314165323,0.021475731030398976,0.02173589392244293,-0.07004385555029434,3.7544392959165087,BALANCE,1,-2.679897697974971e-06
3.516,0.0213363483601138,-0.003942838881860368,0.023009711818284616,0.02218173018598752,0.22291813177229522,0.7438027909442212,BALANCE,1,-2.677781346303225e-06
3.5180000000000002,0.02132725568656739,-0.004402845651259169,0.023009711818284616,0.022471523757291504,0.14489678565199163,3.114248865337613,BALANCE,1,-2.675088684768872e-06
3.52,0.021317441694837173,-0.004797323563651093,0.019941750242513337,0.021586103027119146,-0.44271036508617895,2.507465710653423,BALANCE,1,-2.672238372410664e-06
3.5220000000000002,0.02131018794919312,-0.003975957352925165,0.021475731030398976,0.021547472828267085,-0.01931509942603056,-2.246516739062283,BALANCE,1,-2.6711871484073715e-06
3.524,0.021303468855146855,-0.0035514382409790675,0.021475731030398976,0.021522363199013246,-0.01255481462691943,1.1383275742877808,BALANCE,1,-2.66984282180194e-06
3.5260000000000002,0.021297023387901955,-0.0033268578971442993,0.019941750242513337,0.02096914866423828,-0.2766072673874836,1.1909032749254393,BALANCE,1,-2.6683915368854048e-06
3.528,0.021292189362140893,-0.0027323433672899597,0.021475731030398976,0.021146452492394524,0.08865191407812258,-0.954709219245572,BALANCE,1,-2.6675640779164224e-06
3.5300000000000002,0.02128695680330241,-0.002655830497354984,0.021475731030398976,0.021261699980696082,0.057623744150778894,1.9780024621686518,BALANCE,1,-2.6662967635069624e-06
3.532,0.021281339615519777,-0.002758356356950309,0.021475731030398976,0.021336610848092095,0.0374554336980068,1.736691952047996,BALANCE,1,-2.6648302340457305e-06
3.5340000000000003,0.02127541920913679,-0.0028951068566947136,0.021475731030398976,0.021385302911899502,0.02434603190370338,1.5798401204695802,BALANCE,1,-2.6632648833059243e-06
3.536,0.021269282851249686,-0.0030131297861329637,0.021475731030398976,0.021416952753374317,0.015824920737407544,1.4778864299435972,BALANCE,1,-2.661653964556304e-06
3.5380000000000003,0.021263003764085773,-0.0030997218955603344,0.019941750242513337,0.020900631874572972,-0.2581604394006724,1.4116165311017195,BALANCE,1,-2.660025683413403e-06
3.54,0.02125810573209976,-0.0026744524857610094,0.021475731030398976,0.021101916579112073,0.10064235226955008,-0.8112456027310009,BALANCE,1,-2.6590618284934794e-06
3.5420000000000003,0.02125268904088359,-0.002697167726685965,0.023009711818284616,0.02176964491282246,0.33386416685519427,2.071253812903125,BALANCE,1,-2.6576935587746516e-06
3.544,0.021245361951720946,-0.003393396638705399,0.023009711818284616,0.022203668329734215,0.2170117084558769,3.977092029610902,BALANCE,1,-2.6554085605512987e-06
3.5460000000000003,0.021236685115664816,-0.004107891587080043,0.018407769454627694,0.020875103723446933,-0.6642823031436408,3.068313767431068,BALANCE,1,-2.652667392524564e-06
3.548,0.021231566136599305,-0.0030806198735949366,0.021475731030398976,0.02108532328088015,0.10510977871660762,-4.06175220174231,BALANCE,1,-2.652175592884047e-06
3.5500000000000003,0.021226167467907082,-0.002828135855252734,0.019941750242513337,0.020685072717451763,-0.20012528171419255,2.10599762658567,BALANCE,1,-2.6509856657473157e-06
3.552,0.021221879216043137,-0.002387432629513144,0.021475731030398976,0.02096180312698329,0.13836520476576303,-0.35989789066643474,BALANCE,1,-2.650159505112951e-06
3.5540000000000003,0.021216812768652858,-0.0024837497686578066,0.021475731030398976,0.02114167789317878,0.0899373830977445,2.3646298257451015,BALANCE,1,-2.6488439855182823e-06
3.556,0.02121111294866054,-0.002730677718305043,0.019941750242513337,0.020721703215445874,-0.20998733886645227,1.9879997383726828,BALANCE,1,-2.647283329131475e-06
3.5580000000000003,0.021206426000275808,-0.002479008620191784,0.019941750242513337,0.020448719674919486,-0.13649177026319423,-0.43659651800486565,BALANCE,1,-2.6462530806547065e-06
3.56,0.021202439633288796,-0.002168245294772776,0.019941750242513337,0.020271280373577335,-0.0887196506710753,0.1349890183896154,BALANCE,1,-2.6454121315244394e-06
3.5620000000000003,0.021198849309108873,-0.001931545687375645,0.021475731030398976,0.02069283810346491,0.21077886494378673,0.5065196170460377,BALANCE,1,-2.6446196584792347e-06
3.564,0.021193951643188942,-0.00227340181038051,0.021475731030398976,0.02096685062789183,0.1370062622134613,2.9278012057581884,BALANCE,1,-2.6432443327167824e-06
3.5660000000000003,0.021188071493925726,-0.002728061983234216,0.023009711818284616,0.021681852044529305,0.35750070831873715,2.3540611353812,BALANCE,1,-2.6415350205894574e-06
3.568,0.021180052195100187,-0.0036826808898085964,0.018407769454627694,0.020535923138063742,-0.5729644532327817,4.160916789221655,BALANCE,1,-2.6388825468263936e-06
3.5700000000000003,0.021174969711756836,-0.00293064108702688,0.023009711818284616,0.021401749176141047,0.43291301903865265,-3.351560237578429,BALANCE,1,-2.638146074683887e-06
3.572,0.02116771153300484,-0.0034293531023293355,0.019941750242513337,0.020890749549371347,-0.2554998133848501,4.747409102877684,BALANCE,1,-2.6359989351040295e-06
3.5740000000000003,0.02116176366949432,-0.003123029980572675,0.021475731030398976,0.02109549306773102,0.10237175917983572,-0.7905535341165202,BALANCE,1,-2.6347312234859833e-06
3.576,0.021155356537059956,-0.0031784634196608363,0.021475731030398976,0.021228576354664803,0.06654164346689244,2.084703657502547,BALANCE,1,-2.6330982030761167e-06
3.5780000000000003,0.02114859035210762,-0.0033209208957215657,0.019941750242513337,0.02077818721541179,-0.22519456962650716,1.8060477290150279,BALANCE,1,-2.6313147805104017e-06
3.58,0.021143059062407574,-0.002951929972492584,0.019941750242513337,0.02048543427489733,-0.14637647025722914,-0.55486532408735,BALANCE,1,-2.6301848799882936e-06
3.5820000000000003,0.021138413145153225,-0.0025434226071721537,0.019941750242513337,0.020295144863562934,-0.09514470566719842,0.058114294436006686,BALANCE,1,-2.6292681976599366e-06
3.584,0.02113430292972472,-0.0022302354106080034,0.023009711818284616,0.021245243297715523,0.4750492170762944,0.4565510464761887,BALANCE,1,-2.6284050533314767e-06
3.586,0.02112752074247779,-0.003055729574078445,0.02454369260617026,0.02239970055567468,0.5772286289795793,5.075108334473287,BALANCE,1,-2.6262526452721816e-06
3.588,0.021117349157195334,-0.0047310877500909955,0.023009711818284616,0.02261320449758816,0.10675197095673904,5.961811065177115,BALANCE,1,-2.622332092854378e-06
3.59,0.02110627284195332,-0.00539887810024061,0.019941750242513337,0.021678195508311973,-0.4675044946380932,2.210808037509202,BALANCE,1,-2.618857952914845e-06
3.592,0.021097874670344487,-0.004523020553891593,0.019941750242513337,0.02107043966528245,-0.30387792151476134,-2.439344226606027,BALANCE,1,-2.6176988390438226e-06
3.594,0.021091714586531148,-0.003541103844460664,0.021475731030398976,0.021212291643073235,0.07092598889539212,-1.1667969922011436,BALANCE,1,-2.617013850184573e-06
3.596,0.02108555658165566,-0.0032283201207550867,0.023009711818284616,0.021841388704397217,0.31454853066199134,1.840145409747531,BALANCE,1,-2.615711057755833e-06
3.598,0.02107779131280554,-0.003703506542966313,0.021475731030398976,0.02171340851849783,-0.06399009294969296,3.8268715675597638,BALANCE,1,-2.6134327164270083e-06
3.6,0.021070326718028245,-0.003724187267413784,0.021475731030398976,0.021630221397663234,-0.041593560417298864,0.7908837675123261,BALANCE,1,-2.611564623213587e-06
3.602,0.02106318854818179,-0.0036157377574885866,0.021475731030398976,0.021576149769120742,-0.027035814271245823,0.9650648005214031,BALANCE,1,-2.6098794110975263e-06
3.604,0.02105631730726903,-0.0034909149802766475,0.023009711818284616,0.0220778964863281,0.25087335860367843,1.078282471977278,BALANCE,1,-2.6082706715243355e-06
3.606,0.02104817584395983,-0.0039171370954949715,0.023009711818284616,0.02240403185251288,0.16306768309239106,3.3316606580091133,BALANCE,1,-2.6059163483510087e-06
3.608,0.021039139984205875,-0.004374061338499921,0.023009711818284616,0.022616019840532988,0.1059939940100535,2.6487833758899013,BALANCE,1,-2.6032739954083037e-06
3.61,0.021029578873936357,-0.004688471099977426,0.023009711818284616,0.022753812032746058,0.06889609610653477,2.2049131425124076,BALANCE,1,-2.600602750998398e-06
3.612,0.02101979151876767,-0.004848214313894369,0.018407769454627694,0.02123269713040463,-0.7605574511707138,1.9163974908170416,BALANCE,1,-2.5980180354491437e-06
3.614,0.021014378882101385,-0.0033979617149426126,0.021475731030398976,0.021317758995402652,0.04253093249901099,-4.810497781541433,BALANCE,1,-2.597954607415022e-06
3.616,0.021009232006619714,-0.0028552831871607393,0.021475731030398976,0.021373049207651366,0.02764510612435732,1.619312999716247,BALANCE,1,-2.5970435899475994e-06
3.618,0.02100401871200351,-0.0026914259645999263,0.023009711818284616,0.021945881121373002,0.28641595686081794,1.5035438014539406,BALANCE,1,-2.5958514351259344e-06
3.62,0.020997186564901755,-0.003201671920267034,0.021475731030398976,0.021781328589532092,-0.08227626592045498,3.6080805221689234,BALANCE,1,-2.593841782923792e-06
3.622,0.02099064987809843,-0.0032477843777090815,0.021475731030398976,0.021674369443835502,-0.053479572848295215,0.6486695880082858,BALANCE,1,-2.5921946994679953e-06
3.624,0.020984397681532593,-0.0031651362829624298,0.018407769454627694,0.02053105944761277,-0.5716549981113657,0.8726255838437684,BALANCE,1,-2.5907066481150538e-06
3.626,0.02098128960913082,-0.002134294293364379,0.021475731030398976,0.02086169450158794,0.1653175269875854,-3.341376418034159,BALANCE,1,-2.590521686101335e-06
3.628,0.020977347907367046,-0.0020298608236782225,0.018407769454627694,0.020002820735151854,-0.4294368832180439,2.57424188599596,BALANCE,1,-2.58959466807653e-06
3.63,0.02097557512064351,-0.001316340850135443,0.021475731030398976,0.020518339338488345,0.2577593016682457,-2.2353258216352403,BALANCE,1,-2.5894116126420505e-06
3.632,0.02097221324897432,-0.0015481484808211729,0.019941750242513337,0.020316533154897093,-0.10090309179562607,3.293174773655266,BALANCE,1,-2.588510783856698e-06
3.634,0.020969057981799946,-0.001566843897965696,0.019941750242513337,0.02018535913556278,-0.0655870096671566,0.41176725492881694,BALANCE,1,-2.5877256998941385e-06
3.636,0.020965973335427938,-0.0015515068502863936,0.023009711818284616,0.021173882574515423,0.4942617194763216,0.686425470796514,BALANCE,1,-2.586969475141283e-06
3.638,0.020959899866249222,-0.002594764003328646,0.019941750242513337,0.020742636258314694,-0.21562315810036425,5.2245267102814985,BALANCE,1,-2.5850094001816606e-06
3.64,0.020954627334333748,-0.0026224257384855924,0.023009711818284616,0.021536112704304167,0.39673822299473616,-0.48042708930403233,BALANCE,1,-2.5836933210495694e-06
3.642,0.020947095436090482,-0.003456247790909592,0.019941750242513337,0.020978085842677376,-0.2790134308133952,4.4660725462161395,BALANCE,1,-2.5812951947972633e-06
3.644,0.020940898678658577,-0.0032136568468511886,0.019941750242513337,0.020615368382619962,-0.18135873002870714,-0.9734222959465189,BALANCE,1,-2.5799400719109503e-06
3.646,0.02093579144609753,-0.0027799693587039574,0.019941750242513337,0.020379602033582644,-0.11788317451865912,-0.21394773727245942,BALANCE,1,-2.578958566696855e-06
3.648,0.020931396673725868,-0.0024038607961126366,0.021475731030398976,0.02076324718246836,0.19182257444285733,0.2797107258656857,BALANCE,1,-2.5780836070318187e-06
3.65,0.020925928500401307,-0.002624917288623697,0.023009711818284616,0.021549509805004047,0.3931313112678445,2.78037542649096,BALANCE,1,-2.576617924033685e-06
3.652,0.020918171812507005,-0.003549098582719807,0.021475731030398976,0.021523687233892273,-0.012911285555887095,4.438021078442999,BALANCE,1,-2.574099004416322e-06
3.654,0.020910282741802025,-0.0038361388880874233,0.021475731030398976,0.02150690256266962,-0.008392335611326351,1.1881309495864398,BALANCE,1,-2.5719307202996273e-06
3.656,0.020902484415337895,-0.0038816962488244086,0.018407769454627694,0.020422205974854946,-0.5423482939073375,1.2232754688695664,BALANCE,1,-2.5699741099414246e-06
3.658,0.02089777933316396,-0.0028770411376908833,0.021475731030398976,0.020790939744295356,0.18436688472020513,-3.113453992767403,BALANCE,1,-2.5695408609684946e-06
3.66,0.020892317385363353,-0.002780115743020294,0.019941750242513337,0.020493723418671648,-0.148608162811854,2.7223914624193624,BALANCE,1,-2.5682559355735196e-06
3.662,0.02088764188217141,-0.0024926811066548534,0.021475731030398976,0.020837426082776212,0.17185133205228215,0.04075810262546686,BALANCE,1,-2.5672678965666155e-06
3.664,0.020881995620238594,-0.002715050798076796,0.021475731030398976,0.02106083281444418,0.11170336583398409,2.62505622138483,BALANCE,1,-2.565756305165047e-06
3.666,0.020875613556880654,-0.0030435546981053916,0.018407769454627694,0.020132260638508412,-0.46428608796788423,2.1572768955385238,BALANCE,1,-2.5639860179188524e-06
3.668,0.020871674482240442,-0.002354153281887219,0.019941750242513337,0.020065581999910136,-0.03333931929913776,-2.5063530654325694,BALANCE,1,-2.563415087581805e-06
3.67,0.020867970670995932,-0.0020347188648275954,0.019941750242513337,0.020022240884821258,-0.021670557544439112,0.937220365601506,BALANCE,1,-2.562654745010619e-06
3.672,0.020864280116538837,-0.0019142989730635423,0.023009711818284616,0.021067855711533433,0.5228074133560874,1.0279699927337627,BALANCE,1,-2.56179900195357e-06
3.674,0.020857551269583354,-0.0029531362056016783,0.021475731030398976,0.021210612073136372,0.0713781808014697,5.446530649540705,BALANCE,1,-2.559607330123878e-06
3.676,0.020850117339179342,-0.003502713230466711,0.018407769454627694,0.020229617156658334,-0.4904974582390191,1.84366217079994,BALANCE,1,-2.5574040449811192e-06
3.678,0.02084528126792495,-0.002792762826198141,0.019941750242513337,0.020128863736707584,-0.05037670997537491,-2.7102026365126526,BALANCE,1,-2.556694010702615e-06
3.68,0.020840878428868864,-0.002410918638562745,0.019941750242513337,0.020063374013739598,-0.032744861483993,0.8047181443994558,BALANCE,1,-2.5558257336669946e-06
3.682,0.02083664467419915,-0.0022218249355537277,0.018407769454627694,0.01948391241805043,-0.289730797844584,0.9418435489524319,BALANCE,1,-2.5548806523749442e-06
3.684,0.020833904476387746,-0.0016874128544888314,0.01687378866674205,0.018570369105092497,-0.45677165647896656,-1.1488116376736461,BALANCE,1,-2.554431446885429e-06
3.686,0.02083355975729719,-0.0007367827071365937,0.019941750242513337,0.01905035250318979,0.23999169904864726,-2.5399511055261828,BALANCE,1,-2.5545927237866438e-06
3.688,0.020831704646845688,-0.0008550109882874543,0.019941750242513337,0.019362341711953033,0.15599460438162072,3.0629547425805654,BALANCE,1,-2.554117732029632e-06
3.69,0.02082858461523505,-0.001303835375418449,0.02454369260617026,0.021175814524929063,0.9067364064880151,2.4096973377701474,BALANCE,1,-2.553249362812093e-06
3.692,0.02082010504014912,-0.0036670102348057903,0.021475731030398976,0.021280785301843533,0.05248538845723481,8.524440123399865,BALANCE,1,-2.5499177835860025e-06
3.694,0.020810698418768158,-0.00447430301965055,0.019941750242513337,0.020812123031077965,-0.2343311353827839,1.6967302257684906,BALANCE,1,-2.5469119032904736e-06
3.696,0.02080255995163053,-0.004181156711705713,0.023009711818284616,0.021581279106600293,0.384578037761164,-0.6259217011975935,BALANCE,1,-2.545189293516638e-06
3.698,0.02079265348510903,-0.0047906471742209696,0.018407769454627694,0.020470550728409885,-0.5553641890952039,4.37150104848533,BALANCE,1,-2.5421807960944795e-06
3.7,0.020785872739928237,-0.003820720234595784,0.019941750242513337,0.02028547055834609,-0.09254008503189678,-3.214680469057038,BALANCE,1,-2.5414123780579736e-06
3.702,0.020780076695395368,-0.0032023585687432975,0.019941750242513337,0.020165168447804627,-0.06015105527073204,0.4768075532455913,BALANCE,1,-2.540457668525731e-06
3.704,0.020774836111075657,-0.0028186162796504663,0.021475731030398976,0.02062386535171265,0.2293484519540114,0.7287016647024213,BALANCE,1,-2.53942240823351e-06
3.706,0.020768419523319752,-0.0030874504822601904,0.021475731030398976,0.020922018339252866,0.14907649377010784,3.07221953673485,BALANCE,1,-2.537684153610358e-06
3.708,0.020761131174413437,-0.003484187102435717,0.019941750242513337,0.02057892450539403,-0.17154691692941765,2.447933050516035,BALANCE,1,-2.5356245939127107e-06
3.71,0.020754749516426578,-0.003284134596756048,0.021475731030398976,0.020892806789145763,0.15694114187586594,-0.13763986511169923,BALANCE,1,-2.5342096969390527e-06
3.712,0.020747624799420276,-0.003480355524103615,0.019941750242513337,0.020559936997824414,-0.16643489566067413,2.5090975423556734,BALANCE,1,-2.5323277924285905e-06
3.714,0.02074143837832442,-0.0032180268285053617,0.021475731030398976,0.020880464909225512,0.16026395570054897,-0.09788294541592824,BALANCE,1,-2.531004580441998e-06
3.716,0.020734494274985527,-0.0033960246867069882,0.023009711818284616,0.021625701327396198,0.3726182090853427,2.5349395401579224,BALANCE,1,-2.529183879195097e-06
3.718,0.020725533852915284,-0.004227448088261461,0.021475731030398976,0.02157321172344717,-0.026244801974514495,4.278487752326513,BALANCE,1,-2.5263213017001125e-06
3.72,0.020716646012703618,-0.004390170050700272,0.023009711818284616,0.022075986756640274,0.25138751659655245,1.0844342876107143,BALANCE,1,-2.524003881713075e-06
3.722,0.020706574651357484,-0.0049017439556585645,0.018407769454627694,0.02079211070093587,-0.6419380278522013,3.335659338170836,BALANCE,1,-2.5210414473092346e-06
3.724,0.020700133741073164,-0.003744384156284204,0.018407769454627694,0.01995759126472801,-0.41725971810393014,-3.8879775807614587,BALANCE,1,-2.520539160848052e-06
3.726,0.02069648228640963,-0.002496469294474599,0.019941750242513337,0.019952046906952875,-0.002772178887567797,-2.1406222689477605,BALANCE,1,-2.520480234907619e-06
3.728,0.0206930900553711,-0.0019894498797281366,0.023009711818284616,0.021022229625918983,0.5350913594830541,1.1749453833166301,BALANCE,1,-2.5198964896829378e-06
3.73,0.020686696259594864,-0.0028384470353554963,0.019941750242513337,0.020644061841727006,-0.1890838920959887,5.542064653419572,BALANCE,1,-2.5179021059128825e-06
3.732,0.02068105713008374,-0.002825995336495938,0.019941750242513337,0.020398252782002222,-0.12290452986239188,-0.2740274262642892,BALANCE,1,-2.5165366522140875e-06
3.734,0.020676055206482358,-0.002613022769828167,0.021475731030398976,0.020775370168941085,0.1885586934694313,0.2406589280209982,BALANCE,1,-2.5154426894886743e-06
3.736,0.02067000102281568,-0.002895525104046623,0.021475731030398976,0.021020496470451348,0.12256315075513148,2.7549917578919154,BALANCE,1,-2.5138034385369574e-06
3.738,0.020663171820482856,-0.0032593903589296118,0.019941750242513337,0.020642935290673042,-0.18878058988915264,2.241734994268133,BALANCE,1,-2.5119032138910017e-06
3.74,0.020657307014608838,-0.003039921644627221,0.021475731030398976,0.02093441379957712,0.1457392544520382,-0.2716686016728387,BALANCE,1,-2.5106243890830787e-06
3.742,0.020650709030081617,-0.0032193753001797058,0.019941750242513337,0.020586981554604797,-0.17371612248616095,2.4219788635909327,BALANCE,1,-2.508900462163582e-06
3.744,0.02064504106858567,-0.0029622260066361995,0.018407769454627694,0.01982425731961281,-0.3813621174959935,-0.1545100866129998,BALANCE,1,-2.50769242361312e-06
3.746,0.02064152074220892,-0.0021950061330180968,0.019941750242513337,0.019865379842627994,0.02056126150759216,-1.8614415007911795,BALANCE,1,-2.507259051649016e-06
3.748,0.020637932447975512,-0.0019406853935025818,0.021475731030398976,0.020429002758347838,0.28181145785992173,1.356412882618417,BALANCE,1,-2.5064994537684627e-06
3.75,0.02063266442268282,-0.0024053086847448226,0.021475731030398976,0.020795357653565737,0.18317744760894955,3.4802318283802443,BALANCE,1,-2.505004455881368e-06
3.7520000000000002,0.02062616166610736,-0.0029963166114633163,0.021475731030398976,0.02103348833545737,0.11906534094581651,2.7131410400855405,BALANCE,1,-2.5030848540025395e-06
3.754,0.02061883673107731,-0.0034727326420804982,0.018407769454627694,0.020114486727166984,-0.45950080414519295,2.2145320276939744,BALANCE,1,-2.5009779775063227e-06
3.7560000000000002,0.020613961715093436,-0.0027948718524994465,0.019941750242513337,0.020054028957538206,-0.030228884814388624,-2.4691372295315244,BALANCE,1,-2.5002480932997405e-06
3.758,0.02060940382536652,-0.0024605720232067194,0.021475731030398976,0.020551624683039477,0.24879786275063506,0.9614106589371834,BALANCE,1,-2.4993296439428764e-06
3.7600000000000002,0.020603473217542145,-0.00280417457981633,0.019941750242513337,0.02033816862885533,-0.10672802709207375,3.223480382987449,BALANCE,1,-2.4976981469650688e-06
3.762,0.020597996608631406,-0.0027605118545811474,0.021475731030398976,0.020736315469395604,0.19907342027013739,0.36646590099472964,BALANCE,1,-2.4963960150721193e-06
3.7640000000000002,0.020591401025374323,-0.0031343529293934905,0.021475731030398976,0.020995110915746785,0.12939772317559042,2.836766290324835,BALANCE,1,-2.4945620237849384e-06
3.766,0.020584014864352043,-0.0035338978259595874,0.021475731030398976,0.021163327955875052,0.08410852006413352,2.2948884403495304,BALANCE,1,-2.4924878630223286e-06
3.7680000000000002,0.020576142218899685,-0.0038258703727415523,0.021475731030398976,0.021272669031958426,0.05467053804168731,1.9426678378655713,BALANCE,1,-2.4903514915020506e-06
3.77,0.02056802391151638,-0.003996252025506748,0.021475731030398976,0.021343740731412618,0.03553584972709571,1.7137244462510042,BALANCE,1,-2.488243423052696e-06
3.7720000000000002,0.02055983054208262,-0.0040698029603088645,0.023009711818284616,0.021926830611817816,0.2915449402025993,1.5649112417015227,BALANCE,1,-2.486196842143365e-06
3.774,0.020550209072867507,-0.004647854812066548,0.021475731030398976,0.021768945758321223,-0.07894242674829667,3.6479693583298634,BALANCE,1,-2.483331342766921e-06
3.7760000000000002,0.020541088358804284,-0.004582169788550882,0.019941750242513337,0.021129427327788462,-0.3197592152663804,0.6745973315129,BALANCE,1,-2.4811902005290717e-06
3.778,0.020534004571916023,-0.0038567037364936932,0.019941750242513337,0.02071374034794217,-0.2078434899231464,-1.2903080824637354,BALANCE,1,-2.4801307136889026e-06
3.7800000000000002,0.020528435726689116,-0.0031418113259156747,0.021475731030398976,0.020980437086802053,0.13334836942994163,-0.4199234985086411,BALANCE,1,-2.479318527520991e-06
3.782,0.02052235677705448,-0.0030726927698333222,0.021475731030398976,0.021153789967060976,0.08667644012946146,2.3256131806476565,BALANCE,1,-2.4778956220006145e-06
3.7840000000000003,0.02051581922665783,-0.0032081615251948535,0.019941750242513337,0.020729576063469302,-0.2121069517958367,1.9626389190593503,BALANCE,1,-2.4762258245622526e-06
3.786,0.020510421703718508,-0.002870905067462091,0.021475731030398976,0.02099073030189469,0.1305771192126933,-0.4530810505585354,BALANCE,1,-2.4751412081553863e-06
3.7880000000000003,0.020504362787291217,-0.0029787585737770794,0.019941750242513337,0.020623587281111216,-0.18357151039173625,2.3040607718152275,BALANCE,1,-2.4736113126363507e-06
3.79,0.020499256555216266,-0.002699140266918846,0.019941750242513337,0.020384944317601957,-0.1193214817546296,-0.2311568462672171,BALANCE,1,-2.4725483723683862e-06
3.7920000000000003,0.020494808565932127,-0.002392075685871292,0.021475731030398976,0.020766719667080914,0.1908876747394785,0.2685248050190806,BALANCE,1,-2.471641942859751e-06
3.794,0.02048926850601322,-0.002645798665557514,0.018407769454627694,0.019941087092722288,-0.4128162871793132,2.773104577940683,BALANCE,1,-2.4701692511733966e-06
3.7960000000000003,0.02048584253929279,-0.002053687910809003,0.023009711818284616,0.0210151057466691,0.5370093269734064,-2.106065071871168,BALANCE,1,-2.4696398484531217e-06
3.798,0.020479437501595532,-0.0028603324246622075,0.019941750242513337,0.020639431320214584,-0.1878372132272585,5.556980960587397,BALANCE,1,-2.467672750718363e-06
3.8000000000000003,0.02047379418951806,-0.0028346412520032665,0.02454369260617026,0.02200592277029907,0.683245725042244,-0.26433182660519283,BALANCE,1,-2.4663281277882472e-06
3.802,0.020464386399288215,-0.004326644409895938,0.019941750242513337,0.021283462385574065,-0.36123019236250326,6.786321166555896,BALANCE,1,-2.462921667749368e-06
3.8040000000000003,0.020456648190846173,-0.004000331470308958,0.019941750242513337,0.02081386313550281,-0.23479962503562823,-1.612833795765582,BALANCE,1,-2.461347798209786e-06
3.806,0.020450469523470956,-0.0033830474528307205,0.019941750242513337,0.020508623622956492,-0.15261975627315835,-0.6295652121548574,BALANCE,1,-2.4603463552221637e-06
3.8080000000000003,0.02044536982229062,-0.0028352965431439597,0.019941750242513337,0.020310217939801388,-0.09920284157755206,0.009559367192122803,BALANCE,1,-2.459482194566615e-06
3.81,0.020440922218247143,-0.0024400091308881527,0.018407769454627694,0.019644360969990594,-0.3329284849053968,0.42499034376766687,BALANCE,1,-2.4586343512785894e-06
3.8120000000000003,0.02043828770603475,-0.001733649593197655,0.019941750242513337,0.019748447215373555,0.05204312269148012,-1.4847662210437387,BALANCE,1,-2.4583149565710974e-06
3.814,0.02043529573119647,-0.001584494361457097,0.023009711818284616,0.020889889826392425,0.5707213055094352,1.6012518144542542,BALANCE,1,-2.4576479829589944e-06
3.8160000000000003,0.020428943988894537,-0.00271630511482004,0.019941750242513337,0.020558040972034744,-0.16592442717884048,5.819163833659028,BALANCE,1,-2.455601103892549e-06
3.818,0.020423122139952198,-0.0028477552742665582,0.018407769454627694,0.019805445940942277,-0.3762975155462336,-0.09391295910863917,BALANCE,1,-2.4541232913871273e-06
3.8200000000000003,0.020419293045297045,-0.0022510237318291828,0.019941750242513337,0.019853152446492148,0.023853252774935427,-1.8220533679133322,BALANCE,1,-2.4535273911634463e-06
3.822,0.020415347558703206,-0.002073194754216244,0.018407769454627694,0.01934726839933959,-0.2529420235762789,1.382015168989012,BALANCE,1,-2.4526611723260615e-06
3.8240000000000003,0.02041266392619205,-0.0016152539004796384,0.021475731030398976,0.020092230320210375,0.37248096043539236,-0.8627000846498556,BALANCE,1,-2.452196473265644e-06
3.826,0.020407794454700746,-0.002160000640399133,0.021475731030398976,0.020576455568776384,0.24211262428300467,4.185381502695762,BALANCE,1,-2.4508072042438123e-06
3.8280000000000003,0.0204013122097046,-0.0029194934061706336,0.019941750242513337,0.020354308704584316,-0.11107343209603403,3.1714883283906206,BALANCE,1,-2.4488387586446877e-06
3.83,0.020395212013216528,-0.0030084493922053986,0.019941750242513337,0.02020991324285947,-0.0721977308624222,0.3326710655067867,BALANCE,1,-2.4473177820539346e-06
3.8320000000000003,0.020389490569613138,-0.002909689682234333,0.023009711818284616,0.021189842744258273,0.48996475069940093,0.6350129476721906,BALANCE,1,-2.4460067384527985e-06
3.834,0.020381110093620015,-0.00387604149728477,0.019941750242513337,0.020753010368647545,-0.21841618780536406,5.191108570250703,BALANCE,1,-2.4432963102930026e-06
3.8360000000000003,0.020373766191371726,-0.0037323273564724676,0.019941750242513337,0.02046906932450057,-0.14197052207348682,-0.5021488803240597,BALANCE,1,-2.441651385979662e-06
3.838,0.02036738085779924,-0.003364533962389025,0.019941750242513337,0.020284507645805038,-0.09228083934776678,0.09237998288213989,BALANCE,1,-2.4403986926770325e-06
3.84,0.020361680907853473,-0.0030209592596726524,0.021475731030398976,0.020701435830412916,0.208464092303939,0.4788237439661681,BALANCE,1,-2.4392663463084866e-06
3.842,0.020354945397979936,-0.0032625671833106853,0.019941750242513337,0.02043554587464806,-0.13294497788242723,2.909798888256287,BALANCE,1,-2.4374903025894398e-06
3.844,0.020348914128496442,-0.003095963150531754,0.021475731030398976,0.020799610679160883,0.18203240225641085,0.16257292941946577,BALANCE,1,-2.436158411261444e-06
3.846,0.020341954514246616,-0.0033655667362418764,0.019941750242513337,0.020499359526334242,-0.1501255764133208,2.70423585880094,BALANCE,1,-2.4343058348928802e-06
3.848,0.020335800549982765,-0.003170154434746913,0.021475731030398976,0.0208410895527569,0.1708650132113288,0.02895696027348804,BALANCE,1,-2.4329687277626634e-06
3.85,0.020328800479204493,-0.0034019801006801506,0.019941750242513337,0.020526320794171653,-0.15738437929262333,2.6173854788560442,BALANCE,1,-2.4311308471591377e-06
3.852,0.020322661796348562,-0.003176874950594581,0.019941750242513337,0.02032172110109124,-0.10229984654020613,-0.02749578669068753,BALANCE,1,-2.4298200842907123e-06
3.854,0.020317179373871976,-0.002887737230023811,0.019941750242513337,0.020188731300588975,-0.0664949002511326,0.4009044937438253,BALANCE,1,-2.428695786477412e-06
3.856,0.020312119937777748,-0.0026528110883217502,0.021475731030398976,0.020639181206022476,0.22522495271675053,0.6793646760262778,BALANCE,1,-2.427624775056776e-06
3.858,0.02030582666689696,-0.0029927714835980483,0.018407769454627694,0.019858187093034302,-0.3904970564940872,3.0401504940953528,BALANCE,1,-2.425915578078635e-06
3.86,0.020301571125906477,-0.0024351847742923073,0.019941750242513337,0.019887434195351963,0.014623551158830447,-1.9324852263706398,BALANCE,1,-2.4252213418899977e-06
3.862,0.02029727930620187,-0.0022489089866473944,0.018407769454627694,0.01936955153609847,-0.25894132962674643,1.3102344609917616,BALANCE,1,-2.4242888885563445e-06
3.864,0.020294319065358505,-0.0017654408243330917,0.019941750242513337,0.019569821083343673,0.10013477362260173,-0.9093575448480633,BALANCE,1,-2.42378868977789e-06
3.866,0.020290703606215262,-0.0017924653962289106,0.021475731030398976,0.02023688956481303,0.33353424073467863,1.9752674539814343,BALANCE,1,-2.4229148196268745e-06
3.868,0.020285039903902,-0.002503372851376008,0.018407769454627694,0.019596697526248163,-0.3200960192824339,3.882487299766211,BALANCE,1,-2.4212365030745005e-06
3.87,0.02028085599988568,-0.0022390979323212027,0.021475731030398976,0.020254359252700947,0.3288308632263918,-1.3849663026845815,BALANCE,1,-2.4203712642456833e-06
3.872,0.02027481051943652,-0.002777732365435246,0.01687378866674205,0.019071159547615332,-0.5915998525428071,3.8459084609731913,BALANCE,1,-2.4186400038849842e-06
3.874,0.02027182669508311,-0.0019625408700502172,0.019941750242513337,0.019375866290829633,0.15235337160715046,-3.5885292474855373,BALANCE,1,-2.4183401251623135e-06
3.876,0.020268036111497235,-0.001919755314726325,0.01687378866674205,0.01850013912239898,-0.4378635842153273,2.3813789503069813,BALANCE,1,-2.4174534050139206e-06
3.878,0.02026647704103003,-0.0012093591450691031,0.021475731030398976,0.019541596290198977,0.5207285838999993,-2.3929003263786797,BALANCE,1,-2.4173185683661496e-06
3.88,0.020261915455413632,-0.0019206321375138378,0.019941750242513337,0.019681650173509004,0.07002694165501346,5.3383244486119334,BALANCE,1,-2.4159930063675793e-06
3.882,0.02025661759692429,-0.0024094970418536417,0.019941750242513337,0.01977268519766052,0.04551751207575866,1.741114543650648,BALANCE,1,-2.4145037983373007e-06
3.884,0.020250859529459195,-0.002727252490683148,0.021475731030398976,0.02036875123911898,0.2980330207292287,1.5505012084657006,BALANCE,1,-2.4129569088365797e-06
3.886,0.020243361520593632,-0.0034688781403201326,0.021475731030398976,0.020756194166066978,0.19372146347399963,3.6063892401809685,BALANCE,1,-2.4106797324663105e-06
3.888,0.020234686847312628,-0.004124212570569182,0.021475731030398976,0.021008032068583177,0.12591895125809924,2.7951433577560154,BALANCE,1,-2.408082324948841e-06
3.89,0.020225327549585215,-0.0045515657447404425,0.021475731030398976,0.021171726705218708,0.08184731831776572,2.2678335341797844,BALANCE,1,-2.405458102649826e-06
3.892,0.020215663947149812,-0.004768807310556766,0.018407769454627694,0.020204341667511852,-0.48369251885342807,1.9250821488552483,BALANCE,1,-2.4029420015355515e-06
3.894,0.02020888543061627,-0.003813516067098821,0.021475731030398976,0.020649327944522344,0.22249313850524616,-2.6572796507767134,BALANCE,1,-2.4022037578935164e-06
3.896,0.02020136882343984,-0.0037745122395053438,0.015339807878856412,0.018790995921539266,-0.929166011491539,3.01890478471331,BALANCE,1,-2.400447588065061e-06
3.898,0.020199094132346294,-0.0020382807490175042,0.021475731030398976,0.019730653209640164,0.46982864405044866,-6.305868336639956,BALANCE,1,-2.4009832276337723e-06
3.9,0.02019456355127725,-0.0021862280567575935,0.019941750242513337,0.019804537171145775,0.03694198075280576,4.942468344981999,BALANCE,1,-2.3998394560198107e-06
3.902,0.02018965641440867,-0.002362253378820287,0.021475731030398976,0.020389455021884394,0.2924589253693096,1.4838080762911927,BALANCE,1,-2.3985876989508634e-06
3.904,0.02018300004714934,-0.0030425164424107806,0.02454369260617026,0.02184343817638445,0.726991577250027,3.563038704267541,BALANCE,1,-2.3966138531901443e-06
3.906,0.02017220317589761,-0.005053106926159622,0.019941750242513337,0.02117784739952956,-0.33279538842744505,7.126538908583283,BALANCE,1,-2.3923132269876276e-06
3.908,0.020162816888907992,-0.0047799877571739775,0.018407769454627694,0.020208320118813905,-0.4847636403578267,-1.3916922634477868,BALANCE,1,-2.3903714262614587e-06
3.91,0.0201565031098529,-0.003667760506657608,0.021475731030398976,0.02065191393786868,0.22179690952738723,-2.6656099157337794,BALANCE,1,-2.3898753651084627e-06
3.912,0.02014946764207051,-0.0035632252729119545,0.019941750242513337,0.02040335664449431,-0.12427864668718494,3.0134901124912186,BALANCE,1,-2.388287005635455e-06
3.914,0.02014324896326162,-0.003255425646027898,0.018407769454627694,0.019704901128040995,-0.34922775822665736,0.22997222517217897,BALANCE,1,-2.387036134988897e-06
3.916,0.02013908127278181,-0.002498955870128284,0.021475731030398976,0.02032469159386629,0.30989523291264676,-1.6115279981307993,BALANCE,1,-2.3865123565762343e-06
3.918,0.020133329919695686,-0.002753441878463059,0.018407769454627694,0.019653768845132782,-0.33546137436675333,3.6986433589331513,BALANCE,1,-2.3850065510914696e-06
3.92,0.020129303587380437,-0.0022790049831695547,0.018407769454627694,0.019217669058456,-0.21804989333839078,-1.5044648642260596,BALANCE,1,-2.384307106747879e-06
3.922,0.020126467309735965,-0.0017380724053086447,0.018407769454627694,0.018934204197116094,-0.14173243066995314,-0.5913390031997663,BALANCE,1,-2.3838668922475313e-06
3.924,0.02012431412175866,-0.0013268804946805768,0.021475731030398976,0.019823738588765103,0.4447671958245046,0.0021928064673404357,BALANCE,1,-2.3834912320630854e-06
3.926,0.020119518144381204,-0.0020423263138828157,0.019941750242513337,0.019865042667576986,0.020652039405941527,4.747561881921943,BALANCE,1,-2.382098142246784e-06
3.928,0.020114265210395034,-0.0024326935063470083,0.023009711818284616,0.020965676870324655,0.5503171013738345,1.3571188753021515,BALANCE,1,-2.380667910978984e-06
3.93,0.020105813106910602,-0.0038119090210182952,0.019941750242513337,0.020607302550590692,-0.17918715986698155,5.660477423210155,BALANCE,1,-2.3777484509505297e-06
3.932,0.020098046074315146,-0.003863584651972274,0.019941750242513337,0.020374359242763616,-0.11647165391353784,-0.19705912590041086,BALANCE,1,-2.3758682769612076e-06
3.934,0.020091067671422828,-0.0036033712995052246,0.021475731030398976,0.020759839368435992,0.19274006283618791,0.29068832325751437,BALANCE,1,-2.3744248785603287e-06
3.936,0.020083239455729155,-0.003828140684959467,0.019941750242513337,0.020473508174363064,-0.1431655970364643,2.787510864795663,BALANCE,1,-2.372395722930763e-06
3.938,0.020076278483776685,-0.003586618397190908,0.021475731030398976,0.020824286173975633,0.17538899980628492,0.08308571417006938,BALANCE,1,-2.370941428271943e-06
3.94,0.020068549060515195,-0.0037869722053000686,0.019941750242513337,0.02051539859796383,-0.15444378800590247,2.6525691688888173,BALANCE,1,-2.3689575649724623e-06
3.942,0.02006174556638474,-0.00352077812931599,0.023009711818284616,0.021388408225076105,0.4365048135561381,-0.004626388169389983,BALANCE,1,-2.3675581369688746e-06
3.944,0.02005273974956169,-0.004273271328639831,0.018407769454627694,0.020345184655419162,-0.5216117848284713,4.775343001953671,BALANCE,1,-2.364806284644234e-06
3.946,0.0200465462408591,-0.0034742963846045314,0.01687378866674205,0.019130196059382175,-0.6074942980184936,-2.9521831993026204,BALANCE,1,-2.364004842087547e-06
3.948,0.02004401202566222,-0.0020440296367902205,0.018407769454627694,0.018877346747718106,-0.1264246558320345,-3.7121426205850185,BALANCE,1,-2.364248761381919e-06
3.95,0.020042382239259728,-0.001276391316357474,0.01687378866674205,0.018176101419376485,-0.35062266417081045,0.12124355820681032,BALANCE,1,-2.364136122229128e-06
3.952,0.020042542779784317,-0.00042804258044779563,0.018407769454627694,0.018257185231714407,0.04054190616896089,-1.7144152282038945,BALANCE,1,-2.3643282327343317e-06
3.954,0.020042205594096803,-0.00026903385780316055,0.021475731030398976,0.019383676261254007,0.5632455147698001,1.4197663632545516,BALANCE,1,-2.3642605059289603e-06
3.956,0.02003832221225022,-0.0013837212283577599,0.021475731030398976,0.020115895430454746,0.36610958460036974,5.668984693833641,BALANCE,1,-2.3631479106000638e-06
3.958,0.020031884024459504,-0.0027045690326014775,0.01687378866674205,0.018981158063155302,-0.5673686836497223,4.135830402630242,BALANCE,1,-2.3610535437901486e-06
3.96,0.02002814477845459,-0.0021721113384303185,0.018407769454627694,0.018780472050170638,-0.10034300649233198,-3.40007998540846,BALANCE,1,-2.360448886918097e-06
3.962,0.020024966110878048,-0.0018048664911873697,0.018407769454627694,0.018650026141730607,-0.0652229542200157,0.32408427107158244,BALANCE,1,-2.359855347121849e-06
3.964,0.02002204345384919,-0.0015894760319219525,0.018407769454627694,0.018565236301244587,-0.042394920243009684,0.5972179347437108,BALANCE,1,-2.3592444590505008e-06
3.966,0.0200191768867434,-0.0014916619785089477,0.018407769454627694,0.018510122904928674,-0.027556698157956555,0.7747548161305978,BALANCE,1,-2.3586010511787314e-06
3.968,0.020016242592921108,-0.0014763635829159664,0.021475731030398976,0.01954808574884328,0.5189814219573023,0.8901537890320681,BALANCE,1,-2.357914478790702e-06
3.97,0.020010226328845086,-0.0025521724802671773,0.019941750242513337,0.0196858683216278,0.06889128639226035,5.324736520589015,BALANCE,1,-2.356034880490161e-06
3.972,0.020003493974180303,-0.0031246442219901843,0.023009711818284616,0.020849213545457684,0.5816726119149425,1.732282390435751,BALANCE,1,-2.3541027298328393e-06
3.974,0.019993483435787256,-0.004660088372965747,0.018407769454627694,0.019994708113667187,-0.4272527158952488,5.904333708047001,BALANCE,1,-2.3504711948306637e-06
3.976,0.019985569257755378,-0.004155973297984005,0.019941750242513337,0.01997617285876334,-0.009267627451924054,-2.2183392403419595,BALANCE,1,-2.349083040253793e-06
3.978,0.0199781235169759,-0.003850202818294468,0.021475731030398976,0.020501018218835813,0.26242268003623737,1.1244293519104078,BALANCE,1,-2.3475928483593386e-06
3.98,0.019969531186735584,-0.004182743611115435,0.023009711818284616,0.021379060978642894,0.4390213799035404,3.329442533420048,BALANCE,1,-2.3452877150090936e-06
3.982,0.019958673986459705,-0.005214782210684279,0.01687378866674205,0.0198022156694776,-0.7884226545826472,4.794914697946897,BALANCE,1,-2.3417017350194775e-06
3.984,0.01995211399596919,-0.0038722474053826533,0.021475731030398976,0.020387946045800083,0.2928651881612416,-5.119248296492521,BALANCE,1,-2.341462094175812e-06
3.986,0.019944593239030584,-0.003793017737870183,0.023009711818284616,0.02130556406616967,0.45880901018479325,3.5661982680379376,BALANCE,1,-2.3397608771892944e-06
3.988,0.019934756409464717,-0.004686331507514621,0.01687378866674205,0.019754442676370002,-0.7755606948998336,4.948805925448526,BALANCE,1,-2.3366440625704044e-06
3.99,0.019929131240634595,-0.003419575138803869,0.019941750242513337,0.01982000032452017,0.032778824075083146,-5.019218998616468,BALANCE,1,-2.336419542471543e-06
3.992,0.019923818366025383,-0.0029152591091756814,0.021475731030398976,0.020399506071577752,0.2897528735287917,1.4514306120718752,BALANCE,1,-2.335514134479527e-06
3.994,0.01991705848560976,-0.003239904901702429,0.018407769454627694,0.01970239825564523,-0.3485539079662609,3.5419933525249987,BALANCE,1,-2.3337158779072863e-06
3.996,0.019912162557638786,-0.0027220522623829565,0.021475731030398976,0.020323064726809042,0.31033323558190584,-1.6062873683913734,BALANCE,1,-2.3328975021953234e-06
3.998,0.01990567013514661,-0.0030854383256529055,0.018407769454627694,0.01965271138154557,-0.3351766726317363,3.702049768263789,BALANCE,1,-2.3311508829863446e-06
4.0,0.019900932009703352,-0.0026189759267282644,0.021475731030398976,0.020290768258644263,0.31902843854934687,-1.502250698161156,BALANCE,1,-2.330324634396546e-06
4.002,0.01989451472441673,-0.00302731771288298,0.021475731030398976,0.020705505228758414,0.20736848505707553,3.7696736039134304,BALANCE,1,-2.3285756418035603e-06
4.0040000000000004,0.019886862182714647,-0.0036071077410363074,0.019941750242513337,0.02043819098357264,-0.13365712259288778,2.901278194182109,BALANCE,1,-2.3263735917511445e-06
4.006,0.019879875962643102,-0.003527831243665937,0.019941750242513337,0.020264436724201883,-0.08687712968537785,0.15703447827125605,BALANCE,1,-2.324798789962494e-06
4.008,0.019873493251205045,-0.003298402730919369,0.018407769454627694,0.019614603179850917,-0.32491677217548304,0.5208491659690903,BALANCE,1,-2.3234724624601465e-06
4.01,0.019869018475305696,-0.002609841805296203,0.021475731030398976,0.020265997927542738,0.32569737384591063,-1.4224579866128093,BALANCE,1,-2.322859711847032e-06
4.0120000000000005,0.01986288367112782,-0.00292304577320751,0.018407769454627694,0.019615617962022474,-0.325189982760132,3.821538866419849,BALANCE,1,-2.321240263735112e-06
4.014,0.019858433902533675,-0.002471555192423416,0.019941750242513337,0.019729764260194276,0.05707314908590111,-1.4245827843597076,BALANCE,1,-2.3204597762384536e-06
4.016,0.019853702750280748,-0.002402608121399323,0.021475731030398976,0.02034085262976592,0.3055441847858217,1.6403710482988654,BALANCE,1,-2.3193898090355203e-06
4.018,0.01984721756648754,-0.002988939425988778,0.018407769454627694,0.01966427351846754,-0.33828955564919017,3.6648046360725286,BALANCE,1,-2.3175372550952734e-06
4.0200000000000005,0.019842422826199278,-0.002603368372684358,0.018407769454627694,0.019224497096123592,-0.21988821117197369,-1.526460034085469,BALANCE,1,-2.3166472119607444e-06
4.022,0.01983887541907283,-0.002076186850176836,0.018407769454627694,0.018938642421600028,-0.14292733726178203,-0.6056358636083741,BALANCE,1,-2.31608186329557e-06
4.024,0.019836087453359307,-0.00164860050201823,0.021475731030398976,0.01982662343467966,0.4439905065398153,-0.0071001527982546,BALANCE,1,-2.3156007258078105e-06
4.026,0.019830733604834862,-0.002345349625001801,0.021475731030398976,0.02040381109318142,0.28859382925087995,4.741521458399302,BALANCE,1,-2.314053967046449e-06
4.0280000000000005,0.019823514640526292,-0.003260452073510898,0.01687378866674205,0.01916830324392764,-0.6177539246268894,3.532979299597925,BALANCE,1,-2.3118219482562063e-06
4.03,0.01981946319417325,-0.0024642857889732596,0.019941750242513337,0.019439009693432634,0.13535322475249736,-3.7919332023794565,BALANCE,1,-2.3113628214196325e-06
4.032,0.0198148044792448,-0.0023766411634181463,0.01687378866674205,0.018541182334090932,-0.4489136796708513,2.2491663796259367,BALANCE,1,-2.3103213301935375e-06
4.034,0.019812535884521826,-0.0015964220219911699,0.018407769454627694,0.0184944878262788,-0.023347253906066262,-2.4788384973213544,BALANCE,1,-2.3101228747048147e-06
4.0360000000000005,0.019810347859638623,-0.001284386282455787,0.019941750242513337,0.01900102967196089,0.2532709228410448,0.9228912383281977,BALANCE,1,-2.309708500562285e-06
4.038,0.019806551777827405,-0.0016798052271760429,0.021475731030398976,0.01986717514741422,0.4330727377266658,3.1662291630460118,BALANCE,1,-2.3086983451097635e-06
4.04,0.019800076572762067,-0.002790761803881879,0.018407769454627694,0.019356383154938935,-0.255395996237643,4.65661241065818,BALANCE,1,-2.306659142799142e-06
4.042,0.019794674236402663,-0.002731447446949712,0.019941750242513337,0.019561261635589976,0.10243924032552094,-0.8817849806048077,BALANCE,1,-2.305435123415692e-06
4.0440000000000005,0.01978871117810694,-0.0029011803935114675,0.018407769454627694,0.019157539372253177,-0.2018611316683995,1.993189620739566,BALANCE,1,-2.303943916373503e-06
4.046,0.019783819835797998,-0.0026036078250929176,0.018407769454627694,0.018895119901084258,-0.13120973558445984,-0.46543669101200535,BALANCE,1,-2.3029794079896684e-06
4.048,0.019779687792513607,-0.002258618783978091,0.01687378866674205,0.018187653969064486,-0.35373296600988563,0.0840293093893767,BALANCE,1,-2.302196162750727e-06
4.05,0.01977748178499151,-0.001534610163041889,0.019941750242513337,0.018801587664771583,0.30696684785354833,-1.7386044899352158,BALANCE,1,-2.3019755057006383e-06
4.0520000000000005,0.01977353066764244,-0.0018188383627058245,0.019941750242513337,0.019200644566981197,0.1995284511048072,3.5838300427146814,BALANCE,1,-2.3009540876004973e-06
4.054,0.01976823980027375,-0.002374889816462694,0.01687378866674205,0.018386245001897495,-0.4071997825418512,2.7482662828573297,BALANCE,1,-2.2994740171579147e-06
4.056,0.01976496037145465,-0.0019103287472658627,0.021475731030398976,0.019467565111873014,0.5406600549877593,-2.15442356022096,BALANCE,1,-2.298923314844105e-06
4.058,0.019758675173215005,-0.002774442091269757,0.019941750242513337,0.019633529907597126,0.08298239786205634,5.493334346614455,BALANCE,1,-2.2970294407672207e-06
4.0600000000000005,0.019751694772389358,-0.003280857124691845,0.018407769454627694,0.019204513749057826,-0.21450807926965026,1.8418709773522783,BALANCE,1,-2.295079105285637e-06
4.062,0.019745829377720535,-0.003047188259146134,0.019941750242513337,0.019462546521767255,0.12901638635471474,-0.5637938092137327,BALANCE,1,-2.29387331723256e-06
4.064,0.019739376742909185,-0.003170588009694955,0.019941750242513337,0.019630267824028384,0.08386065113056423,2.1998838821437534,BALANCE,1,-2.292291915939593e-06
4.066,0.019732501942641957,-0.003357136190164083,0.021475731030398976,0.02027617994625809,0.32295606111485375,1.848701278486217,BALANCE,1,-2.290564895377994e-06
4.0680000000000005,0.01972391195336008,-0.004063794559852021,0.021475731030398976,0.0206960228257074,0.20992143972465432,3.8002192856943156,BALANCE,1,-2.288010715084914e-06
4.07,0.019714167105562345,-0.004698622702811176,0.018407769454627694,0.019895134145829503,-0.4004443399389483,2.9211328873396787,BALANCE,1,-2.2851554183730833e-06
4.072,0.019706704605263598,-0.00401564730587913,0.019941750242513337,0.019911449779668845,0.008157816919670755,-2.0098466707618163,BALANCE,1,-2.284058837957445e-06
4.074,0.019699642962022475,-0.0036778740473612393,0.019941750242513337,0.019922054941664418,0.005302580997786771,1.2599495221374966,BALANCE,1,-2.2826982167283213e-06
4.0760000000000005,0.019692809787111167,-0.003497058843596496,0.021475731030398976,0.020465841572721515,0.27189331552854823,1.2377439444821592,BALANCE,1,-2.281252334665728e-06
4.078,0.019684662472213427,-0.003920979254345764,0.019941750242513337,0.020282409607148652,-0.09171598278643125,3.4030970185916765,BALANCE,1,-2.2790286760623357e-06
4.08,0.01967706359747181,-0.003834651441583019,0.019941750242513337,0.020163178829526292,-0.05961538881118014,0.48321671413746903,BALANCE,1,-2.2773396748809e-06
4.082,0.019669988958077055,-0.0036272577147944906,0.018407769454627694,0.019548785548311784,-0.3071966406072539,0.7328676192821364,BALANCE,1,-2.2758663894081073e-06
4.0840000000000005,0.019664790396723666,-0.0029487822320892897,0.023009711818284616,0.020760109742802277,0.6056620972452464,-1.284645991959324,BALANCE,1,-2.2751387853565615e-06
4.086,0.019656482037960443,-0.0038540707639681503,0.021475731030398976,0.02101057719346112,0.12523372532942215,6.090903362530108,BALANCE,1,-2.2725590696174423e-06
4.088,0.01964736173171828,-0.00439397577721638,0.023009711818284616,0.021710274312149343,0.3498485593441108,2.2625044342430445,BALANCE,1,-2.269974287752082e-06
4.09,0.019636406662092595,-0.005291560863937117,0.019941750242513337,0.02109129088777674,-0.3094917121863015,4.101404933481847,BALANCE,1,-2.266514056139087e-06
4.0920000000000005,0.01962718583442869,-0.0047788833660839525,0.023009711818284616,0.021762738213454497,0.33572366283887883,-1.2104562442238076,BALANCE,1,-2.264933917263529e-06
4.094,0.019616653720512776,-0.005170984635588687,0.018407769454627694,0.020588499147865116,-0.5871195327946909,3.9915535955183006,BALANCE,1,-2.2620851237626132e-06
4.096,0.01960954347329675,-0.004037305666341506,0.019941750242513337,0.020362137030991993,-0.11318105843656154,-3.4616463134856197,BALANCE,1,-2.2615570962342147e-06
4.098,0.019603626607209622,-0.00331103616841392,0.018407769454627694,0.019678108379264488,-0.3420143258637525,0.31627975436702727,BALANCE,1,-2.260760786277626e-06
4.1,0.019599850175881985,-0.0023951332650079434,0.018407769454627694,0.01923348975564161,-0.22230931181143818,-1.555428104154151,BALANCE,1,-2.260446895962062e-06
4.102,0.01959741909507997,-0.0016539994262147672,0.018407769454627694,0.01894448765028674,-0.14450105267743532,-0.6244651091530087,BALANCE,1,-2.2602061460066107e-06
4.104,0.01959570733306936,-0.001159158303074555,0.01687378866674205,0.018219743006046098,-0.36237232212032144,-0.019339162402278065,BALANCE,1,-2.2599597706864744e-06
4.106,0.01959575747447268,-0.00042246699418491986,0.019941750242513337,0.018822445538809632,0.3013512663817674,-1.8057939965998058,BALANCE,1,-2.2600956213718346e-06
4.108,0.019593845097250203,-0.0007547571034493253,0.021475731030398976,0.019751095460865904,0.46432496102813586,3.540156863382717,BALANCE,1,-2.2596127956856713e-06
4.11,0.019588910272889712,-0.001928443272216495,0.021475731030398976,0.02035471791020248,0.30181122466828825,4.899665415877041,BALANCE,1,-2.2581388330199986e-06
4.112,0.019581837896718347,-0.0030996671953670077,0.019941750242513337,0.02021017922651128,-0.07226934184560024,3.635772871958455,BALANCE,1,-2.255880172502728e-06
4.114,0.019574846120677076,-0.0033783258760712014,0.021475731030398976,0.020653122357871975,0.22147156568034718,0.6344560188258748,BALANCE,1,-2.2540762879533773e-06
4.116,0.019566645757454496,-0.0039117134578631465,0.018407769454627694,0.019867248841736476,-0.3929367580677492,3.010959866915096,BALANCE,1,-2.251772388516344e-06
4.118,0.019560593864700198,-0.0033138321271673427,0.018407769454627694,0.019356431056248402,-0.25540889274403705,-1.951459134037805,BALANCE,1,-2.2508395107796185e-06
4.12,0.019556191107441976,-0.0025925746962886824,0.01687378866674205,0.01848750621992118,-0.4344624181636114,-0.8818852785773923,BALANCE,1,-2.250280282675193e-06
4.122,0.019554304892243763,-0.0015490998305738824,0.019941750242513337,0.018996491627828436,0.2544927039536283,-2.366448972113621,BALANCE,1,-2.250307080231998e-06
4.124,0.019551027414130437,-0.0016058886244836774,0.018407769454627694,0.018790438867208176,-0.10302638031012973,3.1757311292987325,BALANCE,1,-2.2495336268462185e-06
4.126,0.019548065402485406,-0.0015275715034945782,0.019941750242513337,0.019193397848564983,0.20147949067840334,0.3032152895514528,BALANCE,1,-2.2488781774022514e-06
4.128,0.019543769016633794,-0.0019322422064948818,0.018407769454627694,0.01891842791068693,-0.13748496893902645,2.7634397963411255,BALANCE,1,-2.2477403230062786e-06
4.13,0.019539956755865787,-0.0019156921325216667,0.019941750242513337,0.019276590726826172,0.17908140806962083,0.03522592312900419,BALANCE,1,-2.24687017331249e-06
4.132,0.019534996904492747,-0.0022895428040877377,0.018407769454627694,0.018972503281556703,-0.1520437226347343,2.589246708166537,BALANCE,1,-2.2455618101312743e-06
4.134,0.019530674103427254,-0.002206977465982975,0.018407769454627694,0.01877484644213155,-0.09882841971257592,-0.07799958418447228,BALANCE,1,-2.2446074868432576e-06
4.136,0.019526801222821702,-0.002034361226222477,0.019941750242513337,0.019183262772265175,0.20420816506681178,0.3358634288272857,BALANCE,1,-2.243795291225842e-06
4.138,0.019521709076861456,-0.002374300935097556,0.019941750242513337,0.019448733386852032,0.1327353072934287,2.784661086870405,BALANCE,1,-2.2424651300104092e-06
4.14,0.019515722604770438,-0.0027973523795284854,0.019941750242513337,0.019621289286333488,0.08627794974072796,2.2288064615585514,BALANCE,1,-2.2408563064026046e-06
4.142,0.019509145452282578,-0.0031386365453119,0.018407769454627694,0.01919655734523646,-0.2123659705485139,1.8675009551058328,BALANCE,1,-2.2391295362564493e-06
4.144,0.019503690858212977,-0.0028658430537710196,0.021475731030398976,0.01999426813504334,0.39885539490343985,-0.5471343236739235,BALANCE,1,-2.238051797861971e-06
4.146,0.019496142136518017,-0.0035244954580401153,0.018407769454627694,0.019438993596897863,-0.2776372690727388,4.390499247330119,BALANCE,1,-2.235870114576192e-06
4.148,0.019490033454603532,-0.0032067429480962775,0.021475731030398976,0.02015185169862325,0.3564290508626944,-1.0547585367680385,BALANCE,1,-2.2346965739571436e-06
4.15,0.01948214109162802,-0.003747232439811267,0.021475731030398976,0.020615209464744755,0.23167888306075204,4.0605435088189505,BALANCE,1,-2.2324853455854686e-06
4.152,0.019472976184402517,-0.0043887987014968625,0.019941750242513337,0.02037949873696376,-0.11785536389049764,3.0903436323707014,BALANCE,1,-2.229827279528264e-06
4.154,0.01946450179880018,-0.00427762002016857,0.019941750242513337,0.02022628676390611,-0.07660598652882433,0.2799270130938445,BALANCE,1,-2.227987967292806e-06
4.156,0.019456737486574026,-0.003995237282039499,0.021475731030398976,0.020663592257178613,0.2186527466362508,0.6007293136037721,BALANCE,1,-2.2264585353481875e-06
4.158,0.019448074849634484,-0.0042460678773675615,0.019941750242513337,0.020410947552045765,-0.12632235256642385,2.989037508520723,BALANCE,1,-2.2242544726531328e-06
4.16,0.019440254394724788,-0.00400570953951163,0.018407769454627694,0.01970983521794944,-0.3505561670481619,0.21407803259135516,BALANCE,1,-2.2226760699876335e-06
4.162,0.019434624577519335,-0.0032095791293575058,0.021475731030398976,0.02032789875230678,0.3090317671786691,-1.6218592233083287,BALANCE,1,-2.2220006766699785e-06
4.164,0.019427593717844572,-0.003424669483144548,0.021475731030398976,0.02072964004963905,0.20087064866613524,3.6919280625677597,BALANCE,1,-2.2202403084456008e-06
4.166,0.01941948786756857,-0.0038863531132276932,0.019941750242513337,0.020453878617145052,-0.13788071624699916,2.850743592307425,BALANCE,1,-2.218026950052326e-06
4.168,0.019412151126634664,-0.003732898732650102,0.019941750242513337,0.020274633686023953,-0.08962246556054945,0.12418698705270992,BALANCE,1,-2.2164748631665447e-06
4.17,0.019405492545409866,-0.003455332345816839,0.01687378866674205,0.01908433792927529,-0.5951478783743324,0.4994982966770416,BALANCE,1,-2.2151664242514834e-06
4.172,0.019402262992750545,-0.0022682146816881328,0.021475731030398976,0.01992132551466858,0.4184937926966451,-3.6161227512381418,BALANCE,1,-2.2151535174186336e-06
4.174,0.019396931315458495,-0.0025336178032085875,0.019941750242513337,0.019928474169414245,0.003574327372832947,4.543229872453276,BALANCE,1,-2.2138000494007456e-06
4.176,0.01939143115285201,-0.002678454667192993,0.018407769454627694,0.019396227519238952,-0.2661233250876461,1.2243030691475183,BALANCE,1,-2.2124638726452555e-06
4.178,0.01938729856325519,-0.0022855083918619677,0.021475731030398976,0.020124053748144962,0.3639131144530048,-0.9652129495468316,BALANCE,1,-2.211728722431983e-06
4.18,0.01938115218493504,-0.002828689032909339,0.023009711818284616,0.02113403407269384,0.5049901622744389,4.118748140512736,BALANCE,1,-2.210029948571495e-06
4.182,0.01937207387987838,-0.004170571894482289,0.018407769454627694,0.020179841456370688,-0.4770963081615759,5.307963342557142,BALANCE,1,-2.206957469834606e-06
4.184,0.019365353716909527,-0.003612339098223507,0.019941750242513337,0.020096509531520614,-0.04166596242503699,-2.6059799779103656,BALANCE,1,-2.2058887434890945e-06
4.186,0.01935915655849734,-0.0032642094289959825,0.019941750242513337,0.020042343780368066,-0.027082875576274132,0.872462872490941,BALANCE,1,-2.204731650732015e-06
4.188,0.019353265334738436,-0.0030501990217711686,0.019941750242513337,0.02000713604211891,-0.01760386912457758,0.9858776222118909,BALANCE,1,-2.203533496465959e-06
4.19,0.01934754656250248,-0.002922637400900832,0.019941750242513337,0.01998425101225696,-0.011442514930974992,1.059597209530514,BALANCE,1,-2.2023121514327498e-06
4.192,0.019341917602294898,-0.0028505480622074823,0.019941750242513337,0.01996937574284669,-0.007437634705134699,1.1075149412876177,BALANCE,1,-2.2010747628207234e-06
4.194,0.01933632770342358,-0.002813599925514128,0.018407769454627694,0.019422813541970042,-0.27328110043832454,1.138661466929724,BALANCE,1,-2.1998245680890277e-06
4.196,0.01933221641423516,-0.0023269107242253877,0.019941750242513337,0.019604441387160196,0.09081392259507708,-1.0208799909883939,BALANCE,1,-2.199155746400131e-06
4.198,0.019327617158818627,-0.002309317168644728,0.015339807878856412,0.01811181965925387,-0.7463108639531625,1.9027778639902282,BALANCE,1,-2.1981179433727133e-06
4.2,0.01932699662216237,-0.001033682534354071,0.019941750242513337,0.018752295363394685,0.32023785207040656,-4.883777732070067,BALANCE,1,-2.1984316412684174e-06
4.202,0.01932457716666692,-0.0011435894158201816,0.021475731030398976,0.019705497846846186,0.47660124172575064,3.687040538366934,BALANCE,1,-2.1978557167208674e-06
4.204,0.019319194558027296,-0.002210935798687701,0.01687378866674205,0.01871439963380974,-0.4955491065182227,4.995139804616777,BALANCE,1,-2.19624956595435e-06
4.206,0.019316119115593437,-0.0017871647522696645,0.01687378866674205,0.01807018579533605,-0.3221069192368454,-2.841528874117197,BALANCE,1,-2.1957309540323023e-06
4.208,0.019314713612579457,-0.0011129360247863736,0.021475731030398976,0.019262126627608074,0.5959704161360123,-1.4926442061746004,BALANCE,1,-2.1956199577749467e-06
4.21,0.01930987132824788,-0.001994304799321108,0.01687378866674205,0.018426208341304966,-0.41795914315155386,5.9234909267445826,BALANCE,1,-2.194227040424801e-06
4.212,0.01930694040747696,-0.00166247533370636,0.01687378866674205,0.017882861455207948,-0.2716734430485094,-2.238100644734133,BALANCE,1,-2.193690320021978e-06
4.214,0.019305366729533206,-0.0011195232046662842,0.023009711818284616,0.019677259082284782,0.8971988135384172,-1.1004158570755982,BALANCE,1,-2.1934938083934843e-06
4.216,0.019298688401429634,-0.002754238861427243,0.018407769454627694,0.0192329377126048,-0.22216068483999102,8.358226053244424,BALANCE,1,-2.1913009631298416e-06
4.218,0.01929274187334353,-0.0029027694292024595,0.018407769454627694,0.018944128822312813,-0.14440444514599374,-0.6233092159636402,BALANCE,1,-2.1898606726392753e-06
4.22,0.019287566783514083,-0.002695270946521293,0.019941750242513337,0.019293296319382997,0.17458374853509226,-0.018587831829181223,BALANCE,1,-2.1888094693790443e-06
4.222,0.019281477532300424,-0.0029336330537082286,0.018407769454627694,0.018983361916718643,-0.15496720133217726,2.5542677674437178,BALANCE,1,-2.1872840725884355e-06
4.224,0.019276197026997666,-0.0027399522544626527,0.019941750242513337,0.019318797830746786,0.16771795701407166,-0.10073589565429941,BALANCE,1,-2.1862029458673756e-06
4.226,0.019270044465438615,-0.002969838578341189,0.018407769454627694,0.018999937899105104,-0.15942996582084082,2.5008715259573804,BALANCE,1,-2.184667108601138e-06
4.228,0.019264733210981454,-0.002762240934720835,0.019941750242513337,0.019329572219297986,0.1648171600964407,-0.13544345262042023,BALANCE,1,-2.183589436958637e-06
4.23,0.019258573379090448,-0.002979367971753269,0.018407769454627694,0.019006941251663384,-0.16131548381730088,2.478311613929405,BALANCE,1,-2.182059815727684e-06
4.232,0.01925326991700546,-0.0027629528335004296,0.018407769454627694,0.018797231122700892,-0.10485506448124592,-0.15010739543860385,BALANCE,1,-2.180990254819623e-06
4.234,0.019248596224022065,-0.002486093729579402,0.01687378866674205,0.0181240262631153,-0.3366024297927969,0.28899335151208627,BALANCE,1,-2.1800861716045698e-06
4.236,0.019245786263187556,-0.0018048728029269692,0.019941750242513337,0.01876022965590461,0.3181016963946567,-1.6053778625554576,BALANCE,1,-2.179761332716787e-06
4.238,0.019241220025300855,-0.0021179637852355416,0.018407769454627694,0.01863686858545769,-0.06168053522346076,3.67042735051153,BALANCE,1,-2.1785959775472687e-06
4.24,0.019236794839621034,-0.002179454352723377,0.021475731030398976,0.01963047044118714,0.49680092786472463,0.6247678333397753,BALANCE,1,-2.1775656295200374e-06
4.242,0.019229529795884236,-0.0032393158877558363,0.019941750242513337,0.01973941837165131,0.05447396523208456,5.152235649389025,BALANCE,1,-2.1753082298765066e-06
4.244,0.019221734225705764,-0.0037180840320484116,0.015339807878856412,0.018199554699173094,-0.7699318362391072,1.620156824155755,BALANCE,1,-2.1731887081591955e-06
4.246,0.01921816662187515,-0.002461015900393551,0.01687378866674205,0.017735536587822228,-0.23200905567543303,-5.067481407962472,BALANCE,1,-2.1732101002259643e-06
4.248,0.019216165281181464,-0.0015413259855590372,0.01687378866674205,0.017433924815444167,-0.1508058861890305,-0.7919402501341306,BALANCE,1,-2.173150006610105e-06
4.25,0.01921499162701597,-0.0009500562659644528,0.023009711818284616,0.019385450266438325,0.9757627254970789,-0.160411600585594,BALANCE,1,-2.1730416639943424e-06
4.252,0.019208272532730376,-0.002741422562956784,0.018407769454627694,0.019043261982304605,-0.1710941420668601,8.96922881996293,BALANCE,1,-2.170816807240398e-06
4.2540000000000004,0.019201966342372638,-0.003024526676712635,0.01687378866674205,0.01828394632185771,-0.3796578302234475,-0.22615741759660457,BALANCE,1,-2.1692170557324955e-06
4.256,0.01919771366544637,-0.002445415369945975,0.019941750242513337,0.01886417769408718,0.290115686114735,-1.9402258624761175,BALANCE,1,-2.1685938111149428e-06
4.258,0.019191976160851436,-0.0027314936454889524,0.018407769454627694,0.01870443481027636,-0.07987144190541029,3.4527761505631105,BALANCE,1,-2.167139460889025e-06
4.26,0.019186601072323714,-0.002702494435877415,0.019941750242513337,0.019137495211559302,0.2165302006414717,0.4832945533732993,BALANCE,1,-2.165942131442346e-06
4.2620000000000005,0.019180047618161604,-0.0031017911501526546,0.019941750242513337,0.019418984472393215,0.14074463041695642,2.8804913178253315,BALANCE,1,-2.1642150671559465e-06
4.264,0.01917267892997336,-0.0035183192325928692,0.01687378866674205,0.018528165940415307,-0.44540926598895386,2.291096111679244,BALANCE,1,-2.16225760159714e-06
4.266,0.019167759912722345,-0.0028241144059303015,0.021475731030398976,0.01955981372190959,0.5158238907471413,-2.4515841714867124,BALANCE,1,-2.1616172337887883e-06
4.268,0.01916023159684526,-0.003505683621518952,0.019941750242513337,0.019693491504120902,0.0668388911056559,5.300179949291706,BALANCE,1,-2.159458779686749e-06
4.2700000000000005,0.019152265303230137,-0.0038537374064521964,0.01687378866674205,0.018706595511038305,-0.4934479965412984,1.7163206190925013,BALANCE,1,-2.1573892078105095e-06
4.272,0.019147080395427306,-0.003019409203632965,0.019941750242513337,0.019138899667054565,0.21615207800813016,-2.825188241668089,BALANCE,1,-2.1568321214858443e-06
4.274,0.019141003734384193,-0.0030324340756747808,0.021475731030398976,0.01995679064422511,0.408945488585272,2.877550604088315,BALANCE,1,-2.1554543385962753e-06
4.276,0.019132737934461356,-0.0038552273507243256,0.019941750242513337,0.01995152650362599,-0.002632070299560252,4.468971347335683,BALANCE,1,-2.15298784613743e-06
4.2780000000000005,0.019124411235486975,-0.0040822175713338795,0.021475731030398976,0.020484998087996534,0.2667357921852728,1.1760350278210774,BALANCE,1,-2.15092075752962e-06
4.28,0.019114786371888393,-0.004651854588308494,0.019941750242513337,0.020294861342077416,-0.0950683729595593,3.3629862227619745,BALANCE,1,-2.148223871092544e-06
4.282,0.019105797642774435,-0.004534095307869133,0.021475731030398976,0.02070816573298996,0.20665219545627256,0.4571446968481705,BALANCE,1,-2.146317217150755e-06
4.284,0.01909603024394777,-0.0048064694824568885,0.019941750242513337,0.02043992031132314,-0.1341227108334099,2.895707507629578,BALANCE,1,-2.143849719148285e-06
4.2860000000000005,0.01908723636519949,-0.0045028036638270945,0.021475731030398976,0.020802454062999683,0.18126687583827106,0.15341353201210928,BALANCE,1,-2.1421749807748398e-06
4.288,0.019077854590141746,-0.004646887277754738,0.021475731030398976,0.021038101001589437,0.1178234692948768,2.6982822504861494,BALANCE,1,-2.1399269684490253e-06
4.29,0.01906808702512499,-0.004831200946899472,0.019941750242513337,0.0206543782359128,-0.1918613828383181,2.2048738144543805,BALANCE,1,-2.1375476788253025e-06
4.292,0.019059630812376258,-0.004390023642919048,0.021475731030398976,0.02094185171398296,0.14373673903507986,-0.2956283685517769,BALANCE,1,-2.1360839934454386e-06
4.2940000000000005,0.01905080499828212,-0.0044073795777002855,0.019941750242513337,0.02059181619896859,-0.17501775750718498,2.4064050151196166,BALANCE,1,-2.134088037435326e-06
4.296,0.01904318165405218,-0.003984451152941511,0.015339807878856412,0.01875361328692933,-0.9191014560196303,-0.1646330881193645,BALANCE,1,-2.132757400688409e-06
4.298,0.019040899808175787,-0.0020944060426689275,0.018407769454627694,0.01863256794562376,-0.060522670652785396,-6.227594850941283,BALANCE,1,-2.133471453262772e-06
4.3,0.01903932727071402,-0.0012761918081714853,0.018407769454627694,0.018553888473775135,-0.039339735924312155,0.6337727115151425,BALANCE,1,-2.1334131785930987e-06
4.3020000000000005,0.019037847617936886,-0.0009452049487379444,0.019941750242513337,0.019039640092833505,0.24287580952918503,0.7985154210320108,BALANCE,1,-2.1331600025164526e-06
4.304,0.019034736622783422,-0.001332922783533947,0.019941750242513337,0.019355378645221445,0.15786927619397018,3.0853848818034906,BALANCE,1,-2.1323686698982393e-06
4.306,0.019030376113100395,-0.0018891721690532746,0.019941750242513337,0.01956060870427361,0.10261502952608158,2.424276928265048,BALANCE,1,-2.1312005737964963e-06
4.308,0.019025127778917347,-0.002381913242255132,0.018407769454627694,0.019157114966897537,-0.2017468686880356,1.9945567584650692,BALANCE,1,-2.1298005615324705e-06
4.3100000000000005,0.019020760151021263,-0.0022541171344920077,0.021475731030398976,0.01996863058912304,0.4057578111127513,-0.46454805149043255,BALANCE,1,-2.1288857386860965e-06
4.312,0.01901408696805628,-0.0030193524186840526,0.018407769454627694,0.01942232919204967,-0.2731506985366849,4.444180324249393,BALANCE,1,-2.1269614350458792e-06
4.314,0.01900870903999954,-0.002800673549561393,0.018407769454627694,0.01906723328395198,-0.17754795404884524,-1.019865836770499,BALANCE,1,-2.1258936719873608e-06
4.316,0.01900434849828947,-0.0024004125587859595,0.018407769454627694,0.01883642094368848,-0.11540617013174916,-0.2763496353536432,BALANCE,1,-2.1251401397482242e-06
4.3180000000000005,0.019000637012375067,-0.002053896845886165,0.01687378866674205,0.01814949964675723,-0.34346064846562524,0.20693589556731562,BALANCE,1,-2.1244745789117734e-06
4.32,0.018998745543089956,-0.0013622509722162226,0.021475731030398976,0.01931368063103184,0.5820904921373052,-1.658715208919568,BALANCE,1,-2.1243035783037233e-06
4.322,0.01899354768746602,-0.002201692594067522,0.019941750242513337,0.019533504995050365,0.10991218200926203,5.815544774960353,BALANCE,1,-2.1228221729492675e-06
4.324,0.01898741115378302,-0.0028002686577988604,0.015339807878856412,0.018065711004382482,-0.7338969953339415,2.051307755777118,BALANCE,1,-2.1211310311592807e-06
4.3260000000000005,0.018985120082324388,-0.001749954209462815,0.018407769454627694,0.018185431461968306,0.05986022879291182,-4.787233302408583,BALANCE,1,-2.1211287705565594e-06
4.328,0.018982566456196674,-0.0014547906495150378,0.015339807878856412,0.017189463207879143,-0.4979841270445814,1.570007718061393,BALANCE,1,-2.1206590246262016e-06
4.33,0.018982566016926734,-0.0005430592565033788,0.019941750242513337,0.018152763670001112,0.4816502310609847,-2.9525052238839025,BALANCE,1,-2.1208532200689383e-06
4.332,0.018979714366508697,-0.0011045451534367878,0.019941750242513337,0.01877890897038039,0.31307265018963926,4.942367668687944,BALANCE,1,-2.120117390460122e-06
4.3340000000000005,0.018974714012367177,-0.002051642140891962,0.018407769454627694,0.01864901013986695,-0.06494941525672128,3.6313157397399376,BALANCE,1,-2.1186815299154816e-06
4.336,0.01896969888146457,-0.0023535705872793087,0.01687378866674205,0.018027682624273234,-0.31066375779685745,0.5993452863382466,BALANCE,1,-2.1174196407252986e-06
4.338,0.01896624019272132,-0.001958185487948628,0.019941750242513337,0.01869760629065727,0.3349618331920188,-1.4036491049184656,BALANCE,1,-2.116829238953537e-06
4.34,0.018960903858846204,-0.0024350810574626856,0.021475731030398976,0.01966994994956687,0.48617182945479875,3.8015510429755865,BALANCE,1,-2.1154145511445767e-06
4.3420000000000005,0.01895273304028832,-0.0036855631930079995,0.019941750242513337,0.019765080052098132,0.04756505126563178,5.069571632612402,BALANCE,1,-2.112774862534417e-06
4.344,0.01894407450695774,-0.004168575454853805,0.018407769454627694,0.01929002134298348,-0.2375293545573264,1.566425213250942,BALANCE,1,-2.1104389448905827e-06
4.346,0.01893680525781183,-0.0037940219297723323,0.01687378866674205,0.01844433990629898,-0.42284071834224923,-0.7428335558796024,BALANCE,1,-2.109136364836945e-06
4.348,0.018932159372118708,-0.002829826324807529,0.01687378866674205,0.017894646972454055,-0.27484646692246295,-2.276065352360055,BALANCE,1,-2.1087821204432002e-06
4.3500000000000005,0.018929309104093787,-0.0019385840287144411,0.019941750242513337,0.018611133116974803,0.35824307226037416,-1.1250929170324604,BALANCE,1,-2.1086002816912417e-06
4.352,0.018924570801831464,-0.0022214870489343586,0.018407769454627694,0.018539955835153315,-0.03558864091074421,3.9826125651014816,BALANCE,1,-2.1074190777241484e-06
4.354,0.018919861077317742,-0.0023087640803847974,0.01687378866674205,0.017956797326209372,-0.2915792544719714,0.8276882228232452,BALANCE,1,-2.1063278636394476e-06
4.356,0.018916650412710165,-0.0018648893882065466,0.019941750242513337,0.01865153084691576,0.3473667603531936,-1.255226196203209,BALANCE,1,-2.105810481402162e-06
4.358,0.018911486315063494,-0.002344331924578916,0.01687378866674205,0.018029321083854962,-0.31110488153039856,3.8980259336404943,BALANCE,1,-2.104445468660772e-06
4.36,0.018907834379671282,-0.0020149644978803716,0.019941750242513337,0.018698671289385394,0.334675102765216,-1.4070797872118908,BALANCE,1,-2.103785732869874e-06
4.362,0.018902303600725177,-0.002522365220425161,0.021475731030398976,0.019670642198740148,0.48598545467737686,3.7993210994848514,BALANCE,1,-2.1023093559882985e-06
4.364,0.01889394796694753,-0.003785232782946294,0.018407769454627694,0.01922863673830079,-0.2210027302196795,5.0681221693434235,BALANCE,1,-2.0996009288429254e-06
4.366,0.018886580191061868,-0.003713850694803992,0.019941750242513337,0.01947822646477518,0.12479486323719625,-0.6143036374593887,BALANCE,1,-2.0980197070555167e-06
4.368,0.01887873478982089,-0.0038648382310664145,0.019941750242513337,0.019640459786983536,0.08111666110417748,2.1670524937840807,BALANCE,1,-2.0961538254343264e-06
4.37,0.018870601981789487,-0.0040120924464528565,0.019941750242513337,0.019745911446418966,0.05272582971771467,1.827360876052432,BALANCE,1,-2.0942231591293454e-06
4.372,0.018862359810156507,-0.0040920458457702905,0.019941750242513337,0.019814455025051997,0.034271789316515575,1.6065613245268553,BALANCE,1,-2.0923235975863118e-06
4.374,0.018854141926583592,-0.004104629511191359,0.019941750242513337,0.019859008351163467,0.02227666305573521,1.4630416160352446,BALANCE,1,-2.0904883390276335e-06
4.376,0.018846035335958945,-0.0040676146702767904,0.019941750242513337,0.019887968013135922,0.01447983098622728,1.36975380551569,BALANCE,1,-2.0887218328654877e-06
4.378,0.018838089343602312,-0.003999607989276482,0.01687378866674205,0.018833005241898067,-0.5274813856189272,1.3091167286779735,BALANCE,1,-2.087017966461259e-06
4.38,0.018833259380815745,-0.002954508985295869,0.01687378866674205,0.018147279440593463,-0.34286290065230207,-3.0898707704375337,BALANCE,1,-2.0867222906273037e-06
4.382,0.018830635294375495,-0.0019088984975452732,0.019941750242513337,0.01877534422126542,0.31403239033597763,-1.6540664387828088,BALANCE,1,-2.0866830166362463e-06
4.384,0.01882638652658513,-0.0020483501636733184,0.019941750242513337,0.01918358632870219,0.20412105371838546,3.638779775963746,BALANCE,1,-2.0856824727095037e-06
4.386,0.018820844253038795,-0.0025369127197064144,0.01687378866674205,0.018375157147016142,-0.40421459084302375,2.7839836094692147,BALANCE,1,-2.08421547060889e-06
4.388,0.018817335406056856,-0.002040267075146517,0.015339807878856412,0.017312784903160235,-0.5311861219279533,-2.1312072979232215,BALANCE,1,-2.0836806509584935e-06
4.39,0.018816724927793765,-0.0009439302596895309,0.018407769454627694,0.017696029496173847,0.19162229650680587,-3.2107218812340124,BALANCE,1,-2.083894409184344e-06
4.392,0.01881498228156454,-0.0008991328899682874,0.018407769454627694,0.017945138481632695,0.12455449272942391,2.594740141824878,BALANCE,1,-2.0835172422885758e-06
4.394,0.018812223629662783,-0.0012015853947734145,0.015339807878856412,0.017033272770660995,-0.4559328554858497,2.073144250733353,BALANCE,1,-2.0828385368586117e-06
4.396,0.018811618235192396,-0.0006462676585760625,0.021475731030398976,0.01858813316156929,0.7774301954541467,-2.625466477647138,BALANCE,1,-2.08281393330813e-06
4.398,0.018806489550731765,-0.001978623961111657,0.018407769454627694,0.01852500586413973,-0.03156364871477989,7.334729553327331,BALANCE,1,-2.081305361653843e-06
4.4,0.018801052156841497,-0.002477536071456716,0.019941750242513337,0.019020866396570493,0.2479302662153817,0.8589911621301446,BALANCE,1,-2.079864677228392e-06
4.402,0.018794089842913753,-0.0031923316443034162,0.021475731030398976,0.01988006901841046,0.42960131091998416,3.1246941135172834,BALANCE,1,-2.077891814003981e-06
4.404,0.018784664426455107,-0.004393420203927691,0.018407769454627694,0.019364764171086492,-0.25765242366198454,4.629614628464501,BALANCE,1,-2.0748352854522457e-06
4.406,0.018776522284215082,-0.004160007407458826,0.019941750242513337,0.019566709296085887,0.10097256249969738,-0.8993335390306869,BALANCE,1,-2.073248242382148e-06
4.408,0.018768171618638464,-0.004171503872342013,0.018407769454627694,0.01916108035157552,-0.20281447225518368,1.9817830577627322,BALANCE,1,-2.0713927364660834e-06
4.41,0.01876118350655128,-0.00370087135362633,0.019941750242513337,0.019434314813403755,0.136617230914118,-0.47285095694693835,BALANCE,1,-2.070244368128304e-06
4.412,0.018753773232563983,-0.003704126984281096,0.018407769454627694,0.019075023937832135,-0.17964543778581019,2.2589967361171697,BALANCE,1,-2.0686056074736495e-06
4.414,0.018747514078842602,-0.003314097471228939,0.018407769454627694,0.01884148486871058,-0.1167695345607768,-0.2926620660165533,BALANCE,1,-2.0675160695305593e-06
4.416,0.01874210970676065,-0.002908878858678932,0.018407769454627694,0.01868968447378157,-0.07590019746450509,0.19633281563642058,BALANCE,1,-2.06659256709704e-06
4.418,0.018737259359223123,-0.0025932138690393956,0.019941750242513337,0.01912790749283769,0.21911150952805963,0.5141794887108536,BALANCE,1,-2.0657078863483863e-06
4.42,0.01873126049945477,-0.002869844780401536,0.021475731030398976,0.01994964573098414,0.4108691190732247,2.9005665257947384,BALANCE,1,-2.064223776859668e-06
4.422,0.018722955457980778,-0.003835208049421428,0.018407769454627694,0.019409989034259383,-0.2698283483623786,4.483931696444846,BALANCE,1,-2.0617025584292914e-06
4.424,0.01871599553110196,-0.003588429299290352,0.021475731030398976,0.02013299873290824,0.36150484932442883,-0.9940274448434661,BALANCE,1,-2.0603643319840843e-06
4.426,0.018707282886844513,-0.0041673554462092095,0.01687378866674205,0.018992275209750074,-0.5703617615790829,4.100018718569925,BALANCE,1,-2.057966343885227e-06
4.428,0.018701727925122605,-0.003237651946154192,0.019941750242513337,0.019324591471217217,0.1661581307335711,-3.423357580047659,BALANCE,1,-2.05747761384552e-06
4.43,0.018695621133086034,-0.003113037072859445,0.019941750242513337,0.019540597041170858,0.1080027849768208,2.488740534141602,BALANCE,1,-2.0562178752157906e-06
4.432,0.01868901149185693,-0.0032458461090410363,0.018407769454627694,0.01914410738588075,-0.19824482764505338,2.036458102284818,BALANCE,1,-2.0546734533142354e-06
4.434,0.018683521257250608,-0.0029134780287271454,0.018407769454627694,0.01888638910994218,-0.12885913796928555,-0.43731217800758193,BALANCE,1,-2.0536841747592713e-06
4.436,0.018678843971215837,-0.0025399017768069744,0.01687378866674205,0.018181978954822136,-0.3522050775600222,0.10231024284224643,BALANCE,1,-2.052872936787921e-06
4.438,0.018676142263771053,-0.0017902891083845193,0.018407769454627694,0.018261005629754083,0.03951333746597327,-1.7267218831908493,BALANCE,1,-2.052625179362704e-06
4.44,0.01867321685897145,-0.0015848967418019605,0.021475731030398976,0.019386159519979795,0.5625769451128564,1.4117670375130311,BALANCE,1,-2.0520560459665848e-06
4.442,0.018667030748703673,-0.0026488228057069,0.01687378866674205,0.018506829721346586,-0.4396648993166049,5.663785132101639,BALANCE,1,-2.050216047024696e-06
4.444,0.018662925506379147,-0.002266368582374527,0.018407769454627694,0.018472158627994974,-0.017335546675805585,-2.406909411252044,BALANCE,1,-2.0495145944397357e-06
4.446,0.01865891689888494,-0.002098673547608377,0.019941750242513337,0.0189865156930764,0.25717853254071316,0.9696451442732539,BALANCE,1,-2.0487121287874064e-06
4.448,0.01865341536996309,-0.0025382216379513586,0.019941750242513337,0.01932084778537933,0.16716604615146444,3.1966192019102895,BALANCE,1,-2.0472865495287443e-06
4.45,0.018646837237697493,-0.0030627896334512947,0.018407769454627694,0.01900127036961626,-0.15978870788153562,2.496579236334475,BALANCE,1,-2.0455290104687024e-06
4.452,0.018641032301145395,-0.0029553437457117368,0.019941750242513337,0.019330438325130237,0.16458397775698935,-0.13823344087530942,BALANCE,1,-2.0443240108925865e-06
4.454,0.01863438948267089,-0.0032096688163935814,0.018407769454627694,0.019007504220454347,-0.16146705233794495,2.476498121563729,BALANCE,1,-2.0426993955792464e-06
4.456,0.018628631606167345,-0.002988386404494511,0.01687378866674205,0.018260703776655042,-0.3734002218996526,-0.1512861654762987,BALANCE,1,-2.0415828883019916e-06
4.458,0.018625017661597246,-0.0022333892217937814,0.019941750242513337,0.018849070039705446,0.29418313152520215,-1.8915595485979184,BALANCE,1,-2.0412110119311364e-06
4.46,0.018619885411080294,-0.002454015038260484,0.01687378866674205,0.01815772155916826,-0.3456742402685939,3.484409254583944,BALANCE,1,-2.039975656387713e-06
4.462,0.018616529587859695,-0.001962776789771405,0.018407769454627694,0.01824523832257906,0.043758381705401306,-1.6759306285986557,BALANCE,1,-2.0394716255839157e-06
4.464,0.018612906392936033,-0.0018668148833430873,0.019941750242513337,0.01883901749455606,0.29688958598849885,1.444781352997954,BALANCE,1,-2.0387169112757055e-06
4.466,0.01860751532969091,-0.0024259336753634326,0.018407769454627694,0.018688080680581132,-0.07546840698746324,3.505457737581354,BALANCE,1,-2.0372798918551e-06
4.468,0.01860232944310017,-0.0025366423512713627,0.019941750242513337,0.019126865027257405,0.21939217333813604,0.517537584935162,BALANCE,1,-2.036085556606129e-06
4.47,0.01859587505325734,-0.0030164723630657364,0.019941750242513337,0.01941207485259698,0.142604912669788,2.902749288340533,BALANCE,1,-2.0343882394727267e-06
4.472,0.018588551642030042,-0.0034776943113613095,0.018407769454627694,0.01906056796330773,-0.17575344464462564,2.305563792514123,BALANCE,1,-2.0324659812785453e-06
4.474,0.018582177052266412,-0.003279701473637411,0.01687378866674205,0.018295195209509743,-0.38268637689899304,-0.2623934793585414,BALANCE,1,-2.0312140958139386e-06
4.476,0.01857804968039016,-0.0024946564095832094,0.019941750242513337,0.018871489471061,0.2881471307756289,-1.9637793026213597,BALANCE,1,-2.0307949219405994e-06
4.478,0.01857250561486846,-0.0026806140251446676,0.019941750242513337,0.01924608074106932,0.18729563500415913,3.4374664144686915,BALANCE,1,-2.0294800270332654e-06
4.48,0.01856587128516572,-0.0031250074917192885,0.015339807878856412,0.017878885239294803,-0.6835977508872579,2.6531299244974322,BALANCE,1,-2.0277546713182873e-06
4.482,0.018562913894967642,-0.0020727304651035304,0.018407769454627694,0.018063994714661316,0.0925547376832564,-4.396048892740375,BALANCE,1,-2.0276918093918026e-06
4.484,0.018559596028511968,-0.0018115116815946904,0.021475731030398976,0.019258102425169496,0.5970538552540899,1.8242775843457302,BALANCE,1,-2.0270751148819525e-06
4.486,0.01855289790914322,-0.0029151587872736054,0.018407769454627694,0.018960485885479866,-0.14880826984481516,5.931916987542889,BALANCE,1,-2.025055599137249e-06
4.488,0.018546723750248028,-0.0030325356898753117,0.01687378866674205,0.01823014185892163,-0.3651720132791178,-0.05283700562972937,BALANCE,1,-2.0236329690813156e-06
4.49,0.018542567390170284,-0.002418127019102461,0.018407769454627694,0.018292311517418752,0.03108482924856111,-1.8275675946976446,BALANCE,1,-2.0230828759017114e-06
4.492,0.018538343210861202,-0.0022213632464698945,0.018407769454627694,0.018332721795441882,0.020205139011564982,1.346217325033614,BALANCE,1,-2.022258341032765e-06
4.494,0.018533963833578596,-0.002201018421492525,0.01687378866674205,0.01782209520039694,-0.2553132975224703,1.2616044198190328,BALANCE,1,-2.021312379426252e-06
4.496,0.01853089268227835,-0.0017821928845718656,0.018407769454627694,0.018027081189377705,0.10249299449038157,-0.9731806681559458,BALANCE,1,-2.020820352774158e-06
4.498,0.01852718792179754,-0.0018270658832914184,0.01687378866674205,0.017623428806455226,-0.20182619146123965,1.901568827285715,BALANCE,1,-2.01999502679912e-06
4.5,0.01852441823809929,-0.00155037584151321,0.015339807878856412,0.016824161481795642,-0.39963366232979164,-0.5572038033026037,BALANCE,1,-2.0194907132719907e-06
4.502,0.018523696810683693,-0.0008107111327596934,0.019941750242513337,0.017915317548046837,0.5455780331255974,-2.1876196097305947,BALANCE,1,-2.0195196880735163e-06
4.5040000000000004,0.01851980396754749,-0.001553839007325978,0.019941750242513337,0.01862456899111011,0.3546257215316373,5.43954331788759,BALANCE,1,-2.018483517960681e-06
4.506,0.018513587441261036,-0.0026532341500344406,0.018407769454627694,0.018548689153341267,-0.0379399188844224,3.954479911719705,BALANCE,1,-2.0166351675739958e-06
4.508,0.01850727197295314,-0.0030008616152170362,0.018407769454627694,0.018499367258791515,-0.02466094727487586,0.8094019981250967,BALANCE,1,-2.0150494200807827e-06
4.51,0.018501057855036016,-0.003073466633750351,0.018407769454627694,0.01846730802733418,-0.016029615728668442,0.912674457328484,BALANCE,1,-2.013648826774599e-06
4.5120000000000005,0.018494988888332516,-0.0030472473990358316,0.021475731030398976,0.019520256078406857,0.5264740255363394,0.979801555810703,BALANCE,1,-2.0123444495670098e-06
4.514,0.018486123849319493,-0.004114696599542935,0.01687378866674205,0.018593992484324175,-0.4631317970413412,5.383007568995127,BALANCE,1,-2.0095994312447183e-06
4.516,0.01847968216748971,-0.0035042423872595984,0.01687378866674205,0.017991921148170432,-0.30103566807687143,-2.5894148272712796,BALANCE,1,-2.0086940332791323e-06
4.518,0.018475228023320273,-0.0026733434476028913,0.01687378866674205,0.0176005747796705,-0.19567318424996635,-1.3287700757247456,BALANCE,1,-2.0082727527208608e-06
4.5200000000000005,0.018472074397842708,-0.0019788075829907242,0.019941750242513337,0.018419986191665492,0.40970570599749634,-0.5093509872195008,BALANCE,1,-2.0079316161966876e-06
4.522,0.018466719845283554,-0.002448093055782017,0.018407769454627694,0.018415710333702262,-0.00213792898161487,4.3828448194799,BALANCE,1,-2.006545888350513e-06
4.524,0.01846121156631863,-0.0026531336358538602,0.01687378866674205,0.017876037750266187,-0.2698362917180376,1.0878391881692169,BALANCE,1,-2.0052371200517625e-06
4.526,0.018457122827709123,-0.0022627397147965385,0.019941750242513337,0.01859903712255269,0.36149968614325106,-1.0861280687283295,BALANCE,1,-2.0045533891144812e-06
4.5280000000000005,0.01845107998923483,-0.0027838605689106378,0.015339807878856412,0.017458306887258992,-0.5703651176468486,4.00793971649917,BALANCE,1,-2.00296018577505e-06
4.53,0.018448037189988144,-0.0019831858997277694,0.018407769454627694,0.017790618785838038,0.16615594928952315,-3.5154225279392493,BALANCE,1,-2.002706494187813e-06
4.532,0.018444160477775626,-0.0019546503201432483,0.019941750242513337,0.01854351479567439,0.3764480049181767,2.3966847214664675,BALANCE,1,-2.0018767096221927e-06
4.534,0.01843810098201441,-0.0026996921527183584,0.018407769454627694,0.018496003926308048,-0.023755434683171706,4.1241949270858775,BALANCE,1,-2.0001914485088405e-06
4.5360000000000005,0.018431974126664766,-0.00294821470056281,0.018407769454627694,0.018465121861219923,-0.01544103254406265,0.9197167581131092,BALANCE,1,-1.9987121696799765e-06
4.538,0.01842591633562001,-0.003003131142962667,0.01687378866674205,0.017908155243152667,-0.27848330903362806,0.9843790513206943,BALANCE,1,-1.9973631717795554e-06
4.54,0.01842143155198857,-0.002510613772259887,0.018407769454627694,0.018083020217168927,0.08743248700813014,-1.1533771576798644,BALANCE,1,-1.9966802168964053e-06
4.542,0.018416572979236892,-0.002457558873698903,0.01687378866674205,0.01765978917451952,-0.21161552132470396,1.7844411090951768,BALANCE,1,-1.995654915275633e-06
4.5440000000000005,0.018412852947527557,-0.002077258594173307,0.019941750242513337,0.018458475548317355,0.3993431868989181,-0.6333368201264604,BALANCE,1,-1.9950324963303544e-06
4.546,0.01840693559539093,-0.0026821763642350944,0.018407769454627694,0.018440728415525975,-0.008873566395690285,4.3022540280903865,BALANCE,1,-1.993443052211053e-06
4.548,0.018400907301508455,-0.0029081878678673605,0.01687378866674205,0.0178922995034516,-0.27421445603718725,1.0354551737660362,BALANCE,1,-1.9920023183537712e-06
4.55,0.018396364852902664,-0.002495492041734048,0.018407769454627694,0.01807271398636323,0.09020724145581555,-1.120177678090402,BALANCE,1,-1.991256405410946e-06
4.5520000000000005,0.01839141060832321,-0.002483594897760081,0.018407769454627694,0.018189983400255794,0.058634706946281145,1.8060207708283182,BALANCE,1,-1.990190027825363e-06
4.554,0.01838610969791582,-0.002594563772566022,0.018407769454627694,0.01826620851928596,0.03811255951508344,1.5604766595855968,BALANCE,1,-1.9889824827091403e-06
4.556,0.018380562146267494,-0.002714607310237639,0.015339807878856412,0.017241968295135617,-0.5121201120751716,1.4008729872778252,BALANCE,1,-1.9877140302272546e-06
4.558,0.01837780098816016,-0.0018704796258988449,0.019941750242513337,0.018186891976717818,0.4724618407911003,-3.062442798893236,BALANCE,1,-1.987529502991401e-06
4.5600000000000005,0.01837251901744711,-0.002387956966025279,0.019941750242513337,0.01880109236974625,0.3071001965142157,4.870908244931872,BALANCE,1,-1.986151956204337e-06
4.562,0.018365376228632484,-0.0032403485830373702,0.018407769454627694,0.018663429349454756,-0.06883151014574693,3.5848671142985005,BALANCE,1,-1.9840957562396485e-06
4.564,0.018358463545541596,-0.0033914758725243762,0.021475731030398976,0.01964773493778523,0.49215279416523794,0.5691536798013099,BALANCE,1,-1.9824947120473317e-06
4.566,0.01834895560088423,-0.0044662587228293275,0.018407769454627694,0.019213747018680092,-0.21699395955256973,5.116086449589018,BALANCE,1,-1.979539703873017e-06
4.5680000000000005,0.01834056828126955,-0.004267034391860053,0.01687378866674205,0.01839476159550178,-0.4094927115891565,-0.5831268552997524,BALANCE,1,-1.9779141134121484e-06
4.57,0.018334771784317975,-0.003345828374449813,0.018407769454627694,0.01839931434619585,0.0022763753470354114,-2.1722559969831456,BALANCE,1,-1.977410942579478e-06
4.572,0.01832936518792748,-0.002920288605869301,0.019941750242513337,0.01893916690990697,0.2699262818555599,1.1221698635480344,BALANCE,1,-1.9765286615438017e-06
4.574,0.018322641916604654,-0.0032281261827316584,0.018407769454627694,0.018753177800559222,-0.09299455467387356,3.2957602694388974,BALANCE,1,-1.974876417038641e-06
4.5760000000000005,0.018316430156273385,-0.0031452014100796545,0.018407769454627694,0.018632284879483187,-0.0604464605380179,0.3812342306425648,BALANCE,1,-1.973593252830072e-06
4.578,0.01831065162059948,-0.0029738245400006266,0.018407769454627694,0.018553704480783764,-0.0392901993497112,0.6343654084648479,BALANCE,1,-1.9724594022904993e-06
4.58,0.01830518310590906,-0.0028148242108965295,0.01687378866674205,0.017965733945869165,-0.2939852674572994,0.7989006740493363,BALANCE,1,-1.971379065136074e-06
4.582,0.018301385598228304,-0.0022295136604603355,0.021475731030398976,0.0191942329254546,0.6142494897927175,-1.2739381029062453,BALANCE,1,-1.970875809810323e-06
4.5840000000000005,0.018294284618934755,-0.0031836167924959038,0.01687378866674205,0.01838207743490521,-0.4060777452746956,6.065649893869017,BALANCE,1,-1.968795429500599e-06
4.586,0.018289202432913338,-0.0027617312771643235,0.01687378866674205,0.017854176366048104,-0.2639505344285524,-2.145697316103252,BALANCE,1,-1.9679686886843183e-06
4.588,0.018285689971505387,-0.002121945401807286,0.018407769454627694,0.01804793394705096,0.0968787905014281,-1.0403536934655326,BALANCE,1,-1.9675458495677497e-06
4.59,0.01828169918646714,-0.00204100983480523,0.019941750242513337,0.018710769650462793,0.33141785170591637,1.8579063608344826,BALANCE,1,-1.966722877524171e-06
4.5920000000000005,0.018275790324438733,-0.002668252499472354,0.019941750242513337,0.019141612857680484,0.21542160360884555,3.7739889926750987,BALANCE,1,-1.9651364174949e-06
4.594,0.01826852385271109,-0.0033619932051077157,0.018407769454627694,0.01888476766661201,-0.1284225955342378,2.8718696003315936,BALANCE,1,-1.9631272554063668e-06
4.596,0.01826186594856607,-0.003339392435030075,0.021475731030398976,0.01979160484393745,0.45341858866271983,0.10570529572281817,BALANCE,1,-1.961711921965443e-06
4.598,0.01825285235128417,-0.004238409183459413,0.018407769454627694,0.019307262457679036,-0.24217119312920643,4.814844999938005,BALANCE,1,-1.95904810230191e-06
4.6000000000000005,0.018245117310663327,-0.003973817844448344,0.019941750242513337,0.01952933318237104,0.11103536234600281,-0.7789337975729094,BALANCE,1,-1.9576182728864195e-06
4.602,0.018237085673961508,-0.004004514052696001,0.018407769454627694,0.01913678587766087,-0.19627365235508515,2.060042889710285,BALANCE,1,-1.9558675779203638e-06
4.604,0.018230338037960158,-0.003569763589637252,0.018407769454627694,0.01888163012959926,-0.1275778740308063,-0.42198206618102896,BALANCE,1,-1.954770541499717e-06
4.606,0.018224567029998452,-0.0031119180358776415,0.018407769454627694,0.018715778893359212,-0.08292561812002323,0.11227481552950502,BALANCE,1,-1.953858616622979e-06
4.6080000000000005,0.018219441751208026,-0.0027509054835083142,0.018407769454627694,0.01860797558980318,-0.053901651778015536,0.45954178864136674,BALANCE,1,-1.952985022443488e-06
4.61,0.018214703136176992,-0.002502561511578224,0.019941750242513337,0.019074796718251734,0.23341056422427653,0.6852653211640665,BALANCE,1,-1.9521080405965486e-06
4.612,0.01820869922069014,-0.002843269395548201,0.018407769454627694,0.01884133717598332,-0.11672977113420628,3.0117723168893162,BALANCE,1,-1.950626664317185e-06
4.614,0.01820324823737872,-0.0027651550880203545,0.018407769454627694,0.01868958847350885,-0.07587435123723556,0.19664206148534913,BALANCE,1,-1.949505200645821e-06
4.616,0.018198229615578407,-0.00259742300431815,0.018407769454627694,0.018590951816900445,-0.04931832830420285,0.5143804985126464,BALANCE,1,-1.948525918777644e-06
4.618,0.01819349114073715,-0.002448890293395652,0.018407769454627694,0.01852683799010498,-0.03205691339773151,0.7209104825804038,BALANCE,1,-1.9475909367791436e-06
4.62,0.018188905748859497,-0.0023476062483707765,0.01687378866674205,0.017948270726927958,-0.28928363158851195,0.8551549722244469,BALANCE,1,-1.9466608635741104e-06
4.622,0.018185853193820434,-0.0018300873697323285,0.018407769454627694,0.018109095281622866,0.08041227734745422,-1.237372809092418,BALANCE,1,-1.946237959080804e-06
4.624,0.018182312483313916,-0.0017922829532621052,0.021475731030398976,0.019287417793694504,0.5891612560358188,1.729843935677006,BALANCE,1,-1.9454946727586315e-06
4.626,0.018175376908671468,-0.003010270743644641,0.018407769454627694,0.01897954087502112,-0.15393845933669123,5.87053511590822,BALANCE,1,-1.9433865905802237e-06
4.628,0.018168969664673396,-0.0031432843278243034,0.01687378866674205,0.018242527602123446,-0.3685066364488374,-0.0927352221922626,BALANCE,1,-1.941928702936686e-06
4.63,0.018164611245072706,-0.0025198793116940708,0.01687378866674205,0.017763468974739956,-0.23952931369174493,-1.8535014354632926,BALANCE,1,-1.9413732457145917e-06
4.632,0.018161689939974995,-0.0018516582598738273,0.019941750242513337,0.01852586741846064,0.38119922186034133,-0.8504263710495621,BALANCE,1,-1.941060246209138e-06
4.634,0.018156678245431775,-0.0022865412707130882,0.018407769454627694,0.01848453313111911,-0.020667143670764776,4.161145819990369,BALANCE,1,-1.939796994752297e-06
4.636,0.018151584802360534,-0.0024587089879470744,0.018407769454627694,0.018457665844347115,-0.013433643385997451,0.9437348385010285,BALANCE,1,-1.938621388184761e-06
4.638,0.01814647014035897,-0.0025239644818443037,0.01687378866674205,0.01790330883218534,-0.27717850608088673,0.9999908035728473,BALANCE,1,-1.9374940165122804e-06
4.64,0.018142820032781486,-0.002079492964732363,0.01687378866674205,0.01754297677428019,-0.1801660289525754,-1.1432295187159733,BALANCE,1,-1.93693265211041e-06
4.642,0.01814015172641766,-0.0016128434346510555,0.018407769454627694,0.017845654212401817,0.15133871906081348,-0.38874962516379186,BALANCE,1,-1.9365466252175478e-06
4.644,0.018136562018325746,-0.0017288753064056326,0.01687378866674205,0.0175055012714209,-0.170076470490459,2.281449005230617,BALANCE,1,-1.9357388162088306e-06
4.646,0.018133700768682166,-0.0015420748676501382,0.019941750242513337,0.018358188411303253,0.4263435699411767,-0.310281687638418,BALANCE,1,-1.93519318568102e-06
4.648,0.01812833662008397,-0.002317250830391681,0.021475731030398976,0.019449328327986758,0.5455699583417524,4.512239864207609,BALANCE,1,-1.9337292233431144e-06
4.65,0.01811972115465834,-0.0038676901077246313,0.01687378866674205,0.01854788944655111,-0.4507194407178238,5.5315193664132245,BALANCE,1,-1.930868295441924e-06
4.652,0.018113266143211765,-0.00343048162397318,0.018407769454627694,0.018498847449377916,-0.02452099858659719,-2.492882158949524,BALANCE,1,-1.929832081884701e-06
4.654,0.01810721610187641,-0.003156894321231541,0.019941750242513337,0.019003863426975312,0.2525079887986982,0.9137628582698974,BALANCE,1,-1.9287345583965415e-06
4.656,0.018099950997865145,-0.003495058245743881,0.01687378866674205,0.01825833726089367,-0.3727630830408207,3.160295716008104,BALANCE,1,-1.9269463961513507e-06
4.658,0.01809476351402147,-0.0029009394934248244,0.01687378866674205,0.017773745252940603,-0.24229600397653386,-1.886604428672945,BALANCE,1,-1.9262466355123636e-06
4.66,0.018091107258422338,-0.0022159581176227823,0.01687378866674205,0.01745876044777111,-0.15749240258474717,-0.8719433166358348,BALANCE,1,-1.9258417964774333e-06
4.662,0.01808840170290966,-0.0016745384653842773,0.01687378866674205,0.017254020324410937,-0.10237006168008558,-0.21241359381171088,BALANCE,1,-1.9254903545862527e-06
4.664,0.018086200145681894,-0.0013179542348072076,0.018407769454627694,0.017657832519986802,0.20190609778793223,0.21628072602397164,BALANCE,1,-1.9251354378297417e-06
4.666,0.01808272206871898,-0.001586527376897088,0.018407769454627694,0.017920310447111114,0.13123896356215595,2.674718733502666,BALANCE,1,-1.9243118224098456e-06
4.668,0.01807826433613199,-0.0020072331240033317,0.01687378866674205,0.01755402782398194,-0.18314131156458613,2.1251303353239144,BALANCE,1,-1.9232018033964584e-06
4.67,0.018074588868176814,-0.0018995254736663388,0.018407769454627694,0.017852837394707954,0.14940478536300608,-0.41188882307777264,BALANCE,1,-1.9224646062669386e-06
4.672,0.018069985907619015,-0.002162579193196082,0.01687378866674205,0.01751017033991989,-0.17133352739403215,2.2664085265865257,BALANCE,1,-1.9213714148210678e-06
4.674,0.01806617094350081,-0.0020000100409161337,0.01687378866674205,0.017287436754307647,-0.111366792806121,-0.32005799875706376,BALANCE,1,-1.920632208198406e-06
4.676,0.018062893807931794,-0.001772029302298578,0.01687378866674205,0.017142659923659688,-0.07238841532397969,0.14631186280949082,BALANCE,1,-1.9200270728709415e-06
4.678,0.01805991521835556,-0.0015946176475463965,0.01687378866674205,0.017048554983738515,-0.047052469960586624,0.4494522728277437,BALANCE,1,-1.9194575131238777e-06
4.68,0.018057052903940773,-0.001492257021489805,0.019941750242513337,0.018061173324309704,0.5063091702855945,0.6464935393396178,BALANCE,1,-1.9188827665280314e-06
4.682,0.018051239095497974,-0.0024756963829424238,0.021475731030398976,0.01925626852144095,0.5975475985656228,5.1341437617433385,BALANCE,1,-1.9172309660387203e-06
4.684,0.018041875865489505,-0.004254028415308076,0.019941750242513337,0.019496187123816285,0.1199593011876679,5.935756899811439,BALANCE,1,-1.9139653581873575e-06
4.686,0.01803153871319728,-0.004990575741182658,0.015339807878856412,0.01804145438808033,-0.7273663678679775,2.1294456369303205,BALANCE,1,-1.911044306327979e-06
4.688,0.01802530480853031,-0.003703735389289718,0.018407769454627694,0.018169664661371907,0.0641051366457885,-4.736443679659001,BALANCE,1,-1.910914759762323e-06
4.69,0.018019345869143045,-0.003216443113355177,0.01687378866674205,0.017716108063251457,-0.2267782990602249,1.6030209728486224,BALANCE,1,-1.910010282637599e-06
4.692,0.018014878778334898,-0.002579223633736741,0.019941750242513337,0.018495082825993114,0.3894873813708281,-0.7512599086867118,BALANCE,1,-1.9094568072635596e-06
4.694,0.01800844050804616,-0.003023134967464692,0.01687378866674205,0.017927629870255243,-0.2837264778689352,4.2256040205262115,BALANCE,1,-1.9078264789366773e-06
4.696,0.018003496190662327,-0.002662695821982645,0.01687378866674205,0.017558785449025626,-0.18442221061480862,-1.1941540307361669,BALANCE,1,-1.9069971093443065e-06
4.698,0.017999663679152535,-0.002186161768332407,0.01687378866674205,0.017319036575226376,-0.11987443689962483,-0.4218505579769314,BALANCE,1,-1.9064314569504017e-06
4.7,0.01799652621748074,-0.0017972653721562842,0.018407769454627694,0.017700093083016837,0.19052825389523007,0.08014669931658391,BALANCE,1,-1.9059319892708773e-06
4.702,0.01799228418592179,-0.002007005786965707,0.01380582709097077,0.016337099985800713,-0.681496548608062,2.5862316161428507,BALANCE,1,-1.9049483372953217e-06
4.704,0.01799161581713741,-0.0009522526886696556,0.018407769454627694,0.017061834299890156,0.36236715704472156,-4.471746389716453,BALANCE,1,-1.9051397208833546e-06
4.706,0.017988900754008,-0.0012070482523627393,0.01687378866674205,0.01699601832828832,-0.03290798580091875,3.922647314351182,BALANCE,1,-1.9045060663450642e-06
4.708,0.017986055218828716,-0.0013426756423803499,0.01687378866674205,0.016953237946747125,-0.02139019077059684,0.756497213289949,BALANCE,1,-1.9038666741174347e-06
4.71,0.017983071473723754,-0.0014366682372332705,0.018407769454627694,0.017462323974505325,0.25454301387910044,0.8460727506400527,BALANCE,1,-1.9032071413643212e-06
4.712,0.017978465990276048,-0.0020090462945473973,0.018407769454627694,0.017793229892548154,0.16545295902141433,3.084083549503123,BALANCE,1,-1.902021979527812e-06
4.714,0.017972713860006193,-0.0026008699333992993,0.01687378866674205,0.01747142546351602,-0.16090221451606732,2.391217465724204,BALANCE,1,-1.9005138304650654e-06
4.716,0.017967694421446273,-0.002541144442404859,0.021475731030398976,0.018872932411925055,0.7007534742045178,-0.23893218831757745,BALANCE,1,-1.8994848075919376e-06
4.718,0.017958862444317422,-0.004006888324616812,0.019941750242513337,0.019247018652630954,0.1870431203529494,6.738403738351646,BALANCE,1,-1.896593506525458e-06
4.72,0.01794878028816986,-0.004833797168823969,0.018407769454627694,0.018953281433329812,-0.146868609650571,2.6511660819814526,BALANCE,1,-1.8936829528774545e-06
4.722,0.017939590311684992,-0.004653861691130881,0.019941750242513337,0.019299245516544047,0.1729820416071174,-0.037751991204779234,BALANCE,1,-1.891923873831898e-06
4.724,0.017929894650200107,-0.004804301038631459,0.01687378866674205,0.01845033561911335,-0.4244549487153488,2.5418110638495817,BALANCE,1,-1.8897251861530838e-06
4.726,0.017922844699023686,-0.0039117142983094285,0.018407769454627694,0.01843543746154337,-0.0074490787849903345,-2.2886194525759893,BALANCE,1,-1.8890673654125725e-06
4.728,0.01791636517466151,-0.0034524603948043586,0.01687378866674205,0.017888860383362907,-0.27328853909023076,1.0465336174126794,BALANCE,1,-1.8880613349980802e-06
4.73,0.017911665462324783,-0.0027329247189014313,0.01687378866674205,0.017533585282545606,-0.17763755040865054,-1.1129766897200717,BALANCE,1,-1.8875450260922288e-06
4.732,0.017908150254323903,-0.002112551753482061,0.01687378866674205,0.01730265646701436,-0.1154644077656225,-0.369085286316468,BALANCE,1,-1.8871245755822553e-06
4.734,0.017905323606422115,-0.0016739847930588572,0.015339807878856412,0.016615659461159078,-0.3434985029276416,0.11444412589588171,BALANCE,1,-1.8867058913789888e-06
4.736,0.017904305892764122,-0.0009495178982073209,0.01687378866674205,0.016706004683113118,0.045172610977020286,-1.7510484557515884,BALANCE,1,-1.8866941287798642e-06
4.738,0.017902893234769915,-0.0007997796340783585,0.021475731030398976,0.018375408904663167,0.8347021107750242,1.3637411688029495,BALANCE,1,-1.886424351150287e-06
4.74,0.01789660239373345,-0.002516117728915942,0.018407769454627694,0.01838673509715075,0.005663096243791951,7.780141420479984,BALANCE,1,-1.884491780701957e-06
4.742,0.01788977442440134,-0.003150925623173454,0.018407769454627694,0.01839409712226768,0.003681012558464855,1.1485088757793807,BALANCE,1,-1.8826698918376043e-06
4.744,0.017882840306487943,-0.0033725477920701105,0.019941750242513337,0.01893577571435366,0.2708392960429906,1.1330939278037797,BALANCE,1,-1.8810557254471642e-06
4.746,0.017874499937997942,-0.003966003762377696,0.01687378866674205,0.0182140802476896,-0.36084773333203146,3.3028609112051446,BALANCE,1,-1.8788358959786305e-06
4.748,0.01786817502953642,-0.0034193312222662157,0.021475731030398976,0.01935565802163788,0.5707888869741409,-1.7939370517948758,BALANCE,1,-1.8779359755232237e-06
4.75,0.017859044404755792,-0.004305241364236918,0.018407769454627694,0.019023897023184314,-0.16588049922678336,5.7276505770914,BALANCE,1,-1.8752860452117563e-06
4.752,0.017850804356124173,-0.004170577959331089,0.01687378866674205,0.018271359098429522,-0.37626896237739554,-0.185610172423208,BALANCE,1,-1.8736759239795711e-06
4.7540000000000004,0.017844935166788187,-0.0033384256623116546,0.019941750242513337,0.018855995998858857,0.29231845021466735,-1.913870153113393,BALANCE,1,-1.873109363726455e-06
4.756,0.0178378413868686,-0.003485180167010331,0.018407769454627694,0.01869911670837795,-0.07843964524045441,3.46990736164887,BALANCE,1,-1.871512729068082e-06
4.758,0.017831273757253466,-0.0033470109287312656,0.01687378866674205,0.018060251893805383,-0.3194324072862825,0.4944298405790417,BALANCE,1,-1.8702346319445252e-06
4.76,0.01782661135301747,-0.0026853131594750646,0.01687378866674205,0.017644989764333218,-0.2076310647360826,-1.4718441446619372,BALANCE,1,-1.8696818956486419e-06
4.7620000000000005,0.01782326352666682,-0.00204352176144233,0.01687378866674205,0.01737506938017631,-0.13496019207845378,-0.6023491320286676,BALANCE,1,-1.8693031665525572e-06
4.764,0.017820695153092342,-0.0015686731266593562,0.01687378866674205,0.01719962113047432,-0.08772412485099496,-0.03717737381705155,BALANCE,1,-1.868947308978998e-06
4.766,0.017818512782638914,-0.0012721800862023813,0.019941750242513337,0.018159366319687977,0.4798725946068283,0.3301842690204997,BALANCE,1,-1.868579376777017e-06
4.768,0.017813506778557225,-0.002103035932726434,0.01687378866674205,0.017709414141156902,-0.22497608926553767,4.928542736035905,BALANCE,1,-1.8672303954961186e-06
4.7700000000000005,0.017809416099032308,-0.0020661101981068563,0.01687378866674205,0.017416945225111703,-0.1462344580225993,-0.7372438656548872,BALANCE,1,-1.866389142586306e-06
4.772,0.017806029293486545,-0.001830554267587687,0.018407769454627694,0.0177637337054423,0.1733942401652977,-0.12485895067409225,BALANCE,1,-1.8657771030163673e-06
4.774,0.01780159960344463,-0.00208087948315781,0.019941750242513337,0.018526039493417162,0.38115289398743185,2.4529779436489196,BALANCE,1,-1.8647443082279371e-06
4.776,0.01779491937901896,-0.0029759885941068108,0.018407769454627694,0.01848464497984085,-0.020697256788156787,4.160785521504485,BALANCE,1,-1.862861912888505e-06
4.7780000000000005,0.017788154987981225,-0.00325953243635941,0.021475731030398976,0.019531525097536192,0.5234400588476715,0.9435006444851965,BALANCE,1,-1.861256648890086e-06
4.78,0.017778562647121885,-0.0044816869180121476,0.015339807878856412,0.01806442407099827,-0.7335505132689615,5.3594119766335435,BALANCE,1,-1.858239469721171e-06
4.782,0.01777285895345786,-0.003383012305882012,0.01687378866674205,0.017647701679508594,-0.20836119574483766,-4.784538661891796,BALANCE,1,-1.8579676818547801e-06
4.784,0.01776877015967073,-0.00251771279077074,0.018407769454627694,0.01791372540080028,0.13301186064584336,-0.6080274651881856,BALANCE,1,-1.8576569880277116e-06
4.7860000000000005,0.017764159233650465,-0.0023799877009421547,0.018407769454627694,0.018086640819639874,0.08645770941979707,2.1389184092147637,BALANCE,1,-1.8567646287667086e-06
4.788,0.017759057931571245,-0.0024928547584447324,0.018407769454627694,0.018199035841885612,0.05619751112286887,1.776860124536769,BALANCE,1,-1.855639390455606e-06
4.79,0.017753587793590094,-0.0026548219155943503,0.01687378866674205,0.017735199330585365,-0.2319182556501237,1.541522239496088,BALANCE,1,-1.8544071078194765e-06
4.792,0.017749342528902312,-0.0023124488183456065,0.01687378866674205,0.017433705598240205,-0.15074686617258004,-0.7912340853658677,BALANCE,1,-1.8537014241151122e-06
4.7940000000000005,0.017745948156267937,-0.0019232118901662814,0.018407769454627694,0.017774627947975827,0.17046117486781143,-0.15995259348622803,BALANCE,1,-1.8531681498146681e-06
4.796,0.01774158028787521,-0.0020925038265516244,0.019941750242513337,0.018533120751063954,0.37924640154406336,2.430167075821041,BALANCE,1,-1.85218332410114e-06
4.798,0.017734992368079443,-0.0029424564162263732,0.01380582709097077,0.01687856797003134,-0.8272763905163069,4.145958457416344,BALANCE,1,-1.8503512614669326e-06
4.8,0.017732742978693785,-0.001783300860002493,0.019941750242513337,0.017950681765400038,0.5360568976843487,-5.6054970459285745,BALANCE,1,-1.8504660046330847e-06
4.8020000000000005,0.017727691854730547,-0.0022782511362460086,0.018407769454627694,0.018110662456629716,0.0799903456148391,5.3654960873987925,BALANCE,1,-1.8491973602686365e-06
4.804,0.01772201024631107,-0.002658759509114837,0.01687378866674205,0.017677756630169034,-0.21645291323034097,1.7265625123164958,BALANCE,1,-1.847811534063883e-06
4.806,0.01771741647001898,-0.0024240852578876516,0.01687378866674205,0.01739636784296959,-0.1406943935997225,-0.6709579080325856,BALANCE,1,-1.846980572075298e-06
4.808,0.01771361893666656,-0.002089330873165692,0.018407769454627694,0.017750358407049926,0.17699528204016823,-0.08177307821960467,BALANCE,1,-1.8463498101846319e-06
4.8100000000000005,0.01770883795021817,-0.0022870450074661706,0.01687378866674205,0.01744355899794217,-0.15339970455387728,2.4809837607443415,BALANCE,1,-1.8452607473572048e-06
4.812,0.017704787513653474,-0.0021193499292720143,0.015339807878856412,0.016707246106262154,-0.3681564458400087,-0.18058409655448782,BALANCE,1,-1.8444953191272304e-06
4.814,0.017702709137951543,-0.0014444245809315812,0.01687378866674205,0.016765536002430116,0.02914494808398116,-1.9428168003443402,BALANCE,1,-1.844318753925207e-06
4.816,0.017700417750835234,-0.0012588216166391321,0.015339807878856412,0.01626653115917932,-0.24950242162539818,1.2390917448176562,BALANCE,1,-1.8438948111066317e-06
4.8180000000000005,0.017699295566886052,-0.0008284482981594165,0.01687378866674205,0.016479071286826276,0.10627006382347808,-1.0200275034524262,BALANCE,1,-1.8437568212538096e-06
4.82,0.017697366175813793,-0.0009129400195357434,0.01687378866674205,0.0166172223697968,0.06907554148526118,1.8389047877974012,BALANCE,1,-1.8433391695602796e-06
4.822,0.01769474091832369,-0.0011638328715973814,0.015339807878856412,0.016170127297967664,-0.22354753591456722,1.5496376740698974,BALANCE,1,-1.8427367314680491e-06
4.824,0.017693038859464046,-0.0009707161626356875,0.018407769454627694,0.016953302052798675,0.39158737741550564,-0.8181726494384779,BALANCE,1,-1.842426193741387e-06
4.8260000000000005,0.017688950945280054,-0.00167488800640777,0.019941750242513337,0.017999258919198808,0.5229784332000664,4.149897142491966,BALANCE,1,-1.841376179984547e-06
4.828,0.017681682143810152,-0.0031304488404842942,0.018407769454627694,0.01814223760659892,0.0714893437000555,5.2637830007524595,BALANCE,1,-1.8391168801063373e-06
4.83,0.01767370311045991,-0.0037621325683202663,0.015339807878856412,0.01716138720188904,-0.4904252023549393,1.660449005996379,BALANCE,1,-1.8369920960416491e-06
4.832,0.017668432116471938,-0.003016450584402529,0.01687378866674205,0.017060727714587595,-0.0503297436507226,-2.8937183867261718,BALANCE,1,-1.8364348253809606e-06
4.8340000000000005,0.01766375001568098,-0.002577336858948359,0.021475731030398976,0.018605978875121578,0.7726255802669915,0.6210057136694749,BALANCE,1,-1.835723168164477e-06
4.836,0.017654976869025472,-0.003985638553296273,0.018407769454627694,0.018536605577948718,-0.03468664858643014,7.2973633746432265,BALANCE,1,-1.8329135657575342e-06
4.838,0.01764618558012956,-0.004293492747104844,0.01687378866674205,0.017954619659026384,-0.2909929594611671,0.8347031459854819,BALANCE,1,-1.830815115071379e-06
4.84,0.017639192513270455,-0.0037397333460620586,0.01687378866674205,0.01757632881172687,-0.18914542364975756,-1.2506664961477538,BALANCE,1,-1.829837306154203e-06
4.8420000000000005,0.017633629710913912,-0.003101482881227722,0.019941750242513337,0.01840422631250213,0.4139487503876313,-0.45858366049444843,BALANCE,1,-1.8291481905273594e-06
4.844,0.01762608964768826,-0.003583269713485738,0.018407769454627694,0.01840546641224608,0.000620049871974393,4.415843581851178,BALANCE,1,-1.8272398831919243e-06
4.846,0.017618578529327772,-0.0037063113720024236,0.018407769454627694,0.018406272477079644,0.0004030324167823146,1.10928838371056,BALANCE,1,-1.825586109760373e-06
4.848,0.01761122909075794,-0.003684214647584975,0.018407769454627694,0.018406796419221463,0.00026197107090911165,1.107600607959037,BALANCE,1,-1.8240796088831498e-06
4.8500000000000005,0.017604081595208366,-0.0036069790911240867,0.01687378866674205,0.017870243705853668,-0.26827635668389727,1.1065035537205608,BALANCE,1,-1.822658239923955e-06
4.852,0.017598604606752954,-0.0030302281211896853,0.015339807878856412,0.01698459116640463,-0.4428262697245191,-1.073996231119958,BALANCE,1,-1.8219317716962573e-06
4.854,0.017595793077657036,-0.0019943830570926034,0.018407769454627694,0.017482703567282702,0.24905620043903612,-2.5235346878118747,BALANCE,1,-1.8219045516171674e-06
4.856,0.01759176611979165,-0.002006768612153308,0.018407769454627694,0.017806476627853448,0.16188653028537286,3.041411817549251,BALANCE,1,-1.8210652693756038e-06
4.8580000000000005,0.01758673729891003,-0.0023433895655364904,0.018407769454627694,0.018016929117224433,0.10522624468549228,2.36348083995419,BALANCE,1,-1.819867854237554e-06
4.86,0.017580995990238938,-0.002700420137498737,0.018407769454627694,0.018153723235315573,0.06839705904557007,1.9228257045174044,BALANCE,1,-1.8184873954893243e-06
4.862,0.017574799394554523,-0.00297302024138026,0.018407769454627694,0.018242639412074817,0.04445808837962202,1.6363998664834951,BALANCE,1,-1.817040249913603e-06
4.864,0.017568347866402493,-0.003147241608444556,0.018407769454627694,0.018300434926968322,0.02889775744675284,1.450223071761465,BALANCE,1,-1.8155920668670967e-06
4.866,0.017561783746130048,-0.0032404462178304005,0.01687378866674205,0.017801108735889127,-0.24966309553959773,1.3292081551921222,BALANCE,1,-1.8141713291509754e-06
4.868,0.017556669455523147,-0.002791363507155082,0.015339807878856412,0.01693965343592768,-0.43072764998072427,-0.9292382401634343,BALANCE,1,-1.8134031593937278e-06
4.87,0.017554068702296623,-0.0018462371451234195,0.015339807878856412,0.016379707490952734,-0.2799729724874723,-2.4294419936901335,BALANCE,1,-1.8133332432986541e-06
4.872,0.017553097497810578,-0.00099615323839755,0.015339807878856412,0.01601574262671902,-0.18198243211685686,-1.2570013304426146,BALANCE,1,-1.8133902986530031e-06
4.874,0.017553023616825873,-0.0004027742230839898,0.018407769454627694,0.016852952016487056,0.41860469488401786,-0.4949148993317136,BALANCE,1,-1.8134635764484134e-06
4.876,0.01755037773444207,-0.0009864931827359893,0.01687378866674205,0.016860244844076305,0.0036464137946248115,4.360014680061366,BALANCE,1,-1.812830415499599e-06
4.878,0.017547289969533673,-0.0013400979289004194,0.015339807878856412,0.016328091906249342,-0.26607646891348147,1.0407860010015768,BALANCE,1,-1.8121048087295502e-06
4.88,0.017545361350282083,-0.0011075230941549176,0.01687378866674205,0.01651908577242179,0.09549693308622334,-1.1489262369328912,BALANCE,1,-1.811767183093664e-06
4.882,0.01754270109408646,-0.0012470585225520957,0.01380582709097077,0.015569445233913933,-0.4748202692539281,1.755120611035094,BALANCE,1,-1.8111827479209943e-06
4.884,0.017542386350485027,-0.0005712358593913152,0.01687378866674205,0.016025965435403775,0.22826010074492117,-2.864395439996589,BALANCE,1,-1.8112488300471533e-06
4.886,0.01754061656623347,-0.0007656264904694823,0.018407769454627694,0.016859596842132146,0.41681570336418555,2.787638732083596,BALANCE,1,-1.810855671055993e-06
4.888,0.017536207229639656,-0.0017285401354399117,0.019941750242513337,0.017938350532265564,0.5393768450667087,4.346101437441414,BALANCE,1,-1.809689178637097e-06
4.89,0.017528476823128424,-0.0033515247733322687,0.01687378866674205,0.017565753879332333,-0.18629832646661557,5.391315792469603,BALANCE,1,-1.807214323615656e-06
4.892,0.017521424622407113,-0.0034742187247940714,0.01380582709097077,0.016249779503405785,-0.6579871879632739,-0.43644137897298463,BALANCE,1,-1.8056701719167927e-06
4.894,0.01751812298854307,-0.002297597713642593,0.015339807878856412,0.015931289434813506,-0.1592450342961394,-4.288910733501845,BALANCE,1,-1.8057136675997877e-06
4.896,0.017515986752494925,-0.0015266589246505698,0.019941750242513337,0.017334950717508447,0.7018306413474704,-0.31808290828030483,BALANCE,1,-1.8055876571439695e-06
4.898,0.01751001952329199,-0.002545720718278675,0.018407769454627694,0.017710437275500184,0.1877432789958687,6.65474217383027,BALANCE,1,-1.8039148303589366e-06
4.9,0.017502765769006483,-0.0033251059657644455,0.019941750242513337,0.01849139681395479,0.3904797692273025,2.5645724684969604,BALANCE,1,-1.8019319471107447e-06
4.902,0.017493306664652455,-0.004432255977559811,0.01687378866674205,0.017925233962430332,-0.28308142576222856,4.233321962655707,BALANCE,1,-1.7990674816973274e-06
4.904,0.017485350688115495,-0.004105746591027777,0.018407769454627694,0.01809412138469941,0.08444371113453843,-1.1891373683520086,BALANCE,1,-1.7977269126443214e-06
4.906,0.017477340389857616,-0.004033263920487188,0.01687378866674205,0.017667004933414332,-0.21355822564253849,1.761196972158272,BALANCE,1,-1.796141480760553e-06
4.908,0.01747079784822469,-0.0035114082404170913,0.018407769454627694,0.01792627251583901,0.12963379121233923,-0.648445509135448,BALANCE,1,-1.7952156886145958e-06
4.91,0.0174638903069518,-0.003471513859621172,0.019941750242513337,0.018631689720175024,0.3527086021680066,2.1126466806490543,BALANCE,1,-1.7938251088299484e-06
4.912,0.01745523984052407,-0.004114916939896615,0.015339807878856412,0.01747953107571351,-0.5760793222307561,3.939570200554554,BALANCE,1,-1.7915265800127012e-06
4.914,0.017449796710980292,-0.0031855171523417413,0.015339807878856412,0.016730627956813526,-0.37445155944999287,-3.559862713303238,BALANCE,1,-1.7911320757970293e-06
4.916,0.01744679653425306,-0.002106503894716931,0.018407769454627694,0.017317627481048484,0.29349976211747936,-1.9917747981911313,BALANCE,1,-1.7911249505465025e-06
4.918,0.01744238494006833,-0.0021709998925562657,0.018407769454627694,0.01769917717180121,0.1907748453763621,3.387055745802744,BALANCE,1,-1.7901896141622164e-06
4.92,0.01743684086243455,-0.0025762010159654757,0.01687378866674205,0.017410291195030504,-0.14444298838535255,2.5881493933189694,BALANCE,1,-1.7888462966591142e-06
4.922,0.017431982003557243,-0.0024803761880781536,0.01687378866674205,0.017222515310129544,-0.0938879424504796,-0.11092643538099023,BALANCE,1,-1.78790081009512e-06
4.924,0.017427649129917358,-0.0022780310866200716,0.01687378866674205,0.017100460984943923,-0.0610271625928107,0.2822473790039359,BALANCE,1,-1.7871145226542277e-06
4.926,0.017423652151600594,-0.00209919888274029,0.015339807878856412,0.016484232397813294,-0.3081142935653144,0.5378103583541497,BALANCE,1,-1.7863781425305373e-06
4.928,0.017421307274826662,-0.0015199994011299745,0.018407769454627694,0.017157470367698335,0.33661898494252024,-1.4758604046537176,BALANCE,1,-1.7861208373527698e-06
4.93,0.017417064384979617,-0.0019115022655557022,0.018407769454627694,0.01759507504812361,0.21880234021263814,3.7224001016020623,BALANCE,1,-1.7851075395062415e-06
4.932,0.0174114133789306,-0.002534263540108569,0.019941750242513337,0.018416411366160016,0.4106681590182026,2.8061232245885215,BALANCE,1,-1.783653816693052e-06
4.934,0.01740335096962903,-0.003658480093147473,0.015339807878856412,0.017339600145603755,-0.5384056102781306,4.390329954115222,BALANCE,1,-1.7812591418873025e-06
4.936,0.017398073478718065,-0.0029841306211531708,0.019941750242513337,0.01825035267952211,0.4553762669591774,-3.2668688734888196,BALANCE,1,-1.7806559559957117e-06
4.938,0.017390581075464116,-0.00353354950506196,0.01687378866674205,0.01776855527504909,-0.24089870223651005,4.7380312964447455,BALANCE,1,-1.7787398771950934e-06
4.94,0.01738441207508513,-0.003229489040090339,0.01687378866674205,0.017455386962141627,-0.15658415645373144,-0.8610763013891352,BALANCE,1,-1.777696581630309e-06
4.942,0.017379312115477576,-0.0027830690548810467,0.01687378866674205,0.017251827558751775,-0.10177970169492588,-0.20535003390135387,BALANCE,1,-1.7769393908942752e-06
4.944,0.017374933017975356,-0.002400024393517449,0.01687378866674205,0.01711951394654837,-0.06615680610170226,0.22087203996569948,BALANCE,1,-1.776255403858736e-06
4.946,0.01737098609515305,-0.002127421208066447,0.01687378866674205,0.01703351009861616,-0.04300192396610586,0.49791638797928417,BALANCE,1,-1.7755798891782924e-06
4.948,0.017367263590368918,-0.001958117017497567,0.01687378866674205,0.016977607597460222,-0.027951250577968115,0.6779952141881227,BALANCE,1,-1.774892570559595e-06
4.95,0.017363626334033443,-0.0018695548313218111,0.01687378866674205,0.016941270971708864,-0.018168312875679188,0.7950464512238685,BALANCE,1,-1.7741852167129136e-06
4.952,0.017359986050496688,-0.0018382390740772346,0.015339807878856412,0.016380758889210506,-0.28025604124917897,0.8711297552970982,BALANCE,1,-1.7734536266757072e-06
4.954,0.017357762788120124,-0.0013859086856278454,0.01687378866674205,0.016553319311346546,0.08628021106802004,-1.2592027966408015,BALANCE,1,-1.7731548893175331e-06
4.956,0.017354960847997324,-0.0013954389142238565,0.01687378866674205,0.016665483585734973,0.05608213719421329,1.6834408472249531,BALANCE,1,-1.772579600800581e-06
4.958,0.01735164454399516,-0.0015621132979260603,0.01687378866674205,0.01673839036408745,0.03645338917623864,1.4485861126978046,BALANCE,1,-1.7718495888673114e-06
4.96,0.01734791843500212,-0.001754739863348188,0.01687378866674205,0.01678577977001656,0.02369470296455581,1.295930535255156,BALANCE,1,-1.7710204496502482e-06
4.962,0.017343883265026592,-0.0019240697479958153,0.01687378866674205,0.016816582883870484,0.015401556926961102,1.1967044099174402,BALANCE,1,-1.7701300795005198e-06
4.964,0.017339622262109968,-0.0020576912007488767,0.015339807878856412,0.01629971163211556,-0.25843562587746227,1.1322074284479178,BALANCE,1,-1.7692034997940127e-06
4.966,0.017336671123696232,-0.0016922075803026538,0.015339807878856412,0.01596374531847486,-0.16798315682035012,-1.0895023090927647,BALANCE,1,-1.7687473783637532e-06
4.968,0.01733458860878284,-0.0012879087240876815,0.01687378866674205,0.016282260490368378,0.15925758594675932,-0.3860405354543094,BALANCE,1,-1.7684509284920865e-06
4.97,0.017331511795593717,-0.001446095844414788,0.019941750242513337,0.017563081903619115,0.6404107066253686,2.250996316996177,BALANCE,1,-1.767777020945376e-06
4.972,0.01732470982952636,-0.002875977248458743,0.018407769454627694,0.017858722546472118,0.14782032142650162,6.177070567220095,BALANCE,1,-1.7657303754496462e-06
4.974,0.017316763761131185,-0.0036866994109873183,0.019941750242513337,0.018587782240086545,0.36452984680721345,2.25408592420034,BALANCE,1,-1.7635427345997226e-06
4.976,0.017306798201885593,-0.004725198374542709,0.018407769454627694,0.018524777765175946,-0.03150223745529944,4.0315057088629,BALANCE,1,-1.7605800989859656e-06
4.978,0.01729702437202477,-0.004850998458647855,0.015339807878856412,0.01741003830496411,-0.5573697301059187,0.8594687662681612,BALANCE,1,-1.7584609833354814e-06
4.98,0.017290663672380975,-0.0037037841497558595,0.018407769454627694,0.017759244207346363,0.17460295119112698,-3.4143555425495036,BALANCE,1,-1.758212961422451e-06
4.982,0.017283944954509065,-0.0034664035095087267,0.018407769454627694,0.01798622804389483,0.11349191827423298,2.4623782619697976,BALANCE,1,-1.7570272826075938e-06
4.984,0.01727685032710269,-0.003523393881394709,0.01687378866674205,0.017596874261891358,-0.19467689100173546,1.9871090288275535,BALANCE,1,-1.7555416401924607e-06
4.986,0.017270980837664575,-0.0031284295382255954,0.015339807878856412,0.016806901027829127,-0.3949866170311154,-0.5016026723004023,BALANCE,1,-1.7546283856681377e-06
4.988,0.01726749454127508,-0.002241732175793205,0.015339807878856412,0.016293418425688676,-0.2567413010702256,-2.1514788745791753,BALANCE,1,-1.7544275951620799e-06
4.99,0.017265591281096743,-0.0014333051612993655,0.015339807878856412,0.015959654734297384,-0.16688184569564612,-1.076325303020484,BALANCE,1,-1.7543576610125678e-06
4.992,0.01726459171406158,-0.0008556609341530598,0.015339807878856412,0.015742708334893045,-0.10847319970216929,-0.377475481507326,BALANCE,1,-1.754295549972129e-06
4.994,0.017264008900816117,-0.0005088297825909787,0.01687378866674205,0.016138586451040198,0.1979390580735766,0.07677690247622837,BALANCE,1,-1.754227587380567e-06
4.996,0.017262046683704166,-0.0008027769372431421,0.01687378866674205,0.016395907226535847,0.12866038774782435,2.5518276516510245,BALANCE,1,-1.7537877201186507e-06
4.998,0.01725900612156301,-0.001258995337383351,0.01687378866674205,0.01656316573060802,0.08362925203608644,2.0130375355747456,BALANCE,1,-1.7530696035521443e-06
5.0,0.017255182903492896,-0.0016801086922859825,0.018407769454627694,0.017208777034014907,0.3228056517034436,1.6628239601251726,BALANCE,1,-1.7521609324738382e-06
5.002,0.017249351606882905,-0.002534468392354802,0.018407769454627694,0.01762842438122938,0.2098236736072373,3.6149718356684435,BALANCE,1,-1.7505926100949197e-06
5.0040000000000004,0.017242158715470357,-0.00329801735525524,0.015339807878856412,0.01682740860539884,-0.4005078879152704,2.736294851731661,BALANCE,1,-1.7486573749282224e-06
5.006,0.01723708214366691,-0.0027990446602320844,0.015339807878856412,0.016306748351108992,-0.2603301271449244,-2.194418586998233,BALANCE,1,-1.7479516705823214e-06
5.008,0.017233636426230683,-0.002114395088625771,0.015339807878856412,0.01596831918582059,-0.1692145826442011,-1.1042361160928555,BALANCE,1,-1.7476114125671998e-06
5.01,0.017231233080173335,-0.001543700902457563,0.01687378866674205,0.016285233504143102,0.15845715916125608,-0.3956175100043735,BALANCE,1,-1.7473465764883504e-06
5.0120000000000005,0.017227931452753868,-0.001611581889446209,0.01687378866674205,0.016491227811052733,0.10299715345481533,2.244771283538635,BALANCE,1,-1.7466541053538035e-06
5.014,0.017223900709631534,-0.0018721795518194272,0.01687378866674205,0.016625124110543996,0.06694814974563153,1.8134508963016867,BALANCE,1,-1.745739939232729e-06
5.016,0.017219341078857472,-0.0021386800456362873,0.019941750242513337,0.017785943256733265,0.5804095730946347,1.533092644597692,BALANCE,1,-1.7447015820780645e-06
5.018,0.017211490230150363,-0.0034837477032009173,0.01687378866674205,0.01746668915023634,-0.1596270532484619,5.710433180161074,BALANCE,1,-1.742303937122068e-06
5.0200000000000005,0.01720428192378674,-0.0035688292631389173,0.01687378866674205,0.01725917398101334,-0.10375758461150103,-0.22901507697351486,BALANCE,1,-1.7407798089419294e-06
5.022,0.017197822601169213,-0.0033370071865355963,0.01687378866674205,0.017124289121018387,-0.06744242999747602,0.2054897619687921,BALANCE,1,-1.739642685488558e-06
5.024,0.01719196626380869,-0.00306273131539142,0.018407769454627694,0.017573507237781644,0.22460905838162826,0.48791790728129514,BALANCE,1,-1.7386445454099249e-06
5.026,0.01718507309298983,-0.0033317352526189667,0.015339807878856412,0.016791712462157812,-0.3908973878119157,2.851282901319925,BALANCE,1,-1.7370663462321594e-06
5.0280000000000005,0.01718039577537688,-0.0026847682056279224,0.019941750242513337,0.017894225685282247,0.5512566115622175,-2.119676354765857,BALANCE,1,-1.7365354854764227e-06
5.03,0.01717291975976823,-0.0034493166102577744,0.018407769454627694,0.018073966004553153,0.089870159635453,5.483706433614675,BALANCE,1,-1.7345236365844862e-06
5.032,0.017164892953411944,-0.0038621069053512754,0.01687378866674205,0.017653903936319267,-0.21003103411694304,1.8033992373568133,BALANCE,1,-1.7325794704326202e-06
5.034,0.01715812537304,-0.0035320795139463074,0.015339807878856412,0.01684397031620727,-0.4049668100559994,-0.6210140367563883,BALANCE,1,-1.7314726121502798e-06
5.0360000000000005,0.017153861592755757,-0.0026228321460116046,0.018407769454627694,0.01739130001465442,0.273664849223575,-2.2290962614755587,BALANCE,1,-1.7312084824475067e-06
5.038,0.017148369369503466,-0.0027052679725501475,0.01687378866674205,0.01721017104288509,-0.09056448588466368,3.232796794667865,BALANCE,1,-1.7300527900286467e-06
5.04,0.017143384778029916,-0.002565759254196989,0.01687378866674205,0.017092437211235028,-0.05886691582503156,0.3080943754957961,BALANCE,1,-1.7291251808628517e-06
5.042,0.017138768309853857,-0.002398640332486485,0.018407769454627694,0.01755280349642246,0.23018314259371647,0.5546109060738491,BALANCE,1,-1.728282189065454e-06
5.0440000000000005,0.0171329125130115,-0.0027582830621371264,0.021475731030398976,0.01892582813331424,0.6865123184458897,2.8946333505350794,BALANCE,1,-1.7269031679700775e-06
5.046,0.017123251506329706,-0.004439048813712411,0.019941750242513337,0.019281400871533926,0.1777863691098426,6.627648235565972,BALANCE,1,-1.7236649474765455e-06
5.048,0.017112362830270535,-0.005268150704027609,0.015339807878856412,0.017901843324096795,-0.6897787737185651,2.5791750051707765,BALANCE,1,-1.7206123877275658e-06
5.05,0.01710537565745113,-0.0040249143121071935,0.015339807878856412,0.01700513091826266,-0.4483562029170673,-4.444119590302713,BALANCE,1,-1.7204375714252873e-06
5.0520000000000005,0.01710153297831086,-0.0026448364220392007,0.01687378866674205,0.01695916113023045,-0.022984894016106136,-2.5665417682407785,BALANCE,1,-1.720645759686335e-06
5.054,0.0170982223221425,-0.0020175069069231595,0.01687378866674205,0.016929280768009508,-0.014940181110470116,0.8336705156849779,BALANCE,1,-1.7202913392677728e-06
5.056,0.01709504394244654,-0.001747771555095404,0.01687378866674205,0.016909858532565897,-0.009711117721805315,0.8962353971968097,BALANCE,1,-1.7197600184862652e-06
5.058,0.01709182899494497,-0.0016594003741664876,0.018407769454627694,0.017434127355287526,0.2621344113608141,0.9369025701795114,BALANCE,1,-1.719145242491305e-06
5.0600000000000005,0.01708702932696942,-0.002149747031230804,0.01687378866674205,0.01723800881429661,-0.09805927049545866,3.1431229322037644,BALANCE,1,-1.7179804755495805e-06
5.062,0.017082565783773818,-0.002203109734114229,0.015339807878856412,0.01657363848689254,-0.33218516370203505,0.24980636489412722,BALANCE,1,-1.7170580248748112e-06
5.064,0.01707984513603898,-0.0016745054618751841,0.019941750242513337,0.01775247760135982,0.5894195572336401,-1.663063000402728,BALANCE,1,-1.7167296209876016e-06
5.066,0.017073858543008115,-0.0025932162539432264,0.019941750242513337,0.018518723025763552,0.38312271220186656,5.78050511395071,BALANCE,1,-1.7151079835860877e-06
5.0680000000000005,0.017065533094752935,-0.0037858541169706267,0.01687378866674205,0.017942996000106026,-0.28786351282876316,4.176105079160745,BALANCE,1,-1.7126236005729799e-06
5.07,0.01705861195361744,-0.003560151673071189,0.01687378866674205,0.017568773433428636,-0.18711128333869473,-1.2263283426237437,BALANCE,1,-1.711410378727264e-06
5.072,0.01705296526209874,-0.0030688220256598125,0.018407769454627694,0.017862422040848307,0.14682430370983532,-0.4427638607038398,BALANCE,1,-1.710624101312606e-06
5.074,0.01704674792765994,-0.003096166253255297,0.015339807878856412,0.016979507084151142,-0.44145747834858223,2.2463397521295807,BALANCE,1,-1.7093582933764952e-06
5.0760000000000005,0.01704303280954389,-0.002302449469800492,0.018407769454627694,0.017479398913817935,0.2499459148333962,-2.5128894017395895,BALANCE,1,-1.7090699455921338e-06
5.078,0.017038104148586277,-0.002409001243653707,0.018407769454627694,0.01780432860310135,0.16246484464170832,3.0483312534962455,BALANCE,1,-1.7080277482053367e-06
5.08,0.017032226677371906,-0.002769209871487668,0.015339807878856412,0.016941746349615622,-0.4312911267428648,2.3679784733197478,BALANCE,1,-1.7066501905402116e-06
5.082,0.017028645676792794,-0.00214592959497551,0.01687378866674205,0.01691796116060987,-0.011892594502875206,-2.433824232965981,BALANCE,1,-1.7062590723756842e-06
5.0840000000000005,0.017025208815233943,-0.0018754689006639813,0.01687378866674205,0.016902500787756135,-0.00773018642686793,0.9199369136135905,BALANCE,1,-1.7056862316287633e-06
5.086,0.017021752255151096,-0.0017823427438843752,0.018407769454627694,0.01742934482116118,0.2634220167025223,0.9523085558504247,BALANCE,1,-1.7050299037302685e-06
5.088,0.017016730948256033,-0.0022674333895586173,0.015339807878856412,0.016698006891354512,-0.36566896490333384,3.153136822889849,BALANCE,1,-1.7038143833129614e-06
5.09,0.017013535894531393,-0.0018449308185315531,0.018407769454627694,0.017296423788500125,0.2992084485728061,-1.9234713057454,BALANCE,1,-1.7033597697358918e-06
5.0920000000000005,0.01700867407552083,-0.0022323303517851455,0.018407769454627694,0.017685394771644772,0.19448549157232395,3.4314530158924565,BALANCE,1,-1.702217731346871e-06
5.094,0.0170025918812615,-0.002789214584508967,0.01687378866674205,0.01740133263492882,-0.14203106835797633,2.617007618877278,BALANCE,1,-1.7007019089551633e-06
5.096,0.016997177280085478,-0.002734976886741953,0.015339807878856412,0.016679798970303476,-0.3607668323126721,-0.09216858876808143,BALANCE,1,-1.6996503362631419e-06
5.098,0.01699378971736577,-0.002073567776224334,0.01687378866674205,0.016747695364056975,0.033948196876749936,-1.8853467202831682,BALANCE,1,-1.6993118606926415e-06
5.1000000000000005,0.01699029764554621,-0.0018661668508085077,0.018407769454627694,0.017328721295756726,0.29051296584987546,1.276447296857418,BALANCE,1,-1.69870053182307e-06
5.102,0.016985141441404453,-0.0023419543371376757,0.01687378866674205,0.01716949487560159,-0.0796132100775674,3.363827004544407,BALANCE,1,-1.697455881680278e-06
5.104,0.01698026359639647,-0.0024057037896580567,0.018407769454627694,0.01760289097826073,0.2166980513295686,0.39326401191555627,BALANCE,1,-1.6964484641580606e-06
5.106,0.01697416172466756,-0.002848572548461473,0.018407769454627694,0.017884598444989165,0.1408537333642181,2.7897578693321927,BALANCE,1,-1.6949808200875588e-06
5.1080000000000005,0.016967224529204947,-0.0032856867749867114,0.018407769454627694,0.01806770829836265,0.09155492668674187,2.1999057736130947,BALANCE,1,-1.6933089676265483e-06
5.11,0.016959793126978366,-0.003592935238686531,0.015339807878856412,0.017112943151535467,-0.4773825734135911,1.816501911395694,BALANCE,1,-1.6915995949525693e-06
5.112,0.016955065197237065,-0.002789118903935623,0.015339807878856412,0.016492345806097798,-0.31029867271883427,-2.7922839982166003,BALANCE,1,-1.6912030372789374e-06
5.114,0.01695230679967732,-0.0018954805090095677,0.01380582709097077,0.015552064255803338,-0.47014077514723024,-1.4928486333848063,BALANCE,1,-1.6910990887083377e-06
5.1160000000000005,0.01695223195846808,-0.0007147149891265181,0.018407769454627694,0.016551561075391862,0.49974840979426227,-2.8280023458296415,BALANCE,1,-1.6914129036965668e-06
5.118,0.01694935600386998,-0.001173269438072932,0.01687378866674205,0.01666434073236443,0.05638982848628349,4.99108094287761,BALANCE,1,-1.6907467035565414e-06
5.12,0.016945819711156104,-0.001554301293490058,0.015339807878856412,0.01620075423363662,-0.23179324936390375,1.4509790718321338,BALANCE,1,-1.689930364421723e-06
5.122,0.016943292913661756,-0.001373003110742725,0.018407769454627694,0.0169732095609835,0.3862276636734385,-0.8823007408930327,BALANCE,1,-1.6894829745122853e-06
5.124,0.016938485977312595,-0.0020606986224864744,0.01687378866674205,0.016938412247998993,-0.017398656492252987,4.108213883046519,BALANCE,1,-1.6882725055384825e-06
5.126,0.016933524728891553,-0.0023382082328834842,0.018407769454627694,0.01745268727031904,0.2571375111600233,0.8771154829419158,BALANCE,1,-1.6871532133225691e-06
5.128,0.01692706164493625,-0.0029621785455660925,0.015339807878856412,0.016713179483307118,-0.3697538935059606,3.104261325499329,BALANCE,1,-1.6855123832185747e-06
5.13,0.01692253396177181,-0.0025097619556537915,0.015339807878856412,0.016232499421749372,-0.24034003077887284,-1.9552403790492578,BALANCE,1,-1.6848744001314697e-06
5.132,0.016919452126846625,-0.0018979264690173739,0.015339807878856412,0.015920057381736838,-0.15622102000626725,-0.9487702809260203,BALANCE,1,-1.6845482031681765e-06
5.134,0.016917274380833264,-0.001394033669154761,0.015339807878856412,0.01571697005572869,-0.10154366300407433,-0.2945647171459278,BALANCE,1,-1.6842914356253177e-06
5.136,0.016915576144600174,-0.001057158412041592,0.01687378866674205,0.016121856569583367,0.20244325692733883,0.13066889931112668,BALANCE,1,-1.6840413442912243e-06
5.138,0.016912587982382304,-0.0013332788338237486,0.015339807878856412,0.015848139527828934,-0.13685852087721648,2.5868574495937127,BALANCE,1,-1.6833759868122624e-06
5.14,0.016910088548391652,-0.0012812597235411886,0.018407769454627694,0.0167440100022085,0.44793523718978345,-0.14397979534799576,BALANCE,1,-1.6828929298289493e-06
5.142,0.016904938598847143,-0.0021598469197954004,0.01687378866674205,0.016789432534795243,0.022711266293370946,4.588122497650778,BALANCE,1,-1.6815454705319446e-06
5.144,0.016899392829408545,-0.0025732620968058504,0.01687378866674205,0.016818957180976625,0.014762323090691115,1.189056082434682,BALANCE,1,-1.6802333497616611e-06
5.146,0.016893689268969232,-0.0027608732820430873,0.01380582709097077,0.015764361649474576,-0.5272977657510246,1.1272360155841263,BALANCE,1,-1.6789921849165415e-06
5.148,0.01689089059584768,-0.0018984137912061876,0.018407769454627694,0.016689554381278168,0.46259636590179587,-3.2725204270397223,BALANCE,1,-1.678864312615839e-06
5.15,0.0168856813662845,-0.0023710129238090926,0.015339807878856412,0.016217143105430553,-0.23620563792380728,4.702144190091057,BALANCE,1,-1.6776134963809885e-06
5.152,0.016881639786899532,-0.00214675234582847,0.015339807878856412,0.015910075776129604,-0.15353366465047438,-0.916616517064625,BALANCE,1,-1.6769183226894354e-06
5.154,0.01687845348650139,-0.00179790200860259,0.01687378866674205,0.016247375287843962,0.1686497558571788,-0.2736647706360188,BALANCE,1,-1.67643198028272e-06
5.156,0.01687431985526308,-0.0019715500263549363,0.019941750242513337,0.017540406521978243,0.6465156170671407,2.3240405641280684,BALANCE,1,-1.6755409761004576e-06
5.158,0.01686653224772635,-0.003422603472272864,0.019941750242513337,0.018380876824165525,0.4202351510936408,6.22454932785582,BALANCE,1,-1.6731595392079326e-06
5.16,0.01685618908205017,-0.004862638977919497,0.01687378866674205,0.01785339596906731,-0.26374042754910737,4.464733818199058,BALANCE,1,-1.6698339568720143e-06
5.162,0.016847178090389065,-0.0045955448278637975,0.01687378866674205,0.017510533413253468,-0.1714312779069211,-1.0387196622488204,BALANCE,1,-1.6683159228614106e-06
5.164,0.016839590825469177,-0.004027095496554096,0.01687378866674205,0.017287672751974473,-0.11143033063949759,-0.3208182184601607,BALANCE,1,-1.6673344189698513e-06
5.166,0.01683309042268073,-0.0034957222216432157,0.015339807878856412,0.01660592004638315,-0.3408763527956611,0.14581772000248772,BALANCE,1,-1.666472508816355e-06
5.168,0.016828806446376784,-0.0026170169321598673,0.01687378866674205,0.016699674063508765,0.04687700856280744,-1.7306556195822997,BALANCE,1,-1.6661966861149344e-06
5.17,0.016824532894327136,-0.002307897107264721,0.015339807878856412,0.016223720898880443,-0.23797658231416127,1.3769965123129855,BALANCE,1,-1.6655125937913903e-06
5.172,0.016821612382378857,-0.0017747078721106842,0.01380582709097077,0.015377458066112057,-0.42313141638419294,-0.9303894045804636,BALANCE,1,-1.6651664314596251e-06
5.174,0.016821014182469115,-0.0008501458437548669,0.01380582709097077,0.014827387224812607,-0.27503542064972497,-2.4624038471068204,BALANCE,1,-1.6653068441408944e-06
5.176,0.01682184256908637,-5.855831621844943e-05,0.018407769454627694,0.016080521005247886,0.6265668902176394,-1.3106401317090435,BALANCE,1,-1.6655476024073905e-06
5.178,0.016818967582278598,-0.0009488208216088719,0.015339807878856412,0.01582127141101087,-0.1296247971185084,5.977366382055989,BALANCE,1,-1.6648826915968486e-06
5.18,0.016816328811183584,-0.0011813921137526315,0.015339807878856412,0.01565275917475681,-0.0842561181270303,-0.08772209228741512,BALANCE,1,-1.6643074538211403e-06
5.182,0.016813879461814906,-0.0012084570310764505,0.018407769454627694,0.016617012772711617,0.48212679897740446,0.26511660546916616,BALANCE,1,-1.663815735001944e-06
5.184,0.016808567682523066,-0.002201082858052613,0.01687378866674205,0.016706884335622268,0.044935781455325216,4.854035158181933,BALANCE,1,-1.662403571852502e-06
5.186,0.016802719741972127,-0.002694222908450626,0.01687378866674205,0.016765300851514193,0.029208257945962518,1.3618993117799376,BALANCE,1,-1.6609891919813365e-06
5.188,0.01679663932486273,-0.002930208980944488,0.015339807878856412,0.01626637831108397,-0.24946127021511186,1.2395841146585518,BALANCE,1,-1.6596451724794987e-06
5.19,0.01679196263170451,-0.0025455577587848647,0.018407769454627694,0.017015865211324272,0.37474345012015153,-1.0197074630558567,BALANCE,1,-1.658945289733456e-06
5.192,0.016785370893237634,-0.0030699813890950993,0.018407769454627694,0.01750303169648047,0.24358324257809857,4.018899513640669,BALANCE,1,-1.657328459936684e-06
5.194,0.016777423382795174,-0.003734513946513924,0.01687378866674205,0.017282796636072024,-0.1101175302042224,2.9988478424136167,BALANCE,1,-1.6552761718536986e-06
5.196,0.01677010756871896,-0.003680693624096069,0.015339807878856412,0.01660275057104656,-0.34002303251273214,0.15602755653054234,BALANCE,1,-1.6538742228127343e-06
5.198,0.01676489963302519,-0.0029695486058771035,0.01687378866674205,0.01669761390453998,0.04743166674671048,-1.7240192258390636,BALANCE,1,-1.6533507491453622e-06
5.2,0.016759738114247174,-0.0027137534492075286,0.019941750242513337,0.017833061622830656,0.5677238591453373,1.3813101682460827,BALANCE,1,-1.652487362750288e-06
5.202,0.016751595464906215,-0.003731781868492983,0.01687378866674205,0.017497316088199644,-0.16787276731550574,5.611774570532537,BALANCE,1,-1.6501814002366152e-06
5.204,0.016744274402304457,-0.003681728648728748,0.018407769454627694,0.01781597476644946,0.15932933912490843,-0.2931431732320673,BALANCE,1,-1.6487776520505857e-06
5.206,0.01673632272561969,-0.003895379633617215,0.01687378866674205,0.01748620963155187,-0.16488256744879615,2.343593198986235,BALANCE,1,-1.6470380357592116e-06
5.208,0.016729458723445115,-0.003574634485771565,0.01687378866674205,0.017271862293868432,-0.10717366884171846,-0.26988796169725715,BALANCE,1,-1.6459416007383986e-06
5.21,0.016723478637137856,-0.00318111500449556,0.015339807878856412,0.016595643248614227,-0.3381095226271027,0.17892238689835815,BALANCE,1,-1.6450477281564881e-06
5.212,0.01671958921196192,-0.002386313759393468,0.018407769454627694,0.01722988742071894,0.3171220860523575,-1.709137586099968,BALANCE,1,-1.6447541463732203e-06
5.214,0.016714151083414515,-0.0026088741459270527,0.01687378866674205,0.01710525285682703,-0.0623172819459554,3.570769933661996,BALANCE,1,-1.6435654368523606e-06
5.216,0.016709013206572913,-0.002582704531678448,0.018407769454627694,0.017561133666057265,0.22794040461511683,0.5277769158419787,BALANCE,1,-1.642569207740657e-06
5.218,0.016702648670417486,-0.0029972780226748498,0.01687378866674205,0.01732056291629694,-0.12028537488016286,2.8771912568843705,BALANCE,1,-1.6410708562788233e-06
5.22,0.016696911671041207,-0.002911156435419948,0.015339807878856412,0.016627298653192756,-0.3466321315520916,0.07695077593651356,BALANCE,1,-1.6399973497369026e-06
5.222,0.016693169042604327,-0.002246475333093019,0.01380582709097077,0.01563978360641506,-0.49375752338884704,-1.7754191332251676,BALANCE,1,-1.6396275026857483e-06
5.224,0.016692255902945523,-0.0011132126487219177,0.01687378866674205,0.016071685377529506,0.2159508855572225,-3.0116731707258726,BALANCE,1,-1.6398541966673184e-06
5.226,0.01669017155835365,-0.0010692274248269588,0.015339807878856412,0.015815528252993923,-0.12807856226779157,2.6919082071095506,BALANCE,1,-1.6394549044451658e-06
5.228,0.01668853886371144,-0.0009132354480411823,0.01687378866674205,0.016185919397805767,0.1851955724059221,-0.07569680296269721,BALANCE,1,-1.6391671350567864e-06
5.23,0.016685637359493233,-0.001252956877558975,0.01687378866674205,0.016426673641933467,0.12037712206384998,2.452719743115723,BALANCE,1,-1.6385186926482617e-06
5.232,0.016681778314292257,-0.001690099066842761,0.019941750242513337,0.017656950452136423,0.6151384051014779,1.948617395026808,BALANCE,1,-1.6376235786968497e-06
5.234,0.016674310623819005,-0.00322330593231665,0.01687378866674205,0.017382843827248393,-0.13705331244401492,5.980524267940009,BALANCE,1,-1.6353539371738035e-06
5.236,0.016667265233450433,-0.0034339382403409677,0.018407769454627694,0.01774156779683115,0.17936198479137805,-0.05345586991721585,BALANCE,1,-1.6338217825394179e-06
5.238,0.01665935686355911,-0.003812684266562944,0.01687378866674205,0.017437845101299965,-0.15186134776559201,2.4993899461408935,BALANCE,1,-1.6319777840786403e-06
5.24,0.016652400252969195,-0.00358040578276896,0.01380582709097077,0.01616663879768475,-0.6356031518076084,-0.16862007604673823,BALANCE,1,-1.6307970175660293e-06
5.242,0.01664919426878084,-0.0023000345605192485,0.01687378866674205,0.016414141251854805,0.12375122708502793,-4.114826886599783,BALANCE,1,-1.6309717404001395e-06
5.244,0.016645626984148374,-0.0019724542040542876,0.01687378866674205,0.016575017847065342,0.08043829760526894,1.9748582917915116,BALANCE,1,-1.6304219689799203e-06
5.246,0.016641607178331255,-0.001996618410036609,0.018407769454627694,0.017216480909712166,0.3207315313234118,1.638007451666072,BALANCE,1,-1.629624179827706e-06
5.248,0.01663573804318407,-0.002640339530199003,0.01687378866674205,0.017096538624672628,-0.05997114251976923,3.5988411051700244,BALANCE,1,-1.6281562525443564e-06
5.25,0.016630052339432905,-0.0027765694597481757,0.01687378866674205,0.017018576139396925,-0.038981242637851216,0.5460231773222037,BALANCE,1,-1.6269643150473418e-06
5.252,0.016624599084907647,-0.0027435233372123595,0.018407769454627694,0.017504793799727695,0.2431088301653849,0.7092646272610057,BALANCE,1,-1.6259164190973841e-06
5.2540000000000004,0.016617874521502946,-0.0031766256744101265,0.019941750242513337,0.01835772855470267,0.42646737748748725,2.995158269306741,BALANCE,1,-1.6243272200662732e-06
5.256,0.01660882046666663,-0.004223478505341592,0.018407769454627694,0.018375242869676428,0.008757157486879302,4.513202733182058,BALANCE,1,-1.6217302514810667e-06
5.258,0.0165996659693881,-0.004492596879689975,0.018407769454627694,0.01838662717440937,0.00569215236647172,1.1725718320756202,BALANCE,1,-1.6196907451965577e-06
5.26,0.016590736856187716,-0.004471872297156892,0.015339807878856412,0.017320240420965836,-0.5331933767217679,1.148734849396336,BALANCE,1,-1.6179662622712894e-06
5.2620000000000005,0.016585069564158093,-0.0033684124217461713,0.01687378866674205,0.01716398230698751,-0.07812905698916309,-3.2263325885161933,BALANCE,1,-1.6177824652830564e-06
5.264,0.016580320484075938,-0.0027198351375125095,0.015339807878856412,0.016525521257141625,-0.3192305249229421,0.40480648250594586,BALANCE,1,-1.6172766273582418e-06
5.266,0.016577526084387992,-0.0018827711245369399,0.01687378866674205,0.016647414850501776,0.0609467966800753,-1.5623129239550395,BALANCE,1,-1.6171422296154414e-06
5.268,0.016574479351083374,-0.0016569713069350864,0.01687378866674205,0.016726645686185874,0.039615417842048944,1.486419264470709,BALANCE,1,-1.6166329953391923e-06
5.2700000000000005,0.016571102466457724,-0.0016770086998451818,0.018407769454627694,0.01731503900514051,0.29419665947731827,1.320522083907544,BALANCE,1,-1.6159670867578337e-06
5.272,0.01656594800634243,-0.002281388458901068,0.018407769454627694,0.017697494662461025,0.19122782866025714,3.3924756161269767,BALANCE,1,-1.614706596055963e-06
5.274,0.01655954159045474,-0.002924553144160249,0.01687378866674205,0.017409197563959384,-0.14414854925082035,2.5916723090297187,BALANCE,1,-1.6131004021433834e-06
5.276,0.01655380997525335,-0.0028853459026944345,0.01687378866674205,0.017221804449933317,-0.09369655701303367,-0.1086365401689997,BALANCE,1,-1.612007629258348e-06
5.2780000000000005,0.016548664791215983,-0.0026796375612899545,0.01687378866674205,0.017099998925816373,-0.06090276205847171,0.2837358108917296,BALANCE,1,-1.6111272894781866e-06
5.28,0.01654393339484359,-0.0024753457806439656,0.01380582709097077,0.015947038783620412,-0.5764800710979807,0.5387778390812087,BALANCE,1,-1.6103180686719442e-06
5.282,0.016542402696977473,-0.0013937251043868572,0.01687378866674205,0.016271401242712986,0.1621812295462873,-3.655018241766621,BALANCE,1,-1.6104663705353907e-06
5.284,0.0165400336852151,-0.0012636308790669776,0.018407769454627694,0.017019130116883135,0.3738644370850745,2.2737339109330774,BALANCE,1,-1.6100419653496238e-06
5.2860000000000005,0.016535411261810087,-0.001959687780867345,0.015339807878856412,0.016431367333573782,-0.29388139165467675,4.0120633036935835,BALANCE,1,-1.60890278467528e-06
5.288,0.01653212369611512,-0.0017604037237404506,0.01687378866674205,0.016586214800182675,0.07742373330444675,-1.365169093222987,BALANCE,1,-1.6083420146596863e-06
5.29,0.016528323584887306,-0.001849817135157413,0.015339807878856412,0.016149972377718484,-0.218121211232096,1.6145627544465344,BALANCE,1,-1.607568138049347e-06
5.292,0.01652558126513689,-0.0015504064049110253,0.01687378866674205,0.016403308078876733,0.12666785057912494,-0.7759713471936589,BALANCE,1,-1.6071432229700513e-06
5.2940000000000005,0.016522043425270274,-0.00168959737429405,0.01687378866674205,0.016567976284629596,0.08233410287643121,1.9975412893656035,BALANCE,1,-1.6064069751672898e-06
5.296,0.016517878747012098,-0.001943817754616504,0.015339807878856412,0.01613811734260898,-0.214929471010308,1.6527514000892256,BALANCE,1,-1.6054985678666688e-06
5.298,0.016514736569162185,-0.0017092649963699749,0.018407769454627694,0.01693249558181553,0.39718911960327435,-0.7511487275259251,BALANCE,1,-1.6049790584193124e-06
5.3,0.016509337274758392,-0.0023804738890048824,0.018407769454627694,0.017448841437299786,0.25817292774212885,4.193462691735126,BALANCE,1,-1.603636785520195e-06
5.3020000000000005,0.016502336273322805,-0.003181833505893609,0.018407769454627694,0.017784466243364553,0.16781240303238332,3.112313908175018,BALANCE,1,-1.601801048819377e-06
5.304,0.01649431390268052,-0.0037921883474735627,0.015339807878856412,0.016928835815786705,-0.42781521378892384,2.4095671988609397,BALANCE,1,-1.5997889881314728e-06
5.306,0.016488671692826664,-0.003143984950790221,0.019941750242513337,0.017983355865141028,0.5272600246771613,-2.406791561364188,BALANCE,1,-1.599173250056226e-06
5.308,0.016480461380913816,-0.003858543389706279,0.01687378866674205,0.017595007345701387,-0.19417425971982039,5.2970815493257515,BALANCE,1,-1.5970463296442822e-06
5.3100000000000005,0.016473324202286494,-0.003655861744560355,0.015339807878856412,0.016805687532305647,-0.3946599066978699,-0.49769363701647995,BALANCE,1,-1.5958244791686493e-06
5.312,0.01646861816794998,-0.002803229455067218,0.015339807878856412,0.016292629653598414,-0.25652893935361637,-2.1489380016446202,BALANCE,1,-1.5954994757457747e-06
5.314,0.016465611464711497,-0.0019786296282751368,0.01687378866674205,0.016496035308198688,0.10170282730013677,-1.074673735613026,BALANCE,1,-1.595337249516364e-06
5.316,0.016462156667028126,-0.001819661677159771,0.015339807878856412,0.01609135570792889,-0.2023398001348986,1.8033847368930154,BALANCE,1,-1.5947321016399226e-06
5.3180000000000005,0.016459724700265348,-0.0014433538831185194,0.01687378866674205,0.016365207243513497,0.13692576779230323,-0.6532370586034554,BALANCE,1,-1.5943918366019056e-06
5.32,0.016456435458611512,-0.001570906560795451,0.018407769454627694,0.017080104017403466,0.35744838694498454,2.0773185769492355,BALANCE,1,-1.5937135819513202e-06
5.322,0.01645099033300688,-0.0023561260326812996,0.01687378866674205,0.01700789364467197,-0.036105186365747305,3.8843933366040844,BALANCE,1,-1.592330030773443e-06
5.324,0.016445513060272456,-0.0026124546259909103,0.018407769454627694,0.017497850178156475,0.2449782667422514,0.7316321277543398,BALANCE,1,-1.5911336712184946e-06
5.3260000000000005,0.016438652807005395,-0.0031900234854386773,0.01687378866674205,0.017279428649161425,-0.10921076449752452,3.0096971446274,BALANCE,1,-1.5894484112202766e-06
5.328,0.016432348492545396,-0.0031643785296950047,0.01380582709097077,0.016063668103794695,-0.6078802726833653,0.1630796029694893,BALANCE,1,-1.5882460977063826e-06
5.33,0.01642950342084753,-0.0020495846144691875,0.01687378866674205,0.01634721030082627,0.14177109851578815,-3.899222095239241,BALANCE,1,-1.5883158142739172e-06
5.332,0.016426091457248677,-0.0018323303682053534,0.015339807878856412,0.01599461945313682,-0.17629542384472485,2.1150014061758813,BALANCE,1,-1.5877459696960778e-06
5.3340000000000005,0.016423580637007995,-0.0014724080103510437,0.018407769454627694,0.016839221953658626,0.4223012502609022,-0.45068622356958954,BALANCE,1,-1.587387391055382e-06
5.336,0.016418654135071153,-0.0021350629844959354,0.015339807878856412,0.01631442702747785,-0.26239746309038825,4.388763319306735,BALANCE,1,-1.5861801071677986e-06
5.338,0.0164149365400494,-0.001959354072002162,0.018407769454627694,0.017047096876980295,0.3663349247512229,-1.120314083074435,BALANCE,1,-1.5855384212745493e-06
5.34,0.016409164752646026,-0.002593168739987675,0.01687378866674205,0.01698643900339691,-0.030328936791692435,3.953505210628601,BALANCE,1,-1.5841155647086688e-06
5.3420000000000005,0.016403412843591793,-0.0027839418968402707,0.018407769454627694,0.017483904661327685,0.24873282896538743,0.7765548458702751,BALANCE,1,-1.5828953009976466e-06
5.344,0.01639630896150647,-0.003330278001320619,0.015339807878856412,0.01673347078746274,-0.375216936932472,3.0388969114027606,BALANCE,1,-1.5811675815793983e-06
5.346,0.016391250022099107,-0.002804458833766273,0.015339807878856412,0.016245688769450525,-0.2438910090061079,-1.9977272482120114,BALANCE,1,-1.580535394179277e-06
5.348,0.01638773555459101,-0.002137725322848188,0.01687378866674205,0.01646552373350256,0.10991748202601737,-0.9763867458818318,BALANCE,1,-1.5802088327788409e-06
5.3500000000000005,0.016383727761867545,-0.0020521012326728243,0.01687378866674205,0.01660841646013638,0.0714463633169106,1.8672712802182925,BALANCE,1,-1.5794740595563333e-06
5.352,0.01637927468441804,-0.002165518957475035,0.01687378866674205,0.016701296732448367,0.04644013615599275,1.5680758941434676,BALANCE,1,-1.5785643286971987e-06
5.354,0.01637448541088486,-0.002315842576296644,0.015339807878856412,0.016224775633691183,-0.23826054937859178,1.3735988931948442,BALANCE,1,-1.5775691959979792e-06
5.356,0.01637093831571645,-0.0019719283221732928,0.01380582709097077,0.015378143643739038,-0.42331599497607253,-0.9325978570072633,BALANCE,1,-1.577042854355125e-06
5.3580000000000005,0.01636971062695894,-0.0011228228261624465,0.015339807878856412,0.015364726126030119,-0.00670875885445954,-2.463839341184238,BALANCE,1,-1.5770865707196012e-06
5.36,0.01636847473178113,-0.0008118603137840204,0.01687378866674205,0.015892898015279294,0.26408594462458757,0.8682134967261308,BALANCE,1,-1.5769126002640694e-06
5.362,0.01636556092772472,-0.0012204434761295877,0.015339807878856412,0.015699316467531286,-0.09679077387400419,3.0662614379134583,BALANCE,1,-1.5762626430396875e-06
5.364,0.01636286859219667,-0.0012992543374359977,0.01687378866674205,0.016110381737255052,0.20553263486188314,0.16763279705984369,BALANCE,1,-1.5757228341013738e-06
5.3660000000000005,0.016358832247114544,-0.0017660927809213963,0.01380582709097077,0.015303787611055554,-0.4032970630997489,2.6108839831303685,BALANCE,1,-1.5747928266640323e-06
5.368,0.016356784962292086,-0.001304683463718536,0.01380582709097077,0.01477950142902588,-0.2621430910148374,-2.308149248134658,BALANCE,1,-1.5745497450146374e-06
5.37,0.01635608954701996,-0.0007127430880640413,0.015339807878856412,0.014975608686466566,0.098053628720343,-1.2103746423771464,BALANCE,1,-1.5745432311111878e-06
5.372,0.01635468732385393,-0.0007056245385420407,0.018407769454627694,0.01617686495532296,0.6006281344281966,1.6829655509507377,BALANCE,1,-1.5742743422060187e-06
5.3740000000000006,0.016349695230934446,-0.0019382733945676961,0.015339807878856412,0.015883894978559666,-0.14648498838164617,5.775636972744951,BALANCE,1,-1.5729657907225193e-06
5.376,0.016345117986994652,-0.0021672226628825716,0.018407769454627694,0.016767251045183475,0.44167803331190447,-0.21884620833958934,BALANCE,1,-1.571984716117402e-06
5.378,0.01633804340406968,-0.003157445695717011,0.01687378866674205,0.016804539212728977,0.01864408377275084,4.539459329206244,BALANCE,1,-1.5700614056737705e-06
5.38,0.016330728515439128,-0.003513694360649038,0.018407769454627694,0.017365669797393526,0.2805652923322747,1.1574250229457455,BALANCE,1,-1.5684013976791336e-06
5.382,0.01632199110757452,-0.00416019541364137,0.01687378866674205,0.01719351140166551,-0.08607919786400749,3.286462526501809,BALANCE,1,-1.5661930034195914e-06
5.384,0.016313831697904756,-0.004101922241092223,0.01687378866674205,0.0170816084444423,-0.055951478611605474,0.3429771011878707,BALANCE,1,-1.5646770513524592e-06
5.386,0.016306313579029782,-0.003859151941146109,0.015339807878856412,0.01647197824648724,-0.30481509897753095,0.5772846777736943,BALANCE,1,-1.5634397761591185e-06
5.388,0.01630080941500068,-0.00312210509146214,0.01687378866674205,0.016612611893576424,0.07031682354459272,-1.4502020970310134,BALANCE,1,-1.5629322881554834e-06
5.39,0.016295271102099614,-0.0028874558364948744,0.015339807878856412,0.01616713048842442,-0.22274070257600162,1.559291301971327,BALANCE,1,-1.5620201663741922e-06
5.392,0.016291107278965326,-0.0023694583057313847,0.015339807878856412,0.015877567575075618,-0.14478145667440148,-0.8118977913025477,BALANCE,1,-1.5615120268236468e-06
5.394,0.016287865857971335,-0.0018965682905373424,0.01687378866674205,0.01622624495715887,0.17433869104162628,-0.20559759889067475,BALANCE,1,-1.561105665169254e-06
5.396,0.016283691140600076,-0.0020197969886040943,0.01687378866674205,0.016452885255512983,0.11332014917705621,2.3682842257625425,BALANCE,1,-1.5602538614118153e-06
5.398,0.016278796105222,-0.0023019894187298507,0.018407769454627694,0.017137094725203132,0.34210473484507475,1.8937343087472287,BALANCE,1,-1.5591856186302662e-06
5.4,0.016271939238360622,-0.0031041952437394775,0.015339807878856412,0.01650804432898178,-0.3145251981106767,3.765063562272786,BALANCE,1,-1.5574093448602684e-06
5.402,0.016266694983298777,-0.002786356919900499,0.018407769454627694,0.01717294812295785,0.3324518969880352,-1.5257189251465069,BALANCE,1,-1.5566047027919052e-06
5.404,0.016259789760868837,-0.003256024152428743,0.01687378866674205,0.01706824231328232,-0.052352904837764044,3.6899920632817524,BALANCE,1,-1.5549800398641702e-06
5.406,0.016253183746824686,-0.003288647414820991,0.01687378866674205,0.017000183536993226,-0.03402938814454741,0.605271300094827,BALANCE,1,-1.5536931193966685e-06
5.408,0.016246911412718393,-0.003184999078128441,0.015339807878856412,0.01641905205664534,-0.29056574017394254,0.7477759070632143,BALANCE,1,-1.5525648740242065e-06
5.41,0.0162423960932796,-0.002583464785384369,0.01687378866674205,0.01657820987017919,0.07957890676692399,-1.33938279799282,BALANCE,1,-1.552071563886097e-06
5.412,0.016237632975929898,-0.002451954347638965,0.01687378866674205,0.01668166244897619,0.05172628939850016,1.6313238463461432,BALANCE,1,-1.5512316390300089e-06
5.414,0.01623262253295877,-0.0024871540111644956,0.01687378866674205,0.01674890662519424,0.0336220881090258,1.4147100621265727,BALANCE,1,-1.5502555410897126e-06
5.416,0.01622742649847055,-0.002560666627473933,0.01687378866674205,0.016792615339735976,0.021854357270867375,1.273911102383861,BALANCE,1,-1.54922324940327e-06
5.418,0.016222112181954743,-0.002624874453294289,0.015339807878856412,0.01628413272842813,-0.25424130565392283,1.1823917785510976,BALANCE,1,-1.5481727552772474e-06
5.42,0.016218205632447896,-0.002195687778287905,0.01687378866674205,0.016490512306838002,0.10318978920493584,-1.0568824815256948,BALANCE,1,-1.5476475418408149e-06
5.422,0.016213796033383885,-0.0022017295302815196,0.018407769454627694,0.017161552308564393,0.33552000086319556,1.8149490520497666,BALANCE,1,-1.5468029754383373e-06
5.424,0.016207502869556373,-0.0028589723890981317,0.01687378866674205,0.017060835033926573,-0.0503586373189098,3.713853145419428,BALANCE,1,-1.545247307384761e-06
5.426,0.016201373962793884,-0.0029990942888575094,0.01687378866674205,0.01699536880541199,-0.032733114257291196,0.620781003484316,BALANCE,1,-1.5439906599442461e-06
5.428,0.016195483800335475,-0.002962891372388184,0.01687378866674205,0.01695281575687751,-0.021276524267239624,0.75785721426639,BALANCE,1,-1.5428905493927565e-06
5.43,0.016189812088103234,-0.0028780978295086658,0.01687378866674205,0.0169251562753301,-0.01382974077370619,0.8469567512747337,BALANCE,1,-1.5418622853645972e-06
5.432,0.016184314860402133,-0.002792098851981887,0.01687378866674205,0.016907177612324284,-0.008989331502907635,0.9048714503301565,BALANCE,1,-1.5408668257575054e-06
5.434,0.016178948940899194,-0.002719892859906008,0.01687378866674205,0.0168954914813705,-0.0058430654768914375,0.9425160047161959,BALANCE,1,-1.5398871686505678e-06
5.436,0.01617367909130434,-0.0026638522093048638,0.019941750242513337,0.017961682047770492,0.5330952831999954,0.9669849650670986,BALANCE,1,-1.5389158700191965e-06
5.438,0.01616554271769608,-0.00371822397818809,0.015339807878856412,0.017044026088650563,-0.45882797955996457,5.342463188466193,BALANCE,1,-1.536649421060832e-06
5.44,0.016159793237855945,-0.0031539142604841983,0.01687378866674205,0.016984442990982583,-0.029791548833989906,-2.647982271160683,BALANCE,1,-1.5359691876935234e-06
5.442,0.016154491747075294,-0.0028216536809626833,0.01687378866674205,0.016945713977498396,-0.019364506742093612,0.7807341887870358,BALANCE,1,-1.5351726589155076e-06
5.444,0.0161494456152521,-0.0026257727101763975,0.01687378866674205,0.016920540118733673,-0.012586929382361195,0.8618267847131549,BALANCE,1,-1.534327042571212e-06
5.446,0.016144541777674576,-0.0025121275819724232,0.015339807878856412,0.016367283834776633,-0.2766281419785202,0.9145369720651308,BALANCE,1,-1.5334572321952238e-06
5.448,0.016141183571311078,-0.0019845531225233188,0.01687378866674205,0.01654456052596453,0.08863834559394781,-1.2309881057415637,BALANCE,1,-1.533072136212605e-06
5.45,0.016137373143832068,-0.0019340369558773377,0.018407769454627694,0.017196683650996636,0.32606156251605356,1.7017803963094542,BALANCE,1,-1.5323693333815832e-06
5.452,0.0161316837655159,-0.0025551753623193666,0.018407769454627694,0.017620563682267505,0.21194001563543466,3.6402935191882264,BALANCE,1,-1.5309913326893077e-06
5.454,0.016124676459109217,-0.0032307265543776165,0.015339807878856412,0.01682229915107362,-0.399132265596942,2.752753946019528,BALANCE,1,-1.5292440514979966e-06
5.456,0.016119781905604105,-0.002718467102417716,0.018407769454627694,0.017377213757317548,0.2774573031219633,-2.1837201757111186,BALANCE,1,-1.5286402200526756e-06
5.458,0.01611354726301803,-0.002992071026670249,0.01687378866674205,0.017201014975616123,-0.08809939085071238,3.2622912504147594,BALANCE,1,-1.5272907426199566e-06
5.46,0.016107803183737553,-0.002911788524278697,0.01380582709097077,0.01601269921599025,-0.5941578798129374,0.3272657717312685,BALANCE,1,-1.5262519546487608e-06
5.462,0.016105407117750086,-0.0018210632670063887,0.01380582709097077,0.015240293972233431,-0.38620262187840854,-3.7925010855440844,BALANCE,1,-1.5263483025519809e-06
5.464,0.01610527821703026,-0.0007091949205687673,0.015339807878856412,0.015275123839551475,0.01741493365902194,-2.1752033366932624,BALANCE,1,-1.5266239518771537e-06
5.466,0.01610498253392143,-0.00036427372426938126,0.018407769454627694,0.01637154980482815,0.5482129826383381,1.055826899645264,BALANCE,1,-1.5266073904824586e-06
5.468,0.016101360958416508,-0.001314604906306604,0.01380582709097077,0.015473546854978069,-0.4490014749250412,5.367996849396394,BALANCE,1,-1.5257507049475251e-06
5.47,0.016099765266835243,-0.0009954832716912397,0.01687378866674205,0.01596363148909546,0.24504231705869614,-2.6635989881016457,BALANCE,1,-1.5255269118588475e-06
5.472,0.016096630592468533,-0.0013586811405913888,0.01687378866674205,0.016282186501271768,0.15927750608815336,2.9181564258152966,BALANCE,1,-1.524841688757522e-06
5.474,0.016092344633689963,-0.0018718103621453521,0.015339807878856412,0.01595235398342639,-0.16491625892268816,2.251151238781533,BALANCE,1,-1.5238528705762484e-06
5.476,0.01608873962312224,-0.0018278769413550748,0.015339807878856412,0.015737962846826898,-0.1071955682997467,-0.3621888323759218,BALANCE,1,-1.5231873842399946e-06
5.478,0.01608563017227763,-0.001656105427568735,0.018407769454627694,0.016672395159557176,0.467216156365139,0.0867132244116402,BALANCE,1,-1.522662381549396e-06
5.48,0.016079866994927857,-0.0025014995332216807,0.018407769454627694,0.017279776162831856,0.30369050163733985,4.738072960494543,BALANCE,1,-1.521196395030203e-06
5.482,0.01607223590449242,-0.0034678728746497735,0.01687378866674205,0.017137680539200423,-0.07104781181571651,3.4663105828686303,BALANCE,1,-1.51913697229096e-06
5.484,0.016064888301280108,-0.0036141232457277198,0.015339807878856412,0.016508425108080017,-0.3146277155602027,0.4598783378262934,BALANCE,1,-1.5176366865741214e-06
5.486,0.01605943511689756,-0.003025038731880851,0.01687378866674205,0.01663630235361173,0.06393862276585574,-1.5265162179968206,BALANCE,1,-1.5170227985294076e-06
5.488,0.01605391437447511,-0.0028491297087691113,0.01380582709097077,0.015645636011687395,-0.4953331709621669,1.5096871233435496,BALANCE,1,-1.5160895379079948e-06
5.49,0.01605123471403776,-0.001891095503609165,0.015339807878856412,0.015538596165196551,-0.05351992324542209,-3.0239272069960914,BALANCE,1,-1.516067586898972e-06
5.492,0.016048993388788034,-0.0014111489357621209,0.01687378866674205,0.016005913540737476,0.23365868777046242,0.5041563839484164,BALANCE,1,-1.5158131808283926e-06
5.494,0.016045397345876053,-0.001658379727245094,0.018407769454627694,0.016846563110599053,0.42032478493078845,2.829624314607948,BALANCE,1,-1.5150529427919069e-06
5.496,0.016039304055524478,-0.00263090964299557,0.015339807878856412,0.01631919877948913,-0.26368216555496155,4.373392066082251,BALANCE,1,-1.5134573149285594e-06
5.498,0.016034427083701903,-0.00250521155635639,0.018407769454627694,0.017050198515787627,0.3654998681492487,-1.1303053976703445,BALANCE,1,-1.5126055145458528e-06
5.5,0.016027603904417865,-0.0031460751661108555,0.01380582709097077,0.015914668517101726,-0.5677649993429505,3.947010856141247,BALANCE,1,-1.5109316038980391e-06
5.502,0.016023834577970013,-0.002336641799791973,0.01687378866674205,0.01625036056947584,0.167846026187057,-3.587239883717501,BALANCE,1,-1.5106939082984175e-06
5.5040000000000004,0.0160193467674585,-0.0022766804896881027,0.01687378866674205,0.016468560403519013,0.10909991702158679,2.317789843665006,BALANCE,1,-1.5098770220025767e-06
5.506,0.01601425413087525,-0.002455122477991063,0.01380582709097077,0.01553660374412713,-0.4659783296959421,1.860912960383835,BALANCE,1,-1.5088267833270165e-06
5.508,0.016011678722626908,-0.001720587437460321,0.01380582709097077,0.014930831915522403,-0.3028859143023631,-2.795630412919909,BALANCE,1,-1.5086684962272178e-06
5.51,0.016010819799220446,-0.0009156093304923421,0.01687378866674205,0.01561086677844928,0.3400174314634385,-1.5272373994875608,BALANCE,1,-1.5087329647325118e-06
5.5120000000000005,0.0160080070586029,-0.0012250561972063831,0.015339807878856412,0.015515996163591776,-0.04743530742875191,3.6567914584144647,BALANCE,1,-1.5081322319895758e-06
5.514,0.016005174892288636,-0.0013451101152298097,0.015339807878856412,0.0154543302639344,-0.030832949828688526,0.5514773103854913,BALANCE,1,-1.5075656779327805e-06
5.516,0.016002300418608634,-0.0014030438882897082,0.01380582709097077,0.014877354153397129,-0.2884880552686351,0.6805962172065558,BALANCE,1,-1.5070071792064815e-06
5.518,0.01600082546223527,-0.0009918082648896944,0.01687378866674205,0.015576106233067852,0.34937603983536175,-1.415263192945253,BALANCE,1,-1.5068344034515343e-06
5.5200000000000005,0.015997280081335497,-0.0014940643725848773,0.015339807878856412,0.015493401809093848,-0.04135221198700231,3.729574692666965,BALANCE,1,-1.506033513786027e-06
5.522,0.01599369477818812,-0.0016846081261442081,0.01227184630308513,0.014365857381990796,-0.563772213551526,0.5987864126496124,BALANCE,1,-1.505293828553486e-06
5.524,0.015993047219783164,-0.0008347912506961392,0.015339807878856412,0.014706740055893761,0.17044133695148267,-3.64822626549276,BALANCE,1,-1.505400291694416e-06
5.526,0.015991391887699987,-0.0008304464238910729,0.01687378866674205,0.015465207069690663,0.3792335068984508,2.245935098965487,BALANCE,1,-1.5050894432350706e-06
5.5280000000000005,0.015987393719702057,-0.0015977619362091875,0.015339807878856412,0.015421317352898674,-0.021944858395994346,3.9617804793690463,BALANCE,1,-1.5041381700655319e-06
5.53,0.015983211498296495,-0.0019177732090781398,0.015339807878856412,0.015392789036983882,-0.014264157957396238,0.7497201740059657,BALANCE,1,-1.503231196253286e-06
5.532,0.015978972101952895,-0.0020484050737203325,0.01380582709097077,0.014837352355879293,-0.2777183405522944,0.809454078559863,BALANCE,1,-1.5023784100691603e-06
5.534,0.01597619134568727,-0.0016360977586983556,0.015339807878856412,0.015013211788921284,0.0879297165209958,-1.3315055830655975,BALANCE,1,-1.5020174475784327e-06
5.5360000000000005,0.015972918527629245,-0.001636400535976466,0.01380582709097077,0.014590627144638605,-0.21129232214133972,1.6042304395032434,BALANCE,1,-1.5014019065765765e-06
5.538,0.015970699754831362,-0.0013089141765897786,0.010737865515199488,0.013242160574334914,-0.6742332851518454,-0.8149009484524015,BALANCE,1,-1.5010876357222451e-06
5.54,0.015972092452538073,-1.2153352239282437e-05,0.01687378866674205,0.014513230406677412,0.6355349161712492,-4.599336646754669,BALANCE,1,-1.501532204617832e-06
5.542,0.01596990048397181,-0.0006977081689149663,0.015339807878856412,0.014802532521940063,0.14465105763132505,5.9550731537706385,BALANCE,1,-1.501068199652026e-06
5.5440000000000005,0.0159664915540617,-0.00134709669209911,0.01380582709097077,0.01445368562110081,-0.174423450419626,2.045360412367004,BALANCE,1,-1.5002857846432774e-06
5.546,0.01596374168636938,-0.0013646189597373184,0.01687378866674205,0.015300721687075245,0.42351803298721746,-0.5281664660909594,BALANCE,1,-1.499763924433068e-06
5.548,0.015958525831986817,-0.002209169240813336,0.01687378866674205,0.01585129512995863,0.2752867214416916,4.306187565122254,BALANCE,1,-1.498461989858299e-06
5.55,0.015951598792302707,-0.003107998557974939,0.015339807878856412,0.015672274592072852,-0.08951026894288804,3.1533714793310503,BALANCE,1,-1.4966512035895387e-06
5.5520000000000005,0.015945074588900033,-0.0032143958118581316,0.018407769454627694,0.016629697793967047,0.47871160094709736,0.22425432398126688,BALANCE,1,-1.4953546235373475e-06
5.554,0.015936101356331805,-0.004195478767570028,0.015339807878856412,0.016178236323678326,-0.22573073514436068,4.827474675214802,BALANCE,1,-1.4928954095689477e-06
5.556,0.01592838746799328,-0.003954111957842537,0.01687378866674205,0.01642167964375063,0.12172166003615245,-0.8351517017341858,BALANCE,1,-1.4916585148977418e-06
5.558,0.015920410252900113,-0.003979314351448457,0.015339807878856412,0.016043024526037654,-0.18932755885648841,1.9590740589142575,BALANCE,1,-1.4901418261426023e-06
5.5600000000000005,0.01591377839830276,-0.0035237310357648577,0.01687378866674205,0.016333791975284194,0.14538372462327004,-0.5520389992896481,BALANCE,1,-1.4892638426437385e-06
5.562,0.01590672885020681,-0.0035246834517930117,0.015339807878856412,0.01598589754153447,-0.1739472168748625,2.143097315503212,BALANCE,1,-1.4879428336155522e-06
5.564,0.01590086105740839,-0.0031283043120685396,0.015339807878856412,0.01575976615959715,-0.11306569096865976,-0.43242388250683184,BALANCE,1,-1.4871256061031138e-06
5.566,0.01589588479402968,-0.0027091048078069575,0.015339807878856412,0.015612780761337892,-0.07349269912962884,0.041060441826550886,BALANCE,1,-1.4864553270433369e-06
5.5680000000000005,0.01589150468545311,-0.0023741735841685675,0.18446374028299753,0.07471061659391875,29.54891791629043,0.3488252526432427,BALANCE,1,-1.4858174459053822e-06
5.57,0.015814444383887908,-0.06782445677117763,0.01380582709097077,0.05339394026788696,-10.658338163015896,240.87398032595857,BALANCE,1,-9.813548025509303e-07
5.572,0.015717389159682293,-0.029997884040931143,0.01380582709097077,0.0395381006559663,-6.927919805960331,-82.06306888805395,BALANCE,1,-1.3580393994638556e-06
5.574,0.015720692219153152,0.01848941330387946,0.018407769454627694,0.032142484735497794,-3.697807960234254,-53.051072408324664,BALANCE,1,-1.4181721493166039e-06
5.5760000000000005,0.01578555861163595,0.04444049559569517,0.01687378866674205,0.026798441111433285,-2.672021812032254,-27.653914597744166,BALANCE,1,-1.25600359860137e-06
5.578,0.01590720414552192,0.07703245655942077,0.01687378866674205,0.023324812755791357,-1.7368141778209643,-19.768268029572035,BALANCE,1,-8.563970619977792e-07
5.58,0.01609573696765196,0.11149646980047871,0.015339807878856412,0.02053006104886413,-1.3973758534636134,-12.495024657220233,BALANCE,1,-1.9884658010843366e-07
5.582,0.016352537247841324,0.1453077879769685,0.018407769454627694,0.01978725899088138,-0.3714010289913756,-9.94720316477706,BALANCE,1,6.782841303154831e-07
5.5840000000000005,0.016668250229846186,0.17041060120510562,0.018407769454627694,0.01930443765319259,-0.241410668844394,-1.7839726924781223,BALANCE,1,1.4623029383977574e-06
5.586,0.017025620142126476,0.18696562444085,0.01687378866674205,0.018453710507934904,-0.42536357262884344,-0.7730190915635964,BALANCE,1,2.0225115824002764e-06
5.588,0.01741022324153244,0.19764438139310467,0.019941750242513337,0.018974524415037358,0.26040695355122706,-2.2956859505546534,BALANCE,1,2.3826571955484995e-06
5.59,0.01780558157264922,0.1977212196513981,0.018407769454627694,0.01877616017889398,-0.09918211807168932,3.221727093312058,BALANCE,1,2.303951914390349e-06
5.5920000000000005,0.018194800543558386,0.19150500659704073,0.019941750242513337,0.019184116701160756,0.20397826113338796,0.33311266616012414,BALANCE,1,1.9634001475791778e-06
5.594,0.018563688660486702,0.1773901153423259,0.01687378866674205,0.018375501889114212,-0.40430740602327186,2.782873091136749,BALANCE,1,1.3281876193612273e-06
5.596,0.018902420090889122,0.16134779653179396,0.018407769454627694,0.018386795537043935,0.005646823964861394,-2.1319291348393223,BALANCE,1,6.73851297057535e-07
5.598,0.019204118822216662,0.1403568222730387,0.018407769454627694,0.01839413640819825,0.003670435577158432,1.1483823239415272,BALANCE,1,-6.934203324105692e-08
5.6000000000000005,0.019459563862598957,0.11509345496425134,0.019941750242513337,0.018935801250208533,0.2708324210051408,1.1330116691091625,BALANCE,1,-8.158481528371627e-07
5.602,0.019658612630673936,0.08396283025037338,0.015339807878856412,0.017677203570235292,-0.6292988399866205,3.3028074430536387,BALANCE,1,-1.5226624218735292e-06
5.604,0.019797648284682227,0.05513528476270284,0.018407769454627694,0.017932901629772634,0.1278490297686712,-3.9737585056788465,BALANCE,1,-1.982668010704817e-06
5.606,0.019876129156670294,0.02461270043985471,0.01687378866674205,0.017562212092711933,-0.18534476853035095,2.0987663359357276,BALANCE,1,-2.260632541529095e-06
5.6080000000000005,0.019905321133428605,0.01018511094100238,0.019941750242513337,0.018395050445142426,0.4164191762152467,-0.4290254226800916,BALANCE,1,-2.3210193417986636e-06
5.61,0.01991558746653414,0.005920805465017874,0.019941750242513337,0.01893639537422225,0.27067246453991134,4.43505643643052,BALANCE,1,-2.3307513912815454e-06
5.612,0.01992033775621713,0.0034217669366699553,0.018407769454627694,0.018751376302364158,-0.09250953592904523,3.3015634387726256,BALANCE,1,-2.334355532768927e-06
5.614,0.019923458404716196,0.0022221443279083694,0.018407769454627694,0.0186311139056564,-0.06013119835387992,0.38500629070948755,BALANCE,1,-2.335809534115194e-06
5.6160000000000005,0.01992558262209381,0.0014958784306954545,0.019941750242513337,0.01908983662355633,0.22936135894996607,0.6368172475083445,BALANCE,1,-2.336595768562204e-06
5.618,0.019925418529043438,0.0005022110258945879,0.021475731030398976,0.01992489966595126,0.4175315211974642,2.9802810690131083,BALANCE,1,-2.3367690608306986e-06
5.62,0.019922073887096405,-0.0009607155494114185,0.01687378866674205,0.018857010816228037,-0.5339444248616109,4.535746149536789,BALANCE,1,-2.3359131050107234e-06
5.622,0.01992091523107314,-0.0007261330813147816,0.018407769454627694,0.01869977633966792,-0.07861723828005845,-3.1401347499192047,BALANCE,1,-2.3356836083451238e-06
5.6240000000000006,0.019919820520311337,-0.0006163115047569995,0.023009711818284616,0.020208253757183766,0.754238708757923,0.4930486741396076,BALANCE,1,-2.3354426386370183e-06
5.626,0.01991417967859159,-0.002188651083892062,0.019941750242513337,0.02011497752704912,-0.04663811506732361,7.246404895494409,BALANCE,1,-2.333649720097731e-06
5.628,0.019908224522632727,-0.0027294673004703176,0.019941750242513337,0.020054347977461598,-0.030314774793760435,0.8337937310843583,BALANCE,1,-2.3319702437004294e-06
5.63,0.019902249450186912,-0.002904702464505054,0.018407769454627694,0.019478045494469735,-0.28815124149593124,0.9607426802976125,BALANCE,1,-2.3304649180954945e-06
5.632,0.019897799036991067,-0.0024653140726265837,0.019941750242513337,0.019640342156284997,0.0811483309076308,-1.1365272022992658,BALANCE,1,-2.3296741018252535e-06
5.634,0.019892936914131406,-0.0024430478628386966,0.023009711818284616,0.020819621537984865,0.589639690849934,1.827607176638146,BALANCE,1,-2.3285470852220106e-06
5.636,0.019884769789127683,-0.0036855223217404673,0.018407769454627694,0.019975473308809857,-0.4220741145875041,5.966294819078564,BALANCE,1,-2.3258228062519565e-06
5.638,0.019878645007697482,-0.0032642462063023777,0.019941750242513337,0.019963670235606076,-0.005901536601890522,-2.1780645181714413,BALANCE,1,-2.324701706781287e-06
5.64,0.019872740959845668,-0.003054434256942077,0.019941750242513337,0.01995599823802362,-0.003835998791227452,1.1506079213212403,BALANCE,1,-2.32346180004526e-06
5.642,0.019866942141020593,-0.002950558198424315,0.018407769454627694,0.019414118163835047,-0.2709400370942867,1.1666719039515976,BALANCE,1,-2.322172036483947e-06
5.644,0.019862660736325484,-0.0024284515447958303,0.021475731030398976,0.020135682667132424,0.36078225164868843,-1.0026732069241908,BALANCE,1,-2.3214704669654413e-06
5.646,0.019856450593333106,-0.0028947781779051548,0.019941750242513337,0.020067806318515746,-0.033938174308339314,4.094398973217453,BALANCE,1,-2.3197539281577073e-06
5.648,0.01985028957224254,-0.003021542369218557,0.018407769454627694,0.01948679341615493,-0.2905064511804084,0.9325629846442303,BALANCE,1,-2.318234109040194e-06
5.65,0.01984570090614793,-0.002549683980103736,0.019941750242513337,0.019646028305380373,0.07961744461272222,-1.1548440044739716,BALANCE,1,-2.3174424433687524e-06
5.652,0.019840735269195265,-0.002505965789159735,0.019941750242513337,0.019749530983376912,0.051751338998269614,1.8157012552246001,BALANCE,1,-2.316306150564391e-06
5.654,0.01983542383822935,-0.0026055794511748603,0.019941750242513337,0.019816807724074664,0.033638370348875596,1.5989825709887717,BALANCE,1,-2.3150115203756567e-06
5.656,0.019829846632108027,-0.002728286017317389,0.018407769454627694,0.019323644329768228,-0.246581697153218,1.4581154262354845,BALANCE,1,-2.3136396832702613e-06
5.658,0.019825554363625663,-0.0023533275368900087,0.019941750242513337,0.01953998139922902,0.10816853473039588,-0.8132349174396505,BALANCE,1,-2.3128411253097774e-06
5.66,0.019820667030128702,-0.0024127400933478737,0.019941750242513337,0.019680600494378534,0.07030954757475741,2.0377471617969083,BALANCE,1,-2.311670499109541e-06
5.662,0.019815291872887372,-0.00259608877113395,0.021475731030398976,0.02030889618198569,0.3141478438035781,1.7433124102607713,BALANCE,1,-2.310318613139634e-06
5.664,0.019808096075069618,-0.0033152604069906946,0.021475731030398976,0.020717288378930342,0.204196098472326,3.7317165213477663,BALANCE,1,-2.3081870261896286e-06
5.666,0.019799644747803616,-0.003997242583195755,0.019941750242513337,0.020445850031184393,-0.13571917387297447,2.8766060905144286,BALANCE,1,-2.3056849409103756e-06
5.668,0.019791903109099934,-0.003906988444855692,0.018407769454627694,0.01973252182938955,-0.35666410089742195,0.14099761088726792,BALANCE,1,-2.3039570742614e-06
5.67,0.019786319320562275,-0.0031629626090654444,0.019941750242513337,0.019805751773982878,0.036614972296664106,-1.6693614974160027,BALANCE,1,-2.3032174650031187e-06
5.672,0.01978080041218036,-0.002894876437896236,0.021475731030398976,0.020390244513728513,0.2922463698728176,1.4812648848122856,BALANCE,1,-2.3021054679707938e-06
5.674,0.01977375336623853,-0.003339811729336089,0.019941750242513337,0.020233271518803202,-0.07848649746265528,3.5613856298062516,BALANCE,1,-2.3001689982215673e-06
5.676,0.019767075601545968,-0.0033393809300354066,0.019941750242513337,0.02013123907210175,-0.05101622335072602,0.5861043114269499,BALANCE,1,-2.298615241333667e-06
5.678,0.019760750994837938,-0.0032188102589434287,0.019941750242513337,0.020064917981745808,-0.033160545177971304,0.7997445575202969,BALANCE,1,-2.2972281932079897e-06
5.68,0.019754694764082845,-0.0030900395537039804,0.021475731030398976,0.02055870254877442,0.24689228351430606,0.938610717480978,BALANCE,1,-2.2959063342463225e-06
5.682,0.01974735331783416,-0.0035048193571381135,0.019941750242513337,0.020342769241583042,-0.107966653595689,3.2086604210409138,BALANCE,1,-2.293907714971752e-06
5.684,0.01974057404610065,-0.003425264395470712,0.019941750242513337,0.020202412591908647,-0.07017832483719767,0.35683292572947045,BALANCE,1,-2.2923909464730995e-06
5.686,0.019734288333004286,-0.0032332500412203292,0.019941750242513337,0.02011118076962029,-0.045615911144178053,0.6507181568169375,BALANCE,1,-2.2910669384632268e-06
5.688,0.01972835892781983,-0.003052627559202175,0.018407769454627694,0.019514986809372883,-0.29809698012370384,0.8417435570237931,BALANCE,1,-2.2898108687610656e-06
5.69,0.019724129917578423,-0.0024478456918850307,0.018407769454627694,0.01912746073521207,-0.19376303708040601,-1.2138766324272576,BALANCE,1,-2.2891837187919013e-06
5.692,0.01972102976316021,-0.0018812516334284226,0.021475731030398976,0.01994935533852749,0.41094730165770926,-0.402456652530524,BALANCE,1,-2.288725625906804e-06
5.694,0.019715619947811538,-0.0024371881904441473,0.018407769454627694,0.019409800279162562,-0.2697775296824634,4.484539733573324,BALANCE,1,-2.2872138756043935e-06
5.696,0.019711448854724638,-0.0022113779136384527,0.021475731030398976,0.02013287604209531,0.36153788146637417,-0.9936322207099533,BALANCE,1,-2.286357929567936e-06
5.698,0.01970522404835133,-0.002836046727147371,0.019941750242513337,0.020065982012241624,-0.03344701492684343,4.100275614256712,BALANCE,1,-2.2845775106219213e-06
5.7,0.019698990392914614,-0.0030283099076708576,0.018407769454627694,0.01948560761707675,-0.2901871975824373,0.9363828013197499,BALANCE,1,-2.2830115458131942e-06
5.702,0.01969430942903128,-0.0025811064016011192,0.021475731030398976,0.020182150811739533,0.3482715973313916,-1.1523611236348932,BALANCE,1,-2.282193824486106e-06
5.704,0.019687780491416756,-0.0030570195728415422,0.019941750242513337,0.02009801061251037,-0.04207009961458216,3.997101827355505,BALANCE,1,-2.280394280852232e-06
5.706,0.019681368856302336,-0.003159377188020923,0.021475731030398976,0.020580212758771383,0.24110107313050735,0.8693198398339648,BALANCE,1,-2.2788407575029165e-06
5.708,0.01967365321310116,-0.0036661990477214208,0.023009711818284616,0.021430537429601017,0.4251623354148172,3.1636213505703417,BALANCE,1,-2.276684595546882e-06
5.71,0.01966359138711796,-0.004765767529225303,0.021475731030398976,0.021446355189880306,0.007908880139644373,4.687130929094598,BALANCE,1,-2.273366077774593e-06
5.712,0.019653399354094162,-0.005027360965532342,0.019941750242513337,0.02091974345830187,-0.2633058657892182,1.3500523525099735,BALANCE,1,-2.2707343307696408e-06
5.714,0.019644903605096863,-0.00445659200495776,0.019941750242513337,0.020577445832775886,-0.17114881276299176,-0.8512623188156336,BALANCE,1,-2.2693467093612637e-06
5.716,0.019637811498557485,-0.0038217250545392223,0.019941750242513337,0.020354952376183996,-0.111246728295945,-0.1345437521373809,BALANCE,1,-2.268267592196243e-06
5.718,0.019631682383964604,-0.0033096934145095767,0.021475731030398976,0.02074722490515924,0.1961362644876223,0.33132331620347977,BALANCE,1,-2.2672404927989016e-06
5.72,0.019624687757355368,-0.0034413053405148906,0.019941750242513337,0.020465308773233177,-0.14095806596303195,2.8139236102105327,BALANCE,1,-2.265529622596494e-06
5.722,0.019618498234399012,-0.003206435022694346,0.019941750242513337,0.020282063287481236,-0.09162274287597034,0.10025399868973506,BALANCE,1,-2.264266569679495e-06
5.724,0.0196129111025224,-0.0029316053976638033,0.018407769454627694,0.019626060445982498,-0.328001420749369,0.48394185424111147,BALANCE,1,-2.2631564314860663e-06
5.726,0.019609179533403312,-0.0022502202717368455,0.023009711818284616,0.020810338426288242,0.5921389901528719,-1.446447739236002,BALANCE,1,-2.262671632770537e-06
5.728,0.01960223931459327,-0.0031238221644928287,0.019941750242513337,0.020506332561967027,-0.15200293216060742,5.98573222680027,BALANCE,1,-2.2605691680556937e-06
5.73,0.019595889462620343,-0.0031589921876287765,0.023009711818284616,0.021382515301678187,0.43809136985558,0.01435649643316217,BALANCE,1,-2.2590806530339606e-06
5.732,0.01958716140082526,-0.004078088614214459,0.018407769454627694,0.02034135425521052,-0.5205805232338344,4.7876818769453315,BALANCE,1,-2.256358315022152e-06
5.734,0.01958115045856978,-0.003354128370388687,0.021475731030398976,0.02073838612652648,0.19851593565798145,-2.9441629305580443,BALANCE,1,-2.2555465466499393e-06
5.736,0.019574333039961467,-0.0033922675549279114,0.018407769454627694,0.019922670291361907,-0.40785791758228723,2.8324306528554404,BALANCE,1,-2.253947996618801e-06
5.738,0.019569798147971863,-0.0026607653664043086,0.018407769454627694,0.019392454998504935,-0.26510764642848594,-2.0675031231765835,BALANCE,1,-2.253375512921554e-06
5.74,0.01956684739900213,-0.0019110347728342443,0.019941750242513337,0.01958470833390788,0.09612666770147243,-0.9573138715175915,BALANCE,1,-2.25306143942981e-06
5.742,0.01956335023758484,-0.0018081661545733749,0.019941750242513337,0.01970967300191979,0.062482334005955695,1.9440958416462522,BALANCE,1,-2.252296832898321e-06
5.744,0.019559314053956327,-0.0019433371681677664,0.019941750242513337,0.019790900036127535,0.04061351710387198,1.6824390521628332,BALANCE,1,-2.2513133658608485e-06
5.746,0.01955482906798646,-0.0021382399604322057,0.019941750242513337,0.01984369760836257,0.026398786117516962,1.512362138998628,BALANCE,1,-2.250196017508383e-06
5.748,0.01954999575118538,-0.0023212229161188183,0.021475731030398976,0.020414909306075313,0.28560584885637186,1.4018121454418897,BALANCE,1,-2.2489965584269914e-06
5.75,0.019543432710701053,-0.002995345639252414,0.01687378866674205,0.019175517082308673,-0.6196961118833197,3.509741349215494,BALANCE,1,-2.2471041778178796e-06
5.752,0.019540071670161866,-0.0021566140669314025,0.01687378866674205,0.01836991213686036,-0.4028024727241574,-3.8070378701280374,BALANCE,1,-2.246791953288604e-06
5.7540000000000004,0.019538988986586146,-0.0011395898414033095,0.021475731030398976,0.019456948749598878,0.5435183063692596,-2.120225053581638,BALANCE,1,-2.2469005116798336e-06
5.756,0.019534832152344014,-0.001754286020625807,0.021475731030398976,0.020163522547878916,0.35328689914001893,5.515563375930009,BALANCE,1,-2.2457548039035243e-06
5.758,0.019528376022437864,-0.0028016258941686006,0.018407769454627694,0.01954900896524099,-0.3072567913189623,4.036106545992887,BALANCE,1,-2.2437614964694063e-06
5.76,0.01952328214619877,-0.002634319256408427,0.01687378866674205,0.018612681860766363,-0.46816355223731376,-1.2851137926372387,BALANCE,1,-2.242687712460727e-06
5.7620000000000005,0.01952074982120957,-0.0017702764515990618,0.019941750242513337,0.019077855794377808,0.2325869668057222,-2.628547506252528,BALANCE,1,-2.242511735438076e-06
5.764,0.019516948500504634,-0.0018537577225669075,0.019941750242513337,0.019380218851225244,0.1511815284237182,3.005367082108446,BALANCE,1,-2.241606068217415e-06
5.766,0.019512110605290556,-0.0022270180288346355,0.019941750242513337,0.01957675483817608,0.09826799347541736,2.3722653584632605,BALANCE,1,-2.2403322793034392e-06
5.768,0.019506522008055013,-0.0026096983298478232,0.01687378866674205,0.01863071667817417,-0.47301908000095366,1.9607492380939036,BALANCE,1,-2.2388514319128482e-06
5.7700000000000005,0.019503375779338358,-0.001953809389872398,0.019941750242513337,0.019089578425692883,0.22943087375935575,-2.666309639317179,BALANCE,1,-2.238448334823447e-06
5.772,0.019498970018079053,-0.002115666208380161,0.021475731030398976,0.019924731837340018,0.4175767058235674,2.9808216956164193,BALANCE,1,-2.237366719589274e-06
5.774,0.01949210535381231,-0.0030590203818020955,0.021475731030398976,0.020467581554910654,0.2714248587853182,4.53609755682894,BALANCE,1,-2.2352706688819133e-06
5.776,0.019483521415966102,-0.0039951361486570604,0.021475731030398976,0.02082043387133157,0.17642615821045723,3.399453763577185,BALANCE,1,-2.2325971736190035e-06
5.7780000000000005,0.019473869014089283,-0.004645557404345858,0.018407769454627694,0.019976001325485215,-0.42221627292317665,2.6606352979635517,BALANCE,1,-2.2297845105936436e-06
5.78,0.019466596465840005,-0.003937418195300496,0.021475731030398976,0.020500906722205035,0.26245269835990964,-2.1791701038563005,BALANCE,1,-2.2287660355815613e-06
5.782,0.019458320300633505,-0.004084793903907998,0.018407769454627694,0.01976830867855297,-0.3662990218260328,3.3296759902115793,BALANCE,1,-2.226743876245731e-06
5.784,0.01945220741426606,-0.003388882856727644,0.018407769454627694,0.019292119950179126,-0.2380943641869214,-1.7442936538950842,BALANCE,1,-2.2258987211499135e-06
5.7860000000000005,0.01944769819351289,-0.002651564709730571,0.01687378866674205,0.018445704000976153,-0.4232079746014864,-0.7472277164846235,BALANCE,1,-2.2253413979217894e-06
5.788,0.019445663368898407,-0.0016171439809958027,0.018407769454627694,0.018432426909754194,-0.00663854561097979,-2.278921556753322,BALANCE,1,-2.2253466040386456e-06
5.79,0.019443684652381218,-0.0012277345923479683,0.01687378866674205,0.017886903524699946,-0.272761692527124,1.0528372496974132,BALANCE,1,-2.2250118667467107e-06
5.792,0.019442987935711153,-0.0006845823333796467,0.018407769454627694,0.01806920660017466,0.0911515377373575,-1.1088793287349954,BALANCE,1,-2.2249631998922076e-06
5.7940000000000005,0.01944151059862565,-0.0007179743115364802,0.018407769454627694,0.018187703599233225,0.059248499529282114,1.8133646979093396,BALANCE,1,-2.2246201012695088e-06
5.796,0.019439313204730014,-0.0009553788358918223,0.019941750242513337,0.018801619924381268,0.3069581625740215,1.5652502121882503,BALANCE,1,-2.224074879222637e-06
5.798,0.01943504108387819,-0.0017360239030453709,0.018407769454627694,0.01866377225996752,-0.06892383220687484,3.583762496055048,BALANCE,1,-2.2228733078984214e-06
5.8,0.01943076430180114,-0.0019972148288845003,0.019941750242513337,0.019111064553858557,0.2236461469455192,0.5684356779430524,BALANCE,1,-2.2217909857466175e-06
5.8020000000000005,0.019425059208011426,-0.002580059210974081,0.023009711818284616,0.02047559109640768,0.6822632712745608,2.9358330487956668,BALANCE,1,-2.220201712762923e-06
5.804,0.01941543957715422,-0.004395755320503376,0.018407769454627694,0.019751853521784685,-0.3618687873114968,6.686641635980947,BALANCE,1,-2.2166516217377513e-06
5.806,0.01940743932495335,-0.004110858250524551,0.021475731030398976,0.02035521064979969,0.3016785640075018,-1.7098390871848932,BALANCE,1,-2.2150820948489344e-06
5.808,0.0193981331772075,-0.004527078329898662,0.018407769454627694,0.019673606231489494,-0.3408022091550972,3.634741151047996,BALANCE,1,-2.2125731179189147e-06
5.8100000000000005,0.01939084437461555,-0.00390764861734295,0.01687378866674205,0.01869367008382789,-0.4899680738308012,-1.5460012993514078,BALANCE,1,-2.211466405233379e-06
5.812,0.01938663814756673,-0.002726609024919853,0.018407769454627694,0.018593604863607824,-0.050032610110033876,-2.7981243856167364,BALANCE,1,-2.2113421857606842e-06
5.814,0.01938302715295001,-0.0021400901799316875,0.01687378866674205,0.017991669194704806,-0.3009678344515088,0.7153554109361984,BALANCE,1,-2.21082268520035e-06
5.816,0.01938109210331405,-0.0014070282489636,0.018407769454627694,0.018137304285677818,0.07281754548650599,-1.3282425239297821,BALANCE,1,-2.210658561868993e-06
5.8180000000000005,0.01937867364970588,-0.0012839557540894827,0.01687378866674205,0.017695073819050302,-0.2211152333137581,1.670778621032717,BALANCE,1,-2.210142176963948e-06
5.82,0.01937722209960871,-0.0009395098111257619,0.019941750242513337,0.018481410567262366,0.3931683741060319,-0.7072174373670466,BALANCE,1,-2.209892766265931e-06
5.822,0.019373354262903746,-0.001587168391314885,0.019941750242513337,0.018992529453600207,0.25555944316892065,4.254231626883997,BALANCE,1,-2.2088360704946966e-06
5.824,0.019367719592169867,-0.0024326584729475586,0.019941750242513337,0.019324756729719804,0.16611363805979842,3.1840273125673777,BALANCE,1,-2.207188746566088e-06
5.8260000000000005,0.019360895454846688,-0.003126522050146037,0.018407769454627694,0.019003811183437566,-0.16047277314111888,2.4883945082615755,BALANCE,1,-2.205221789741527e-06
5.828,0.019354818256958697,-0.0030671602377017426,0.023009711818284616,0.020405876405634037,0.7010326110982352,-0.14355351412269712,BALANCE,1,-2.2038762181197473e-06
5.83,0.019344993715429696,-0.004561551166824008,0.01687378866674205,0.019169645697021846,-0.6181153543060955,6.832613473123924,BALANCE,1,-2.2004224244520587e-06
5.832,0.019338321329023724,-0.003717041528672721,0.021475731030398976,0.019976775563703843,0.4035649333409986,-3.794744092627454,BALANCE,1,-2.1996490277053406e-06
5.8340000000000005,0.019329895142769782,-0.004084962997735236,0.018407769454627694,0.019427623425527195,-0.27457606908832394,4.427126000550219,BALANCE,1,-2.1974251484093643e-06
5.836,0.019323079167000993,-0.0036172951894834163,0.021475731030398976,0.02014446108723232,0.35841883085256304,-1.0309511471749597,BALANCE,1,-2.196258756515043e-06
5.838,0.01931460483403287,-0.0040789943496081955,0.021475731030398976,0.020610405567340652,0.23297224005416547,4.076018312054444,BALANCE,1,-2.193952605479355e-06
5.84,0.019304933720236044,-0.004670578707642032,0.019941750242513337,0.020376376203651094,-0.11701468184477891,3.100402254473763,BALANCE,1,-2.191202238232854e-06
5.8420000000000005,0.01929601036496398,-0.004514764262796594,0.019941750242513337,0.02022425711725288,-0.07605954319910707,0.2864651174608345,BALANCE,1,-2.1893275940741894e-06
5.844,0.019287856767337946,-0.004197689028824777,0.01687378866674205,0.019051593159574092,-0.5863319788393939,0.6049790814423162,BALANCE,1,-2.1877706560691512e-06
5.846,0.0192832538433468,-0.0029441319894503975,0.019941750242513337,0.01936314813860283,0.15577748951436932,-3.547560241140706,BALANCE,1,-2.1876806735857207e-06
5.848,0.019278181567741467,-0.0026763418204184554,0.018407769454627694,0.019028765599211534,-0.16719126969564832,2.408008804431124,BALANCE,1,-2.186690022101233e-06
5.8500000000000005,0.019274060749591784,-0.0022810679492038534,0.019941750242513337,0.019348310224367168,0.1597723125778168,-0.19580422161249444,BALANCE,1,-2.1859640071604173e-06
5.852,0.01926905724445505,-0.0024266799388355377,0.01687378866674205,0.01848222767919838,-0.4330412725843946,2.439077114084564,BALANCE,1,-2.184755837783084e-06
5.854,0.019266308554711002,-0.0017644467169608859,0.018407769454627694,0.018456167300598642,-0.013030189299868128,-2.3553965199232545,BALANCE,1,-2.1844284745371124e-06
5.856,0.019263591699402526,-0.0015106408343935373,0.019941750242513337,0.018976121330268787,0.2599770148350722,1.0031285236369736,BALANCE,1,-2.1839010304285878e-06
5.8580000000000005,0.019259263589218225,-0.001937319589104543,0.018407769454627694,0.018777198173794408,-0.09946157823718937,3.2183833984967047,BALANCE,1,-2.182762786532701e-06
5.86,0.019255212886294896,-0.0019940168220122356,0.018407769454627694,0.01864789812208606,-0.06465002585417413,0.33093926453014944,BALANCE,1,-2.181820788730875e-06
5.862,0.01925135346089888,-0.0019530514275196958,0.018407769454627694,0.018563853088475635,-0.042022516805212407,0.6016736804917705,BALANCE,1,-2.1809633526350113e-06
5.864,0.019247579928792384,-0.0019108951394543419,0.021475731030398976,0.019583010368148808,0.5095786398365866,0.7776510508668388,BALANCE,1,-2.1801256801447305e-06
5.8660000000000005,0.01924086550412902,-0.0029463837381788413,0.015339807878856412,0.01809788949689647,-0.7425604356261686,5.251609740781621,BALANCE,1,-2.1780681714563024e-06
5.868,0.019237944858060674,-0.0020008599739451717,0.019941750242513337,0.018743240757862375,0.322675630482952,-4.854610115195561,BALANCE,1,-2.1779056845672904e-06
5.87,0.01923335460999088,-0.0021930749179404872,0.018407769454627694,0.01862582580173024,-0.05870747806606749,3.7059994893353583,BALANCE,1,-2.176780335454334e-06
5.872,0.019228933338199968,-0.0022045918439856918,0.019941750242513337,0.019086399356004327,0.23028677713704362,0.6478897235752745,BALANCE,1,-2.1757740673210768e-06
5.8740000000000006,0.01922314736380736,-0.0026729466138905237,0.018407769454627694,0.01884887889052251,-0.11876023274090888,2.987478178456609,BALANCE,1,-2.1742209432078946e-06
5.876,0.01921786921843393,-0.0026506907356229565,0.018407769454627694,0.018694490587959328,-0.0771941512815906,0.18085087150407952,BALANCE,1,-2.1730394014884376e-06
5.878,0.019213002413565085,-0.002508788880581374,0.01687378866674205,0.018057244915533285,-0.31862283621302173,0.5041162250248348,BALANCE,1,-2.172016672872277e-06
5.88,0.019209876311888203,-0.001911320720534049,0.019941750242513337,0.018716821779976304,0.32978843222150955,-1.4655479947721768,BALANCE,1,-2.1715914196907172e-06
5.882000000000001,0.019204937469461888,-0.002280851501671002,0.01687378866674205,0.01807176019034432,-0.32253079481599223,3.7613167645706547,BALANCE,1,-2.1703095274529646e-06
5.884,0.019201589098776072,-0.0018973843988889859,0.019941750242513337,0.018726256708603478,0.3272482591295794,-1.4959407471072788,BALANCE,1,-2.169723541608482e-06
5.886,0.019196389530214394,-0.0023672708376625985,0.021475731030398976,0.019688572721231905,0.4811580063142137,3.7415614755528437,BALANCE,1,-2.168334706974163e-06
5.888,0.01918837252027084,-0.0036037387494645984,0.019941750242513337,0.019777184853680407,0.04430606622425094,5.030578413787624,BALANCE,1,-2.165735997472082e-06
5.89,0.019179879495901025,-0.0040830575389396205,0.019941750242513337,0.019834782739771933,0.028798943045763026,1.5410796210148319,BALANCE,1,-2.1634250830187973e-06
5.892,0.019171310885707428,-0.004232491680751631,0.019941750242513337,0.019872221365731427,0.01871931297974666,1.4204785087524203,BALANCE,1,-2.161358418543611e-06
5.894,0.019162855268035496,-0.004229308705794958,0.018407769454627694,0.019359663196845123,-0.256279084443152,1.342087785781859,BALANCE,1,-2.1594535258228215e-06
5.896,0.019156061925886488,-0.003654456826183893,0.01687378866674205,0.01848960711130905,-0.43502804276803614,-0.8886528837345087,BALANCE,1,-2.15840482727211e-06
5.898,0.01915198879223335,-0.002602966534502005,0.018407769454627694,0.018460963931470578,-0.014321589919236155,-2.3708479154657462,BALANCE,1,-2.1581882945434293e-06
5.9,0.019148252509373728,-0.0021347674376013133,0.018407769454627694,0.01844234586457557,-0.009309033447504195,0.9930851165343455,BALANCE,1,-2.1575826645693426e-06
5.902,0.019144566288294952,-0.0019493861993431986,0.019941750242513337,0.01896713739685379,0.2623957661391108,1.0320684842945007,BALANCE,1,-2.1568326323654516e-06
5.904,0.019139336065779625,-0.0023947590692132326,0.018407769454627694,0.01877135861707466,-0.09788938988956539,3.237194372924114,BALANCE,1,-2.1554477560958292e-06
5.906,0.019134457036441867,-0.0024242503487934422,0.018407769454627694,0.018644102410218223,-0.06362810342821872,0.34316639790795644,BALANCE,1,-2.1543335183342795e-06
5.908,0.01912985780219666,-0.0023434168254124455,0.01687378866674205,0.018024492600001565,-0.30980490510832887,0.6096213171873436,BALANCE,1,-2.1533388326930386e-06
5.91,0.019126902761584526,-0.001798350005901457,0.019941750242513337,0.018695532774880688,0.3355200874395614,-1.396969684866537,BALANCE,1,-2.15291426354717e-06
5.912,0.019122066125212108,-0.0022082311501920447,0.01687378866674205,0.018057922337032167,-0.3188052189242608,3.8058926660093326,BALANCE,1,-2.1516502710284186e-06
5.914,0.019118775814801404,-0.0018527608650472675,0.019941750242513337,0.01871726210395058,0.3296698834592063,-1.4669664111721563,BALANCE,1,-2.1510636946204388e-06
5.916,0.019113604554833723,-0.0023429824917482315,0.018407769454627694,0.018608939676687572,-0.0541612136315036,3.760394793910685,BALANCE,1,-2.149680650211336e-06
5.918,0.019108533706883358,-0.0024701629881378456,0.021475731030398976,0.019612316650486565,0.5016884868994965,0.6832466715492255,BALANCE,1,-2.14847460832592e-06
5.92,0.01910064177756193,-0.0035710802720077934,0.019941750242513337,0.01972761840769594,0.05765087860468664,5.190246894225166,BALANCE,1,-2.1459903973405992e-06
5.922,0.019092240997361593,-0.004038616295295049,0.021475731030398976,0.020339457825642004,0.30591970897303306,1.6448641332992495,BALANCE,1,-2.1437224894998283e-06
5.924,0.019082251644607747,-0.004798896028896425,0.019941750242513337,0.020200260171546972,-0.06959882704751612,3.6677251413227845,BALANCE,1,-2.140761376173882e-06
5.926,0.01907271994743317,-0.004773854750837352,0.021475731030398976,0.020646674972145177,0.22320740029910247,0.6552249939126894,BALANCE,1,-2.1386464453988924e-06
5.928,0.01906233895184467,-0.005106794154077481,0.019941750242513337,0.020399951316774037,-0.12336182768557004,3.0244597007215304,BALANCE,1,-2.135965540845953e-06
5.93,0.01905290521614668,-0.00481044764579806,0.01687378866674205,0.019165794389262844,-0.6170784637555965,0.23710245752188197,BALANCE,1,-2.134162731930521e-06
5.932,0.019047301131030557,-0.0034491097460364563,0.019941750242513337,0.01943737893790052,0.13579227431883764,-3.7866800466890016,BALANCE,1,-2.1341054132380113e-06
5.934,0.01904150047752988,-0.0030816266832402084,0.018407769454627694,0.019077015618755033,-0.18018165957274337,2.252580930824732,BALANCE,1,-2.1330610324266107e-06
5.936,0.01903683201416693,-0.002595705736133771,0.019941750242513337,0.01937967273707044,0.15132855915770368,-0.296832339456645,BALANCE,1,-2.1323090223506257e-06
5.938,0.01903141647523555,-0.0026704798496246817,0.021475731030398976,0.02011329313973543,0.3668102013324945,2.373408837485856,BALANCE,1,-2.1310536347821294e-06
5.94,0.019023939395565,-0.003446132534025955,0.018407769454627694,0.019516359849947724,-0.29846664489385255,4.141279199044082,BALANCE,1,-2.1288728503765765e-06
5.942,0.019017958289432476,-0.003139399717354629,0.01687378866674205,0.01859145993582574,-0.4624499570609914,-1.216751568153957,BALANCE,1,-2.1277491406304923e-06
5.944,0.01901464753440514,-0.0021900646419311318,0.019941750242513337,0.0190640615431664,0.23630080367033,-2.584112060338387,BALANCE,1,-2.127547714344601e-06
5.946,0.019010165193172463,-0.0022233716581012033,0.018407769454627694,0.018834359312177855,-0.11485111549427302,3.034250121952624,BALANCE,1,-2.126528884018795e-06
5.948,0.019006188020577273,-0.0020732329756554917,0.021475731030398976,0.01975883941355525,0.4622400506886972,0.21125263477648715,BALANCE,1,-2.125707797778968e-06
5.95,0.018999574819334845,-0.002947334095408078,0.019941750242513337,0.019822858203690584,0.032009395067667326,4.883450770322892,BALANCE,1,-2.123760396112477e-06
5.952,0.01899255261438484,-0.0033454743520365273,0.021475731030398976,0.020401363693038525,0.28925274467397033,1.4454466527627736,BALANCE,1,-2.1219229285714035e-06
5.954,0.018983921177196914,-0.004078258126577101,0.01687378866674205,0.019166712433834762,-0.6173256296018812,3.538103778974074,BALANCE,1,-2.1194133977823605e-06
5.956,0.018978630846846173,-0.0031254288502462206,0.021475731030398976,0.01997486894263224,0.4040782543987386,-3.788602290784964,BALANCE,1,-2.118963504854751e-06
5.958,0.018971461859180264,-0.003450611284157517,0.021475731030398976,0.0205001706733506,0.2626508653591798,4.431118171747843,BALANCE,1,-2.1171341363772966e-06
5.96,0.018962863517368356,-0.0040888016895180524,0.01687378866674205,0.01923093697103761,-0.6346168511564952,3.3312171632744745,BALANCE,1,-2.114701166045011e-06
5.962,0.018957729448326174,-0.003079327843799326,0.01687378866674205,0.018405935064534164,-0.41250095325172204,-3.9230785909897055,BALANCE,1,-2.1143271515498745e-06
5.964,0.01895518836052421,-0.0019231632879620764,0.018407769454627694,0.0184065771010669,0.00032101826636862785,-2.195651522141726,BALANCE,1,-2.114377056272184e-06
5.966,0.01895276693085058,-0.0014786796852157501,0.019941750242513337,0.018943887700573158,0.26865529975312813,1.106962772194963,BALANCE,1,-2.113998090925187e-06
5.968,0.018948718915912103,-0.0018316243796844577,0.018407769454627694,0.01875624631449225,-0.09382069304045455,3.2858756600594146,BALANCE,1,-2.1129704563760673e-06
5.97,0.018944912064159342,-0.0018776297522920798,0.018407769454627694,0.018634279413539657,-0.06098345047629572,0.37480923454589854,BALANCE,1,-2.112103217484167e-06
5.972,0.018941252473880836,-0.0018473063536369229,0.01687378866674205,0.018018107652160498,-0.30808588068957987,0.6301891610020136,BALANCE,1,-2.1112992333972768e-06
5.974,0.01893911135689566,-0.0013639162075584526,0.01687378866674205,0.017617596007264043,-0.20025582244822746,-1.3836005863870091,BALANCE,1,-2.1109874461381017e-06
5.976,0.01893791561711445,-0.0008907892294409132,0.01687378866674205,0.017357263438081347,-0.13016628459134802,-0.544990819149977,BALANCE,1,-2.1108346667909703e-06
5.978,0.018937190950132365,-0.0005659743531751962,0.018407769454627694,0.01772494054387257,0.18383855289561163,0.00010552955409659504,BALANCE,1,-2.1107235967224518e-06
5.98,0.018935123363962154,-0.0008575230760091606,0.018407769454627694,0.017963930662636865,0.11949505938214748,2.534204855797247,BALANCE,1,-2.110218456635821e-06
5.982,0.018931991861934394,-0.001308529095321096,0.018407769454627694,0.018119274239833658,0.0776717885983963,2.0337963148153917,BALANCE,1,-2.109416327935356e-06
5.984,0.01892807452563024,-0.001728917688013507,0.019941750242513337,0.018757140840771548,0.31893330046894525,1.7085307631771898,BALANCE,1,-2.1084072202884333e-06
5.986,0.018922133895235973,-0.0025903575992570144,0.01687378866674205,0.018097967579861228,-0.32958663045516007,3.6768948541978546,BALANCE,1,-2.1066869231469502e-06
5.988,0.01891774585413841,-0.0023345884902746875,0.018407769454627694,0.018206398236029493,0.0542153280841326,-1.5508149888496068,BALANCE,1,-2.105844015232258e-06
5.99,0.01891306636835544,-0.00233809865630506,0.019941750242513337,0.01881377143829884,0.3036866011346742,1.5261065188348304,BALANCE,1,-2.1048003366206305e-06
5.992,0.018906664325410574,-0.0029391676441418435,0.023009711818284616,0.020282350571293864,0.7342895664975112,3.5583190953753245,BALANCE,1,-2.103036935610539e-06
5.994,0.018896135210173467,-0.004902502535599525,0.01687378866674205,0.01908935390470073,-0.5964983332965665,7.091257566257721,BALANCE,1,-2.0990520490375345e-06
5.996,0.018888506777782754,-0.004129501312590669,0.015339807878856412,0.01777701279565522,-0.6561705545227552,-3.6266254320904885,BALANCE,1,-2.0981003035249345e-06
5.998,0.018884990977775573,-0.002566502664378045,0.021475731030398976,0.01907156417781554,0.6472756910801594,-4.182743668442728,BALANCE,1,-2.098435022095954e-06
