t,th,om,th_meas,th_hat,om_hat,duty,mode,valid,E
0.0,0.03490658503988659,0.0,0.0337475773334841,0.03450093234264572,-0.2028263486204343,0.0,BALANCE,1,-7.171184331204689e-06
0.002,0.03490658503988659,0.0,0.032213596545598466,0.03370036481367918,-0.40028376448326963,0.11186128789881722,BALANCE,1,-7.171184331204689e-06
0.004,0.03490658503988659,0.0,0.035281558121369745,0.03425378247137088,0.2767088288458501,-0.2986028014424878,BALANCE,1,-7.171184331204689e-06
0.006,0.03490658503988659,0.0,0.0337475773334841,0.03407661067311051,-0.08858589913018564,1.0928377802365576,BALANCE,1,-7.171184331204689e-06
0.008,0.03490658503988659,0.0,0.0337475773334841,0.03396144900424127,-0.05758083443462014,0.34600054686239273,BALANCE,1,-7.171184331204689e-06
0.01,0.03490658503988659,0.0,0.035281558121369745,0.03442348719523624,0.2310190954974839,0.413184549371709,BALANCE,1,-7.171184331204689e-06
0.012,0.03490658503988659,0.0,0.035281558121369745,0.03472381201938297,0.15016241207336384,1.037093928858922,BALANCE,1,-7.171184331204689e-06
0.014,0.03490658503988659,0.0,0.035281558121369745,0.03491902315507834,0.09760556784768615,0.8803071087569702,BALANCE,1,-7.171184331204689e-06
0.016,0.03490658503988659,0.0,0.0337475773334841,0.03450901711752036,-0.205003018778991,0.7793921875953574,BALANCE,1,-7.171184331204689e-06
0.018000000000000002,0.03490658503988659,0.0,0.035281558121369745,0.034779406468867645,0.1351946756736437,0.11796162424848637,BALANCE,1,-7.171184331204689e-06
0.02,0.03490658503988659,0.0,0.0337475773334841,0.03441826627148341,-0.1805700986921184,0.8776251368053748,BALANCE,1,-7.171184331204689e-06
0.022,0.03490658503988659,0.0,0.035281558121369745,0.034720418418943626,0.1510760737301088,0.1737498522905761,BALANCE,1,-7.171184331204689e-06
0.024,0.03490658503988659,0.0,0.035281558121369745,0.034916817314792764,0.09819944792456917,0.9315889356786293,BALANCE,1,-7.171184331204689e-06
0.026000000000000002,0.03490658503988659,0.0,0.0337475773334841,0.03450758332133473,-0.2046169967290165,0.8238529219732582,BALANCE,1,-7.171184331204689e-06
0.028,0.03490658503988659,0.0,0.0337475773334841,0.034241581225587014,-0.1330010478738583,0.12528699835445806,BALANCE,1,-7.171184331204689e-06
0.03,0.03490658503988659,0.0,0.0337475773334841,0.03406867986335099,-0.08645068111801102,0.28922205523895156,BALANCE,1,-7.171184331204689e-06
0.032,0.03490658503988659,0.0,0.0337475773334841,0.03395629397789758,-0.056192942726705775,0.3989920261428066,BALANCE,1,-7.171184331204689e-06
0.034,0.03490658503988659,0.0,0.03681553890925539,0.034957029703872815,0.5003678629876169,0.4731745608643422,BALANCE,1,-7.171184331204689e-06
0.036000000000000004,0.03490658503988659,0.0,0.0337475773334841,0.03453372137423676,-0.2116541648180259,1.8362097705261244,BALANCE,1,-7.171184331204689e-06
0.038,0.03490658503988659,0.0,0.0337475773334841,0.03425857095997333,-0.13757520713171545,0.11515214902863961,BALANCE,1,-7.171184331204689e-06
0.04,0.03490658503988659,0.0,0.035281558121369745,0.03461661646646208,0.17902275324437403,0.29315816836721564,BALANCE,1,-7.171184331204689e-06
0.042,0.03490658503988659,0.0,0.035281558121369745,0.03484934604567976,0.11636478960884086,1.0878454943222422,BALANCE,1,-7.171184331204689e-06
0.044,0.03490658503988659,0.0,0.0337475773334841,0.03446372699641128,-0.19280952463424095,0.9458481519184033,BALANCE,1,-7.171184331204689e-06
0.046,0.03490658503988659,0.0,0.035281558121369745,0.03474996789014674,0.14312044686773037,0.1660097855765967,BALANCE,1,-7.171184331204689e-06
0.048,0.03490658503988659,0.0,0.03834951969714103,0.03600981102259474,0.6299215662240003,1.0303577658238565,BALANCE,1,-7.171184331204689e-06
0.05,0.03490658503988659,0.0,0.03834951969714103,0.036828709058685946,0.4094490180456024,2.3183875035495554,BALANCE,1,-7.171184331204689e-06
0.052000000000000005,0.03490658503988659,0.0,0.0337475773334841,0.035750312954865304,-0.5391980519103209,1.7827272735629425,BALANCE,1,-7.171184331204689e-06
0.054,0.03490658503988659,0.0,0.03681553890925539,0.03612314203890184,0.1864145420182664,-0.7112895292609328,BALANCE,1,-7.171184331204689e-06
0.056,0.03490658503988659,0.0,0.03681553890925539,0.03636548094352558,0.12116945231187282,1.21103130815696,BALANCE,1,-7.171184331204689e-06
0.058,0.03490658503988659,0.0,0.035281558121369745,0.03598610795577104,-0.18968649387727035,1.052529014685577,BALANCE,1,-7.171184331204689e-06
0.06,0.03490658503988659,0.0,0.035281558121369745,0.035739515513730585,-0.12329622102022833,0.21624431537256958,BALANCE,1,-7.171184331204689e-06
0.062,0.03490658503988659,0.0,0.0337475773334841,0.035042337150644316,-0.3485891815431345,0.3937203953050829,BALANCE,1,-7.171184331204689e-06
0.064,0.03490658503988659,0.0,0.0337475773334841,0.03458917121463824,-0.22658296800303832,-0.23535741559410103,BALANCE,1,-7.171184331204689e-06
0.066,0.03490658503988659,0.0,0.032213596545598466,0.03375772008047432,-0.41572556708195996,0.0908895389834798,BALANCE,1,-7.171184331204689e-06
0.068,0.03490658503988659,0.0,0.03681553890925539,0.034827956670547694,0.5351182950366872,-0.45381912480769987,BALANCE,1,-7.171184331204689e-06
0.07,0.03490658503988659,0.0,0.035281558121369745,0.03498671717833541,0.07938025389385775,2.242459563705278,BALANCE,1,-7.171184331204689e-06
0.07200000000000001,0.03490658503988659,0.0,0.035281558121369745,0.03508991150839743,0.05159716503101014,0.9706569969571001,BALANCE,1,-7.171184331204689e-06
0.074,0.03490658503988659,0.0,0.0337475773334841,0.034620094547177765,-0.23490848060983213,0.9015055798491898,BALANCE,1,-7.171184331204689e-06
0.076,0.03490658503988659,0.0,0.0337475773334841,0.034314713522384986,-0.15269051239638967,0.07145555589067525,BALANCE,1,-7.171184331204689e-06
0.078,0.03490658503988659,0.0,0.035281558121369745,0.03465310913202965,0.16919780482233318,0.30479857123060133,BALANCE,1,-7.171184331204689e-06
0.08,0.03490658503988659,0.0,0.0337475773334841,0.03433617300253871,-0.1584680647454713,1.259826218045663,BALANCE,1,-7.171184331204689e-06
0.082,0.03490658503988659,0.0,0.035281558121369745,0.03466705779412957,0.16544239579542944,0.2931975690097644,BALANCE,1,-7.171184331204689e-06
0.084,0.03490658503988659,0.0,0.0337475773334841,0.03434523963290365,-0.16090908061295803,1.2695288624861811,BALANCE,1,-7.171184331204689e-06
0.08600000000000001,0.03490658503988659,0.0,0.0337475773334841,0.03413605782810681,-0.1045909023984215,0.2908140916345286,BALANCE,1,-7.171184331204689e-06
0.088,0.03490658503988659,0.0,0.035281558121369745,0.03453698293074884,0.2004625513210151,0.45913433893913486,BALANCE,1,-7.171184331204689e-06
0.09,0.03490658503988659,0.0,0.0337475773334841,0.034260690971706184,-0.13814597952132787,1.4042012056097857,BALANCE,1,-7.171184331204689e-06
0.092,0.03490658503988659,0.0,0.035281558121369745,0.03461799447408843,0.17865175119112162,0.3659323445207231,BALANCE,1,-7.171184331204689e-06
0.094,0.03490658503988659,0.0,0.035281558121369745,0.03485024175063689,0.1161236382742313,1.3604419470540203,BALANCE,1,-7.171184331204689e-06
0.096,0.03490658503988659,0.0,0.032213596545598466,0.03392741592887344,-0.46141291088172554,1.180821411991737,BALANCE,1,-7.171184331204689e-06
0.098,0.03490658503988659,0.0,0.032213596545598466,0.0333275791447272,-0.2999183920731202,-0.6523293825406308,BALANCE,1,-7.171184331204689e-06
0.1,0.03490658503988659,0.0,0.03834951969714103,0.03508525833807204,0.8788395966724191,-0.1586778779968279,BALANCE,1,-7.171184331204689e-06
0.10200000000000001,0.03490658503988659,0.0,0.035281558121369745,0.03515396326222624,0.03435246207710019,3.6543329094654697,BALANCE,1,-7.171184331204689e-06
0.10400000000000001,0.03490658503988659,0.0,0.0337475773334841,0.03466172818716649,-0.24611753752987187,0.9607751694172015,BALANCE,1,-7.171184331204689e-06
0.106,0.03490658503988659,0.0,0.035281558121369745,0.03487866866413763,0.1084702384855675,0.04496993674235194,BALANCE,1,-7.171184331204689e-06
0.108,0.03490658503988659,0.0,0.0337475773334841,0.034482786698408895,-0.1979409828643669,1.2108371493427146,BALANCE,1,-7.171184331204689e-06
0.11,0.03490658503988659,0.0,0.035281558121369745,0.034762356696445194,0.1397849990181499,0.20000100766371462,BALANCE,1,-7.171184331204689e-06
0.112,0.03490658503988659,0.0,0.035281558121369745,0.03494407719516879,0.09086024936179674,1.329668878481743,BALANCE,1,-7.171184331204689e-06
0.114,0.03490658503988659,0.0,0.03681553890925539,0.0355990887950991,0.3275057999651554,1.1802341299206816,BALANCE,1,-7.171184331204689e-06
0.116,0.03490658503988659,0.0,0.030679615757712823,0.0338772732320139,-0.8609077815425991,2.0022725172468467,BALANCE,1,-7.171184331204689e-06
0.11800000000000001,0.03490658503988659,0.0,0.0337475773334841,0.03383187966752847,-0.02269678224271418,-2.0583613639700626,BALANCE,1,-7.171184331204689e-06
0.12,0.03490658503988659,0.0,0.03681553890925539,0.03487616040213289,0.5221403673022103,0.789240548940968,BALANCE,1,-7.171184331204689e-06
0.122,0.03490658503988659,0.0,0.03681553890925539,0.03555494287962577,0.3393912387464372,2.6959678018946316,BALANCE,1,-7.171184331204689e-06
0.124,0.03490658503988659,0.0,0.035281558121369745,0.03545925821423616,-0.04784233269480506,2.0993686670303355,BALANCE,1,-7.171184331204689e-06
0.126,0.03490658503988659,0.0,0.0337475773334841,0.03486016990597294,-0.29954415413160906,0.7607401384449378,BALANCE,1,-7.171184331204689e-06
0.128,0.03490658503988659,0.0,0.03681553890925539,0.035544549057121795,0.3421895755744281,-0.13378219398688385,BALANCE,1,-7.171184331204689e-06
0.13,0.03490658503988659,0.0,0.03681553890925539,0.03598939550536855,0.22242322412337895,2.152623780226048,BALANCE,1,-7.171184331204689e-06
0.132,0.03490658503988659,0.0,0.03681553890925539,0.03627854569672895,0.14457509568019736,1.7527435378725695,BALANCE,1,-7.171184331204689e-06
0.134,0.03490658503988659,0.0,0.0337475773334841,0.03539270676959325,-0.4429194635678472,1.4933244512459014,BALANCE,1,-7.171184331204689e-06
0.136,0.03490658503988659,0.0,0.0337475773334841,0.03481691146695505,-0.28789765131910156,-0.6403267793675994,BALANCE,1,-7.171184331204689e-06
0.138,0.03490658503988659,0.0,0.032213596545598466,0.033905751244480246,-0.4555801112374018,-0.09723160123112136,BALANCE,1,-7.171184331204689e-06
0.14,0.03490658503988659,0.0,0.03834951969714103,0.03546107020291152,0.7776594792156359,-0.7359051875602926,BALANCE,1,-7.171184331204689e-06
0.14200000000000002,0.03490658503988659,0.0,0.03834951969714103,0.03647202752589185,0.5054786614901648,3.8405124211138983,BALANCE,1,-7.171184331204689e-06
0.14400000000000002,0.03490658503988659,0.0,0.030679615757712823,0.03444468340702919,-1.013672059431328,2.8854858868288464,BALANCE,1,-7.171184331204689e-06
0.146,0.03490658503988659,0.0,0.032213596545598466,0.03366380300552844,-0.39044020075037694,-2.815896089499455,BALANCE,1,-7.171184331204689e-06
0.148,0.03490658503988659,0.0,0.035281558121369745,0.0342300172960729,0.28310714527222947,-0.5176322166398439,BALANCE,1,-7.171184331204689e-06
0.15,0.03490658503988659,0.0,0.03681553890925539,0.03513494986068677,0.4524662823069368,2.038406670372723,BALANCE,1,-7.171184331204689e-06
0.152,0.03490658503988659,0.0,0.035281558121369745,0.03518626275192581,0.025656445619519352,2.7207179437959326,BALANCE,1,-7.171184331204689e-06
0.154,0.03490658503988659,0.0,0.035281558121369745,0.03521961613123119,0.016676689652689314,1.107252263774274,BALANCE,1,-7.171184331204689e-06
0.156,0.03490658503988659,0.0,0.035281558121369745,0.035241295827779684,0.010839848274248054,1.0806100233308806,BALANCE,1,-7.171184331204689e-06
0.158,0.03490658503988659,0.0,0.0337475773334841,0.03471849435477623,-0.26140073650172607,1.0653791233566106,BALANCE,1,-7.171184331204689e-06
0.16,0.03490658503988659,0.0,0.032213596545598466,0.03384178012156401,-0.4383571166061105,-0.003942864364163325,BALANCE,1,-7.171184331204689e-06
0.162,0.03490658503988659,0.0,0.032213596545598466,0.03327191586997607,-0.2849321257939706,-0.7234115615219712,BALANCE,1,-7.171184331204689e-06
0.164,0.03490658503988659,0.0,0.035281558121369745,0.033975290657963855,0.35168739399389287,-0.1395890326975279,BALANCE,1,-7.171184331204689e-06
0.166,0.03490658503988659,0.0,0.039883500485026674,0.03604316409743584,1.033936719735992,2.406600229348771,BALANCE,1,-7.171184331204689e-06
0.168,0.03490658503988659,0.0,0.0337475773334841,0.035239708730052735,-0.4017276836915523,5.20660771826331,BALANCE,1,-7.171184331204689e-06
0.17,0.03490658503988659,0.0,0.0337475773334841,0.034717462741253716,-0.2611229943995097,-0.5519183507560859,BALANCE,1,-7.171184331204689e-06
0.17200000000000001,0.03490658503988659,0.0,0.035281558121369745,0.034914896124294326,0.09871669152030499,-0.0029977763140316884,BALANCE,1,-7.171184331204689e-06
0.17400000000000002,0.03490658503988659,0.0,0.03681553890925539,0.0355801210990307,0.33261248736818694,1.4653906682070106,BALANCE,1,-7.171184331204689e-06
0.176,0.03490658503988659,0.0,0.035281558121369745,0.03547562405684936,-0.05224852109066841,2.45060636125743,BALANCE,1,-7.171184331204689e-06
0.178,0.03490658503988659,0.0,0.03681553890925539,0.03594459425519147,0.23448509917105287,0.8792223271884059,BALANCE,1,-7.171184331204689e-06
0.18,0.03490658503988659,0.0,0.032213596545598466,0.03463874505683392,-0.6529245991787752,2.0848316839675136,BALANCE,1,-7.171184331204689e-06
0.182,0.03490658503988659,0.0,0.0337475773334841,0.03432683635366148,-0.1559543515862183,-1.6354374868104868,BALANCE,1,-7.171184331204689e-06
0.184,0.03490658503988659,0.0,0.03834951969714103,0.035734775523879325,0.7039695851089218,0.42466311774115995,BALANCE,1,-7.171184331204689e-06
0.186,0.03490658503988659,0.0,0.035281558121369745,0.03557614943300097,-0.07931304543917772,4.090093529671975,BALANCE,1,-7.171184331204689e-06
0.188,0.03490658503988659,0.0,0.0337475773334841,0.03493614919817006,-0.3200001174154532,0.7935341747048508,BALANCE,1,-7.171184331204689e-06
0.19,0.03490658503988659,0.0,0.03681553890925539,0.03559393559704993,0.32889319943993356,-0.24675861731458054,BALANCE,1,-7.171184331204689e-06
0.192,0.03490658503988659,0.0,0.035281558121369745,0.035484603480561865,-0.05466605824403295,2.550228226268218,BALANCE,1,-7.171184331204689e-06
0.194,0.03490658503988659,0.0,0.035281558121369745,0.03541353760484462,-0.03553293785862194,0.9101602856702193,BALANCE,1,-7.171184331204689e-06
0.196,0.03490658503988659,0.0,0.0337475773334841,0.03483045150986844,-0.29154304748809157,0.9957368756011405,BALANCE,1,-7.171184331204689e-06
0.198,0.03490658503988659,0.0,0.035281558121369745,0.0349883388238939,0.0789436570127304,-0.13192940538606865,BALANCE,1,-7.171184331204689e-06
0.2,0.03490658503988659,0.0,0.0337475773334841,0.03455407230225047,-0.21713326082171275,1.4937747232879062,BALANCE,1,-7.171184331204689e-06
0.202,0.03490658503988659,0.0,0.035281558121369745,0.03480869233894222,0.12731001834587197,0.18489803835872948,BALANCE,1,-7.171184331204689e-06
0.20400000000000001,0.03490658503988659,0.0,0.032213596545598466,0.033900408811271904,-0.4541417638351565,1.7181719329682403,BALANCE,1,-7.171184331204689e-06
0.20600000000000002,0.03490658503988659,0.0,0.035281558121369745,0.03438381106980615,0.24170112926712173,-0.8891049275947454,BALANCE,1,-7.171184331204689e-06
0.20800000000000002,0.03490658503988659,0.0,0.035281558121369745,0.03469802253785341,0.1571057340236312,2.2341204733638667,BALANCE,1,-7.171184331204689e-06
0.21,0.03490658503988659,0.0,0.035281558121369745,0.03490225999208413,0.10211872711535924,1.8763647001466632,BALANCE,1,-7.171184331204689e-06
0.212,0.03490658503988659,0.0,0.035281558121369745,0.035035014337334094,0.06637717262498316,1.6447632602930757,BALANCE,1,-7.171184331204689e-06
0.214,0.03490658503988659,0.0,0.035281558121369745,0.03512130466174657,0.0431451622062394,1.4956111610242695,BALANCE,1,-7.171184331204689e-06
0.216,0.03490658503988659,0.0,0.0337475773334841,0.03464050009685471,-0.2404022824459319,1.4003429986695393,BALANCE,1,-7.171184331204689e-06
0.218,0.03490658503988659,0.0,0.035281558121369745,0.03486487040543497,0.11218515429013004,0.08909154234395693,BALANCE,1,-7.171184331204689e-06
0.22,0.03490658503988659,0.0,0.0337475773334841,0.03447381783025216,-0.1955262875914035,1.7248684856393988,BALANCE,1,-7.171184331204689e-06
0.222,0.03490658503988659,0.0,0.03681553890925539,0.03529342020790329,0.4098011888255641,0.29244688606866304,BALANCE,1,-7.171184331204689e-06
0.224,0.03490658503988659,0.0,0.035281558121369745,0.03528926847761655,-0.0020758651433708253,3.1458765835548883,BALANCE,1,-7.171184331204689e-06
0.226,0.03490658503988659,0.0,0.0337475773334841,0.034749676577170194,-0.26979595022317765,1.2310390238808755,BALANCE,1,-7.171184331204689e-06
0.228,0.03490658503988659,0.0,0.032213596545598466,0.03386204856612009,-0.44381400552505335,-0.04322494721441847,BALANCE,1,-7.171184331204689e-06
0.23,0.03490658503988659,0.0,0.032213596545598466,0.03328509035893752,-0.2884791035912826,-0.8991231650980672,BALANCE,1,-7.171184331204689e-06
0.232,0.03490658503988659,0.0,0.0337475773334841,0.033446960800028826,0.08093522054565191,-0.18488280728043557,BALANCE,1,-7.171184331204689e-06
0.234,0.03490658503988659,0.0,0.035281558121369745,0.03408906986249815,0.3210545312346616,1.5872710485954333,BALANCE,1,-7.171184331204689e-06
0.23600000000000002,0.03490658503988659,0.0,0.0337475773334841,0.03396954747734323,-0.05976119257745938,2.7728820454179357,BALANCE,1,-7.171184331204689e-06
0.23800000000000002,0.03490658503988659,0.0,0.0337475773334841,0.033891857926992536,-0.03884477517534721,0.942290318044635,BALANCE,1,-7.171184331204689e-06
0.24,0.03490658503988659,0.0,0.035281558121369745,0.03437825299502456,0.24319753401601252,1.045711237449582,BALANCE,1,-7.171184331204689e-06
0.242,0.03490658503988659,0.0,0.03681553890925539,0.035231303065005354,0.4265250349903965,2.4450480256160403,BALANCE,1,-7.171184331204689e-06
0.244,0.03490658503988659,0.0,0.03834951969714103,0.03632267888625284,0.5456879106237427,3.3874860983238015,BALANCE,1,-7.171184331204689e-06
0.246,0.03490658503988659,0.0,0.035281558121369745,0.03595828661854376,-0.1821961338545411,4.031636235189708,BALANCE,1,-7.171184331204689e-06
0.248,0.03490658503988659,0.0,0.035281558121369745,0.035721431644532856,-0.11842748700545067,0.4332555101650277,BALANCE,1,-7.171184331204689e-06
0.25,0.03490658503988659,0.0,0.03834951969714103,0.03664126246294572,0.45991540920643087,0.7438286536348435,BALANCE,1,-7.171184331204689e-06
0.252,0.03490658503988659,0.0,0.035281558121369745,0.036165365943394125,-0.23794825977579634,3.6736243883926187,BALANCE,1,-7.171184331204689e-06
0.254,0.03490658503988659,0.0,0.0337475773334841,0.035319139929925615,-0.4231130067342548,0.16725893163348976,BALANCE,1,-7.171184331204689e-06
0.256,0.03490658503988659,0.0,0.035281558121369745,0.03530598629693106,-0.0065768164972772325,-0.7986918202475344,BALANCE,1,-7.171184331204689e-06
0.258,0.03490658503988659,0.0,0.035281558121369745,0.0352974364354846,-0.004274930723229681,1.3096821054610677,BALANCE,1,-7.171184331204689e-06
0.26,0.03490658503988659,0.0,0.03681553890925539,0.03582877230130438,0.2656679329098889,1.3272829735986433,BALANCE,1,-7.171184331204689e-06
0.262,0.03490658503988659,0.0,0.0337475773334841,0.035100354062567285,-0.36420911936854705,2.736044672868719,BALANCE,1,-7.171184331204689e-06
0.264,0.03490658503988659,0.0,0.035281558121369745,0.03516377548314815,0.031710710290431404,-0.5193200502979602,BALANCE,1,-7.171184331204689e-06
0.266,0.03490658503988659,0.0,0.03681553890925539,0.035741892682285684,0.2890585995687679,1.5268288885077719,BALANCE,1,-7.171184331204689e-06
0.268,0.03490658503988659,0.0,0.03681553890925539,0.03611766886172508,0.1878880897196976,2.8925815500092478,BALANCE,1,-7.171184331204689e-06
0.27,0.03490658503988659,0.0,0.032213596545598466,0.034751243551080765,-0.6832126553221567,2.3929474818486276,BALANCE,1,-7.171184331204689e-06
0.272,0.03490658503988659,0.0,0.032213596545598466,0.03386306709916196,-0.44408822595940267,-2.214310442330627,BALANCE,1,-7.171184331204689e-06
0.274,0.03490658503988659,0.0,0.035281558121369745,0.034359538956934686,0.2482359288863631,-1.0007665323753816,BALANCE,1,-7.171184331204689e-06
0.276,0.03490658503988659,0.0,0.0337475773334841,0.034145352388726985,-0.10709328410385063,2.675370906983118,BALANCE,1,-7.171184331204689e-06
0.278,0.03490658503988659,0.0,0.032213596545598466,0.033469237843632,-0.33805727254749074,0.7914713140072286,BALANCE,1,-7.171184331204689e-06
0.28,0.03490658503988659,0.0,0.035281558121369745,0.034103549940840215,0.31715604860410584,-0.4644347078112578,BALANCE,1,-7.171184331204689e-06
0.28200000000000003,0.03490658503988659,0.0,0.03681553890925539,0.03505274607978553,0.4745980694726565,3.070919128139784,BALANCE,1,-7.171184331204689e-06
0.28400000000000003,0.03490658503988659,0.0,0.035281558121369745,0.03513283029434,0.040042107277236255,3.9706658927425225,BALANCE,1,-7.171184331204689e-06
0.28600000000000003,0.03490658503988659,0.0,0.0337475773334841,0.03464799175804044,-0.24241926814978082,1.6415353128937245,BALANCE,1,-7.171184331204689e-06
0.28800000000000003,0.03490658503988659,0.0,0.03681553890925539,0.03540663326096567,0.3793207514626168,0.09473771963295805,BALANCE,1,-7.171184331204689e-06
0.29,0.03490658503988659,0.0,0.03681553890925539,0.035899750237867074,0.2465584884507009,3.5184134530187525,BALANCE,1,-7.171184331204689e-06
0.292,0.03490658503988659,0.0,0.035281558121369745,0.03568338299709301,-0.10818362038703122,2.8266202514861773,BALANCE,1,-7.171184331204689e-06
0.294,0.03490658503988659,0.0,0.032213596545598466,0.03446895773906992,-0.607212629011547,0.8775674035097795,BALANCE,1,-7.171184331204689e-06
0.296,0.03490658503988659,0.0,0.03681553890925539,0.03529026114863483,0.41065170478245605,-1.927588425313993,BALANCE,1,-7.171184331204689e-06
0.298,0.03490658503988659,0.0,0.035281558121369745,0.03528721508909205,-0.0015230297713900165,3.74942473918135,BALANCE,1,-7.171184331204689e-06
0.3,0.03490658503988659,0.0,0.0337475773334841,0.03474834187462927,-0.2694366072313915,1.4672189210205586,BALANCE,1,-7.171184331204689e-06
0.302,0.03490658503988659,0.0,0.0337475773334841,0.03439807428522846,-0.17513379470040363,-0.04941464176136327,BALANCE,1,-7.171184331204689e-06
0.304,0.03490658503988659,0.0,0.0337475773334841,0.034170400352117936,-0.11383696655526201,0.4659583119558664,BALANCE,1,-7.171184331204689e-06
0.306,0.03490658503988659,0.0,0.035281558121369745,0.03455930557135607,0.19445260961906824,0.8045069718115958,BALANCE,1,-7.171184331204689e-06
0.308,0.03490658503988659,0.0,0.039883500485026674,0.03642277379114078,0.9317341098923556,2.5730880607648423,BALANCE,1,-7.171184331204689e-06
0.31,0.03490658503988659,0.0,0.035281558121369745,0.03602334830672092,-0.19971274220993013,6.863138386304392,BALANCE,1,-7.171184331204689e-06
0.312,0.03490658503988659,0.0,0.0337475773334841,0.03522682846608804,-0.3982599203164426,0.4030447569175272,BALANCE,1,-7.171184331204689e-06
0.314,0.03490658503988659,0.0,0.03681553890925539,0.03578287712119661,0.27802432755428746,-0.7700332119785736,BALANCE,1,-7.171184331204689e-06
0.316,0.03490658503988659,0.0,0.035281558121369745,0.03560741547125721,-0.08773082496970133,3.1516115855960956,BALANCE,1,-7.171184331204689e-06
0.318,0.03490658503988659,0.0,0.035281558121369745,0.0354933653987966,-0.05702503623030569,1.038649189846903,BALANCE,1,-7.171184331204689e-06
0.32,0.03490658503988659,0.0,0.0337475773334841,0.03488233957593723,-0.305512911429686,1.21656298798005,BALANCE,1,-7.171184331204689e-06
0.322,0.03490658503988659,0.0,0.0337475773334841,0.034485172791078635,-0.1985833924292961,-0.25634892932331577,BALANCE,1,-7.171184331204689e-06
0.324,0.03490658503988659,0.0,0.0337475773334841,0.034227014380920545,-0.12907920507904472,0.35216488614624597,BALANCE,1,-7.171184331204689e-06
0.326,0.03490658503988659,0.0,0.035281558121369745,0.03459610469007777,0.18454515457861156,0.7514465955560359,BALANCE,1,-7.171184331204689e-06
0.328,0.03490658503988659,0.0,0.0337475773334841,0.03429912011526998,-0.14849228740389242,2.6250222358268,BALANCE,1,-7.171184331204689e-06
0.33,0.03490658503988659,0.0,0.03681553890925539,0.03517986669316488,0.44037328894744665,0.6455466095023141,BALANCE,1,-7.171184331204689e-06
0.332,0.03490658503988659,0.0,0.0337475773334841,0.034678565417276604,-0.25065063794413656,4.197164843311252,BALANCE,1,-7.171184331204689e-06
0.334,0.03490658503988659,0.0,0.035281558121369745,0.0348896128637092,0.10552372321629908,0.05648059846966067,BALANCE,1,-7.171184331204689e-06
0.336,0.03490658503988659,0.0,0.0337475773334841,0.03448990042813042,-0.19985621778939242,2.2061124847222615,BALANCE,1,-7.171184331204689e-06
0.338,0.03490658503988659,0.0,0.0337475773334841,0.034230087345004205,-0.12990654156310594,0.35479038966300513,BALANCE,1,-7.171184331204689e-06
0.34,0.03490658503988659,0.0,0.0337475773334841,0.03406120884097217,-0.08443925201601782,0.7680165515039215,BALANCE,1,-7.171184331204689e-06
0.342,0.03490658503988659,0.0,0.0337475773334841,0.033951437813351346,-0.05488551381041193,1.0398004708909425,BALANCE,1,-7.171184331204689e-06
0.34400000000000003,0.03490658503988659,0.0,0.035281558121369745,0.03441697992115778,0.23277105390321837,1.2192756467964703,BALANCE,1,-7.171184331204689e-06
0.34600000000000003,0.03490658503988659,0.0,0.0337475773334841,0.034182689015471994,-0.11714545284289418,3.0082254154953336,BALANCE,1,-7.171184331204689e-06
0.34800000000000003,0.03490658503988659,0.0,0.035281558121369745,0.03456729320253621,0.1923020935321075,0.8565104452843929,BALANCE,1,-7.171184331204689e-06
0.35000000000000003,0.03490658503988659,0.0,0.0337475773334841,0.03428039264836797,-0.14345027708411937,2.788814750795773,BALANCE,1,-7.171184331204689e-06
0.352,0.03490658503988659,0.0,0.0337475773334841,0.034093907288158615,-0.09324268010467776,0.7046465402275705,BALANCE,1,-7.171184331204689e-06
0.354,0.03490658503988659,0.0,0.035281558121369745,0.03450958507978251,0.2078388958119473,1.0111611512397296,BALANCE,1,-7.171184331204689e-06
0.356,0.03490658503988659,0.0,0.0337475773334841,0.034242882368578066,-0.13335135560222158,2.915696577871655,BALANCE,1,-7.171184331204689e-06
0.358,0.03490658503988659,0.0,0.03681553890925539,0.03514331215781513,0.45021489461853287,0.7744054842807784,BALANCE,1,-7.171184331204689e-06
0.36,0.03490658503988659,0.0,0.030679615757712823,0.03358101841777932,-0.7811468700179048,4.494020176610313,BALANCE,1,-7.171184331204689e-06
0.362,0.03490658503988659,0.0,0.0337475773334841,0.033639314038276,0.029147810248337375,-3.345107945510419,BALANCE,1,-7.171184331204689e-06
0.364,0.03490658503988659,0.0,0.03681553890925539,0.03475099274311878,0.555839352421393,1.785472270156624,BALANCE,1,-7.171184331204689e-06
0.366,0.03490658503988659,0.0,0.03681553890925539,0.03547358390126659,0.36129557907390447,5.199292409630784,BALANCE,1,-7.171184331204689e-06
0.368,0.03490658503988659,0.0,0.0337475773334841,0.03486948160254272,-0.3020511493619371,4.010004953667118,BALANCE,1,-7.171184331204689e-06
0.37,0.03490658503988659,0.0,0.035281558121369745,0.035013708384132175,0.07211339079472856,-0.2600407195918331,BALANCE,1,-7.171184331204689e-06
0.372,0.03490658503988659,0.0,0.03834951969714103,0.03618124234368528,0.583766979776551,2.1555723516716356,BALANCE,1,-7.171184331204689e-06
0.374,0.03490658503988659,0.0,0.0337475773334841,0.03532945959011487,-0.4258913767852049,5.527536386097489,BALANCE,1,-7.171184331204689e-06
0.376,0.03490658503988659,0.0,0.03681553890925539,0.03584958735181405,0.26006388084959253,-1.04405174892742,BALANCE,1,-7.171184331204689e-06
0.378,0.03490658503988659,0.0,0.0337475773334841,0.03511388384539857,-0.3678517532077416,3.444429838355145,BALANCE,1,-7.171184331204689e-06
0.38,0.03490658503988659,0.0,0.032213596545598466,0.03409878329046853,-0.5075502774650187,-0.6829964728643613,BALANCE,1,-7.171184331204689e-06
0.382,0.03490658503988659,0.0,0.0337475773334841,0.03397586120552398,-0.06146104247227446,-1.651869682279471,BALANCE,1,-7.171184331204689e-06
0.384,0.03490658503988659,0.0,0.035281558121369745,0.03443285512607,0.2284969602730086,1.2730685226913192,BALANCE,1,-7.171184331204689e-06
0.386,0.03490658503988659,0.0,0.03681553890925539,0.035266794450184887,0.41696966205744324,3.2164002135320704,BALANCE,1,-7.171184331204689e-06
0.388,0.03490658503988659,0.0,0.035281558121369745,0.03527196173509959,0.0025836424573516537,4.51951315471716,BALANCE,1,-7.171184331204689e-06
0.39,0.03490658503988659,0.0,0.035281558121369745,0.03527532047029414,0.0016793675972764932,1.7779730540123042,BALANCE,1,-7.171184331204689e-06
0.392,0.03490658503988659,0.0,0.03681553890925539,0.035814396923930576,0.2695382268182167,1.7785117311115435,BALANCE,1,-7.171184331204689e-06
0.394,0.03490658503988659,0.0,0.032213596545598466,0.034554116791514336,-0.6301400662081201,3.607732149924555,BALANCE,1,-7.171184331204689e-06
0.396,0.03490658503988659,0.0,0.035281558121369745,0.03480872125696373,0.12730223272469643,-2.4959816321484185,BALANCE,1,-7.171184331204689e-06
0.398,0.03490658503988659,0.0,0.0337475773334841,0.03443732088374586,-0.18570018660893362,2.6222583198097937,BALANCE,1,-7.171184331204689e-06
0.4,0.03490658503988659,0.0,0.035281558121369745,0.03473280391691422,0.14774151658417806,0.49180018284983057,BALANCE,1,-7.171184331204689e-06
0.402,0.03490658503988659,0.0,0.03681553890925539,0.03546176116423363,0.3644786236597051,2.776015312535036,BALANCE,1,-7.171184331204689e-06
0.404,0.03490658503988659,0.0,0.032213596545598466,0.034324903547711325,-0.5684288082611517,4.302135064239305,BALANCE,1,-7.171184331204689e-06
0.406,0.03490658503988659,0.0,0.035281558121369745,0.03465973264849177,0.16741455039022413,-2.129673432761914,BALANCE,1,-7.171184331204689e-06
0.40800000000000003,0.03490658503988659,0.0,0.0337475773334841,0.034340478288239086,-0.1596271801263434,2.936835410984886,BALANCE,1,-7.171184331204689e-06
0.41000000000000003,0.03490658503988659,0.0,0.035281558121369745,0.03466985622983482,0.16468897079786535,0.6753005029164617,BALANCE,1,-7.171184331204689e-06
0.41200000000000003,0.03490658503988659,0.0,0.032213596545598466,0.0338101653403521,-0.42984544474135994,2.939013216249655,BALANCE,1,-7.171184331204689e-06
0.41400000000000003,0.03490658503988659,0.0,0.035281558121369745,0.03432515281370827,0.25749373667808756,-1.2240133573584664,BALANCE,1,-7.171184331204689e-06
0.41600000000000004,0.03490658503988659,0.0,0.03681553890925539,0.03519678794714976,0.4358175667207448,3.588048843217308,BALANCE,1,-7.171184331204689e-06
0.418,0.03490658503988659,0.0,0.035281558121369745,0.03522645750812676,0.014834780488498511,4.892955986459982,BALANCE,1,-7.171184331204689e-06
0.42,0.03490658503988659,0.0,0.0337475773334841,0.03470884944700183,-0.25880403056246365,1.9576970139849355,BALANCE,1,-7.171184331204689e-06
0.422,0.03490658503988659,0.0,0.0337475773334841,0.034372404207270627,-0.1682226198656024,0.010646875641952675,BALANCE,1,-7.171184331204689e-06
0.424,0.03490658503988659,0.0,0.03834951969714103,0.03576439462872527,0.6959952107273223,0.6327253881705824,BALANCE,1,-7.171184331204689e-06
0.426,0.03490658503988659,0.0,0.03681553890925539,0.03613229512691081,0.1839502490927694,6.834449272098295,BALANCE,1,-7.171184331204689e-06
0.428,0.03490658503988659,0.0,0.035281558121369745,0.03583453717497144,-0.14887897596968513,3.2355507936171986,BALANCE,1,-7.171184331204689e-06
0.43,0.03490658503988659,0.0,0.035281558121369745,0.035640994506210846,-0.09677133438029673,0.8554640570847984,BALANCE,1,-7.171184331204689e-06
0.432,0.03490658503988659,0.0,0.0337475773334841,0.03497829849575648,-0.33134800522718194,1.221038650820598,BALANCE,1,-7.171184331204689e-06
0.434,0.03490658503988659,0.0,0.03681553890925539,0.0356213326404811,0.3215170723623074,-0.4957733466007159,BALANCE,1,-7.171184331204689e-06
0.436,0.03490658503988659,0.0,0.035281558121369745,0.03550241155879212,-0.05946054084448801,4.24318430013192,BALANCE,1,-7.171184331204689e-06
0.438,0.03490658503988659,0.0,0.035281558121369745,0.03542511285569429,-0.03864935154891669,1.4956321715615475,BALANCE,1,-7.171184331204689e-06
0.44,0.03490658503988659,0.0,0.035281558121369745,0.0353748686986807,-0.025122078506793766,1.6473949467679438,BALANCE,1,-7.171184331204689e-06
0.442,0.03490658503988659,0.0,0.03681553890925539,0.03587910327238184,0.25211728685057067,1.7485790994185078,BALANCE,1,-7.171184331204689e-06
0.444,0.03490658503988659,0.0,0.0337475773334841,0.03513306919376763,-0.37301703930710595,3.8069219404176455,BALANCE,1,-7.171184331204689e-06
0.446,0.03490658503988659,0.0,0.03681553890925539,0.03572193359418835,0.29443220021035943,-0.8025553811530036,BALANCE,1,-7.171184331204689e-06
0.448,0.03490658503988659,0.0,0.035281558121369745,0.03556780217870184,-0.07706570774325405,4.134372954330108,BALANCE,1,-7.171184331204689e-06
0.45,0.03490658503988659,0.0,0.0337475773334841,0.03493072348287563,-0.3185393479131042,1.399174156211544,BALANCE,1,-7.171184331204689e-06
0.452,0.03490658503988659,0.0,0.03834951969714103,0.036127302157868524,0.5982893374964459,-0.4185360212573733,BALANCE,1,-7.171184331204689e-06
0.454,0.03490658503988659,0.0,0.035281558121369745,0.03583129174509395,-0.1480052063872854,6.4532682257237335,BALANCE,1,-7.171184331204689e-06
0.456,0.03490658503988659,0.0,0.032213596545598466,0.03456509842527053,-0.6330966599117117,0.8991931797084467,BALANCE,1,-7.171184331204689e-06
0.458,0.03490658503988659,0.0,0.0337475773334841,0.03427896604314528,-0.14306619106262478,-2.79347012710815,BALANCE,1,-7.171184331204689e-06
0.46,0.03490658503988659,0.0,0.035281558121369745,0.034629873270523845,0.17545361368928244,0.8547393027401924,BALANCE,1,-7.171184331204689e-06
0.462,0.03490658503988659,0.0,0.035281558121369745,0.03485796296831991,0.11404484889803237,3.272536027400949,BALANCE,1,-7.171184331204689e-06
0.464,0.03490658503988659,0.0,0.0337475773334841,0.034469327996127376,-0.1943174860962668,2.8326178848342973,BALANCE,1,-7.171184331204689e-06
0.466,0.03490658503988659,0.0,0.03681553890925539,0.03529050181572218,0.4105869097974016,0.4858843222836428,BALANCE,1,-7.171184331204689e-06
0.468,0.03490658503988659,0.0,0.0337475773334841,0.03475047824693885,-0.2700117843916633,5.126616992569094,BALANCE,1,-7.171184331204689e-06
0.47000000000000003,0.03490658503988659,0.0,0.035281558121369745,0.03493635620298967,0.09293897802540793,-0.0714624324617605,BALANCE,1,-7.171184331204689e-06
0.47200000000000003,0.03490658503988659,0.0,0.03834951969714103,0.036130963425942644,0.5973036114764879,2.7119070025454253,BALANCE,1,-7.171184331204689e-06
0.47400000000000003,0.03490658503988659,0.0,0.0337475773334841,0.03529677829358215,-0.41709256618024587,6.654542656078988,BALANCE,1,-7.171184331204689e-06
0.47600000000000003,0.03490658503988659,0.0,0.035281558121369745,0.03529145123330781,-0.0026635301371702447,-1.1713954123857833,BALANCE,1,-7.171184331204689e-06
0.47800000000000004,0.03490658503988659,0.0,0.035281558121369745,0.03528798864412949,-0.0017312945891599651,2.020716394916667,BALANCE,1,-7.171184331204689e-06
0.48,0.03490658503988659,0.0,0.032213596545598466,0.034211951409643636,-0.5380186172429281,2.0340158061906517,BALANCE,1,-7.171184331204689e-06
0.482,0.03490658503988659,0.0,0.03681553890925539,0.03512320703450775,0.45562781243205575,-2.1838888977638624,BALANCE,1,-7.171184331204689e-06
0.484,0.03490658503988659,0.0,0.035281558121369745,0.03517862991490945,0.027711440200851173,5.597099718645684,BALANCE,1,-7.171184331204689e-06
0.486,0.03490658503988659,0.0,0.03681553890925539,0.03575154806293053,0.28645907401054005,2.2764314929053433,BALANCE,1,-7.171184331204689e-06
0.488,0.03490658503988659,0.0,0.035281558121369745,0.03558705158338425,-0.08224823977313889,4.343593400867089,BALANCE,1,-7.171184331204689e-06
0.49,0.03490658503988659,0.0,0.0337475773334841,0.0349432355959192,-0.32190799373252654,1.4506469076352209,BALANCE,1,-7.171184331204689e-06
0.492,0.03490658503988659,0.0,0.032213596545598466,0.03398786192830694,-0.47768683380612975,-0.4714897668934844,BALANCE,1,-7.171184331204689e-06
0.494,0.03490658503988659,0.0,0.035281558121369745,0.03444065559587892,0.22639683378599187,-1.760836279293614,BALANCE,1,-7.171184331204689e-06
0.496,0.03490658503988659,0.0,0.0337475773334841,0.034198078204040736,-0.12128869591909383,3.8427154799863046,BALANCE,1,-7.171184331204689e-06
0.498,0.03490658503988659,0.0,0.035281558121369745,0.03457729617510589,0.18960898553257652,1.0750856741403552,BALANCE,1,-7.171184331204689e-06
0.5,0.03490658503988659,0.0,0.0337475773334841,0.03428689458053826,-0.14520079728381347,3.5807351258026645,BALANCE,1,-7.171184331204689e-06
0.502,0.03490658503988659,0.0,0.035281558121369745,0.03463502681982928,0.17406611964550928,0.8956072965617881,BALANCE,1,-7.171184331204689e-06
0.504,0.03490658503988659,0.0,0.032213596545598466,0.033787526223848494,-0.42375029799039327,3.470630566353831,BALANCE,1,-7.171184331204689e-06
0.506,0.03490658503988659,0.0,0.035281558121369745,0.03431043738798093,0.26145558206621883,-1.3627508104922366,BALANCE,1,-7.171184331204689e-06
0.508,0.03490658503988659,0.0,0.0337475773334841,0.03411343636890704,-0.09850050953694525,4.150270899808607,BALANCE,1,-7.171184331204689e-06
0.51,0.03490658503988659,0.0,0.035281558121369745,0.034522278982268985,0.20442130668097205,1.2588021058388603,BALANCE,1,-7.171184331204689e-06
0.512,0.03490658503988659,0.0,0.03834951969714103,0.0358618132324742,0.669767125102607,3.7067071923839157,BALANCE,1,-7.171184331204689e-06
0.514,0.03490658503988659,0.0,0.0337475773334841,0.03512183066782767,-0.3699912823232655,7.5098457947693085,BALANCE,1,-7.171184331204689e-06
0.516,0.03490658503988659,0.0,0.0337475773334841,0.03464084200080742,-0.24049433351012311,-0.8526204185164641,BALANCE,1,-7.171184331204689e-06
0.518,0.03490658503988659,0.0,0.03681553890925539,0.03540198591876421,0.3805719589783929,0.1544958519674604,BALANCE,1,-7.171184331204689e-06
0.52,0.03490658503988659,0.0,0.035281558121369745,0.03535983618967615,-0.021074864544029515,5.168694826952995,BALANCE,1,-7.171184331204689e-06
0.522,0.03490658503988659,0.0,0.035281558121369745,0.03533243886576891,-0.013698661953619878,1.9529912550283326,BALANCE,1,-7.171184331204689e-06
0.524,0.03490658503988659,0.0,0.0337475773334841,0.034777737329469226,-0.27735076814984144,2.010357036317176,BALANCE,1,-7.171184331204689e-06
0.526,0.03490658503988659,0.0,0.035281558121369745,0.03495407460663441,0.08816863858259263,-0.1321419054305779,BALANCE,1,-7.171184331204689e-06
0.528,0.03490658503988659,0.0,0.0337475773334841,0.034531800561031806,-0.21113702280130264,2.8025935850588057,BALANCE,1,-7.171184331204689e-06
0.53,0.03490658503988659,0.0,0.035281558121369745,0.034794215707150085,0.13120757305913958,0.3828118512514873,BALANCE,1,-7.171184331204689e-06
0.532,0.03490658503988659,0.0,0.035281558121369745,0.03496478555212697,0.08528492248844124,3.1373135269021217,BALANCE,1,-7.171184331204689e-06
0.534,0.03490658503988659,0.0,0.0337475773334841,0.034538762675601964,-0.21301143826250174,2.780166513035148,BALANCE,1,-7.171184331204689e-06
0.536,0.03490658503988659,0.0,0.035281558121369745,0.03479874108162069,0.12998920300936329,0.3682342544361039,BALANCE,1,-7.171184331204689e-06
0.538,0.03490658503988659,0.0,0.03681553890925539,0.03550462032129283,0.35293961983607136,3.1278380889721475,BALANCE,1,-7.171184331204689e-06
0.54,0.03490658503988659,0.0,0.035281558121369745,0.035426548551319756,-0.03903588498653868,4.953794177966141,BALANCE,1,-7.171184331204689e-06
0.542,0.03490658503988659,0.0,0.035281558121369745,0.03537580190083725,-0.025373325241252742,1.8133058331868759,BALANCE,1,-7.171184331204689e-06
0.544,0.03490658503988659,0.0,0.03681553890925539,0.035879709853783595,0.25195397647317236,1.9195615121202132,BALANCE,1,-7.171184331204689e-06
0.546,0.03490658503988659,0.0,0.035281558121369745,0.03567035674743875,-0.10467655317242253,4.168414403012394,BALANCE,1,-7.171184331204689e-06
0.548,0.03490658503988659,0.0,0.035281558121369745,0.0355342772283146,-0.06803975956207534,1.3028089794669446,BALANCE,1,-7.171184331204689e-06
0.55,0.03490658503988659,0.0,0.035281558121369745,0.0354458255408839,-0.04422584371534949,1.5877385572022733,BALANCE,1,-7.171184331204689e-06
0.552,0.03490658503988659,0.0,0.035281558121369745,0.03538833194405395,-0.028746798414976127,1.772942782730238,BALANCE,1,-7.171184331204689e-06
0.554,0.03490658503988659,0.0,0.032213596545598466,0.03427717455459453,-0.5555786947297088,1.8933255293234277,BALANCE,1,-7.171184331204689e-06
0.556,0.03490658503988659,0.0,0.03681553890925539,0.03516560207872583,0.444213762065649,-2.3879990845619985,BALANCE,1,-7.171184331204689e-06
0.558,0.03490658503988659,0.0,0.035281558121369745,0.0352061866936512,0.0202923074626854,5.663646221248742,BALANCE,1,-7.171184331204689e-06
0.56,0.03490658503988659,0.0,0.03681553890925539,0.03576945996911267,0.28163663773073455,2.2747096613205553,BALANCE,1,-7.171184331204689e-06
0.562,0.03490658503988659,0.0,0.032213596545598466,0.0345249077708827,-0.622276099114985,4.399260699992636,BALANCE,1,-7.171184331204689e-06
0.5640000000000001,0.03490658503988659,0.0,0.032213596545598466,0.033715948842033217,-0.404479464424741,-2.9067143266669184,BALANCE,1,-7.171184331204689e-06
0.5660000000000001,0.03490658503988659,0.0,0.032213596545598466,0.03319012553828105,-0.26291165187608195,-1.2128787848759348,BALANCE,1,-7.171184331204689e-06
0.5680000000000001,0.03490658503988659,0.0,0.0337475773334841,0.03338523366660212,0.09755406416053422,-0.11188568271179244,BALANCE,1,-7.171184331204689e-06
0.5700000000000001,0.03490658503988659,0.0,0.0337475773334841,0.03351205395001081,0.06341014170434603,2.7835465332804015,BALANCE,1,-7.171184331204689e-06
0.5720000000000001,0.03490658503988659,0.0,0.035281558121369745,0.034131380409986437,0.3096632299878117,2.518004370635417,BALANCE,1,-7.171184331204689e-06
0.5740000000000001,0.03490658503988659,0.0,0.035281558121369745,0.034533942608970594,0.20128109949207884,4.52518866450168,BALANCE,1,-7.171184331204689e-06
0.5760000000000001,0.03490658503988659,0.0,0.035281558121369745,0.0347956080383103,0.13083271466985194,3.6822853524748664,BALANCE,1,-7.171184331204689e-06
0.578,0.03490658503988659,0.0,0.035281558121369745,0.03496569056738111,0.08504126453540498,3.1343981996574337,BALANCE,1,-7.171184331204689e-06
0.58,0.03490658503988659,0.0,0.0337475773334841,0.03453935093551715,-0.2131698159319774,2.7782715503261066,BALANCE,1,-7.171184331204689e-06
0.582,0.03490658503988659,0.0,0.03681553890925539,0.03533601672632553,0.39833289540418954,0.3670025286752099,BALANCE,1,-7.171184331204689e-06
0.584,0.03490658503988659,0.0,0.035281558121369745,0.03531695621459101,-0.009530255867262055,5.306824166813048,BALANCE,1,-7.171184331204689e-06
0.586,0.03490658503988659,0.0,0.0337475773334841,0.03476767360620359,-0.27464130419370747,2.042775325937364,BALANCE,1,-7.171184331204689e-06
0.588,0.03490658503988659,0.0,0.035281558121369745,0.034947533186511746,0.0899297901540766,-0.11107001717744414,BALANCE,1,-7.171184331204689e-06
0.59,0.03490658503988659,0.0,0.0337475773334841,0.03452754863795207,-0.20999227427983755,2.8162903124233174,BALANCE,1,-7.171184331204689e-06
0.592,0.03490658503988659,0.0,0.035281558121369745,0.03479145195714826,0.1319516595980931,0.391714724038424,BALANCE,1,-7.171184331204689e-06
0.594,0.03490658503988659,0.0,0.03681553890925539,0.035499882390385755,0.3542152166187487,3.14310039421364,BALANCE,1,-7.171184331204689e-06
0.596,0.03490658503988659,0.0,0.0337475773334841,0.03488657562047018,-0.3066533849577883,4.963714676373135,BALANCE,1,-7.171184331204689e-06
0.598,0.03490658503988659,0.0,0.0337475773334841,0.03448792622002505,-0.19932470022256468,-0.36003254243409577,BALANCE,1,-7.171184331204689e-06
0.6,0.03490658503988659,0.0,0.035281558121369745,0.03476569738549569,0.13888558273532012,0.47467797142098545,BALANCE,1,-7.171184331204689e-06
0.602,0.03490658503988659,0.0,0.03681553890925539,0.035483141918811585,0.358722266657948,3.1970265050123023,BALANCE,1,-7.171184331204689e-06
0.604,0.03490658503988659,0.0,0.0337475773334841,0.034875694313946964,-0.30372380243231034,4.998766648392278,BALANCE,1,-7.171184331204689e-06
0.606,0.03490658503988659,0.0,0.03681553890925539,0.03555463992230491,0.3394728041789738,-0.337248760621665,BALANCE,1,-7.171184331204689e-06
0.608,0.03490658503988659,0.0,0.0337475773334841,0.03492216801621763,-0.31623595304364205,4.849060828770085,BALANCE,1,-7.171184331204689e-06
0.61,0.03490658503988659,0.0,0.03681553890925539,0.035584847828780845,0.3313399062816087,-0.43455754337607866,BALANCE,1,-7.171184331204689e-06
0.612,0.03490658503988659,0.0,0.0337475773334841,0.034941803155426984,-0.32152233667693053,4.78581011997972,BALANCE,1,-7.171184331204689e-06
0.614,0.03490658503988659,0.0,0.03681553890925539,0.03559761066926693,0.32790375691997203,-0.47567050408982503,BALANCE,1,-7.171184331204689e-06
0.616,0.03490658503988659,0.0,0.035281558121369745,0.03548699227750291,-0.055309195882008444,4.759086695515792,BALANCE,1,-7.171184331204689e-06
0.618,0.03490658503988659,0.0,0.0337475773334841,0.034878197047096327,-0.30439761520329245,1.686745969594107,BALANCE,1,-7.171184331204689e-06
0.62,0.03490658503988659,0.0,0.035281558121369745,0.035019373423092026,0.07058818799784983,-0.3424890988005602,BALANCE,1,-7.171184331204689e-06
0.622,0.03490658503988659,0.0,0.035281558121369745,0.03511113806748923,0.045882322198601694,2.66586790936832,BALANCE,1,-7.171184331204689e-06
0.624,0.03490658503988659,0.0,0.032213596545598466,0.03409699853482746,-0.5070697663308831,2.473726861638167,BALANCE,1,-7.171184331204689e-06
0.626,0.03490658503988659,0.0,0.0337475773334841,0.033974701114357284,-0.06114871023508994,-2.010738218557417,BALANCE,1,-7.171184331204689e-06
0.628,0.03490658503988659,0.0,0.0337475773334841,0.03389520779105167,-0.03974666165280569,1.5492923849807174,BALANCE,1,-7.171184331204689e-06
0.63,0.03490658503988659,0.0,0.03681553890925539,0.03491732368242297,0.5110579456856501,1.7157391742406547,BALANCE,1,-7.171184331204689e-06
0.632,0.03490658503988659,0.0,0.032213596545598466,0.03397101918453439,-0.47315224894428975,6.183502986430579,BALANCE,1,-7.171184331204689e-06
0.634,0.03490658503988659,0.0,0.035281558121369745,0.03442970781242677,0.22934431394618787,-1.7469568404822544,BALANCE,1,-7.171184331204689e-06
0.636,0.03490658503988659,0.0,0.035281558121369745,0.034727855420556814,0.14907380406502246,3.9005369803151093,BALANCE,1,-7.171184331204689e-06
0.638,0.03490658503988659,0.0,0.032213596545598466,0.03384786481432139,-0.43999530311771007,3.2762617577535886,BALANCE,1,-7.171184331204689e-06
0.64,0.03490658503988659,0.0,0.035281558121369745,0.034349657471788315,0.250896328733461,-1.4890905360823972,BALANCE,1,-7.171184331204689e-06
0.642,0.03490658503988659,0.0,0.035281558121369745,0.034675822699141816,0.1630826136767502,4.0681500781749875,BALANCE,1,-7.171184331204689e-06
0.644,0.03490658503988659,0.0,0.035281558121369745,0.03488783009692159,0.10600369888988728,3.3852102713625105,BALANCE,1,-7.171184331204689e-06
0.646,0.03490658503988659,0.0,0.03681553890925539,0.03556252818123842,0.3373490421584163,2.9412993969343937,BALANCE,1,-7.171184331204689e-06
0.648,0.03490658503988659,0.0,0.035281558121369745,0.03546418866028438,-0.04916976047701985,4.832544028141636,BALANCE,1,-7.171184331204689e-06
0.65,0.03490658503988659,0.0,0.035281558121369745,0.03540026797166426,-0.031960344310060645,1.7344932358009044,BALANCE,1,-7.171184331204689e-06
0.652,0.03490658503988659,0.0,0.035281558121369745,0.03535871952406118,-0.02077422380154098,1.8683333238193705,BALANCE,1,-7.171184331204689e-06
0.654,0.03490658503988659,0.0,0.035281558121369745,0.035331713033119175,-0.013503245471002678,1.9553293810313428,BALANCE,1,-7.171184331204689e-06
0.656,0.03490658503988659,0.0,0.0337475773334841,0.0347772655382469,-0.2772237474361373,2.011876818219129,BALANCE,1,-7.171184331204689e-06
0.658,0.03490658503988659,0.0,0.0337475773334841,0.03441687466657992,-0.1801954358334884,-0.13115404719428447,BALANCE,1,-7.171184331204689e-06
0.66,0.03490658503988659,0.0,0.035281558121369745,0.034719513875756364,0.15131960458822022,0.6234489933268881,BALANCE,1,-7.171184331204689e-06
0.662,0.03490658503988659,0.0,0.032213596545598466,0.0338424428102011,-0.43853553277763135,3.293727669251144,BALANCE,1,-7.171184331204689e-06
0.664,0.03490658503988659,0.0,0.0337475773334841,0.03380923989335015,-0.016601458425476168,-1.4777376936089848,BALANCE,1,-7.171184331204689e-06
0.666,0.03490658503988659,0.0,0.035281558121369745,0.034324551273157006,0.2576556899034285,1.8957427261971995,BALANCE,1,-7.171184331204689e-06
0.668,0.03490658503988659,0.0,0.035281558121369745,0.03465950367003146,0.1674761984372282,4.120718595616848,BALANCE,1,-7.171184331204689e-06
0.67,0.03490658503988659,0.0,0.035281558121369745,0.03487722272799986,0.10885952898419954,3.4193798076997135,BALANCE,1,-7.171184331204689e-06
0.672,0.03490658503988659,0.0,0.032213596545598466,0.03394495356415937,-0.4661345819202446,2.963509595553588,BALANCE,1,-7.171184331204689e-06
0.674,0.03490658503988659,0.0,0.032213596545598466,0.03333897860766306,-0.3029874782481574,-1.6923794415123945,BALANCE,1,-7.171184331204689e-06
0.676,0.03490658503988659,0.0,0.0337475773334841,0.03348198816170042,0.07150477701868205,-0.4235611095254761,BALANCE,1,-7.171184331204689e-06
0.678,0.03490658503988659,0.0,0.035281558121369745,0.034111837647584686,0.3149247429421326,2.5809575058514813,BALANCE,1,-7.171184331204689e-06
0.68,0.03490658503988659,0.0,0.035281558121369745,0.03452123981340946,0.20470108291238687,4.566108202392142,BALANCE,1,-7.171184331204689e-06
0.682,0.03490658503988659,0.0,0.032213596545598466,0.033713564669675615,-0.4038375718669225,3.7088830521036624,BALANCE,1,-7.171184331204689e-06
0.684,0.03490658503988659,0.0,0.035281558121369745,0.03426236237776856,0.274398854046471,-1.2078866947548428,BALANCE,1,-7.171184331204689e-06
0.686,0.03490658503988659,0.0,0.03681553890925539,0.03515597416378895,0.4468058930101951,4.250932575037881,BALANCE,1,-7.171184331204689e-06
0.6880000000000001,0.03490658503988659,0.0,0.0337475773334841,0.03466303527318225,-0.2464694453033489,5.683805593908898,BALANCE,1,-7.171184331204689e-06
0.6900000000000001,0.03490658503988659,0.0,0.0337475773334841,0.0343426249942879,-0.1602051394471761,0.10802655396414362,BALANCE,1,-7.171184331204689e-06
0.6920000000000001,0.03490658503988659,0.0,0.035281558121369745,0.03467125158876654,0.1643132972393227,0.7789163840798652,BALANCE,1,-7.171184331204689e-06
0.6940000000000001,0.03490658503988659,0.0,0.03681553890925539,0.03542175215093764,0.37525028108554775,3.3947814732405743,BALANCE,1,-7.171184331204689e-06
0.6960000000000001,0.03490658503988659,0.0,0.035281558121369745,0.03537268424058888,-0.024533955174380756,5.127307377740641,BALANCE,1,-7.171184331204689e-06
0.6980000000000001,0.03490658503988659,0.0,0.035281558121369745,0.03534079009886218,-0.015947070863348706,1.9260894130402864,BALANCE,1,-7.171184331204689e-06
0.7000000000000001,0.03490658503988659,0.0,0.035281558121369745,0.03532005890673983,-0.010365596061174404,1.9928708390249412,BALANCE,1,-7.171184331204689e-06
0.7020000000000001,0.03490658503988659,0.0,0.03681553890925539,0.03584347690762028,0.2617090004402231,2.036278765914995,BALANCE,1,-7.171184331204689e-06
0.704,0.03490658503988659,0.0,0.03834951969714103,0.03672059188395254,0.43855748816613166,4.244280617979001,BALANCE,1,-7.171184331204689e-06
0.706,0.03490658503988659,0.0,0.035281558121369745,0.03621693006704856,-0.25183090845198874,5.711695418366206,BALANCE,1,-7.171184331204689e-06
0.708,0.03490658503988659,0.0,0.035281558121369745,0.035889549886060974,-0.16369009049379407,0.158368536407004,BALANCE,1,-7.171184331204689e-06
0.71,0.03490658503988659,0.0,0.035281558121369745,0.03567675276841904,-0.1063985588209658,0.8438522692133059,BALANCE,1,-7.171184331204689e-06
0.712,0.03490658503988659,0.0,0.03681553890925539,0.036075327917711765,0.19928757464636113,1.289416695537416,BALANCE,1,-7.171184331204689e-06
0.714,0.03490658503988659,0.0,0.035281558121369745,0.03579750848899206,-0.13890971435985208,3.758820272233595,BALANCE,1,-7.171184331204689e-06
0.716,0.03490658503988659,0.0,0.032213596545598466,0.0345431393088043,-0.6271845900938794,1.0365727944607068,BALANCE,1,-7.171184331204689e-06
0.718,0.03490658503988659,0.0,0.0337475773334841,0.034264692617442236,-0.13922334568103323,-2.944888362222777,BALANCE,1,-7.171184331204689e-06
0.72,0.03490658503988659,0.0,0.0337475773334841,0.03408370226805689,-0.09049517469267299,0.9420947915982683,BALANCE,1,-7.171184331204689e-06
0.722,0.03490658503988659,0.0,0.035281558121369745,0.034502951816716386,0.20962477432974816,1.3210607385420294,BALANCE,1,-7.171184331204689e-06
0.724,0.03490658503988659,0.0,0.03834951969714103,0.03584925057486501,0.6731493790743115,3.7471753036409687,BALANCE,1,-7.171184331204689e-06
0.726,0.03490658503988659,0.0,0.03681553890925539,0.03618745149190164,0.16910045851831548,7.536150067086393,BALANCE,1,-7.171184331204689e-06
0.728,0.03490658503988659,0.0,0.0337475773334841,0.035333495536455505,-0.42697797772306767,3.524050757660622,BALANCE,1,-7.171184331204689e-06
0.73,0.03490658503988659,0.0,0.0337475773334841,0.03477842416541552,-0.2775356855199938,-1.295814089597211,BALANCE,1,-7.171184331204689e-06
0.732,0.03490658503988659,0.0,0.03681553890925539,0.035491414325759474,0.3564950801719785,-0.13358003423501952,BALANCE,1,-7.171184331204689e-06
0.734,0.03490658503988659,0.0,0.035281558121369745,0.03541796465422307,-0.03672483576820304,4.981445500921397,BALANCE,1,-7.171184331204689e-06
0.736,0.03490658503988659,0.0,0.0337475773334841,0.03483332909196443,-0.2923177811293177,1.8312791931077597,BALANCE,1,-7.171184331204689e-06
0.738,0.03490658503988659,0.0,0.0337475773334841,0.03445331597649632,-0.19000655773405636,-0.24854250351667595,BALANCE,1,-7.171184331204689e-06
0.74,0.03490658503988659,0.0,0.03834951969714103,0.03581698727872197,0.6818356511128255,0.5471464967173281,BALANCE,1,-7.171184331204689e-06
0.742,0.03490658503988659,0.0,0.035281558121369745,0.03562958707364869,-0.09370010253664102,7.603704445625922,BALANCE,1,-7.171184331204689e-06
0.744,0.03490658503988659,0.0,0.035281558121369745,0.03550777694035106,-0.060905066648814926,1.388174404125793,BALANCE,1,-7.171184331204689e-06
0.746,0.03490658503988659,0.0,0.035281558121369745,0.035428600353707596,-0.03958829332173161,1.6432260832305443,BALANCE,1,-7.171184331204689e-06
0.748,0.03490658503988659,0.0,0.0337475773334841,0.034840242296629374,-0.2941790285391106,1.8090096746486026,BALANCE,1,-7.171184331204689e-06
0.75,0.03490658503988659,0.0,0.0337475773334841,0.03445780955952853,-0.19121636855042382,-0.26301769051512247,BALANCE,1,-7.171184331204689e-06
0.752,0.03490658503988659,0.0,0.03681553890925539,0.03528301483193293,0.41260263620220006,0.5377376251683212,BALANCE,1,-7.171184331204689e-06
0.754,0.03490658503988659,0.0,0.03681553890925539,0.035819398258995785,0.26819171353142934,5.417801979533576,BALANCE,1,-7.171184331204689e-06
0.756,0.03490658503988659,0.0,0.03681553890925539,0.03616804748658665,0.17432461379543115,4.294697603791182,BALANCE,1,-7.171184331204689e-06
0.758,0.03490658503988659,0.0,0.035281558121369745,0.03585777620876073,-0.15513563891295795,3.564679759558648,BALANCE,1,-7.171184331204689e-06
0.76,0.03490658503988659,0.0,0.03681553890925539,0.03619299315393386,0.16760847258656328,0.9103814612219803,BALANCE,1,-7.171184331204689e-06
0.762,0.03490658503988659,0.0,0.03834951969714103,0.03694777744405637,0.37739214506125535,3.5124473699285375,BALANCE,1,-7.171184331204689e-06
0.764,0.03490658503988659,0.0,0.0337475773334841,0.035827707405356075,-0.5600350193501469,5.236003807133425,BALANCE,1,-7.171184331204689e-06
0.766,0.03490658503988659,0.0,0.035281558121369745,0.03563655515596086,-0.0955761246976064,-2.3306177104798107,BALANCE,1,-7.171184331204689e-06
0.768,0.03490658503988659,0.0,0.0337475773334841,0.034975412918093994,-0.33057111893343427,1.3735843117768005,BALANCE,1,-7.171184331204689e-06
0.77,0.03490658503988659,0.0,0.03681553890925539,0.03561945701500048,0.32202204845324306,-0.5460441763818347,BALANCE,1,-7.171184331204689e-06
0.772,0.03490658503988659,0.0,0.035281558121369745,0.03550119240222972,-0.05913230638537881,4.713343808525973,BALANCE,1,-7.171184331204689e-06
0.774,0.03490658503988659,0.0,0.03681553890925539,0.03596121367968871,0.23001063872949215,1.657013093050753,BALANCE,1,-7.171184331204689e-06
0.776,0.03490658503988659,0.0,0.0337475773334841,0.0351864409585171,-0.3873863605858042,3.9977579306172597,BALANCE,1,-7.171184331204689e-06
0.778,0.03490658503988659,0.0,0.032213596545598466,0.03414594541399558,-0.5202477722607602,-0.9879044271754078,BALANCE,1,-7.171184331204689e-06
0.78,0.03490658503988659,0.0,0.0337475773334841,0.03400651658581656,-0.06971441408950771,-2.1132254532463475,BALANCE,1,-7.171184331204689e-06
0.782,0.03490658503988659,0.0,0.035281558121369745,0.034452781123260175,0.2231322687218061,1.4826756824329321,BALANCE,1,-7.171184331204689e-06
0.784,0.03490658503988659,0.0,0.0337475773334841,0.03420595979683855,-0.12341066321081354,3.852225017170059,BALANCE,1,-7.171184331204689e-06
0.786,0.03490658503988659,0.0,0.035281558121369745,0.034582419210424466,0.18822970679295906,1.0650722821238048,BALANCE,1,-7.171184331204689e-06
0.788,0.03490658503988659,0.0,0.0337475773334841,0.03429022455349534,-0.1460973284645624,3.5807828069691405,BALANCE,1,-7.171184331204689e-06
0.79,0.03490658503988659,0.0,0.03681553890925539,0.035174084578011355,0.4419300122580072,0.8886348454932216,BALANCE,1,-7.171184331204689e-06
0.792,0.03490658503988659,0.0,0.03681553890925539,0.03574859359394677,0.28725450796770674,5.645885172744739,BALANCE,1,-7.171184331204689e-06
0.794,0.03490658503988659,0.0,0.032213596545598466,0.03451134462702486,-0.6186244834609534,4.44295167937846,BALANCE,1,-7.171184331204689e-06
0.796,0.03490658503988659,0.0,0.035281558121369745,0.03478091935004557,0.1347873615103537,-2.878315190066136,BALANCE,1,-7.171184331204689e-06
0.798,0.03490658503988659,0.0,0.035281558121369745,0.03495614292000903,0.08761178498173025,3.1651540530855637,BALANCE,1,-7.171184331204689e-06
0.8,0.03490658503988659,0.0,0.0337475773334841,0.03453314496472531,-0.21149897764186076,2.798262855054384,BALANCE,1,-7.171184331204689e-06
0.802,0.03490658503988659,0.0,0.03681553890925539,0.03533198284531083,0.39941894029276237,0.3799968767486326,BALANCE,1,-7.171184331204689e-06
0.804,0.03490658503988659,0.0,0.0337475773334841,0.03477744091617148,-0.2772709645696772,5.3152704930607495,BALANCE,1,-7.171184331204689e-06
0.806,0.03490658503988659,0.0,0.035281558121369745,0.03495388193799087,0.08822051090969646,-0.13152126158712907,BALANCE,1,-7.171184331204689e-06
0.808,0.03490658503988659,0.0,0.03681553890925539,0.03560546187793345,0.3257899699712907,2.802997003557024,BALANCE,1,-7.171184331204689e-06
0.81,0.03490658503988659,0.0,0.035281558121369745,0.03549209556313616,-0.056683157398648015,4.742647472446333,BALANCE,1,-7.171184331204689e-06
0.812,0.03490658503988659,0.0,0.03681553890925539,0.03595530073427789,0.231602585570867,1.6760604745989853,BALANCE,1,-7.171184331204689e-06
0.8140000000000001,0.03490658503988659,0.0,0.03681553890925539,0.03625638409552002,0.15054168062106354,4.010138728623609,BALANCE,1,-7.171184331204689e-06
0.8160000000000001,0.03490658503988659,0.0,0.035281558121369745,0.03591519500456742,-0.17059454547629915,3.3797164906997095,BALANCE,1,-7.171184331204689e-06
0.8180000000000001,0.03490658503988659,0.0,0.0337475773334841,0.03515652881968826,-0.37933309243957936,0.790155336463652,BALANCE,1,-7.171184331204689e-06
0.8200000000000001,0.03490658503988659,0.0,0.035281558121369745,0.03520028907527678,0.021880127794259713,-0.925273010335339,BALANCE,1,-7.171184331204689e-06
0.8220000000000001,0.03490658503988659,0.0,0.035281558121369745,0.03522873324140932,0.014222083066270375,2.287058366870685,BALANCE,1,-7.171184331204689e-06
0.8240000000000001,0.03490658503988659,0.0,0.0337475773334841,0.03471032867363549,-0.259202283886914,2.2275006590147224,BALANCE,1,-7.171184331204689e-06
0.8260000000000001,0.03490658503988659,0.0,0.035281558121369745,0.03491025898034248,0.09996515335349357,0.009001449322817656,BALANCE,1,-7.171184331204689e-06
0.8280000000000001,0.03490658503988659,0.0,0.035281558121369745,0.035040213679702024,0.06497734967977203,2.8943367656484975,BALANCE,1,-7.171184331204689e-06
0.8300000000000001,0.03490658503988659,0.0,0.035281558121369745,0.035124684234285726,0.04223527729185078,2.622231618220298,BALANCE,1,-7.171184331204689e-06
0.8320000000000001,0.03490658503988659,0.0,0.0337475773334841,0.034642696819005156,-0.24099370764028502,2.44536327239195,BALANCE,1,-7.171184331204689e-06
0.834,0.03490658503988659,0.0,0.03681553890925539,0.03540319155059274,0.3802473657937913,0.15061214801802936,BALANCE,1,-7.171184331204689e-06
0.836,0.03490658503988659,0.0,0.035281558121369745,0.03536061985036469,-0.021285850114023674,5.166170419385894,BALANCE,1,-7.171184331204689e-06
0.838,0.03490658503988659,0.0,0.032213596545598466,0.03425916169369651,-0.550729078334089,1.9513503901096922,BALANCE,1,-7.171184331204689e-06
0.84,0.03490658503988659,0.0,0.032213596545598466,0.0335432138918622,-0.35797390091715786,-2.350282925050921,BALANCE,1,-7.171184331204689e-06
0.842,0.03490658503988659,0.0,0.035281558121369745,0.03415163437218984,0.30421024016382203,-0.8511983738255311,BALANCE,1,-7.171184331204689e-06
0.844,0.03490658503988659,0.0,0.035281558121369745,0.034547107684402806,0.19773665610648208,4.482779983641967,BALANCE,1,-7.171184331204689e-06
0.846,0.03490658503988659,0.0,0.0337475773334841,0.03426727206158126,-0.13991781141077173,3.6547197099160247,BALANCE,1,-7.171184331204689e-06
0.848,0.03490658503988659,0.0,0.035281558121369745,0.034622272182507234,0.1775000604629859,0.9366938324087017,BALANCE,1,-7.171184331204689e-06
0.85,0.03490658503988659,0.0,0.035281558121369745,0.03485302226110911,0.1153750393009384,3.497336814654321,BALANCE,1,-7.171184331204689e-06
0.852,0.03490658503988659,0.0,0.0337475773334841,0.034466116536440355,-0.19345286233437772,3.014181650074054,BALANCE,1,-7.171184331204689e-06
0.854,0.03490658503988659,0.0,0.030679615757712823,0.033140841263885716,-0.6626376362773196,0.5203440935113994,BALANCE,1,-7.171184331204689e-06
0.856,0.03490658503988659,0.0,0.0337475773334841,0.03335319888824515,0.10617881217971775,-3.312650614385414,BALANCE,1,-7.171184331204689e-06
0.858,0.03490658503988659,0.0,0.035281558121369745,0.03402812461983876,0.33746286579680246,2.850622430732451,BALANCE,1,-7.171184331204689e-06
0.86,0.03490658503988659,0.0,0.035281558121369745,0.0344668263453746,0.21935086276792318,4.741390403564745,BALANCE,1,-7.171184331204689e-06
0.862,0.03490658503988659,0.0,0.03681553890925539,0.03528887574273288,0.41102469867913827,3.8228164828658615,BALANCE,1,-7.171184331204689e-06
0.864,0.03490658503988659,0.0,0.03681553890925539,0.03582320785101576,0.26716605414144057,5.405530133997079,BALANCE,1,-7.171184331204689e-06
0.866,0.03490658503988659,0.0,0.035281558121369745,0.03563363044563966,-0.094788702688052,4.28672090419247,BALANCE,1,-7.171184331204689e-06
0.868,0.03490658503988659,0.0,0.03681553890925539,0.03604729840790516,0.20683398113275145,1.3797082052339635,BALANCE,1,-7.171184331204689e-06
0.87,0.03490658503988659,0.0,0.03834951969714103,0.03685307585913771,0.4028887256162759,3.8175097535363207,BALANCE,1,-7.171184331204689e-06
0.872,0.03490658503988659,0.0,0.0337475773334841,0.03576615137515895,-0.5434622419893814,5.43429435647847,BALANCE,1,-7.171184331204689e-06
0.874,0.03490658503988659,0.0,0.0337475773334841,0.03505965046057275,-0.3532504572930986,-2.2017288534055144,BALANCE,1,-7.171184331204689e-06
0.876,0.03490658503988659,0.0,0.03681553890925539,0.03567421141761167,0.3072804785194602,-0.7224246307104241,BALANCE,1,-7.171184331204689e-06
0.878,0.03490658503988659,0.0,0.03681553890925539,0.036073676039686975,0.19973231103765157,4.598696513212382,BALANCE,1,-7.171184331204689e-06
0.88,0.03490658503988659,0.0,0.03681553890925539,0.03633332804403592,0.12982600217447196,3.762279050682431,BALANCE,1,-7.171184331204689e-06
0.882,0.03490658503988659,0.0,0.035281558121369745,0.03596520857110276,-0.184059736466579,3.218607700037931,BALANCE,1,-7.171184331204689e-06
0.884,0.03490658503988659,0.0,0.03681553890925539,0.03626282418945618,0.14880780917670908,0.6854346225335337,BALANCE,1,-7.171184331204689e-06
0.886,0.03490658503988659,0.0,0.03681553890925539,0.0364562743413859,0.09672507596486177,3.3662319247810437,BALANCE,1,-7.171184331204689e-06
0.888,0.03490658503988659,0.0,0.0337475773334841,0.03550823038862027,-0.4740219763828164,2.9611770682020486,BALANCE,1,-7.171184331204689e-06
0.89,0.03490658503988659,0.0,0.035281558121369745,0.03542889509508258,-0.03966764676884352,-1.661681987745315,BALANCE,1,-7.171184331204689e-06
0.892,0.03490658503988659,0.0,0.03834951969714103,0.03645111370580304,0.5111093053602294,1.8083925315542067,BALANCE,1,-7.171184331204689e-06
0.894,0.03490658503988659,0.0,0.03681553890925539,0.03657866252701136,0.06377441060416086,6.275941265230017,BALANCE,1,-7.171184331204689e-06
0.896,0.03490658503988659,0.0,0.035281558121369745,0.0361246759850368,-0.22699327098728295,2.7049150364539685,BALANCE,1,-7.171184331204689e-06
0.898,0.03490658503988659,0.0,0.0337475773334841,0.035292691456993354,-0.41599226402172157,0.35153439120394436,BALANCE,1,-7.171184331204689e-06
0.9,0.03490658503988659,0.0,0.03681553890925539,0.03582568806528506,0.26649830414585474,-1.2103766247541712,BALANCE,1,-7.171184331204689e-06
0.902,0.03490658503988659,0.0,0.035281558121369745,0.035635242584914704,-0.09522274018517948,4.281527717083941,BALANCE,1,-7.171184331204689e-06
0.904,0.03490658503988659,0.0,0.032213596545598466,0.034437666471154024,-0.5987880568803401,1.3763326336134465,BALANCE,1,-7.171184331204689e-06
0.906,0.03490658503988659,0.0,0.0337475773334841,0.03419613527296955,-0.120765599092236,-2.724044466773479,BALANCE,1,-7.171184331204689e-06
0.908,0.03490658503988659,0.0,0.03681553890925539,0.035112926545669595,0.4583956363500216,1.085643323640285,BALANCE,1,-7.171184331204689e-06
0.91,0.03490658503988659,0.0,0.0337475773334841,0.03463505432140467,-0.23893611213246166,5.773940683540349,BALANCE,1,-7.171184331204689e-06
0.912,0.03490658503988659,0.0,0.03681553890925539,0.035398223927152424,0.3815848028738758,0.16661436222458703,BALANCE,1,-7.171184331204689e-06
0.914,0.03490658503988659,0.0,0.0337475773334841,0.034820497619368514,-0.28886315389195505,5.176571858620152,BALANCE,1,-7.171184331204689e-06
0.916,0.03490658503988659,0.0,0.035281558121369745,0.03498186879506895,0.0806855878502169,-0.22167537397352977,BALANCE,1,-7.171184331204689e-06
0.918,0.03490658503988659,0.0,0.035281558121369745,0.035086760059274226,0.05244563210263925,2.744396830505872,BALANCE,1,-7.171184331204689e-06
0.92,0.03490658503988659,0.0,0.032213596545598466,0.03408115282948771,-0.5028036148932574,2.5247706603775675,BALANCE,1,-7.171184331204689e-06
0.922,0.03490658503988659,0.0,0.035281558121369745,0.03450129468164642,0.21007092607935526,-1.977559749376797,BALANCE,1,-7.171184331204689e-06
0.924,0.03490658503988659,0.0,0.032213596545598466,0.033700600334029635,-0.4003471738083936,3.750645089533627,BALANCE,1,-7.171184331204689e-06
0.926,0.03490658503988659,0.0,0.035281558121369745,0.03425393555959867,0.27666761278451885,-1.1807413704253706,BALANCE,1,-7.171184331204689e-06
0.928,0.03490658503988659,0.0,0.03681553890925539,0.03515049673197852,0.4482805861899253,4.268577035852071,BALANCE,1,-7.171184331204689e-06
0.93,0.03490658503988659,0.0,0.0337475773334841,0.03465947494250547,-0.24551089473652532,5.695274493438113,BALANCE,1,-7.171184331204689e-06
0.932,0.03490658503988659,0.0,0.035281558121369745,0.03487720405510797,0.1088645563012483,0.11548133865812593,BALANCE,1,-7.171184331204689e-06
0.934,0.03490658503988659,0.0,0.035281558121369745,0.035018727978299594,0.07076196159581244,2.9635486937164646,BALANCE,1,-7.171184331204689e-06
0.936,0.03490658503988659,0.0,0.03681553890925539,0.03564761180413412,0.3144419129172647,2.667219371464475,BALANCE,1,-7.171184331204689e-06
0.9380000000000001,0.03490658503988659,0.0,0.035281558121369745,0.03551949301516659,-0.06405939448376682,4.654392011586165,BALANCE,1,-7.171184331204689e-06
0.9400000000000001,0.03490658503988659,0.0,0.03681553890925539,0.03597310907809767,0.22680803146554046,1.618694425039861,BALANCE,1,-7.171184331204689e-06
0.9420000000000001,0.03490658503988659,0.0,0.035281558121369745,0.0357310662432429,-0.12102141742738673,3.972850796410184,BALANCE,1,-7.171184331204689e-06
0.9440000000000001,0.03490658503988659,0.0,0.0337475773334841,0.03503684512482732,-0.3471105592077889,1.1756926351754802,BALANCE,1,-7.171184331204689e-06
0.9460000000000001,0.03490658503988659,0.0,0.0337475773334841,0.03458560139785719,-0.22562186348506347,-0.6746737661726718,BALANCE,1,-7.171184331204689e-06
0.9480000000000001,0.03490658503988659,0.0,0.032213596545598466,0.03375539969956664,-0.4151008491452765,0.27016117599092393,BALANCE,1,-7.171184331204689e-06
0.9500000000000001,0.03490658503988659,0.0,0.0337475773334841,0.03375266187143775,-0.0013689140644437825,-1.2954828111882137,BALANCE,1,-7.171184331204689e-06
0.9520000000000001,0.03490658503988659,0.0,0.035281558121369745,0.03428777555891395,0.26755684373809885,2.0142083997707148,BALANCE,1,-7.171184331204689e-06
0.9540000000000001,0.03490658503988659,0.0,0.035281558121369745,0.03463559945577348,0.1739119484297641,4.197721283439628,BALANCE,1,-7.171184331204689e-06
0.9560000000000001,0.03490658503988659,0.0,0.035281558121369745,0.03486168498873217,0.11304276647934597,3.4694315547845216,BALANCE,1,-7.171184331204689e-06
0.9580000000000001,0.03490658503988659,0.0,0.032213596545598466,0.03393485403363537,-0.4634154775483984,2.9960432311586978,BALANCE,1,-7.171184331204689e-06
0.96,0.03490658503988659,0.0,0.0337475773334841,0.03386930718858243,-0.032773422526471974,-1.671232578369065,BALANCE,1,-7.171184331204689e-06
0.962,0.03490658503988659,0.0,0.035281558121369745,0.034363595015057986,0.24714391323777882,1.76997105110317,BALANCE,1,-7.171184331204689e-06
0.964,0.03490658503988659,0.0,0.035281558121369745,0.034684882102267105,0.16064354360455918,4.038967006805709,BALANCE,1,-7.171184331204689e-06
0.966,0.03490658503988659,0.0,0.030679615757712823,0.033283038881673103,-0.7009216102970006,3.3662412749725,BALANCE,1,-7.171184331204689e-06
0.968,0.03490658503988659,0.0,0.0337475773334841,0.03344562733980695,0.08129422906692427,-3.6103905494756185,BALANCE,1,-7.171184331204689e-06
0.97,0.03490658503988659,0.0,0.0337475773334841,0.033551309837593954,0.05284124889350095,2.6570914729238115,BALANCE,1,-7.171184331204689e-06
0.972,0.03490658503988659,0.0,0.035281558121369745,0.03415689673691548,0.3027934496607626,2.435808581403645,BALANCE,1,-7.171184331204689e-06
0.974,0.03490658503988659,0.0,0.03681553890925539,0.03508742149723445,0.46526238015948473,4.47176140150103,BALANCE,1,-7.171184331204689e-06
0.976,0.03490658503988659,0.0,0.03681553890925539,0.03569226259144178,0.3024205471036656,5.827344331109945,BALANCE,1,-7.171184331204689e-06
0.978,0.03490658503988659,0.0,0.0337475773334841,0.035011622751156594,-0.3403199201425927,4.560900132315831,BALANCE,1,-7.171184331204689e-06
0.98,0.03490658503988659,0.0,0.03834951969714103,0.036179886682251146,0.5841319655472756,-0.6218619960713458,BALANCE,1,-7.171184331204689e-06
0.982,0.03490658503988659,0.0,0.03681553890925539,0.036402364961702634,0.11123913972574395,6.843848925313274,BALANCE,1,-7.171184331204689e-06
0.984,0.03490658503988659,0.0,0.03681553890925539,0.0365469758433461,0.07230544082173149,3.0740550155081094,BALANCE,1,-7.171184331204689e-06
0.986,0.03490658503988659,0.0,0.032213596545598466,0.035030293089134426,-0.7583413771058353,2.771262077174618,BALANCE,1,-7.171184331204689e-06
0.988,0.03490658503988659,0.0,0.035281558121369745,0.03511823585041679,0.043971380641182056,-3.9649134314986165,BALANCE,1,-7.171184331204689e-06
0.99,0.03490658503988659,0.0,0.035281558121369745,0.03517539864525032,0.028581397416765908,2.458865196154464,BALANCE,1,-7.171184331204689e-06
0.992,0.03490658503988659,0.0,0.0337475773334841,0.03467566118613215,-0.24986872955908707,2.3391750980491466,BALANCE,1,-7.171184331204689e-06
0.994,0.03490658503988659,0.0,0.03681553890925539,0.03542461838922528,0.37447860154656704,0.08158983469523218,BALANCE,1,-7.171184331204689e-06
0.996,0.03490658503988659,0.0,0.035281558121369745,0.035374547295475844,-0.02503554687471876,5.121305915726053,BALANCE,1,-7.171184331204689e-06
0.998,0.03490658503988659,0.0,0.035281558121369745,0.03534200108453871,-0.016273105468568583,1.9221884627308006,BALANCE,1,-7.171184331204689e-06
1.0,0.03490658503988659,0.0,0.035281558121369745,0.03532084604742957,-0.010577518554568538,1.990335221323774,BALANCE,1,-7.171184331204689e-06
1.002,0.03490658503988659,0.0,0.0337475773334841,0.034770201997548655,-0.2753220249404574,2.0346306144092257,BALANCE,1,-7.171184331204689e-06
1.004,0.03490658503988659,0.0,0.032213596545598466,0.03387539008936609,-0.4474059540912831,-0.1163640796707397,BALANCE,1,-7.171184331204689e-06
1.006,0.03490658503988659,0.0,0.0337475773334841,0.033830655624807394,-0.022367232279347365,-1.5467242273682995,BALANCE,1,-7.171184331204689e-06
1.008,0.03490658503988659,0.0,0.032213596545598466,0.03326468494708427,-0.2829853388615633,1.8509014792536649,BALANCE,1,-7.171184331204689e-06
1.01,0.03490658503988659,0.0,0.0337475773334841,0.03343369728232421,0.08450616761997154,-0.2680016140674504,BALANCE,1,-7.171184331204689e-06
1.012,0.03490658503988659,0.0,0.03681553890925539,0.034617341851750125,0.5918222847129568,2.682071177899225,BALANCE,1,-7.171184331204689e-06
1.014,0.03490658503988659,0.0,0.035281558121369745,0.03484981754611699,0.11623784718343272,6.811618788808662,BALANCE,1,-7.171184331204689e-06
1.016,0.03490658503988659,0.0,0.035281558121369745,0.03500092674745545,0.07555460066923161,3.0208918302344814,BALANCE,1,-7.171184331204689e-06
1.018,0.03490658503988659,0.0,0.035281558121369745,0.03509914772832545,0.04911049043499968,2.70449241020118,BALANCE,1,-7.171184331204689e-06
1.02,0.03490658503988659,0.0,0.035281558121369745,0.035162991365890954,0.03192181878275066,2.4988327871795244,BALANCE,1,-7.171184331204689e-06
1.022,0.03490658503988659,0.0,0.035281558121369745,0.03520448973030853,0.020749182208786715,2.3651540322154627,BALANCE,1,-7.171184331204689e-06
1.024,0.03490658503988659,0.0,0.0337475773334841,0.03469457039141998,-0.25495966944427334,2.2782628414888055,BALANCE,1,-7.171184331204689e-06
1.026,0.03490658503988659,0.0,0.035281558121369745,0.034900016096902395,0.10272285274120704,0.041996867931012094,BALANCE,1,-7.171184331204689e-06
1.028,0.03490658503988659,0.0,0.03681553890925539,0.03557044908122594,0.3352164921617724,2.9157837877438,BALANCE,1,-7.171184331204689e-06
1.03,0.03490658503988659,0.0,0.0337475773334841,0.034932443969516294,-0.31900255585482273,4.8159588821677355,BALANCE,1,-7.171184331204689e-06
1.032,0.03490658503988659,0.0,0.0337475773334841,0.03451774064690503,-0.20735166130563323,-0.4560738086676044,BALANCE,1,-7.171184331204689e-06
1.034,0.03490658503988659,0.0,0.032213596545598466,0.03371129021144773,-0.4032252177286477,0.4122511483692357,BALANCE,1,-7.171184331204689e-06
1.036,0.03490658503988659,0.0,0.030679615757712823,0.03265020415264051,-0.5305430294036094,-1.2031243291423177,BALANCE,1,-7.171184331204689e-06
1.038,0.03490658503988659,0.0,0.035281558121369745,0.033571178041695744,0.46048694452761535,-2.2853319860704446,BALANCE,1,-7.171184331204689e-06
1.04,0.03490658503988659,0.0,0.0337475773334841,0.033632917793821666,0.0308698760629611,5.698166238722667,BALANCE,1,-7.171184331204689e-06
1.042,0.03490658503988659,0.0,0.03681553890925539,0.03474683518422347,0.5569586952009,2.2649340761329886,BALANCE,1,-7.171184331204689e-06
1.044,0.03490658503988659,0.0,0.03681553890925539,0.03547088148798464,0.3620231518805875,6.540479672660608,BALANCE,1,-7.171184331204689e-06
1.046,0.03490658503988659,0.0,0.035281558121369745,0.03540461830966943,-0.03313158915760686,5.024438104323778,BALANCE,1,-7.171184331204689e-06
1.048,0.03490658503988659,0.0,0.0337475773334841,0.03482465396800456,-0.28998217083243266,1.8592243853193107,BALANCE,1,-7.171184331204689e-06
1.05,0.03490658503988659,0.0,0.03681553890925539,0.03552146369744235,0.34840486471889376,-0.2303781285791877,BALANCE,1,-7.171184331204689e-06
1.052,0.03490658503988659,0.0,0.03681553890925539,0.035974390021576916,0.22646316206728287,4.9185267395976915,BALANCE,1,-7.171184331204689e-06
1.054,0.03490658503988659,0.0,0.0337475773334841,0.03519500558074443,-0.3896922204162413,3.970168697832878,BALANCE,1,-7.171184331204689e-06
1.056,0.03490658503988659,0.0,0.03681553890925539,0.035762192245723266,0.2835933324894166,-1.0058374284852643,BALANCE,1,-7.171184331204689e-06
1.058,0.03490658503988659,0.0,0.0337475773334841,0.03505707702643956,-0.35255760964185423,4.414478194658729,BALANCE,1,-7.171184331204689e-06
1.06,0.03490658503988659,0.0,0.035281558121369745,0.03513564540966512,0.03928419161278174,-0.7170362555484604,BALANCE,1,-7.171184331204689e-06
1.062,0.03490658503988659,0.0,0.0337475773334841,0.03464982158300176,-0.24291191333167955,2.4224122574821614,BALANCE,1,-7.171184331204689e-06
1.064,0.03490658503988659,0.0,0.03681553890925539,0.03540782264719053,0.3790005320943833,0.13569398832666923,BALANCE,1,-7.171184331204689e-06
1.066,0.03490658503988659,0.0,0.0337475773334841,0.03482673678739328,-0.2905429298986246,5.156473615586497,BALANCE,1,-7.171184331204689e-06
1.068,0.03490658503988659,0.0,0.03681553890925539,0.03552281753004502,0.3480403713258702,-0.23473923194540003,BALANCE,1,-7.171184331204689e-06
1.07,0.03490658503988659,0.0,0.0337475773334841,0.034901483461248696,-0.31066703439816196,4.9156920224096625,BALANCE,1,-7.171184331204689e-06
1.072,0.03490658503988659,0.0,0.035281558121369745,0.03503450959229106,0.06651306552118291,-0.39124726751037375,BALANCE,1,-7.171184331204689e-06
1.074,0.03490658503988659,0.0,0.032213596545598466,0.03404719002594865,-0.4936597831712054,2.634175099706927,BALANCE,1,-7.171184331204689e-06
1.076,0.03490658503988659,0.0,0.035281558121369745,0.03447921885934603,0.21601441669868993,-1.9064468638127243,BALANCE,1,-7.171184331204689e-06
1.078,0.03490658503988659,0.0,0.035281558121369745,0.03476003760105433,0.14040937085415053,3.7968684651502813,BALANCE,1,-7.171184331204689e-06
1.08,0.03490658503988659,0.0,0.03681553890925539,0.0354794630589247,0.35971272893518463,3.208877222896464,BALANCE,1,-7.171184331204689e-06
1.082,0.03490658503988659,0.0,0.035281558121369745,0.035410196330780463,-0.034633364072118866,5.006469615016959,BALANCE,1,-7.171184331204689e-06
1.084,0.03490658503988659,0.0,0.035281558121369745,0.035365172957486715,-0.02251168664687414,1.8475448672698769,BALANCE,1,-7.171184331204689e-06
1.086,0.03490658503988659,0.0,0.035281558121369745,0.03533590776484578,-0.014632596320469232,1.9418168842742096,BALANCE,1,-7.171184331204689e-06
1.088,0.03490658503988659,0.0,0.035281558121369745,0.03531688538962917,-0.009511187608304134,2.003093695326993,BALANCE,1,-7.171184331204689e-06
1.09,0.03490658503988659,0.0,0.035281558121369745,0.03530452084573837,-0.006182271945400636,2.042923622511317,BALANCE,1,-7.171184331204689e-06
1.092,0.03490658503988659,0.0,0.0337475773334841,0.03475959061644938,-0.2724651146444948,2.0688130751810974,BALANCE,1,-7.171184331204689e-06
1.094,0.03490658503988659,0.0,0.035281558121369745,0.0349422792431715,0.09134431336106294,-0.09414548016899582,BALANCE,1,-7.171184331204689e-06
1.096,0.03490658503988659,0.0,0.03681553890925539,0.035597920126300864,0.32782044156468015,2.827291261478794,BALANCE,1,-7.171184331204689e-06
1.098,0.03490658503988659,0.0,0.035281558121369745,0.03548719342457497,-0.05536335086294558,4.758438740095493,BALANCE,1,-7.171184331204689e-06
1.1,0.03490658503988659,0.0,0.0337475773334841,0.03487832779269317,-0.30443281594090194,1.6863247985709338,BALANCE,1,-7.171184331204689e-06
1.102,0.03490658503988659,0.0,0.03681553890925539,0.035556351683489945,0.3390119453983882,-0.3427628599656254,BALANCE,1,-7.171184331204689e-06
1.104,0.03490658503988659,0.0,0.0337475773334841,0.0349232806609879,-0.31653551125102386,4.845476664196502,BALANCE,1,-7.171184331204689e-06
1.106,0.03490658503988659,0.0,0.0337475773334841,0.03451178449636157,-0.20574808231316535,-0.4368872503489172,BALANCE,1,-7.171184331204689e-06
1.108,0.03490658503988659,0.0,0.03681553890925539,0.03531809854087441,0.40315702225642014,0.424722411276371,BALANCE,1,-7.171184331204689e-06
1.11,0.03490658503988659,0.0,0.0337475773334841,0.0347684161182878,-0.27484121129330363,5.344342090503826,BALANCE,1,-7.171184331204689e-06
1.112,0.03490658503988659,0.0,0.032213596545598466,0.033874229267846535,-0.4470934252206321,-0.11262472324916128,BALANCE,1,-7.171184331204689e-06
1.114,0.03490658503988659,0.0,0.0337475773334841,0.03382990109081968,-0.022164088513427355,-1.5442936456942649,BALANCE,1,-7.171184331204689e-06
1.116,0.03490658503988659,0.0,0.0337475773334841,0.03380108777575223,-0.014406657533726913,1.8524813573417622,BALANCE,1,-7.171184331204689e-06
1.118,0.03490658503988659,0.0,0.035281558121369745,0.03431925239671836,0.25908231048306707,1.9128120062753184,BALANCE,1,-7.171184331204689e-06
1.12,0.03490658503988659,0.0,0.035281558121369745,0.03465605940034634,0.16840350181399066,4.131813627667638,BALANCE,1,-7.171184331204689e-06
1.122,0.03490658503988659,0.0,0.0337475773334841,0.03433809067694456,-0.15898436170089236,3.426591578532706,BALANCE,1,-7.171184331204689e-06
1.124,0.03490658503988659,0.0,0.035281558121369745,0.03466830428249337,0.16510680277440765,0.7884105470095344,BALANCE,1,-7.171184331204689e-06
1.1260000000000001,0.03490658503988659,0.0,0.035281558121369745,0.0348829431261001,0.10731942180336462,3.4009526791448637,BALANCE,1,-7.171184331204689e-06
1.1280000000000001,0.03490658503988659,0.0,0.03681553890925539,0.03555935165020445,0.3382042620521733,2.9515319619929232,BALANCE,1,-7.171184331204689e-06
1.1300000000000001,0.03490658503988659,0.0,0.035281558121369745,0.035462123915112304,-0.04861386754607261,4.839195195429653,BALANCE,1,-7.171184331204689e-06
1.1320000000000001,0.03490658503988659,0.0,0.0337475773334841,0.034862032611542436,-0.3000456517849338,1.7388164945381575,BALANCE,1,-7.171184331204689e-06
1.1340000000000001,0.03490658503988659,0.0,0.032213596545598466,0.03393507998846205,-0.4634763115401938,-0.30864325758692424,BALANCE,1,-7.171184331204689e-06
1.1360000000000001,0.03490658503988659,0.0,0.030679615757712823,0.03279566750769982,-0.569706240381114,-1.6717056930138274,BALANCE,1,-7.171184331204689e-06
1.1380000000000001,0.03490658503988659,0.0,0.0337475773334841,0.03312883594672432,0.16658421951224953,-2.5899098725869223,BALANCE,1,-7.171184331204689e-06
1.1400000000000001,0.03490658503988659,0.0,0.035281558121369745,0.03388228870785022,0.37672638056295005,3.3204039129014555,BALANCE,1,-7.171184331204689e-06
1.1420000000000001,0.03490658503988659,0.0,0.03681553890925539,0.03490892627834203,0.5133187852459052,5.046748366974613,BALANCE,1,-7.171184331204689e-06
1.1440000000000001,0.03490658503988659,0.0,0.03681553890925539,0.0355762406991617,0.3336572104098365,6.2010858586677635,BALANCE,1,-7.171184331204689e-06
1.1460000000000001,0.03490658503988659,0.0,0.035281558121369745,0.03547310179693452,-0.051569451113592235,4.803832125228395,BALANCE,1,-7.171184331204689e-06
1.1480000000000001,0.03490658503988659,0.0,0.035281558121369745,0.03540606151048685,-0.03352014322383426,1.7158304989073332,BALANCE,1,-7.171184331204689e-06
1.1500000000000001,0.03490658503988659,0.0,0.0337475773334841,0.034825592048535886,-0.29023473097548186,1.8562025448385369,BALANCE,1,-7.171184331204689e-06
1.1520000000000001,0.03490658503988659,0.0,0.032213596545598466,0.033911393622507786,-0.4570992130140498,-0.2323423248917016,BALANCE,1,-7.171184331204689e-06
1.154,0.03490658503988659,0.0,0.035281558121369745,0.03439095119710947,0.2397787873008421,-1.6221100867619316,BALANCE,1,-7.171184331204689e-06
1.156,0.03490658503988659,0.0,0.035281558121369745,0.034702663620600566,0.15585621174554753,3.9816873702333053,BALANCE,1,-7.171184331204689e-06
1.158,0.03490658503988659,0.0,0.03681553890925539,0.03544216997162975,0.36975317551459286,3.329009511200414,BALANCE,1,-7.171184331204689e-06
1.16,0.03490658503988659,0.0,0.035281558121369745,0.03538595582403875,-0.028107073795500398,5.084555602414528,BALANCE,1,-7.171184331204689e-06
1.162,0.03490658503988659,0.0,0.0337475773334841,0.034812523352344624,-0.28671623584706346,1.8983007590783216,BALANCE,1,-7.171184331204689e-06
1.164,0.03490658503988659,0.0,0.0337475773334841,0.03443979224574344,-0.1863655533005902,-0.20497848563583032,BALANCE,1,-7.171184331204689e-06
1.166,0.03490658503988659,0.0,0.035281558121369745,0.03473441030221265,0.14730902823460387,0.5754631083398849,BALANCE,1,-7.171184331204689e-06
1.168,0.03490658503988659,0.0,0.035281558121369745,0.034925912038917636,0.09575086835249269,3.26253684400959,BALANCE,1,-7.171184331204689e-06
1.17,0.03490658503988659,0.0,0.035281558121369745,0.03505038816777587,0.06223806442911747,2.861561669155,BALANCE,1,-7.171184331204689e-06
1.172,0.03490658503988659,0.0,0.035281558121369745,0.03513129765153373,0.04045474187892861,2.6009278054994924,BALANCE,1,-7.171184331204689e-06
1.174,0.03490658503988659,0.0,0.03681553890925539,0.03572078209173631,0.294742220101292,2.4315157941234524,BALANCE,1,-7.171184331204689e-06
1.176,0.03490658503988659,0.0,0.0337475773334841,0.03503016042634804,-0.3453108326941373,4.501184686314515,BALANCE,1,-7.171184331204689e-06
1.178,0.03490658503988659,0.0,0.0337475773334841,0.03458125634384566,-0.22445204125118995,-0.660677035972216,BALANCE,1,-7.171184331204689e-06
1.18,0.03490658503988659,0.0,0.0337475773334841,0.034289468690219115,-0.14589382681327173,0.2792590506212198,BALANCE,1,-7.171184331204689e-06
1.182,0.03490658503988659,0.0,0.0337475773334841,0.03409980671536186,-0.09483098742862558,0.8902175069069731,BALANCE,1,-7.171184331204689e-06
1.184,0.03490658503988659,0.0,0.0337475773334841,0.033976526431704644,-0.06164014182860958,1.2873405034927072,BALANCE,1,-7.171184331204689e-06
1.186,0.03490658503988659,0.0,0.0337475773334841,0.033896394247327453,-0.04006609218859536,1.5454704512734019,BALANCE,1,-7.171184331204689e-06
1.188,0.03490658503988659,0.0,0.032213596545598466,0.03330741505172231,-0.2944895978025733,1.7132549173308842,BALANCE,1,-7.171184331204689e-06
1.19,0.03490658503988659,0.0,0.0337475773334841,0.03346147185033894,0.0770283993083154,-0.3574718793172478,BALANCE,1,-7.171184331204689e-06
1.192,0.03490658503988659,0.0,0.03681553890925539,0.034635395320959696,0.586961735310379,2.6239155054868593,BALANCE,1,-7.171184331204689e-06
1.194,0.03490658503988659,0.0,0.03681553890925539,0.03539844557686319,0.38152512795174703,6.773817601740614,BALANCE,1,-7.171184331204689e-06
1.196,0.03490658503988659,0.0,0.035281558121369745,0.035357534967440485,-0.020455304711352457,5.1761077582257675,BALANCE,1,-7.171184331204689e-06
1.198,0.03490658503988659,0.0,0.035281558121369745,0.03533094307131573,-0.013295948062378576,1.9578096603556097,BALANCE,1,-7.171184331204689e-06
1.2,0.03490658503988659,0.0,0.0337475773334841,0.03477676506307466,-0.27708900412053494,2.0134889997799155,BALANCE,1,-7.171184331204689e-06
1.202,0.03490658503988659,0.0,0.032213596545598466,0.03387965608195799,-0.44855449055833385,-0.13010612917980025,BALANCE,1,-7.171184331204689e-06
1.204,0.03490658503988659,0.0,0.035281558121369745,0.034370321795752105,0.24533285689705767,-1.5556565595491914,BALANCE,1,-7.171184331204689e-06
1.206,0.03490658503988659,0.0,0.035281558121369745,0.03468925450971828,0.15946635698308592,4.024882162921588,BALANCE,1,-7.171184331204689e-06
1.208,0.03490658503988659,0.0,0.035281558121369745,0.03489656077379629,0.10365313203900689,3.357086126447784,BALANCE,1,-7.171184331204689e-06
1.21,0.03490658503988659,0.0,0.03834951969714103,0.03610509639696695,0.6042678115853288,2.9230187027398324,BALANCE,1,-7.171184331204689e-06
1.212,0.03490658503988659,0.0,0.03834951969714103,0.036890644552027875,0.3927740775304632,7.000448276500648,BALANCE,1,-7.171184331204689e-06
1.214,0.03490658503988659,0.0,0.0337475773334841,0.03579057102553755,-0.5500367632451618,5.355631293365378,BALANCE,1,-7.171184331204689e-06
1.216,0.03490658503988659,0.0,0.035281558121369745,0.03561241650907882,-0.08907725822936488,-2.2528598444290413,BALANCE,1,-7.171184331204689e-06
1.218,0.03490658503988659,0.0,0.035281558121369745,0.035496616073380644,-0.05790021784908908,1.42412692470981,BALANCE,1,-7.171184331204689e-06
1.22,0.03490658503988659,0.0,0.03834951969714103,0.03649513234169678,0.499258134158069,1.666595221610126,BALANCE,1,-7.171184331204689e-06
1.222,0.03490658503988659,0.0,0.035281558121369745,0.03607038136458232,-0.21237548855723015,6.183773013766359,BALANCE,1,-7.171184331204689e-06
1.224,0.03490658503988659,0.0,0.03681553890925539,0.0363311865052179,0.13040257031778774,0.46521897341709817,BALANCE,1,-7.171184331204689e-06
1.226,0.03490658503988659,0.0,0.035281558121369745,0.03596381657087104,-0.18368496717342808,3.2230917528553755,BALANCE,1,-7.171184331204689e-06
1.228,0.03490658503988659,0.0,0.030679615757712823,0.03411434628626567,-0.9247351423026864,0.6883492568648379,BALANCE,1,-7.171184331204689e-06
1.23,0.03490658503988659,0.0,0.03681553890925539,0.03505976370431207,0.4727087090232,-5.351020361245551,BALANCE,1,-7.171184331204689e-06
1.232,0.03490658503988659,0.0,0.0337475773334841,0.03460049847452228,-0.2296326148948924,5.8852554944443245,BALANCE,1,-7.171184331204689e-06
1.234,0.03490658503988659,0.0,0.0337475773334841,0.03430197607515892,-0.14926119968168214,0.2389689893121978,BALANCE,1,-7.171184331204689e-06
1.236,0.03490658503988659,0.0,0.035281558121369745,0.03464482979133271,0.1714268580868955,0.8640289670560779,BALANCE,1,-7.171184331204689e-06
1.238,0.03490658503988659,0.0,0.03681553890925539,0.03540457798260565,0.37987409563646973,3.450104652175127,BALANCE,1,-7.171184331204689e-06
1.24,0.03490658503988659,0.0,0.035281558121369745,0.035361521031173085,-0.021528475716282164,5.163267444048097,BALANCE,1,-7.171184331204689e-06
1.242,0.03490658503988659,0.0,0.0337475773334841,0.03479664073698194,-0.2824401470955737,1.9494634561401278,BALANCE,1,-7.171184331204689e-06
1.244,0.03490658503988659,0.0,0.0337475773334841,0.034429468545757694,-0.18358609561212186,-0.17172273254567338,BALANCE,1,-7.171184331204689e-06
1.246,0.03490658503988659,0.0,0.03681553890925539,0.03526459317298189,0.4175623136120979,0.5970793478484868,BALANCE,1,-7.171184331204689e-06
1.248,0.03490658503988659,0.0,0.035281558121369745,0.03527053090491764,0.002968865967876294,5.456374099275696,BALANCE,1,-7.171184331204689e-06
1.25,0.03490658503988659,0.0,0.035281558121369745,0.03527439043067588,0.0019297628791187238,2.139982782038069,BALANCE,1,-7.171184331204689e-06
1.252,0.03490658503988659,0.0,0.0337475773334841,0.034740005846658754,-0.2671922920085626,2.1319015288735024,BALANCE,1,-7.171184331204689e-06
1.254,0.03490658503988659,0.0,0.035281558121369745,0.0349295491428076,0.09477164807442442,-0.053137985268975285,BALANCE,1,-7.171184331204689e-06
1.256,0.03490658503988659,0.0,0.0337475773334841,0.034515859009544375,-0.20684506663161406,2.853946133163851,BALANCE,1,-7.171184331204689e-06
1.258,0.03490658503988659,0.0,0.035281558121369745,0.034783853698683254,0.13399734456943924,0.41619100751975013,BALANCE,1,-7.171184331204689e-06
1.26,0.03490658503988659,0.0,0.035281558121369745,0.034958050246623525,0.0870982739701355,3.159009978476509,BALANCE,1,-7.171184331204689e-06
1.262,0.03490658503988659,0.0,0.035281558121369745,0.0350712780027847,0.056613878080587904,2.7942692065584955,BALANCE,1,-7.171184331204689e-06
1.264,0.03490658503988659,0.0,0.035281558121369745,0.035144876044289466,0.036799020752383005,2.5571877048117857,BALANCE,1,-7.171184331204689e-06
1.266,0.03490658503988659,0.0,0.03681553890925539,0.03572960804702754,0.29236600136903557,2.403084728676432,BALANCE,1,-7.171184331204689e-06
1.268,0.03490658503988659,0.0,0.035281558121369745,0.03557279057304731,-0.07840873699011333,4.482704493773937,BALANCE,1,-7.171184331204689e-06
1.27,0.03490658503988659,0.0,0.03681553890925539,0.036007752490720135,0.2174809588364121,1.507097538461932,BALANCE,1,-7.171184331204689e-06
1.272,0.03490658503988659,0.0,0.035281558121369745,0.035753584461447496,-0.12708401463631946,3.900312820134505,BALANCE,1,-7.171184331204689e-06
1.274,0.03490658503988659,0.0,0.0337475773334841,0.03505148196666031,-0.3510512473935932,1.128542950596294,BALANCE,1,-7.171184331204689e-06
1.276,0.03490658503988659,0.0,0.035281558121369745,0.03513200862080861,0.0402633270741512,-0.7053210611491272,BALANCE,1,-7.171184331204689e-06
1.278,0.03490658503988659,0.0,0.035281558121369745,0.03518435094600501,0.02617116259819724,2.4300271338417265,BALANCE,1,-7.171184331204689e-06
1.28,0.03490658503988659,0.0,0.0337475773334841,0.03468148018162269,-0.2514353821911584,2.3204303575458782,BALANCE,1,-7.171184331204689e-06
1.282,0.03490658503988659,0.0,0.035281558121369745,0.03489150746053416,0.10501363945573591,0.06940575336809429,BALANCE,1,-7.171184331204689e-06
1.284,0.03490658503988659,0.0,0.035281558121369745,0.035028025191826614,0.06825886564622644,2.9335995632779372,BALANCE,1,-7.171184331204689e-06
1.286,0.03490658503988659,0.0,0.03681553890925539,0.035653654992926685,0.31281490055003536,2.6477524366794087,BALANCE,1,-7.171184331204689e-06
1.288,0.03490658503988659,0.0,0.035281558121369745,0.03552342108788176,-0.06511695252246416,4.641738503975883,BALANCE,1,-7.171184331204689e-06
1.29,0.03490658503988659,0.0,0.0337475773334841,0.03490187577384258,-0.31077265701958884,1.6104696450931921,BALANCE,1,-7.171184331204689e-06
1.292,0.03490658503988659,0.0,0.03681553890925539,0.03557165787123706,0.334891048697241,-0.39206870972615615,BALANCE,1,-7.171184331204689e-06
1.294,0.03490658503988659,0.0,0.0337475773334841,0.03493322968302352,-0.3192140941067692,4.813427861852151,BALANCE,1,-7.171184331204689e-06
1.296,0.03490658503988659,0.0,0.0337475773334841,0.034518251360684725,-0.20748916116939894,-0.45771897187274213,BALANCE,1,-7.171184331204689e-06
1.298,0.03490658503988659,0.0,0.035281558121369745,0.03478540872692448,0.1335786831198789,0.4111817922858918,BALANCE,1,-7.171184331204689e-06
1.3,0.03490658503988659,0.0,0.0337475773334841,0.03442216773922035,-0.18162049385206727,3.1557539885745003,BALANCE,1,-7.171184331204689e-06
1.302,0.03490658503988659,0.0,0.035281558121369745,0.03472295437297264,0.15039331687614552,0.6123661135366827,BALANCE,1,-7.171184331204689e-06
1.304,0.03490658503988659,0.0,0.0337475773334841,0.03438157240915165,-0.170690981910495,3.286523797387522,BALANCE,1,-7.171184331204689e-06
1.306,0.03490658503988659,0.0,0.0337475773334841,0.03415967413266801,-0.11094913824181984,0.697366489265139,BALANCE,1,-7.171184331204689e-06
1.308,0.03490658503988659,0.0,0.03681553890925539,0.03508922680447359,0.46477633590279177,1.161987342025522,BALANCE,1,-7.171184331204689e-06
1.31,0.03490658503988659,0.0,0.035281558121369745,0.035156542765387246,0.033657980456826275,5.823564295490749,BALANCE,1,-7.171184331204689e-06
1.312,0.03490658503988659,0.0,0.0337475773334841,0.03466340486422115,-0.24656895058304887,2.378656409577845,BALANCE,1,-7.171184331204689e-06
1.314,0.03490658503988659,0.0,0.0337475773334841,0.03434286522846318,-0.16026981787898437,0.10725268718887793,BALANCE,1,-7.171184331204689e-06
1.316,0.03490658503988659,0.0,0.0337475773334841,0.034134514465220506,-0.10417538162133672,0.7784133706759158,BALANCE,1,-7.171184331204689e-06
1.318,0.03490658503988659,0.0,0.035281558121369745,0.03453597974487274,0.20073263982611778,1.2146678149425365,BALANCE,1,-7.171184331204689e-06
1.32,0.03490658503988659,0.0,0.035281558121369745,0.03479693217664669,0.13047621588697586,3.6780199033013066,BALANCE,1,-7.171184331204689e-06
1.322,0.03490658503988659,0.0,0.03681553890925539,0.03550344453305974,0.35325617820652216,3.1316256576946087,BALANCE,1,-7.171184331204689e-06
1.324,0.03490658503988659,0.0,0.03681553890925539,0.035962677564728214,0.22961651583423837,4.9562560976357615,BALANCE,1,-7.171184331204689e-06
1.326,0.03490658503988659,0.0,0.035281558121369745,0.03572428575955275,-0.11919590258773274,3.9946927805575996,BALANCE,1,-7.171184331204689e-06
1.328,0.03490658503988659,0.0,0.0337475773334841,0.035032437810428724,-0.3459239745620124,1.1898899248713029,BALANCE,1,-7.171184331204689e-06
1.33,0.03490658503988659,0.0,0.032213596545598466,0.03404584336773813,-0.4932972213452964,-0.6654455278703759,BALANCE,1,-7.171184331204689e-06
1.332,0.03490658503988659,0.0,0.035281558121369745,0.03447834353150919,0.21625008188553077,-1.9036271686980832,BALANCE,1,-7.171184331204689e-06
1.334,0.03490658503988659,0.0,0.0337475773334841,0.034222575362200414,-0.12788408465438938,3.7987012669747973,BALANCE,1,-7.171184331204689e-06
1.336,0.03490658503988659,0.0,0.035281558121369745,0.03459321932790968,0.1853219828546332,1.0302818444969097,BALANCE,1,-7.171184331204689e-06
1.338,0.03490658503988659,0.0,0.035281558121369745,0.034834137905620705,0.12045928885551227,3.5581690225116462,BALANCE,1,-7.171184331204689e-06
1.34,0.03490658503988659,0.0,0.035281558121369745,0.03499073498113287,0.07829853775608367,3.0537225851813403,BALANCE,1,-7.171184331204689e-06
1.342,0.03490658503988659,0.0,0.03834951969714103,0.03616630963173573,0.5877873253014275,2.7258324009166417,BALANCE,1,-7.171184331204689e-06
1.344,0.03490658503988659,0.0,0.032213596545598466,0.034782860051587684,-0.6917247900740213,6.872277180315564,BALANCE,1,-7.171184331204689e-06
1.346,0.03490658503988659,0.0,0.0337475773334841,0.03442051110025143,-0.18117447566812564,-3.4468267174969096,BALANCE,1,-7.171184331204689e-06
1.348,0.03490658503988659,0.0,0.03834951969714103,0.035795664109162795,0.6875765044556809,0.6158348606700808,BALANCE,1,-7.171184331204689e-06
1.35,0.03490658503988659,0.0,0.0337475773334841,0.03507883373767525,-0.35841518574377185,7.648351882195215,BALANCE,1,-7.171184331204689e-06
1.352,0.03490658503988659,0.0,0.035281558121369745,0.035149787271968325,0.03547676714653683,-0.7625914616896599,BALANCE,1,-7.171184331204689e-06
1.354,0.03490658503988659,0.0,0.035281558121369745,0.03519590706925882,0.02305989864524738,2.3928013734903937,BALANCE,1,-7.171184331204689e-06
1.356,0.03490658503988659,0.0,0.0337475773334841,0.03468899166173767,-0.2534577037605762,2.2962336133175083,BALANCE,1,-7.171184331204689e-06
1.358,0.03490658503988659,0.0,0.030679615757712823,0.03328571009532897,-0.7016407832043485,0.05367786961965049,BALANCE,1,-7.171184331204689e-06
1.36,0.03490658503988659,0.0,0.035281558121369745,0.03398425690444324,0.34927340455713496,-3.61598365991505,BALANCE,1,-7.171184331204689e-06
1.362,0.03490658503988659,0.0,0.0337475773334841,0.03390141905460754,-0.04141892491784857,4.833242650723674,BALANCE,1,-7.171184331204689e-06
1.364,0.03490658503988659,0.0,0.0337475773334841,0.03384757445221434,-0.02692230119660105,1.702733743933664,BALANCE,1,-7.171184331204689e-06
1.366,0.03490658503988659,0.0,0.035281558121369745,0.03434946873641873,0.25094714210219593,1.8154760575600521,BALANCE,1,-7.171184331204689e-06
1.368,0.03490658503988659,0.0,0.035281558121369745,0.034675700021151584,0.1631156423664258,4.068545261002692,BALANCE,1,-7.171184331204689e-06
1.37,0.03490658503988659,0.0,0.0337475773334841,0.034350857080467964,-0.16242147034181004,3.385467140200501,BALANCE,1,-7.171184331204689e-06
1.372,0.03490658503988659,0.0,0.035281558121369745,0.034676602444783586,0.1628726821578108,0.7616796620935977,BALANCE,1,-7.171184331204689e-06
1.374,0.03490658503988659,0.0,0.035281558121369745,0.03488833693158874,0.10586724340257841,3.383577603949502,BALANCE,1,-7.171184331204689e-06
1.3760000000000001,0.03490658503988659,0.0,0.0337475773334841,0.03448907107225212,-0.19963292966831275,2.9402381631159518,BALANCE,1,-7.171184331204689e-06
1.3780000000000001,0.03490658503988659,0.0,0.0337475773334841,0.03422954826368331,-0.12976140428440364,0.47228082698862517,BALANCE,1,-7.171184331204689e-06
1.3800000000000001,0.03490658503988659,0.0,0.035281558121369745,0.03459775171387356,0.18410172509512532,1.0156816615457696,BALANCE,1,-7.171184331204689e-06
1.3820000000000001,0.03490658503988659,0.0,0.032213596545598466,0.03376329740497728,-0.41722715444814096,3.548678903593416,BALANCE,1,-7.171184331204689e-06
1.3840000000000001,0.03490658503988659,0.0,0.0337475773334841,0.033757795379954665,-0.0027510125113067163,-1.312019391286491,BALANCE,1,-7.171184331204689e-06
1.3860000000000001,0.03490658503988659,0.0,0.0337475773334841,0.033754219063689965,-0.0017881581323500595,2.003459622706826,BALANCE,1,-7.171184331204689e-06
1.3880000000000001,0.03490658503988659,0.0,0.0337475773334841,0.033751894458117916,-0.0011623027860244162,2.0109478787625976,BALANCE,1,-7.171184331204689e-06
1.3900000000000001,0.03490658503988659,0.0,0.03834951969714103,0.035361063291776004,0.804584416829044,2.01581524519888,BALANCE,1,-7.171184331204689e-06
1.3920000000000001,0.03490658503988659,0.0,0.03681553890925539,0.03587012975789379,0.25453323305889286,8.558339132138912,BALANCE,1,-7.171184331204689e-06
1.3940000000000001,0.03490658503988659,0.0,0.0337475773334841,0.0351272364093504,-0.371446674271695,4.18847364994477,BALANCE,1,-7.171184331204689e-06
1.3960000000000001,0.03490658503988659,0.0,0.0337475773334841,0.03464435573279719,-0.24144033827660366,-0.863939209612536,BALANCE,1,-7.171184331204689e-06
1.3980000000000001,0.03490658503988659,0.0,0.035281558121369745,0.034867376568797584,0.11151041800019565,0.14713863775500213,BALANCE,1,-7.171184331204689e-06
1.4000000000000001,0.03490658503988659,0.0,0.0337475773334841,0.03447544683643786,-0.19596486617986034,2.98412593812942,BALANCE,1,-7.171184331204689e-06
1.4020000000000001,0.03490658503988659,0.0,0.0337475773334841,0.03422069251040405,-0.12737716301690696,0.500807880747389,BALANCE,1,-7.171184331204689e-06
1.4040000000000001,0.03490658503988659,0.0,0.035281558121369745,0.03459199547424204,0.18565148191899625,1.0342242464889873,BALANCE,1,-7.171184331204689e-06
1.4060000000000001,0.03490658503988659,0.0,0.035281558121369745,0.03483334240073674,0.12067346324734843,3.5607315838064926,BALANCE,1,-7.171184331204689e-06
1.408,0.03490658503988659,0.0,0.035281558121369745,0.03499021790295829,0.07843775111077492,3.0553882500229914,BALANCE,1,-7.171184331204689e-06
1.41,0.03490658503988659,0.0,0.0337475773334841,0.034555293703642326,-0.21746209965798138,2.7269150830636963,BALANCE,1,-7.171184331204689e-06
1.412,0.03490658503988659,0.0,0.035281558121369745,0.03480948624984692,0.12709627310229787,0.3336208249546886,BALANCE,1,-7.171184331204689e-06
1.414,0.03490658503988659,0.0,0.032213596545598466,0.033900924853359965,-0.4542806982434783,3.1053393598091983,BALANCE,1,-7.171184331204689e-06
1.416,0.03490658503988659,0.0,0.0337475773334841,0.03384725322140341,-0.02683581597827736,-1.6001900947462282,BALANCE,1,-7.171184331204689e-06
1.418,0.03490658503988659,0.0,0.032213596545598466,0.03327547338487168,-0.28588991826586363,1.816148665457986,BALANCE,1,-7.171184331204689e-06
1.42,0.03490658503988659,0.0,0.035281558121369745,0.03397760304264601,0.3510648288871619,-0.2905909430346081,BALANCE,1,-7.171184331204689e-06
1.422,0.03490658503988659,0.0,0.035281558121369745,0.03443398732019932,0.22819213877665542,4.847174813656055,BALANCE,1,-7.171184331204689e-06
1.424,0.03490658503988659,0.0,0.0337475773334841,0.03419374382484899,-0.12012174767516218,3.8915763494252023,BALANCE,1,-7.171184331204689e-06
1.426,0.03490658503988659,0.0,0.035281558121369745,0.03457447882863126,0.19036750189113313,1.0906506480896423,BALANCE,1,-7.171184331204689e-06
1.428,0.03490658503988659,0.0,0.03681553890925539,0.03535884985684971,0.3921855141092237,3.5974087448469403,BALANCE,1,-7.171184331204689e-06
1.43,0.03490658503988659,0.0,0.0337475773334841,0.03479490447367174,-0.28197269158898236,5.259015104284773,BALANCE,1,-7.171184331204689e-06
1.432,0.03490658503988659,0.0,0.03681553890925539,0.03550212652612602,0.3536110262271387,-0.1680872642915543,BALANCE,1,-7.171184331204689e-06
1.434,0.03490658503988659,0.0,0.03681553890925539,0.035961820860221295,0.2298471670476379,4.959015801384671,BALANCE,1,-7.171184331204689e-06
1.436,0.03490658503988659,0.0,0.0337475773334841,0.03518683562586328,-0.38749261717900896,3.996486587994381,BALANCE,1,-7.171184331204689e-06
1.438,0.03490658503988659,0.0,0.03681553890925539,0.035756881775050514,0.2850230745936183,-0.9887307998802752,BALANCE,1,-7.171184331204689e-06
1.44,0.03490658503988659,0.0,0.035281558121369745,0.03559051849626225,-0.083181639394133,4.425597503251977,BALANCE,1,-7.171184331204689e-06
1.442,0.03490658503988659,0.0,0.03834951969714103,0.03655616891656982,0.48282521015378593,1.4699779946226708,BALANCE,1,-7.171184331204689e-06
1.444,0.03490658503988659,0.0,0.0337475773334841,0.03557316186248982,-0.4915035270399992,6.055971816224476,BALANCE,1,-7.171184331204689e-06
1.446,0.03490658503988659,0.0,0.035281558121369745,0.035471100553097795,-0.0510306546960132,-1.7976385045706045,BALANCE,1,-7.171184331204689e-06
1.448,0.03490658503988659,0.0,0.0337475773334841,0.034867867426233004,-0.30161656343239557,1.7200207956177622,BALANCE,1,-7.171184331204689e-06
1.45,0.03490658503988659,0.0,0.0337475773334841,0.03447576589377089,-0.19605076623105747,-0.32086046188518447,BALANCE,1,-7.171184331204689e-06
1.452,0.03490658503988659,0.0,0.030679615757712823,0.033147113346150565,-0.6643262738101618,0.5001398237777936,BALANCE,1,-7.171184331204689e-06
1.454,0.03490658503988659,0.0,0.03681553890925539,0.03443106229323725,0.6419744735433435,-3.325783389712261,BALANCE,1,-7.171184331204689e-06
1.456,0.03490658503988659,0.0,0.035281558121369745,0.03472873583308363,0.14883676992318712,7.201659525940983,BALANCE,1,-7.171184331204689e-06
1.458,0.03490658503988659,0.0,0.035281558121369745,0.03492222363398377,0.09674390045007197,3.2744183093705144,BALANCE,1,-7.171184331204689e-06
1.46,0.03490658503988659,0.0,0.035281558121369745,0.03504799070456886,0.06288353529254609,2.869284621639602,BALANCE,1,-7.171184331204689e-06
1.462,0.03490658503988659,0.0,0.0337475773334841,0.0345928460246892,-0.22757233993983203,2.6059477246145004,BALANCE,1,-7.171184331204689e-06
1.464,0.03490658503988659,0.0,0.0337475773334841,0.03429700198276742,-0.147922020960891,0.25499204196269587,BALANCE,1,-7.171184331204689e-06
1.466,0.03490658503988659,0.0,0.0337475773334841,0.034104703355518254,-0.0961493136245814,0.874443951278917,BALANCE,1,-7.171184331204689e-06
1.468,0.03490658503988659,0.0,0.032213596545598466,0.033442815972046326,-0.33094369173596383,1.2770876923344439,BALANCE,1,-7.171184331204689e-06
1.47,0.03490658503988659,0.0,0.0337475773334841,0.03354948244854955,0.05333323825161204,-0.6409805755649312,BALANCE,1,-7.171184331204689e-06
1.472,0.03490658503988659,0.0,0.03681553890925539,0.03469260220979659,0.5715598806235213,2.4396348529258693,BALANCE,1,-7.171184331204689e-06
1.474,0.03490658503988659,0.0,0.035281558121369745,0.034898736778847195,0.10306728452530098,6.654035177575965,BALANCE,1,-7.171184331204689e-06
1.476,0.03490658503988659,0.0,0.035281558121369745,0.035032724248730086,0.06699373494144581,2.91846248293324,BALANCE,1,-7.171184331204689e-06
1.478,0.03490658503988659,0.0,0.0337475773334841,0.034582922828393994,-0.224900710168046,2.637913334455372,BALANCE,1,-7.171184331204689e-06
1.48,0.03490658503988659,0.0,0.03681553890925539,0.03536433845669548,0.3907078141507439,0.2757696883592715,BALANCE,1,-7.171184331204689e-06
1.482,0.03490658503988659,0.0,0.0337475773334841,0.0347984720635715,-0.28293319656199145,5.24752282060768,BALANCE,1,-7.171184331204689e-06
1.484,0.03490658503988659,0.0,0.035281558121369745,0.03496755218380088,0.084540060114692,-0.17555724868164146,BALANCE,1,-7.171184331204689e-06
1.486,0.03490658503988659,0.0,0.0337475773334841,0.03454056098619001,-0.21349559880543684,2.774373611945589,BALANCE,1,-7.171184331204689e-06
1.488,0.03490658503988659,0.0,0.035281558121369745,0.034799909983502915,0.1296744986564527,0.36446886872790607,BALANCE,1,-7.171184331204689e-06
1.49,0.03490658503988659,0.0,0.032213596545598466,0.033894700280236355,-0.45260485163328007,3.1253905882617965,BALANCE,1,-7.171184331204689e-06
1.492,0.03490658503988659,0.0,0.0337475773334841,0.03384320724887307,-0.025746515681643323,-1.5871567962520592,BALANCE,1,-7.171184331204689e-06
1.494,0.03490658503988659,0.0,0.0337475773334841,0.03380973677848693,-0.01673523519307024,1.8246203094792377,BALANCE,1,-7.171184331204689e-06
1.496,0.03490658503988659,0.0,0.03681553890925539,0.03486176752425589,0.5260153728844814,1.8947023251646535,BALANCE,1,-7.171184331204689e-06
1.498,0.03490658503988659,0.0,0.035281558121369745,0.03500869423324574,0.07346335449492578,6.299829034531205,BALANCE,1,-7.171184331204689e-06
1.5,0.03490658503988659,0.0,0.0337475773334841,0.03456730331832917,-0.22069545745828645,2.6882284899541506,BALANCE,1,-7.171184331204689e-06
1.502,0.03490658503988659,0.0,0.035281558121369745,0.034817292499393374,0.12499459053210218,0.3084745394334587,BALANCE,1,-7.171184331204689e-06
1.504,0.03490658503988659,0.0,0.0337475773334841,0.034442892191325125,-0.1872001540341242,3.08899427422042,BALANCE,1,-7.171184331204689e-06
1.506,0.03490658503988659,0.0,0.0337475773334841,0.034199531991080764,-0.12168010012218039,0.5689722992065138,BALANCE,1,-7.171184331204689e-06
1.508,0.03490658503988659,0.0,0.035281558121369745,0.034578241136681905,0.18935457280057008,1.078531118487403,BALANCE,1,-7.171184331204689e-06
1.51,0.03490658503988659,0.0,0.0337475773334841,0.03428750880556267,-0.14536616555961557,3.5895310506054745,BALANCE,1,-7.171184331204689e-06
1.512,0.03490658503988659,0.0,0.0337475773334841,0.03409853279033517,-0.09448800761375012,0.894321203856836,BALANCE,1,-7.171184331204689e-06
1.514,0.03490658503988659,0.0,0.032213596545598466,0.033438805104677324,-0.3298638428289244,1.2900079065101095,BALANCE,1,-7.171184331204689e-06
1.516,0.03490658503988659,0.0,0.0337475773334841,0.03354687538475969,0.0540351400411844,-0.6325824363507557,BALANCE,1,-7.171184331204689e-06
1.518,0.03490658503988659,0.0,0.035281558121369745,0.03415401434257321,0.30356947890675806,2.445093643415057,BALANCE,1,-7.171184331204689e-06
1.52,0.03490658503988659,0.0,0.0337475773334841,0.03401176138939202,-0.0711264765905946,4.477796691808457,BALANCE,1,-7.171184331204689e-06
1.522,0.03490658503988659,0.0,0.035281558121369745,0.034456190245584224,0.22221442809610206,1.4716938706387646,BALANCE,1,-7.171184331204689e-06
1.524,0.03490658503988659,0.0,0.0337475773334841,0.03420817572634918,-0.12400725961752082,3.84508683950387,BALANCE,1,-7.171184331204689e-06
1.526,0.03490658503988659,0.0,0.03681553890925539,0.03512075284036635,0.45628855700858423,1.0604324666407845,BALANCE,1,-7.171184331204689e-06
1.528,0.03490658503988659,0.0,0.0337475773334841,0.03464014141295756,-0.24030571370439388,5.757553626490655,BALANCE,1,-7.171184331204689e-06
1.53,0.03490658503988659,0.0,0.035281558121369745,0.034864637260901825,0.11224792397213079,0.15596277514230272,BALANCE,1,-7.171184331204689e-06
1.532,0.03490658503988659,0.0,0.035281558121369745,0.0350105595620656,0.0729611505818871,2.989861627431156,BALANCE,1,-7.171184331204689e-06
1.534,0.03490658503988659,0.0,0.035281558121369745,0.03510540905782205,0.0474247478782254,2.684322778379033,BALANCE,1,-7.171184331204689e-06
1.536,0.03490658503988659,0.0,0.035281558121369745,0.035167061230063745,0.030826086120847723,2.4857225264951266,BALANCE,1,-7.171184331204689e-06
1.538,0.03490658503988659,0.0,0.03681553890925539,0.03574402841778082,0.28848359385853783,2.3566323627706067,BALANCE,1,-7.171184331204689e-06
1.54,0.03490658503988659,0.0,0.035281558121369745,0.03558216381403694,-0.08093230187193948,4.452510455935152,BALANCE,1,-7.171184331204689e-06
1.542,0.03490658503988659,0.0,0.032213596545598466,0.034403165270083476,-0.589499271976733,1.487471413866701,BALANCE,1,-7.171184331204689e-06
1.544,0.03490658503988659,0.0,0.035281558121369745,0.03471060276803367,0.15371874897509782,-2.6518042596088556,BALANCE,1,-7.171184331204689e-06
1.546,0.03490658503988659,0.0,0.035281558121369745,0.0349104371417013,0.09991718683381376,3.312386157882803,BALANCE,1,-7.171184331204689e-06
1.548,0.03490658503988659,0.0,0.032213596545598466,0.03396654293306531,-0.4719471043179955,2.893963723172588,BALANCE,1,-7.171184331204689e-06
1.55,0.03490658503988659,0.0,0.0337475773334841,0.033889904973211885,-0.03831897992671168,-1.7375842585600458,BALANCE,1,-7.171184331204689e-06
1.552,0.03490658503988659,0.0,0.035281558121369745,0.03437698357506713,0.24353930092762405,1.7268424589790197,BALANCE,1,-7.171184331204689e-06
1.554,0.03490658503988659,0.0,0.0337475773334841,0.03415669139051307,-0.1101460922770317,4.010933421925021,BALANCE,1,-7.171184331204689e-06
1.556,0.03490658503988659,0.0,0.035281558121369745,0.034550394746312905,0.19685167789991811,1.1682327452145307,BALANCE,1,-7.171184331204689e-06
1.558,0.03490658503988659,0.0,0.0337475773334841,0.034269408651822826,-0.1404930472450397,3.647837107978119,BALANCE,1,-7.171184331204689e-06
1.56,0.03490658503988659,0.0,0.0337475773334841,0.03408676769040427,-0.09132048070927684,0.932220141149052,BALANCE,1,-7.171184331204689e-06
1.562,0.03490658503988659,0.0,0.03681553890925539,0.035041837617002164,0.47753496329894574,1.3146422157500415,BALANCE,1,-7.171184331204689e-06
1.564,0.03490658503988659,0.0,0.03681553890925539,0.035662633069290794,0.31039772614431527,5.922789963411695,BALANCE,1,-7.171184331204689e-06
1.566,0.03490658503988659,0.0,0.03681553890925539,0.036066150113278406,0.20175852199380562,4.62293979331197,BALANCE,1,-7.171184331204689e-06
1.568,0.03490658503988659,0.0,0.0337475773334841,0.0352546496403504,-0.4057502364640045,3.7780371827471493,BALANCE,1,-7.171184331204689e-06
1.57,0.03490658503988659,0.0,0.03681553890925539,0.035800960884467145,0.2731556220583742,-1.1307229132910122,BALANCE,1,-7.171184331204689e-06
1.572,0.03490658503988659,0.0,0.032213596545598466,0.03454538336586311,-0.6277887593020177,4.333302629535022,BALANCE,1,-7.171184331204689e-06
1.574,0.03490658503988659,0.0,0.03681553890925539,0.03533993780605041,0.3972772200936496,-2.949587072464355,BALANCE,1,-7.171184331204689e-06
1.576,0.03490658503988659,0.0,0.03681553890925539,0.03585639819217215,0.258230193060871,5.298614029112221,BALANCE,1,-7.171184331204689e-06
1.578,0.03490658503988659,0.0,0.032213596545598466,0.034581417615871364,-0.6374902881503934,4.217225436017298,BALANCE,1,-7.171184331204689e-06
1.58,0.03490658503988659,0.0,0.035281558121369745,0.034826466792795795,0.12252458846221531,-3.025037248250866,BALANCE,1,-7.171184331204689e-06
1.582,0.03490658503988659,0.0,0.032213596545598466,0.03391196220627673,-0.457252293259533,3.0697847152654703,BALANCE,1,-7.171184331204689e-06
1.584,0.03490658503988659,0.0,0.0337475773334841,0.03385442750079931,-0.028767352738708757,-1.62330061369966,BALANCE,1,-7.171184331204689e-06
1.586,0.03490658503988659,0.0,0.03681553890925539,0.03489081649375894,0.5181944964798152,1.8011268281382888,BALANCE,1,-7.171184331204689e-06
1.588,0.03490658503988659,0.0,0.03681553890925539,0.0355644693391827,0.3368264227118778,6.239004961464058,BALANCE,1,-7.171184331204689e-06
1.59,0.03490658503988659,0.0,0.035281558121369745,0.035465450412948164,-0.04950946311726642,4.828479542045985,BALANCE,1,-7.171184331204689e-06
1.592,0.03490658503988659,0.0,0.035281558121369745,0.03540108811089572,-0.03218115102622196,1.7318513198387586,BALANCE,1,-7.171184331204689e-06
1.594,0.03490658503988659,0.0,0.03681553890925539,0.035896145890321605,0.24752888971294254,1.8666160784439676,BALANCE,1,-7.171184331204689e-06
1.596,0.03490658503988659,0.0,0.035281558121369745,0.035681040171188456,-0.10755285956657451,4.133999871122836,BALANCE,1,-7.171184331204689e-06
1.598,0.03490658503988659,0.0,0.032213596545598466,0.03446743490223196,-0.6068026344782478,1.2804395337387113,BALANCE,1,-7.171184331204689e-06
1.6,0.03490658503988659,0.0,0.03681553890925539,0.03528927130469016,0.41091820122909906,-2.7863749816920644,BALANCE,1,-7.171184331204689e-06
1.602,0.03490658503988659,0.0,0.0337475773334841,0.03474967841476804,-0.26979644496106026,5.404701888114202,BALANCE,1,-7.171184331204689e-06
1.604,0.03490658503988659,0.0,0.039883500485026674,0.03654651613935856,0.898418862295261,-0.07339085480239982,BALANCE,1,-7.171184331204689e-06
1.606,0.03490658503988659,0.0,0.0337475773334841,0.0355668875573025,-0.48981429102802965,9.380141866723601,BALANCE,1,-7.171184331204689e-06
1.608,0.03490658503988659,0.0,0.0337475773334841,0.03493012897896606,-0.31837928916822117,-1.7845010747860872,BALANCE,1,-7.171184331204689e-06
1.61,0.03490658503988659,0.0,0.032213596545598466,0.0339793426272874,-0.4753931758393302,-0.4512265746078059,BALANCE,1,-7.171184331204689e-06
1.612,0.03490658503988659,0.0,0.0337475773334841,0.03389822477445625,-0.04055892641557576,-1.764384849077398,BALANCE,1,-7.171184331204689e-06
1.614,0.03490658503988659,0.0,0.035281558121369745,0.03438239144587597,0.24208333570986326,1.7094220751427687,BALANCE,1,-7.171184331204689e-06
1.616,0.03490658503988659,0.0,0.0337475773334841,0.034160206506538816,-0.11109246966857847,3.9996101724314643,BALANCE,1,-7.171184331204689e-06
1.618,0.03490658503988659,0.0,0.0337475773334841,0.034015786295969665,-0.07221010528457583,1.1608726330437011,BALANCE,1,-7.171184331204689e-06
1.62,0.03490658503988659,0.0,0.0337475773334841,0.03392191315909972,-0.0469365684349736,1.4632663354815731,BALANCE,1,-7.171184331204689e-06
1.622,0.03490658503988659,0.0,0.03834951969714103,0.03547157544741418,0.7748311441572314,1.659822242066194,BALANCE,1,-7.171184331204689e-06
1.624,0.03490658503988659,0.0,0.0337475773334841,0.03486817610753865,-0.301699669937764,8.326943680102701,BALANCE,1,-7.171184331204689e-06
1.6260000000000001,0.03490658503988659,0.0,0.0337475773334841,0.03447596653661956,-0.19610478545954713,-0.3215067930497928,BALANCE,1,-7.171184331204689e-06
1.6280000000000001,0.03490658503988659,0.0,0.030679615757712823,0.0331472437640022,-0.6643613863086782,0.4997197085207965,BALANCE,1,-7.171184331204689e-06
1.6300000000000001,0.03490658503988659,0.0,0.035281558121369745,0.03389425378908084,0.37350501253931995,-3.3260564646292936,BALANCE,1,-7.171184331204689e-06
1.6320000000000001,0.03490658503988659,0.0,0.035281558121369745,0.03437981030538196,0.242778258150559,5.02169532765941,BALANCE,1,-7.171184331204689e-06
1.6340000000000001,0.03490658503988659,0.0,0.0337475773334841,0.03415852876521771,-0.1106407700821252,4.005014683527389,BALANCE,1,-7.171184331204689e-06
1.6360000000000001,0.03490658503988659,0.0,0.035281558121369745,0.03455158903987092,0.19653013732660526,1.1643855652560609,BALANCE,1,-7.171184331204689e-06
1.6380000000000001,0.03490658503988659,0.0,0.03681553890925539,0.03534397149415548,0.3961912271422813,3.6453364410050977,BALANCE,1,-7.171184331204689e-06
1.6400000000000001,0.03490658503988659,0.0,0.03681553890925539,0.035859020089440446,0.25752429764248214,5.290168106787579,BALANCE,1,-7.171184331204689e-06
1.6420000000000001,0.03490658503988659,0.0,0.035281558121369745,0.0356569084006157,-0.10105584441237256,4.211735586506284,BALANCE,1,-7.171184331204689e-06
1.6440000000000001,0.03490658503988659,0.0,0.035281558121369745,0.035525535802879614,-0.06568629886804372,1.3309677487379614,BALANCE,1,-7.171184331204689e-06
1.6460000000000001,0.03490658503988659,0.0,0.035281558121369745,0.03544014361435116,-0.042696094264226686,1.606041757228427,BALANCE,1,-7.171184331204689e-06
1.6480000000000001,0.03490658503988659,0.0,0.035281558121369745,0.03538463869180766,-0.027752461271748907,1.784839862747256,BALANCE,1,-7.171184331204689e-06
1.6500000000000001,0.03490658503988659,0.0,0.0337475773334841,0.034811667216394414,-0.28648573770662444,1.9010586313344686,BALANCE,1,-7.171184331204689e-06
1.6520000000000001,0.03490658503988659,0.0,0.0337475773334841,0.034439235757375807,-0.18621572950930365,-0.20318586866933064,BALANCE,1,-7.171184331204689e-06
1.6540000000000001,0.03490658503988659,0.0,0.035281558121369745,0.034734048584773684,0.14740641369893892,0.576628309368119,BALANCE,1,-7.171184331204689e-06
1.6560000000000001,0.03490658503988659,0.0,0.0337475773334841,0.03438878364682233,-0.1726324689756767,3.2632942246779324,BALANCE,1,-7.171184331204689e-06
1.6580000000000001,0.03490658503988659,0.0,0.035281558121369745,0.03470125471291392,0.1562355330457961,0.6822672670039265,BALANCE,1,-7.171184331204689e-06
1.6600000000000001,0.03490658503988659,0.0,0.03834951969714103,0.03597814745739341,0.6384463722397433,3.331959547141204,BALANCE,1,-7.171184331204689e-06
1.6620000000000001,0.03490658503988659,0.0,0.03681553890925539,0.0362712344655451,0.14654350407584602,7.266259825361551,BALANCE,1,-7.171184331204689e-06
1.6640000000000001,0.03490658503988659,0.0,0.03681553890925539,0.0364617410208437,0.09525327764929939,3.3486221005394743,BALANCE,1,-7.171184331204689e-06
1.666,0.03490658503988659,0.0,0.03681553890925539,0.03658557028178779,0.06191463047204582,2.9497306824450176,BALANCE,1,-7.171184331204689e-06
1.668,0.03490658503988659,0.0,0.03681553890925539,0.03666605930140145,0.040244509806830475,2.690451260683634,BALANCE,1,-7.171184331204689e-06
1.67,0.03490658503988659,0.0,0.03681553890925539,0.03671837716415033,0.026158931374437727,2.521919636538731,BALANCE,1,-7.171184331204689e-06
1.672,0.03490658503988659,0.0,0.035281558121369745,0.036215490499177126,-0.2514433324866012,2.412374080844521,BALANCE,1,-7.171184331204689e-06
1.674,0.03490658503988659,0.0,0.0337475773334841,0.03535172089118457,-0.4318848039962797,0.16138277005781765,BALANCE,1,-7.171184331204689e-06
1.676,0.03490658503988659,0.0,0.0337475773334841,0.034790270645989406,-0.2807251225975804,-1.3339751784991636,BALANCE,1,-7.171184331204689e-06
1.678,0.03490658503988659,0.0,0.0337475773334841,0.03442532798661255,-0.18247132968842936,-0.15838474202127895,BALANCE,1,-7.171184331204689e-06
1.68,0.03490658503988659,0.0,0.03681553890925539,0.03526190180953754,0.4182869114624961,0.6057490416893179,BALANCE,1,-7.171184331204689e-06
1.682,0.03490658503988659,0.0,0.0337475773334841,0.03473188824291883,-0.26500678330935307,5.462009400272221,BALANCE,1,-7.171184331204689e-06
1.684,0.03490658503988659,0.0,0.035281558121369745,0.03492427270037665,0.09619222872890923,-0.03614097189969456,BALANCE,1,-7.171184331204689e-06
1.686,0.03490658503988659,0.0,0.032213596545598466,0.033975536046204284,-0.4743683270861838,2.8649941918538726,BALANCE,1,-7.171184331204689e-06
1.688,0.03490658503988659,0.0,0.03681553890925539,0.03496953704827217,0.4970005010339444,-1.7564144539172135,BALANCE,1,-7.171184331204689e-06
1.69,0.03490658503988659,0.0,0.03681553890925539,0.0356156376996163,0.32305032567206404,6.074176231167885,BALANCE,1,-7.171184331204689e-06
1.692,0.03490658503988659,0.0,0.035281558121369745,0.035498709847230005,-0.058463926193148136,4.72134086735349,BALANCE,1,-7.171184331204689e-06
1.694,0.03490658503988659,0.0,0.035281558121369745,0.03542270674317891,-0.038001552025546115,1.6622111812886151,BALANCE,1,-7.171184331204689e-06
1.696,0.03490658503988659,0.0,0.035281558121369745,0.0353733047255457,-0.02470100881660567,1.8213499883863657,BALANCE,1,-7.171184331204689e-06
1.698,0.03490658503988659,0.0,0.035281558121369745,0.035341193414084114,-0.01605565573079351,1.9247902129998968,BALANCE,1,-7.171184331204689e-06
1.7,0.03490658503988659,0.0,0.035281558121369745,0.03532032106163409,-0.010436176225012833,1.9920263589986986,BALANCE,1,-7.171184331204689e-06
1.702,0.03490658503988659,0.0,0.035281558121369745,0.03530675403254157,-0.006783514546259556,2.0357298538979425,BALANCE,1,-7.171184331204689e-06
1.704,0.03490658503988659,0.0,0.035281558121369745,0.03529793546363143,-0.0044092844550709664,2.064137125582418,BALANCE,1,-7.171184331204689e-06
1.706,0.03490658503988659,0.0,0.035281558121369745,0.03529220339383984,-0.002866034895795261,2.0826018521773175,BALANCE,1,-7.171184331204689e-06
1.708,0.03490658503988659,0.0,0.035281558121369745,0.035288477548475305,-0.0018629226822657052,2.094603924464028,BALANCE,1,-7.171184331204689e-06
1.71,0.03490658503988659,0.0,0.032213596545598466,0.03421226919746841,-0.5381041755034461,2.102405271450393,BALANCE,1,-7.171184331204689e-06
1.712,0.03490658503988659,0.0,0.03681553890925539,0.03512341359659386,0.4555721995627218,-2.2520972521794644,BALANCE,1,-7.171184331204689e-06
1.714,0.03490658503988659,0.0,0.035281558121369745,0.035178764180265415,0.027675291835779076,5.751982412297406,BALANCE,1,-7.171184331204689e-06
1.716,0.03490658503988659,0.0,0.035281558121369745,0.03521474205965193,0.017988939693257266,2.3321281855021576,BALANCE,1,-7.171184331204689e-06
1.718,0.03490658503988659,0.0,0.035281558121369745,0.035238127681253166,0.011692810800618264,2.256796041125174,BALANCE,1,-7.171184331204689e-06
1.72,0.03490658503988659,0.0,0.0337475773334841,0.03471643505953399,-0.26084631085958665,2.207830147280136,BALANCE,1,-7.171184331204689e-06
1.722,0.03490658503988659,0.0,0.0337475773334841,0.03437733485541653,-0.16955010205873047,-0.0037843833046538045,BALANCE,1,-7.171184331204689e-06
1.724,0.03490658503988659,0.0,0.0337475773334841,0.03415691972274018,-0.11020756633817533,0.7062392748551483,BALANCE,1,-7.171184331204689e-06
1.726,0.03490658503988659,0.0,0.03681553890925539,0.0350874364380205,0.46525835764016016,1.1677546526590084,BALANCE,1,-7.171184331204689e-06
1.728,0.03490658503988659,0.0,0.035281558121369745,0.035155379027192735,0.03397129458611661,5.827313047402511,BALANCE,1,-7.171184331204689e-06
1.73,0.03490658503988659,0.0,0.0337475773334841,0.03466264843439471,-0.24636529639901136,2.3810930983204965,BALANCE,1,-7.171184331204689e-06
1.732,0.03490658503988659,0.0,0.0337475773334841,0.034342373549075995,-0.16013744265935825,0.10883653487159184,BALANCE,1,-7.171184331204689e-06
1.734,0.03490658503988659,0.0,0.03834951969714103,0.03574487470089876,0.7012505759113815,0.7794428716696937,BALANCE,1,-7.171184331204689e-06
1.736,0.03490658503988659,0.0,0.03681553890925539,0.03611960717382358,0.18736623646241,7.754697089344978,BALANCE,1,-7.171184331204689e-06
1.738,0.03490658503988659,0.0,-0.042753778702540685,0.00851392211709609,-13.802842528363744,3.6661063221286945,BALANCE,1,-7.171184331204689e-06
1.74,0.034992718071983904,0.08613461541016744,0.035281558121369745,0.017882594718591868,4.684336300747889,-100.0,BALANCE,1,-6.415236254293134e-06
1.742,0.035154733028206486,0.07588331910389474,0.0337475773334841,0.023435338633804148,2.77637195760614,38.54764608909862,BALANCE,1,-6.6592785655774876e-06
1.744,0.035268277650391845,0.037663390362474417,0.035281558121369745,0.027581515454452105,2.0730884103239786,23.61709597887737,BALANCE,1,-7.1692405658546685e-06
1.746,0.03528651895904849,-0.019421746343774297,0.03834951969714103,0.031350316939393226,1.8844007424705602,18.239598209858954,BALANCE,1,-7.287889198829231e-06
1.748,0.0352692287605202,0.002131229961371512,0.030679615757712823,0.03111557152580508,-0.11737270679407219,16.956224956128075,BALANCE,1,-7.320460844936979e-06
1.75,0.035232315714069866,-0.03904495494389448,0.0337475773334841,0.032036773558492736,0.46060101634382705,0.9279526371957274,BALANCE,1,-7.143016387410367e-06
1.752,0.035176663571061265,-0.016608211116011018,0.035281558121369745,0.03317244815549969,0.567837298503477,5.60701454426018,BALANCE,1,-7.2531494749987244e-06
1.754,0.0351630000601614,0.002944449030530382,0.030679615757712823,0.03229995681627428,-0.43624566961270383,6.533045277357797,BALANCE,1,-7.27599106006461e-06
1.756,0.03512258058356482,-0.04336466861617415,0.035281558121369745,0.03334351727305769,0.5217802283917043,-1.5519679479251738,BALANCE,1,-7.05961162502124e-06
1.758,0.03505842695855165,-0.020790135733237566,0.030679615757712823,0.03241115174268699,-0.46618276518535157,6.174852863517096,BALANCE,1,-7.187597709105006e-06
1.76,0.035044933641734104,0.007296570851903123,0.03834951969714103,0.0344895805267459,1.0392143920294576,-1.7847930169215933,BALANCE,1,-7.222456702084617e-06
1.762,0.034991321446242896,-0.06090975183988469,0.03681553890925539,0.03530366596062422,0.40704271693915717,10.383089967840416,BALANCE,1,-6.810306302773136e-06
1.764,0.03488886528036222,-0.0415482974913782,0.032213596545598466,0.034222141665365205,-0.540762147629506,5.37456169315071,BALANCE,1,-6.9797717383193605e-06
1.766,0.03483157643824282,-0.015741597781245235,0.035281558121369745,0.03459293742496679,0.1853978798007916,-2.272768681114136,BALANCE,1,-7.113969351819293e-06
1.768,0.034825485404606976,0.009650452157175384,0.03681553890925539,0.03537084794446779,0.3889552597505022,3.55875928390434,BALANCE,1,-7.127970302502655e-06
1.77,0.03477665205524116,-0.05848469917799538,0.03681553890925539,0.03587648978214345,0.25282091883782953,5.233892954672085,BALANCE,1,-6.753053309581748e-06
1.772,0.03468279148446485,-0.03537759705244729,0.035281558121369745,0.03566826370087265,-0.10411304063540072,4.1751567376312435,BALANCE,1,-6.9460350327287525e-06
1.774,0.03463750775576102,-0.009906964121215295,0.0337475773334841,0.034996023472286655,-0.33612011429299743,1.3071914969691534,BALANCE,1,-7.050594250555217e-06
1.776,0.03464536435084774,0.017763703617427996,0.032213596545598466,0.03402217404794579,-0.4869247121704334,-0.5891995060067803,BALANCE,1,-7.030608056967035e-06
1.778,0.03462132795500774,-0.04180054127961846,0.035281558121369745,0.03446295847364417,0.22039221284918947,-1.8540672544867203,BALANCE,1,-6.86809177144634e-06
1.78,0.034570217126935206,-0.009311226389399727,0.0337475773334841,0.03421257507458814,-0.1251916995280121,3.8309152112121656,BALANCE,1,-7.024409661142808e-06
1.782,0.03458324643715211,0.02234077610394545,0.0337475773334841,0.03404982586520173,-0.08137460469320734,1.0512209082511916,BALANCE,1,-6.98572147659391e-06
1.784,0.03456890169725322,-0.03668577966364642,0.03681553890925539,0.03501782543062051,0.4839997827093892,1.3919927143664448,BALANCE,1,-6.889565384013914e-06
1.786,0.034526400075562305,-0.005816623360210504,0.0337475773334841,0.034573238596622764,-0.22229341699887134,5.973067787512344,BALANCE,1,-7.0122317151930705e-06
1.788,0.03453963998922312,0.019056780395152545,0.0337475773334841,0.03428425715452423,-0.14449072104926602,0.29604697980639516,BALANCE,1,-6.982484675449236e-06
1.79,0.03451868880480365,-0.04000834992291504,0.0337475773334841,0.03409641921716018,-0.09391896868202534,0.9011296608773258,BALANCE,1,-6.841969419891585e-06
1.792,0.03447415706117681,-0.0045242123613933455,0.03681553890925539,0.0350481111093935,0.47584594611665976,1.294433403573408,BALANCE,1,-6.992443646756546e-06
1.794,0.034483516318965055,0.013883642189888898,0.032213596545598466,0.03405603101206524,-0.4960400486641314,5.9096542354968875,BALANCE,1,-6.97786439278133e-06
1.796,0.034453960130431734,-0.0434403740206789,0.032213596545598466,0.03341117894880186,-0.3224260316316875,-1.924958528589137,BALANCE,1,-6.785147410137309e-06
1.798,0.0344056670315237,-0.004853612694499215,0.0337475773334841,0.033528918383440645,0.058869717319390974,-0.574737516125388,BALANCE,1,-6.964351953173743e-06
1.8,0.03442190589593706,0.02109277561256738,0.0337475773334841,0.03360544901595585,0.03826531625760257,2.4826928415615663,BALANCE,1,-6.925985581898828e-06
1.802,0.03440747791909108,-0.03552101765262448,0.032213596545598466,0.03311830065133076,-0.2435741823125434,2.322449471018172,BALANCE,1,-6.833012198329956e-06
1.804,0.034375322188779096,0.0033646961887727547,0.032213596545598466,0.03280165421432446,-0.15832321850315148,0.03850458057949857,BALANCE,1,-6.953374633121649e-06
1.806,0.034347415894028316,-0.03127150392398549,0.03681553890925539,0.03420651385755028,0.7024298216129106,0.7015135048342558,BALANCE,1,-6.838986218360647e-06
1.808,0.03431840584777163,0.0022609243457486702,0.032213596545598466,0.033508992798367145,-0.34876052959156856,7.671829404356302,BALANCE,1,-6.93102843660444e-06
1.81,0.03429278425836378,-0.027882984741700596,0.03681553890925539,0.03466628393717803,0.5786455694054421,-0.7795446688305199,BALANCE,1,-6.8382994036996465e-06
1.812,0.03426877476938921,0.003873054372476939,0.035281558121369745,0.034881629901645124,0.1076729822335476,6.709141591474218,BALANCE,1,-6.909941289314881e-06
1.814,0.034230514874651854,-0.04213365242188728,0.032213596545598466,0.03394781822702879,-0.4669058373081673,2.9542816519670883,BALANCE,1,-6.7067590473501466e-06
1.816,0.034181841432236515,-0.006540684797369779,0.0337475773334841,0.033877733914288145,-0.03504215637032196,-1.698377604843611,BALANCE,1,-6.87195945614269e-06
1.818,0.03419821913475257,0.022918688370360863,0.0337475773334841,0.03383217911100673,-0.022777401640708406,1.752326783894713,BALANCE,1,-6.827084808800081e-06
1.82,0.03418628535821136,-0.03485268425516305,0.0337475773334841,0.03380256848887381,-0.014805311066460464,1.8477115335347363,BALANCE,1,-6.748741644935338e-06
1.822,0.034152597883829024,0.0011645905598090325,0.0337475773334841,0.03378332158448741,-0.009623452193199822,1.9097116208007445,BALANCE,1,-6.864618097125993e-06
1.824,0.03413334047446632,-0.020422353923962636,0.0337475773334841,0.033770811096636245,-0.006255243925581272,1.950011677523646,BALANCE,1,-6.812536381780604e-06
1.826,0.03412845621914369,0.015538008787930008,0.032213596545598466,0.03322578600377302,-0.27251254643161427,1.9762067143935245,BALANCE,1,-6.829309557447714e-06
1.828,0.03410409391488918,-0.039900760866577734,0.0337475773334841,0.033408412969171894,0.09131348269943856,-0.18655321122653312,BALANCE,1,-6.675458771527703e-06
1.83,0.03406135080376816,-0.0028431360434396577,0.0337475773334841,0.03352712049668116,0.059353763754634026,2.7350126397458223,BALANCE,1,-6.827271268075549e-06
1.832,0.03406927659521876,0.01076907318796397,0.032213596545598466,0.033067387113802214,-0.22986669143947383,2.486457339837942,BALANCE,1,-6.81894081458357e-06
1.834,0.03403644238735536,-0.04360388461978686,0.032213596545598466,0.0327685604149309,-0.1494133494356585,0.1451096953123423,BALANCE,1,-6.615346346978958e-06
1.836,0.03398826183643114,-0.004577552055546233,0.032213596545598466,0.032574323060664545,-0.09711867713317612,0.7708068294105856,BALANCE,1,-6.7966290001161185e-06
1.838,0.03400554900033633,0.021865033740741845,0.032213596545598466,0.032448068780391415,-0.06312714013656517,1.1775099665744637,BALANCE,1,-6.754786113934049e-06
1.84,0.033994990734621054,-0.032423493516753985,0.0337475773334841,0.03290289677397385,0.22741399679121824,1.4418670057309635,BALANCE,1,-6.689419291813047e-06
1.842,0.03396728894729365,0.004721196909289842,0.032213596545598466,0.03266164169404247,-0.12062753996569184,3.7934857807681768,BALANCE,1,-6.788099267806096e-06
1.844,0.03393324482747261,-0.038765942550621116,0.0337475773334841,0.03304171916784704,0.19003873690228573,0.9946781819170134,BALANCE,1,-6.616574804482316e-06
1.846,0.03389184228734823,-0.002637358722274989,0.0337475773334841,0.03328876952582001,0.12352517898648468,3.502813045289108,BALANCE,1,-6.75960586239187e-06
1.848,0.033897424355819335,0.008219529804126704,0.030679615757712823,0.03237556570698249,-0.45660190941875994,2.985527603441078,BALANCE,1,-6.755368189510571e-06
1.85,0.033862340039892885,-0.04330449066940986,0.0337475773334841,0.03285576977625805,0.2401020346377812,-1.7102813329311302,BALANCE,1,-6.54855477003345e-06
1.852,0.03381225832380258,-0.006778146125760873,0.0337475773334841,0.033167902421287164,0.15606632251455657,3.8921624636777326,BALANCE,1,-6.723738527879769e-06
1.854,0.03382802061658096,0.022540728651527567,0.0337475773334841,0.03337078864055609,0.10144310963446437,3.2386047253936825,BALANCE,1,-6.6807177244616175e-06
1.856,0.03381376903498059,-0.0367925722067336,0.032213596545598466,0.03296577140732092,-0.2025086166175874,2.8137921955090803,BALANCE,1,-6.584846402546619e-06
1.858,0.03377639300651378,-0.0005841433899498108,0.0337475773334841,0.03323940348147803,0.1368160370785569,0.3578773514985558,BALANCE,1,-6.7143372768499725e-06
1.86,0.03377639300651378,0.0,0.0337475773334841,0.03341726432968015,0.08893042410106078,3.088892505517137,BALANCE,1,-6.714373674023308e-06
1.862,0.03377639300651378,0.0,0.0337475773334841,0.03353287388101153,0.057804775665689506,2.7164792525892953,BALANCE,1,-6.714373674023308e-06
1.864,0.03377639300651378,0.0,0.0337475773334841,0.03360802008937693,0.03757310418269974,2.4744106381862077,BALANCE,1,-6.714373674023308e-06
1.866,0.03377639300651378,0.0,0.03681553890925539,0.03473065167633439,0.5613157934787304,2.3170660388242137,BALANCE,1,-6.714373674023308e-06
1.868,0.03377639300651378,0.0,0.035281558121369745,0.03492346893209676,0.09640862788118376,6.574365448409907,BALANCE,1,-6.714373674023308e-06
1.87,0.03377639300651378,0.0,0.0337475773334841,0.03451190687258233,-0.20578102975721616,2.8666771589752758,BALANCE,1,-6.714373674023308e-06
1.872,0.03377639300651378,0.0,0.0337475773334841,0.034244391533897946,-0.13375766934219102,0.42446617429721045,BALANCE,1,-6.714373674023308e-06
1.874,0.03377639300651378,0.0,0.032213596545598466,0.033533613287993126,-0.35538912295240976,0.9846021372963487,BALANCE,1,-6.714373674023308e-06
1.8760000000000001,0.03377639300651378,0.0,0.03681553890925539,0.034682287255434915,0.5743369837208946,-0.8310961863396904,BALANCE,1,-6.714373674023308e-06
1.8780000000000001,0.03377639300651378,0.0,0.032213596545598466,0.03381824550699215,-0.432020874221381,6.675633105093252,BALANCE,1,-6.714373674023308e-06
1.8800000000000001,0.03377639300651378,0.0,0.0337475773334841,0.03379351164626433,-0.012366930363910678,-1.4270722633515192,BALANCE,1,-6.714373674023308e-06
1.8820000000000001,0.03377639300651378,0.0,0.0337475773334841,0.03377743463679125,-0.008038504736542634,1.9286752558645746,BALANCE,1,-6.714373674023308e-06
1.8840000000000001,0.03377639300651378,0.0,0.0337475773334841,0.03376698458063374,-0.005225028078752192,1.9623380403151336,BALANCE,1,-6.714373674023308e-06
1.8860000000000001,0.03377639300651378,0.0,0.0337475773334841,0.03376019204413137,-0.003396268251187884,1.984218850208007,BALANCE,1,-6.714373674023308e-06
1.8880000000000001,0.03377639300651378,0.0,0.032213596545598466,0.03321888361964485,-0.2706542122432598,1.9984413766383788,BALANCE,1,-6.714373674023308e-06
1.8900000000000001,0.03377639300651378,0.0,0.0337475773334841,0.03340392641948858,0.09252139992186811,-0.17210068076738771,BALANCE,1,-6.714373674023308e-06
1.8920000000000001,0.03377639300651378,0.0,0.035281558121369745,0.034061097515146986,0.3285855478292014,2.7444067845442603,BALANCE,1,-6.714373674023308e-06
1.8940000000000001,0.03377639300651378,0.0,0.032213596545598466,0.033414472175805,-0.3233126696709915,4.6723502335424305,BALANCE,1,-6.714373674023308e-06
1.8960000000000001,0.03377639300651378,0.0,0.0337475773334841,0.033531058980992685,0.05829340259384114,-0.5816330268196315,BALANCE,1,-6.714373674023308e-06
1.8980000000000001,0.03377639300651378,0.0,0.032213596545598466,0.033069947128604706,-0.2305559261939899,2.47821075961029,BALANCE,1,-6.714373674023308e-06
1.9000000000000001,0.03377639300651378,0.0,0.03681553890925539,0.03438090425183244,0.6554785616138675,0.13974941816436304,BALANCE,1,-6.714373674023308e-06
1.9020000000000001,0.03377639300651378,0.0,0.032213596545598466,0.033622346554650545,-0.37927884859094774,7.3066827480208865,BALANCE,1,-6.714373674023308e-06
1.9040000000000001,0.03377639300651378,0.0,0.032213596545598466,0.03312928405148231,-0.24653125158411587,-1.0168899954485493,BALANCE,1,-6.714373674023308e-06
1.9060000000000001,0.03377639300651378,0.0,0.032213596545598466,0.032808793424422965,-0.16024531352967428,0.015507030416011869,BALANCE,1,-6.714373674023308e-06
1.9080000000000001,0.03377639300651378,0.0,0.0337475773334841,0.03313736779259436,0.16428718408569715,0.6865650972279838,BALANCE,1,-6.714373674023308e-06
1.9100000000000001,0.03377639300651378,0.0,0.0337475773334841,0.033350941131905766,0.10678666965570349,3.3025395402412387,BALANCE,1,-6.714373674023308e-06
1.9120000000000001,0.03377639300651378,0.0,0.0337475773334841,0.03348976380245818,0.06941133527620796,2.855349825159974,BALANCE,1,-6.714373674023308e-06
1.9140000000000001,0.03377639300651378,0.0,0.0337475773334841,0.03357999853831725,0.04511736792953483,2.5646765103571547,BALANCE,1,-6.714373674023308e-06
1.9160000000000001,0.03377639300651378,0.0,0.0337475773334841,0.033638651116625645,0.029326289154196772,2.375738855735314,BALANCE,1,-6.714373674023308e-06
1.9180000000000001,0.03377639300651378,0.0,0.0337475773334841,0.0336767752925261,0.019062087950227208,2.2529293802311128,BALANCE,1,-6.714373674023308e-06
1.92,0.03377639300651378,0.0,0.035281558121369745,0.034238449282621375,0.2808369950476376,2.173103221153384,BALANCE,1,-6.714373674023308e-06
1.922,0.03377639300651378,0.0,0.035281558121369745,0.0346035373761833,0.18254404678096428,4.3010029173383835,BALANCE,1,-6.714373674023308e-06
1.924,0.03377639300651378,0.0,0.035281558121369745,0.034840844636998554,0.11865363040762522,3.536564616818713,BALANCE,1,-6.714373674023308e-06
1.926,0.03377639300651378,0.0,0.0337475773334841,0.0344582010807685,-0.1913217781150285,3.039679721480915,BALANCE,1,-6.714373674023308e-06
1.928,0.03377639300651378,0.0,0.0337475773334841,0.03420948276921896,-0.12435915577476905,0.5369178399258818,BALANCE,1,-6.714373674023308e-06
1.93,0.03377639300651378,0.0,0.032213596545598466,0.033510922590951786,-0.3492800891335863,1.057695719954985,BALANCE,1,-6.714373674023308e-06
1.932,0.03377639300651378,0.0,0.0337475773334841,0.03359375175083809,0.04141457994315256,-0.7835853576115834,BALANCE,1,-6.714373674023308e-06
1.934,0.03377639300651378,0.0,0.035281558121369745,0.03418448398052417,0.2953661148430396,2.346941744595506,BALANCE,1,-6.714373674023308e-06
1.936,0.03377639300651378,0.0,0.035281558121369745,0.03456845992982012,0.19198797464797454,4.413997957575766,BALANCE,1,-6.714373674023308e-06
1.938,0.03377639300651378,0.0,0.0337475773334841,0.03428115102110251,-0.14365445435880406,3.6100113929730036,BALANCE,1,-6.714373674023308e-06
1.94,0.03377639300651378,0.0,0.032213596545598466,0.033557506954676096,-0.3618220332132077,0.9076334263957182,BALANCE,1,-6.714373674023308e-06
1.942,0.03377639300651378,0.0,0.032213596545598466,0.033087138311498926,-0.23518432158858502,-0.8811258484250959,BALANCE,1,-6.714373674023308e-06
1.944,0.03377639300651378,0.0,0.0337475773334841,0.03331829196919373,0.11557682884740308,0.10375372598125554,BALANCE,1,-6.714373674023308e-06
1.946,0.03377639300651378,0.0,0.03681553890925539,0.03454232839821531,0.61201821451079,2.9237121489308486,BALANCE,1,-6.714373674023308e-06
1.948,0.03377639300651378,0.0,0.032213596545598466,0.03372727224979941,-0.40752807420794956,6.968685419979238,BALANCE,1,-6.714373674023308e-06
1.95,0.03377639300651378,0.0,0.030679615757712823,0.032660592477569104,-0.5333398861151541,-1.2365882586756318,BALANCE,1,-6.714373674023308e-06
1.952,0.03377639300651378,0.0,0.032213596545598466,0.03250414390137938,-0.0782242880948622,-2.3070835402670866,BALANCE,1,-6.714373674023308e-06
1.954,0.03377639300651378,0.0,0.035281558121369745,0.033476238878376,0.4860474884983111,1.324454329323865,BALANCE,1,-6.714373674023308e-06
1.956,0.03377639300651378,0.0,0.0337475773334841,0.03357120733766383,0.04748422964391541,5.896954240689048,BALANCE,1,-6.714373674023308e-06
1.958,0.03377639300651378,0.0,0.032213596545598466,0.03309604356044095,-0.23758188861144197,2.3941462774111533,BALANCE,1,-6.714373674023308e-06
1.96,0.03377639300651378,0.0,0.035281558121369745,0.033860973656766026,0.3824650481625384,0.08510750473492124,BALANCE,1,-6.714373674023308e-06
1.962,0.03377639300651378,0.0,0.035281558121369745,0.034358178219377325,0.24860228130564946,5.0913788047062685,BALANCE,1,-6.714373674023308e-06
1.964,0.03377639300651378,0.0,0.030679615757712823,0.03307068135779475,-0.6437484307912876,4.050308943607835,BALANCE,1,-6.714373674023308e-06
1.966,0.03377639300651378,0.0,0.03681553890925539,0.03438138150080597,0.6553500715056094,-3.1657465648626157,BALANCE,1,-6.714373674023308e-06
1.968,0.03377639300651378,0.0,0.032213596545598466,0.03362265676648334,-0.3793623671613129,7.305683462093233,BALANCE,1,-6.714373674023308e-06
1.97,0.03377639300651378,0.0,0.035281558121369745,0.03420327224069358,0.29030773710512003,-1.0175395313015025,BALANCE,1,-6.714373674023308e-06
1.972,0.03377639300651378,0.0,0.032213596545598466,0.03350688574741029,-0.3481932466416482,4.3746582312825755,BALANCE,1,-6.714373674023308e-06
1.974,0.03377639300651378,0.0,0.032213596545598466,0.033054234526776145,-0.22632561031707063,-0.7751328282885686,BALANCE,1,-6.714373674023308e-06
1.976,0.03377639300651378,0.0,0.035281558121369745,0.0338337977848839,0.3897816290538772,0.1726491890700037,BALANCE,1,-6.714373674023308e-06
1.978,0.03377639300651378,0.0,0.032213596545598466,0.03326672735113399,-0.2835352168749534,5.148280899524051,BALANCE,1,-6.714373674023308e-06
1.98,0.03377639300651378,0.0,0.0337475773334841,0.03343502484495653,0.08414874691126811,-0.27227809393158786,BALANCE,1,-6.714373674023308e-06
1.982,0.03377639300651378,0.0,0.0337475773334841,0.033544418215941174,0.05469668549232254,2.6792914659875366,BALANCE,1,-6.714373674023308e-06
1.984,0.03377639300651378,0.0,0.0337475773334841,0.033615523907081196,0.03555284557001104,2.4502385768950505,BALANCE,1,-6.714373674023308e-06
1.986,0.03377639300651378,0.0,0.032213596545598466,0.033124849330562235,-0.2453372882594805,2.30135419898496,BALANCE,1,-6.714373674023308e-06
1.988,0.03377639300651378,0.0,0.032213596545598466,0.03280591085582491,-0.1594692373686618,0.02479265375788997,BALANCE,1,-6.714373674023308e-06
1.99,0.03377639300651378,0.0,0.0337475773334841,0.03313549412300563,0.1647916335903582,0.6926007524002002,BALANCE,1,-6.714373674023308e-06
1.992,0.03377639300651378,0.0,0.0337475773334841,0.03334972324667309,0.10711456183373075,3.306462716103203,BALANCE,1,-6.714373674023308e-06
1.994,0.03377639300651378,0.0,0.0337475773334841,0.033488972177056944,0.06962446519192741,2.8578998894702314,BALANCE,1,-6.714373674023308e-06
1.996,0.03377639300651378,0.0,0.035281558121369745,0.03411637725756642,0.31370254025473926,2.566334052158836,BALANCE,1,-6.714373674023308e-06
1.998,0.03377639300651378,0.0,0.035281558121369745,0.03452419055989758,0.20390665116558002,4.556602957491899,BALANCE,1,-6.714373674023308e-06
2.0,0.03377639300651378,0.0,0.035281558121369745,0.034789269206412836,0.1325393232576265,3.702704642918495,BALANCE,1,-6.714373674023308e-06
2.0020000000000002,0.03377639300651378,0.0,0.0337475773334841,0.034424677050887774,-0.18229607776253098,3.1476707384457825,BALANCE,1,-6.714373674023308e-06
2.004,0.03377639300651378,0.0,0.0337475773334841,0.034187692149796486,-0.11849245054564375,0.6071120009530184,BALANCE,1,-6.714373674023308e-06
2.0060000000000002,0.03377639300651378,0.0,0.0337475773334841,0.03403365196408715,-0.07702009285466896,1.1033219246226393,BALANCE,1,-6.714373674023308e-06
2.008,0.03377639300651378,0.0,0.030679615757712823,0.032859739291856135,-0.5869563361155066,1.4258583750078773,BALANCE,1,-6.714373674023308e-06
2.0100000000000002,0.03377639300651378,0.0,0.0337475773334841,0.033170482606425924,0.15537165728489455,-2.7240663314126845,BALANCE,1,-6.714373674023308e-06
2.012,0.03377639300651378,0.0,0.035281558121369745,0.03390935903665626,0.36943821511516844,3.233202214664712,BALANCE,1,-6.714373674023308e-06
2.0140000000000002,0.03377639300651378,0.0,0.0337475773334841,0.033852735440546004,-0.02831179805512854,4.990067263120723,BALANCE,1,-6.714373674023308e-06
2.016,0.03377639300651378,0.0,0.035281558121369745,0.03435282337883431,0.2500439691441522,1.804669741991732,BALANCE,1,-6.714373674023308e-06
2.0180000000000002,0.03377639300651378,0.0,0.030679615757712823,0.033067200711441785,-0.6428113336962616,4.061521155883277,BALANCE,1,-6.714373674023308e-06
2.02,0.03377639300651378,0.0,0.032213596545598466,0.03276843925339662,-0.14938072902258293,-3.158458626883586,BALANCE,1,-6.714373674023308e-06
2.0220000000000002,0.03377639300651378,0.0,0.035281558121369745,0.03364803085718721,0.43979580189529643,0.7710605230231338,BALANCE,1,-6.714373674023308e-06
2.024,0.03377639300651378,0.0,0.0337475773334841,0.03368287212389112,0.017420633351954845,5.537248266593604,BALANCE,1,-6.714373674023308e-06
2.0260000000000002,0.03377639300651378,0.0,0.0337475773334841,0.033705518947248665,0.011323411678771517,2.1603373942491064,BALANCE,1,-6.714373674023308e-06
2.028,0.03377639300651378,0.0,0.035281558121369745,0.03425713265819104,0.2758068554711869,2.1129184302650916,BALANCE,1,-6.714373674023308e-06
2.0300000000000002,0.03377639300651378,0.0,0.0337475773334841,0.03407878829454361,-0.08917218182371428,4.261882803260957,BALANCE,1,-6.714373674023308e-06
2.032,0.03377639300651378,0.0,0.0337475773334841,0.03396286445817278,-0.05796191818541532,1.3313498430829025,BALANCE,1,-6.714373674023308e-06
2.0340000000000003,0.03377639300651378,0.0,0.0337475773334841,0.03388751396453174,-0.03767524682051979,1.5740765220070443,BALANCE,1,-6.714373674023308e-06
2.036,0.03377639300651378,0.0,0.035281558121369745,0.03437542941942504,0.24395772744665103,1.7318488633077462,BALANCE,1,-6.714373674023308e-06
2.0380000000000003,0.03377639300651378,0.0,0.032213596545598466,0.03361878791358574,-0.37832075291965167,4.0141875847387105,BALANCE,1,-6.714373674023308e-06
2.04,0.03377639300651378,0.0,0.0337475773334841,0.03366386421055016,0.022538148482211667,-1.009438748542069,BALANCE,1,-6.714373674023308e-06
2.0420000000000003,0.03377639300651378,0.0,0.0337475773334841,0.033693163803577036,0.014649796513437063,2.200137040490703,BALANCE,1,-6.714373674023308e-06
2.044,0.03377639300651378,0.0,0.03681553890925539,0.03478599509056446,0.5464156434937112,2.138788200322119,BALANCE,1,-6.714373674023308e-06
2.0460000000000003,0.03377639300651378,0.0,0.0337475773334841,0.03442254887558633,-0.18172310748906448,6.458484853383557,BALANCE,1,-6.714373674023308e-06
2.048,0.03377639300651378,0.0,0.0337475773334841,0.03418630883585055,-0.11812001986789139,0.6115680726226638,BALANCE,1,-6.714373674023308e-06
2.05,0.03377639300651378,0.0,0.0337475773334841,0.03403275281002229,-0.07677801291412767,1.106218371207902,BALANCE,1,-6.714373674023308e-06
2.052,0.03377639300651378,0.0,0.0337475773334841,0.033932941393233926,-0.049905708394182985,1.4277410652883162,BALANCE,1,-6.714373674023308e-06
2.054,0.03377639300651378,0.0,0.032213596545598466,0.03333117069656151,-0.30088534833620784,1.6367308164405718,BALANCE,1,-6.714373674023308e-06
2.056,0.03377639300651378,0.0,0.03681553890925539,0.034550699571004366,0.6097644372214279,-0.40721254489597203,BALANCE,1,-6.714373674023308e-06
2.058,0.03377639300651378,0.0,0.0337475773334841,0.03426960678787227,-0.14054639156604876,6.951157472031685,BALANCE,1,-6.714373674023308e-06
2.06,0.03377639300651378,0.0,0.035281558121369745,0.03462378975459638,0.177091483362056,0.931805274743946,BALANCE,1,-6.714373674023308e-06
2.062,0.03377639300651378,0.0,0.0337475773334841,0.03431711540720708,-0.15333717369464886,3.494159252172231,BALANCE,1,-6.714373674023308e-06
2.064,0.03377639300651378,0.0,0.032213596545598466,0.033580883805644064,-0.36811580078150924,0.8323295348752342,BALANCE,1,-6.714373674023308e-06
2.066,0.03377639300651378,0.0,0.035281558121369745,0.03417611981614805,0.2976180052519928,-0.93007337791343,BALANCE,1,-6.714373674023308e-06
2.068,0.03377639300651378,0.0,0.032213596545598466,0.033489236671455695,-0.3434415723461773,4.431511230984825,BALANCE,1,-6.714373674023308e-06
2.07,0.03377639300651378,0.0,0.0337475773334841,0.03357965590316563,0.04520961585496863,-0.7381783784820763,BALANCE,1,-6.714373674023308e-06
2.072,0.03377639300651378,0.0,0.0337475773334841,0.03363842840377709,0.029386250305730305,2.376456281029687,BALANCE,1,-6.714373674023308e-06
2.074,0.03377639300651378,0.0,0.035281558121369745,0.03421352380493452,0.2875477005787122,2.2533957066724684,BALANCE,1,-6.714373674023308e-06
2.076,0.03377639300651378,0.0,0.035281558121369745,0.03458733581568685,0.18690600537616536,4.353193032925769,BALANCE,1,-6.714373674023308e-06
2.078,0.03377639300651378,0.0,0.0337475773334841,0.03429342034691588,-0.14695773438548262,3.570488191950534,BALANCE,1,-6.714373674023308e-06
2.08,0.03377639300651378,0.0,0.032213596545598466,0.03356548201645478,-0.3639691652305502,0.8819433457310921,BALANCE,1,-6.714373674023308e-06
2.082,0.03377639300651378,0.0,0.035281558121369745,0.034166108653175015,0.300313318360116,-0.8978244008571146,BALANCE,1,-6.714373674023308e-06
2.084,0.03377639300651378,0.0,0.032213596545598466,0.03348272941552322,-0.34168961882589594,4.452473066071429,BALANCE,1,-6.714373674023308e-06
2.086,0.03377639300651378,0.0,0.03681553890925539,0.03464921273832948,0.5832416614031284,-0.7245531856757741,BALANCE,1,-6.714373674023308e-06
2.088,0.03377639300651378,0.0,0.032213596545598466,0.03379674707087362,-0.42623283372792903,6.7448860555247965,BALANCE,1,-6.714373674023308e-06
2.09,0.03377639300651378,0.0,0.0337475773334841,0.03377953766278729,-0.008604704043166378,-1.382057845571015,BALANCE,1,-6.714373674023308e-06
2.092,0.03377639300651378,0.0,0.035281558121369745,0.03430524482329115,0.26285358025193023,1.9579346274219063,BALANCE,1,-6.714373674023308e-06
2.094,0.03377639300651378,0.0,0.032213596545598466,0.033573167926098706,-0.36603844859622175,4.1611433314129105,BALANCE,1,-6.714373674023308e-06
2.096,0.03377639300651378,0.0,0.0337475773334841,0.03363421121868359,0.030521646292441806,-0.9139175132038515,BALANCE,1,-6.714373674023308e-06
2.098,0.03377639300651378,0.0,0.03681553890925539,0.03474767591038372,0.5567323458500646,2.26222584346055,BALANCE,1,-6.714373674023308e-06
2.1,0.03377639300651378,0.0,0.032213596545598466,0.033860748132708875,-0.4434638888374219,6.53871932142354,BALANCE,1,-6.714373674023308e-06
2.102,0.03377639300651378,0.0,0.0337475773334841,0.0338211383529802,-0.019804889864336733,-1.5160662227368427,BALANCE,1,-6.714373674023308e-06
2.104,0.03377639300651378,0.0,0.030679615757712823,0.03272160544463662,-0.5497664541717906,1.8708291822641183,BALANCE,1,-6.714373674023308e-06
2.106,0.03377639300651378,0.0,0.035281558121369745,0.03361758888149321,0.44799171842829427,-2.4348353066961277,BALANCE,1,-6.714373674023308e-06
2.108,0.03377639300651378,0.0,0.035281558121369745,0.034199978115449996,0.29119461697839355,5.600989080315946,BALANCE,1,-6.714373674023308e-06
2.11,0.03377639300651378,0.0,0.035281558121369745,0.034578531117521905,0.18927650103595442,4.381555622754148,BALANCE,1,-6.714373674023308e-06
2.112,0.03377639300651378,0.0,0.03681553890925539,0.03536148384462862,0.39147636355335924,3.588923875338949,BALANCE,1,-6.714373674023308e-06
2.114,0.03377639300651378,0.0,0.032213596545598466,0.03425972328996807,-0.5508802773302769,5.253499939104591,BALANCE,1,-6.714373674023308e-06
2.116,0.03377639300651378,0.0,0.0337475773334841,0.03408047220519868,-0.08962554238469561,-2.351458821244131,BALANCE,1,-6.714373674023308e-06
2.118,0.03377639300651378,0.0,0.0337475773334841,0.033963959000098576,-0.058256602550051106,1.3278239932343556,BALANCE,1,-6.714373674023308e-06
2.12,0.03377639300651378,0.0,0.035281558121369745,0.034425118692543485,0.2305798462224548,1.5717847196055055,BALANCE,1,-6.714373674023308e-06
2.122,0.03377639300651378,0.0,0.0337475773334841,0.0341879792168727,-0.1185697378353924,3.9101458913322475,BALANCE,1,-6.714373674023308e-06
2.124,0.03377639300651378,0.0,0.0337475773334841,0.034033838557686685,-0.07707032959300766,1.102720850329223,BALANCE,1,-6.714373674023308e-06
2.126,0.03377639300651378,0.0,0.0337475773334841,0.03393364712921578,-0.05009571423545203,1.4254676767171397,BALANCE,1,-6.714373674023308e-06
2.128,0.03377639300651378,0.0,0.0337475773334841,0.03386852270070969,-0.03256221425304573,1.6352531138693307,BALANCE,1,-6.714373674023308e-06
2.13,0.03377639300651378,0.0,0.0337475773334841,0.03382619182218073,-0.02116543926447903,1.7716136480182154,BALANCE,1,-6.714373674023308e-06
2.132,0.03377639300651378,0.0,0.0337475773334841,0.03379867675113691,-0.013757535521911196,1.8602479952150117,BALANCE,1,-6.714373674023308e-06
2.134,0.03377639300651378,0.0,0.030679615757712823,0.032707005403438474,-0.5458356738492175,1.917860320892925,BALANCE,1,-6.714373674023308e-06
2.136,0.03377639300651378,0.0,0.03681553890925539,0.034144992130474394,0.7189933635179598,-2.404265066587431,BALANCE,1,-6.714373674023308e-06
2.138,0.03377639300651378,0.0,0.0337475773334841,0.03400589695152779,-0.06954758947330317,7.800646435972142,BALANCE,1,-6.714373674023308e-06
2.14,0.03377639300651378,0.0,0.02914563496982718,0.03230480525793257,-0.8505458467976089,1.483973101305242,BALANCE,1,-6.714373674023308e-06
2.142,0.03377639300651378,0.0,0.032213596545598466,0.032272882208615634,-0.015961524658467813,-4.8660784589049175,BALANCE,1,-6.714373674023308e-06
2.144,0.03377639300651378,0.0,0.0337475773334841,0.032789025502319595,0.2580716468519803,1.8086807352491956,BALANCE,1,-6.714373674023308e-06
2.146,0.03377639300651378,0.0,0.035281558121369745,0.033661411918987146,0.43619320833377523,4.031914704955018,BALANCE,1,-6.714373674023308e-06
2.148,0.03377639300651378,0.0,0.035281558121369745,0.034228463089821054,0.2835255854169542,5.509230381809431,BALANCE,1,-6.714373674023308e-06
2.15,0.03377639300651378,0.0,0.0337475773334841,0.03406015307510312,-0.08415500735896655,4.321912468724896,BALANCE,1,-6.714373674023308e-06
2.152,0.03377639300651378,0.0,0.0337475773334841,0.03395075156553646,-0.05470075478333086,1.3703691256344548,BALANCE,1,-6.714373674023308e-06
2.154,0.03377639300651378,0.0,0.0337475773334841,0.03387964058431813,-0.03555549060916402,1.5994390556655405,BALANCE,1,-6.714373674023308e-06
2.156,0.03377639300651378,0.0,0.03681553890925539,0.03490720499804617,0.5137822068640198,1.7483345101857757,BALANCE,1,-6.714373674023308e-06
2.158,0.03377639300651378,0.0,0.0337475773334841,0.034501335315449445,-0.20293484129836267,6.204689954794929,BALANCE,1,-6.714373674023308e-06
2.16,0.03377639300651378,0.0,0.0337475773334841,0.03423752002176157,-0.1319076468439366,0.4466013885400655,BALANCE,1,-6.714373674023308e-06
2.162,0.03377639300651378,0.0,0.032213596545598466,0.033529146805104486,-0.35418660832854315,0.9989900265542013,BALANCE,1,-6.714373674023308e-06
2.164,0.03377639300651378,0.0,0.0337475773334841,0.03360559749003735,0.038225342466433054,-0.8217440583220759,BALANCE,1,-6.714373674023308e-06
2.166,0.03377639300651378,0.0,0.0337475773334841,0.033655290435243713,0.02484647260318079,2.3221385891337056,BALANCE,1,-6.714373674023308e-06
2.168,0.03377639300651378,0.0,0.0337475773334841,0.033687590849627844,0.016150207192065086,2.218089206940069,BALANCE,1,-6.714373674023308e-06
2.17,0.03377639300651378,0.0,0.035281558121369745,0.03424547939473751,0.27894427255483256,2.1504571085141917,BALANCE,1,-6.714373674023308e-06
2.172,0.03377639300651378,0.0,0.0337475773334841,0.034071213673298816,-0.08713286071934667,4.286282944122911,BALANCE,1,-6.714373674023308e-06
2.174,0.03377639300651378,0.0,0.032213596545598466,0.03342104767860369,-0.325082997347563,1.3472099346431556,BALANCE,1,-6.714373674023308e-06
2.176,0.03377639300651378,0.0,0.0337475773334841,0.03353533305781183,0.05714268960407137,-0.5954011180642826,BALANCE,1,-6.714373674023308e-06
2.178,0.03377639300651378,0.0,0.030679615757712823,0.032535832002777175,-0.4997505275173286,2.4692615003012808,BALANCE,1,-6.714373674023308e-06
2.18,0.03377639300651378,0.0,0.032213596545598466,0.032423049592764625,-0.05639120500627523,-2.0458542999719986,BALANCE,1,-6.714373674023308e-06
2.182,0.03377639300651378,0.0,0.032213596545598466,0.032349741026256464,-0.03665428325408046,1.4942533355156755,BALANCE,1,-6.714373674023308e-06
2.184,0.03377639300651378,0.0,0.035281558121369745,0.03337587700954611,0.5130679916448243,1.647750195542744,BALANCE,1,-6.714373674023308e-06
2.186,0.03377639300651378,0.0,0.0337475773334841,0.03350597212292441,0.06504755668914827,6.1070965537313615,BALANCE,1,-6.714373674023308e-06
2.188,0.03377639300651378,0.0,0.035281558121369745,0.034127427222380276,0.31072754972793354,2.530738780888651,BALANCE,1,-6.714373674023308e-06
2.19,0.03377639300651378,0.0,0.032213596545598466,0.03345758648550664,-0.3349203684368182,4.533466031166284,BALANCE,1,-6.714373674023308e-06
2.192,0.03377639300651378,0.0,0.032213596545598466,0.033022190006538776,-0.2176982394839315,-0.6719077583641475,BALANCE,1,-6.714373674023308e-06
2.194,0.03377639300651378,0.0,0.035281558121369745,0.033812968846729616,0.3953894200954197,0.23974548452087463,BALANCE,1,-6.714373674023308e-06
2.196,0.03377639300651378,0.0,0.030679615757712823,0.032716295265573736,-0.5483367905779398,5.191893491567135,BALANCE,1,-6.714373674023308e-06
2.198,0.03377639300651378,0.0,0.035281558121369745,0.03361413726510234,0.44892099976430105,-2.4237166086890944,BALANCE,1,-6.714373674023308e-06
2.2,0.03377639300651378,0.0,0.035281558121369745,0.034197734564795926,0.29179864984679377,5.608216234020549,BALANCE,1,-6.714373674023308e-06
2.202,0.03377639300651378,0.0,0.032213596545598466,0.03350328625807681,-0.3472241533595578,4.386253272662106,BALANCE,1,-6.714373674023308e-06
2.204,0.03377639300651378,0.0,0.032213596545598466,0.03305189485870939,-0.22569569968371173,-0.767596051391854,BALANCE,1,-6.714373674023308e-06
2.206,0.03377639300651378,0.0,0.030679615757712823,0.03222159717336059,-0.4151488426743996,0.1775480940528693,BALANCE,1,-6.714373674023308e-06
2.208,0.03377639300651378,0.0,0.032213596545598466,0.032218796953643845,-0.0014001098583710236,-1.3878949109935617,BALANCE,1,-6.714373674023308e-06
2.21,0.03377639300651378,0.0,0.03681553890925539,0.033827656638107884,0.8044298422320191,1.9219269383516626,BALANCE,1,-6.714373674023308e-06
2.212,0.03377639300651378,0.0,0.0337475773334841,0.03379962888148956,-0.014013878309161731,8.465098136142625,BALANCE,1,-6.714373674023308e-06
2.214,0.03377639300651378,0.0,0.03681553890925539,0.0348551973912076,0.5277842548590191,1.9158667064160797,BALANCE,1,-6.714373674023308e-06
2.216,0.03377639300651378,0.0,0.035281558121369745,0.03500442364676435,0.07461312777837584,6.31358588234461,BALANCE,1,-6.714373674023308e-06
2.218,0.03377639300651378,0.0,0.0337475773334841,0.034564527437116264,-0.21994810482404287,2.697170441032868,BALANCE,1,-6.714373674023308e-06
2.22,0.03377639300651378,0.0,0.032213596545598466,0.03374170162508503,-0.4114129060156166,0.314286807634633,BALANCE,1,-6.714373674023308e-06
2.222,0.03377639300651378,0.0,0.0337475773334841,0.0337437581230247,0.0010282489698344721,-1.266801150619831,BALANCE,1,-6.714373674023308e-06
2.224,0.03377639300651378,0.0,0.0337475773334841,0.03374509484668549,0.0006683618303943151,2.0328514791401577,BALANCE,1,-6.714373674023308e-06
2.226,0.03377639300651378,0.0,0.03681553890925539,0.03481975026858495,0.5373277109497303,2.0300525854442837,BALANCE,1,-6.714373674023308e-06
2.228,0.03377639300651378,0.0,0.0337475773334841,0.03444448974129965,-0.1876302636426505,6.38780670371294,BALANCE,1,-6.714373674023308e-06
2.23,0.03377639300651378,0.0,0.0337475773334841,0.0342005703985642,-0.12195967136772318,0.5656272753367748,BALANCE,1,-6.714373674023308e-06
2.232,0.03377639300651378,0.0,0.02914563496982718,0.032431342998506245,-0.8846137000289785,1.0763568529720668,BALANCE,1,-6.714373674023308e-06
2.234,0.03377639300651378,0.0,0.03681553890925539,0.03396581156726844,0.7672342843810971,-5.131029020321454,BALANCE,1,-6.714373674023308e-06
2.236,0.03377639300651378,0.0,0.03681553890925539,0.03496321613696387,0.498702284847715,8.175822969084884,BALANCE,1,-6.714373674023308e-06
2.238,0.03377639300651378,0.0,0.032213596545598466,0.03400084927998598,-0.4811834284889453,6.087411246999553,BALANCE,1,-6.714373674023308e-06
2.24,0.03377639300651378,0.0,0.0337475773334841,0.03391220409871032,-0.04432259063782973,-1.8094164711124034,BALANCE,1,-6.714373674023308e-06
2.242,0.03377639300651378,0.0,0.0337475773334841,0.03385458473088114,-0.028809683914589324,1.6801515208199813,BALANCE,1,-6.714373674023308e-06
2.244,0.03377639300651378,0.0,0.0337475773334841,0.033817132141792175,-0.018726294544482713,1.800797612536154,BALANCE,1,-6.714373674023308e-06
2.246,0.03377639300651378,0.0,0.032213596545598466,0.03325589468312438,-0.28061872933389864,1.8792175721516688,BALANCE,1,-6.714373674023308e-06
2.248,0.03377639300651378,0.0,0.035281558121369745,0.03396487688651025,0.35449110169293724,-0.24959615368372656,BALANCE,1,-6.714373674023308e-06
2.25,0.03377639300651378,0.0,0.0337475773334841,0.0338888220429511,-0.03802742177957605,4.8738214267341124,BALANCE,1,-6.714373674023308e-06
2.2520000000000002,0.03377639300651378,0.0,0.030679615757712823,0.0327655998431177,-0.5616110999167,1.7291099483404577,BALANCE,1,-6.714373674023308e-06
2.254,0.03377639300651378,0.0,0.032213596545598466,0.03257239868898597,-0.09660057706586608,-2.526952808746538,BALANCE,1,-6.714373674023308e-06
2.2560000000000002,0.03377639300651378,0.0,0.03834951969714103,0.034594391041840235,1.0109961764271334,1.1815393048122294,BALANCE,1,-6.714373674023308e-06
2.258,0.03377639300651378,0.0,0.035281558121369745,0.03483489951967556,0.12025423891766363,10.163632873927481,BALANCE,1,-6.714373674023308e-06
2.2600000000000002,0.03377639300651378,0.0,0.030679615757712823,0.0333805502029886,-0.7271746583434809,3.0521278825218427,BALANCE,1,-6.714373674023308e-06
2.262,0.03377639300651378,0.0,0.0337475773334841,0.03350900969866202,0.06422974783671168,-3.8145642545685314,BALANCE,1,-6.714373674023308e-06
2.2640000000000002,0.03377639300651378,0.0,0.0337475773334841,0.03359250837084975,0.04174933609386172,2.524378564613415,BALANCE,1,-6.714373674023308e-06
2.266,0.03377639300651378,0.0,0.035281558121369745,0.03418367578353174,0.2955837063409981,2.3495451910018788,BALANCE,1,-6.714373674023308e-06
2.2680000000000002,0.03377639300651378,0.0,0.035281558121369745,0.03456793460177504,0.19212940912164897,4.41569019773989,BALANCE,1,-6.714373674023308e-06
2.27,0.03377639300651378,0.0,0.032213596545598466,0.033743916282113234,-0.41200915983090336,3.611111349079694,BALANCE,1,-6.714373674023308e-06
2.2720000000000002,0.03377639300651378,0.0,0.0337475773334841,0.03374519765009303,0.0006406839898991101,-1.271438301720433,BALANCE,1,-6.714373674023308e-06
2.274,0.03377639300651378,0.0,0.0337475773334841,0.0337460305392799,0.00041644459343459506,2.0298373309247753,BALANCE,1,-6.714373674023308e-06
2.2760000000000002,0.03377639300651378,0.0,0.030679615757712823,0.03267278536573142,-0.5366225867742408,2.0280933891042707,BALANCE,1,-6.714373674023308e-06
2.278,0.03377639300651378,0.0,0.030679615757712823,0.03197517600292491,-0.34880468140325444,-2.3326135722500414,BALANCE,1,-6.714373674023308e-06
2.2800000000000002,0.03377639300651378,0.0,0.0337475773334841,0.032595516468620626,0.31017023284785755,-0.8719268910505409,BALANCE,1,-6.714373674023308e-06
2.282,0.03377639300651378,0.0,0.0337475773334841,0.03299873777132284,0.20161065135110637,4.437092850900098,BALANCE,1,-6.714373674023308e-06
2.2840000000000003,0.03377639300651378,0.0,0.032213596545598466,0.032723938342319306,-0.13739971450176663,3.5928094770882213,BALANCE,1,-6.714373674023308e-06
2.286,0.03377639300651378,0.0,0.0337475773334841,0.033082211989226985,0.17913682345383972,0.8642385845250253,BALANCE,1,-6.714373674023308e-06
2.2880000000000003,0.03377639300651378,0.0,0.0337475773334841,0.03331508985971697,0.11643893524499252,3.418027306984337,BALANCE,1,-6.714373674023308e-06
2.29,0.03377639300651378,0.0,0.032213596545598466,0.032929567199775495,-0.19276132997073786,2.930416873542958,BALANCE,1,-6.714373674023308e-06
2.2920000000000003,0.03377639300651378,0.0,0.0337475773334841,0.033215870746573506,0.14315177339900564,0.4336833922206269,BALANCE,1,-6.714373674023308e-06
2.294,0.03377639300651378,0.0,0.0337475773334841,0.03340196805199221,0.09304865270935367,3.1381664319864555,BALANCE,1,-6.714373674023308e-06
2.2960000000000003,0.03377639300651378,0.0,0.0337475773334841,0.03352293130051437,0.060481624261077976,2.7485073047943622,BALANCE,1,-6.714373674023308e-06
2.298,0.03377639300651378,0.0,0.032213596545598466,0.0330646641362938,-0.229133582110283,2.495228872119486,BALANCE,1,-6.714373674023308e-06
2.3000000000000003,0.03377639300651378,0.0,0.0337475773334841,0.033303683755310405,0.11950980950830095,0.15081119129536402,BALANCE,1,-6.714373674023308e-06
2.302,0.03377639300651378,0.0,0.032213596545598466,0.03292215323191122,-0.19076526169959154,2.954299501385032,BALANCE,1,-6.714373674023308e-06
2.3040000000000003,0.03377639300651378,0.0,0.035281558121369745,0.033747944943221704,0.412895855655241,0.449207100317941,BALANCE,1,-6.714373674023308e-06
2.306,0.03377639300651378,0.0,0.0337475773334841,0.03374781627981354,-6.433170408187694e-05,5.32804354183523,BALANCE,1,-6.714373674023308e-06
2.308,0.03377639300651378,0.0,0.0337475773334841,0.03374773264859823,-4.1815607653566955e-05,2.0243543231561576,BALANCE,1,-6.714373674023308e-06
2.31,0.03377639300651378,0.0,0.0337475773334841,0.03374767828830828,-2.7180144974991993e-05,2.0245294340546653,BALANCE,1,-6.714373674023308e-06
2.312,0.03377639300651378,0.0,0.035281558121369745,0.03428453622987979,0.26842897078575495,2.024643256138697,BALANCE,1,-6.714373674023308e-06
2.314,0.03377639300651378,0.0,0.0337475773334841,0.034096600616141295,-0.09396780686924885,4.204503940078827,BALANCE,1,-6.714373674023308e-06
2.316,0.03377639300651378,0.0,0.0337475773334841,0.03397444246721128,-0.06107907446500915,1.294053582014487,BALANCE,1,-6.714373674023308e-06
2.318,0.03377639300651378,0.0,0.035281558121369745,0.03443193294616674,0.22874523947773173,1.5498339523126035,BALANCE,1,-6.714373674023308e-06
2.32,0.03377639300651378,0.0,0.032213596545598466,0.033655515205967844,-0.3882088700994483,3.8958778925918582,BALANCE,1,-6.714373674023308e-06
2.322,0.03377639300651378,0.0,0.035281558121369745,0.03422463022635851,0.28455751019533165,-1.086340048437516,BALANCE,1,-6.714373674023308e-06
2.324,0.03377639300651378,0.0,0.0337475773334841,0.034057661713852466,-0.08348425625302053,4.329937895144164,BALANCE,1,-6.714373674023308e-06
2.326,0.03377639300651378,0.0,0.0337475773334841,0.03394913218072353,-0.054264766564466466,1.3755856528069836,BALANCE,1,-6.714373674023308e-06
2.328,0.03377639300651378,0.0,0.0337475773334841,0.03387858798418973,-0.03527209826690095,1.6028297983276805,BALANCE,1,-6.714373674023308e-06
2.33,0.03377639300651378,0.0,0.035281558121369745,0.03436962753220273,0.24551977400650085,1.7505384929161762,BALANCE,1,-6.714373674023308e-06
2.332,0.03377639300651378,0.0,0.0337475773334841,0.03415190996265121,-0.10885878477576161,4.026335843984171,BALANCE,1,-6.714373674023308e-06
2.334,0.03377639300651378,0.0,0.0337475773334841,0.03401039354244272,-0.07075821010424366,1.17824431955298,BALANCE,1,-6.714373674023308e-06
2.336,0.03377639300651378,0.0,0.032213596545598466,0.03338151459354723,-0.31443947444774467,1.474557931712614,BALANCE,1,-6.714373674023308e-06
2.338,0.03377639300651378,0.0,0.032213596545598466,0.032972743276765165,-0.20438565839103404,-0.5126249199691233,BALANCE,1,-6.714373674023308e-06
2.34,0.03377639300651378,0.0,0.0337475773334841,0.03324393519661679,0.13559595992581122,0.34327932947763773,BALANCE,1,-6.714373674023308e-06
2.342,0.03377639300651378,0.0,0.035281558121369745,0.03395710322028032,0.3565840118317648,3.079403791203497,BALANCE,1,-6.714373674023308e-06
2.344,0.03377639300651378,0.0,0.032213596545598466,0.03334687588414167,-0.3051136680693248,4.890098287870938,BALANCE,1,-6.714373674023308e-06
2.346,0.03377639300651378,0.0,0.035281558121369745,0.03402401466717149,0.3385693915149111,-0.44009679150609804,BALANCE,1,-6.714373674023308e-06
2.348,0.03377639300651378,0.0,0.032213596545598466,0.03339036832462093,-0.3168231712752795,4.749996012149579,BALANCE,1,-6.714373674023308e-06
2.35,0.03377639300651378,0.0,0.035281558121369745,0.034052284753483014,0.3309582144310416,-0.53116327072498,BALANCE,1,-6.714373674023308e-06
2.352,0.03377639300651378,0.0,0.032213596545598466,0.03340874388072342,-0.32177043637979585,4.690802800657314,BALANCE,1,-6.714373674023308e-06
2.354,0.03377639300651378,0.0,0.035281558121369745,0.034064228864949635,0.32774249211310613,-0.5696388581949616,BALANCE,1,-6.714373674023308e-06
2.356,0.03377639300651378,0.0,0.032213596545598466,0.033416507553176725,-0.32386065588645496,4.665793668801827,BALANCE,1,-6.714373674023308e-06
2.358,0.03377639300651378,0.0,0.0337475773334841,0.0335323819762843,0.057937211553789336,-0.5858947939010362,BALANCE,1,-6.714373674023308e-06
2.36,0.03377639300651378,0.0,0.0337475773334841,0.03360770035130423,0.0376591875099648,2.475440611007373,BALANCE,1,-6.714373674023308e-06
2.362,0.03377639300651378,0.0,0.032213596545598466,0.03311976401930721,-0.24396816599851073,2.3177355211579727,BALANCE,1,-6.714373674023308e-06
2.364,0.03377639300651378,0.0,0.035281558121369745,0.033876391955029096,0.37831396786094235,0.0354405131703468,BALANCE,1,-6.714373674023308e-06
2.366,0.03377639300651378,0.0,0.035281558121369745,0.03436820011324832,0.24590407910961287,5.0590952601892845,BALANCE,1,-6.714373674023308e-06
2.368,0.03377639300651378,0.0,0.032213596545598466,0.033614088864570874,-0.3770556243387242,4.0293246396718025,BALANCE,1,-6.714373674023308e-06
2.37,0.03377639300651378,0.0,0.035281558121369745,0.03419770310445048,0.2918071199398027,-0.999599662835541,BALANCE,1,-6.714373674023308e-06
2.372,0.03377639300651378,0.0,0.0337475773334841,0.03404015908461225,-0.0787720099191154,4.38631914578545,BALANCE,1,-6.714373674023308e-06
2.374,0.03377639300651378,0.0,0.032213596545598466,0.03340086219595742,-0.3196484443274139,1.4122334657238118,BALANCE,1,-6.714373674023308e-06
2.376,0.03377639300651378,0.0,0.035281558121369745,0.03405910576985173,0.32912178694715494,-0.5531358228618659,BALANCE,1,-6.714373674023308e-06
2.378,0.03377639300651378,0.0,0.0337475773334841,0.033950070817123056,-0.05451747636433732,4.676520641768343,BALANCE,1,-6.714373674023308e-06
2.38,0.03377639300651378,0.0,0.035281558121369745,0.034416091373609396,0.23301027824317033,1.6008644381126846,BALANCE,1,-6.714373674023308e-06
2.382,0.03377639300651378,0.0,0.032213596545598466,0.033645218183805566,-0.38543659490191534,3.9290477083619266,BALANCE,1,-6.714373674023308e-06
2.384,0.03377639300651378,0.0,0.032213596545598466,0.033144150610433076,-0.2505337866862446,-1.064779668186989,BALANCE,1,-6.714373674023308e-06
2.386,0.03377639300651378,0.0,0.035281558121369745,0.033892243239260905,0.37404631441391445,-0.0156212568639722,BALANCE,1,-6.714373674023308e-06
2.388,0.03377639300651378,0.0,0.035281558121369745,0.034378503447999,0.24313010436904578,5.0259051096669705,BALANCE,1,-6.714373674023308e-06
2.39,0.03377639300651378,0.0,0.030679615757712823,0.033083892756398836,-0.6473053458000804,4.007751041832306,BALANCE,1,-6.714373674023308e-06
2.392,0.03377639300651378,0.0,0.03681553890925539,0.03438996890989863,0.6530380767498962,-3.1934092010167126,BALANCE,1,-6.714373674023308e-06
2.394,0.03377639300651378,0.0,0.032213596545598466,0.03362823858239357,-0.38086516375252993,7.287702748593087,BALANCE,1,-6.714373674023308e-06
2.396,0.03377639300651378,0.0,0.035281558121369745,0.034206900421035226,0.2893309193208286,-1.0292269950766255,BALANCE,1,-6.714373674023308e-06
2.398,0.03377639300651378,0.0,0.0337475773334841,0.03404613734039233,-0.0803815403214482,4.367061379828742,BALANCE,1,-6.714373674023308e-06
2.4,0.03377639300651378,0.0,0.0337475773334841,0.03394164133797445,-0.052248001208940464,1.3997159178519543,BALANCE,1,-6.714373674023308e-06
2.402,0.03377639300651378,0.0,0.0337475773334841,0.03387371893640283,-0.03396120078581061,1.618514470606943,BALANCE,1,-6.714373674023308e-06
2.404,0.03377639300651378,0.0,0.032213596545598466,0.0332926760996213,-0.2905214183907649,1.760733529897685,BALANCE,1,-6.714373674023308e-06
2.406,0.03377639300651378,0.0,0.032213596545598466,0.032914998255713306,-0.188838921953996,-0.32661078114884123,BALANCE,1,-6.714373674023308e-06
2.408,0.03377639300651378,0.0,0.032213596545598466,0.03266950765717311,-0.12274529927009878,0.4641885197108304,BALANCE,1,-6.714373674023308e-06
2.41,0.03377639300651378,0.0,0.0337475773334841,0.03304683204388195,0.18866219335442191,0.9782080652695961,BALANCE,1,-6.714373674023308e-06
2.412,0.03377639300651378,0.0,0.030679615757712823,0.032218306343722754,-0.414262850079599,3.4921074694682925,BALANCE,1,-6.714373674023308e-06
2.414,0.03377639300651378,0.0,0.0337475773334841,0.03275355119013922,0.26762242320823443,-1.3810044200134268,BALANCE,1,-6.714373674023308e-06
2.416,0.03377639300651378,0.0,0.0337475773334841,0.033101460340309925,0.17395457508535134,4.106192457074229,BALANCE,1,-6.714373674023308e-06
2.418,0.03377639300651378,0.0,0.03681553890925539,0.034401387839440835,0.6499637495654548,3.3777242211014062,BALANCE,1,-6.714373674023308e-06
2.42,0.03377639300651378,0.0,0.0337475773334841,0.03417255416235598,-0.11441683854242907,7.263793266890088,BALANCE,1,-6.714373674023308e-06
2.422,0.03377639300651378,0.0,0.032213596545598466,0.033486918996490846,-0.34281758293256553,1.135018541401926,BALANCE,1,-6.714373674023308e-06
2.424,0.03377639300651378,0.0,0.0337475773334841,0.033578149414438485,0.04561520897381974,-0.7333255236710734,BALANCE,1,-6.714373674023308e-06
2.426,0.03377639300651378,0.0,0.032213596545598466,0.03310055591034448,-0.23879675204700399,2.3796106366568672,BALANCE,1,-6.714373674023308e-06
2.428,0.03377639300651378,0.0,0.0337475773334841,0.033327013408443344,0.11322874904943353,0.07565933824463666,BALANCE,1,-6.714373674023308e-06
2.43,0.03377639300651378,0.0,0.0337475773334841,0.03347421078220761,0.07359868688213214,2.905450796902069,BALANCE,1,-6.714373674023308e-06
2.432,0.03377639300651378,0.0,0.0337475773334841,0.03356988907515438,0.04783914647338641,2.597242141989514,BALANCE,1,-6.714373674023308e-06
2.434,0.03377639300651378,0.0,0.035281558121369745,0.03416897324132975,0.2995420830876859,2.3969065162963545,BALANCE,1,-6.714373674023308e-06
2.436,0.03377639300651378,0.0,0.035281558121369745,0.03455837794934375,0.19470235400699878,4.446475059181273,BALANCE,1,-6.714373674023308e-06
2.438,0.03377639300651378,0.0,0.032213596545598466,0.0337377044580329,-0.410336745655427,3.631121509016615,BALANCE,1,-6.714373674023308e-06
2.44,0.03377639300651378,0.0,0.030679615757712823,0.03266737341292087,-0.535165522556013,-1.2584316977614423,BALANCE,1,-6.714373674023308e-06
2.442,0.03377639300651378,0.0,0.032213596545598466,0.032508551509358025,-0.07941095178142302,-2.321281775672852,BALANCE,1,-6.714373674023308e-06
2.444,0.03377639300651378,0.0,0.032213596545598466,0.032405317272042176,-0.051617118657924094,1.3152254763100972,BALANCE,1,-6.714373674023308e-06
2.446,0.03377639300651378,0.0,0.035281558121369745,0.03341200156930682,0.5033421486323221,1.531382087059138,BALANCE,1,-6.714373674023308e-06
2.448,0.03377639300651378,0.0,0.032213596545598466,0.0329925598110089,-0.209720879148962,6.0314572832169855,BALANCE,1,-6.714373674023308e-06
2.45,0.03377639300651378,0.0,0.0337475773334841,0.033256815943875216,0.13212806643315977,0.3017865554688377,BALANCE,1,-6.714373674023308e-06
2.452,0.03377639300651378,0.0,0.0337475773334841,0.03342858243023832,0.08588324318155316,3.0524334880977912,BALANCE,1,-6.714373674023308e-06
2.454,0.03377639300651378,0.0,0.03681553890925539,0.034614017197894295,0.5927173838279863,2.692780891266725,BALANCE,1,-6.714373674023308e-06
2.456,0.03377639300651378,0.0,0.035281558121369745,0.0348476565211107,0.1168196616082029,6.818580102497549,BALANCE,1,-6.714373674023308e-06
2.458,0.03377639300651378,0.0,0.032213596545598466,0.033925735529681415,-0.46096049571464276,3.0254166841322654,BALANCE,1,-6.714373674023308e-06
2.46,0.03377639300651378,0.0,0.035281558121369745,0.03440027343677233,0.23726895354545668,-1.652139833936257,BALANCE,1,-6.714373674023308e-06
2.462,0.03377639300651378,0.0,0.032213596545598466,0.03363493652486148,-0.38266845595542537,3.9621680345699932,BALANCE,1,-6.714373674023308e-06
2.464,0.03377639300651378,0.0,0.030679615757712823,0.03260057425635945,-0.5171811342510151,-1.0432514561517143,BALANCE,1,-6.714373674023308e-06
2.466,0.03377639300651378,0.0,0.035281558121369745,0.03353891860911305,0.46917217637680236,-2.1814146186265537,BALANCE,1,-6.714373674023308e-06
2.468,0.03377639300651378,0.0,0.0337475773334841,0.033611949162642915,0.03651527676493127,5.7657125275612024,BALANCE,1,-6.714373674023308e-06
2.47,0.03377639300651378,0.0,0.03681553890925539,0.03473320557395728,0.5606282056571827,2.3088391638780252,BALANCE,1,-6.714373674023308e-06
2.472,0.03377639300651378,0.0,0.035281558121369745,0.03492512896555164,0.09596169579717886,6.569017979694898,BALANCE,1,-6.714373674023308e-06
2.474,0.03377639300651378,0.0,0.0337475773334841,0.034512985894328,-0.2060715356118209,2.863201304310529,BALANCE,1,-6.714373674023308e-06
2.476,0.03377639300651378,0.0,0.030679615757712823,0.033171306346512684,-0.6708397739076561,0.4222068687651124,BALANCE,1,-6.714373674023308e-06
2.478,0.03377639300651378,0.0,0.032213596545598466,0.03283610791619271,-0.16759921515998796,-3.376439810470488,BALANCE,1,-6.714373674023308e-06
2.48,0.03377639300651378,0.0,0.035281558121369745,0.03369201548800467,0.42795378590598093,0.6293727536916587,BALANCE,1,-6.714373674023308e-06
2.482,0.03377639300651378,0.0,0.0337475773334841,0.03371146213392247,0.009723322958898883,5.445151216528128,BALANCE,1,-6.714373674023308e-06
2.484,0.03377639300651378,0.0,0.032213596545598466,0.03318720917800907,-0.2621264779566999,2.100474311706539,BALANCE,1,-6.714373674023308e-06
2.486,0.03377639300651378,0.0,0.032213596545598466,0.03284644475666536,-0.17038221067185513,-0.10577927297305512,BALANCE,1,-6.714373674023308e-06
2.488,0.03377639300651378,0.0,0.03681553890925539,0.03423562771007187,0.6945914767032546,0.6077290000250803,BALANCE,1,-6.714373674023308e-06
2.49,0.03377639300651378,0.0,0.0337475773334841,0.034064810078266144,-0.08540881590286126,7.610869476230349,BALANCE,1,-6.714373674023308e-06
2.492,0.03377639300651378,0.0,0.0337475773334841,0.033953778617592426,-0.05551573033685947,1.3606180774730787,BALANCE,1,-6.714373674023308e-06
2.494,0.03377639300651378,0.0,0.030679615757712823,0.032807821616634564,-0.5729785004789308,1.5931008743606698,BALANCE,1,-6.714373674023308e-06
2.496,0.03377639300651378,0.0,0.030679615757712823,0.03206294956601195,-0.37243602531130543,-2.615358706833373,BALANCE,1,-6.714373674023308e-06
2.498,0.03377639300651378,0.0,0.035281558121369745,0.03318946256038718,0.5632564971876121,-1.0557112285297263,BALANCE,1,-6.714373674023308e-06
2.5,0.03377639300651378,0.0,0.03681553890925539,0.03445858928249105,0.634563361051936,6.497419731124127,BALANCE,1,-6.714373674023308e-06
2.5020000000000002,0.03377639300651378,0.0,0.0337475773334841,0.03420973510033862,-0.12442709107621588,7.144022245364951,BALANCE,1,-6.714373674023308e-06
2.504,0.03377639300651378,0.0,0.032213596545598466,0.03351108660617956,-0.3493242470795285,1.0571673774105899,BALANCE,1,-6.714373674023308e-06
2.5060000000000002,0.03377639300651378,0.0,0.032213596545598466,0.03305696508497617,-0.2270607606016939,-0.7839287802654544,BALANCE,1,-6.714373674023308e-06
2.508,0.03377639300651378,0.0,0.032213596545598466,0.03276178609619397,-0.14758949439110103,0.16693182028501918,BALANCE,1,-6.714373674023308e-06
2.5100000000000002,0.03377639300651378,0.0,0.0337475773334841,0.033106813029245515,0.172513466525772,0.7849912106428301,BALANCE,1,-6.714373674023308e-06
2.512,0.03377639300651378,0.0,0.0337475773334841,0.033331080535729016,0.1121337532417506,3.366516513960907,BALANCE,1,-6.714373674023308e-06
2.5140000000000002,0.03377639300651378,0.0,0.03681553890925539,0.03455064096646324,0.6097802153671138,2.8969348580777456,BALANCE,1,-6.714373674023308e-06
2.516,0.03377639300651378,0.0,0.0337475773334841,0.03426956869492054,-0.14053613577135263,6.951280180924705,BALANCE,1,-6.714373674023308e-06
2.5180000000000002,0.03377639300651378,0.0,0.032213596545598466,0.03354997844265781,-0.35979512613136533,0.931885035524411,BALANCE,1,-6.714373674023308e-06
2.52,0.03377639300651378,0.0,0.0337475773334841,0.03361913805444701,0.03457980589460091,-0.8653623024914543,BALANCE,1,-6.714373674023308e-06
2.5220000000000002,0.03377639300651378,0.0,0.035281558121369745,0.034200985077869964,0.29092351171147723,2.2937867304236277,BALANCE,1,-6.714373674023308e-06
2.524,0.03377639300651378,0.0,0.032213596545598466,0.03350539909157494,-0.34779299314751166,4.379447198364016,BALANCE,1,-6.714373674023308e-06
2.5260000000000002,0.03377639300651378,0.0,0.030679615757712823,0.032516374924723195,-0.4945120834258729,-0.7720199996855968,BALANCE,1,-6.714373674023308e-06
2.528,0.03377639300651378,0.0,0.030679615757712823,0.03187350921626956,-0.3214328542268177,-2.0051141719235916,BALANCE,1,-6.714373674023308e-06
2.5300000000000002,0.03377639300651378,0.0,0.0337475773334841,0.032529433057294645,0.3279619205125428,-0.6590522808383683,BALANCE,1,-6.714373674023308e-06
2.532,0.03377639300651378,0.0,0.032213596545598466,0.03241889027820098,-0.05527138954683139,4.575461347538021,BALANCE,1,-6.714373674023308e-06
2.5340000000000003,0.03377639300651378,0.0,0.0337475773334841,0.03288393074755007,0.23252023467454364,1.5029623003174077,BALANCE,1,-6.714373674023308e-06
2.536,0.03377639300651378,0.0,0.0337475773334841,0.03318620705262698,0.15113815253845614,3.833197722249353,BALANCE,1,-6.714373674023308e-06
2.5380000000000003,0.03377639300651378,0.0,0.03681553890925539,0.03445647320244692,0.6351330749099701,3.200277643465268,BALANCE,1,-6.714373674023308e-06
2.54,0.03377639300651378,0.0,0.032213596545598466,0.03367146637254996,-0.39250341494848073,7.148452991426575,BALANCE,1,-6.714373674023308e-06
2.5420000000000003,0.03377639300651378,0.0,0.0337475773334841,0.03369810520887691,0.013319418163473817,-1.119739337234848,BALANCE,1,-6.714373674023308e-06
2.544,0.03377639300651378,0.0,0.035281558121369745,0.0342523137282494,0.27710425968624497,2.128441657840405,BALANCE,1,-6.714373674023308e-06
2.5460000000000003,0.03377639300651378,0.0,0.032213596545598466,0.03353876271432157,-0.3567755069639154,4.271972901184924,BALANCE,1,-6.714373674023308e-06
2.548,0.03377639300651378,0.0,0.032213596545598466,0.03307495455526848,-0.23190407952654313,-0.8418782928520292,BALANCE,1,-6.714373674023308e-06
2.5500000000000003,0.03377639300651378,0.0,0.032213596545598466,0.03277347925188397,-0.15073765169225373,0.1292646371037638,BALANCE,1,-6.714373674023308e-06
2.552,0.03377639300651378,0.0,0.035281558121369745,0.03365130685620399,0.43891380216000764,0.7605075415750087,BALANCE,1,-6.714373674023308e-06
2.5540000000000003,0.03377639300651378,0.0,0.0337475773334841,0.033685001523252024,0.01684733352401782,5.530388828652301,BALANCE,1,-6.714373674023308e-06
2.556,0.03377639300651378,0.0,0.032213596545598466,0.033170009781073276,-0.25749587108937416,2.1558787595872637,BALANCE,1,-6.714373674023308e-06
2.5580000000000003,0.03377639300651378,0.0,0.032213596545598466,0.03283526514865709,-0.1673723162080934,-0.06976638185059669,BALANCE,1,-6.714373674023308e-06
2.56,0.03377639300651378,0.0,0.035281558121369745,0.03369146768910652,0.4281012702247143,0.6311373792546782,BALANCE,1,-6.714373674023308e-06
2.562,0.03377639300651378,0.0,0.035281558121369745,0.03424799934039865,0.27826582564606517,5.4462982231441055,BALANCE,1,-6.714373674023308e-06
2.564,0.03377639300651378,0.0,0.032213596545598466,0.03353595836221858,-0.35602048909003436,4.28100656559244,BALANCE,1,-6.714373674023308e-06
2.566,0.03377639300651378,0.0,0.032213596545598466,0.033073131726401535,-0.23141331790852218,-0.8360064109871601,BALANCE,1,-6.714373674023308e-06
2.568,0.03377639300651378,0.0,0.035281558121369745,0.0338460809646404,0.38647461911943404,0.13308136031591467,BALANCE,1,-6.714373674023308e-06
2.57,0.03377639300651378,0.0,0.032213596545598466,0.03327471141797572,-0.28568477333234044,5.122561810833897,BALANCE,1,-6.714373674023308e-06
2.572,0.03377639300651378,0.0,0.032213596545598466,0.03290332121264368,-0.18569510266602113,-0.28899550158018017,BALANCE,1,-6.714373674023308e-06
2.574,0.03377639300651378,0.0,0.032213596545598466,0.03266191757917785,-0.12070181673291477,0.4886384514304518,BALANCE,1,-6.714373674023308e-06
2.576,0.03377639300651378,0.0,0.0337475773334841,0.033041898493185035,0.1899904570035922,0.9941005208873528,BALANCE,1,-6.714373674023308e-06
2.578,0.03377639300651378,0.0,0.035281558121369745,0.03382577936304968,0.3919404349323231,3.5024375656198394,BALANCE,1,-6.714373674023308e-06
2.58,0.03377639300651378,0.0,0.03681553890925539,0.034872195204221676,0.5232079205859975,5.165070241241565,BALANCE,1,-6.714373674023308e-06
2.582,0.03377639300651378,0.0,0.035281558121369745,0.0350154722252235,0.07163851050091125,6.277995076941281,BALANCE,1,-6.714373674023308e-06
2.584,0.03377639300651378,0.0,0.035281558121369745,0.035108602288874684,0.046565031825592657,2.6740364175207,BALANCE,1,-6.714373674023308e-06
2.586,0.03377639300651378,0.0,0.035281558121369745,0.03516913683024795,0.03026727068663332,2.479036391937222,BALANCE,1,-6.714373674023308e-06
2.588,0.03377639300651378,0.0,0.032213596545598466,0.034134697730620625,-0.5172195498136627,2.3522863753079437,BALANCE,1,-6.714373674023308e-06
2.59,0.03377639300651378,0.0,0.035281558121369745,0.03453609886738281,0.20070056838109376,-2.089674534672064,BALANCE,1,-6.714373674023308e-06
2.592,0.03377639300651378,0.0,0.032213596545598466,0.03372322305475829,-0.4064379063122604,3.677770479091719,BALANCE,1,-6.714373674023308e-06
2.594,0.03377639300651378,0.0,0.0337475773334841,0.03373174705231232,0.004261998777014414,-1.2281098672125856,BALANCE,1,-6.714373674023308e-06
2.596,0.03377639300651378,0.0,0.035281558121369745,0.03427418092648242,0.2712169370850496,2.0580008133548544,BALANCE,1,-6.714373674023308e-06
2.598,0.03377639300651378,0.0,0.035281558121369745,0.03462676294469298,0.17629100910528106,4.226186352269343,BALANCE,1,-6.714373674023308e-06
2.6,0.03377639300651378,0.0,0.032213596545598466,0.0337821547050099,-0.42230411984154126,3.4879338495238272,BALANCE,1,-6.714373674023308e-06
2.602,0.03377639300651378,0.0,0.0337475773334841,0.03377005262497587,-0.006051040017013981,-1.351503676431736,BALANCE,1,-6.714373674023308e-06
2.604,0.03377639300651378,0.0,0.035281558121369745,0.03429907954871372,0.264513461868926,1.9777948373624403,BALANCE,1,-6.714373674023308e-06
2.606,0.03377639300651378,0.0,0.035281558121369745,0.03464294704914333,0.1719337502148026,4.1740524678742315,BALANCE,1,-6.714373674023308e-06
2.608,0.03377639300651378,0.0,0.035281558121369745,0.034866460924422575,0.11175693763962324,3.454046824667021,BALANCE,1,-6.714373674023308e-06
2.61,0.03377639300651378,0.0,0.032213596545598466,0.03393795839183413,-0.46425126629422164,2.9860431565823404,BALANCE,1,-6.714373674023308e-06
2.612,0.03377639300651378,0.0,0.030679615757712823,0.03279753846989167,-0.5702099609712318,-1.6777326268437251,BALANCE,1,-6.714373674023308e-06
2.614,0.03377639300651378,0.0,0.032213596545598466,0.03259315879638904,-0.10218983675131313,-2.593827379576354,BALANCE,1,-6.714373674023308e-06
2.616,0.03377639300651378,0.0,0.032213596545598466,0.03246031200861234,-0.06642339388835197,1.1380708337728376,BALANCE,1,-6.714373674023308e-06
2.618,0.03377639300651378,0.0,0.035281558121369745,0.033447748148077425,0.4937180697325433,1.4162315694099246,BALANCE,1,-6.714373674023308e-06
2.62,0.03377639300651378,0.0,0.0337475773334841,0.03355268836296976,0.05247010744616892,5.9566094467449915,BALANCE,1,-6.714373674023308e-06
2.622,0.03377639300651378,0.0,0.030679615757712823,0.03254711295112983,-0.5027877059199659,2.432922161347537,BALANCE,1,-6.714373674023308e-06
2.624,0.03377639300651378,0.0,0.0337475773334841,0.032967275484953824,0.21008126691199683,-2.0694748702919377,BALANCE,1,-6.714373674023308e-06
2.626,0.03377639300651378,0.0,0.035281558121369745,0.03377727440769939,0.40499946137278336,3.658686664393204,BALANCE,1,-6.714373674023308e-06
2.628,0.03377639300651378,0.0,0.0337475773334841,0.03376688043172404,-0.00519698798767676,5.26663215544423,BALANCE,1,-6.714373674023308e-06
2.63,0.03377639300651378,0.0,0.0337475773334841,0.033760124347340055,-0.0033780421919912818,1.9844369220020281,BALANCE,1,-6.714373674023308e-06
2.632,0.03377639300651378,0.0,0.032213596545598466,0.0332188396167305,-0.2706423653047775,1.9985831233044729,BALANCE,1,-6.714373674023308e-06
2.634,0.03377639300651378,0.0,0.0337475773334841,0.03340389781759426,0.09252910043187901,-0.17200854543438981,BALANCE,1,-6.714373674023308e-06
2.636,0.03377639300651378,0.0,0.032213596545598466,0.03298729237239573,-0.20830272259926563,2.7444666725106877,BALANCE,1,-6.714373674023308e-06
2.638,0.03377639300651378,0.0,0.035281558121369745,0.03379028538453663,0.4014965060704506,0.31281576154961854,BALANCE,1,-6.714373674023308e-06
2.64,0.03377639300651378,0.0,0.0337475773334841,0.03377533756666824,-0.007473908934192697,5.2393891716358025,BALANCE,1,-6.714373674023308e-06
2.642,0.03377639300651378,0.0,0.0337475773334841,0.03376562148505379,-0.0048580408072256,1.9667289825265528,BALANCE,1,-6.714373674023308e-06
2.644,0.03377639300651378,0.0,0.0337475773334841,0.033759306032004395,-0.003157726524698201,1.9870729626454227,BALANCE,1,-6.714373674023308e-06
2.646,0.03377639300651378,0.0,0.0337475773334841,0.03375520098752229,-0.002052522241051402,2.000296549722678,BALANCE,1,-6.714373674023308e-06
2.648,0.03377639300651378,0.0,0.035281558121369745,0.0342894259843689,0.26711249842330254,2.0088918813229264,BALANCE,1,-6.714373674023308e-06
2.65,0.03377639300651378,0.0,0.035281558121369745,0.03463667223231919,0.17362312397514734,4.194265546448554,BALANCE,1,-6.714373674023308e-06
2.652,0.03377639300651378,0.0,0.032213596545598466,0.03378859574196694,-0.4240382451761275,3.4671853257403304,BALANCE,1,-6.714373674023308e-06
2.654,0.03377639300651378,0.0,0.0337475773334841,0.03377423929899794,-0.0071782214844974546,-1.3649902168910035,BALANCE,1,-6.714373674023308e-06
2.656,0.03377639300651378,0.0,0.035281558121369745,0.03430180088682807,0.2637807939150638,1.969028586063897,BALANCE,1,-6.714373674023308e-06
2.658,0.03377639300651378,0.0,0.032213596545598466,0.03357092936739771,-0.3654357597151804,4.168354404530195,BALANCE,1,-6.714373674023308e-06
2.66,0.03377639300651378,0.0,0.0337475773334841,0.033632756155527944,0.03091339406511781,-0.9092303156775805,BALANCE,1,-6.714373674023308e-06
2.662,0.03377639300651378,0.0,0.0337475773334841,0.0336729435678126,0.020093706142327444,2.2652725218526193,BALANCE,1,-6.714373674023308e-06
2.664,0.03377639300651378,0.0,0.0337475773334841,0.03369906538579762,0.013060908992511971,2.181126263207376,BALANCE,1,-6.714373674023308e-06
2.666,0.03377639300651378,0.0,0.032213596545598466,0.03317915129172792,-0.25995704703485334,2.126431195087953,BALANCE,1,-6.714373674023308e-06
2.668,0.03377639300651378,0.0,0.0337475773334841,0.03337810040634258,0.09947455730733093,-0.0889072987751518,BALANCE,1,-6.714373674023308e-06
2.67,0.03377639300651378,0.0,0.032213596545598466,0.032970524055082134,-0.20378817563022206,2.7984824828392023,BALANCE,1,-6.714373674023308e-06
2.672,0.03377639300651378,0.0,0.035281558121369745,0.0337793859782828,0.4044309616003314,0.3479260382631515,BALANCE,1,-6.714373674023308e-06
2.674,0.03377639300651378,0.0,0.035281558121369745,0.034305146228363226,0.26288012504021435,5.262210851499619,BALANCE,1,-6.714373674023308e-06
2.676,0.03377639300651378,0.0,0.05291912798684037,0.04082003984383022,3.2574468077334986,4.161349774023508,BALANCE,1,-6.714373674023308e-06
2.678,0.03377639300651378,0.0,0.035281558121369745,0.038881571240969054,-0.9692343014305848,28.508776852497803,BALANCE,1,-6.714373674023308e-06
2.68,0.03377639300651378,0.0,0.032213596545598466,0.03654778009758935,-1.1668955716898528,-5.420980136986534,BALANCE,1,-6.714373674023308e-06
2.682,0.03377639300651378,0.0,0.0337475773334841,0.03556770913015251,-0.49003548371841926,-7.142297767663461,BALANCE,1,-6.714373674023308e-06
2.684,0.03377639300651378,0.0,0.0337475773334841,0.034930663001318564,-0.31852306441697287,-1.7862213219382035,BALANCE,1,-6.714373674023308e-06
2.686,0.03377639300651378,0.0,0.0337475773334841,0.0345165830175765,-0.20703999187103236,-0.45234473525666896,BALANCE,1,-6.714373674023308e-06
2.688,0.03377639300651378,0.0,0.035281558121369745,0.03478432430390413,0.13387064316381508,0.4146750460863309,BALANCE,1,-6.714373674023308e-06
2.69,0.03377639300651378,0.0,0.032213596545598466,0.03388456958849714,-0.44987735770349313,3.1580246035447685,BALANCE,1,-6.714373674023308e-06
2.692,0.03377639300651378,0.0,0.0337475773334841,0.03383662229924258,-0.02397364462728216,-1.5659446863181166,BALANCE,1,-6.714373674023308e-06
2.694,0.03377639300651378,0.0,0.035281558121369745,0.034342349836987085,0.25286376887225304,1.8384081809362975,BALANCE,1,-6.714373674023308e-06
2.696,0.03377639300651378,0.0,0.035281558121369745,0.034671072736521015,0.164361449766965,4.08345114119725,BALANCE,1,-6.714373674023308e-06
2.698,0.03377639300651378,0.0,0.0337475773334841,0.03434784934545809,-0.1616116955314613,3.3951559623269807,BALANCE,1,-6.714373674023308e-06
2.7,0.03377639300651378,0.0,0.035281558121369745,0.034674647417027166,0.16339903578453663,0.7679773964757952,BALANCE,1,-6.714373674023308e-06
2.702,0.03377639300651378,0.0,0.035281558121369745,0.034887066163547066,0.1062093732599502,3.387671131297923,BALANCE,1,-6.714373674023308e-06
2.704,0.03377639300651378,0.0,0.0337475773334841,0.034488245073025024,-0.19941054526102092,2.9428989558924252,BALANCE,1,-6.714373674023308e-06
2.706,0.03377639300651378,0.0,0.032213596545598466,0.033692118088425725,-0.39806349229964955,0.47401034229333394,BALANCE,1,-6.714373674023308e-06
2.708,0.03377639300651378,0.0,0.03681553890925539,0.03478531537571611,0.5465986436451915,-1.162980853091653,BALANCE,1,-6.714373674023308e-06
2.71,0.03377639300651378,0.0,0.032213596545598466,0.03388521378517493,-0.4500507952705894,6.459908071704499,BALANCE,1,-6.714373674023308e-06
2.712,0.03377639300651378,0.0,0.032213596545598466,0.033300147751323166,-0.2925330169258819,-1.5672935350542194,BALANCE,1,-6.714373674023308e-06
2.714,0.03377639300651378,0.0,0.032213596545598466,0.03291985482931952,-0.1901464610018222,-0.34225527032766534,BALANCE,1,-6.714373674023308e-06
2.716,0.03377639300651378,0.0,0.0337475773334841,0.033209557705777125,0.14485143822880187,0.45401960174459366,BALANCE,1,-6.714373674023308e-06
2.718,0.03377639300651378,0.0,0.035281558121369745,0.03393475785123454,0.3626000727287061,3.1513849681770427,BALANCE,1,-6.714373674023308e-06
2.72,0.03377639300651378,0.0,0.032213596545598466,0.03333235139426191,-0.3012032284863131,4.936886052903721,BALANCE,1,-6.714373674023308e-06
2.722,0.03377639300651378,0.0,0.0337475773334841,0.03347768047298968,0.07266453936388348,-0.4096847442347902,BALANCE,1,-6.714373674023308e-06
2.724,0.03377639300651378,0.0,0.0337475773334841,0.03357214437416273,0.047231950586524435,2.589977143290448,BALANCE,1,-6.714373674023308e-06
2.726,0.03377639300651378,0.0,0.032213596545598466,0.03309665263416523,-0.23774586999874767,2.3921842671419586,BALANCE,1,-6.714373674023308e-06
2.728,0.03377639300651378,0.0,0.0337475773334841,0.03332447627892683,0.11391182238080014,0.08383219805993258,BALANCE,1,-6.714373674023308e-06
2.73,0.03377639300651378,0.0,0.0337475773334841,0.03347256164802188,0.07404268454752269,2.910763155782011,BALANCE,1,-6.714373674023308e-06
2.732,0.03377639300651378,0.0,0.0337475773334841,0.03356881713793365,0.04812774495588715,2.600695175261494,BALANCE,1,-6.714373674023308e-06
2.734,0.03377639300651378,0.0,0.032213596545598466,0.03309448993061633,-0.23716360365865982,2.3991509879231163,BALANCE,1,-6.714373674023308e-06
2.736,0.03377639300651378,0.0,0.0337475773334841,0.03332307052162005,0.11429029550185862,0.08836056656770142,BALANCE,1,-6.714373674023308e-06
2.738,0.03377639300651378,0.0,0.032213596545598466,0.03293475463001249,-0.1941579458037794,2.913706595312072,BALANCE,1,-6.714373674023308e-06
2.74,0.03377639300651378,0.0,0.032213596545598466,0.03268234930046758,-0.1262026647724547,0.42282171137051416,BALANCE,1,-6.714373674023308e-06
2.742,0.03377639300651378,0.0,0.030679615757712823,0.03198139256050341,-0.3504783699820844,0.9513196398484172,BALANCE,1,-6.714373674023308e-06
2.744,0.03377639300651378,0.0,0.035281558121369745,0.03313645050680663,0.5775289731516087,-0.8849434062264707,BALANCE,1,-6.714373674023308e-06
2.746,0.03377639300651378,0.0,0.035281558121369745,0.03388723817190372,0.37539383254854564,6.608418815621267,BALANCE,1,-6.714373674023308e-06
2.748,0.03377639300651378,0.0,0.035281558121369745,0.03437525015421683,0.24400599115655466,5.036384950702589,BALANCE,1,-6.714373674023308e-06
2.75,0.03377639300651378,0.0,0.035281558121369745,0.03469245794272035,0.15860389425175966,4.014562938505447,BALANCE,1,-6.714373674023308e-06
2.7520000000000002,0.03377639300651378,0.0,0.0337475773334841,0.03436174972948766,-0.16535410661634373,3.350378630577298,BALANCE,1,-6.714373674023308e-06
2.754,0.03377639300651378,0.0,0.03681553890925539,0.035220575942406365,0.42941310645935177,0.7388721308385098,BALANCE,1,-6.714373674023308e-06
2.7560000000000002,0.03377639300651378,0.0,0.032213596545598466,0.0341681331535236,-0.5262213944413826,5.548539408219196,BALANCE,1,-6.714373674023308e-06
2.758,0.03377639300651378,0.0,0.035281558121369745,0.03455783189226975,0.1948493693730742,-2.159683166319645,BALANCE,1,-6.714373674023308e-06
2.7600000000000002,0.03377639300651378,0.0,0.035281558121369745,0.03481113607245474,0.12665209009249737,3.632264868520778,BALANCE,1,-6.714373674023308e-06
2.762,0.03377639300651378,0.0,0.0337475773334841,0.03443889051381502,-0.18612277931986249,3.101884885087263,BALANCE,1,-6.714373674023308e-06
2.7640000000000002,0.03377639300651378,0.0,0.03681553890925539,0.035270717452219144,0.415913469202063,0.5773511962700013,BALANCE,1,-6.714373674023308e-06
2.766,0.03377639300651378,0.0,0.035281558121369745,0.03527451168642185,0.0018971171013536237,5.443550800749653,BALANCE,1,-6.714373674023308e-06
2.7680000000000002,0.03377639300651378,0.0,0.035281558121369745,0.035276977938653614,0.0012331261158814166,2.1316476379961404,BALANCE,1,-6.714373674023308e-06
2.77,0.03377639300651378,0.0,0.0337475773334841,0.03474168772684428,-0.26764510590466734,2.126483685246268,BALANCE,1,-6.714373674023308e-06
2.7720000000000002,0.03377639300651378,0.0,0.032213596545598466,0.03385685581340824,-0.44241595671801887,-0.056659583626681886,BALANCE,1,-6.714373674023308e-06
2.774,0.03377639300651378,0.0,0.0337475773334841,0.03381860834543479,-0.019123733986724928,-1.5079163049396564,BALANCE,1,-6.714373674023308e-06
2.7760000000000002,0.03377639300651378,0.0,0.032213596545598466,0.03325685421549208,-0.28087706497135695,1.876126628832288,BALANCE,1,-6.714373674023308e-06
2.778,0.03377639300651378,0.0,0.030679615757712823,0.03235482075526934,-0.45101673011136917,-0.2516052668413309,BALANCE,1,-6.714373674023308e-06
2.7800000000000002,0.03377639300651378,0.0,0.032213596545598466,0.03230539228188453,-0.024714236692403857,-1.666844595574793,BALANCE,1,-6.714373674023308e-06
2.782,0.03377639300651378,0.0,0.035281558121369745,0.033347050325704355,0.5208290219099118,1.740609643373841,BALANCE,1,-6.714373674023308e-06
2.7840000000000003,0.03377639300651378,0.0,0.032213596545598466,0.03295034150266729,-0.19835441151853234,6.167455194821555,BALANCE,1,-6.714373674023308e-06
2.786,0.03377639300651378,0.0,0.035281558121369745,0.033766267319213145,0.4079629082729269,0.39018519801177876,BALANCE,1,-6.714373674023308e-06
2.7880000000000003,0.03377639300651378,0.0,0.032213596545598466,0.033222832548448,-0.2717173853825708,5.289679305336204,BALANCE,1,-6.714373674023308e-06
2.79,0.03377639300651378,0.0,0.0337475773334841,0.03340649322321063,0.09183033738131494,-0.18036913015368605,BALANCE,1,-6.714373674023308e-06
2.7920000000000003,0.03377639300651378,0.0,0.03681553890925539,0.03459965921332629,0.5965829950578295,2.7390322924431576,BALANCE,1,-6.714373674023308e-06
2.794,0.03377639300651378,0.0,0.032213596545598466,0.03376453727962155,-0.4175609668523698,6.848643513262214,BALANCE,1,-6.714373674023308e-06
2.7960000000000003,0.03377639300651378,0.0,0.032213596545598466,0.03322170802271347,-0.27141462845403985,-1.3146154980416656,BALANCE,1,-6.714373674023308e-06
2.798,0.03377639300651378,0.0,0.035281558121369745,0.03394265555724316,0.3604737672648454,-0.1780145462695104,BALANCE,1,-6.714373674023308e-06
2.8000000000000003,0.03377639300651378,0.0,0.035281558121369745,0.03441127145468746,0.23430794872214902,4.920349471553353,BALANCE,1,-6.714373674023308e-06
2.802,0.03377639300651378,0.0,0.03681553890925539,0.03525276506378623,0.42074680454938507,3.93913987705844,BALANCE,1,-6.714373674023308e-06
2.8040000000000003,0.03377639300651378,0.0,0.035281558121369745,0.03526284263394046,0.005038785077113306,5.481140340222254,BALANCE,1,-6.714373674023308e-06
2.806,0.03377639300651378,0.0,0.0337475773334841,0.034732499778780734,-0.26517142757986195,2.156080838653334,BALANCE,1,-6.714373674023308e-06
2.8080000000000003,0.03377639300651378,0.0,0.032213596545598466,0.033850883647166936,-0.44080806580689896,-0.03742143391205177,BALANCE,1,-6.714373674023308e-06
2.81,0.03377639300651378,0.0,0.035281558121369745,0.03435161971313792,0.25036803298549015,-1.4954115076251755,BALANCE,1,-6.714373674023308e-06
2.8120000000000003,0.03377639300651378,0.0,0.02914563496982718,0.03252952505297916,-0.9110473300793787,4.064041446672196,BALANCE,1,-6.714373674023308e-06
2.814,0.03377639300651378,0.0,0.030679615757712823,0.03188205679963594,-0.32373412667160983,-5.33660713745628,BALANCE,1,-6.714373674023308e-06
2.816,0.03377639300651378,0.0,0.0337475773334841,0.03253498898648279,0.3264660934234262,-0.6769496053947224,BALANCE,1,-6.714373674023308e-06
2.818,0.03377639300651378,0.0,0.035281558121369745,0.033496288183693226,0.4806495986052171,4.563828086576377,BALANCE,1,-6.714373674023308e-06
2.82,0.03377639300651378,0.0,0.0337475773334841,0.033584239386120034,0.04397560121340363,5.8549740798633305,BALANCE,1,-6.714373674023308e-06
2.822,0.03377639300651378,0.0,0.0337475773334841,0.03364140766769746,0.028584140788712187,2.366859172874431,BALANCE,1,-6.714373674023308e-06
2.824,0.03377639300651378,0.0,0.0337475773334841,0.03367856705072278,0.01857969151266084,2.247157586371545,BALANCE,1,-6.714373674023308e-06
2.826,0.03377639300651378,0.0,0.035281558121369745,0.03423961392544921,0.28052343736321633,2.1693515551446536,BALANCE,1,-6.714373674023308e-06
2.828,0.03377639300651378,0.0,0.030679615757712823,0.03299361456674147,-0.6229996793538708,4.298564334432683,BALANCE,1,-6.714373674023308e-06
2.83,0.03377639300651378,0.0,0.035281558121369745,0.03379439481086136,0.40039012205994595,-3.004380560826478,BALANCE,1,-6.714373674023308e-06
2.832,0.03377639300651378,0.0,0.0337475773334841,0.03377800869377932,-0.008193058541022813,5.2307846651312495,BALANCE,1,-6.714373674023308e-06
2.834,0.03377639300651378,0.0,0.032213596545598466,0.03323046444191602,-0.273772125931649,1.9611360532985764,BALANCE,1,-6.714373674023308e-06
2.836,0.03377639300651378,0.0,0.035281558121369745,0.03394834722972482,0.35894139390440016,-0.19634914093823097,BALANCE,1,-6.714373674023308e-06
2.838,0.03377639300651378,0.0,0.035281558121369745,0.03441497104180054,0.23331190603785926,4.908431985018691,BALANCE,1,-6.714373674023308e-06
2.84,0.03377639300651378,0.0,0.0337475773334841,0.034181383243889786,-0.11679389895537587,3.9313935108109064,BALANCE,1,-6.714373674023308e-06
2.842,0.03377639300651378,0.0,0.035281558121369745,0.03456644445100777,0.19253060355899076,1.1165318029903804,BALANCE,1,-6.714373674023308e-06
2.844,0.03377639300651378,0.0,0.032213596545598466,0.03374294768411451,-0.41174838344662856,3.614231495532392,BALANCE,1,-6.714373674023308e-06
2.846,0.03377639300651378,0.0,0.0337475773334841,0.033744568061393865,0.0008101886396771896,-1.2694102065261577,BALANCE,1,-6.714373674023308e-06
2.848,0.03377639300651378,0.0,0.035281558121369745,0.03428251458238542,0.26897326049577647,2.031155592801049,BALANCE,1,-6.714373674023308e-06
2.85,0.03377639300651378,0.0,0.0337475773334841,0.03409528654526996,-0.09361401855773055,4.208736958909337,BALANCE,1,-6.714373674023308e-06
2.852,0.03377639300651378,0.0,0.035281558121369745,0.03451048159690488,0.20759752581746282,1.296805044254353,BALANCE,1,-6.714373674023308e-06
2.854,0.03377639300651378,0.0,0.032213596545598466,0.03370657182894764,-0.40195488397862245,3.7314091023539957,BALANCE,1,-6.714373674023308e-06
2.856,0.03377639300651378,0.0,0.0337475773334841,0.0337209237555354,0.007175963293880316,-1.1932447620921214,BALANCE,1,-6.714373674023308e-06
2.858,0.03377639300651378,0.0,0.035281558121369745,0.03426714578357742,0.2731110140210095,2.0806631316831665,BALANCE,1,-6.714373674023308e-06
2.86,0.03377639300651378,0.0,0.035281558121369745,0.03462219010180473,0.17752215911365568,4.240916859182722,BALANCE,1,-6.714373674023308e-06
2.862,0.03377639300651378,0.0,0.032213596545598466,0.03377918235713254,-0.4215038723360959,3.497508679017529,BALANCE,1,-6.714373674023308e-06
2.864,0.03377639300651378,0.0,0.032213596545598466,0.03323122732309561,-0.2739775170184644,-1.3452800372608147,BALANCE,1,-6.714373674023308e-06
2.866,0.03377639300651378,0.0,0.02914563496982718,0.03180126999945165,-0.7149786618219772,-0.19794649676197862,BALANCE,1,-6.714373674023308e-06
2.868,0.03377639300651378,0.0,0.0337475773334841,0.03248247756636301,0.34060378345567716,-3.8117530946087186,BALANCE,1,-6.714373674023308e-06
2.87,0.03377639300651378,0.0,0.035281558121369745,0.03346215576061536,0.48983909712617746,4.673778921627198,BALANCE,1,-6.714373674023308e-06
2.872,0.03377639300651378,0.0,0.035281558121369745,0.0340989465868794,0.31839541313201725,5.926442122646341,BALANCE,1,-6.714373674023308e-06
2.874,0.03377639300651378,0.0,0.030679615757712823,0.03290218079667109,-0.598382895104152,4.593100100268902,BALANCE,1,-6.714373674023308e-06
2.876,0.03377639300651378,0.0,0.0337475773334841,0.033198069584555644,0.14794439394227518,-2.81293231303295,BALANCE,1,-6.714373674023308e-06
2.878,0.03377639300651378,0.0,0.032213596545598466,0.03285350402092063,-0.17228278181750586,3.1754393266115404,BALANCE,1,-6.714373674023308e-06
2.88,0.03377639300651378,0.0,0.035281558121369745,0.03370332295607782,0.424909467578595,0.592947986715191,BALANCE,1,-6.714373674023308e-06
2.882,0.03377639300651378,0.0,0.032213596545598466,0.033181918712410045,-0.26070212183388825,5.421475117993429,BALANCE,1,-6.714373674023308e-06
2.884,0.03377639300651378,0.0,0.03681553890925539,0.034453685781305914,0.6358835344479341,-0.09470185192650327,BALANCE,1,-6.714373674023308e-06
2.886,0.03377639300651378,0.0,0.032213596545598466,0.033669654548808305,-0.3920156162488045,7.154289422461828,BALANCE,1,-6.714373674023308e-06
2.888,0.03377639300651378,0.0,0.032213596545598466,0.03316003424768486,-0.25481015056172396,-1.1159456570619377,BALANCE,1,-6.714373674023308e-06
2.89,0.03377639300651378,0.0,0.032213596545598466,0.032828781051954616,-0.16562659786512057,-0.04887914963270035,BALANCE,1,-6.714373674023308e-06
2.892,0.03377639300651378,0.0,0.0337475773334841,0.03315035975048993,0.16078934926765792,0.6447140801963123,BALANCE,1,-6.714373674023308e-06
2.894,0.03377639300651378,0.0,0.035281558121369745,0.03389627918029786,0.37295971490396496,3.2753363791706596,BALANCE,1,-6.714373674023308e-06
2.896,0.03377639300651378,0.0,0.032213596545598466,0.03330734025815307,-0.29446946107239413,5.017454470049591,BALANCE,1,-6.714373674023308e-06
2.898,0.03377639300651378,0.0,0.035281558121369745,0.0339983165102789,0.345488126062915,-0.3573152730899687,BALANCE,1,-6.714373674023308e-06
2.9,0.03377639300651378,0.0,0.0337475773334841,0.03391055779840072,-0.04387935593909084,4.8038039991200545,BALANCE,1,-6.714373674023308e-06
2.902,0.03377639300651378,0.0,0.0337475773334841,0.033853514635679906,-0.028521581360407833,1.6835986203913167,BALANCE,1,-6.714373674023308e-06
2.904,0.03377639300651378,0.0,0.0337475773334841,0.033816436579911374,-0.018539027884265785,1.8030382272575318,BALANCE,1,-6.714373674023308e-06
2.906,0.03377639300651378,0.0,0.030679615757712823,0.03271854929214188,-0.5489436438847473,1.880673971720556,BALANCE,1,-6.714373674023308e-06
2.908,0.03377639300651378,0.0,0.0337475773334841,0.033078709106611655,0.18007990723488757,-2.4284361935494654,BALANCE,1,-6.714373674023308e-06
2.91,0.03377639300651378,0.0,0.030679615757712823,0.03223902643449706,-0.41984133605729723,3.4253618042758,BALANCE,1,-6.714373674023308e-06
2.912,0.03377639300651378,0.0,0.0337475773334841,0.03276701924914252,0.26399640732273005,-1.4243891023885542,BALANCE,1,-6.714373674023308e-06
2.914,0.03377639300651378,0.0,0.0337475773334841,0.03311021457866207,0.17159766475977403,4.077992413530392,BALANCE,1,-6.714373674023308e-06
2.916,0.03377639300651378,0.0,0.035281558121369745,0.033870184818609754,0.3799851199738427,3.3593941927979163,BALANCE,1,-6.714373674023308e-06
2.918,0.03377639300651378,0.0,0.0337475773334841,0.033827272198815775,-0.021456309896989573,5.072092048907328,BALANCE,1,-6.714373674023308e-06
2.92,0.03377639300651378,0.0,0.03681553890925539,0.03487316554746964,0.5229466743269309,1.85798585275303,BALANCE,1,-6.714373674023308e-06
2.922,0.03377639300651378,0.0,0.0337475773334841,0.034479209672574694,-0.1969779374474713,6.275963327463625,BALANCE,1,-6.714373674023308e-06
2.924,0.03377639300651378,0.0,0.0337475773334841,0.034223138353892985,-0.12803565934085478,0.4929290807747113,BALANCE,1,-6.714373674023308e-06
2.926,0.03377639300651378,0.0,0.03681553890925539,0.035130478548269825,0.4536700971884203,1.0291030265067407,BALANCE,1,-6.714373674023308e-06
2.928,0.03377639300651378,0.0,0.0337475773334841,0.03464646312309482,-0.24200771258750184,5.737189490403551,BALANCE,1,-6.714373674023308e-06
2.93,0.03377639300651378,0.0,0.0337475773334841,0.03433185309673107,-0.15730501318187567,0.14272608668567455,BALANCE,1,-6.714373674023308e-06
2.932,0.03377639300651378,0.0,0.035281558121369745,0.0346642498553546,0.16619837931176537,0.8014710803488589,BALANCE,1,-6.714373674023308e-06
2.934,0.03377639300651378,0.0,0.032213596545598466,0.03380652119693995,-0.4288643292073256,3.409442025815399,BALANCE,1,-6.714373674023308e-06
2.936,0.03377639300651378,0.0,0.032213596545598466,0.03324899756897043,-0.2787618139847604,-1.4025233618422077,BALANCE,1,-6.714373674023308e-06
2.938,0.03377639300651378,0.0,0.0337475773334841,0.03342350048655021,0.08725145878989149,-0.23515465773985755,BALANCE,1,-6.714373674023308e-06
2.94,0.03377639300651378,0.0,0.0337475773334841,0.03353692738297707,0.05671344821342808,2.7034216995121447,BALANCE,1,-6.714373674023308e-06
2.942,0.03377639300651378,0.0,0.035281558121369745,0.034147548141414505,0.3053103792187185,2.465923228686049,BALANCE,1,-6.714373674023308e-06
2.944,0.03377639300651378,0.0,0.0337475773334841,0.03400755835863886,-0.0699948913878215,4.491335922234619,BALANCE,1,-6.714373674023308e-06
2.946,0.03377639300651378,0.0,0.035281558121369745,0.03445345827559467,0.22294995847790475,1.4804943704157596,BALANCE,1,-6.714373674023308e-06
2.948,0.03377639300651378,0.0,0.032213596545598466,0.033669506670095994,-0.39197580274933846,3.850807164358918,BALANCE,1,-6.714373674023308e-06
2.95,0.03377639300651378,0.0,0.0337475773334841,0.03369683140228183,0.013662366092917488,-1.1156360217889483,BALANCE,1,-6.714373674023308e-06
2.952,0.03377639300651378,0.0,0.030679615757712823,0.03264080592668268,-0.5280127377995762,2.1311088128802496,BALANCE,1,-6.714373674023308e-06
2.954,0.03377639300651378,0.0,0.032213596545598466,0.0324912826433032,-0.07476164168973912,-2.265653546795649,BALANCE,1,-6.714373674023308e-06
2.956,0.03377639300651378,0.0,0.032213596545598466,0.03239409250910654,-0.048595067098328865,1.351383825080279,BALANCE,1,-6.714373674023308e-06
2.958,0.03377639300651378,0.0,0.0337475773334841,0.032867812197638686,0.2368598442660727,1.5548850137597616,BALANCE,1,-6.714373674023308e-06
2.96,0.03377639300651378,0.0,0.035281558121369745,0.033712623270944556,0.42240553665293457,3.866947485986903,BALANCE,1,-6.714373674023308e-06
2.962,0.03377639300651378,0.0,0.0337475773334841,0.03372485719283339,0.006116960944418243,5.40200168948015,BALANCE,1,-6.714373674023308e-06
2.964,0.03377639300651378,0.0,0.035281558121369745,0.03426970251782111,0.2724226624938597,2.07242711912535,BALANCE,1,-6.714373674023308e-06
2.966,0.03377639300651378,0.0,0.035281558121369745,0.03462385197906313,0.1770747306210109,4.235563451020145,BALANCE,1,-6.714373674023308e-06
2.968,0.03377639300651378,0.0,0.035281558121369745,0.03485404912887045,0.11509857490365691,3.494028963711875,BALANCE,1,-6.714373674023308e-06
2.97,0.03377639300651378,0.0,0.032213596545598466,0.03392989072472525,-0.4620792020725989,3.012031546961482,BALANCE,1,-6.714373674023308e-06
2.972,0.03377639300651378,0.0,0.035281558121369745,0.03440297431355082,0.2365417944127854,-1.6608401730972764,BALANCE,1,-6.714373674023308e-06
2.974,0.03377639300651378,0.0,0.030679615757712823,0.03309979881900752,-0.6515877472716494,3.9565128141153325,BALANCE,1,-6.714373674023308e-06
2.976,0.03377639300651378,0.0,0.035281558121369745,0.0338634145748343,0.38180787791338916,-3.2267140490327435,BALANCE,1,-6.714373674023308e-06
2.978,0.03377639300651378,0.0,0.03834951969714103,0.035433551367641654,0.7850683964036771,5.086267897797171,BALANCE,1,-6.714373674023308e-06
2.98,0.03377639300651378,0.0,0.032213596545598466,0.034306567179926535,-0.5634920938575594,8.406560253287916,BALANCE,1,-6.714373674023308e-06
2.982,0.03377639300651378,0.0,0.03681553890925539,0.03518470728519163,0.43907005263254734,-2.449542720064883,BALANCE,1,-6.714373674023308e-06
2.984,0.03377639300651378,0.0,0.0337475773334841,0.03468171180209399,-0.2514977415488187,5.623642858171877,BALANCE,1,-6.714373674023308e-06
2.986,0.03377639300651378,0.0,0.0337475773334841,0.03435476473808053,-0.16347353200673112,0.06892077573508981,BALANCE,1,-6.714373674023308e-06
2.988,0.03377639300651378,0.0,0.03681553890925539,0.03521603569799173,0.4306354799555982,0.7534976282309829,BALANCE,1,-6.714373674023308e-06
2.99,0.03377639300651378,0.0,0.0337475773334841,0.03470207527041406,-0.25698021378883423,5.558045981524289,BALANCE,1,-6.714373674023308e-06
2.992,0.03377639300651378,0.0,0.035281558121369745,0.03490489426824855,0.10140949891724454,0.02628280591416976,BALANCE,1,-6.714373674023308e-06
2.994,0.03377639300651378,0.0,0.0337475773334841,0.03449983334108099,-0.20253046358377838,2.9055696474328694,BALANCE,1,-6.714373674023308e-06
2.996,0.03377639300651378,0.0,0.035281558121369745,0.03477343701418205,0.13680183655052913,0.44974629179463244,BALANCE,1,-6.714373674023308e-06
2.998,0.03377639300651378,0.0,0.0337475773334841,0.034414386125937765,-0.17952544412214166,3.180820913255156,BALANCE,1,-6.714373674023308e-06
3.0,0.03377639300651378,0.0,0.035281558121369745,0.03471789632433896,0.1517550992005956,0.6286596145791328,BALANCE,1,-6.714373674023308e-06
3.0020000000000002,0.03377639300651378,0.0,0.0337475773334841,0.034378284677539755,-0.16980582339960054,3.297114573065102,BALANCE,1,-6.714373674023308e-06
3.004,0.03377639300651378,0.0,0.035281558121369745,0.03469443038288025,0.1580728526702456,0.7042504934555809,BALANCE,1,-6.714373674023308e-06
3.0060000000000002,0.03377639300651378,0.0,0.032213596545598466,0.03382613853983162,-0.4341459215243121,3.3462486443347794,BALANCE,1,-6.714373674023308e-06
3.008,0.03377639300651378,0.0,0.0337475773334841,0.03379864211760999,-0.013748211110817254,-1.4435990598045993,BALANCE,1,-6.714373674023308e-06
3.0100000000000002,0.03377639300651378,0.0,0.0337475773334841,0.03378076944316592,-0.008936337222032603,1.9179328381700613,BALANCE,1,-6.714373674023308e-06
3.012,0.03377639300651378,0.0,0.03681553890925539,0.03484293875629723,0.5310846565656536,1.9553554688136947,BALANCE,1,-6.714373674023308e-06
3.0140000000000002,0.03377639300651378,0.0,0.0337475773334841,0.034459562258312634,-0.1916882489922979,6.339253577903063,BALANCE,1,-6.714373674023308e-06
3.016,0.03377639300651378,0.0,0.035281558121369745,0.034747260810382624,0.14384927603499492,0.5340677435603751,BALANCE,1,-6.714373674023308e-06
3.0180000000000002,0.03377639300651378,0.0,0.032213596545598466,0.033860478317708165,-0.4433912463372297,3.235629856902917,BALANCE,1,-6.714373674023308e-06
3.02,0.03377639300651378,0.0,0.0337475773334841,0.03382096297322974,-0.019757672239210933,-1.5155012716353475,BALANCE,1,-6.714373674023308e-06
3.0220000000000002,0.03377639300651378,0.0,0.032213596545598466,0.03325838472355879,-0.2812891248354758,1.871196400480097,BALANCE,1,-6.714373674023308e-06
3.024,0.03377639300651378,0.0,0.0337475773334841,0.033429602137032645,0.08560870673692683,-0.25480991527027896,BALANCE,1,-6.714373674023308e-06
3.0260000000000002,0.03377639300651378,0.0,0.032213596545598466,0.033004000180030676,-0.2128009785009842,2.6906457821173735,BALANCE,1,-6.714373674023308e-06
3.028,0.03377639300651378,0.0,0.0337475773334841,0.03326425218373937,0.13012600185434778,0.27783218279396693,BALANCE,1,-6.714373674023308e-06
3.0300000000000002,0.03377639300651378,0.0,0.035281558121369745,0.03397030926191,0.35302853908531284,3.0368631458591446,BALANCE,1,-6.714373674023308e-06
3.032,0.03377639300651378,0.0,0.0337475773334841,0.03389235308696093,-0.0389780874745331,4.862446868397102,BALANCE,1,-6.714373674023308e-06
3.0340000000000003,0.03377639300651378,0.0,0.0337475773334841,0.03384168157324404,-0.025335756858445302,1.721716485421391,BALANCE,1,-6.714373674023308e-06
3.036,0.03377639300651378,0.0,0.0337475773334841,0.03380874508932806,-0.016468241957990487,1.82781483952708,BALANCE,1,-6.714373674023308e-06
3.0380000000000003,0.03377639300651378,0.0,0.035281558121369745,0.034324229650542645,0.25774228060729265,1.8967787696957596,BALANCE,1,-6.714373674023308e-06
3.04,0.03377639300651378,0.0,0.0337475773334841,0.03412240133957215,-0.10091415548524676,4.1213920238909,BALANCE,1,-6.714373674023308e-06
3.0420000000000003,0.03377639300651378,0.0,0.0337475773334841,0.03399121293744133,-0.06559420106540953,1.2400308364923551,BALANCE,1,-6.714373674023308e-06
3.044,0.03377639300651378,0.0,0.032213596545598466,0.03336904720029633,-0.31108286857250284,1.5147191677232037,BALANCE,1,-6.714373674023308e-06
3.0460000000000003,0.03377639300651378,0.0,0.035281558121369745,0.03403842602267202,0.3346894111878468,-0.48652011656224303,BALANCE,1,-6.714373674023308e-06
3.048,0.03377639300651378,0.0,0.035281558121369745,0.03447352225721622,0.21754811727209972,4.719820850863096,BALANCE,1,-6.714373674023308e-06
3.0500000000000003,0.03377639300651378,0.0,0.0337475773334841,0.034219441533909975,-0.12704036165312252,3.808796273609771,BALANCE,1,-6.714373674023308e-06
3.052,0.03377639300651378,0.0,0.035281558121369745,0.034591182339520896,0.1858704028054603,1.0368435988096183,BALANCE,1,-6.714373674023308e-06
3.0540000000000003,0.03377639300651378,0.0,0.032213596545598466,0.033759027311648045,-0.41607751393642545,3.5624341628149363,BALANCE,1,-6.714373674023308e-06
3.056,0.03377639300651378,0.0,0.032213596545598466,0.03321812654353069,-0.27045038405867566,-1.3030784727925209,BALANCE,1,-6.714373674023308e-06
3.0580000000000003,0.03377639300651378,0.0,0.03681553890925539,0.034477220871534334,0.6295471640018202,-0.17051547985756366,BALANCE,1,-6.714373674023308e-06
3.06,0.03377639300651378,0.0,0.035281558121369745,0.034758738908976725,0.14075901872119545,7.105010564306621,BALANCE,1,-6.714373674023308e-06
3.0620000000000003,0.03377639300651378,0.0,0.032213596545598466,0.033867939081794335,-0.44539991359119485,3.211596484308167,BALANCE,1,-6.714373674023308e-06
3.064,0.03377639300651378,0.0,0.035281558121369745,0.034362705745645726,0.2473833319256956,-1.5311229638218986,BALANCE,1,-6.714373674023308e-06
3.0660000000000003,0.03377639300651378,0.0,0.0337475773334841,0.03414741080138915,-0.10764747212828676,4.040829000144308,BALANCE,1,-6.714373674023308e-06
3.068,0.03377639300651378,0.0,0.032213596545598466,0.03347057581186241,-0.33841749476336974,1.187664871057055,BALANCE,1,-6.714373674023308e-06
3.0700000000000003,0.03377639300651378,0.0,0.03681553890925539,0.034641312895949954,0.5853685420437703,-0.6991054093952132,BALANCE,1,-6.714373674023308e-06
3.072,0.03377639300651378,0.0,0.032213596545598466,0.03379161217332693,-0.4248503613115129,6.76142711010716,BALANCE,1,-6.714373674023308e-06
3.074,0.03377639300651378,0.0,0.035281558121369745,0.03431309325514191,0.26074054090749127,-1.3713061600924874,BALANCE,1,-6.714373674023308e-06
3.076,0.03377639300651378,0.0,0.032213596545598466,0.033578269406801704,-0.36741192417010304,4.144709922568445,BALANCE,1,-6.714373674023308e-06
3.078,0.03377639300651378,0.0,0.032213596545598466,0.033100633905380566,-0.2388177507105689,-0.9245992289527223,BALANCE,1,-6.714373674023308e-06
3.08,0.03377639300651378,0.0,0.035281558121369745,0.03386395738097678,0.38166173779810575,0.07549602863828286,BALANCE,1,-6.714373674023308e-06
3.082,0.03377639300651378,0.0,0.032213596545598466,0.03328633108859436,-0.2888131461912073,5.085131345243452,BALANCE,1,-6.714373674023308e-06
3.084,0.03377639300651378,0.0,0.0337475773334841,0.03344776727430577,0.08071809285570275,-0.3133253042139965,BALANCE,1,-6.714373674023308e-06
3.086,0.03377639300651378,0.0,0.030679615757712823,0.03247891424349823,-0.48442651540376785,2.652610779303968,BALANCE,1,-6.714373674023308e-06
3.088,0.03377639300651378,0.0,0.035281558121369745,0.03345983960075326,0.49046267862751236,-1.926677268620249,BALANCE,1,-6.714373674023308e-06
3.09,0.03377639300651378,0.0,0.0337475773334841,0.03356054780720905,0.050354103227897434,5.931291805065294,BALANCE,1,-6.714373674023308e-06
3.092,0.03377639300651378,0.0,0.032213596545598466,0.03308911486564534,-0.23571647078185487,2.4164656942557228,BALANCE,1,-6.714373674023308e-06
3.094,0.03377639300651378,0.0,0.0337475773334841,0.03331957672938891,0.11523093187178202,0.09961512568388153,BALANCE,1,-6.714373674023308e-06
3.096,0.03377639300651378,0.0,0.032213596545598466,0.032932483665062254,-0.1935465321633266,2.9210220587375906,BALANCE,1,-6.714373674023308e-06
3.098,0.03377639300651378,0.0,0.032213596545598466,0.03268087317324993,-0.12580524590616315,0.4275767625971225,BALANCE,1,-6.714373674023308e-06
3.1,0.03377639300651378,0.0,0.0337475773334841,0.03305421962933189,0.18667322804098024,0.9544104231456905,BALANCE,1,-6.714373674023308e-06
3.102,0.03377639300651378,0.0,0.032213596545598466,0.03276000155002519,-0.14710903965334948,3.4766390020877553,BALANCE,1,-6.714373674023308e-06
3.104,0.03377639300651378,0.0,0.035281558121369745,0.03364254634999578,0.4412723999852944,0.7887277757747155,BALANCE,1,-6.714373674023308e-06
3.106,0.03377639300651378,0.0,0.0337475773334841,0.03367930719421669,0.018380422110456096,5.548731980882102,BALANCE,1,-6.714373674023308e-06
3.108,0.03377639300651378,0.0,0.032213596545598466,0.03316630846720031,-0.25649936350818914,2.16780180853665,BALANCE,1,-6.714373674023308e-06
3.11,0.03377639300651378,0.0,0.030679615757712823,0.03229596601887969,-0.4351712241603099,-0.0620164000334944,BALANCE,1,-6.714373674023308e-06
3.112,0.03377639300651378,0.0,0.032213596545598466,0.03226713670323126,-0.014414657824216026,-1.5436118321496977,BALANCE,1,-6.714373674023308e-06
3.114,0.03377639300651378,0.0,0.0337475773334841,0.03278529092381975,0.25907711029424585,1.8207109396001473,BALANCE,1,-6.714373674023308e-06
3.116,0.03377639300651378,0.0,0.035281558121369745,0.033658984442962246,0.4368467595712473,4.039734337783152,BALANCE,1,-6.714373674023308e-06
3.118,0.03377639300651378,0.0,0.032213596545598466,0.03315309867888492,-0.2529428820386634,5.514313143147714,BALANCE,1,-6.714373674023308e-06
3.12,0.03377639300651378,0.0,0.030679615757712823,0.032287379656474685,-0.4328595112051171,-0.034357135576212006,BALANCE,1,-6.714373674023308e-06
3.122,0.03377639300651378,0.0,0.030679615757712823,0.03172466229190803,-0.28135868228332594,-1.5256333102524557,BALANCE,1,-6.714373674023308e-06
3.124,0.03377639300651378,0.0,0.035281558121369745,0.03296957583221963,0.6224567701557971,-0.3473897207521255,BALANCE,1,-6.714373674023308e-06
3.126,0.03377639300651378,0.0,0.0337475773334841,0.03324187635766219,0.1361502627212803,6.957828711179555,BALANCE,1,-6.714373674023308e-06
3.128,0.03377639300651378,0.0,0.0337475773334841,0.033418871699199854,0.08849767076883272,3.0837146832299736,BALANCE,1,-6.714373674023308e-06
3.13,0.03377639300651378,0.0,0.032213596545598466,0.03299702539543937,-0.21092315188024277,2.713113668102653,BALANCE,1,-6.714373674023308e-06
3.132,0.03377639300651378,0.0,0.035281558121369745,0.033796611849515,0.3997932270378146,0.29243630868441994,BALANCE,1,-6.714373674023308e-06
3.134,0.03377639300651378,0.0,0.035281558121369745,0.034316343044664153,0.2598655975745781,5.226142527273417,BALANCE,1,-6.714373674023308e-06
3.136,0.03377639300651378,0.0,0.0337475773334841,0.034117275045751135,-0.09953399945650948,4.137905363276474,BALANCE,1,-6.714373674023308e-06
3.138,0.03377639300651378,0.0,0.0337475773334841,0.03398788084645767,-0.06469709964673082,1.2507645070929923,BALANCE,1,-6.714373674023308e-06
3.14,0.03377639300651378,0.0,0.032213596545598466,0.03336688134115695,-0.31049975265036095,1.521696053613614,BALANCE,1,-6.714373674023308e-06
3.142,0.03377639300651378,0.0,0.035281558121369745,0.034037018214231426,0.3350684365372378,-0.48198514073347054,BALANCE,1,-6.714373674023308e-06
3.144,0.03377639300651378,0.0,0.0337475773334841,0.03393571390596986,-0.05065215413078278,4.722768585151788,BALANCE,1,-6.714373674023308e-06
3.146,0.03377639300651378,0.0,0.032213596545598466,0.03333297282983987,-0.30137053806499403,1.6309256013119295,BALANCE,1,-6.714373674023308e-06
3.148,0.03377639300651378,0.0,0.035281558121369745,0.03401497768187533,0.341002426017728,-0.4109859347295599,BALANCE,1,-6.714373674023308e-06
3.15,0.03377639300651378,0.0,0.035281558121369745,0.03445828083569837,0.22165157691152182,4.768918069054344,BALANCE,1,-6.714373674023308e-06
3.152,0.03377639300651378,0.0,0.0337475773334841,0.034209534609923375,-0.1243731128874985,3.840709465434077,BALANCE,1,-6.714373674023308e-06
3.154,0.03377639300651378,0.0,0.0337475773334841,0.03404784956316963,-0.0808425233768742,1.0575871734954145,BALANCE,1,-6.714373674023308e-06
3.156,0.03377639300651378,0.0,0.030679615757712823,0.032868967731259746,-0.5894409159549404,1.396130786775184,BALANCE,1,-6.714373674023308e-06
3.158,0.03377639300651378,0.0,0.0337475773334841,0.03317648109203827,0.15375668038926024,-2.7433892637639383,BALANCE,1,-6.714373674023308e-06
3.16,0.03377639300651378,0.0,0.035281558121369745,0.03391325805230428,0.368388480133007,3.220642308636378,BALANCE,1,-6.714373674023308e-06
3.162,0.03377639300651378,0.0,0.035281558121369745,0.03439216307647719,0.2394525120864542,4.981903324202313,BALANCE,1,-6.714373674023308e-06
3.164,0.03377639300651378,0.0,0.0337475773334841,0.034166558066429605,-0.11280250502379227,3.9791498812802653,BALANCE,1,-6.714373674023308e-06
3.166,0.03377639300651378,0.0,0.0337475773334841,0.034019914809898674,-0.07332162826546515,1.147573443795438,BALANCE,1,-6.714373674023308e-06
3.168,0.03377639300651378,0.0,0.035281558121369745,0.034461489968913545,0.22078757950743516,1.4546218624701994,BALANCE,1,-6.714373674023308e-06
3.17,0.03377639300651378,0.0,0.0337475773334841,0.034211620546513236,-0.12493471120015448,3.833990034194294,BALANCE,1,-6.714373674023308e-06
3.172,0.03377639300651378,0.0,0.0337475773334841,0.034049205421953034,-0.08120756228010076,1.0532195431895581,BALANCE,1,-6.714373674023308e-06
3.174,0.03377639300651378,0.0,0.030679615757712823,0.032869849039468955,-0.5896781912420392,1.393291827076376,BALANCE,1,-6.714373674023308e-06
3.176,0.03377639300651378,0.0,0.035281558121369745,0.03371394721813423,0.42204908933263574,-2.7452345875681763,BALANCE,1,-6.714373674023308e-06
3.178,0.03377639300651378,0.0,0.0337475773334841,0.03372571775850668,0.00588527018622817,5.399229547749139,BALANCE,1,-6.714373674023308e-06
3.18,0.03377639300651378,0.0,0.0337475773334841,0.03373336860974878,0.00382542562104779,2.0706252270002263,BALANCE,1,-6.714373674023308e-06
3.182,0.03377639300651378,0.0,0.035281558121369745,0.03427523493881612,0.2709331645336689,2.0546055215533094,BALANCE,1,-6.714373674023308e-06
3.184,0.03377639300651378,0.0,0.035281558121369745,0.03462744805270988,0.17610655694688324,4.223979412598318,BALANCE,1,-6.714373674023308e-06
3.186,0.03377639300651378,0.0,0.032213596545598466,0.033782600025220884,-0.42242401374449967,3.4864993387376586,BALANCE,1,-6.714373674023308e-06
3.188,0.03377639300651378,0.0,0.030679615757712823,0.03269655553159306,-0.5430222468139102,-1.3524361084427445,BALANCE,1,-6.714373674023308e-06
3.19,0.03377639300651378,0.0,0.035281558121369745,0.0336013064380149,0.4523754532109181,-2.3823846426156976,BALANCE,1,-6.714373674023308e-06
3.192,0.03377639300651378,0.0,0.032213596545598466,0.03311560797566915,-0.24284923117287582,5.6350820119682385,BALANCE,1,-6.714373674023308e-06
3.194,0.03377639300651378,0.0,0.0337475773334841,0.03333679725090438,0.11059463761761701,0.04414262915714229,BALANCE,1,-6.714373674023308e-06
3.196,0.03377639300651378,0.0,0.0337475773334841,0.03348057027980728,0.07188651445145036,2.8849649359951988,BALANCE,1,-6.714373674023308e-06
3.198,0.03377639300651378,0.0,0.032213596545598466,0.033037129472834194,-0.22172040348654443,2.58392633240004,BALANCE,1,-6.714373674023308e-06
3.2,0.03377639300651378,0.0,0.035281558121369745,0.03382267949982164,0.39277501349372146,0.20846454047769614,BALANCE,1,-6.714373674023308e-06
3.202,0.03377639300651378,0.0,0.035281558121369745,0.034333287017363476,0.2553037587709195,5.17156087793907,BALANCE,1,-6.714373674023308e-06
3.204,0.03377639300651378,0.0,0.035281558121369745,0.03466518190376567,0.16594744320109697,4.102427291209164,BALANCE,1,-6.714373674023308e-06
3.206,0.03377639300651378,0.0,0.032213596545598466,0.033807127028407144,-0.4290274376792628,3.407490459834716,BALANCE,1,-6.714373674023308e-06
3.208,0.03377639300651378,0.0,0.0337475773334841,0.03378628463518408,-0.010421196611532652,-1.403791879729674,BALANCE,1,-6.714373674023308e-06
3.21,0.03377639300651378,0.0,0.0337475773334841,0.03377273707958908,-0.006773777797498132,1.9438075052187835,BALANCE,1,-6.714373674023308e-06
3.212,0.03377639300651378,0.0,0.0337475773334841,0.03376393116845234,-0.0044029555683715305,1.97217400239536,BALANCE,1,-6.714373674023308e-06
3.214,0.03377639300651378,0.0,0.0337475773334841,0.03375820732621346,-0.0028619211194409744,1.9906122255601681,BALANCE,1,-6.714373674023308e-06
3.216,0.03377639300651378,0.0,0.032213596545598466,0.033217593552998206,-0.27030688660762553,2.0025970706172798,BALANCE,1,-6.714373674023308e-06
3.218,0.03377639300651378,0.0,0.0337475773334841,0.03340308787616827,0.09274716158503074,-0.1693994796811118,BALANCE,1,-6.714373674023308e-06
3.22,0.03377639300651378,0.0,0.030679615757712823,0.03244987263470886,-0.47660762072970414,2.7461625652503416,BALANCE,1,-6.714373674023308e-06
3.222,0.03377639300651378,0.0,0.032213596545598466,0.032367176003520216,-0.04134831559432159,-1.8658686077551017,BALANCE,1,-6.714373674023308e-06
3.224,0.03377639300651378,0.0,0.0337475773334841,0.03285031646900757,0.24157023274367848,1.6112440354566402,BALANCE,1,-6.714373674023308e-06
3.226,0.03377639300651378,0.0,0.032213596545598466,0.032627464495814384,-0.11142598659659442,3.903580850089882,BALANCE,1,-6.714373674023308e-06
3.228,0.03377639300651378,0.0,0.035281558121369745,0.03355639726475876,0.4644663844721869,1.0662399769761077,BALANCE,1,-6.714373674023308e-06
3.23,0.03377639300651378,0.0,0.032213596545598466,0.033086417013052656,-0.2349901258530511,5.729114911663021,BALANCE,1,-6.714373674023308e-06
3.232,0.03377639300651378,0.0,0.03681553890925539,0.03439160967672361,0.6525963318354776,0.10526401395875062,BALANCE,1,-6.714373674023308e-06
3.234,0.03377639300651378,0.0,0.0337475773334841,0.03416619835658978,-0.11270566006691546,7.2842672352872375,BALANCE,1,-6.714373674023308e-06
3.236,0.03377639300651378,0.0,0.0337475773334841,0.03401968099850279,-0.0732586790434947,1.1483266208600633,BALANCE,1,-6.714373674023308e-06
3.238,0.03377639300651378,0.0,0.032213596545598466,0.03338755143998628,-0.31606477925825643,1.4551114275622097,BALANCE,1,-6.714373674023308e-06
3.24,0.03377639300651378,0.0,0.0337475773334841,0.03351356050271052,0.06300453136211942,-0.5252651476668748,BALANCE,1,-6.714373674023308e-06
3.242,0.03377639300651378,0.0,0.032213596545598466,0.0330585731177213,-0.22749369249460902,2.5148498810595865,BALANCE,1,-6.714373674023308e-06
3.244,0.03377639300651378,0.0,0.035281558121369745,0.033836617868998255,0.3890223756384779,0.16356484710640573,BALANCE,1,-6.714373674023308e-06
3.246,0.03377639300651378,0.0,0.0337475773334841,0.0338054536815683,-0.015582093714976847,5.142376077247718,BALANCE,1,-6.714373674023308e-06
3.248,0.03377639300651378,0.0,0.035281558121369745,0.0343220902354988,0.2583182769652498,1.9036704711742833,BALANCE,1,-6.714373674023308e-06
3.25,0.03377639300651378,0.0,0.030679615757712823,0.03304722416827371,-0.6374330336125466,4.125871629851926,BALANCE,1,-6.714373674023308e-06
3.2520000000000002,0.03377639300651378,0.0,0.032213596545598466,0.03275545450033737,-0.14588483396816773,-3.1166308188039498,BALANCE,1,-6.714373674023308e-06
3.254,0.03377639300651378,0.0,0.0337475773334841,0.033102697491938726,0.1736214958006771,0.7982485982749006,BALANCE,1,-6.714373674023308e-06
3.2560000000000002,0.03377639300651378,0.0,0.035281558121369745,0.03386529871223958,0.38130061015042777,3.3751338159217403,BALANCE,1,-6.714373674023308e-06
3.258,0.03377639300651378,0.0,0.032213596545598466,0.03328720295391519,-0.28904787916219504,5.082322803937798,BALANCE,1,-6.714373674023308e-06
3.2600000000000002,0.03377639300651378,0.0,0.03681553890925539,0.03452212053828426,0.6174587921845345,-0.3151508560626488,BALANCE,1,-6.714373674023308e-06
3.262,0.03377639300651378,0.0,0.0337475773334841,0.034251030416604204,-0.13554506084002826,7.010997569773331,BALANCE,1,-6.714373674023308e-06
3.2640000000000002,0.03377639300651378,0.0,0.035281558121369745,0.03461171511327214,0.1803423483339693,0.9707013382760263,BALANCE,1,-6.714373674023308e-06
3.266,0.03377639300651378,0.0,0.035281558121369745,0.0348461601661063,0.11722252641708023,3.5194416934680834,BALANCE,1,-6.714373674023308e-06
3.2680000000000002,0.03377639300651378,0.0,0.035281558121369745,0.03499854945044851,0.07619464217110267,3.02854982130302,BALANCE,1,-6.714373674023308e-06
3.27,0.03377639300651378,0.0,0.032213596545598466,0.03402381593375099,-0.48736675834875826,2.7094701043957317,BALANCE,1,-6.714373674023308e-06
3.2720000000000002,0.03377639300651378,0.0,0.03834951969714103,0.0355378122509375,0.7569981585932549,-1.8575051107650067,BALANCE,1,-6.714373674023308e-06
3.274,0.03377639300651378,0.0,0.035281558121369745,0.03544812330558878,-0.0448444726743602,8.188254003802289,BALANCE,1,-6.714373674023308e-06
3.2760000000000002,0.03377639300651378,0.0,0.030679615757712823,0.033779145663832194,-0.8344888208782937,1.7681316169404453,BALANCE,1,-6.714373674023308e-06
3.278,0.03377639300651378,0.0,0.032213596545598466,0.033231203472450385,-0.27397109569090444,-4.6491618271964175,BALANCE,1,-6.714373674023308e-06
3.2800000000000002,0.03377639300651378,0.0,0.03681553890925539,0.03448572087533213,0.6272587014408727,-0.19789655718021248,BALANCE,1,-6.714373674023308e-06
3.282,0.03377639300651378,0.0,0.0337475773334841,0.03422737063568532,-0.12917511982340688,7.08721286404691,BALANCE,1,-6.714373674023308e-06
3.2840000000000003,0.03377639300651378,0.0,0.0337475773334841,0.03405944297991489,-0.08396382788521464,1.0202412795538642,BALANCE,1,-6.714373674023308e-06
3.286,0.03377639300651378,0.0,0.0337475773334841,0.03395029000366411,-0.054576488125387956,1.371855955713176,BALANCE,1,-6.714373674023308e-06
3.2880000000000003,0.03377639300651378,0.0,0.03681553890925539,0.034953127120621055,0.5014185584784718,1.600405495216743,BALANCE,1,-6.714373674023308e-06
3.29,0.03377639300651378,0.0,0.035281558121369745,0.03506807797088309,0.05747542513101847,6.108536095065038,BALANCE,1,-6.714373674023308e-06
3.2920000000000003,0.03377639300651378,0.0,0.035281558121369745,0.03514279602355342,0.037359026335163914,2.563888079301133,BALANCE,1,-6.714373674023308e-06
3.294,0.03377639300651378,0.0,0.032213596545598466,0.034117576206269186,-0.5126099086421171,2.4074399720945165,BALANCE,1,-6.714373674023308e-06
3.2960000000000003,0.03377639300651378,0.0,0.03834951969714103,0.03559875642807433,0.7405901109025711,-2.0538246967607856,BALANCE,1,-6.714373674023308e-06
3.298,0.03377639300651378,0.0,0.032213596545598466,0.034413950469207776,-0.5924029794332764,8.060646272905029,BALANCE,1,-6.714373674023308e-06
3.3000000000000003,0.03377639300651378,0.0,0.030679615757712823,0.03310693332018454,-0.6535085745116194,-2.6743868073137445,BALANCE,1,-6.714373674023308e-06
3.302,0.03377639300651378,0.0,0.03681553890925539,0.03440494527635933,0.6490059780873969,-3.241652596881883,BALANCE,1,-6.714373674023308e-06
3.3040000000000003,0.03377639300651378,0.0,0.032213596545598466,0.033637973220593025,-0.38348602788315295,7.256344541280735,BALANCE,1,-6.714373674023308e-06
3.306,0.03377639300651378,0.0,0.032213596545598466,0.03313944138434493,-0.24926591812404753,-1.0496098298296421,BALANCE,1,-6.714373674023308e-06
3.3080000000000003,0.03377639300651378,0.0,0.035281558121369745,0.03388918224230361,0.374870428979341,-0.005760861931684458,BALANCE,1,-6.714373674023308e-06
3.31,0.03377639300651378,0.0,0.032213596545598466,0.03330272724845681,-0.2932274969234018,5.032314366372944,BALANCE,1,-6.714373674023308e-06
3.3120000000000003,0.03377639300651378,0.0,0.032213596545598466,0.032921531502456386,-0.190597873000211,-0.34765634047980565,BALANCE,1,-6.714373674023308e-06
3.314,0.03377639300651378,0.0,0.0337475773334841,0.03321064754331608,0.14455802042984828,0.4505089061456953,BALANCE,1,-6.714373674023308e-06
3.3160000000000003,0.03377639300651378,0.0,0.035281558121369745,0.033935466245634864,0.36240935115939077,3.149103016037751,BALANCE,1,-6.714373674023308e-06
3.318,0.03377639300651378,0.0,0.0337475773334841,0.03386970512638209,-0.03288055962638592,4.935402784013219,BALANCE,1,-6.714373674023308e-06
3.3200000000000003,0.03377639300651378,0.0,0.035281558121369745,0.03436385367462777,0.24707427412283892,1.7691378305718382,BALANCE,1,-6.714373674023308e-06
3.322,0.03377639300651378,0.0,0.03681553890925539,0.035221943506747434,0.4290449160598321,4.038425413460377,BALANCE,1,-6.714373674023308e-06
3.3240000000000003,0.03377639300651378,0.0,0.0337475773334841,0.034705915346105266,-0.25801408032108397,5.545675938883503,BALANCE,1,-6.714373674023308e-06
3.326,0.03377639300651378,0.0,0.032213596545598466,0.03383360376592789,-0.4361557900886895,0.018242278197644346,BALANCE,1,-6.714373674023308e-06
3.3280000000000003,0.03377639300651378,0.0,0.032213596545598466,0.03326660123881259,-0.2835012635576499,-1.4592300947538428,BALANCE,1,-6.714373674023308e-06
3.33,0.03377639300651378,0.0,0.032213596545598466,0.03289804959618764,-0.184275821312474,-0.27201403413244374,BALANCE,1,-6.714373674023308e-06
3.332,0.03377639300651378,0.0,0.032213596545598466,0.03265849102848142,-0.1197792838531081,0.4996764052714664,BALANCE,1,-6.714373674023308e-06
3.334,0.03377639300651378,0.0,0.035281558121369745,0.033576564510992335,0.4590367412554558,1.0012751908840207,BALANCE,1,-6.714373674023308e-06
3.336,0.03377639300651378,0.0,0.0337475773334841,0.03363641899886445,0.02992724393605789,5.686887800703186,BALANCE,1,-6.714373674023308e-06
3.338,0.03377639300651378,0.0,0.0337475773334841,0.033675324415981325,0.01945270855843728,2.25760309142033,BALANCE,1,-6.714373674023308e-06
3.34,0.03377639300651378,0.0,0.0337475773334841,0.03370061293710729,0.01264426056298354,2.176141133426378,BALANCE,1,-6.714373674023308e-06
3.342,0.03377639300651378,0.0,0.032213596545598466,0.0331801572000792,-0.26022786851404717,2.123190860730306,BALANCE,1,-6.714373674023308e-06
3.344,0.03377639300651378,0.0,0.0337475773334841,0.03337875424677091,0.09929852334585737,-0.09101351610762554,BALANCE,1,-6.714373674023308e-06
3.346,0.03377639300651378,0.0,0.0337475773334841,0.03350784232712053,0.06454404017480764,2.7971134415731136,BALANCE,1,-6.714373674023308e-06
3.348,0.03377639300651378,0.0,0.030679615757712823,0.03251796302782783,-0.4949396496463504,2.5268228610256926,BALANCE,1,-6.714373674023308e-06
3.35,0.03377639300651378,0.0,0.035281558121369745,0.0334852213105675,0.48362914136983526,-2.0084394155011336,BALANCE,1,-6.714373674023308e-06
3.352,0.03377639300651378,0.0,0.03681553890925539,0.03465083247010826,0.5828055797703797,5.878146409592732,BALANCE,1,-6.714373674023308e-06
3.354,0.03377639300651378,0.0,0.035281558121369745,0.034871586448049774,0.11037698897075829,6.741494586369534,BALANCE,1,-6.714373674023308e-06
3.356,0.03377639300651378,0.0,0.03681553890925539,0.035551969809471735,0.3401916807109807,2.975311098649053,BALANCE,1,-6.714373674023308e-06
3.358,0.03377639300651378,0.0,0.032213596545598466,0.03438353916711609,-0.5842153211778229,4.85465163425615,BALANCE,1,-6.714373674023308e-06
3.36,0.03377639300651378,0.0,0.035281558121369745,0.03469784580110487,0.15715331699438922,-2.610710219395618,BALANCE,1,-6.714373674023308e-06
3.362,0.03377639300651378,0.0,0.035281558121369745,0.03490214511319757,0.10214965604635196,3.3390972840214057,BALANCE,1,-6.714373674023308e-06
3.364,0.03377639300651378,0.0,0.035281558121369745,0.03503493966605783,0.06639727643012808,2.91132595516267,BALANCE,1,-6.714373674023308e-06
3.366,0.03377639300651378,0.0,0.035281558121369745,0.035121256125417,0.04315822967958585,2.6332745914044944,BALANCE,1,-6.714373674023308e-06
3.368,0.03377639300651378,0.0,0.0337475773334841,0.03464046854824048,-0.24039378858825913,2.4525412049617064,BALANCE,1,-6.714373674023308e-06
3.37,0.03377639300651378,0.0,0.0337475773334841,0.034327956623075744,-0.15625596258236896,0.15527780418835602,BALANCE,1,-6.714373674023308e-06
3.372,0.03377639300651378,0.0,0.0337475773334841,0.03412482387171867,-0.10156637567853774,0.8096296967255929,BALANCE,1,-6.714373674023308e-06
3.374,0.03377639300651378,0.0,0.030679615757712823,0.03291900103181662,-0.6029114199510229,1.2349584268748182,BALANCE,1,-6.714373674023308e-06
3.376,0.03377639300651378,0.0,0.0337475773334841,0.03320900273740024,0.1450008527918087,-2.848151297699186,BALANCE,1,-6.714373674023308e-06
3.378,0.03377639300651378,0.0,0.0337475773334841,0.03339750384602959,0.0942505543146746,3.152546986578484,BALANCE,1,-6.714373674023308e-06
3.38,0.03377639300651378,0.0,0.035281558121369745,0.03405692284239864,0.32970949818452583,2.7578546652791722,BALANCE,1,-6.714373674023308e-06
3.382,0.03377639300651378,0.0,0.03681553890925539,0.0350224384657985,0.4827578116999298,4.681091356020126,BALANCE,1,-6.714373674023308e-06
3.384,0.03377639300651378,0.0,0.035281558121369745,0.03511313034524843,0.0453459397249667,5.963408801547349,BALANCE,1,-6.714373674023308e-06
3.386,0.03377639300651378,0.0,0.0337475773334841,0.034635186791130916,-0.23897177705875863,2.4695553385146396,BALANCE,1,-6.714373674023308e-06
3.388,0.03377639300651378,0.0,0.035281558121369745,0.0348614167567145,0.11311498279179336,0.1663369909977861,BALANCE,1,-6.714373674023308e-06
3.39,0.03377639300651378,0.0,0.030679615757712823,0.03339778640706391,-0.7318151748252968,2.996604867737217,BALANCE,1,-6.714373674023308e-06
3.392,0.03377639300651378,0.0,0.0337475773334841,0.03352021323131098,0.06121341212353415,-3.85065421417854,BALANCE,1,-6.714373674023308e-06
3.394,0.03377639300651378,0.0,0.035281558121369745,0.03413668394283154,0.30823535576028277,2.500920090866932,BALANCE,1,-6.714373674023308e-06
3.396,0.03377639300651378,0.0,0.032213596545598466,0.03346360335379996,-0.33654029451579,4.514083882652155,BALANCE,1,-6.714373674023308e-06
3.398,0.03377639300651378,0.0,0.035281558121369745,0.034099887522449385,0.3181420843247108,-0.684506154898322,BALANCE,1,-6.714373674023308e-06
3.4,0.03377639300651378,0.0,0.032213596545598466,0.03343968568055156,-0.3301009209489107,4.591129925944649,BALANCE,1,-6.714373674023308e-06
3.402,0.03377639300651378,0.0,0.035281558121369745,0.03408434103483792,0.32232767714317906,-0.6344262267581917,BALANCE,1,-6.714373674023308e-06
3.404,0.03377639300651378,0.0,0.0337475773334841,0.03396647373936408,-0.05893364773692025,4.623681879235708,BALANCE,1,-6.714373674023308e-06
3.406,0.03377639300651378,0.0,0.032213596545598466,0.03335296672154611,-0.3067535089089843,1.5665192424664827,BALANCE,1,-6.714373674023308e-06
3.408,0.03377639300651378,0.0,0.035281558121369745,0.03402797371148438,0.3375034949691345,-0.45285006797910743,BALANCE,1,-6.714373674023308e-06
3.41,0.03377639300651378,0.0,0.032213596545598466,0.03339294170342431,-0.31751600403003705,4.741706382442139,BALANCE,1,-6.714373674023308e-06
3.412,0.03377639300651378,0.0,0.03834951969714103,0.03512774400122516,0.867401148900427,-0.536551530034838,BALANCE,1,-6.714373674023308e-06
3.414,0.03377639300651378,0.0,0.035281558121369745,0.03518157894327576,0.026917471025299927,9.046873831276926,BALANCE,1,-6.714373674023308e-06
3.416,0.03377639300651378,0.0,0.03681553890925539,0.03575346493136863,0.2859429940464328,2.3262345047989452,BALANCE,1,-6.714373674023308e-06
3.418,0.03377639300651378,0.0,0.035281558121369745,0.03558829754786902,-0.08258369174980393,4.43275184825358,BALANCE,1,-6.714373674023308e-06
3.42,0.03377639300651378,0.0,0.030679615757712823,0.03387025892131435,-0.8590193132773337,1.47462831887371,BALANCE,1,-6.714373674023308e-06
3.422,0.03377639300651378,0.0,0.0337475773334841,0.03382732036557376,-0.021469277870295872,-4.839938970939809,BALANCE,1,-6.714373674023308e-06
3.424,0.03377639300651378,0.0,0.032213596545598466,0.033262517028582406,-0.28240166849567705,1.8578849989720585,BALANCE,1,-6.714373674023308e-06
3.426,0.03377639300651378,0.0,0.0337475773334841,0.033432288135298,0.0848855533577969,-0.26346232625047206,BALANCE,1,-6.714373674023308e-06
3.428,0.03377639300651378,0.0,0.032213596545598466,0.03300574607890316,-0.21327102819742108,2.6850217149802553,BALANCE,1,-6.714373674023308e-06
3.43,0.03377639300651378,0.0,0.035281558121369745,0.03380228029376646,0.3982671074316511,0.27417653915482076,BALANCE,1,-6.714373674023308e-06
3.432,0.03377639300651378,0.0,0.0337475773334841,0.03378313425766763,-0.00957301804941496,5.214273677079197,BALANCE,1,-6.714373674023308e-06
3.434,0.03377639300651378,0.0,0.032213596545598466,0.03323379605844342,-0.27466909961210495,1.950403911064738,BALANCE,1,-6.714373674023308e-06
3.436,0.03377639300651378,0.0,0.0337475773334841,0.033413619504707656,0.08991172313211823,-0.20332503339023433,BALANCE,1,-6.714373674023308e-06
3.438,0.03377639300651378,0.0,0.032213596545598466,0.03299361146901944,-0.21000401784410788,2.7241109553394054,BALANCE,1,-6.714373674023308e-06
3.44,0.03377639300651378,0.0,0.03681553890925539,0.03433128607310202,0.6688373020412898,0.29958454538830326,BALANCE,1,-6.714373674023308e-06
3.442,0.03377639300651378,0.0,0.032213596545598466,0.033590094738475774,-0.37059566731312277,7.41057558071644,BALANCE,1,-6.714373674023308e-06
3.444,0.03377639300651378,0.0,0.035281558121369745,0.03418210692248866,0.29600609200644207,-0.9493596541964355,BALANCE,1,-6.714373674023308e-06
3.446,0.03377639300651378,0.0,0.0337475773334841,0.03403002156633706,-0.07604267807579876,4.418975151400856,BALANCE,1,-6.714373674023308e-06
3.448,0.03377639300651378,0.0,0.035281558121369745,0.0344680593605985,0.21901889713071832,1.4334598693738336,BALANCE,1,-6.714373674023308e-06
3.45,0.03377639300651378,0.0,0.032213596545598466,0.033678997375348484,-0.39453099262500707,3.8202347386816564,BALANCE,1,-6.714373674023308e-06
3.452,0.03377639300651378,0.0,0.032213596545598466,0.033166107084935975,-0.2564451452062542,-1.1355080984791477,BALANCE,1,-6.714373674023308e-06
3.454,0.03377639300651378,0.0,0.035281558121369745,0.033906514947687795,0.3702039313759099,-0.06159473655387515,BALANCE,1,-6.714373674023308e-06
3.456,0.03377639300651378,0.0,0.035281558121369745,0.03438778005847647,0.2406325553943392,4.996022347868546,BALANCE,1,-6.714373674023308e-06
3.458,0.03377639300651378,0.0,0.0337475773334841,0.03416370910472914,-0.11203547687366547,3.988327246663302,BALANCE,1,-6.714373674023308e-06
3.46,0.03377639300651378,0.0,0.0337475773334841,0.034018062984793374,-0.07282305996788446,1.153538731294425,BALANCE,1,-6.714373674023308e-06
3.462,0.03377639300651378,0.0,0.032213596545598466,0.03338649973107515,-0.3157816268591108,1.4584992993445267,BALANCE,1,-6.714373674023308e-06
3.464,0.03377639300651378,0.0,0.032213596545598466,0.03297598361615831,-0.2052580574584198,-0.5230630310083773,BALANCE,1,-6.714373674023308e-06
3.466,0.03377639300651378,0.0,0.035281558121369745,0.03378293469298231,0.40347553841199935,0.3364945573021403,BALANCE,1,-6.714373674023308e-06
3.468,0.03377639300651378,0.0,0.0337475773334841,0.033770559617157934,-0.006187537912188262,5.254780388874933,BALANCE,1,-6.714373674023308e-06
3.47,0.03377639300651378,0.0,0.0337475773334841,0.03376251581787209,-0.004021899642922544,1.97673327373197,BALANCE,1,-6.714373674023308e-06
3.472,0.03377639300651378,0.0,0.0337475773334841,0.033757287348336294,-0.002614234767897572,1.9935757519289452,BALANCE,1,-6.714373674023308e-06
3.474,0.03377639300651378,0.0,0.0337475773334841,0.03375388884313803,-0.0016992525991334217,2.004523362756997,BALANCE,1,-6.714373674023308e-06
3.476,0.03377639300651378,0.0,0.035281558121369745,0.03428857309051912,0.26734212369054766,2.011639309795214,BALANCE,1,-6.714373674023308e-06
3.478,0.03377639300651378,0.0,0.032213596545598466,0.03356233129979689,-0.3631208953611166,4.196051374955529,BALANCE,1,-6.714373674023308e-06
3.48,0.03377639300651378,0.0,0.0337475773334841,0.03362716741158741,0.03241805589525998,-0.8912272849011194,BALANCE,1,-6.714373674023308e-06
3.482,0.03377639300651378,0.0,0.03681553890925539,0.0347430974357712,0.557965012091894,2.2769744918573243,BALANCE,1,-6.714373674023308e-06
3.484,0.03377639300651378,0.0,0.035281558121369745,0.03493155867573069,0.09423061997974533,6.548305942881424,BALANCE,1,-6.714373674023308e-06
3.486,0.03377639300651378,0.0,0.035281558121369745,0.035054058481704356,0.06124990298683394,2.849738480381804,BALANCE,1,-6.714373674023308e-06
3.488,0.03377639300651378,0.0,0.0337475773334841,0.034596790079827265,-0.22863420093854545,2.5932427327969325,BALANCE,1,-6.714373674023308e-06
3.49,0.03377639300651378,0.0,0.0337475773334841,0.034299565618607156,-0.1486122306100547,0.2467337972812722,BALANCE,1,-6.714373674023308e-06
3.492,0.03377639300651378,0.0,0.0337475773334841,0.03410636971881408,-0.09659794989653678,0.8690760922359917,BALANCE,1,-6.714373674023308e-06
3.494,0.03377639300651378,0.0,0.030679615757712823,0.032907005832428636,-0.599681943192723,1.2735985839565507,BALANCE,1,-6.714373674023308e-06
3.496,0.03377639300651378,0.0,0.0337475773334841,0.033201205857798045,0.14710001268470468,-2.8230351955960664,BALANCE,1,-6.714373674023308e-06
3.498,0.03377639300651378,0.0,0.0337475773334841,0.03339243587428816,0.0956150082450577,3.16887245294552,BALANCE,1,-6.714373674023308e-06
3.5,0.03377639300651378,0.0,0.0337475773334841,0.03351673538500674,0.06214975535928993,2.768466218417751,BALANCE,1,-6.714373674023308e-06
3.5020000000000002,0.03377639300651378,0.0,0.032213596545598466,0.03306063679121384,-0.2280492968964494,2.5082021659747236,BALANCE,1,-6.714373674023308e-06
3.504,0.03377639300651378,0.0,0.032213596545598466,0.03276417270524846,-0.14823204298269194,0.1592438323012353,BALANCE,1,-6.714373674023308e-06
3.5060000000000002,0.03377639300651378,0.0,0.032213596545598466,0.032571471049370956,-0.0963508279387508,0.779994018453372,BALANCE,1,-6.714373674023308e-06
3.508,0.03377639300651378,0.0,0.035281558121369745,0.03352000152457053,0.47426523759978506,1.183481639452251,BALANCE,1,-6.714373674023308e-06
3.5100000000000002,0.03377639300651378,0.0,0.0337475773334841,0.033599653057690276,0.03982576655987488,5.805321992272512,BALANCE,1,-6.714373674023308e-06
3.512,0.03377639300651378,0.0,0.035281558121369745,0.03418831982997809,0.2943333861439058,2.3345853159404157,BALANCE,1,-6.714373674023308e-06
3.5140000000000002,0.03377639300651378,0.0,0.0337475773334841,0.03403405995620519,-0.07712993688644906,4.405966278949932,BALANCE,1,-6.714373674023308e-06
3.516,0.03377639300651378,0.0,0.03681553890925539,0.035007577589772756,0.4867588167837833,1.4250041022807187,BALANCE,1,-6.714373674023308e-06
3.5180000000000002,0.03377639300651378,0.0,0.035281558121369745,0.0351034707758317,0.04794659302947285,5.994525189656631,BALANCE,1,-6.714373674023308e-06
3.52,0.03377639300651378,0.0,0.032213596545598466,0.034092014795250064,-0.505727990290819,2.4897809907856847,BALANCE,1,-6.714373674023308e-06
3.5220000000000002,0.03377639300651378,0.0,0.0337475773334841,0.03397146168363197,-0.06027655580904609,-2.0003030346115485,BALANCE,1,-6.714373674023308e-06
3.524,0.03377639300651378,0.0,0.035281558121369745,0.03442999543684019,0.22926687660410755,1.5560752545455496,BALANCE,1,-6.714373674023308e-06
3.5260000000000002,0.03377639300651378,0.0,0.0337475773334841,0.034191149100665556,-0.11942316808731535,3.8999347390432715,BALANCE,1,-6.714373674023308e-06
3.528,0.03377639300651378,0.0,0.0337475773334841,0.03403589898215204,-0.07762505925675706,1.0960836013414106,BALANCE,1,-6.714373674023308e-06
3.5300000000000002,0.03377639300651378,0.0,0.0337475773334841,0.03393498640511826,-0.05045628851689174,1.4211534648750659,BALANCE,1,-6.714373674023308e-06
3.532,0.03377639300651378,0.0,0.0337475773334841,0.0338693932300463,-0.032796587535979804,1.6324488761719615,BALANCE,1,-6.714373674023308e-06
3.5340000000000003,0.03377639300651378,0.0,0.0337475773334841,0.03382675766624953,-0.02131778189838618,1.7697908935149393,BALANCE,1,-6.714373674023308e-06
3.536,0.03377639300651378,0.0,0.0337475773334841,0.03379904454978162,-0.01385655823395171,1.8590632047878821,BALANCE,1,-6.714373674023308e-06
3.5380000000000003,0.03377639300651378,0.0,0.032213596545598466,0.03324413774831752,-0.2774534007320521,1.9170902071152836,BALANCE,1,-6.714373674023308e-06
3.54,0.03377639300651378,0.0,0.0337475773334841,0.03342034160312582,0.08810192740415015,-0.2249789409573657,BALANCE,1,-6.714373674023308e-06
3.5420000000000003,0.03377639300651378,0.0,0.035281558121369745,0.03407176738451119,0.3257128906926851,2.7100359154207503,BALANCE,1,-6.714373674023308e-06
3.544,0.03377639300651378,0.0,0.03681553890925539,0.035032087418171654,0.48016001683023196,4.6500091686121525,BALANCE,1,-6.714373674023308e-06
3.5460000000000003,0.03377639300651378,0.0,0.032213596545598466,0.03404561561277104,-0.4932359027003084,5.943205379732155,BALANCE,1,-6.714373674023308e-06
3.548,0.03377639300651378,0.0,0.0337475773334841,0.033941302215020605,-0.05215669887521576,-1.9031502848362054,BALANCE,1,-6.714373674023308e-06
3.5500000000000003,0.03377639300651378,0.0,0.032213596545598466,0.033336605230722856,-0.3023484921488746,1.6192245418995104,BALANCE,1,-6.714373674023308e-06
3.552,0.03377639300651378,0.0,0.0337475773334841,0.03348044546668929,0.07192011798321657,-0.4185916233476257,BALANCE,1,-6.714373674023308e-06
3.5540000000000003,0.03377639300651378,0.0,0.035281558121369745,0.03411083489582745,0.31519471456907877,2.58418767186709,BALANCE,1,-6.714373674023308e-06
3.556,0.03377639300651378,0.0,0.032213596545598466,0.0334468014732473,-0.33201671129007293,4.568207810302277,BALANCE,1,-6.714373674023308e-06
3.5580000000000003,0.03377639300651378,0.0,0.032213596545598466,0.033015179748570204,-0.2158108623385481,-0.6493256019257454,BALANCE,1,-6.714373674023308e-06
3.56,0.03377639300651378,0.0,0.0337475773334841,0.03327151890329007,0.1281695773599316,0.25442388620582745,BALANCE,1,-6.714373674023308e-06
3.5620000000000003,0.03377639300651378,0.0,0.0337475773334841,0.033438139353857976,0.08331022528395432,3.0216477530768566,BALANCE,1,-6.714373674023308e-06
3.564,0.03377639300651378,0.0,0.0337475773334841,0.03354644264672712,0.05415164643457135,2.672770163503113,BALANCE,1,-6.714373674023308e-06
3.5660000000000003,0.03377639300651378,0.0,0.035281558121369745,0.034153733062852035,0.3036452080624578,2.4459997302801977,BALANCE,1,-6.714373674023308e-06
3.568,0.03377639300651378,0.0,0.032213596545598466,0.033474685281813285,-0.3395238905193748,4.478385648270784,BALANCE,1,-6.714373674023308e-06
3.5700000000000003,0.03377639300651378,0.0,0.035281558121369745,0.034107090775658044,0.31620274692237965,-0.7077100072462015,BALANCE,1,-6.714373674023308e-06
3.572,0.03377639300651378,0.0,0.032213596545598466,0.03344436779513719,-0.3313614902604282,4.5760474219185205,BALANCE,1,-6.714373674023308e-06
3.5740000000000003,0.03377639300651378,0.0,0.0337475773334841,0.0335504911335586,0.05306166921070776,-0.6442298543751943,BALANCE,1,-6.714373674023308e-06
3.576,0.03377639300651378,0.0,0.0337475773334841,0.033619471303532523,0.034490084986960046,2.4375228216991784,BALANCE,1,-6.714373674023308e-06
3.5780000000000003,0.03377639300651378,0.0,0.0337475773334841,0.033664308414015576,0.02241855524152611,2.293088958107632,BALANCE,1,-6.714373674023308e-06
3.58,0.03377639300651378,0.0,0.0337475773334841,0.03369345253582956,0.014572060906992146,2.1992069467731437,BALANCE,1,-6.714373674023308e-06
3.5820000000000003,0.03377639300651378,0.0,0.032213596545598466,0.033175502939248674,-0.2589747982904428,2.1381836394057108,BALANCE,1,-6.714373674023308e-06
3.584,0.03377639300651378,0.0,0.035281558121369745,0.03391262225299105,0.36855965687118686,-0.08126820996862172,BALANCE,1,-6.714373674023308e-06
3.586,0.03377639300651378,0.0,0.03681553890925539,0.034928643082683564,0.5080104148462578,4.983234590148958,BALANCE,1,-6.714373674023308e-06
3.588,0.03377639300651378,0.0,0.035281558121369745,0.03505216334622373,0.06176013177008194,6.159801903731076,BALANCE,1,-6.714373674023308e-06
3.59,0.03377639300651378,0.0,0.032213596545598466,0.03405866496600488,-0.4967491901094224,2.597210854934079,BALANCE,1,-6.714373674023308e-06
3.592,0.03377639300651378,0.0,0.032213596545598466,0.033412891018862634,-0.3228869735711244,-1.9304736229150863,BALANCE,1,-6.714373674023308e-06
3.594,0.03377639300651378,0.0,0.0337475773334841,0.03353003122898014,0.05857010505875421,-0.5783223274372373,BALANCE,1,-6.714373674023308e-06
3.596,0.03377639300651378,0.0,0.035281558121369745,0.0341430656413165,0.30651720616817896,2.4803627142088422,BALANCE,1,-6.714373674023308e-06
3.598,0.03377639300651378,0.0,0.0337475773334841,0.03400464473357516,-0.06921045387067032,4.5007215878244216,BALANCE,1,-6.714373674023308e-06
3.6,0.03377639300651378,0.0,0.035281558121369745,0.03445156441930326,0.22345984286405163,1.4865950530491472,BALANCE,1,-6.714373674023308e-06
3.602,0.03377639300651378,0.0,0.0337475773334841,0.034205168939266554,-0.12319774001835412,3.8547726080706086,BALANCE,1,-6.714373674023308e-06
3.604,0.03377639300651378,0.0,0.035281558121369745,0.03458190515300267,0.18836810686805733,1.0667282162091605,BALANCE,1,-6.714373674023308e-06
3.606,0.03377639300651378,0.0,0.035281558121369745,0.034826783691931144,0.12243926946423761,3.581859164124619,BALANCE,1,-6.714373674023308e-06
3.608,0.03377639300651378,0.0,0.03681553890925539,0.03552284801799463,0.34803216303174245,3.0691211772297695,BALANCE,1,-6.714373674023308e-06
3.61,0.03377639300651378,0.0,0.03681553890925539,0.03597528982993589,0.22622090597063105,4.915628185333617,BALANCE,1,-6.714373674023308e-06
3.612,0.03377639300651378,0.0,0.030679615757712823,0.03412180390465781,-0.9267429626390391,3.9682846375612018,BALANCE,1,-6.714373674023308e-06
3.614,0.03377639300651378,0.0,0.0337475773334841,0.03399082460474701,-0.06548964995540044,-5.366635466832844,BALANCE,1,-6.714373674023308e-06
3.616,0.03377639300651378,0.0,0.0337475773334841,0.03390568805980499,-0.042568272471010804,1.5155322766416173,BALANCE,1,-6.714373674023308e-06
3.618,0.03377639300651378,0.0,0.03681553890925539,0.034924135857112626,0.5092238986538177,1.693795103820213,BALANCE,1,-6.714373674023308e-06
3.62,0.03377639300651378,0.0,0.0337475773334841,0.03451234037384264,-0.20589774163499303,6.169239340657299,BALANCE,1,-6.714373674023308e-06
3.622,0.03377639300651378,0.0,0.0337475773334841,0.03424467330971715,-0.13383353206274443,0.42355848935061413,BALANCE,1,-6.714373674023308e-06
3.624,0.03377639300651378,0.0,0.030679615757712823,0.032996903166515636,-0.6238850716007577,0.9840121420810737,BALANCE,1,-6.714373674023308e-06
3.626,0.03377639300651378,0.0,0.035281558121369745,0.03379653240071457,0.3998146170994671,-3.0112663828151236,BALANCE,1,-6.714373674023308e-06
3.628,0.03377639300651378,0.0,0.030679615757712823,0.032705611575663956,-0.5454604125253066,5.2263088808386104,BALANCE,1,-6.714373674023308e-06
3.63,0.03377639300651378,0.0,0.0337475773334841,0.033070299590901006,0.18234400761852482,-2.401346605662616,BALANCE,1,-6.714373674023308e-06
3.632,0.03377639300651378,0.0,0.032213596545598466,0.032770453525045116,-0.14992303292794482,3.442970036402259,BALANCE,1,-6.714373674023308e-06
3.634,0.03377639300651378,0.0,0.032213596545598466,0.032575553582238785,-0.09744997140316569,0.7668429480791485,BALANCE,1,-6.714373674023308e-06
3.636,0.03377639300651378,0.0,0.035281558121369745,0.03352265517093462,0.47355079434791697,1.1749334437090015,BALANCE,1,-6.714373674023308e-06
3.638,0.03377639300651378,0.0,0.032213596545598466,0.03306448465206696,-0.22908525943382899,5.799765665039413,BALANCE,1,-6.714373674023308e-06
3.64,0.03377639300651378,0.0,0.035281558121369745,0.03384046036632293,0.387987857127986,0.15118700365338578,BALANCE,1,-6.714373674023308e-06
3.642,0.03377639300651378,0.0,0.032213596545598466,0.033271058029069364,-0.28470116862678446,5.134330479003264,BALANCE,1,-6.714373674023308e-06
3.644,0.03377639300651378,0.0,0.0337475773334841,0.03343783978561452,0.08339087827257882,-0.2813458672701139,BALANCE,1,-6.714373674023308e-06
3.646,0.03377639300651378,0.0,0.0337475773334841,0.03354624792736887,0.054204070877174326,2.6733974133175016,BALANCE,1,-6.714373674023308e-06
3.648,0.03377639300651378,0.0,0.035281558121369745,0.034153606495269176,0.3036792839501527,2.446407442659527,BALANCE,1,-6.714373674023308e-06
3.65,0.03377639300651378,0.0,0.035281558121369745,0.03454838956440437,0.19739153456759667,4.478650661317372,BALANCE,1,-6.714373674023308e-06
3.652,0.03377639300651378,0.0,0.0337475773334841,0.034268105283582276,-0.14014214041104672,3.6520356504050357,BALANCE,1,-6.714373674023308e-06
3.654,0.03377639300651378,0.0,0.035281558121369745,0.034622813776807884,0.1773542466128042,0.9349491937265628,BALANCE,1,-6.714373674023308e-06
3.656,0.03377639300651378,0.0,0.032213596545598466,0.03377958774588458,-0.42161301546165053,3.4962027995109066,BALANCE,1,-6.714373674023308e-06
3.658,0.03377639300651378,0.0,0.035281558121369745,0.034305277377304384,0.2628448157099006,-1.3461288589401295,BALANCE,1,-6.714373674023308e-06
3.66,0.03377639300651378,0.0,0.0337475773334841,0.03411008236196728,-0.09759750766855091,4.161075168317468,BALANCE,1,-6.714373674023308e-06
3.662,0.03377639300651378,0.0,0.0337475773334841,0.03398320560199817,-0.0634383799845567,1.2658248803696295,BALANCE,1,-6.714373674023308e-06
3.664,0.03377639300651378,0.0,0.035281558121369745,0.034437628983778217,0.22721169089002374,1.5314852962434364,BALANCE,1,-6.714373674023308e-06
3.666,0.03377639300651378,0.0,0.032213596545598466,0.0336592176304153,-0.3892056766814575,3.883951266146883,BALANCE,1,-6.714373674023308e-06
3.668,0.03377639300651378,0.0,0.0337475773334841,0.03369014352648938,0.01546294803703857,-1.0940923556267421,BALANCE,1,-6.714373674023308e-06
3.67,0.03377639300651378,0.0,0.032213596545598466,0.03317335208317756,-0.2583957216559102,2.1451121958856714,BALANCE,1,-6.714373674023308e-06
3.672,0.03377639300651378,0.0,0.035281558121369745,0.03391122419654482,0.3689360566836303,-0.07676464825662799,BALANCE,1,-6.714373674023308e-06
3.674,0.03377639300651378,0.0,0.035281558121369745,0.03439084107023354,0.23980843684436037,4.986161905261731,BALANCE,1,-6.714373674023308e-06
3.676,0.03377639300651378,0.0,0.032213596545598466,0.03362880548661126,-0.3810177918111383,3.9819179589688956,BALANCE,1,-6.714373674023308e-06
3.678,0.03377639300651378,0.0,0.032213596545598466,0.03313348235725678,-0.24766156467724218,-1.0304140052924309,BALANCE,1,-6.714373674023308e-06
3.68,0.03377639300651378,0.0,0.0337475773334841,0.03334841559893634,0.1074666208397794,0.006716424017469302,BALANCE,1,-6.714373674023308e-06
3.682,0.03377639300651378,0.0,0.032213596545598466,0.03295122893026808,-0.1985933343341302,2.8606379026544158,BALANCE,1,-6.714373674023308e-06
3.684,0.03377639300651378,0.0,0.030679615757712823,0.03215616431987373,-0.39753230519717214,0.38832706114304294,BALANCE,1,-6.714373674023308e-06
3.686,0.03377639300651378,0.0,0.032213596545598466,0.03217626559887739,0.010050639501827524,-1.2508885823849532,BALANCE,1,-6.714373674023308e-06
3.688,0.03377639300651378,0.0,0.0337475773334841,0.03272622470598974,0.2749795535561747,2.0109810519472635,BALANCE,1,-6.714373674023308e-06
3.69,0.03377639300651378,0.0,0.03681553890925539,0.03415748467713271,0.7156299855714878,4.163409910808782,BALANCE,1,-6.714373674023308e-06
3.692,0.03377639300651378,0.0,0.035281558121369745,0.03455091038261567,0.1967128527414798,7.774488965199865,BALANCE,1,-6.714373674023308e-06
3.694,0.03377639300651378,0.0,0.0337475773334841,0.03426974381541962,-0.1405832835980267,3.6467574448887783,BALANCE,1,-6.714373674023308e-06
3.696,0.03377639300651378,0.0,0.03681553890925539,0.035160772098262134,0.44551414142125767,0.9315183601409638,BALANCE,1,-6.714373674023308e-06
3.698,0.03377639300651378,0.0,0.030679615757712823,0.03359236737906987,-0.7842023595961318,5.673759457265789,BALANCE,1,-6.714373674023308e-06
3.7,0.03377639300651378,0.0,0.032213596545598466,0.033109797587354876,-0.24128489585749716,-4.2580768340248625,BALANCE,1,-6.714373674023308e-06
3.702,0.03377639300651378,0.0,0.032213596545598466,0.03279612722274013,-0.1568351823073716,0.05630868838131531,BALANCE,1,-6.714373674023308e-06
3.704,0.03377639300651378,0.0,0.0337475773334841,0.03312913476150052,0.16650376938019337,0.7130861749054354,BALANCE,1,-6.714373674023308e-06
3.706,0.03377639300651378,0.0,0.035281558121369745,0.033882482937454744,0.37667408797711216,3.319778240731578,BALANCE,1,-6.714373674023308e-06
3.708,0.03377639300651378,0.0,0.032213596545598466,0.03329837270030504,-0.2920551185748507,5.046341680064182,BALANCE,1,-6.714373674023308e-06
3.71,0.03377639300651378,0.0,0.0337475773334841,0.03345559432191771,0.07861081080633506,-0.3385385865805033,BALANCE,1,-6.714373674023308e-06
3.712,0.03377639300651378,0.0,0.0337475773334841,0.033557788375965944,0.05109702702411553,2.6362221457657435,BALANCE,1,-6.714373674023308e-06
3.714,0.03377639300651378,0.0,0.035281558121369745,0.03416110778685727,0.30165970544566295,2.4222435187508813,BALANCE,1,-6.714373674023308e-06
3.716,0.03377639300651378,0.0,0.035281558121369745,0.034553265403936634,0.19607880853968196,4.462944110776739,BALANCE,1,-6.714373674023308e-06
3.718,0.03377639300651378,0.0,0.0337475773334841,0.03427127457927825,-0.14099541232919302,3.6418263925536536,BALANCE,1,-6.714373674023308e-06
3.72,0.03377639300651378,0.0,0.035281558121369745,0.03462487381901027,0.176799619866011,0.9283131761231507,BALANCE,1,-6.714373674023308e-06
3.722,0.03377639300651378,0.0,0.032213596545598466,0.033780926773316136,-0.4219735228470668,3.4918893880687043,BALANCE,1,-6.714373674023308e-06
3.724,0.03377639300651378,0.0,0.032213596545598466,0.03323236119361495,-0.27428278985059185,-1.3489325763775661,BALANCE,1,-6.714373674023308e-06
3.726,0.03377639300651378,0.0,0.032213596545598466,0.03287579356680918,-0.17828381340288454,-0.2003206471878376,BALANCE,1,-6.714373674023308e-06
3.728,0.03377639300651378,0.0,0.03681553890925539,0.034254704436665354,0.6894554349280851,0.5462771067854746,BALANCE,1,-6.714373674023308e-06
3.73,0.03377639300651378,0.0,0.0337475773334841,0.03407720995055191,-0.08874724305672071,7.570925745624603,BALANCE,1,-6.714373674023308e-06
3.732,0.03377639300651378,0.0,0.0337475773334841,0.033961838534578175,-0.05768570798686881,1.3346546525793488,BALANCE,1,-6.714373674023308e-06
3.734,0.03377639300651378,0.0,0.035281558121369745,0.03442374038995522,0.23095092768852382,1.5762246481797402,BALANCE,1,-6.714373674023308e-06
3.736,0.03377639300651378,0.0,0.035281558121369745,0.0347239765959503,0.15011810299753875,3.913031844905504,BALANCE,1,-6.714373674023308e-06
3.738,0.03377639300651378,0.0,0.032213596545598466,0.03384534357832716,-0.43931650881157136,3.284383419737328,BALANCE,1,-6.714373674023308e-06
3.74,0.03377639300651378,0.0,0.0337475773334841,0.033811125392632084,-0.017109092847536478,-1.4838114557929414,BALANCE,1,-6.714373674023308e-06
3.742,0.03377639300651378,0.0,0.032213596545598466,0.03325199029617031,-0.2795675482308857,1.8917947807776332,BALANCE,1,-6.714373674023308e-06
3.744,0.03377639300651378,0.0,0.032213596545598466,0.03288855248347016,-0.1817189063500757,-0.24142096807686686,BALANCE,1,-6.714373674023308e-06
3.746,0.03377639300651378,0.0,0.0337475773334841,0.03318921118097504,0.15032934875243778,0.519561898207604,BALANCE,1,-6.714373674023308e-06
3.748,0.03377639300651378,0.0,0.035281558121369745,0.03392153261011318,0.36616071456907134,3.193987460878004,BALANCE,1,-6.714373674023308e-06
3.75,0.03377639300651378,0.0,0.0337475773334841,0.033860648263293,-0.030442173410090423,4.964577673159361,BALANCE,1,-6.714373674023308e-06
3.7520000000000002,0.03377639300651378,0.0,0.0337475773334841,0.03382107343785988,-0.019787412716559122,1.7881015085168563,BALANCE,1,-6.714373674023308e-06
3.754,0.03377639300651378,0.0,0.030679615757712823,0.032721563249808405,-0.5497550940257375,1.8709651045391198,BALANCE,1,-6.714373674023308e-06
3.7560000000000002,0.03377639300651378,0.0,0.0337475773334841,0.0330806681790949,0.17955246464324698,-2.4347469572173956,BALANCE,1,-6.714373674023308e-06
3.758,0.03377639300651378,0.0,0.0337475773334841,0.03331408638313112,0.1167091020181088,3.42125980789167,BALANCE,1,-6.714373674023308e-06
3.7600000000000002,0.03377639300651378,0.0,0.0337475773334841,0.03346580821575466,0.07586091631177003,2.9325179991327373,BALANCE,1,-6.714373674023308e-06
3.762,0.03377639300651378,0.0,0.0337475773334841,0.03356442740695996,0.049309595602651385,2.6148358234394395,BALANCE,1,-6.714373674023308e-06
3.7640000000000002,0.03377639300651378,0.0,0.035281558121369745,0.03416542315700338,0.3004978750217116,2.4083424092388084,BALANCE,1,-6.714373674023308e-06
3.766,0.03377639300651378,0.0,0.035281558121369745,0.03455607039453161,0.19532361876411358,4.453908389593895,BALANCE,1,-6.714373674023308e-06
3.7680000000000002,0.03377639300651378,0.0,0.0337475773334841,0.03427309782316498,-0.1414862856833135,3.6359531737848054,BALANCE,1,-6.714373674023308e-06
3.77,0.03377639300651378,0.0,0.0337475773334841,0.03408916565177667,-0.09196608569415551,0.9244955839233908,BALANCE,1,-6.714373674023308e-06
3.7720000000000002,0.03377639300651378,0.0,0.03681553890925539,0.03504339629189422,0.4771153200587748,1.3096212535533562,BALANCE,1,-6.714373674023308e-06
3.774,0.03377639300651378,0.0,0.0337475773334841,0.03458985965645068,-0.22676831772177122,5.919526337983852,BALANCE,1,-6.714373674023308e-06
3.7760000000000002,0.03377639300651378,0.0,0.032213596545598466,0.0337581675676524,-0.4158460443991381,0.261245037612871,BALANCE,1,-6.714373674023308e-06
3.778,0.03377639300651378,0.0,0.0337475773334841,0.03375446098569349,-0.0018532909794553853,-1.3012783011339604,BALANCE,1,-6.714373674023308e-06
3.7800000000000002,0.03377639300651378,0.0,0.0337475773334841,0.033752051707420204,-0.0012046391366440923,2.010441331305967,BALANCE,1,-6.714373674023308e-06
3.782,0.03377639300651378,0.0,0.035281558121369745,0.03428737895230254,0.26766362244116937,2.0154859893520594,BALANCE,1,-6.714373674023308e-06
3.7840000000000003,0.03377639300651378,0.0,0.0337475773334841,0.03409844838571609,-0.09446528329322759,4.198551716667508,BALANCE,1,-6.714373674023308e-06
3.786,0.03377639300651378,0.0,0.035281558121369745,0.03451253679319487,0.20704420373938992,1.2901846367971446,BALANCE,1,-6.714373674023308e-06
3.7880000000000003,0.03377639300651378,0.0,0.0337475773334841,0.0342448009822961,-0.13386790544938493,3.7271058375068113,BALANCE,1,-6.714373674023308e-06
3.79,0.03377639300651378,0.0,0.0337475773334841,0.034070772705211895,-0.08701413854210124,0.9837448153426864,BALANCE,1,-6.714373674023308e-06
3.7920000000000003,0.03377639300651378,0.0,0.035281558121369745,0.03449454760086714,0.2118874478276231,1.348133253975904,BALANCE,1,-6.714373674023308e-06
3.794,0.03377639300651378,0.0,0.032213596545598466,0.0336962147315231,-0.39916643467202,3.7647724386730133,BALANCE,1,-6.714373674023308e-06
3.7960000000000003,0.03377639300651378,0.0,0.035281558121369745,0.034251084917969424,0.2774350932231613,-1.1715585934847739,BALANCE,1,-6.714373674023308e-06
3.798,0.03377639300651378,0.0,0.0337475773334841,0.03407485726339956,-0.0881138272849323,4.274545840863455,BALANCE,1,-6.714373674023308e-06
3.8000000000000003,0.03377639300651378,0.0,0.03834951969714103,0.03557098911520907,0.7480659259047547,1.3395808175245152,BALANCE,1,-6.714373674023308e-06
3.802,0.03377639300651378,0.0,0.0337475773334841,0.03493279499160533,-0.31909706180187,8.118786754150582,BALANCE,1,-6.714373674023308e-06
3.8040000000000003,0.03377639300651378,0.0,0.0337475773334841,0.0345179688112629,-0.2074130901712143,-0.4568087949186399,BALANCE,1,-6.714373674023308e-06
3.806,0.03377639300651378,0.0,0.0337475773334841,0.03424833179404032,-0.13481850861129033,0.4117734073060597,BALANCE,1,-6.714373674023308e-06
3.8080000000000003,0.03377639300651378,0.0,0.032213596545598466,0.03353617445708567,-0.35607866847732483,0.9763518387520966,BALANCE,1,-6.714373674023308e-06
3.81,0.03377639300651378,0.0,0.032213596545598466,0.03307327218806515,-0.23145113451026114,-0.8364588803934585,BALANCE,1,-6.714373674023308e-06
3.8120000000000003,0.03377639300651378,0.0,0.0337475773334841,0.03330927898896178,0.11800340044831534,0.13278725520181967,BALANCE,1,-6.714373674023308e-06
3.814,0.03377639300651378,0.0,0.03681553890925539,0.03453646996106454,0.6135954860513811,2.9425839429242293,BALANCE,1,-6.714373674023308e-06
3.8160000000000003,0.03377639300651378,0.0,0.0337475773334841,0.034260357541411386,-0.13805620982657724,6.980952086074922,BALANCE,1,-6.714373674023308e-06
3.818,0.03377639300651378,0.0,0.032213596545598466,0.03354399119287686,-0.3581831742672618,0.9511717738720651,BALANCE,1,-6.714373674023308e-06
3.8200000000000003,0.03377639300651378,0.0,0.032213596545598466,0.03307835306632942,-0.23281906327372176,-0.8528259225654828,BALANCE,1,-6.714373674023308e-06
3.822,0.03377639300651378,0.0,0.032213596545598466,0.03277568828407358,-0.1513323911279188,0.12214867778999094,BALANCE,1,-6.714373674023308e-06
3.8240000000000003,0.03377639300651378,0.0,0.0337475773334841,0.03311584945136726,0.17008058364683873,0.7558821680210646,BALANCE,1,-6.714373674023308e-06
3.826,0.03377639300651378,0.0,0.035281558121369745,0.03387384748586813,0.3789990172504351,3.347595636256745,BALANCE,1,-6.714373674023308e-06
3.8280000000000003,0.03377639300651378,0.0,0.0337475773334841,0.03382965293253372,-0.022097276667205207,5.064422987155568,BALANCE,1,-6.714373674023308e-06
3.83,0.03377639300651378,0.0,0.0337475773334841,0.03380092647286635,-0.014363229833683211,1.8530009626143815,BALANCE,1,-6.714373674023308e-06
3.8320000000000003,0.03377639300651378,0.0,0.035281558121369745,0.03431914754984254,0.2591105384880943,1.9131497497025154,BALANCE,1,-6.714373674023308e-06
3.834,0.03377639300651378,0.0,0.0337475773334841,0.03411909797411709,-0.10002478786272709,4.132033160895307,BALANCE,1,-6.714373674023308e-06
3.8360000000000003,0.03377639300651378,0.0,0.032213596545598466,0.033452172474135566,-0.3334627499907601,1.2469475755452086,BALANCE,1,-6.714373674023308e-06
3.838,0.03377639300651378,0.0,0.0337475773334841,0.03355556417490755,0.0516958503859917,-0.6605716514779467,BALANCE,1,-6.714373674023308e-06
3.84,0.03377639300651378,0.0,0.035281558121369745,0.03415966205616931,0.3020489406308814,2.4269006535823863,BALANCE,1,-6.714373674023308e-06
3.842,0.03377639300651378,0.0,0.032213596545598466,0.033478539127469516,-0.3405614643498984,4.46597124841721,BALANCE,1,-6.714373674023308e-06
3.844,0.03377639300651378,0.0,0.035281558121369745,0.034109595775334595,0.31552832393253943,-0.7157793671510166,BALANCE,1,-6.714373674023308e-06
3.846,0.03377639300651378,0.0,0.0337475773334841,0.03398288932068692,-0.06335322732383894,4.570802337980391,BALANCE,1,-6.714373674023308e-06
3.848,0.03377639300651378,0.0,0.035281558121369745,0.034437423400925905,0.22726704011949428,1.5321475406505034,BALANCE,1,-6.714373674023308e-06
3.85,0.03377639300651378,0.0,0.0337475773334841,0.03419597727732127,-0.1207230618023164,3.8843817250115085,BALANCE,1,-6.714373674023308e-06
3.852,0.03377639300651378,0.0,0.032213596545598466,0.03350214402121829,-0.3469166280514919,1.0859741422207452,BALANCE,1,-6.714373674023308e-06
3.854,0.03377639300651378,0.0,0.0337475773334841,0.03358804568051132,0.042950829646514616,-0.7652043831388382,BALANCE,1,-6.714373674023308e-06
3.856,0.03377639300651378,0.0,0.0337475773334841,0.03364388175905179,0.027918039270234674,2.3588893780027957,BALANCE,1,-6.714373674023308e-06
3.858,0.03377639300651378,0.0,0.032213596545598466,0.03314328193434312,-0.2502999123543334,2.2419772197049848,BALANCE,1,-6.714373674023308e-06
3.86,0.03377639300651378,0.0,0.0337475773334841,0.033354785324042464,0.105751694849672,-0.01380238277408008,BALANCE,1,-6.714373674023308e-06
3.862,0.03377639300651378,0.0,0.032213596545598466,0.03295536925158706,-0.19970803622770122,2.847300678239924,BALANCE,1,-6.714373674023308e-06
3.864,0.03377639300651378,0.0,0.0337475773334841,0.03323264208025102,0.13863641433197946,0.379657865273614,BALANCE,1,-6.714373674023308e-06
3.866,0.03377639300651378,0.0,0.0337475773334841,0.0334128694188826,0.0901136693157896,3.1030498394708967,BALANCE,1,-6.714373674023308e-06
3.868,0.03377639300651378,0.0,0.032213596545598466,0.03299312391323315,-0.209872752824726,2.7256815196592727,BALANCE,1,-6.714373674023308e-06
3.87,0.03377639300651378,0.0,0.0337475773334841,0.03325718261032098,0.13202934854391474,0.30060541219618075,BALANCE,1,-6.714373674023308e-06
3.872,0.03377639300651378,0.0,0.030679615757712823,0.03235503421190812,-0.45107419920642833,3.0516657449705766,BALANCE,1,-6.714373674023308e-06
3.874,0.03377639300651378,0.0,0.0337475773334841,0.03284242430445971,0.24369504627579433,-1.6672915409369393,BALANCE,1,-6.714373674023308e-06
3.876,0.03377639300651378,0.0,0.030679615757712823,0.0320854413130983,-0.37849149568070645,3.920105828473937,BALANCE,1,-6.714373674023308e-06
3.878,0.03377639300651378,0.0,0.035281558121369745,0.0332040821959933,0.5593204414475021,-1.1028054866597539,BALANCE,1,-6.714373674023308e-06
3.88,0.03377639300651378,0.0,0.0337475773334841,0.03339430549411508,0.09511164906089026,6.466808463339615,BALANCE,1,-6.714373674023308e-06
3.882,0.03377639300651378,0.0,0.0337475773334841,0.033517950637894235,0.06182257188957693,2.764551522134027,BALANCE,1,-6.714373674023308e-06
3.884,0.03377639300651378,0.0,0.035281558121369745,0.034135213257110664,0.3086313096082142,2.5056576133902695,BALANCE,1,-6.714373674023308e-06
3.886,0.03377639300651378,0.0,0.035281558121369745,0.03453643395960134,0.20061035124533874,4.517163272292354,BALANCE,1,-6.714373674023308e-06
3.888,0.03377639300651378,0.0,0.0337475773334841,0.034260334140460307,-0.13804990957051733,3.6770688475387905,BALANCE,1,-6.714373674023308e-06
3.89,0.03377639300651378,0.0,0.035281558121369745,0.03461776253377861,0.17871419665915073,0.95122077186348,BALANCE,1,-6.714373674023308e-06
3.892,0.03377639300651378,0.0,0.032213596545598466,0.03377630443791556,-0.42072904793152494,3.5067793252999224,BALANCE,1,-6.714373674023308e-06
3.894,0.03377639300651378,0.0,0.035281558121369745,0.03430314322712452,0.2634193946044819,-1.339254117177266,BALANCE,1,-6.714373674023308e-06
3.896,0.03377639300651378,0.0,0.02761165418194154,0.03196112206131048,-1.1710105829070214,4.165543750463327,BALANCE,1,-6.714373674023308e-06
3.898,0.03377639300651378,0.0,0.035281558121369745,0.03312327468233122,0.5810763105103707,-7.450417339577543,BALANCE,1,-6.714373674023308e-06
3.9,0.03377639300651378,0.0,0.0337475773334841,0.033341780610234725,0.10925296395175241,6.636006965022839,BALANCE,1,-6.714373674023308e-06
3.902,0.03377639300651378,0.0,0.035281558121369745,0.03402070273913198,0.3394610644486262,2.874530548228103,BALANCE,1,-6.714373674023308e-06
3.904,0.03377639300651378,0.0,0.03834951969714103,0.035535788674435145,0.7575429676515838,4.756930679936929,BALANCE,1,-6.714373674023308e-06
3.906,0.03377639300651378,0.0,0.0337475773334841,0.034909914705102275,-0.31293698466643494,8.19249106167878,BALANCE,1,-6.714373674023308e-06
3.908,0.03377639300651378,0.0,0.032213596545598466,0.03396620334927594,-0.47185567791316674,-0.40890099502534305,BALANCE,1,-6.714373674023308e-06
3.91,0.03377639300651378,0.0,0.035281558121369745,0.03442657751950877,0.23018708511641367,-1.7368732223487773,BALANCE,1,-6.714373674023308e-06
3.912,0.03377639300651378,0.0,0.0337475773334841,0.034188927454400136,-0.11882503255431637,3.9070913321018357,BALANCE,1,-6.714373674023308e-06
3.914,0.03377639300651378,0.0,0.032213596545598466,0.03349756163631955,-0.34568290904029436,1.1007353868294771,BALANCE,1,-6.714373674023308e-06
3.916,0.03377639300651378,0.0,0.035281558121369745,0.034121960406087115,0.3121993848837837,-0.7556095741431821,BALANCE,1,-6.714373674023308e-06
3.918,0.03377639300651378,0.0,0.032213596545598466,0.03345403305491609,-0.3339636755855142,4.544912703435497,BALANCE,1,-6.714373674023308e-06
3.92,0.03377639300651378,0.0,0.032213596545598466,0.033019880276654916,-0.21707638913058547,-0.6644674213891486,BALANCE,1,-6.714373674023308e-06
3.922,0.03377639300651378,0.0,0.032213596545598466,0.03273768097078516,-0.14109965293487847,0.24458170355461117,BALANCE,1,-6.714373674023308e-06
3.924,0.03377639300651378,0.0,0.035281558121369745,0.03362803797348976,0.44517850135230086,0.8354636347680817,BALANCE,1,-6.714373674023308e-06
3.926,0.03377639300651378,0.0,0.0337475773334841,0.03366987674948778,0.02091938799900911,5.579110289227792,BALANCE,1,-6.714373674023308e-06
3.928,0.03377639300651378,0.0,0.03681553890925539,0.03477085850540644,0.5504908779593309,2.1875477089613398,BALANCE,1,-6.714373674023308e-06
3.93,0.03377639300651378,0.0,0.0337475773334841,0.03441271009523362,-0.17907420508641095,6.490178533999034,BALANCE,1,-6.714373674023308e-06
3.932,0.03377639300651378,0.0,0.0337475773334841,0.034179913628621286,-0.11639823330616625,0.6321689650227296,BALANCE,1,-6.714373674023308e-06
3.934,0.03377639300651378,0.0,0.035281558121369745,0.034565489201083245,0.19278778623097945,1.1196089512679472,BALANCE,1,-6.714373674023308e-06
3.936,0.03377639300651378,0.0,0.0337475773334841,0.03427922004742354,-0.14313457682985087,3.6162316419128304,BALANCE,1,-6.714373674023308e-06
3.938,0.03377639300651378,0.0,0.035281558121369745,0.03463003837330471,0.17540916294058254,0.9116765882066056,BALANCE,1,-6.714373674023308e-06
3.94,0.03377639300651378,0.0,0.0337475773334841,0.034321177009367494,-0.15443068196860713,3.4810756059229426,BALANCE,1,-6.714373674023308e-06
3.942,0.03377639300651378,0.0,0.03681553890925539,0.03519420367432825,0.4365133324803795,0.8238251648131925,BALANCE,1,-6.714373674023308e-06
3.944,0.03377639300651378,0.0,0.032213596545598466,0.034150991179272824,-0.5216062475277145,5.603758880302731,BALANCE,1,-6.714373674023308e-06
3.946,0.03377639300651378,0.0,0.030679615757712823,0.032936009781726824,-0.607490698773,-2.123790509465346,BALANCE,1,-6.714373674023308e-06
3.948,0.03377639300651378,0.0,0.032213596545598466,0.0326831651490819,-0.1264223163224623,-2.8837650032803905,BALANCE,1,-6.714373674023308e-06
3.95,0.03377639300651378,0.0,0.030679615757712823,0.03198192286210272,-0.3506211434895906,0.9496113783652156,BALANCE,1,-6.714373674023308e-06
3.952,0.03377639300651378,0.0,0.032213596545598466,0.032063008651326226,0.04054289461175378,-0.8860537761905618,BALANCE,1,-6.714373674023308e-06
3.954,0.03377639300651378,0.0,0.0337475773334841,0.03265260769008148,0.29479951937762605,2.248123675973604,BALANCE,1,-6.714373674023308e-06
3.956,0.03377639300651378,0.0,0.035281558121369745,0.033572740341032366,0.46006632547544374,4.317552616425897,BALANCE,1,-6.714373674023308e-06
3.958,0.03377639300651378,0.0,0.030679615757712823,0.03256014673687052,-0.5062968020809223,5.694895024265492,BALANCE,1,-6.714373674023308e-06
3.96,0.03377639300651378,0.0,0.032213596545598466,0.0324388541699253,-0.06064628347261097,-2.0967656124351475,BALANCE,1,-6.714373674023308e-06
3.962,0.03377639300651378,0.0,0.032213596545598466,0.032360014001410906,-0.039420084257196786,1.46116098241463,BALANCE,1,-6.714373674023308e-06
3.964,0.03377639300651378,0.0,0.032213596545598466,0.03230876789187655,-0.0256230547671793,1.62624016602708,BALANCE,1,-6.714373674023308e-06
3.966,0.03377639300651378,0.0,0.032213596545598466,0.032275457920679214,-0.016654985598666544,1.7335416353751585,BALANCE,1,-6.714373674023308e-06
3.968,0.03377639300651378,0.0,0.035281558121369745,0.0333275929909209,0.5260675351208416,1.8032875904514205,BALANCE,1,-6.714373674023308e-06
3.97,0.03377639300651378,0.0,0.0337475773334841,0.03347458751081801,0.07349725994855796,6.208195860421986,BALANCE,1,-6.714373674023308e-06
3.972,0.03377639300651378,0.0,0.03681553890925539,0.03464392050027109,0.5846664947265385,2.5964533302375443,BALANCE,1,-6.714373674023308e-06
3.974,0.03377639300651378,0.0,0.032213596545598466,0.03379330711613567,-0.425306692067709,6.755967187828574,BALANCE,1,-6.714373674023308e-06
3.976,0.03377639300651378,0.0,0.0337475773334841,0.03377730169220762,-0.008002711964025938,-1.3748551095735317,BALANCE,1,-6.714373674023308e-06
3.978,0.03377639300651378,0.0,0.035281558121369745,0.03430379144241436,0.26324487510337097,1.9626164058202498,BALANCE,1,-6.714373674023308e-06
3.98,0.03377639300651378,0.0,0.03681553890925539,0.03518290305580872,0.439555806697179,4.164186487371829,BALANCE,1,-6.714373674023308e-06
3.982,0.03377639300651378,0.0,0.030679615757712823,0.03360675250147516,-0.7880752771667817,5.6274206369259545,BALANCE,1,-6.714373674023308e-06
3.984,0.03377639300651378,0.0,0.035281558121369745,0.03419293446843826,0.29309098348155244,-4.288197067245744,BALANCE,1,-6.714373674023308e-06
3.986,0.03377639300651378,0.0,0.03681553890925539,0.035110846022724254,0.45895577714299624,4.396303935958715,BALANCE,1,-6.714373674023308e-06
3.988,0.03377639300651378,0.0,0.030679615757712823,0.03355991542997025,-0.7754652963770022,5.778296978507425,BALANCE,1,-6.714373674023308e-06
3.99,0.03377639300651378,0.0,0.0337475773334841,0.0336255970962001,0.03284083311492353,-4.190127445217803,BALANCE,1,-6.714373674023308e-06
3.992,0.03377639300651378,0.0,0.035281558121369745,0.034205183455009475,0.289793179404689,2.280262490691394,BALANCE,1,-6.714373674023308e-06
3.994,0.03377639300651378,0.0,0.032213596545598466,0.03350812803671562,-0.34852770914692643,4.370656442538081,BALANCE,1,-6.714373674023308e-06
3.996,0.03377639300651378,0.0,0.035281558121369745,0.03412882856634456,0.31035026481446987,-0.7777339909724743,BALANCE,1,-6.714373674023308e-06
3.998,0.03377639300651378,0.0,0.032213596545598466,0.033458497359083426,-0.3351656036305675,4.5305318324964325,BALANCE,1,-6.714373674023308e-06
4.0,0.03377639300651378,0.0,0.035281558121369745,0.03409656862588364,0.31903563340010543,-0.6738149874995347,BALANCE,1,-6.714373674023308e-06
4.002,0.03377639300651378,0.0,0.035281558121369745,0.034511314949303776,0.20737316171006923,4.598079184753862,BALANCE,1,-6.714373674023308e-06
4.0040000000000004,0.03377639300651378,0.0,0.0337475773334841,0.034244006783766885,-0.1336540827684453,3.72966419063878,BALANCE,1,-6.714373674023308e-06
4.006,0.03377639300651378,0.0,0.0337475773334841,0.03407025647616791,-0.08687515379948718,0.9854077448784506,BALANCE,1,-6.714373674023308e-06
4.008,0.03377639300651378,0.0,0.032213596545598466,0.0334204255004686,-0.324915487849655,1.3492141581741772,BALANCE,1,-6.714373674023308e-06
4.01,0.03377639300651378,0.0,0.03681553890925539,0.03460871519354397,0.594144846537685,-0.5940983727691242,BALANCE,1,-6.714373674023308e-06
4.0120000000000005,0.03377639300651378,0.0,0.032213596545598466,0.03377042366676304,-0.41914576339046467,6.829681683914118,BALANCE,1,-6.714373674023308e-06
4.014,0.03377639300651378,0.0,0.0337475773334841,0.03376242745011541,-0.003998108323816779,-1.326940687117935,BALANCE,1,-6.714373674023308e-06
4.016,0.03377639300651378,0.0,0.035281558121369745,0.034294123185054426,0.265847867469509,1.9937607804163904,BALANCE,1,-6.714373674023308e-06
4.018,0.03377639300651378,0.0,0.032213596545598466,0.033565938861244836,-0.364092161904795,4.184430330859337,BALANCE,1,-6.714373674023308e-06
4.0200000000000005,0.03377639300651378,0.0,0.032213596545598466,0.0330926190507686,-0.23665990523811728,-0.8987809635636697,BALANCE,1,-6.714373674023308e-06
4.022,0.03377639300651378,0.0,0.032213596545598466,0.03278496117395905,-0.1538289384047757,0.09227790114117784,BALANCE,1,-6.714373674023308e-06
4.024,0.03377639300651378,0.0,0.035281558121369745,0.03365877010555279,0.43690446579687164,0.7364661631993372,BALANCE,1,-6.714373674023308e-06
4.026,0.03377639300651378,0.0,0.035281558121369745,0.03422674591108872,0.283987902767964,5.51476193270814,BALANCE,1,-6.714373674023308e-06
4.0280000000000005,0.03377639300651378,0.0,0.030679615757712823,0.03298525035740715,-0.620747776840784,4.325507976809035,BALANCE,1,-6.714373674023308e-06
4.03,0.03377639300651378,0.0,0.0337475773334841,0.03325206479903408,0.13340722081346332,-2.9868671932818427,BALANCE,1,-6.714373674023308e-06
4.032,0.03377639300651378,0.0,0.030679615757712823,0.03235170763457164,-0.45017858223122054,3.0623816544497515,BALANCE,1,-6.714373674023308e-06
4.034,0.03377639300651378,0.0,0.032213596545598466,0.032303368753431025,-0.0241694405703069,-1.660326199775466,BALANCE,1,-6.714373674023308e-06
4.0360000000000005,0.03377639300651378,0.0,0.0337475773334841,0.0328088417564496,0.2527365015092889,1.7448466006434062,BALANCE,1,-6.714373674023308e-06
4.038,0.03377639300651378,0.0,0.035281558121369745,0.03367429248417165,0.432725363861023,3.9904225174612873,BALANCE,1,-6.714373674023308e-06
4.04,0.03377639300651378,0.0,0.0337475773334841,0.033699942181431006,0.012824848629678504,5.482260459938483,BALANCE,1,-6.714373674023308e-06
4.042,0.03377639300651378,0.0,0.035281558121369745,0.034253507760409564,0.2767827894892792,2.124595319923288,BALANCE,1,-6.714373674023308e-06
4.0440000000000005,0.03377639300651378,0.0,0.032213596545598466,0.033539538835225674,-0.35698446259194505,4.269472781538807,BALANCE,1,-6.714373674023308e-06
4.046,0.03377639300651378,0.0,0.032213596545598466,0.03307545903385615,-0.23203990068476274,-0.8435033706220199,BALANCE,1,-6.714373674023308e-06
4.048,0.03377639300651378,0.0,0.030679615757712823,0.03223691388720598,-0.4192725733250836,0.1282083365532669,BALANCE,1,-6.714373674023308e-06
4.05,0.03377639300651378,0.0,0.0337475773334841,0.03276564609340332,0.2643661030986705,-1.4199657533683099,BALANCE,1,-6.714373674023308e-06
4.0520000000000005,0.03377639300651378,0.0,0.0337475773334841,0.033109322027431595,0.1718379670141365,4.080867590393563,BALANCE,1,-6.714373674023308e-06
4.054,0.03377639300651378,0.0,0.030679615757712823,0.03225892483303002,-0.42519859720078695,3.361263057758988,BALANCE,1,-6.714373674023308e-06
4.056,0.03377639300651378,0.0,0.035281558121369745,0.03331684648394892,0.5289608254594492,-1.4660532876244943,BALANCE,1,-6.714373674023308e-06
4.058,0.03377639300651378,0.0,0.035281558121369745,0.0340044955570462,0.3438245365486418,6.230697392712528,BALANCE,1,-6.714373674023308e-06
4.0600000000000005,0.03377639300651378,0.0,0.032213596545598466,0.03337768090303949,-0.3134073270033566,4.790866025811907,BALANCE,1,-6.714373674023308e-06
4.062,0.03377639300651378,0.0,0.0337475773334841,0.0335071446536951,0.0647318753278052,-0.5045977618444835,BALANCE,1,-6.714373674023308e-06
4.064,0.03377639300651378,0.0,0.035281558121369745,0.034128189367381226,0.3105223568430626,2.5282836818441474,BALANCE,1,-6.714373674023308e-06
4.066,0.03377639300651378,0.0,0.035281558121369745,0.0345318684312772,0.20183953194798793,4.531870216787374,BALANCE,1,-6.714373674023308e-06
4.0680000000000005,0.03377639300651378,0.0,0.035281558121369745,0.03479425982280959,0.13119569576619527,3.6866283614605355,BALANCE,1,-6.714373674023308e-06
4.07,0.03377639300651378,0.0,0.032213596545598466,0.033891027675785695,-0.45161607351194843,3.1372211554981377,BALANCE,1,-6.714373674023308e-06
4.072,0.03377639300651378,0.0,0.0337475773334841,0.03384082005598014,-0.0251038099027788,-1.5794669275484456,BALANCE,1,-6.714373674023308e-06
4.074,0.03377639300651378,0.0,0.0337475773334841,0.03380818510310652,-0.016317476436808476,1.829618724136578,BALANCE,1,-6.714373674023308e-06
4.0760000000000005,0.03377639300651378,0.0,0.035281558121369745,0.034323865659498645,0.25784027819606214,1.8979512946919233,BALANCE,1,-6.714373674023308e-06
4.078,0.03377639300651378,0.0,0.0337475773334841,0.034122164745393556,-0.10085045705254467,4.122154165138416,BALANCE,1,-6.714373674023308e-06
4.08,0.03377639300651378,0.0,0.035281558121369745,0.03452795242698522,0.2028938407958314,1.240526228303256,BALANCE,1,-6.714373674023308e-06
4.082,0.03377639300651378,0.0,0.032213596545598466,0.03371792786849985,-0.40501227924268424,3.694827871985764,BALANCE,1,-6.714373674023308e-06
4.0840000000000005,0.03377639300651378,0.0,0.03681553890925539,0.03480209173276429,0.5420819321322184,-1.2170225618314827,BALANCE,1,-6.714373674023308e-06
4.086,0.03377639300651378,0.0,0.035281558121369745,0.034969904968776194,0.08390661800595361,6.424780961023605,BALANCE,1,-6.714373674023308e-06
4.088,0.03377639300651378,0.0,0.03681553890925539,0.03561587684794391,0.32298593958385646,2.7694472421742007,BALANCE,1,-6.714373674023308e-06
4.09,0.03377639300651378,0.0,0.0337475773334841,0.034961972017882974,-0.32695241503046674,4.720840127547486,BALANCE,1,-6.714373674023308e-06
4.0920000000000005,0.03377639300651378,0.0,0.03681553890925539,0.03561072042986332,0.32437420599017164,-0.5179009991707555,BALANCE,1,-6.714373674023308e-06
4.094,0.03377639300651378,0.0,0.032213596545598466,0.03442172707037062,-0.5944966797463493,4.731636873713172,BALANCE,1,-6.714373674023308e-06
4.096,0.03377639300651378,0.0,0.0337475773334841,0.03418577466246034,-0.11797620395513977,-2.6906698137485576,BALANCE,1,-6.714373674023308e-06
4.098,0.03377639300651378,0.0,0.0337475773334841,0.034032405597318655,-0.07668453257084207,1.1073368481065022,BALANCE,1,-6.714373674023308e-06
4.1,0.03377639300651378,0.0,0.0337475773334841,0.03393271570497656,-0.04984494617104804,1.4284680752723826,BALANCE,1,-6.714373674023308e-06
4.102,0.03377639300651378,0.0,0.032213596545598466,0.03333102399919422,-0.3008458528911684,1.6372033729302091,BALANCE,1,-6.714373674023308e-06
4.104,0.03377639300651378,0.0,0.030679615757712823,0.03240303111467573,-0.46399644225924436,-0.40690538317769387,BALANCE,1,-6.714373674023308e-06
4.106,0.03377639300651378,0.0,0.0337475773334841,0.03287362229125866,0.2352955882914641,-1.767789671193411,BALANCE,1,-6.714373674023308e-06
4.108,0.03377639300651378,0.0,0.035281558121369745,0.03371639983179754,0.4213887702694402,3.8547820438072327,BALANCE,1,-6.714373674023308e-06
4.11,0.03377639300651378,0.0,0.03681553890925539,0.034801098508907786,0.5423493385551225,5.394094152063374,BALANCE,1,-6.714373674023308e-06
4.112,0.03377639300651378,0.0,0.035281558121369745,0.034969259373269466,0.08408043218083999,6.4268606189754465,BALANCE,1,-6.714373674023308e-06
4.114,0.03377639300651378,0.0,0.035281558121369745,0.03507856393510456,0.054652280917548424,2.770799019842888,BALANCE,1,-6.714373674023308e-06
4.116,0.03377639300651378,0.0,0.0337475773334841,0.0346127186245374,-0.23292265528358086,2.541932083446661,BALANCE,1,-6.714373674023308e-06
4.118,0.03377639300651378,0.0,0.032213596545598466,0.033773025896908775,-0.4198463638143135,0.2133818752035972,BALANCE,1,-6.714373674023308e-06
4.12,0.03377639300651378,0.0,0.030679615757712823,0.03269033234819019,-0.5413467743592936,-1.3323893566999816,BALANCE,1,-6.714373674023308e-06
4.122,0.03377639300651378,0.0,0.0337475773334841,0.03306036809304305,0.1850178724264323,-2.3693542539829373,BALANCE,1,-6.714373674023308e-06
4.124,0.03377639300651378,0.0,0.0337475773334841,0.033300891327197414,0.120261617077181,3.4637650649940417,BALANCE,1,-6.714373674023308e-06
4.126,0.03377639300651378,0.0,0.0337475773334841,0.03345723142939775,0.07817005110016817,2.9601464162492928,BALANCE,1,-6.714373674023308e-06
4.128,0.03377639300651378,0.0,0.032213596545598466,0.033021959220068,-0.2176361046648742,2.6327942945652105,BALANCE,1,-6.714373674023308e-06
4.13,0.03377639300651378,0.0,0.0337475773334841,0.033275925559763636,0.12698316984781702,0.24022871588508643,BALANCE,1,-6.714373674023308e-06
4.132,0.03377639300651378,0.0,0.0337475773334841,0.033441003680565795,0.0825390604010795,3.012420892368354,BALANCE,1,-6.714373674023308e-06
4.134,0.03377639300651378,0.0,0.0337475773334841,0.0335483044590872,0.05365038926070237,2.6667727040425837,BALANCE,1,-6.714373674023308e-06
4.136,0.03377639300651378,0.0,0.035281558121369745,0.03415494324088609,0.30331939089944454,2.442101381630851,BALANCE,1,-6.714373674023308e-06
4.138,0.03377639300651378,0.0,0.0337475773334841,0.034012365173295395,-0.07128903379534715,4.475851721648722,BALANCE,1,-6.714373674023308e-06
4.14,0.03377639300651378,0.0,0.0337475773334841,0.03391968942936144,-0.04633787196697825,1.4704296400349464,BALANCE,1,-6.714373674023308e-06
4.142,0.03377639300651378,0.0,0.032213596545598466,0.0333225569200444,-0.29856625465852005,1.6644783900258604,BALANCE,1,-6.714373674023308e-06
4.144,0.03377639300651378,0.0,0.03681553890925539,0.03454510061626824,0.611271848111921,-0.3891766220654964,BALANCE,1,-6.714373674023308e-06
4.146,0.03377639300651378,0.0,0.032213596545598466,0.033729074191533814,-0.40801321236721283,6.962880821871463,BALANCE,1,-6.714373674023308e-06
4.148,0.03377639300651378,0.0,0.03681553890925539,0.03480933684273636,0.5401313256012743,-1.2403612474456738,BALANCE,1,-6.714373674023308e-06
4.15,0.03377639300651378,0.0,0.03681553890925539,0.03551150756601802,0.3510853616408294,6.409610815374377,BALANCE,1,-6.714373674023308e-06
4.152,0.03377639300651378,0.0,0.0337475773334841,0.03489413198463115,-0.30868779069343627,4.939373347087717,BALANCE,1,-6.714373674023308e-06
4.154,0.03377639300651378,0.0,0.0337475773334841,0.03449283785672968,-0.2006470639507353,-0.3758544064696214,BALANCE,1,-6.714373674023308e-06
4.156,0.03377639300651378,0.0,0.03681553890925539,0.03530578322511367,0.40647268419199617,0.46439375979789843,BALANCE,1,-6.714373674023308e-06
4.158,0.03377639300651378,0.0,0.0337475773334841,0.03476041116304332,-0.2726860310351756,5.37012846704279,BALANCE,1,-6.714373674023308e-06
4.16,0.03377639300651378,0.0,0.032213596545598466,0.03386902604693762,-0.44569255805285146,-0.09586357849880534,BALANCE,1,-6.714373674023308e-06
4.162,0.03377639300651378,0.0,0.035281558121369745,0.03436341227298886,0.24719311302561983,-1.5333989016065548,BALANCE,1,-6.714373674023308e-06
4.164,0.03377639300651378,0.0,0.035281558121369745,0.034684763319922166,0.16067552346665445,4.03934964058429,BALANCE,1,-6.714373674023308e-06
4.166,0.03377639300651378,0.0,0.0337475773334841,0.03435674822466884,-0.1640075476266635,3.366489986928565,BALANCE,1,-6.714373674023308e-06
4.168,0.03377639300651378,0.0,0.035281558121369745,0.03468043168851415,0.16184173192265727,0.7493445124668223,BALANCE,1,-6.714373674023308e-06
4.17,0.03377639300651378,0.0,0.030679615757712823,0.03328014611273369,-0.700142787890233,3.375559756692107,BALANCE,1,-6.714373674023308e-06
4.172,0.03377639300651378,0.0,0.035281558121369745,0.0339806403157563,0.3502471015113077,-3.6043335363578426,BALANCE,1,-6.714373674023308e-06
4.174,0.03377639300651378,0.0,0.0337475773334841,0.03389906827196103,-0.04078602189763747,4.84081523103584,BALANCE,1,-6.714373674023308e-06
4.176,0.03377639300651378,0.0,0.032213596545598466,0.033309153167734126,-0.29495755211345065,1.707655921136562,BALANCE,1,-6.714373674023308e-06
4.178,0.03377639300651378,0.0,0.03681553890925539,0.034536388177266564,0.6136175047662187,-0.3611112268435577,BALANCE,1,-6.714373674023308e-06
4.18,0.03377639300651378,0.0,0.03681553890925539,0.03533409093346265,0.3988513780980446,6.981123328765744,BALANCE,1,-6.714373674023308e-06
4.182,0.03377639300651378,0.0,0.0337475773334841,0.034778811173470155,-0.2776398799962491,5.310856480792117,BALANCE,1,-6.714373674023308e-06
4.184,0.03377639300651378,0.0,0.035281558121369745,0.03495477260523501,0.08798071588242765,-0.13439036956178363,BALANCE,1,-6.714373674023308e-06
4.186,0.03377639300651378,0.0,0.0337475773334841,0.03453225426012219,-0.2112591725564085,2.8011320833735214,BALANCE,1,-6.714373674023308e-06
4.188,0.03377639300651378,0.0,0.0337475773334841,0.03425761733579886,-0.13731846216166743,0.3818618751560636,BALANCE,1,-6.714373674023308e-06
4.19,0.03377639300651378,0.0,0.035281558121369745,0.03461599661074866,0.17918963747490246,0.9569093428545918,BALANCE,1,-6.714373674023308e-06
4.192,0.03377639300651378,0.0,0.0337475773334841,0.03431204986370606,-0.1519733735213004,3.5104768964441395,BALANCE,1,-6.714373674023308e-06
4.194,0.03377639300651378,0.0,0.032213596545598466,0.033577591202368404,-0.3672293306688293,0.8429360036519606,BALANCE,1,-6.714373674023308e-06
4.196,0.03377639300651378,0.0,0.0337475773334841,0.0336370863482589,0.02974757294524691,-0.9231791732085299,BALANCE,1,-6.714373674023308e-06
4.198,0.03377639300651378,0.0,0.030679615757712823,0.03260197164156777,-0.517557353345563,2.2562057644575093,BALANCE,1,-6.714373674023308e-06
4.2,0.03377639300651378,0.0,0.0337475773334841,0.033002933633738483,0.20048099608535597,-2.1843405282704373,BALANCE,1,-6.714373674023308e-06
4.202,0.03377639300651378,0.0,0.03681553890925539,0.034337345480169396,0.667205923215456,3.584023986707157,BALANCE,1,-6.714373674023308e-06
4.204,0.03377639300651378,0.0,0.032213596545598466,0.03359403335306957,-0.3716560635499133,7.397888114533812,BALANCE,1,-6.714373674023308e-06
4.206,0.03377639300651378,0.0,0.032213596545598466,0.03311088047045468,-0.24157644130744574,-0.9576065072151323,BALANCE,1,-6.714373674023308e-06
4.208,0.03377639300651378,0.0,0.03681553890925539,0.03440751092403492,0.6483152267901214,0.05404129776771471,BALANCE,1,-6.714373674023308e-06
4.21,0.03377639300651378,0.0,0.032213596545598466,0.03363964089158216,-0.38393501622637977,7.250972469763067,BALANCE,1,-6.714373674023308e-06
4.212,0.03377639300651378,0.0,0.032213596545598466,0.03314052537048787,-0.24955776054714704,-1.0531016763161083,BALANCE,1,-6.714373674023308e-06
4.214,0.03377639300651378,0.0,0.03681553890925539,0.0344267801090565,0.6431273692843152,-0.008030562147904208,BALANCE,1,-6.714373674023308e-06
4.216,0.03377639300651378,0.0,0.0337475773334841,0.034189059137606156,-0.1188604857251703,7.210625760817912,BALANCE,1,-6.714373674023308e-06
4.218,0.03377639300651378,0.0,0.032213596545598466,0.033497647230403466,-0.34570595360134543,1.100459662455007,BALANCE,1,-6.714373674023308e-06
4.22,0.03377639300651378,0.0,0.035281558121369745,0.03412201604224166,0.312184405919097,-0.7557887949865556,BALANCE,1,-6.714373674023308e-06
4.222,0.03377639300651378,0.0,0.0337475773334841,0.03399096249417651,-0.06552677403257393,4.544796209887275,BALANCE,1,-6.714373674023308e-06
4.224,0.03377639300651378,0.0,0.0337475773334841,0.033905777687934166,-0.04259240312117288,1.5152435573899992,BALANCE,1,-6.714373674023308e-06
4.226,0.03377639300651378,0.0,0.0337475773334841,0.03385040756387664,-0.027685062028763585,1.693607436306667,BALANCE,1,-6.714373674023308e-06
4.228,0.03377639300651378,0.0,0.0337475773334841,0.03381441698323925,-0.017995290318695983,1.8095439576024899,BALANCE,1,-6.714373674023308e-06
4.23,0.03377639300651378,0.0,0.0337475773334841,0.03379102310582494,-0.011696938707152216,1.8849026964447868,BALANCE,1,-6.714373674023308e-06
4.232,0.03377639300651378,0.0,0.0337475773334841,0.033775817085505644,-0.007603010159649287,1.9338858766922788,BALANCE,1,-6.714373674023308e-06
4.234,0.03377639300651378,0.0,0.030679615757712823,0.032692146620778156,-0.5418352323637438,1.9657249438531446,BALANCE,1,-6.714373674023308e-06
4.236,0.03377639300651378,0.0,0.035281558121369745,0.03359844064598521,0.4531470126035268,-2.3731530616632606,BALANCE,1,-6.714373674023308e-06
4.238,0.03377639300651378,0.0,0.032213596545598466,0.033113745210849845,-0.24234771756768275,5.641082539587327,BALANCE,1,-6.714373674023308e-06
4.24,0.03377639300651378,0.0,0.035281558121369745,0.03387247972953181,0.3793672593409812,0.04804297210952857,BALANCE,1,-6.714373674023308e-06
4.242,0.03377639300651378,0.0,0.0337475773334841,0.03382876389091511,-0.021857919308348323,5.067286858499758,BALANCE,1,-6.714373674023308e-06
4.244,0.03377639300651378,0.0,0.030679615757712823,0.032726562044294305,-0.5511009233104026,1.8548624789881198,BALANCE,1,-6.714373674023308e-06
4.246,0.03377639300651378,0.0,0.032213596545598466,0.03254702411975076,-0.08976896227177317,-2.4452136638255624,BALANCE,1,-6.714373674023308e-06
4.248,0.03377639300651378,0.0,0.032213596545598466,0.032430324468797456,-0.05834982547665152,1.2346697490108602,BALANCE,1,-6.714373674023308e-06
4.25,0.03377639300651378,0.0,0.03681553890925539,0.03396514952295773,0.7674125270801385,1.4790208643146352,BALANCE,1,-6.714373674023308e-06
4.252,0.03377639300651378,0.0,0.032213596545598466,0.03335210598088199,-0.306521771037873,8.177209188018573,BALANCE,1,-6.714373674023308e-06
4.2540000000000004,0.03377639300651378,0.0,0.032213596545598466,0.03295362767853275,-0.19923915117461832,-0.45104780945006473,BALANCE,1,-6.714373674023308e-06
4.256,0.03377639300651378,0.0,0.0337475773334841,0.03323151005776572,0.13894118961648577,0.38330445131501834,BALANCE,1,-6.714373674023308e-06
4.258,0.03377639300651378,0.0,0.0337475773334841,0.033412133604267154,0.0903117732507161,3.1054201203978296,BALANCE,1,-6.714373674023308e-06
4.26,0.03377639300651378,0.0,0.035281558121369745,0.03406643218525306,0.3271492904929514,2.727222202261758,BALANCE,1,-6.714373674023308e-06
4.2620000000000005,0.03377639300651378,0.0,0.0337475773334841,0.03395483298713392,-0.05579959905956805,4.661180255058794,BALANCE,1,-6.714373674023308e-06
4.264,0.03377639300651378,0.0,0.030679615757712823,0.032808506956836535,-0.5731630151486928,1.5908931867514906,BALANCE,1,-6.714373674023308e-06
4.266,0.03377639300651378,0.0,0.035281558121369745,0.033674074864423156,0.43278395379331075,-2.6167937037793507,BALANCE,1,-6.714373674023308e-06
4.268,0.03377639300651378,0.0,0.0337475773334841,0.033699800728594485,0.012862932085664497,5.482716122211875,BALANCE,1,-6.714373674023308e-06
4.2700000000000005,0.03377639300651378,0.0,0.030679615757712823,0.0326427359887859,-0.5285323699042929,2.1248915004009854,BALANCE,1,-6.714373674023308e-06
4.272,0.03377639300651378,0.0,0.0337475773334841,0.03302943045943027,0.1933472353221853,-2.269694799907189,BALANCE,1,-6.714373674023308e-06
4.274,0.03377639300651378,0.0,0.035281558121369745,0.03381767514110908,0.3941223408394055,3.528543710143299,BALANCE,1,-6.714373674023308e-06
4.276,0.03377639300651378,0.0,0.035281558121369745,0.03433003418420031,0.25617952154561446,5.182039235181788,BALANCE,1,-6.714373674023308e-06
4.2780000000000005,0.03377639300651378,0.0,0.035281558121369745,0.03466306756220961,0.16651668900465044,4.109238223416934,BALANCE,1,-6.714373674023308e-06
4.28,0.03377639300651378,0.0,0.0337475773334841,0.03434264598215568,-0.1602107900269649,3.4119175657697802,BALANCE,1,-6.714373674023308e-06
4.282,0.03377639300651378,0.0,0.035281558121369745,0.0346712652308806,0.16430962436245894,0.7788724387136219,BALANCE,1,-6.714373674023308e-06
4.284,0.03377639300651378,0.0,0.035281558121369745,0.0348848677425518,0.10680125583559935,3.3947529087525075,BALANCE,1,-6.714373674023308e-06
4.2860000000000005,0.03377639300651378,0.0,0.035281558121369745,0.035023709375138073,0.06942081629313784,2.9475021112379025,BALANCE,1,-6.714373674023308e-06
4.288,0.03377639300651378,0.0,0.03681553890925539,0.03565084971207913,0.3135701684705283,2.656789092853387,BALANCE,1,-6.714373674023308e-06
4.29,0.03377639300651378,0.0,0.035281558121369745,0.03552159765533084,-0.06462602837414497,4.6476123304889745,BALANCE,1,-6.714373674023308e-06
4.292,0.03377639300651378,0.0,0.035281558121369745,0.03543758381844445,-0.04200691844319371,1.6142876323266908,BALANCE,1,-6.714373674023308e-06
4.2940000000000005,0.03377639300651378,0.0,0.0337475773334841,0.03484608154870833,-0.2957511348680615,1.7901996815611176,BALANCE,1,-6.714373674023308e-06
4.296,0.03377639300651378,0.0,0.02914563496982718,0.03285092524609993,-0.9975781513042008,-0.2752441860219923,BALANCE,1,-6.714373674023308e-06
4.298,0.03377639300651378,0.0,0.032213596545598466,0.03262786020092442,-0.11153252258775531,-6.009569695667611,BALANCE,1,-6.714373674023308e-06
4.3,0.03377639300651378,0.0,0.0337475773334841,0.03301976119732031,0.195950498197945,1.0654114313534226,BALANCE,1,-6.714373674023308e-06
4.3020000000000005,0.03377639300651378,0.0,0.0337475773334841,0.03327449684497763,0.1273678238286613,3.5487896574227786,BALANCE,1,-6.714373674023308e-06
4.304,0.03377639300651378,0.0,0.035281558121369745,0.03397696829171487,0.3512357233686203,3.015412401327948,BALANCE,1,-6.714373674023308e-06
4.306,0.03377639300651378,0.0,0.035281558121369745,0.034433574732094074,0.2283032201896018,4.848503884451855,BALANCE,1,-6.714373674023308e-06
4.308,0.03377639300651378,0.0,0.0337475773334841,0.03419347564258058,-0.1200495447567472,3.892440245442459,BALANCE,1,-6.714373674023308e-06
4.3100000000000005,0.03377639300651378,0.0,0.03681553890925539,0.03511119778591676,0.4588610716680895,1.0912121805008572,BALANCE,1,-6.714373674023308e-06
4.312,0.03377639300651378,0.0,0.032213596545598466,0.03409703735180535,-0.5070802170557033,5.777560440499721,BALANCE,1,-6.714373674023308e-06
4.314,0.03377639300651378,0.0,0.032213596545598466,0.03343783306963294,-0.32960214108620695,-2.010819495337305,BALANCE,1,-6.714373674023308e-06
4.316,0.03377639300651378,0.0,0.032213596545598466,0.03300935028622087,-0.21424139170603262,-0.6305471445116795,BALANCE,1,-6.714373674023308e-06
4.3180000000000005,0.03377639300651378,0.0,0.032213596545598466,0.03273083647700303,-0.1392569046089233,0.2666298835249914,BALANCE,1,-6.714373674023308e-06
4.32,0.03377639300651378,0.0,0.035281558121369745,0.03362358905253138,0.4463762877641754,0.8497949517487953,BALANCE,1,-6.714373674023308e-06
4.322,0.03377639300651378,0.0,0.035281558121369745,0.0342038782266248,0.2901445870467124,5.588425645265286,BALANCE,1,-6.714373674023308e-06
4.324,0.03377639300651378,0.0,0.030679615757712823,0.032970386362505606,-0.616745932059598,4.373389389971187,BALANCE,1,-6.714373674023308e-06
4.3260000000000005,0.03377639300651378,0.0,0.032213596545598466,0.032705509926588106,-0.13243821795875035,-2.955744274726448,BALANCE,1,-6.714373674023308e-06
4.328,0.03377639300651378,0.0,0.030679615757712823,0.03199644696748175,-0.3545314795531766,0.9028248519252835,BALANCE,1,-6.714373674023308e-06
4.33,0.03377639300651378,0.0,0.035281558121369745,0.03314623587134255,0.5748944519303988,-0.9164650183765077,BALANCE,1,-6.714373674023308e-06
4.332,0.03377639300651378,0.0,0.0337475773334841,0.03335670538309209,0.10523475587477168,6.587929767723743,BALANCE,1,-6.714373674023308e-06
4.3340000000000005,0.03377639300651378,0.0,0.0337475773334841,0.033493510565729294,0.06840259131860038,2.843280369983699,BALANCE,1,-6.714373674023308e-06
4.336,0.03377639300651378,0.0,0.030679615757712823,0.03250864738292353,-0.492431591402883,2.556831364492561,BALANCE,1,-6.714373674023308e-06
4.338,0.03377639300651378,0.0,0.035281558121369745,0.033479166141379704,0.4852593792280882,-1.9889338882476524,BALANCE,1,-6.714373674023308e-06
4.34,0.03377639300651378,0.0,0.035281558121369745,0.034110003334376214,0.3154185964982549,5.890825002307488,BALANCE,1,-6.714373674023308e-06
4.3420000000000005,0.03377639300651378,0.0,0.035281558121369745,0.034520047509823945,0.20502208772386551,4.569948972048612,BALANCE,1,-6.714373674023308e-06
4.344,0.03377639300651378,0.0,0.032213596545598466,0.03371278967234503,-0.4036289187394591,3.711379552380361,BALANCE,1,-6.714373674023308e-06
4.346,0.03377639300651378,0.0,0.032213596545598466,0.03318807207798373,-0.2623587971806486,-1.2062639695749713,BALANCE,1,-6.714373674023308e-06
4.348,0.03377639300651378,0.0,0.032213596545598466,0.032847005641648885,-0.17053321816742212,-0.10758605276616495,BALANCE,1,-6.714373674023308e-06
4.3500000000000005,0.03377639300651378,0.0,0.0337475773334841,0.03316220573379121,0.15760004607116157,0.6065545931595562,BALANCE,1,-6.714373674023308e-06
4.352,0.03377639300651378,0.0,0.0337475773334841,0.03336708579368372,0.10244002994625606,3.2505327125967654,BALANCE,1,-6.714373674023308e-06
4.354,0.03377639300651378,0.0,0.032213596545598466,0.03296336455685388,-0.2018606184149216,2.8215453871910716,BALANCE,1,-6.714373674023308e-06
4.356,0.03377639300651378,0.0,0.0337475773334841,0.03323783902867446,0.1372372359102897,0.3629169260918599,BALANCE,1,-6.714373674023308e-06
4.358,0.03377639300651378,0.0,0.032213596545598466,0.032879354159597855,-0.17924243453830077,3.0921682290027848,BALANCE,1,-6.714373674023308e-06
4.36,0.03377639300651378,0.0,0.0337475773334841,0.03318323227045804,0.1519390554300913,0.5388217732694651,BALANCE,1,-6.714373674023308e-06
4.362,0.03377639300651378,0.0,0.035281558121369745,0.033917646318277136,0.3672070239095493,3.2065063796682125,BALANCE,1,-6.714373674023308e-06
4.364,0.03377639300651378,0.0,0.0337475773334841,0.03385812217359957,-0.02976207233878342,4.972714970373023,BALANCE,1,-6.714373674023308e-06
4.366,0.03377639300651378,0.0,0.035281558121369745,0.03435632475531913,0.2491012908597788,1.7933907517057066,BALANCE,1,-6.714373674023308e-06
4.368,0.03377639300651378,0.0,0.035281558121369745,0.03468015643343684,0.1619158390588557,4.054189812197378,BALANCE,1,-6.714373674023308e-06
4.37,0.03377639300651378,0.0,0.035281558121369745,0.03489064702421335,0.10524529538825586,3.376136098477056,BALANCE,1,-6.714373674023308e-06
4.372,0.03377639300651378,0.0,0.035281558121369745,0.035027465908218085,0.06840944200236718,2.935401184558848,BALANCE,1,-6.714373674023308e-06
4.374,0.03377639300651378,0.0,0.0337475773334841,0.03457950490706119,-0.22398050057844884,2.648923490512023,BALANCE,1,-6.714373674023308e-06
4.376,0.03377639300651378,0.0,0.0337475773334841,0.0342883302563092,-0.14558732537599262,0.2829262897960805,BALANCE,1,-6.714373674023308e-06
4.378,0.03377639300651378,0.0,0.032213596545598466,0.03356217345756044,-0.3630783993743801,0.8926012123706113,BALANCE,1,-6.714373674023308e-06
4.38,0.03377639300651378,0.0,0.032213596545598466,0.03309017153837375,-0.23600095959334585,-0.890896787541414,BALANCE,1,-6.714373674023308e-06
4.382,0.03377639300651378,0.0,0.0337475773334841,0.03332026356666237,0.11504601414431131,0.09740261555565821,BALANCE,1,-6.714373674023308e-06
4.384,0.03377639300651378,0.0,0.035281558121369745,0.03400671666080995,0.3432265470737876,2.9195839271542328,BALANCE,1,-6.714373674023308e-06
4.386,0.03377639300651378,0.0,0.032213596545598466,0.03337912462048593,-0.3137960201620091,4.786215376238898,BALANCE,1,-6.714373674023308e-06
4.388,0.03377639300651378,0.0,0.030679615757712823,0.03243429651851534,-0.4724140509852932,-0.5076206840669171,BALANCE,1,-6.714373674023308e-06
4.39,0.03377639300651378,0.0,0.0337475773334841,0.032893944803754405,0.22982414261953077,-1.8332546167714252,BALANCE,1,-6.714373674023308e-06
4.392,0.03377639300651378,0.0,0.0337475773334841,0.033192716189159796,0.1493856927026957,3.8122298291815104,BALANCE,1,-6.714373674023308e-06
4.394,0.03377639300651378,0.0,0.030679615757712823,0.03231313103815335,-0.4397925755032228,3.1866485129711535,BALANCE,1,-6.714373674023308e-06
4.396,0.03377639300651378,0.0,0.03681553890925539,0.03388897379303906,0.7879213774428552,-1.5795527417365816,BALANCE,1,-6.714373674023308e-06
4.398,0.03377639300651378,0.0,0.0337475773334841,0.033839485032194826,-0.024744380422117573,8.336709447125186,BALANCE,1,-6.714373674023308e-06
4.4,0.03377639300651378,0.0,0.0337475773334841,0.03380731733764607,-0.016083847274379198,1.832414058554749,BALANCE,1,-6.714373674023308e-06
4.402,0.03377639300651378,0.0,0.03681553890925539,0.03486019488770933,0.5264387750316297,1.8997682620637304,BALANCE,1,-6.714373674023308e-06
4.404,0.03377639300651378,0.0,0.032213596545598466,0.03393388546797052,-0.46315470986940316,6.3031218935155975,BALANCE,1,-6.714373674023308e-06
4.406,0.03377639300651378,0.0,0.035281558121369745,0.03440557089666025,0.2358427143448645,-1.669204550876994,BALANCE,1,-6.714373674023308e-06
4.408,0.03377639300651378,0.0,0.0337475773334841,0.034175273149548595,-0.11514887355582731,3.9510759685585306,BALANCE,1,-6.714373674023308e-06
4.41,0.03377639300651378,0.0,0.035281558121369745,0.034562472889685995,0.19359987006870027,1.1293254005262972,BALANCE,1,-6.714373674023308e-06
4.412,0.03377639300651378,0.0,0.0337475773334841,0.03427725944501533,-0.1426067223353339,3.622547333930762,BALANCE,1,-6.714373674023308e-06
4.414,0.03377639300651378,0.0,0.0337475773334841,0.034091870705979396,-0.09269436951796564,0.9157817880182484,BALANCE,1,-6.714373674023308e-06
4.416,0.03377639300651378,0.0,0.0337475773334841,0.03397136802560604,-0.06025134018667819,1.3039572862150386,BALANCE,1,-6.714373674023308e-06
4.418,0.03377639300651378,0.0,0.035281558121369745,0.03442993455912333,0.2292832667586467,1.5562713600429368,BALANCE,1,-6.714373674023308e-06
4.42,0.03377639300651378,0.0,0.035281558121369745,0.034728002805909576,0.1490341233931214,3.9000622076165734,BALANCE,1,-6.714373674023308e-06
4.422,0.03377639300651378,0.0,0.0337475773334841,0.03438485389056066,-0.1715744576744581,3.2759531554995456,BALANCE,1,-6.714373674023308e-06
4.424,0.03377639300651378,0.0,0.03681553890925539,0.03523559364710381,0.42536987827157535,0.6904955720379748,BALANCE,1,-6.714373674023308e-06
4.426,0.03377639300651378,0.0,0.032213596545598466,0.03417789466157694,-0.5288494927634356,5.517094644998831,BALANCE,1,-6.714373674023308e-06
4.428,0.03377639300651378,0.0,0.035281558121369745,0.03456417687250442,0.19314110546373928,-2.1801222624128687,BALANCE,1,-6.714373674023308e-06
4.43,0.03377639300651378,0.0,0.035281558121369745,0.03481526030960728,0.12554171855143,3.6189794560601793,BALANCE,1,-6.714373674023308e-06
4.432,0.03377639300651378,0.0,0.032213596545598466,0.033904677992204195,-0.4552911587015415,3.0932493669878767,BALANCE,1,-6.714373674023308e-06
4.434,0.03377639300651378,0.0,0.0337475773334841,0.03384969276165216,-0.027492615276018123,-1.6080485900800805,BALANCE,1,-6.714373674023308e-06
4.436,0.03377639300651378,0.0,0.030679615757712823,0.03274016581027339,-0.5547634756893834,1.8110406434909845,BALANCE,1,-6.714373674023308e-06
4.438,0.03377639300651378,0.0,0.032213596545598466,0.03255586656763716,-0.09214962131811472,-2.473697856898664,BALANCE,1,-6.714373674023308e-06
4.44,0.03377639300651378,0.0,0.03681553890925539,0.03404675188720354,0.7454426597831888,1.216155023513312,BALANCE,1,-6.714373674023308e-06
4.442,0.03377639300651378,0.0,0.032213596545598466,0.03340514751764176,-0.32080218478089045,8.006346391497722,BALANCE,1,-6.714373674023308e-06
4.444,0.03377639300651378,0.0,0.0337475773334841,0.03352499795318658,0.05992521777241008,-0.5621086271886182,BALANCE,1,-6.714373674023308e-06
4.446,0.03377639300651378,0.0,0.035281558121369745,0.03413979401205069,0.3073980294320544,2.490901619370476,BALANCE,1,-6.714373674023308e-06
4.448,0.03377639300651378,0.0,0.035281558121369745,0.034539411450312356,0.19980871913083398,4.507571876179476,BALANCE,1,-6.714373674023308e-06
4.45,0.03377639300651378,0.0,0.0337475773334841,0.03426226950942247,-0.1385709704449442,3.670834440065413,BALANCE,1,-6.714373674023308e-06
4.452,0.03377639300651378,0.0,0.035281558121369745,0.034619020523604015,0.1783755070907736,0.9471684070057944,BALANCE,1,-6.714373674023308e-06
4.454,0.03377639300651378,0.0,0.0337475773334841,0.03431401540706204,-0.15250255827098727,3.5041452881424298,BALANCE,1,-6.714373674023308e-06
4.456,0.03377639300651378,0.0,0.032213596545598466,0.033578868805549784,-0.3675733007561278,0.8388204582558243,BALANCE,1,-6.714373674023308e-06
4.458,0.03377639300651378,0.0,0.035281558121369745,0.03417481006608677,0.29797063026849174,-0.9258542777160357,BALANCE,1,-6.714373674023308e-06
4.46,0.03377639300651378,0.0,0.032213596545598466,0.03348838533391586,-0.3432123660854526,4.43425364611314,BALANCE,1,-6.714373674023308e-06
4.462,0.03377639300651378,0.0,0.0337475773334841,0.03357910253376475,0.04535859992444227,-0.7363958086486688,BALANCE,1,-6.714373674023308e-06
4.464,0.03377639300651378,0.0,0.035281558121369745,0.034174961989426496,0.2979297278308743,2.377614951421423,BALANCE,1,-6.714373674023308e-06
4.466,0.03377639300651378,0.0,0.0337475773334841,0.034025377359846655,-0.07479231478992043,4.433935542012584,BALANCE,1,-6.714373674023308e-06
4.468,0.03377639300651378,0.0,0.035281558121369745,0.034465040626379735,0.2198316332665401,1.4431841232714357,BALANCE,1,-6.714373674023308e-06
4.47,0.03377639300651378,0.0,0.035281558121369745,0.03475082174962624,0.14289056162325106,3.8265555037151047,BALANCE,1,-6.714373674023308e-06
4.472,0.03377639300651378,0.0,0.0337475773334841,0.03439968620397649,-0.175567772824875,3.228173797963583,BALANCE,1,-6.714373674023308e-06
4.474,0.03377639300651378,0.0,0.032213596545598466,0.033634554823544174,-0.38256569021615644,0.6594389896395891,BALANCE,1,-6.714373674023308e-06
4.476,0.03377639300651378,0.0,0.035281558121369745,0.03421100597778312,0.28822557711947333,-1.042452232316601,BALANCE,1,-6.714373674023308e-06
4.478,0.03377639300651378,0.0,0.035281558121369745,0.03458569922803844,0.1873466251276594,4.358464975622773,BALANCE,1,-6.714373674023308e-06
4.48,0.03377639300651378,0.0,0.030679615757712823,0.03321857001342447,-0.6835646073069835,3.5739149547035813,BALANCE,1,-6.714373674023308e-06
4.482,0.03377639300651378,0.0,0.0337475773334841,0.03340372257544534,0.09257628101043414,-3.4754026576504,BALANCE,1,-6.714373674023308e-06
4.484,0.03377639300651378,0.0,0.03681553890925539,0.034597858292278856,0.5970678584167576,2.7448336026101936,BALANCE,1,-6.714373674023308e-06
4.486,0.03377639300651378,0.0,0.0337475773334841,0.03430025995670069,-0.14879916778908278,6.852414364870792,BALANCE,1,-6.714373674023308e-06
4.488,0.03377639300651378,0.0,0.032213596545598466,0.03356992776281491,-0.3651660969428913,0.8676222550893791,BALANCE,1,-6.714373674023308e-06
4.49,0.03377639300651378,0.0,0.0337475773334841,0.033632105112549125,0.031088674867108673,-0.9071331097742359,BALANCE,1,-6.714373674023308e-06
4.492,0.03377639300651378,0.0,0.0337475773334841,0.033672520389876365,0.02020763866361977,2.2666357056898168,BALANCE,1,-6.714373674023308e-06
4.494,0.03377639300651378,0.0,0.032213596545598466,0.0331618970443791,-0.2553116727486322,2.1820123327015404,BALANCE,1,-6.714373674023308e-06
4.496,0.03377639300651378,0.0,0.0337475773334841,0.03336688514556585,0.10249405059337482,-0.05277955932631162,BALANCE,1,-6.714373674023308e-06
4.498,0.03377639300651378,0.0,0.032213596545598466,0.032963234135577266,-0.20182550499429214,2.82196551348095,BALANCE,1,-6.714373674023308e-06
4.5,0.03377639300651378,0.0,0.030679615757712823,0.032163967703324706,-0.39963321612628,0.3631900081802988,BALANCE,1,-6.714373674023308e-06
4.502,0.03377639300651378,0.0,0.035281558121369745,0.033255124349640466,0.5455783231578804,-1.2672276668107576,BALANCE,1,-6.714373674023308e-06
4.5040000000000004,0.03377639300651378,0.0,0.035281558121369745,0.03396437616974571,0.35462591005262084,6.359934046241471,BALANCE,1,-6.714373674023308e-06
4.506,0.03377639300651378,0.0,0.0337475773334841,0.033888496577054145,-0.03793979634578171,4.874869850605709,BALANCE,1,-6.714373674023308e-06
4.508,0.03377639300651378,0.0,0.0337475773334841,0.033839174841804626,-0.024660867624759497,1.729791423856995,BALANCE,1,-6.714373674023308e-06
4.51,0.03377639300651378,0.0,0.0337475773334841,0.03380711571389244,-0.016029563956094367,1.8330635495102015,BALANCE,1,-6.714373674023308e-06
4.5120000000000005,0.03377639300651378,0.0,0.03681553890925539,0.034860063832269465,0.5264740591885142,1.9001904311847915,BALANCE,1,-6.714373674023308e-06
4.514,0.03377639300651378,0.0,0.032213596545598466,0.033933800281934615,-0.4631317751674253,6.3033963034442815,BALANCE,1,-6.714373674023308e-06
4.516,0.03377639300651378,0.0,0.032213596545598466,0.03333172897421696,-0.3010356538588263,-1.6690261844233256,BALANCE,1,-6.714373674023308e-06
4.518,0.03377639300651378,0.0,0.032213596545598466,0.03294038262420049,-0.19567317500823744,-0.4083814924175928,BALANCE,1,-6.714373674023308e-06
4.5200000000000005,0.03377639300651378,0.0,0.035281558121369745,0.033759794048209724,0.40970571200461825,0.41103755738612957,BALANCE,1,-6.714373674023308e-06
4.522,0.03377639300651378,0.0,0.0337475773334841,0.03375551819805575,-0.0021379250769865132,5.303233338929529,BALANCE,1,-6.714373674023308e-06
4.524,0.03377639300651378,0.0,0.032213596545598466,0.0332158456196957,-0.2698362891800261,2.008227691267453,BALANCE,1,-6.714373674023308e-06
4.526,0.03377639300651378,0.0,0.035281558121369745,0.03393884499528161,0.36149968779295577,-0.16573957625846703,BALANCE,1,-6.714373674023308e-06
4.5280000000000005,0.03377639300651378,0.0,0.030679615757712823,0.032798114762132534,-0.5703651165745379,4.928328202060543,BALANCE,1,-6.714373674023308e-06
4.53,0.03377639300651378,0.0,0.0337475773334841,0.03313042666210558,0.16615594998652464,-2.595034046868351,BALANCE,1,-6.714373674023308e-06
4.532,0.03377639300651378,0.0,0.035281558121369745,0.033883322672848035,0.37644800537122575,3.317073199618532,BALANCE,1,-6.714373674023308e-06
4.534,0.03377639300651378,0.0,0.0337475773334841,0.03383581180407066,-0.023755434388688518,5.044583403340688,BALANCE,1,-6.714373674023308e-06
4.5360000000000005,0.03377639300651378,0.0,0.0337475773334841,0.03380492973936536,-0.015441032352649792,1.8401052331347312,BALANCE,1,-6.714373674023308e-06
4.538,0.03377639300651378,0.0,0.032213596545598466,0.033247963121546945,-0.27848330890920675,1.9047675255407233,BALANCE,1,-6.714373674023308e-06
4.54,0.03377639300651378,0.0,0.0337475773334841,0.03342282809572495,0.08743248708900295,-0.23298868398083727,BALANCE,1,-6.714373674023308e-06
4.542,0.03377639300651378,0.0,0.032213596545598466,0.03299959705318068,-0.2116155212721349,2.7048295824555204,BALANCE,1,-6.714373674023308e-06
4.5440000000000005,0.03377639300651378,0.0,0.035281558121369745,0.03379828342704685,0.3993431869330835,0.2870516530137617,BALANCE,1,-6.714373674023308e-06
4.546,0.03377639300651378,0.0,0.0337475773334841,0.03378053629429988,-0.008873566373482356,5.2226425010874795,BALANCE,1,-6.714373674023308e-06
4.548,0.03377639300651378,0.0,0.032213596545598466,0.033232107382254385,-0.27421445602274913,1.955843646670134,BALANCE,1,-6.714373674023308e-06
4.55,0.03377639300651378,0.0,0.0337475773334841,0.033412521865184786,0.0902072414652004,-0.19978920524673005,BALANCE,1,-6.714373674023308e-06
4.5520000000000005,0.03377639300651378,0.0,0.0337475773334841,0.033529791279089546,0.05863470695238043,2.7264092436326903,BALANCE,1,-6.714373674023308e-06
4.554,0.03377639300651378,0.0,0.0337475773334841,0.03360601639812764,0.03811255951904555,2.4808651323644164,BALANCE,1,-6.714373674023308e-06
4.556,0.03377639300651378,0.0,0.030679615757712823,0.03258177617398245,-0.5121201120725921,2.3212614600400228,BALANCE,1,-6.714373674023308e-06
4.558,0.03377639300651378,0.0,0.035281558121369745,0.033526699855568005,0.4724618407927761,-2.14205432614179,BALANCE,1,-6.714373674023308e-06
4.5600000000000005,0.03377639300651378,0.0,0.035281558121369745,0.03414090024859861,0.3071001965153017,5.791296717676289,BALANCE,1,-6.714373674023308e-06
4.562,0.03377639300651378,0.0,0.0337475773334841,0.03400323722830853,-0.06883151014503916,4.50525558703833,BALANCE,1,-6.714373674023308e-06
4.564,0.03377639300651378,0.0,0.03681553890925539,0.034987542816639926,0.4921527941656976,1.4895421525381984,BALANCE,1,-6.714373674023308e-06
4.566,0.03377639300651378,0.0,0.0337475773334841,0.034553554897535387,-0.21699395955226963,6.036474922323976,BALANCE,1,-6.714373674023308e-06
4.5680000000000005,0.03377639300651378,0.0,0.032213596545598466,0.03373456947435746,-0.4094927115889622,0.337261617433966,BALANCE,1,-6.714373674023308e-06
4.57,0.03377639300651378,0.0,0.0337475773334841,0.033739122225051786,0.0022763753471620463,-1.2518675242502502,BALANCE,1,-6.714373674023308e-06
4.572,0.03377639300651378,0.0,0.035281558121369745,0.03427897478876307,0.26992628185564316,2.042558336280403,BALANCE,1,-6.714373674023308e-06
4.574,0.03377639300651378,0.0,0.0337475773334841,0.03409298567941543,-0.09299455467381978,4.21614874217093,BALANCE,1,-6.714373674023308e-06
4.5760000000000005,0.03377639300651378,0.0,0.0337475773334841,0.03397209275833946,-0.06044646053798494,1.3016227033743677,BALANCE,1,-6.714373674023308e-06
4.578,0.03377639300651378,0.0,0.0337475773334841,0.03389351235964008,-0.039290199349690386,1.5547538811964883,BALANCE,1,-6.714373674023308e-06
4.58,0.03377639300651378,0.0,0.032213596545598466,0.03330554182472551,-0.29398526745728554,1.7192891467808817,BALANCE,1,-6.714373674023308e-06
4.582,0.03377639300651378,0.0,0.03681553890925539,0.03453404080431097,0.614249489792728,-0.3535496301747536,BALANCE,1,-6.714373674023308e-06
4.5840000000000005,0.03377639300651378,0.0,0.032213596545598466,0.033721885313761586,-0.40607774527469037,6.986038366600482,BALANCE,1,-6.714373674023308e-06
4.586,0.03377639300651378,0.0,0.032213596545598466,0.033193984244904495,-0.26395053442854544,-1.225308843371828,BALANCE,1,-6.714373674023308e-06
4.588,0.03377639300651378,0.0,0.0337475773334841,0.033387741825907355,0.09687879050142983,-0.11996522073409377,BALANCE,1,-6.714373674023308e-06
4.59,0.03377639300651378,0.0,0.035281558121369745,0.03405057752931919,0.3314178517059181,2.77829483356588,BALANCE,1,-6.714373674023308e-06
4.5920000000000005,0.03377639300651378,0.0,0.035281558121369745,0.034481420736536886,0.2154216036088473,4.694377465406497,BALANCE,1,-6.714373674023308e-06
4.594,0.03377639300651378,0.0,0.035281558121369745,0.03476146882122838,0.14002404234574745,3.7922580730629916,BALANCE,1,-6.714373674023308e-06
4.596,0.03377639300651378,0.0,0.03681553890925539,0.03548039335203783,0.35946226540472387,3.2058804680396826,BALANCE,1,-6.714373674023308e-06
4.598,0.03377639300651378,0.0,0.0337475773334841,0.034873907745544025,-0.3032428032469017,5.00452172436006,BALANCE,1,-6.714373674023308e-06
4.6000000000000005,0.03377639300651378,0.0,0.035281558121369745,0.03501658537708303,0.07133881576950121,-0.3335079612425722,BALANCE,1,-6.714373674023308e-06
4.602,0.03377639300651378,0.0,0.0337475773334841,0.0345724325618234,-0.22207640762981345,2.671705648780991,BALANCE,1,-6.714373674023308e-06
4.604,0.03377639300651378,0.0,0.035281558121369745,0.03482062650766462,0.12409697292060928,0.29773469267089636,BALANCE,1,-6.714373674023308e-06
4.606,0.03377639300651378,0.0,0.0337475773334841,0.034445059296701434,-0.18778360548159234,3.0820133738247515,BALANCE,1,-6.714373674023308e-06
4.6080000000000005,0.03377639300651378,0.0,0.0337475773334841,0.03420094060957537,-0.12205934356303294,0.5644347139493475,BALANCE,1,-6.714373674023308e-06
4.61,0.03377639300651378,0.0,0.035281558121369745,0.0345791567387034,0.1891080645640142,1.0755816880702587,BALANCE,1,-6.714373674023308e-06
4.612,0.03377639300651378,0.0,0.0337475773334841,0.03428810394687664,-0.14552639591337846,3.5876139208343174,BALANCE,1,-6.714373674023308e-06
4.614,0.03377639300651378,0.0,0.0337475773334841,0.03409891963218925,-0.09459215734369461,0.8930750695055707,BALANCE,1,-6.714373674023308e-06
4.616,0.03377639300651378,0.0,0.0337475773334841,0.033975949827642446,-0.061484902273402364,1.2891979191817982,BALANCE,1,-6.714373674023308e-06
4.618,0.03377639300651378,0.0,0.0337475773334841,0.033896019454687024,-0.03996518647771119,1.546677771471328,BALANCE,1,-6.714373674023308e-06
4.62,0.03377639300651378,0.0,0.0337475773334841,0.033844064712265996,-0.02597737121051366,1.714039675459532,BALANCE,1,-6.714373674023308e-06
4.622,0.03377639300651378,0.0,0.0337475773334841,0.03381029412969233,-0.016885291286832665,1.8228249130518506,BALANCE,1,-6.714373674023308e-06
4.624,0.03377639300651378,0.0,0.03681553890925539,0.0348621298025394,0.5259178364235353,1.8935353174868788,BALANCE,1,-6.714373674023308e-06
4.626,0.03377639300651378,0.0,0.0337475773334841,0.034472036438370046,-0.19504668208467774,6.299070479540646,BALANCE,1,-6.714373674023308e-06
4.628,0.03377639300651378,0.0,0.0337475773334841,0.03421847575165996,-0.12678034335504226,0.5079487296247809,BALANCE,1,-6.714373674023308e-06
4.63,0.03377639300651378,0.0,0.032213596545598466,0.03351676802953844,-0.35085386106076255,1.0388657982592597,BALANCE,1,-6.714373674023308e-06
4.632,0.03377639300651378,0.0,0.035281558121369745,0.03413444456167939,0.30883826607047693,-0.7958248067137941,BALANCE,1,-6.714373674023308e-06
4.634,0.03377639300651378,0.0,0.0337475773334841,0.033999041031811034,-0.06770176493417837,4.518772802264579,BALANCE,1,-6.714373674023308e-06
4.636,0.03377639300651378,0.0,0.0337475773334841,0.033911028737396605,-0.04400614720721438,1.498328342435235,BALANCE,1,-6.714373674023308e-06
4.638,0.03377639300651378,0.0,0.0337475773334841,0.033853820746027226,-0.02860399568468952,1.6826125465860813,BALANCE,1,-6.714373674023308e-06
4.64,0.03377639300651378,0.0,0.032213596545598466,0.033279742275877155,-0.28703923507503515,1.8023972792841172,BALANCE,1,-6.714373674023308e-06
4.642,0.03377639300651378,0.0,0.035281558121369745,0.03398037782179956,0.35031777296120126,-0.29952934404765186,BALANCE,1,-6.714373674023308e-06
4.644,0.03377639300651378,0.0,0.0337475773334841,0.033898897650889145,-0.040740085455206326,4.841364852997584,BALANCE,1,-6.714373674023308e-06
4.646,0.03377639300651378,0.0,0.035281558121369745,0.034382828815557355,0.24196558233410478,1.708013175411698,BALANCE,1,-6.714373674023308e-06
4.648,0.03377639300651378,0.0,0.03681553890925539,0.03523427734835166,0.42572426639715316,3.99869438760628,BALANCE,1,-6.714373674023308e-06
4.65,0.03377639300651378,0.0,0.0337475773334841,0.03471393234314801,-0.26017250260182423,5.519850772078325,BALANCE,1,-6.714373674023308e-06
4.652,0.03377639300651378,0.0,0.035281558121369745,0.03491260136552562,0.09933451118880263,0.00145591977428694,BALANCE,1,-6.714373674023308e-06
4.654,0.03377639300651378,0.0,0.03681553890925539,0.03557862950583104,0.33301407015270956,2.8894321714419577,BALANCE,1,-6.714373674023308e-06
4.656,0.03377639300651378,0.0,0.032213596545598466,0.034400867969749636,-0.5888807680407004,4.798830331571539,BALANCE,1,-6.714373674023308e-06
4.658,0.03377639300651378,0.0,0.032213596545598466,0.033635322971296726,-0.3827724992264553,-2.6469940661406253,BALANCE,1,-6.714373674023308e-06
4.66,0.03377639300651378,0.0,0.032213596545598466,0.03313771872230233,-0.24880212449719663,-1.0440606155338386,BALANCE,1,-6.714373674023308e-06
4.662,0.03377639300651378,0.0,0.032213596545598466,0.032814275960455976,-0.1617213809231785,-0.0021538726394330077,BALANCE,1,-6.714373674023308e-06
4.664,0.03377639300651378,0.0,0.0337475773334841,0.03314093144101582,0.163327740279922,0.6750855102419304,BALANCE,1,-6.714373674023308e-06
4.666,0.03377639300651378,0.0,0.0337475773334841,0.03335325750337972,0.10616303118194878,3.2950778087003254,BALANCE,1,-6.714373674023308e-06
4.668,0.03377639300651378,0.0,0.032213596545598466,0.032954376168156274,-0.1994406676117215,2.850499699658373,BALANCE,1,-6.714373674023308e-06
4.67,0.03377639300651378,0.0,0.0337475773334841,0.03323199657602101,0.13881020393236715,0.3817372291956045,BALANCE,1,-6.714373674023308e-06
4.672,0.03377639300651378,0.0,0.032213596545598466,0.03287555656537312,-0.1782200053239459,3.104401426020198,BALANCE,1,-6.714373674023308e-06
4.674,0.03377639300651378,0.0,0.0337475773334841,0.03318076383421196,0.15260363441942093,0.5467733513308197,BALANCE,1,-6.714373674023308e-06
4.676,0.03377639300651378,0.0,0.032213596545598466,0.03284225528319723,-0.16925427550736408,3.211674905408085,BALANCE,1,-6.714373674023308e-06
4.678,0.03377639300651378,0.0,0.032213596545598466,0.03262222472503766,-0.11001527907978509,0.6165011129329212,BALANCE,1,-6.714373674023308e-06
4.68,0.03377639300651378,0.0,0.035281558121369745,0.03355299141375389,0.4653833443581147,1.0772112508639788,BALANCE,1,-6.714373674023308e-06
4.682,0.03377639300651378,0.0,0.03681553890925539,0.03469488303717941,0.5709458117127593,5.736246239690151,BALANCE,1,-6.714373674023308e-06
4.684,0.03377639300651378,0.0,0.035281558121369745,0.034900219316646025,0.10266813973330846,6.649259475932839,BALANCE,1,-6.714373674023308e-06
4.686,0.03377639300651378,0.0,0.030679615757712823,0.0334230080710194,-0.7386056228133111,2.9153582768652293,BALANCE,1,-6.714373674023308e-06
4.688,0.03377639300651378,0.0,0.0337475773334841,0.03353660731288204,0.05679962093131999,-3.9034644982453246,BALANCE,1,-6.714373674023308e-06
4.69,0.03377639300651378,0.0,0.032213596545598466,0.033073553544332786,-0.23152688427462847,2.466593406223483,BALANCE,1,-6.714373674023308e-06
4.692,0.03377639300651378,0.0,0.035281558121369745,0.03384635514629572,0.3864008009814672,0.13219813846293937,BALANCE,1,-6.714373674023308e-06
4.694,0.03377639300651378,0.0,0.0337475773334841,0.03381178291181165,-0.017286117242033827,5.12198771662948,BALANCE,1,-6.714373674023308e-06
4.696,0.03377639300651378,0.0,0.032213596545598466,0.033252417683637035,-0.2796826140873086,1.8904180367724286,BALANCE,1,-6.714373674023308e-06
4.698,0.03377639300651378,0.0,0.032213596545598466,0.032888830285323536,-0.1817936991567494,-0.2423158516802466,BALANCE,1,-6.714373674023308e-06
4.7,0.03377639300651378,0.0,0.0337475773334841,0.033189391752179734,0.15028073342809867,0.5189802238654171,BALANCE,1,-6.714373674023308e-06
4.702,0.03377639300651378,0.0,0.02914563496982718,0.03177407687835634,-0.7076574369116982,3.1936093725555734,BALANCE,1,-6.714373674023308e-06
4.704,0.03377639300651378,0.0,0.035281558121369745,0.03300169531341103,0.6138092175273467,-3.7548148825922056,BALANCE,1,-6.714373674023308e-06
4.706,0.03377639300651378,0.0,0.032213596545598466,0.03272586074467663,-0.13791728436720121,6.890575459023436,BALANCE,1,-6.714373674023308e-06
4.708,0.03377639300651378,0.0,0.032213596545598466,0.03254656827499927,-0.08964623483867853,0.8602133697429879,BALANCE,1,-6.714373674023308e-06
4.71,0.03377639300651378,0.0,0.0337475773334841,0.03296692144546896,0.21017658523484264,1.2356242177905281,BALANCE,1,-6.714373674023308e-06
4.712,0.03377639300651378,0.0,0.035281558121369745,0.03377704428203423,0.4050614182826359,3.6594279686068782,BALANCE,1,-6.714373674023308e-06
4.714,0.03377639300651378,0.0,0.032213596545598466,0.03322983757428171,-0.2736033538762589,5.267114003183141,BALANCE,1,-6.714373674023308e-06
4.716,0.03377639300651378,0.0,0.03834951969714103,0.03502172631728247,0.8959443715003783,-0.19503657655316853,BALANCE,1,-6.714373674023308e-06
4.718,0.03377639300651378,0.0,0.035281558121369745,0.03511266744871301,0.04547056571527208,9.268858551039974,BALANCE,1,-6.714373674023308e-06
4.72,0.03377639300651378,0.0,0.0337475773334841,0.034634885908382894,-0.23889077016505875,2.4705245726449574,BALANCE,1,-6.714373674023308e-06
4.722,0.03377639300651378,0.0,0.035281558121369745,0.03486122118292829,0.11316763727269724,0.16696699318250352,BALANCE,1,-6.714373674023308e-06
4.724,0.03377639300651378,0.0,0.032213596545598466,0.03393455255986285,-0.46333431153271903,2.997014369157275,BALANCE,1,-6.714373674023308e-06
4.726,0.03377639300651378,0.0,0.0337475773334841,0.033869111230630286,-0.03272066461628212,-1.6706013386699814,BALANCE,1,-6.714373674023308e-06
4.728,0.03377639300651378,0.0,0.032213596545598466,0.03328968109086915,-0.2897150698805695,1.7703813569075602,BALANCE,1,-6.714373674023308e-06
4.73,0.03377639300651378,0.0,0.032213596545598466,0.03291305150002441,-0.18831479542236879,-0.3203396935924072,BALANCE,1,-6.714373674023308e-06
4.732,0.03377639300651378,0.0,0.032213596545598466,0.032668242265975325,-0.12240461702454214,0.46826472662251417,BALANCE,1,-6.714373674023308e-06
4.734,0.03377639300651378,0.0,0.030679615757712823,0.03197222298808345,-0.3480096389459376,0.9808575997621825,BALANCE,1,-6.714373674023308e-06
4.736,0.03377639300651378,0.0,0.0337475773334841,0.03259359700897368,0.310687010445114,-0.8657437322824939,BALANCE,1,-6.714373674023308e-06
4.738,0.03377639300651378,0.0,0.03681553890925539,0.034071276674072275,0.7388398325492984,4.4411119040993325,BALANCE,1,-6.714373674023308e-06
4.74,0.03377639300651378,0.0,0.0337475773334841,0.03395798190486641,-0.05664738460293278,7.954995260838723,BALANCE,1,-6.714373674023308e-06
4.742,0.03377639300651378,0.0,0.035281558121369745,0.03442123358064257,0.23162583788808103,1.5842998374685222,BALANCE,1,-6.714373674023308e-06
4.744,0.03377639300651378,0.0,0.03681553890925539,0.03525924044565706,0.4190034325072429,3.918280717943203,BALANCE,1,-6.714373674023308e-06
4.746,0.03377639300651378,0.0,0.032213596545598466,0.034193265080636547,-0.5329876825102553,5.467581886797367,BALANCE,1,-6.714373674023308e-06
4.748,0.03377639300651378,0.0,0.03681553890925539,0.03511106092065314,0.458897920008295,-2.2123055552438498,BALANCE,1,-6.714373674023308e-06
4.75,0.03377639300651378,0.0,0.0337475773334841,0.03463384166514397,-0.2386096277545817,5.777847015305548,BALANCE,1,-6.714373674023308e-06
4.752,0.03377639300651378,0.0,0.032213596545598466,0.03378675587330304,-0.42354289592046523,0.16915347787198498,BALANCE,1,-6.714373674023308e-06
4.7540000000000004,0.03377639300651378,0.0,0.03681553890925539,0.034846829935886364,0.5300370312916608,-1.3611378149655393,BALANCE,1,-6.714373674023308e-06
4.756,0.03377639300651378,0.0,0.0337475773334841,0.03446209152504557,-0.19236920542039723,6.331106046486468,BALANCE,1,-6.714373674023308e-06
4.758,0.03377639300651378,0.0,0.0337475773334841,0.03421201155799905,-0.12503998352325976,0.5287718481395565,BALANCE,1,-6.714373674023308e-06
4.76,0.03377639300651378,0.0,0.032213596545598466,0.03351256630365884,-0.34972262717010427,1.052400825293865,BALANCE,1,-6.714373674023308e-06
4.7620000000000005,0.03377639300651378,0.0,0.032213596545598466,0.03305792688833771,-0.2273197076605657,-0.7870270391413037,BALANCE,1,-6.714373674023308e-06
4.764,0.03377639300651378,0.0,0.032213596545598466,0.03276241126837897,-0.14775780997937013,0.1649179520157371,BALANCE,1,-6.714373674023308e-06
4.766,0.03377639300651378,0.0,0.035281558121369745,0.03364411266692574,0.44085069927338527,0.7836821962677771,BALANCE,1,-6.714373674023308e-06
4.768,0.03377639300651378,0.0,0.032213596545598466,0.03314343202446119,-0.25034032123227506,5.545452354202626,BALANCE,1,-6.714373674023308e-06
4.7700000000000005,0.03377639300651378,0.0,0.032213596545598466,0.032817989606859235,-0.1627212088009776,-0.014116648390529063,BALANCE,1,-6.714373674023308e-06
4.772,0.03377639300651378,0.0,0.035281558121369745,0.03368023858693791,0.43112449003933695,0.6673097060037334,BALANCE,1,-6.714373674023308e-06
4.774,0.03377639300651378,0.0,0.035281558121369745,0.03424070042398905,0.2802309185255709,5.46981023553097,BALANCE,1,-6.714373674023308e-06
4.776,0.03377639300651378,0.0,0.0337475773334841,0.03406810734231232,-0.08629654083836674,4.29628937364391,BALANCE,1,-6.714373674023308e-06
4.7780000000000005,0.03377639300651378,0.0,0.03681553890925539,0.03502970839074239,0.48080052421503594,1.353714113831805,BALANCE,1,-6.714373674023308e-06
4.78,0.03377639300651378,0.0,0.030679615757712823,0.03350717596918204,-0.7612662107801745,5.9481866971648305,BALANCE,1,-6.714373674023308e-06
4.782,0.03377639300651378,0.0,0.0337475773334841,0.03359131644668776,0.04207023875285945,-4.079699128090474,BALANCE,1,-6.714373674023308e-06
4.784,0.03377639300651378,0.0,0.0337475773334841,0.03364600775706648,0.027345655189359164,2.352040896824141,BALANCE,1,-6.714373674023308e-06
4.7860000000000005,0.03377639300651378,0.0,0.0337475773334841,0.03368155710881264,0.017774675873081375,2.237525706938862,BALANCE,1,-6.714373674023308e-06
4.788,0.03377639300651378,0.0,0.0337475773334841,0.03370466418744765,0.011553539317504802,2.16309083351341,BALANCE,1,-6.714373674023308e-06
4.79,0.03377639300651378,0.0,0.0337475773334841,0.033719683788560405,0.007509800556377427,2.1147081657868974,BALANCE,1,-6.714373674023308e-06
4.792,0.03377639300651378,0.0,0.032213596545598466,0.03319255325352372,-0.26356526751834114,2.0832594317646436,BALANCE,1,-6.714373674023308e-06
4.7940000000000005,0.03377639300651378,0.0,0.0337475773334841,0.03338681168150985,0.0971292139930642,-0.11696894493530574,BALANCE,1,-6.714373674023308e-06
4.796,0.03377639300651378,0.0,0.035281558121369745,0.03404997293546081,0.3315806269754799,2.780242412835105,BALANCE,1,-6.714373674023308e-06
4.798,0.03377639300651378,0.0,0.02914563496982718,0.03233345464748904,-0.8582591439858858,4.695643391931488,BALANCE,1,-6.714373674023308e-06
4.8,0.03377639300651378,0.0,0.03681553890925539,0.033902184139107255,0.7843647458091081,-4.926065873037744,BALANCE,1,-6.714373674023308e-06
4.8020000000000005,0.03377639300651378,0.0,0.035281558121369745,0.034384965032899124,0.2413904468959345,8.3090490148193,BALANCE,1,-6.714373674023308e-06
4.804,0.03377639300651378,0.0,0.0337475773334841,0.034161879338103864,-0.11154284739763043,3.9942214771414237,BALANCE,1,-6.714373674023308e-06
4.806,0.03377639300651378,0.0,0.0337475773334841,0.03401687363648694,-0.07250285080846047,1.1573699811051883,BALANCE,1,-6.714373674023308e-06
4.808,0.03377639300651378,0.0,0.035281558121369745,0.03445951320619592,0.22131978485448803,1.4609896117215326,BALANCE,1,-6.714373674023308e-06
4.8100000000000005,0.03377639300651378,0.0,0.0337475773334841,0.03421033565074678,-0.12458877772457064,3.8381290712076597,BALANCE,1,-6.714373674023308e-06
4.812,0.03377639300651378,0.0,0.030679615757712823,0.03297458368818489,-0.6178759812809422,1.0559099172482413,BALANCE,1,-6.714373674023308e-06
4.814,0.03377639300651378,0.0,0.0337475773334841,0.033245131464039616,0.13527388792736184,-2.964532828956444,BALANCE,1,-6.714373674023308e-06
4.816,0.03377639300651378,0.0,0.032213596545598466,0.03288409424258521,-0.1805186107272025,3.0768989912612716,BALANCE,1,-6.714373674023308e-06
4.8180000000000005,0.03377639300651378,0.0,0.032213596545598466,0.03264942004863985,-0.11733709697268196,0.5288967687374928,BALANCE,1,-6.714373674023308e-06
4.82,0.03377639300651378,0.0,0.0337475773334841,0.033033775098335334,0.19217752484774336,1.020268427136935,BALANCE,1,-6.714373674023308e-06
4.822,0.03377639300651378,0.0,0.032213596545598466,0.03274671260487743,-0.14353124672895207,3.5194467046820668,BALANCE,1,-6.714373674023308e-06
4.824,0.03377639300651378,0.0,0.0337475773334841,0.03309701525988976,0.1751513275061664,0.8165527824610292,BALANCE,1,-6.714373674023308e-06
4.8260000000000005,0.03377639300651378,0.0,0.035281558121369745,0.03386160526140775,0.3822950007589948,3.387031535642717,BALANCE,1,-6.714373674023308e-06
4.828,0.03377639300651378,0.0,0.035281558121369745,0.03435858876239445,0.248491750493348,5.090056321756423,BALANCE,1,-6.714373674023308e-06
4.83,0.03377639300651378,0.0,0.032213596545598466,0.033607841486515855,-0.3753736379392969,4.049449329690451,BALANCE,1,-6.714373674023308e-06
4.832,0.03377639300651378,0.0,0.032213596545598466,0.03311985575719477,-0.24399286466054299,-0.9865186143234239,BALANCE,1,-6.714373674023308e-06
4.8340000000000005,0.03377639300651378,0.0,0.03681553890925539,0.03441334486041598,0.6467445516106056,0.03524842814734219,BALANCE,1,-6.714373674023308e-06
4.836,0.03377639300651378,0.0,0.0337475773334841,0.03418032622598982,-0.11650931721307947,7.238757104509803,BALANCE,1,-6.714373674023308e-06
4.838,0.03377639300651378,0.0,0.032213596545598466,0.033491970837852846,-0.34417769406848775,1.1187450358547533,BALANCE,1,-6.714373674023308e-06
4.84,0.03377639300651378,0.0,0.032213596545598466,0.03304453983556381,-0.22371550114451758,-0.7439033022767312,BALANCE,1,-6.714373674023308e-06
4.8420000000000005,0.03377639300651378,0.0,0.035281558121369745,0.03382749623559589,0.3914782000160391,0.19294838097768796,BALANCE,1,-6.714373674023308e-06
4.844,0.03377639300651378,0.0,0.035281558121369745,0.034336417895616735,0.25446083001042297,5.161475374264066,BALANCE,1,-6.714373674023308e-06
4.846,0.03377639300651378,0.0,0.0337475773334841,0.03413032369887031,-0.10304709837321083,4.095871713820388,BALANCE,1,-6.714373674023308e-06
4.848,0.03377639300651378,0.0,0.0337475773334841,0.033996362470985135,-0.06698061394258895,1.223442634946532,BALANCE,1,-6.714373674023308e-06
4.8500000000000005,0.03377639300651378,0.0,0.0337475773334841,0.03390928767285977,-0.04353739906268195,1.5039368367183965,BALANCE,1,-6.714373674023308e-06
4.852,0.03377639300651378,0.0,0.032213596545598466,0.033315795778318315,-0.29674594727072817,1.6862580678701309,BALANCE,1,-6.714373674023308e-06
4.854,0.03377639300651378,0.0,0.0337475773334841,0.03346691932262634,0.07556177215401264,-0.37501983146672657,BALANCE,1,-6.714373674023308e-06
4.856,0.03377639300651378,0.0,0.0337475773334841,0.03356514962642655,0.04911515190010596,2.6125093365896817,BALANCE,1,-6.714373674023308e-06
4.8580000000000005,0.03377639300651378,0.0,0.0337475773334841,0.033628999323896694,0.031924848735070954,2.406830192786441,BALANCE,1,-6.714373674023308e-06
4.86,0.03377639300651378,0.0,0.0337475773334841,0.03367050162725228,0.020751151677794732,2.273138749314369,BALANCE,1,-6.714373674023308e-06
4.862,0.03377639300651378,0.0,0.0337475773334841,0.03369747812443342,0.01348824859056727,2.186239311057495,BALANCE,1,-6.714373674023308e-06
4.864,0.03377639300651378,0.0,0.035281558121369745,0.03425190612336113,0.2772139994638573,2.129754676190543,BALANCE,1,-6.714373674023308e-06
4.866,0.03377639300651378,0.0,0.0337475773334841,0.03407539104690417,-0.08825753822848045,4.272826363112526,BALANCE,1,-6.714373674023308e-06
4.868,0.03377639300651378,0.0,0.032213596545598466,0.033423762971447175,-0.32581403772849804,1.3384631569864067,BALANCE,1,-6.714373674023308e-06
4.87,0.03377639300651378,0.0,0.032213596545598466,0.033000204722400124,-0.21177912452352565,-0.601086523541154,BALANCE,1,-6.714373674023308e-06
4.872,0.03377639300651378,0.0,0.032213596545598466,0.032724891860519544,-0.1376564309402903,0.28577928715580225,BALANCE,1,-6.714373674023308e-06
4.874,0.03377639300651378,0.0,0.0337475773334841,0.033082831776057135,0.17896995776879587,0.8622420641088504,BALANCE,1,-6.714373674023308e-06
4.876,0.03377639300651378,0.0,0.0337475773334841,0.033315492721156574,0.1163304725497194,3.4167295687137953,BALANCE,1,-6.714373674023308e-06
4.878,0.03377639300651378,0.0,0.032213596545598466,0.03292982905971124,-0.19283183072266868,2.9295733436671494,BALANCE,1,-6.714373674023308e-06
4.88,0.03377639300651378,0.0,0.0337475773334841,0.03321604095553174,0.1431059479102513,0.43313509780132464,BALANCE,1,-6.714373674023308e-06
4.882,0.03377639300651378,0.0,0.030679615757712823,0.032328292136295116,-0.4438744096183118,3.137810040613915,BALANCE,1,-6.714373674023308e-06
4.884,0.03377639300651378,0.0,0.032213596545598466,0.032288148679551286,-0.020071728371914843,-1.6112977487687876,BALANCE,1,-6.714373674023308e-06
4.886,0.03377639300651378,0.0,0.035281558121369745,0.03333584198418774,0.5238466523182286,1.7767150937977585,BALANCE,1,-6.714373674023308e-06
4.888,0.03377639300651378,0.0,0.035281558121369745,0.03401684263220144,0.34050032400684965,6.190923737597093,BALANCE,1,-6.714373674023308e-06
4.89,0.03377639300651378,0.0,0.0337475773334841,0.03392259977765037,-0.04712142727553506,4.765013149986884,BALANCE,1,-6.714373674023308e-06
4.892,0.03377639300651378,0.0,0.030679615757712823,0.032787555370672225,-0.5675222034890737,1.658384568454742,BALANCE,1,-6.714373674023308e-06
4.894,0.03377639300651378,0.0,0.032213596545598466,0.03258666978189641,-0.10044279438790882,-2.572924305672256,BALANCE,1,-6.714373674023308e-06
4.896,0.03377639300651378,0.0,0.035281558121369745,0.03352988070071207,0.47160545940783116,1.151657831810514,BALANCE,1,-6.714373674023308e-06
4.898,0.03377639300651378,0.0,0.0337475773334841,0.033606074522182276,0.03809691073510327,5.7846365173053735,BALANCE,1,-6.714373674023308e-06
4.9,0.03377639300651378,0.0,0.035281558121369745,0.03419249378189789,0.2932096298578074,2.321139757211763,BALANCE,1,-6.714373674023308e-06
4.902,0.03377639300651378,0.0,0.0337475773334841,0.03403677302495306,-0.07786037847241564,4.397226665776333,BALANCE,1,-6.714373674023308e-06
4.904,0.03377639300651378,0.0,0.0337475773334841,0.03393555453293892,-0.05060924600706895,1.4193233537178582,BALANCE,1,-6.714373674023308e-06
4.906,0.03377639300651378,0.0,0.0337475773334841,0.03386976251312973,-0.03289600990459551,1.6312593039197836,BALANCE,1,-6.714373674023308e-06
4.908,0.03377639300651378,0.0,0.035281558121369745,0.034363890976013736,0.24706423144200268,1.76901767155102,BALANCE,1,-6.714373674023308e-06
4.91,0.03377639300651378,0.0,0.035281558121369745,0.03468507447688834,0.1605917504373007,4.038347310096846,BALANCE,1,-6.714373674023308e-06
4.912,0.03377639300651378,0.0,0.032213596545598466,0.03382005720093688,-0.43250863797572936,3.3658384721117063,BALANCE,1,-6.714373674023308e-06
4.914,0.03377639300651378,0.0,0.030679615757712823,0.032720902695808456,-0.5495772525642116,-1.430865671749622,BALANCE,1,-6.714373674023308e-06
4.916,0.03377639300651378,0.0,0.035281558121369745,0.033617132094754906,0.4481146994732253,-2.433363858765186,BALANCE,1,-6.714373674023308e-06
4.918,0.03377639300651378,0.0,0.0337475773334841,0.03366278792831012,0.02282791677760826,5.601945521471096,BALANCE,1,-6.714373674023308e-06
4.92,0.03377639300651378,0.0,0.0337475773334841,0.03369246422012101,0.014838145905443634,2.2023906099194734,BALANCE,1,-6.714373674023308e-06
4.922,0.03377639300651378,0.0,0.0337475773334841,0.03371175380979809,0.009644794838538362,2.1402530204508095,BALANCE,1,-6.714373674023308e-06
4.924,0.03377639300651378,0.0,0.032213596545598466,0.033187398767328215,-0.262177521234936,2.099863587296192,BALANCE,1,-6.714373674023308e-06
4.926,0.03377639300651378,0.0,0.032213596545598466,0.0328465679897228,-0.17041538880270893,-0.10617624383979507,BALANCE,1,-6.714373674023308e-06
4.928,0.03377639300651378,0.0,0.035281558121369745,0.033698814535799225,0.426123273038214,0.6074709689616964,BALANCE,1,-6.714373674023308e-06
4.93,0.03377639300651378,0.0,0.0337475773334841,0.03371588151498893,0.008533489594852312,5.4309150564536655,BALANCE,1,-6.714373674023308e-06
4.932,0.03377639300651378,0.0,0.035281558121369745,0.03426386832722221,0.27399340611664047,2.0912208076581544,BALANCE,1,-6.714373674023308e-06
4.934,0.03377639300651378,0.0,0.030679615757712823,0.03300937992789392,-0.6272441996641454,4.247779348566457,BALANCE,1,-6.714373674023308e-06
4.936,0.03377639300651378,0.0,0.035281558121369745,0.033804642295610456,0.39763118385826784,-3.0373908016395275,BALANCE,1,-6.714373674023308e-06
4.938,0.03377639300651378,0.0,0.0337475773334841,0.03378466955886623,-0.009986368372114085,5.20932800860277,BALANCE,1,-6.714373674023308e-06
4.94,0.03377639300651378,0.0,0.032213596545598466,0.03323479400422251,-0.27493777732185903,1.9471892265550608,BALANCE,1,-6.714373674023308e-06
4.942,0.03377639300651378,0.0,0.0337475773334841,0.033414268169464065,0.08973708262077773,-0.20541457832152177,BALANCE,1,-6.714373674023308e-06
4.944,0.03377639300651378,0.0,0.0337475773334841,0.03353092637687108,0.05832910370350691,2.722752751134066,BALANCE,1,-6.714373674023308e-06
4.946,0.03377639300651378,0.0,0.0337475773334841,0.03360675421168564,0.037913917407279146,2.47848841224032,BALANCE,1,-6.714373674023308e-06
4.948,0.03377639300651378,0.0,0.032213596545598466,0.033119149028555124,-0.2438025915652564,2.319716591959371,BALANCE,1,-6.714373674023308e-06
4.95,0.03377639300651378,0.0,0.0337475773334841,0.03333909893528026,0.10997495336256824,0.03672820919125619,BALANCE,1,-6.714373674023308e-06
4.952,0.03377639300651378,0.0,0.032213596545598466,0.03294517309889163,-0.19696291819431416,2.8801455630173614,BALANCE,1,-6.714373674023308e-06
4.954,0.03377639300651378,0.0,0.0337475773334841,0.033226014580999,0.14042074105368244,0.4010070403789847,BALANCE,1,-6.714373674023308e-06
4.956,0.03377639300651378,0.0,0.0337475773334841,0.03340856154436878,0.09127348168489272,3.1169268032893993,BALANCE,1,-6.714373674023308e-06
4.958,0.03377639300651378,0.0,0.0337475773334841,0.03352721707055914,0.059327763095178704,2.7347015461412685,BALANCE,1,-6.714373674023308e-06
4.96,0.03377639300651378,0.0,0.0337475773334841,0.03360434316258287,0.03856304601186633,2.486255128994978,BALANCE,1,-6.714373674023308e-06
4.962,0.03377639300651378,0.0,0.032213596545598466,0.03311758184663833,-0.2433806579722718,2.324764957849903,BALANCE,1,-6.714373674023308e-06
4.964,0.03377639300651378,0.0,0.032213596545598466,0.03280118699127438,-0.15819742768197545,0.04000964702012544,BALANCE,1,-6.714373674023308e-06
4.966,0.03377639300651378,0.0,0.030679615757712823,0.03205863705952783,-0.371274965873275,0.7024917980206591,BALANCE,1,-6.714373674023308e-06
4.968,0.03377639300651378,0.0,0.0337475773334841,0.03264976615541252,0.2955645479423459,-1.0466815034145305,BALANCE,1,-6.714373674023308e-06
4.97,0.03377639300651378,0.0,0.03681553890925539,0.03410778661925752,0.7290102319225007,4.323502352863518,BALANCE,1,-6.714373674023308e-06
4.972,0.03377639300651378,0.0,0.035281558121369745,0.0345186066449968,0.205410012869639,7.8785490525354565,BALANCE,1,-6.714373674023308e-06
4.974,0.03377639300651378,0.0,0.03681553890925539,0.0353225329374873,0.40196314624525026,3.71439650165692,BALANCE,1,-6.714373674023308e-06
4.976,0.03377639300651378,0.0,0.035281558121369745,0.03530819175184615,-0.007170592820574667,5.3350571462112395,BALANCE,1,-6.714373674023308e-06
4.978,0.03377639300651378,0.0,0.032213596545598466,0.03422508342965946,-0.5415541610933466,2.0611267625461718,BALANCE,1,-6.714373674023308e-06
4.98,0.03377639300651378,0.0,0.0337475773334841,0.03405795629599808,-0.08356356683068833,-2.2789282829672057,BALANCE,1,-6.714373674023308e-06
4.982,0.03377639300651378,0.0,0.0337475773334841,0.03394932365911819,-0.05431631843994672,1.3749688431143783,BALANCE,1,-6.714373674023308e-06
4.984,0.03377639300651378,0.0,0.032213596545598466,0.033341819169386284,-0.3037522448659513,1.6024288720275175,BALANCE,1,-6.714373674023308e-06
4.986,0.03377639300651378,0.0,0.032213596545598466,0.03294694125106055,-0.19743895916286835,-0.4295088087644334,BALANCE,1,-6.714373674023308e-06
4.988,0.03377639300651378,0.0,0.030679615757712823,0.03215337732838884,-0.3967819613358535,0.39730480176068594,BALANCE,1,-6.714373674023308e-06
4.99,0.03377639300651378,0.0,0.032213596545598466,0.03217445405441221,0.010538363011684121,-1.2450530509834974,BALANCE,1,-6.714373674023308e-06
4.992,0.03377639300651378,0.0,0.032213596545598466,0.032188153926327394,0.0068499359575924235,2.0147741473582057,BALANCE,1,-6.714373674023308e-06
4.994,0.03377639300651378,0.0,0.0337475773334841,0.03273395211883224,0.27289909625242276,1.986088723240383,BALANCE,1,-6.714373674023308e-06
4.996,0.03377639300651378,0.0,0.032213596545598466,0.03255182766820042,-0.09106222531591115,4.147229897149316,BALANCE,1,-6.714373674023308e-06
4.998,0.03377639300651378,0.0,0.0337475773334841,0.03297034005104971,0.2092561914246449,1.2246118575647358,BALANCE,1,-6.714373674023308e-06
5.0,0.03377639300651378,0.0,0.035281558121369745,0.03377926637566172,0.40446316230600615,3.6522699344601417,BALANCE,1,-6.714373674023308e-06
5.002,0.03377639300651378,0.0,0.0337475773334841,0.03376817521089955,-0.0055455823810834914,5.262461280987752,BALANCE,1,-6.714373674023308e-06
5.0040000000000004,0.03377639300651378,0.0,0.032213596545598466,0.03322407267804417,-0.27205126642769123,1.981725853605305,BALANCE,1,-6.714373674023308e-06
5.006,0.03377639300651378,0.0,0.032213596545598466,0.03287040603168817,-0.1768333231779995,-0.18296577073887965,BALANCE,1,-6.714373674023308e-06
5.008,0.03377639300651378,0.0,0.032213596545598466,0.03264052271155677,-0.11494166006570036,0.5575577764772943,BALANCE,1,-6.714373674023308e-06
5.01,0.03377639300651378,0.0,0.0337475773334841,0.033027991829231336,0.19373455883728297,1.0388980821678033,BALANCE,1,-6.714373674023308e-06
5.0120000000000005,0.03377639300651378,0.0,0.0337475773334841,0.0332798467557198,0.12592746324423254,3.531555980452144,BALANCE,1,-6.714373674023308e-06
5.014,0.03377639300651378,0.0,0.0337475773334841,0.0334435524579373,0.08185285110874976,3.0042105112970483,BALANCE,1,-6.714373674023308e-06
5.016,0.03377639300651378,0.0,0.03681553890925539,0.03462374771589863,0.5900976289806639,2.661435956346236,BALANCE,1,-6.714373674023308e-06
5.018,0.03377639300651378,0.0,0.0337475773334841,0.03431708808205354,-0.15332981692254416,6.798205894799229,BALANCE,1,-6.714373674023308e-06
5.0200000000000005,0.03377639300651378,0.0,0.032213596545598466,0.033580866044294264,-0.36811101887963826,0.832386749542859,BALANCE,1,-6.714373674023308e-06
5.022,0.03377639300651378,0.0,0.032213596545598466,0.033102321719750735,-0.23927216227176418,-0.9300361883794501,BALANCE,1,-6.714373674023308e-06
5.024,0.03377639300651378,0.0,0.0337475773334841,0.03332816118455741,0.11291973240333888,0.07196200501093064,BALANCE,1,-6.714373674023308e-06
5.026,0.03377639300651378,0.0,0.032213596545598466,0.03293806356092178,-0.19504881181781758,2.9030475303001557,BALANCE,1,-6.714373674023308e-06
5.0280000000000005,0.03377639300651378,0.0,0.035281558121369745,0.033758286657078564,0.4101115480783929,0.41589331911276606,BALANCE,1,-6.714373674023308e-06
5.03,0.03377639300651378,0.0,0.035281558121369745,0.03429143166958047,0.26657250625095397,5.306389584051857,BALANCE,1,-6.714373674023308e-06
5.032,0.03377639300651378,0.0,0.0337475773334841,0.03410108265194674,-0.09517450881686706,4.1900659501824595,BALANCE,1,-6.714373674023308e-06
5.034,0.03377639300651378,0.0,0.032213596545598466,0.03344046251472484,-0.3303100686109471,1.2846688885818676,BALANCE,1,-6.714373674023308e-06
5.0360000000000005,0.03377639300651378,0.0,0.035281558121369745,0.034084845977050554,0.3221917311628554,-0.6360527980040862,BALANCE,1,-6.714373674023308e-06
5.038,0.03377639300651378,0.0,0.0337475773334841,0.033966801951802295,-0.05902201262412976,4.622624607925877,BALANCE,1,-6.714373674023308e-06
5.04,0.03377639300651378,0.0,0.0337475773334841,0.03389007333539092,-0.03836430820568573,1.5658320161150998,BALANCE,1,-6.714373674023308e-06
5.042,0.03377639300651378,0.0,0.035281558121369745,0.03437709301048351,0.24350983754629213,1.7264899344779694,BALANCE,1,-6.714373674023308e-06
5.0440000000000005,0.03377639300651378,0.0,0.03834951969714103,0.03576744235081364,0.6951746701650656,4.010704280999347,BALANCE,1,-6.714373674023308e-06
5.046,0.03377639300651378,0.0,0.03681553890925539,0.03613427614626825,0.18341689772730443,7.707443902369343,BALANCE,1,-6.714373674023308e-06
5.048,0.03377639300651378,0.0,0.030679615757712823,0.03422514501027385,-0.9545655679971988,3.63539175059453,BALANCE,1,-6.714373674023308e-06
5.05,0.03377639300651378,0.0,0.030679615757712823,0.032984209771877486,-0.6204676191981818,-5.58301584336116,BALANCE,1,-6.714373674023308e-06
5.0520000000000005,0.03377639300651378,0.0,0.0337475773334841,0.033251388418439796,0.13358932328115525,-2.9846883672728053,BALANCE,1,-6.714373674023308e-06
5.054,0.03377639300651378,0.0,0.0337475773334841,0.0334250545387053,0.08683306013275091,3.06379789135563,BALANCE,1,-6.714373674023308e-06
5.056,0.03377639300651378,0.0,0.0337475773334841,0.03353793751687788,0.05644148908628965,2.700167753384325,BALANCE,1,-6.714373674023308e-06
5.058,0.03377639300651378,0.0,0.035281558121369745,0.03414820472845003,0.3051336057860766,2.46380816370299,BALANCE,1,-6.714373674023308e-06
5.0600000000000005,0.03377639300651378,0.0,0.0337475773334841,0.03400798514021195,-0.07010979411904011,4.489961129995615,BALANCE,1,-6.714373674023308e-06
5.062,0.03377639300651378,0.0,0.032213596545598466,0.03337994913209723,-0.3140180040573613,1.479600755460396,BALANCE,1,-6.714373674023308e-06
5.064,0.03377639300651378,0.0,0.03681553890925539,0.03458240555410258,0.6012282110026759,-0.5093470845330565,BALANCE,1,-6.714373674023308e-06
5.066,0.03377639300651378,0.0,0.03681553890925539,0.03536400222840606,0.3907983371517418,6.8847700212675615,BALANCE,1,-6.714373674023308e-06
5.0680000000000005,0.03377639300651378,0.0,0.0337475773334841,0.034798253515183376,-0.2828743566113435,5.2482268309182984,BALANCE,1,-6.714373674023308e-06
5.07,0.03377639300651378,0.0,0.0337475773334841,0.03443051685158863,-0.18386833179737452,-0.1750996419797457,BALANCE,1,-6.714373674023308e-06
5.072,0.03377639300651378,0.0,0.035281558121369745,0.034728381296012016,0.14893222221169441,0.5948843567163216,BALANCE,1,-6.714373674023308e-06
5.074,0.03377639300651378,0.0,0.032213596545598466,0.033848206633367274,-0.44008733132237104,3.2751606554542763,BALANCE,1,-6.714373674023308e-06
5.0760000000000005,0.03377639300651378,0.0,0.035281558121369745,0.034349879654168136,0.25083651040043103,-1.489806252576932,BALANCE,1,-6.714373674023308e-06
5.078,0.03377639300651378,0.0,0.035281558121369745,0.034675967117688694,0.16304373176027898,4.067684862453536,BALANCE,1,-6.714373674023308e-06
5.08,0.03377639300651378,0.0,0.032213596545598466,0.03381413741745711,-0.4309148501157912,3.3849078811435533,BALANCE,1,-6.714373674023308e-06
5.082,0.03377639300651378,0.0,0.0337475773334841,0.03379084138806655,-0.011648014695279235,-1.418470555878903,BALANCE,1,-6.714373674023308e-06
5.0840000000000005,0.03377639300651378,0.0,0.0337475773334841,0.033775698968962695,-0.007571209551929248,1.9342663657217594,BALANCE,1,-6.714373674023308e-06
5.086,0.03377639300651378,0.0,0.035281558121369745,0.03430274967230516,0.26352535167123436,1.9659722617223276,BALANCE,1,-6.714373674023308e-06
5.088,0.03377639300651378,0.0,0.032213596545598466,0.033571546077957815,-0.3656017971736744,4.166367793708185,BALANCE,1,-6.714373674023308e-06
5.09,0.03377639300651378,0.0,0.035281558121369745,0.03417005029315199,0.2992521075970873,-0.9105216127119262,BALANCE,1,-6.714373674023308e-06
5.0920000000000005,0.03377639300651378,0.0,0.035281558121369745,0.0345590780330282,0.19451386993810452,4.444219878365818,BALANCE,1,-6.714373674023308e-06
5.094,0.03377639300651378,0.0,0.0337475773334841,0.034275052788187765,-0.14201262242021645,3.6296556414865284,BALANCE,1,-6.714373674023308e-06
5.096,0.03377639300651378,0.0,0.032213596545598466,0.033553543103281507,-0.3607548424531294,0.9204021879295343,BALANCE,1,-6.714373674023308e-06
5.098,0.03377639300651378,0.0,0.0337475773334841,0.03362145508385241,0.03395599028545304,-0.8728261534281447,BALANCE,1,-6.714373674023308e-06
5.1000000000000005,0.03377639300651378,0.0,0.035281558121369745,0.034202491146983476,0.29051803156553146,2.288935227314769,BALANCE,1,-6.714373674023308e-06
5.102,0.03377639300651378,0.0,0.0337475773334841,0.03404327131225869,-0.07960991736239223,4.37629372134326,BALANCE,1,-6.714373674023308e-06
5.104,0.03377639300651378,0.0,0.035281558121369745,0.034476671695447554,0.21670019159443152,1.4057169398363836,BALANCE,1,-6.714373674023308e-06
5.106,0.03377639300651378,0.0,0.035281558121369745,0.03475838194452032,0.14085512453638344,3.8022018344823056,BALANCE,1,-6.714373674023308e-06
5.1080000000000005,0.03377639300651378,0.0,0.035281558121369745,0.034941493606417615,0.0915558309486468,3.212343912962287,BALANCE,1,-6.714373674023308e-06
5.11,0.03377639300651378,0.0,0.032213596545598466,0.03398672963513091,-0.4773819856433506,2.8289362639742315,BALANCE,1,-6.714373674023308e-06
5.112,0.03377639300651378,0.0,0.032213596545598466,0.03336613305379455,-0.310298290668181,-1.7798521070389501,BALANCE,1,-6.714373674023308e-06
5.114,0.03377639300651378,0.0,0.030679615757712823,0.03242585200016594,-0.4701405268143048,-0.4804183421177748,BALANCE,1,-6.714373674023308e-06
5.1160000000000005,0.03377639300651378,0.0,0.035281558121369745,0.03342534914258727,0.49974857121066335,-1.815573094504482,BALANCE,1,-6.714373674023308e-06
5.118,0.03377639300651378,0.0,0.0337475773334841,0.03353812900940116,0.056389933406945925,6.003509518240543,BALANCE,1,-6.714373674023308e-06
5.12,0.03377639300651378,0.0,0.032213596545598466,0.033074542647070215,-0.23179318116547248,2.463407207819637,BALANCE,1,-6.714373674023308e-06
5.122,0.03377639300651378,0.0,0.035281558121369745,0.03384699806307505,0.3862277080024165,0.13012710950043305,BALANCE,1,-6.714373674023308e-06
5.124,0.03377639300651378,0.0,0.0337475773334841,0.03381220080771821,-0.01739862767841799,5.120641547803835,BALANCE,1,-6.714373674023308e-06
5.126,0.03377639300651378,0.0,0.035281558121369745,0.034326475867496244,0.2571375298890156,1.889543027035749,BALANCE,1,-6.714373674023308e-06
5.128,0.03377639300651378,0.0,0.032213596545598466,0.03358696810483202,-0.3697538813321119,4.1166887911618995,BALANCE,1,-6.714373674023308e-06
5.13,0.03377639300651378,0.0,0.032213596545598466,0.03310628805910027,-0.24034002286587447,-0.9428129643669738,BALANCE,1,-6.714373674023308e-06
5.132,0.03377639300651378,0.0,0.032213596545598466,0.032793846029374636,-0.15622101486281736,0.06365710061902052,BALANCE,1,-6.714373674023308e-06
5.134,0.03377639300651378,0.0,0.032213596545598466,0.03259075871005297,-0.10154365966083198,0.7178626428599393,BALANCE,1,-6.714373674023308e-06
5.136,0.03377639300651378,0.0,0.0337475773334841,0.032995645228253864,0.20244325910044603,1.1430962453165225,BALANCE,1,-6.714373674023308e-06
5.138,0.03377639300651378,0.0,0.032213596545598466,0.03272192818932447,-0.13685851946469707,3.5992847864988002,BALANCE,1,-6.714373674023308e-06
5.14,0.03377639300651378,0.0,0.035281558121369745,0.033617798665540315,0.44793523810792224,0.8684475356418917,BALANCE,1,-6.714373674023308e-06
5.142,0.03377639300651378,0.0,0.0337475773334841,0.033663221199320637,0.022711266890160925,5.600549824795797,BALANCE,1,-6.714373674023308e-06
5.144,0.03377639300651378,0.0,0.0337475773334841,0.03369274584627785,0.01476232347860651,2.2014834070805254,BALANCE,1,-6.714373674023308e-06
5.146,0.03377639300651378,0.0,0.030679615757712823,0.032638150315280084,-0.5272977654988825,2.139663338605523,BALANCE,1,-6.714373674023308e-06
5.148,0.03377639300651378,0.0,0.035281558121369745,0.033563343047411466,0.46259636606569077,-2.260093105074255,BALANCE,1,-6.714373674023308e-06
5.15,0.03377639300651378,0.0,0.032213596545598466,0.03309093177177692,-0.23620563781727444,5.714571511370214,BALANCE,1,-6.714373674023308e-06
5.152,0.03377639300651378,0.0,0.032213596545598466,0.032783864442614455,-0.15353366458123116,0.09581080376841955,BALANCE,1,-6.714373674023308e-06
5.154,0.03377639300651378,0.0,0.0337475773334841,0.03312116395441883,0.16864975590218795,0.7387625499070181,BALANCE,1,-6.714373674023308e-06
5.156,0.03377639300651378,0.0,0.03681553890925539,0.03441419518861162,0.646515617096395,3.3364678844826337,BALANCE,1,-6.714373674023308e-06
5.158,0.03377639300651378,0.0,0.03681553890925539,0.03525466549083694,0.4202351511126585,7.2369766480878575,BALANCE,1,-6.714373674023308e-06
5.16,0.03377639300651378,0.0,0.0337475773334841,0.03472718463576344,-0.2637404275367475,5.477161138351485,BALANCE,1,-6.714373674023308e-06
5.162,0.03377639300651378,0.0,0.0337475773334841,0.03438432207996567,-0.1714312778988876,-0.02629234214817311,BALANCE,1,-6.714373674023308e-06
5.164,0.03377639300651378,0.0,0.0337475773334841,0.034161461418697116,-0.11143033063427607,0.6916091016068393,BALANCE,1,-6.714373674023308e-06
5.166,0.03377639300651378,0.0,0.032213596545598466,0.03347970871311259,-0.3408763527922645,1.1582450400476183,BALANCE,1,-6.714373674023308e-06
5.168,0.03377639300651378,0.0,0.0337475773334841,0.033573462730242615,0.046877008565014006,-0.7182282995513609,BALANCE,1,-6.714373674023308e-06
5.17,0.03377639300651378,0.0,0.0337475773334841,0.033634402841377135,0.030470055567260318,2.3894238323346686,BALANCE,1,-6.714373674023308e-06
5.172,0.03377639300651378,0.0,0.030679615757712823,0.03260022736209462,-0.5170877396412573,2.2618246150207106,BALANCE,1,-6.714373674023308e-06
5.174,0.03377639300651378,0.0,0.030679615757712823,0.03192801330056099,-0.33610703076681486,-2.180688275404381,BALANCE,1,-6.714373674023308e-06
5.176,0.03377639300651378,0.0,0.035281558121369745,0.033101753987844054,0.5868703436415317,-0.7731754481008595,BALANCE,1,-6.714373674023308e-06
5.178,0.03377639300651378,0.0,0.032213596545598466,0.0327908988830581,-0.15542755239297823,6.681067988402897,BALANCE,1,-6.714373674023308e-06
5.18,0.03377639300651378,0.0,0.032213596545598466,0.03258884306494723,-0.10102790905543516,0.7240335138396601,BALANCE,1,-6.714373674023308e-06
5.182,0.03377639300651378,0.0,0.035281558121369745,0.03353129333469511,0.4712251348739406,1.1471073114533523,BALANCE,1,-6.714373674023308e-06
5.184,0.03377639300651378,0.0,0.0337475773334841,0.03360699273427126,0.03784969978807423,5.781678679073231,BALANCE,1,-6.714373674023308e-06
5.186,0.03377639300651378,0.0,0.0337475773334841,0.03365619734399575,0.024602304862245128,2.3192171623608693,BALANCE,1,-6.714373674023308e-06
5.188,0.03377639300651378,0.0,0.032213596545598466,0.033151287064556695,-0.25245513971952627,2.216190279537706,BALANCE,1,-6.714373674023308e-06
5.19,0.03377639300651378,0.0,0.035281558121369745,0.03389688193444126,0.3727974349422812,-0.030563893882808557,BALANCE,1,-6.714373674023308e-06
5.192,0.03377639300651378,0.0,0.035281558121369745,0.034381518599866226,0.24231833271248435,5.016192395604724,BALANCE,1,-6.714373674023308e-06
5.194,0.03377639300651378,0.0,0.0337475773334841,0.03415963915663248,-0.1109397216168713,4.001437777691848,BALANCE,1,-6.714373674023308e-06
5.196,0.03377639300651378,0.0,0.032213596545598466,0.03347852424277058,-0.34055745693095313,1.1620605764629788,BALANCE,1,-6.714373674023308e-06
5.198,0.03377639300651378,0.0,0.0337475773334841,0.03357269282452031,0.04708429087486518,-0.7157482008813902,BALANCE,1,-6.714373674023308e-06
5.2,0.03377639300651378,0.0,0.03681553890925539,0.034707688954177585,0.5674980648286386,2.3910358964701395,BALANCE,1,-6.714373674023308e-06
5.202,0.03377639300651378,0.0,0.0337475773334841,0.03437164988693486,-0.1680195336213608,6.622445855879764,BALANCE,1,-6.714373674023308e-06
5.204,0.03377639300651378,0.0,0.03681553890925539,0.03522701104474704,0.42768057890608946,0.7181427242452054,BALANCE,1,-6.714373674023308e-06
5.206,0.03377639300651378,0.0,0.0337475773334841,0.03470920924580501,-0.2589008994710144,5.535065293933538,BALANCE,1,-6.714373674023308e-06
5.208,0.03377639300651378,0.0,0.0337475773334841,0.03437263807649269,-0.16828558465616095,0.011345358980185516,BALANCE,1,-6.714373674023308e-06
5.21,0.03377639300651378,0.0,0.0337475773334841,0.034153866816439685,-0.10938563002650323,0.7160736073402738,BALANCE,1,-6.714373674023308e-06
5.212,0.03377639300651378,0.0,0.035281558121369745,0.034548558773165206,0.1973459783627604,1.174146968774355,BALANCE,1,-6.714373674023308e-06
5.214,0.03377639300651378,0.0,0.0337475773334841,0.034268215269276814,-0.14017175194419584,3.6516813532919956,BALANCE,1,-6.714373674023308e-06
5.216,0.03377639300651378,0.0,0.035281558121369745,0.03462288526750934,0.17733499911626316,0.9347189006030421,BALANCE,1,-6.714373674023308e-06
5.218,0.03377639300651378,0.0,0.0337475773334841,0.034316527490600504,-0.15317888845441802,3.4960531089806657,BALANCE,1,-6.714373674023308e-06
5.22,0.03377639300651378,0.0,0.032213596545598466,0.03358050165984979,-0.36801291537535624,0.833560541800686,BALANCE,1,-6.714373674023308e-06
5.222,0.03377639300651378,0.0,0.030679615757712823,0.03256519159410185,-0.5076550328739701,-0.9292732234118626,BALANCE,1,-6.714373674023308e-06
5.224,0.03377639300651378,0.0,0.0337475773334841,0.03297902660288564,0.20691750439189374,-2.1073287673456496,BALANCE,1,-6.714373674023308e-06
5.226,0.03377639300651378,0.0,0.032213596545598466,0.03271112608283513,-0.13395026002525554,3.6340816313082884,BALANCE,1,-6.714373674023308e-06
5.228,0.03377639300651378,0.0,0.0337475773334841,0.033073884020562265,0.18137896886356863,0.8910654847680635,BALANCE,1,-6.714373674023308e-06
5.23,0.03377639300651378,0.0,0.0337475773334841,0.03330967668008491,0.1178963297613217,3.4354647921422847,BALANCE,1,-6.714373674023308e-06
5.232,0.03377639300651378,0.0,0.03681553890925539,0.034536728460294576,0.6135258901048337,2.941751238895668,BALANCE,1,-6.714373674023308e-06
5.234,0.03377639300651378,0.0,0.0337475773334841,0.03426052556591091,-0.13810144719183376,6.980410828456344,BALANCE,1,-6.714373674023308e-06
5.236,0.03377639300651378,0.0,0.035281558121369745,0.034617886960321496,0.178680697205294,0.9508199564199846,BALANCE,1,-6.714373674023308e-06
5.238,0.03377639300651378,0.0,0.035281558121369745,0.03485017186668838,0.1161424531834418,3.5065187952616417,BALANCE,1,-6.714373674023308e-06
5.24,0.03377639300651378,0.0,0.030679615757712823,0.03339047722854693,-0.7298473190707234,3.020149937468837,BALANCE,1,-6.714373674023308e-06
5.242,0.03377639300651378,0.0,0.0337475773334841,0.03351546226527494,0.062492518364001826,-3.8353499188529714,BALANCE,1,-6.714373674023308e-06
5.244,0.03377639300651378,0.0,0.0337475773334841,0.03359670253914814,0.040620136936602574,2.510867882828511,BALANCE,1,-6.714373674023308e-06
5.246,0.03377639300651378,0.0,0.035281558121369745,0.0341864019929257,0.29484972688877814,2.340763247841709,BALANCE,1,-6.714373674023308e-06
5.248,0.03377639300651378,0.0,0.035281558121369745,0.034569706637881115,0.19165232247770822,4.409981934685767,BALANCE,1,-6.714373674023308e-06
5.25,0.03377639300651378,0.0,0.0337475773334841,0.03428196138134216,-0.14387262826947786,3.6074009780945326,BALANCE,1,-6.714373674023308e-06
5.252,0.03377639300651378,0.0,0.035281558121369745,0.03463182024035181,0.17492942950482482,0.9059366567247065,BALANCE,1,-6.714373674023308e-06
5.2540000000000004,0.03377639300651378,0.0,0.03681553890925539,0.03539612177446806,0.38215076705812656,3.477344650459707,BALANCE,1,-6.714373674023308e-06
5.256,0.03377639300651378,0.0,0.035281558121369745,0.035356024495883646,-0.020048639292207654,5.180973442933096,BALANCE,1,-6.714373674023308e-06
5.258,0.03377639300651378,0.0,0.035281558121369745,0.035329961264803776,-0.013031615539935149,1.9609723554153577,BALANCE,1,-6.714373674023308e-06
5.26,0.03377639300651378,0.0,0.032213596545598466,0.03423923361308191,-0.5453638258609318,2.0155447515687452,BALANCE,1,-6.714373674023308e-06
5.2620000000000005,0.03377639300651378,0.0,0.0337475773334841,0.03406715391522268,-0.08603984892961714,-2.3085565901025396,BALANCE,1,-6.714373674023308e-06
5.264,0.03377639300651378,0.0,0.0337475773334841,0.033955302111614176,-0.05592590180425114,1.3557104434764238,BALANCE,1,-6.714373674023308e-06
5.266,0.03377639300651378,0.0,0.0337475773334841,0.03388259843926865,-0.03635183617276341,1.5899109122628416,BALANCE,1,-6.714373674023308e-06
5.268,0.03377639300651378,0.0,0.0337475773334841,0.033835341052244054,-0.023628693512297433,1.7421412169740116,BALANCE,1,-6.714373674023308e-06
5.2700000000000005,0.03377639300651378,0.0,0.035281558121369745,0.03434151702643804,0.2530879870969935,1.8410909150362638,BALANCE,1,-6.714373674023308e-06
5.272,0.03377639300651378,0.0,0.035281558121369745,0.03467053140966413,0.1645071916130461,4.08519491836223,BALANCE,1,-6.714373674023308e-06
5.274,0.03377639300651378,0.0,0.0337475773334841,0.03434749748300112,-0.16151696333150528,3.396289417484217,BALANCE,1,-6.714373674023308e-06
5.276,0.03377639300651378,0.0,0.035281558121369745,0.034674418706430135,0.16346061171450613,0.768714142328025,BALANCE,1,-6.714373674023308e-06
5.2780000000000005,0.03377639300651378,0.0,0.0337475773334841,0.03435002422589902,-0.1621972402655568,3.388150016101857,BALANCE,1,-6.714373674023308e-06
5.28,0.03377639300651378,0.0,0.030679615757712823,0.03306538126203385,-0.6423214819325853,0.7634235314294868,BALANCE,1,-6.714373674023308e-06
5.282,0.03377639300651378,0.0,0.035281558121369745,0.03384104316280141,0.3878309503837808,-3.1546489797386514,BALANCE,1,-6.714373674023308e-06
5.284,0.03377639300651378,0.0,0.035281558121369745,0.034345223398300324,0.25209011774945594,5.1331101928383305,BALANCE,1,-6.714373674023308e-06
5.2860000000000005,0.03377639300651378,0.0,0.032213596545598466,0.03359915399985467,-0.3730346992228267,4.077434345893667,BALANCE,1,-6.714373674023308e-06
5.288,0.03377639300651378,0.0,0.0337475773334841,0.033651102166624966,0.025974083385147534,-0.9683283537913336,BALANCE,1,-6.714373674023308e-06
5.29,0.03377639300651378,0.0,0.032213596545598466,0.03314797519926569,-0.25156348367963777,2.2268587970786786,BALANCE,1,-6.714373674023308e-06
5.292,0.03377639300651378,0.0,0.0337475773334841,0.03335783594624213,0.10493037348821913,-0.023629357481160795,BALANCE,1,-6.714373674023308e-06
5.2940000000000005,0.03377639300651378,0.0,0.0337475773334841,0.033494245431776815,0.06820474276734295,2.8409131446802807,BALANCE,1,-6.714373674023308e-06
5.296,0.03377639300651378,0.0,0.032213596545598466,0.03304601832161439,-0.22411355508121164,2.5552926680453525,BALANCE,1,-6.714373674023308e-06
5.298,0.03377639300651378,0.0,0.035281558121369745,0.03382845725152876,0.3912194649571855,0.18985265864717027,BALANCE,1,-6.714373674023308e-06
5.3,0.03377639300651378,0.0,0.03681553890925539,0.03487393583173308,0.5227392901021588,5.15946315474921,BALANCE,1,-6.714373674023308e-06
5.3020000000000005,0.03377639300651378,0.0,0.035281558121369745,0.03501660363310591,0.07133390068641415,6.274350470721256,BALANCE,1,-6.714373674023308e-06
5.304,0.03377639300651378,0.0,0.032213596545598466,0.0340355511524783,-0.4905262403138051,2.671667423477668,BALANCE,1,-6.714373674023308e-06
5.306,0.03377639300651378,0.0,0.03681553890925539,0.035008546867350276,0.48649785743598917,-1.8820768533617427,BALANCE,1,-6.714373674023308e-06
5.308,0.03377639300651378,0.0,0.0337475773334841,0.034567207530497114,-0.22066966842658117,5.99249567152893,BALANCE,1,-6.714373674023308e-06
5.3100000000000005,0.03377639300651378,0.0,0.032213596545598466,0.03374344368578258,-0.4118819223572663,0.3086751044171774,BALANCE,1,-6.714373674023308e-06
5.312,0.03377639300651378,0.0,0.0337475773334841,0.03374489046247811,0.0007233883477647529,-1.2704487577111756,BALANCE,1,-6.714373674023308e-06
5.314,0.03377639300651378,0.0,0.0337475773334841,0.033745830867330205,0.0004702024260470894,2.030480534530805,BALANCE,1,-6.714373674023308e-06
5.316,0.03377639300651378,0.0,0.032213596545598466,0.033209548854724096,-0.2681410063030548,2.028511471448189,BALANCE,1,-6.714373674023308e-06
5.3180000000000005,0.03377639300651378,0.0,0.0337475773334841,0.03339785882229009,0.09415498378299858,-0.15255511914099285,BALANCE,1,-6.714373674023308e-06
5.32,0.03377639300651378,0.0,0.03681553890925539,0.03459404685272795,0.5980940152189272,2.7571113996013943,BALANCE,1,-6.714373674023308e-06
5.322,0.03377639300651378,0.0,0.0337475773334841,0.0342977825209926,-0.1481321658676725,6.860394932915095,BALANCE,1,-6.714373674023308e-06
5.324,0.03377639300651378,0.0,0.035281558121369745,0.0346421039811246,0.1721607300659983,0.8728096243181762,BALANCE,1,-6.714373674023308e-06
5.3260000000000005,0.03377639300651378,0.0,0.0337475773334841,0.03432901965445042,-0.15654216333708948,3.4558120793954625,BALANCE,1,-6.714373674023308e-06
5.328,0.03377639300651378,0.0,0.032213596545598466,0.033588621566352235,-0.3701990440490924,0.8074038725703092,BALANCE,1,-6.714373674023308e-06
5.33,0.03377639300651378,0.0,0.0337475773334841,0.03364425608484838,0.027817259248073822,-0.9462750584116049,BALANCE,1,-6.714373674023308e-06
5.332,0.03377639300651378,0.0,0.0337475773334841,0.033680418521870883,0.018081218511250413,2.2411934390754937,BALANCE,1,-6.714373674023308e-06
5.3340000000000005,0.03377639300651378,0.0,0.035281558121369745,0.03424081738169548,0.2801994299122985,2.1654748594022566,BALANCE,1,-6.714373674023308e-06
5.336,0.03377639300651378,0.0,0.0337475773334841,0.034068183364821494,-0.08631700843699311,4.2960444822001165,BALANCE,1,-6.714373674023308e-06
5.338,0.03377639300651378,0.0,0.03681553890925539,0.03502975780537335,0.4807872202759293,1.3535549343933446,BALANCE,1,-6.714373674023308e-06
5.34,0.03377639300651378,0.0,0.0337475773334841,0.034580994640212116,-0.22438158258061836,5.948083230529836,BALANCE,1,-6.714373674023308e-06
5.3420000000000005,0.03377639300651378,0.0,0.035281558121369745,0.03482619185861728,0.12259860920258228,0.27980701776778005,BALANCE,1,-6.714373674023308e-06
5.344,0.03377639300651378,0.0,0.032213596545598466,0.033911783499060696,-0.4572041797782922,3.070360385137695,BALANCE,1,-6.714373674023308e-06
5.346,0.03377639300651378,0.0,0.032213596545598466,0.033317418065348915,-0.2971827168558906,-1.6229264282826956,BALANCE,1,-6.714373674023308e-06
5.348,0.03377639300651378,0.0,0.035281558121369745,0.0340048670849562,0.34372450980364383,-0.3784166509261899,BALANCE,1,-6.714373674023308e-06
5.3500000000000005,0.03377639300651378,0.0,0.0337475773334841,0.03391481567194096,-0.04502570650762039,4.790088103526523,BALANCE,1,-6.714373674023308e-06
5.352,0.03377639300651378,0.0,0.0337475773334841,0.03385628225348106,-0.02926670922995256,1.6746832882554945,BALANCE,1,-6.714373674023308e-06
5.354,0.03377639300651378,0.0,0.0337475773334841,0.03381823553148212,-0.019023360999469857,1.797243261369243,BALANCE,1,-6.714373674023308e-06
5.356,0.03377639300651378,0.0,0.030679615757712823,0.03271971861066286,-0.5492584604096274,1.8769072438931682,BALANCE,1,-6.714373674023308e-06
5.3580000000000005,0.03377639300651378,0.0,0.032213596545598466,0.03254257588789032,-0.0885713613862707,-2.430884566637248,BALANCE,1,-6.714373674023308e-06
5.36,0.03377639300651378,0.0,0.0337475773334841,0.032964326393848144,0.21087525297891138,1.2439836621832536,BALANCE,1,-6.714373674023308e-06
5.362,0.03377639300651378,0.0,0.0337475773334841,0.033238464222720726,0.13706891443629118,3.6648616074621794,BALANCE,1,-6.714373674023308e-06
5.364,0.03377639300651378,0.0,0.0337475773334841,0.0334166538114879,0.08909479438358806,3.090859168853573,BALANCE,1,-6.714373674023308e-06
5.3660000000000005,0.03377639300651378,0.0,0.032213596545598466,0.032995583768426595,-0.21053502153065354,2.7177575837579786,BALANCE,1,-6.714373674023308e-06
5.368,0.03377639300651378,0.0,0.032213596545598466,0.032721888240436744,-0.13684776399492532,0.2954548538603674,BALANCE,1,-6.714373674023308e-06
5.37,0.03377639300651378,0.0,0.032213596545598466,0.032543986147243346,-0.08895104659669903,0.868531182466802,BALANCE,1,-6.714373674023308e-06
5.372,0.03377639300651378,0.0,0.035281558121369745,0.033502136338187584,0.47907509547211874,1.2410307960610085,BALANCE,1,-6.714373674023308e-06
5.3740000000000006,0.03377639300651378,0.0,0.032213596545598466,0.03305114741078139,-0.22549446370309645,5.842728944068205,BALANCE,1,-6.714373674023308e-06
5.376,0.03377639300651378,0.0,0.035281558121369745,0.03383179115948731,0.39032187435296056,0.1791131350221118,BALANCE,1,-6.714373674023308e-06
5.378,0.03377639300651378,0.0,0.0337475773334841,0.03380231632038619,-0.014737419550561737,5.152482464392923,BALANCE,1,-6.714373674023308e-06
5.38,0.03377639300651378,0.0,0.035281558121369745,0.03432005095073043,0.25886731517212047,1.9102396228186773,BALANCE,1,-6.714373674023308e-06
5.382,0.03377639300651378,0.0,0.0337475773334841,0.034119685184694215,-0.1001828830181073,4.1301415784207895,BALANCE,1,-6.714373674023308e-06
5.384,0.03377639300651378,0.0,0.0337475773334841,0.033989447436770674,-0.06511887396177043,1.2457180469367946,BALANCE,1,-6.714373674023308e-06
5.386,0.03377639300651378,0.0,0.032213596545598466,0.0333678996248604,-0.3107739059551376,1.518415854512077,BALANCE,1,-6.714373674023308e-06
5.388,0.03377639300651378,0.0,0.0337475773334841,0.03350078682287869,0.0664435990091472,-0.4841172701494769,BALANCE,1,-6.714373674023308e-06
5.39,0.03377639300651378,0.0,0.032213596545598466,0.03305027022583061,-0.2252582985240413,2.541596001445899,BALANCE,1,-6.714373674023308e-06
5.392,0.03377639300651378,0.0,0.0337475773334841,0.033294327713509334,0.12202874383936135,0.18094982535750614,BALANCE,1,-6.714373674023308e-06
5.394,0.03377639300651378,0.0,0.0337475773334841,0.0334529650805005,0.07931868349558488,2.9738896135254507,BALANCE,1,-6.714373674023308e-06
5.396,0.03377639300651378,0.0,0.0337475773334841,0.03355607936904476,0.05155714427212965,2.6417273727947093,BALANCE,1,-6.714373674023308e-06
5.398,0.03377639300651378,0.0,0.035281558121369745,0.0341599969323585,0.3019587816568692,2.4258219163197228,BALANCE,1,-6.714373674023308e-06
5.4,0.03377639300651378,0.0,0.0337475773334841,0.03401565007275246,-0.07217342980302133,4.465270069196464,BALANCE,1,-6.714373674023308e-06
5.402,0.03377639300651378,0.0,0.035281558121369745,0.03445871788976851,0.2215339085080252,1.463551565940977,BALANCE,1,-6.714373674023308e-06
5.404,0.03377639300651378,0.0,0.0337475773334841,0.034209818695068964,-0.12444959734977251,3.839794341450312,BALANCE,1,-6.714373674023308e-06
5.406,0.03377639300651378,0.0,0.0337475773334841,0.03404803421851426,-0.08089223827735179,1.0569923429059576,BALANCE,1,-6.714373674023308e-06
5.408,0.03377639300651378,0.0,0.032213596545598466,0.03340598103299373,-0.3210265927602665,1.3957441468920415,BALANCE,1,-6.714373674023308e-06
5.41,0.03377639300651378,0.0,0.0337475773334841,0.033525539738165355,0.0597793525858141,-0.5638538801025086,BALANCE,1,-6.714373674023308e-06
5.412,0.03377639300651378,0.0,0.0337475773334841,0.033603252896526915,0.03885657918078003,2.4897672049764346,BALANCE,1,-6.714373674023308e-06
5.414,0.03377639300651378,0.0,0.0337475773334841,0.03365376644946193,0.025256776467506153,2.3270478072378555,BALANCE,1,-6.714373674023308e-06
5.416,0.03377639300651378,0.0,0.0337475773334841,0.03368660025886969,0.01641690470387952,2.221280198707765,BALANCE,1,-6.714373674023308e-06
5.418,0.03377639300651378,0.0,0.0337475773334841,0.03370794223498473,0.010670988057522035,2.1525312531632173,BALANCE,1,-6.714373674023308e-06
5.42,0.03377639300651378,0.0,0.0337475773334841,0.033721814519459506,0.006936142237387588,2.10784443855926,BALANCE,1,-6.714373674023308e-06
5.422,0.03377639300651378,0.0,0.035281558121369745,0.03426772478012809,0.2729551303342903,2.078798009066671,BALANCE,1,-6.714373674023308e-06
5.424,0.03377639300651378,0.0,0.035281558121369745,0.034622566449562665,0.1774208347172894,4.239704529482008,BALANCE,1,-6.714373674023308e-06
5.426,0.03377639300651378,0.0,0.035281558121369745,0.03485321353469514,0.11532354256623897,3.4967206647120754,BALANCE,1,-6.714373674023308e-06
5.428,0.03377639300651378,0.0,0.0337475773334841,0.034466240864271275,-0.19348633521193426,3.01378115261162,BALANCE,1,-6.714373674023308e-06
5.43,0.03377639300651378,0.0,0.035281558121369745,0.03475160190425574,0.1426805199922325,0.5200837701608023,BALANCE,1,-6.714373674023308e-06
5.432,0.03377639300651378,0.0,0.035281558121369745,0.03493708658024564,0.0927423379949513,3.226540274193204,BALANCE,1,-6.714373674023308e-06
5.434,0.03377639300651378,0.0,0.035281558121369745,0.03505765161963908,0.060282519696717995,2.838163898774349,BALANCE,1,-6.714373674023308e-06
5.436,0.03377639300651378,0.0,0.03834951969714103,0.03620980544676476,0.5760769135628417,2.585719254752089,BALANCE,1,-6.714373674023308e-06
5.438,0.03377639300651378,0.0,0.0337475773334841,0.03534802560711653,-0.43088991982411645,6.78120363530862,BALANCE,1,-6.714373674023308e-06
5.44,0.03377639300651378,0.0,0.035281558121369745,0.03532476198710515,-0.011631810005689053,-1.32623782216594,BALANCE,1,-6.714373674023308e-06
5.442,0.03377639300651378,0.0,0.035281558121369745,0.03530964063409776,-0.007560676503697017,2.0264312391807966,BALANCE,1,-6.714373674023308e-06
5.444,0.03377639300651378,0.0,0.035281558121369745,0.03529981175464295,-0.00491443972740202,2.058093026016289,BALANCE,1,-6.714373674023308e-06
5.446,0.03377639300651378,0.0,0.0337475773334841,0.03475652970723735,-0.2716410237027997,2.078673187459361,BALANCE,1,-6.714373674023308e-06
5.448,0.03377639300651378,0.0,0.035281558121369745,0.03494028965218369,0.09187997247316754,-0.08773640718815612,BALANCE,1,-6.714373674023308e-06
5.45,0.03377639300651378,0.0,0.035281558121369745,0.0350597336163988,0.059721982107557164,2.8314571589163617,BALANCE,1,-6.714373674023308e-06
5.452,0.03377639300651378,0.0,0.035281558121369745,0.03513737219313863,0.03881928836991372,2.5813598738443853,BALANCE,1,-6.714373674023308e-06
5.454,0.03377639300651378,0.0,0.032213596545598466,0.03411405071649957,-0.5116607383195311,2.4187966385476276,BALANCE,1,-6.714373674023308e-06
5.456,0.03377639300651378,0.0,0.035281558121369745,0.03452267830820413,0.20431379585228102,-2.0464428635662744,BALANCE,1,-6.714373674023308e-06
5.458,0.03377639300651378,0.0,0.035281558121369745,0.03478828624281209,0.13280396730398075,3.705871065310496,BALANCE,1,-6.714373674023308e-06
5.46,0.03377639300651378,0.0,0.032213596545598466,0.03388714484878732,-0.4505706970123861,3.1497289130005717,BALANCE,1,-6.714373674023308e-06
5.462,0.03377639300651378,0.0,0.030679615757712823,0.032764509666911246,-0.5613175909380368,-1.5713368851718497,BALANCE,1,-6.714373674023308e-06
5.464,0.03377639300651378,0.0,0.0337475773334841,0.033108583350211745,0.1720368416502499,-2.5246701474896196,BALANCE,1,-6.714373674023308e-06
5.466,0.03377639300651378,0.0,0.035281558121369745,0.03386912452011704,0.3802705849526473,3.362809734214704,BALANCE,1,-6.714373674023308e-06
5.468,0.03377639300651378,0.0,0.032213596545598466,0.03328968972903554,-0.28971739554075127,5.0743121508282005,BALANCE,1,-6.714373674023308e-06
5.47,0.03377639300651378,0.0,0.035281558121369745,0.03398684366635251,0.3485769686584865,-0.320357780583878,BALANCE,1,-6.714373674023308e-06
5.472,0.03377639300651378,0.0,0.035281558121369745,0.03443999372560854,0.226575029628015,4.827826369249042,BALANCE,1,-6.714373674023308e-06
5.474,0.03377639300651378,0.0,0.032213596545598466,0.03366075471260501,-0.3896195065017649,3.8789998605606324,BALANCE,1,-6.714373674023308e-06
5.476,0.03377639300651378,0.0,0.0337475773334841,0.03369114262991269,0.01519395865384049,-1.0973107692578186,BALANCE,1,-6.714373674023308e-06
5.478,0.03377639300651378,0.0,0.035281558121369745,0.034247788051922655,0.27832271100498157,2.1430202270254854,BALANCE,1,-6.714373674023308e-06
5.48,0.03377639300651378,0.0,0.035281558121369745,0.034609607576229134,0.18090976215323976,4.281448971155212,BALANCE,1,-6.714373674023308e-06
5.482,0.03377639300651378,0.0,0.0337475773334841,0.03430789699126837,-0.15085529248038201,3.5238545517996664,BALANCE,1,-6.714373674023308e-06
5.484,0.03377639300651378,0.0,0.0337475773334841,0.034111785111043874,-0.09805594011224814,0.8516314796330462,BALANCE,1,-6.714373674023308e-06
5.486,0.03377639300651378,0.0,0.0337475773334841,0.03398431238889795,-0.06373636107296146,1.2622595857646475,BALANCE,1,-6.714373674023308e-06
5.488,0.03377639300651378,0.0,0.032213596545598466,0.03336456184374313,-0.30987527257740966,1.5291678547501852,BALANCE,1,-6.714373674023308e-06
5.49,0.03377639300651378,0.0,0.032213596545598466,0.0329617239893925,-0.2014189271753175,-0.4771284699946894,BALANCE,1,-6.714373674023308e-06
5.492,0.03377639300651378,0.0,0.0337475773334841,0.033236772659824554,0.13752433521602853,0.3663520219610097,BALANCE,1,-6.714373674023308e-06
5.494,0.03377639300651378,0.0,0.03681553890925539,0.03448934084712534,0.6262840936503943,3.0944010413177017,BALANCE,1,-6.714373674023308e-06
5.496,0.03377639300651378,0.0,0.0337475773334841,0.0342297236173509,-0.12980861488721962,7.079633200030675,BALANCE,1,-6.714373674023308e-06
5.498,0.03377639300651378,0.0,0.03681553890925539,0.03513475896951747,0.4525176760832826,1.0153144979432973,BALANCE,1,-6.714373674023308e-06
5.5,0.03377639300651378,0.0,0.032213596545598466,0.034112352121145814,-0.5112034241858271,5.728226946837308,BALANCE,1,-6.714373674023308e-06
5.502,0.03377639300651378,0.0,0.035281558121369745,0.03452157422122419,0.20461105003918845,-2.042886266217868,BALANCE,1,-6.714373674023308e-06
5.5040000000000004,0.03377639300651378,0.0,0.035281558121369745,0.03478756858627513,0.13299718252546971,3.708182853586959,BALANCE,1,-6.714373674023308e-06
5.506,0.03377639300651378,0.0,0.030679615757712823,0.03334978509627832,-0.718891744998406,3.1512315753802658,BALANCE,1,-6.714373674023308e-06
5.508,0.03377639300651378,0.0,0.032213596545598466,0.032952119103540366,-0.1988329963689764,-3.750146854210549,BALANCE,1,-6.714373674023308e-06
5.51,0.03377639300651378,0.0,0.0337475773334841,0.03323052948402067,0.13920519024015338,0.3864631752606109,BALANCE,1,-6.714373674023308e-06
5.5120000000000005,0.03377639300651378,0.0,0.0337475773334841,0.03341149623133287,0.09048337365609796,3.107473290962467,BALANCE,1,-6.714373674023308e-06
5.514,0.03377639300651378,0.0,0.032213596545598466,0.032992231341325826,-0.2096324450035214,2.728556763128756,BALANCE,1,-6.714373674023308e-06
5.516,0.03377639300651378,0.0,0.032213596545598466,0.03271970916282125,-0.13626108925228822,0.30247432045137823,BALANCE,1,-6.714373674023308e-06
5.518,0.03377639300651378,0.0,0.035281558121369745,0.03361635629831322,0.4483235677459861,0.8730938357509692,BALANCE,1,-6.714373674023308e-06
5.5200000000000005,0.03377639300651378,0.0,0.032213596545598466,0.033125390384863056,-0.24548295672508283,5.603569919866683,BALANCE,1,-6.714373674023308e-06
5.522,0.03377639300651378,0.0,0.02914563496982718,0.031732475989600495,-0.6964571976312804,0.02365976929112068,BALANCE,1,-6.714373674023308e-06
5.524,0.03377639300651378,0.0,0.0337475773334841,0.03243776145995975,0.3526427351796292,-3.667709021674214,BALANCE,1,-6.714373674023308e-06
5.526,0.03377639300651378,0.0,0.035281558121369745,0.03343309029145325,0.49766441574674786,4.767407569034619,BALANCE,1,-6.714373674023308e-06
5.5280000000000005,0.03377639300651378,0.0,0.0337475773334841,0.033543160756164044,0.05503523235539723,5.987300743461178,BALANCE,1,-6.714373674023308e-06
5.53,0.03377639300651378,0.0,0.0337475773334841,0.033614706558226064,0.03577290103101011,2.4528715042130207,BALANCE,1,-6.714373674023308e-06
5.532,0.03377639300651378,0.0,0.032213596545598466,0.033124318053806404,-0.24519425220983007,2.3030656017416447,BALANCE,1,-6.714373674023308e-06
5.534,0.03377639300651378,0.0,0.0337475773334841,0.0333424588016936,0.10907037394359761,0.0259050655497437,BALANCE,1,-6.714373674023308e-06
5.5360000000000005,0.03377639300651378,0.0,0.032213596545598466,0.0329473570120603,-0.19755089481664906,2.873110519650397,BALANCE,1,-6.714373674023308e-06
5.538,0.03377639300651378,0.0,0.02914563496982718,0.031616754297278706,-0.6653013573907975,0.39643426219042555,BALANCE,1,-6.714373674023308e-06
5.54,0.03377639300651378,0.0,0.035281558121369745,0.032899435635710565,0.6413406692159298,-3.425405601289658,BALANCE,1,-6.714373674023308e-06
5.542,0.03377639300651378,0.0,0.0337475773334841,0.0331962852299313,0.14842479711036846,7.1046914918700725,BALANCE,1,-6.714373674023308e-06
5.5440000000000005,0.03377639300651378,0.0,0.032213596545598466,0.03285234419041481,-0.17197051975824731,3.179175490678826,BALANCE,1,-6.714373674023308e-06
5.546,0.03377639300651378,0.0,0.035281558121369745,0.033702569066249036,0.42511243791711406,0.5953764933589099,BALANCE,1,-6.714373674023308e-06
5.548,0.03377639300651378,0.0,0.0337475773334841,0.033718321959781306,0.007876446766134915,5.423053647311855,BALANCE,1,-6.714373674023308e-06
5.55,0.03377639300651378,0.0,0.0337475773334841,0.03372856134057728,0.005119690397986654,2.0861108917159576,BALANCE,1,-6.714373674023308e-06
5.5520000000000005,0.03377639300651378,0.0,0.03681553890925539,0.03480900348961462,0.5402210745186694,2.0646712036185297,BALANCE,1,-6.714373674023308e-06
5.554,0.03377639300651378,0.0,0.0337475773334841,0.034437504334968935,-0.18574957732284125,6.410308805526233,BALANCE,1,-6.714373674023308e-06
5.556,0.03377639300651378,0.0,0.0337475773334841,0.03419602988444924,-0.1207372252598482,0.580253641515406,BALANCE,1,-6.714373674023308e-06
5.558,0.03377639300651378,0.0,0.0337475773334841,0.034039071491611436,-0.07847919641890133,1.0858639909881687,BALANCE,1,-6.714373674023308e-06
5.5600000000000005,0.03377639300651378,0.0,0.0337475773334841,0.03393704853626687,-0.051011477672283784,1.4145107181454755,BALANCE,1,-6.714373674023308e-06
5.562,0.03377639300651378,0.0,0.0337475773334841,0.0338707336152929,-0.033157460486984286,1.6281310907977418,BALANCE,1,-6.714373674023308e-06
5.564,0.03377639300651378,0.0,0.0337475773334841,0.033827628916659816,-0.02155234931654204,1.7669843330216997,BALANCE,1,-6.714373674023308e-06
5.566,0.03377639300651378,0.0,0.0337475773334841,0.03379961086254831,-0.014009027055752327,1.8572389404672527,BALANCE,1,-6.714373674023308e-06
5.5680000000000005,0.03377639300651378,0.0,0.20133752894973958,0.09243788219306526,29.31913566525847,1.91590443530688,BALANCE,1,-6.714373674023308e-06
5.57,0.03366685732557353,-0.10953769452972578,0.030679615757712823,0.0708224889406919,-10.807696626186678,100.0,BALANCE,1,-5.39105873313364e-06
5.572,0.03348242767669827,-0.07489534487228283,0.032213596545598466,0.0573093766024092,-6.7565561691413505,-82.21222367305191,BALANCE,1,-5.999692335096902e-06
5.574,0.03342000280238667,0.012469322895362844,0.035281558121369745,0.04959964013404539,-3.854868234181904,-50.613886756986254,BALANCE,1,-6.556856496116847e-06
5.5760000000000005,0.03346213968100489,0.029668330347358784,0.0337475773334841,0.04405141815384894,-2.7741109900982255,-27.862967465412506,BALANCE,1,-6.496137270907261e-06
5.578,0.03354962766851478,0.05782126550201873,0.0337475773334841,0.04044507386672125,-1.803172143563847,-19.549802831554867,BALANCE,1,-6.267909327279134e-06
5.58,0.03369591753796179,0.08847129327217618,0.0337475773334841,0.03810095008008825,-1.1720618933164992,-11.998672716507501,BALANCE,1,-5.847521441142008e-06
5.582,0.033900770564466685,0.11638549914648101,0.035281558121369745,0.03711416289453678,-0.4933935927757364,-7.090438141726699,BALANCE,1,-5.319047406637829e-06
5.5840000000000005,0.034153718369780046,0.13656695620411877,0.035281558121369745,0.03647275122392832,-0.3207058353042295,-1.7202989685336845,BALANCE,1,-4.87582292808447e-06
5.586,0.03443899196378359,0.14871188205306937,0.0337475773334841,0.03551894036227284,-0.47690543082773773,-0.37728160899813723,BALANCE,1,-4.621408798213008e-06
5.588,0.03474290414357615,0.15520588457841789,0.03681553890925539,0.035972749853716735,0.226904745721946,-1.6841070248855314,BALANCE,1,-4.534616677037347e-06
5.59,0.035049255083033325,0.15115068649700855,0.03681553890925539,0.03626772602315526,0.14748808471926403,3.9736029569985716,BALANCE,1,-4.792954977695513e-06
5.5920000000000005,0.035338975526968436,0.1385750832898977,0.03681553890925539,0.03645946053329031,0.09586725506752214,3.3559682391434276,BALANCE,1,-5.301600338502533e-06
5.594,0.035596565002224266,0.11901912712277013,0.0337475773334841,0.03551030141335814,-0.4745795599660832,2.9545056725375956,BALANCE,1,-5.946461695527528e-06
5.596,0.0358136149384205,0.09803479897867753,0.035281558121369745,0.035430241261162204,-0.04003007609796813,-1.666018394927177,BALANCE,1,-6.5235107638773166e-06
5.598,0.035983986683999734,0.07234007843171388,0.035281558121369745,0.03537820216223485,-0.02601954946367807,1.805573866885987,BALANCE,1,-7.062452901755825e-06
5.6000000000000005,0.036098776623520665,0.04245197119445718,0.03681553890925539,0.03588127002369204,0.2515339307285966,1.9145357340246663,BALANCE,1,-7.477109825263798e-06
5.602,0.0361479028454706,0.006675153822200165,0.032213596545598466,0.03459758430635929,-0.6418428586663742,4.165147647250295,BALANCE,1,-7.685474543648688e-06
5.604,0.036133663401899364,-0.020914859125333658,0.035281558121369745,0.03483697514161296,0.11969541762683195,-3.0588878109494364,BALANCE,1,-7.637511178036274e-06
5.606,0.036147623199213066,0.03487491301139871,0.0337475773334841,0.03445568590876786,-0.19064461642254865,3.047781849511433,BALANCE,1,-7.560374037519538e-06
5.6080000000000005,0.03617823118610997,-0.004266363450132815,0.03681553890925539,0.0352816344589385,0.4129742750853191,0.5421842231456822,BALANCE,1,-7.701194144503675e-06
5.61,0.03620399073612828,0.030026386958430566,0.035281558121369745,0.035281607740789436,-1.3359074530622239e-05,5.420692268218863,BALANCE,1,-7.617938973502873e-06
5.612,0.036217161263270445,-0.01685561768355457,0.035281558121369745,0.03528159037399255,-8.683398444730983e-06,2.116789591851121,BALANCE,1,-7.689415646222929e-06
5.614,0.03622862745591941,0.028322021073795965,0.035281558121369745,0.03528157908557457,-5.644208989075139e-06,2.116825955251995,BALANCE,1,-7.639047940848757e-06
5.6160000000000005,0.0362354368874978,-0.021512464290653656,0.03681553890925539,0.03581846502386286,0.26844296914414406,2.1168495914625614,BALANCE,1,-7.678149102073593e-06
5.618,0.03623294337283937,0.019018903769010338,0.03834951969714103,0.03670433415951022,0.4429345678236829,4.296651654584924,BALANCE,1,-7.687866253619779e-06
5.62,0.03621345443938156,-0.038508195433940795,0.0337475773334841,0.035669469270401086,-0.5174324445545685,5.7457365921600765,BALANCE,1,-7.559966952074765e-06
5.622,0.036176574144582925,0.0016272226731099126,0.035281558121369745,0.03553370036824012,-0.06788445108048269,-1.9992914002124826,BALANCE,1,-7.70214769065195e-06
5.6240000000000006,0.03615818771760159,-0.02001398762020191,0.03834951969714103,0.03651923713335544,0.4927683825576602,1.5889464134505458,BALANCE,1,-7.651877217441588e-06
5.626,0.036153419751408684,0.015245933758394167,0.03681553890925539,0.03662294275492042,0.05185281078249129,6.133301288462608,BALANCE,1,-7.66778121705926e-06
5.628,0.03612512445315092,-0.043541752102800466,0.03681553890925539,0.036690351408937665,0.033704327008620555,2.612199051555156,BALANCE,1,-7.4783119198252496e-06
5.63,0.03607247037136263,-0.009113297601591387,0.035281558121369745,0.03619727375828889,-0.24653882532438623,2.4710557006052243,BALANCE,1,-7.649309906465513e-06
5.632,0.03608827244138042,0.024915658071882375,0.03681553890925539,0.03641366656112717,0.10819640141913889,0.19952582290224385,BALANCE,1,-7.598661490822724e-06
5.634,0.0360796471258128,-0.03354113215154016,0.03834951969714103,0.037091215158732024,0.33877429880242727,3.050391205020741,BALANCE,1,-7.541215218006948e-06
5.636,0.03604499544000166,-0.0011111906532607352,0.035281558121369745,0.03645783519565523,-0.3166899815383976,4.93566729994334,BALANCE,1,-7.646376975786298e-06
5.638,0.03604137582782341,-0.0025084880602725774,0.03681553890925539,0.03658303149541529,0.06259814988002904,-0.3460497405678673,BALANCE,1,-7.64430201024683e-06
5.64,0.036045823875731964,0.00695661772707585,0.03681553890925539,0.03666440909025932,0.040688797422017836,2.6957670887651495,BALANCE,1,-7.641698049831964e-06
5.642,0.03600570417924796,-0.04707705166096187,0.035281558121369745,0.03618041125114797,-0.24199891955567487,2.525374924791702,BALANCE,1,-7.393449367481846e-06
5.644,0.035947780809575086,-0.010847382794520043,0.03834951969714103,0.036939599207245544,0.3795939780487853,0.23483331862347923,BALANCE,1,-7.592771918953501e-06
5.646,0.03595779791288146,0.020864670215873335,0.035281558121369745,0.03635928482718902,-0.2901571900282632,5.253127776825015,BALANCE,1,-7.563125940124761e-06
5.648,0.035941247264185607,-0.03741562310973186,0.0337475773334841,0.0354451872043923,-0.4570488113983598,-0.13970043059476422,BALANCE,1,-7.453233182699349e-06
5.65,0.0359054470093546,0.0016147101641627373,0.035281558121369745,0.035387917025334406,-0.028635089528945834,-1.5296792589233403,BALANCE,1,-7.587144515226158e-06
5.652,0.03588587448394617,-0.02118759534401986,0.03681553890925539,0.03588758468470675,0.24983382968617185,1.8941943052884977,BALANCE,1,-7.531269581978534e-06
5.654,0.03587965037977995,0.014963376740345726,0.035281558121369745,0.0356754753875388,-0.10605464858397598,4.15192571857178,BALANCE,1,-7.552642242922914e-06
5.656,0.035852893119389335,-0.041721128951526146,0.035281558121369745,0.03553760434437963,-0.06893552157958421,1.29209133458052,BALANCE,1,-7.379560612466764e-06
5.658,0.035806567676816746,-0.004605165213518704,0.03681553890925539,0.03598488144208615,0.22363854885325968,1.5807720880261042,BALANCE,1,-7.543432768761096e-06
5.66,0.035819522919514304,0.01756064604317143,0.035281558121369745,0.03573871827983541,-0.12308158112537063,3.9482012773512465,BALANCE,1,-7.518262084655268e-06
5.662,0.035796920009058264,-0.04016397195360595,0.03834951969714103,0.03665249877589238,0.4568902480284846,1.1596704477871593,BALANCE,1,-7.369560925714681e-06
5.664,0.035748664998586324,-0.00809192557905028,0.03834951969714103,0.03724645609832941,0.29697866121851724,5.854271910781419,BALANCE,1,-7.5143285467588155e-06
5.666,0.03575889359533169,0.01832071033203066,0.03681553890925539,0.03709563508215351,-0.07541050808795163,4.6106166556479025,BALANCE,1,-7.489814734829993e-06
5.668,0.03573296152229936,-0.04425326001419444,0.035281558121369745,0.03646070814587919,-0.317463468137158,1.6224540402255974,BALANCE,1,-7.305816537992952e-06
5.67,0.035678549442081396,-0.010159820449477268,0.03681553890925539,0.03658489891306086,0.0620953835908343,-0.35206525634451236,BALANCE,1,-7.480830902340962e-06
5.672,0.035690272085254604,0.021882679091086085,0.03681553890925539,0.03666562291172895,0.040361999334045245,2.691857003510326,BALANCE,1,-7.445687101497769e-06
5.674,0.035673695757022984,-0.03845931199428571,0.035281558121369745,0.03618120023510323,-0.2422113383128595,2.522833369376099,BALANCE,1,-7.332030569802505e-06
5.676,0.035632260987964626,-0.002976218758498489,0.035281558121369745,0.03586632549529652,-0.1574373699033578,0.23318130760331823,BALANCE,1,-7.471471615735883e-06
5.678,0.0356410782583069,0.011793651173466294,0.035281558121369745,0.03566165691442215,-0.10233429043718378,0.8924805704909284,BALANCE,1,-7.46127836039389e-06
5.68,0.035608944294712126,-0.043928205430505365,0.03681553890925539,0.036065515612613785,0.20192934909581822,1.3210250913678587,BALANCE,1,-7.25680792924791e-06
5.682,0.035556320418843455,-0.00869663781746833,0.035281558121369745,0.03579113049067838,-0.1371925609677041,3.779365729523373,BALANCE,1,-7.432535501032786e-06
5.684,0.03557237407768451,0.024750591741606168,0.035281558121369745,0.03561278016142036,-0.08917516462900871,1.0499273416990698,BALANCE,1,-7.381979401785585e-06
5.686,0.03556489804278221,-0.03222676403326637,0.035281558121369745,0.035496852447402645,-0.057963857008857395,1.423365492653152,BALANCE,1,-7.333412671723867e-06
5.688,0.03553741903199689,0.004747248090996671,0.0337475773334841,0.03488460615753116,-0.3061231449357424,1.6661002907732996,BALANCE,1,-7.4302912169297425e-06
5.69,0.03550454174520863,-0.037625139216854314,0.035281558121369745,0.03502353934487467,0.06946659367175478,-0.3559087900340696,BALANCE,1,-7.2679474670337575e-06
5.692,0.03546735205796239,0.0004347683051713902,0.03681553890925539,0.035650739192407924,0.3135999237666269,2.6571451100665184,BALANCE,1,-7.403397707956781e-06
5.694,0.03546735205796239,0.0,0.0337475773334841,0.03498463254178459,-0.3330533253116663,4.647843741677491,BALANCE,1,-7.403417870461227e-06
5.696,0.03546735205796239,0.0,0.03834951969714103,0.03616234304615935,0.5888552521873779,-0.5653486499862552,BALANCE,1,-7.403417870461227e-06
5.698,0.03546735205796239,0.0,0.035281558121369745,0.03585406832248299,-0.15413736183817958,6.880582600268584,BALANCE,1,-7.403417870461227e-06
5.7,0.03546735205796239,0.0,0.0337475773334841,0.03511679647633338,-0.3686359230748032,0.9181452046435428,BALANCE,1,-7.403417870461227e-06
5.702,0.03546735205796239,0.0,0.03681553890925539,0.03571135632785609,0.297279925761354,-0.8420795960184226,BALANCE,1,-7.403417870461227e-06
5.704,0.03546735205796239,0.0,0.035281558121369745,0.035560926955585874,-0.0752146861351076,4.520920785762197,BALANCE,1,-7.403417870461227e-06
5.706,0.03546735205796239,0.0,0.03681553890925539,0.036000041139370206,0.21955709189216618,1.5319381282542917,BALANCE,1,-7.403417870461227e-06
5.708,0.03546735205796239,0.0,0.03834951969714103,0.03682235863459,0.41115874760989585,3.9164592034995422,BALANCE,1,-7.403417870461227e-06
5.71,0.03546735205796239,0.0,0.03834951969714103,0.03735686500648286,0.2672531859464304,5.498611498954567,BALANCE,1,-7.403417870461227e-06
5.712,0.03546735205796239,0.0,0.035281558121369745,0.03663050759669327,-0.36317870489479404,4.379437387960415,BALANCE,1,-7.403417870461227e-06
5.714,0.03546735205796239,0.0,0.035281558121369745,0.036158375280330037,-0.23606615818161716,-0.7075991833567561,BALANCE,1,-7.403417870461227e-06
5.716,0.03546735205796239,0.0,0.035281558121369745,0.035851489274693935,-0.15344300281805098,0.2809732513668648,BALANCE,1,-7.403417870461227e-06
5.718,0.03546735205796239,0.0,0.03834951969714103,0.03672579992255042,0.4371553239282434,0.9235453339372282,BALANCE,1,-7.403417870461227e-06
5.72,0.03546735205796239,0.0,0.035281558121369745,0.036220315292137185,-0.252742315206618,5.7007905867789725,BALANCE,1,-7.403417870461227e-06
5.722,0.03546735205796239,0.0,0.035281558121369745,0.03589175028236859,-0.16428250488429927,0.15128039587528708,BALANCE,1,-7.403417870461227e-06
5.724,0.03546735205796239,0.0,0.035281558121369745,0.035678183026018995,-0.10678362817479609,0.8392449778677211,BALANCE,1,-7.403417870461227e-06
5.726,0.03546735205796239,0.0,0.03834951969714103,0.03661315086091171,0.46748391744635615,1.286421956162771,BALANCE,1,-7.403417870461227e-06
5.728,0.03546735205796239,0.0,0.035281558121369745,0.03614709340207202,-0.23302872941984368,5.936660391225551,BALANCE,1,-7.403417870461227e-06
5.73,0.03546735205796239,0.0,0.03834951969714103,0.03691794260534618,0.3854246016370792,0.3045957687655718,BALANCE,1,-7.403417870461227e-06
5.732,0.03546735205796239,0.0,0.0337475773334841,0.03580831476019446,-0.5548139225758607,5.298473369417405,BALANCE,1,-7.403417870461227e-06
5.734,0.03546735205796239,0.0,0.03681553890925539,0.03616084321236578,0.17626422608566297,-2.290012494995218,BALANCE,1,-7.403417870461227e-06
5.736,0.03546735205796239,0.0,0.035281558121369745,0.03585309343051717,-0.15387489092430484,3.5797644014272505,BALANCE,1,-7.403417870461227e-06
5.738,0.03546735205796239,0.0,0.0337475773334841,0.0351161627965556,-0.3684653169807872,0.9201864784365918,BALANCE,1,-7.403417870461227e-06
5.74,0.03546735205796239,0.0,0.035281558121369745,0.035174051160240555,0.028944181842478073,-0.8407527680529618,BALANCE,1,-7.403417870461227e-06
5.742,0.03546735205796239,0.0,0.035281558121369745,0.03521167859663577,0.018813718197608492,2.3419965243542578,BALANCE,1,-7.403417870461227e-06
5.744,0.03546735205796239,0.0,0.03681553890925539,0.03577302970605264,0.28067555470843303,2.263210461379014,BALANCE,1,-7.403417870461227e-06
5.746,0.03546735205796239,0.0,0.03681553890925539,0.036137907927173606,0.1824391105604839,4.391786220030623,BALANCE,1,-7.403417870461227e-06
5.748,0.03546735205796239,0.0,0.03681553890925539,0.03637507877090223,0.11858542186431176,3.6277873601142874,BALANCE,1,-7.403417870461227e-06
5.75,0.03546735205796239,0.0,0.032213596545598466,0.03491855999204591,-0.7282593894281583,3.131188101168628,BALANCE,1,-7.403417870461227e-06
5.752,0.03546735205796239,0.0,0.0337475773334841,0.03450871606154928,-0.20492196524831557,-3.7309615159025116,BALANCE,1,-7.403417870461227e-06
5.7540000000000004,0.03546735205796239,0.0,0.03681553890925539,0.03531610405824642,0.40369399834857056,0.43114724170643237,BALANCE,1,-7.403417870461227e-06
5.756,0.03546735205796239,0.0,0.03681553890925539,0.035840906256099564,0.2624010989265707,5.34851823028335,BALANCE,1,-7.403417870461227e-06
5.758,0.03546735205796239,0.0,0.0337475773334841,0.035108241133184157,-0.3663325614577037,4.249663166778539,BALANCE,1,-7.403417870461227e-06
5.76,0.03546735205796239,0.0,0.032213596545598466,0.03409511552752917,-0.506562802827494,-0.8241660236705801,BALANCE,1,-7.403417870461227e-06
5.7620000000000005,0.03546735205796239,0.0,0.03681553890925539,0.03504726371113335,0.47607409180209015,-2.006795490968202,BALANCE,1,-7.403417870461227e-06
5.764,0.03546735205796239,0.0,0.035281558121369745,0.03512926675471609,0.04100152179136937,5.911428557084722,BALANCE,1,-7.403417870461227e-06
5.766,0.03546735205796239,0.0,0.035281558121369745,0.03518256873304487,0.026650989164392347,2.4357681796139206,BALANCE,1,-7.403417870461227e-06
5.768,0.03546735205796239,0.0,0.0337475773334841,0.03468032174319861,-0.25112349492313263,2.324162037297831,BALANCE,1,-7.403417870461227e-06
5.7700000000000005,0.03546735205796239,0.0,0.03681553890925539,0.035427647751318486,0.37366300405993963,0.07183134520685552,BALANCE,1,-7.403417870461227e-06
5.772,0.03546735205796239,0.0,0.03681553890925539,0.0359134096565964,0.24288095263895818,5.114962897558627,BALANCE,1,-7.403417870461227e-06
5.774,0.03546735205796239,0.0,0.03681553890925539,0.03622915489502705,0.15787261921532472,4.097852200507449,BALANCE,1,-7.403417870461227e-06
5.776,0.03546735205796239,0.0,0.03681553890925539,0.036434389300006975,0.10261720248996159,3.4367302474242205,BALANCE,1,-7.403417870461227e-06
5.7780000000000005,0.03546735205796239,0.0,0.035281558121369745,0.036030898387483946,-0.20174545626151438,3.0070009779201112,BALANCE,1,-7.403417870461227e-06
5.78,0.03546735205796239,0.0,0.03681553890925539,0.03630552257010396,0.13731209131000524,0.5478902531569216,BALANCE,1,-7.403417870461227e-06
5.782,0.03546735205796239,0.0,0.0337475773334841,0.03541024173728701,-0.4476404164084728,3.2768280846862794,BALANCE,1,-7.403417870461227e-06
5.784,0.03546735205796239,0.0,0.035281558121369745,0.03536520247171597,-0.02251963278552052,-1.4565088270305617,BALANCE,1,-7.403417870461227e-06
5.7860000000000005,0.03546735205796239,0.0,0.0337475773334841,0.03479903367333482,-0.2830843991905758,1.9417550860187942,BALANCE,1,-7.403417870461227e-06
5.788,0.03546735205796239,0.0,0.0337475773334841,0.03443102395438707,-0.18400485947387551,-0.17673317312451742,BALANCE,1,-7.403417870461227e-06
5.79,0.03546735205796239,0.0,0.032213596545598466,0.03365492436131106,-0.38804979653800364,0.5938225614722201,BALANCE,1,-7.403417870461227e-06
5.792,0.03546735205796239,0.0,0.035281558121369745,0.0342242461773316,0.2846609080102702,-1.0851029106253653,BALANCE,1,-7.403417870461227e-06
5.7940000000000005,0.03546735205796239,0.0,0.035281558121369745,0.03459430535774495,0.18502959020667495,4.330742034722058,BALANCE,1,-7.403417870461227e-06
5.796,0.03546735205796239,0.0,0.035281558121369745,0.03483484382501363,0.12026923363434028,3.5558950431180962,BALANCE,1,-7.403417870461227e-06
5.798,0.03546735205796239,0.0,0.035281558121369745,0.034991193828738276,0.07817500186232257,3.05224449857554,BALANCE,1,-7.403417870461227e-06
5.8,0.03546735205796239,0.0,0.035281558121369745,0.03509282133115929,0.05081375121050724,2.724871644622877,BALANCE,1,-7.403417870461227e-06
5.8020000000000005,0.03546735205796239,0.0,0.039883500485026674,0.036769559035012875,0.838368851926792,2.5120792895536153,BALANCE,1,-7.403417870461227e-06
5.804,0.03546735205796239,0.0,0.0337475773334841,0.035711865439477804,-0.5288467977675355,8.913124357515109,BALANCE,1,-7.403417870461227e-06
5.806,0.03546735205796239,0.0,0.03681553890925539,0.03609815115389996,0.19314285721107674,-2.088062455771616,BALANCE,1,-7.403417870461227e-06
5.808,0.03546735205796239,0.0,0.035281558121369745,0.03581234359251439,-0.1429037806927845,3.7110319269226117,BALANCE,1,-7.403417870461227e-06
5.8100000000000005,0.03546735205796239,0.0,0.0337475773334841,0.03508967540185379,-0.36133409533030053,1.0055103700085872,BALANCE,1,-7.403417870461227e-06
5.812,0.03546735205796239,0.0,0.0337475773334841,0.0346199410779244,-0.23486716196469484,-0.7852922385311771,BALANCE,1,-7.403417870461227e-06
5.814,0.03546735205796239,0.0,0.0337475773334841,0.0343146137673703,-0.1526636552770487,0.19825916895790496,BALANCE,1,-7.403417870461227e-06
5.816,0.03546735205796239,0.0,0.0337475773334841,0.03411615101551013,-0.09923137593008391,0.8375675838258283,BALANCE,1,-7.403417870461227e-06
5.8180000000000005,0.03546735205796239,0.0,0.0337475773334841,0.03398715022680102,-0.06450039435455454,1.2531180534899367,BALANCE,1,-7.403417870461227e-06
5.82,0.03546735205796239,0.0,0.03681553890925539,0.034977086265660054,0.4949680194295154,1.5232258587716252,BALANCE,1,-7.403417870461227e-06
5.822,0.03546735205796239,0.0,0.035281558121369745,0.03508365141515845,0.05328257474919787,6.058369331375726,BALANCE,1,-7.403417870461227e-06
5.824,0.03546735205796239,0.0,0.03681553890925539,0.03568981203809238,0.303080311466964,2.53127968290309,BALANCE,1,-7.403417870461227e-06
5.8260000000000005,0.03546735205796239,0.0,0.0337475773334841,0.035010029891479486,-0.33989107330644613,4.566031214021255,BALANCE,1,-7.403417870461227e-06
5.828,0.03546735205796239,0.0,0.03834951969714103,0.03617885132346103,0.5844107159907707,-0.6185267929628,BALANCE,1,-7.403417870461227e-06
5.83,0.03546735205796239,0.0,0.032213596545598466,0.03479101215120913,-0.6939195861259475,6.846016807333827,BALANCE,1,-7.403417870461227e-06
5.832,0.03546735205796239,0.0,0.03834951969714103,0.0360364897922853,0.622738820538083,-3.4638959599350323,BALANCE,1,-7.403417870461227e-06
5.8340000000000005,0.03546735205796239,0.0,0.0337475773334841,0.03523537043170488,-0.40055968029020783,7.144099951841782,BALANCE,1,-7.403417870461227e-06
5.836,0.03546735205796239,0.0,0.03681553890925539,0.03578842939884756,0.2765294835713403,-1.0903552164193697,BALANCE,1,-7.403417870461227e-06
5.838,0.03546735205796239,0.0,0.03834951969714103,0.03668481100325028,0.4481908022013585,4.359541632501577,BALANCE,1,-7.403417870461227e-06
5.84,0.03546735205796239,0.0,0.03681553890925539,0.03673056577035207,0.022877383550893443,5.786615077805885,BALANCE,1,-7.403417870461227e-06
5.8420000000000005,0.03546735205796239,0.0,0.035281558121369745,0.036223413093208257,-0.25357633857190504,2.3868530146282714,BALANCE,1,-7.403417870461227e-06
5.844,0.03546735205796239,0.0,0.032213596545598466,0.03481997730154483,-0.7017178958317118,0.14479407701725533,BALANCE,1,-7.403417870461227e-06
5.846,0.03546735205796239,0.0,0.03681553890925539,0.03551842386424353,0.34922328134934927,-3.524544528561005,BALANCE,1,-7.403417870461227e-06
5.848,0.03546735205796239,0.0,0.0337475773334841,0.03489862757847773,-0.30989814288289935,4.924891682649406,BALANCE,1,-7.403417870461227e-06
5.8500000000000005,0.03546735205796239,0.0,0.035281558121369745,0.03503265326848994,0.06701284500610499,-0.38526748835453084,BALANCE,1,-7.403417870461227e-06
5.852,0.03546735205796239,0.0,0.0337475773334841,0.0345828766912379,-0.22488828862602186,2.6380619561582366,BALANCE,1,-7.403417870461227e-06
5.854,0.03546735205796239,0.0,0.0337475773334841,0.03429052191602407,-0.14617738760691265,0.27586629246609884,BALANCE,1,-7.403417870461227e-06
5.856,0.03546735205796239,0.0,0.035281558121369745,0.03463738458789506,0.1734313359354929,0.8880122141061431,BALANCE,1,-7.403417870461227e-06
5.8580000000000005,0.03546735205796239,0.0,0.035281558121369745,0.0348628453246112,0.1127303683580716,3.4656937627576463,BALANCE,1,-7.403417870461227e-06
5.86,0.03546735205796239,0.0,0.035281558121369745,0.035009394803476694,0.07327473943274584,2.993613666341245,BALANCE,1,-7.403417870461227e-06
5.862,0.03546735205796239,0.0,0.035281558121369745,0.03510465196473926,0.047628580631283585,2.6867616036705684,BALANCE,1,-7.403417870461227e-06
5.864,0.03546735205796239,0.0,0.03834951969714103,0.03624035567107988,0.5678518531703098,2.4873077629346243,BALANCE,1,-7.403417870461227e-06
5.8660000000000005,0.03546735205796239,0.0,0.032213596545598466,0.034830989977161386,-0.7046828469592474,6.717236165627272,BALANCE,1,-7.403417870461227e-06
5.868,0.03546735205796239,0.0,0.035281558121369745,0.03498868882763431,0.07884942523646299,-3.5476033770442963,BALANCE,1,-7.403417870461227e-06
5.87,0.03546735205796239,0.0,0.035281558121369745,0.035091193080441715,0.05125212640370164,2.7301167315497628,BALANCE,1,-7.403417870461227e-06
5.872,0.03546735205796239,0.0,0.035281558121369745,0.03515782084476653,0.03331388216240572,2.515488596056116,BALANCE,1,-7.403417870461227e-06
5.8740000000000006,0.03546735205796239,0.0,0.0337475773334841,0.03466423561581768,-0.24679261447442188,2.3759803079852375,BALANCE,1,-7.403417870461227e-06
5.876,0.03546735205796239,0.0,0.035281558121369745,0.034880298492760906,0.1080314384716112,0.105513221153686,BALANCE,1,-7.403417870461227e-06
5.878,0.03546735205796239,0.0,0.032213596545598466,0.03394695281125405,-0.4666728407534265,2.957069417338544,BALANCE,1,-7.403417870461227e-06
5.88,0.03546735205796239,0.0,0.035281558121369745,0.03441406466979455,0.23355592927024743,-1.696565557352169,BALANCE,1,-7.403417870461227e-06
5.882000000000001,0.03546735205796239,0.0,0.0337475773334841,0.034180794102085896,-0.11663528385432581,3.933291314349652,BALANCE,1,-7.403417870461227e-06
5.884,0.03546735205796239,0.0,0.03681553890925539,0.03510295478459522,0.4610803412546625,1.1177653752905474,BALANCE,1,-7.403417870461227e-06
5.886,0.03546735205796239,0.0,0.03681553890925539,0.03570235922822628,0.29970222181553013,5.794820017113013,BALANCE,1,-7.403417870461227e-06
5.888,0.03546735205796239,0.0,0.03681553890925539,0.03609197211658647,0.19480644418009424,4.5397593282178175,BALANCE,1,-7.403417870461227e-06
5.89,0.03546735205796239,0.0,0.035281558121369745,0.03580832721826062,-0.14182244916292538,3.7239698804359422,BALANCE,1,-7.403417870461227e-06
5.892,0.03546735205796239,0.0,0.035281558121369745,0.03562395803434881,-0.09218459195590306,1.0139200397922339,BALANCE,1,-7.403417870461227e-06
5.894,0.03546735205796239,0.0,0.035281558121369745,0.03550411806480614,-0.05991998477133595,1.3999607464137043,BALANCE,1,-7.403417870461227e-06
5.896,0.03546735205796239,0.0,0.0337475773334841,0.03488932880884343,-0.3073946279813569,1.6508872057176809,BALANCE,1,-7.403417870461227e-06
5.898,0.03546735205796239,0.0,0.035281558121369745,0.03502660906822764,0.06864012969210603,-0.36579729532024974,BALANCE,1,-7.403417870461227e-06
5.9,0.03546735205796239,0.0,0.035281558121369745,0.03511584123682738,0.04461608429986996,2.6507175816305066,BALANCE,1,-7.403417870461227e-06
5.902,0.03546735205796239,0.0,0.035281558121369745,0.03517384214641721,0.02900045479491478,2.4638791486086022,BALANCE,1,-7.403417870461227e-06
5.904,0.03546735205796239,0.0,0.035281558121369745,0.0352115427376506,0.01885029561669513,2.3424341671443507,BALANCE,1,-7.403417870461227e-06
5.906,0.03546735205796239,0.0,0.0337475773334841,0.03469915484619233,-0.2561939457291357,2.263494929192597,BALANCE,1,-7.403417870461227e-06
5.908,0.03546735205796239,0.0,0.0337475773334841,0.03436610271674445,-0.1665260647239382,0.032397724938454164,BALANCE,1,-7.403417870461227e-06
5.91,0.03546735205796239,0.0,0.03681553890925539,0.03522340538412328,0.428651333689415,0.7297576452131616,BALANCE,1,-7.403417870461227e-06
5.912,0.03546735205796239,0.0,0.0337475773334841,0.03470686556639957,-0.25826990886185575,5.542614992562717,BALANCE,1,-7.403417870461227e-06
5.914,0.03546735205796239,0.0,0.03681553890925539,0.03544490123639911,0.36901783499977,0.016252663089128205,BALANCE,1,-7.403417870461227e-06
5.916,0.03546735205796239,0.0,0.0337475773334841,0.03485083787037886,-0.29703168301012384,5.078836754182106,BALANCE,1,-7.403417870461227e-06
5.918,0.03546735205796239,0.0,0.03681553890925539,0.035538483233985646,0.3438226818033921,-0.28520319185825915,BALANCE,1,-7.403417870461227e-06
5.92,0.03546735205796239,0.0,0.035281558121369745,0.03544855944457008,-0.04496189470778317,4.882890448466275,BALANCE,1,-7.403417870461227e-06
5.922,0.03546735205796239,0.0,0.03834951969714103,0.036463895532969914,0.5076680441999173,1.7672184090119396,BALANCE,1,-7.403417870461227e-06
5.924,0.03546735205796239,0.0,0.03681553890925539,0.036586970714669834,0.061537590849959634,6.249178085577533,BALANCE,1,-7.403417870461227e-06
5.926,0.03546735205796239,0.0,0.03681553890925539,0.03666696958277478,0.039999434052473415,2.687518969679867,BALANCE,1,-7.403417870461227e-06
5.928,0.03546735205796239,0.0,0.035281558121369745,0.03618207557128302,-0.24244700574587927,2.520013647386274,BALANCE,1,-7.403417870461227e-06
5.93,0.03546735205796239,0.0,0.0337475773334841,0.035330001188053406,-0.42603719161480796,0.23134848830994703,BALANCE,1,-7.403417870461227e-06
5.932,0.03546735205796239,0.0,0.035281558121369745,0.03531304611471413,-0.008477536669639074,-1.2884974616352594,BALANCE,1,-7.403417870461227e-06
5.934,0.03546735205796239,0.0,0.0337475773334841,0.03476513204128362,-0.2739570367152541,2.0509624735257352,BALANCE,1,-7.403417870461227e-06
5.936,0.03546735205796239,0.0,0.035281558121369745,0.03494588116931377,0.09037456401507493,-0.1057483712450158,BALANCE,1,-7.403417870461227e-06
5.938,0.03546735205796239,0.0,0.03834951969714103,0.036137154654053316,0.5956367423697734,2.8197493822794257,BALANCE,1,-7.403417870461227e-06
5.94,0.03546735205796239,0.0,0.0337475773334841,0.03530080259185409,-0.4181760310996117,6.9333232182013855,BALANCE,1,-7.403417870461227e-06
5.942,0.03546735205796239,0.0,0.0337475773334841,0.0347571737514246,-0.2718144202147471,-1.227360093285648,BALANCE,1,-7.403417870461227e-06
5.944,0.03546735205796239,0.0,0.035281558121369745,0.034940708280905404,0.09176726474040275,-0.08908493663250105,BALANCE,1,-7.403417870461227e-06
5.946,0.03546735205796239,0.0,0.035281558121369745,0.03506000572506793,0.05964872208126179,2.830580614777546,BALANCE,1,-7.403417870461227e-06
5.948,0.03546735205796239,0.0,0.03681553890925539,0.03567444233953354,0.30721830723280663,2.5807901201541696,BALANCE,1,-7.403417870461227e-06
5.95,0.03546735205796239,0.0,0.03681553890925539,0.03607382613893619,0.1996918997013257,4.598212998234466,BALANCE,1,-7.403417870461227e-06
5.952,0.03546735205796239,0.0,0.03681553890925539,0.036333425608547916,0.12979973480586188,3.761964765946777,BALANCE,1,-7.403417870461227e-06
5.954,0.03546735205796239,0.0,0.032213596545598466,0.03489148543651561,-0.7209700860161539,3.21840341495977,BALANCE,1,-7.403417870461227e-06
5.956,0.03546735205796239,0.0,0.03834951969714103,0.036101797427734506,0.6051559956094487,-3.6742715619382946,BALANCE,1,-7.403417870461227e-06
5.958,0.03546735205796239,0.0,0.03681553890925539,0.036351606946266816,0.12490475926615549,7.00735581053966,BALANCE,1,-7.403417870461227e-06
5.96,0.03546735205796239,0.0,0.0337475773334841,0.03544019658179287,-0.4557051822369727,3.1803344909052527,BALANCE,1,-7.403417870461227e-06
5.962,0.03546735205796239,0.0,0.0337475773334841,0.0348477798448848,-0.2962083684540338,-1.5192296629882094,BALANCE,1,-7.403417870461227e-06
5.964,0.03546735205796239,0.0,0.035281558121369745,0.034999602241654534,0.07591119838486551,-0.2788001569391825,BALANCE,1,-7.403417870461227e-06
5.966,0.03546735205796239,0.0,0.03681553890925539,0.03563518007531483,0.31778891683014937,2.707265721578196,BALANCE,1,-7.403417870461227e-06
5.968,0.03546735205796239,0.0,0.035281558121369745,0.03551141239143406,-0.061883841940387624,4.680422139160084,BALANCE,1,-7.403417870461227e-06
5.97,0.03546735205796239,0.0,0.035281558121369745,0.03543096339691155,-0.040224497261254905,1.6356140079629424,BALANCE,1,-7.403417870461227e-06
5.972,0.03546735205796239,0.0,0.0337475773334841,0.034841778274711944,-0.2945925610998018,1.8040618257246537,BALANCE,1,-7.403417870461227e-06
5.974,0.03546735205796239,0.0,0.0337475773334841,0.0344588079452822,-0.19148516471487187,-0.26623379231569766,BALANCE,1,-7.403417870461227e-06
5.976,0.03546735205796239,0.0,0.032213596545598466,0.03367298395539289,-0.3929119949446537,0.535647158997957,BALANCE,1,-7.403417870461227e-06
5.978,0.03546735205796239,0.0,0.035281558121369745,0.03423598491348479,0.2815004790459492,-1.1229169222336557,BALANCE,1,-7.403417870461227e-06
5.98,0.03546735205796239,0.0,0.035281558121369745,0.03460193553624453,0.18297531137986822,4.306162927176681,BALANCE,1,-7.403417870461227e-06
5.982,0.03546735205796239,0.0,0.035281558121369745,0.034839803441038354,0.11893395239691296,3.5399186232136173,BALANCE,1,-7.403417870461227e-06
5.984,0.03546735205796239,0.0,0.03681553890925539,0.035531310854914316,0.3457537069379811,3.041859825637605,BALANCE,1,-7.403417870461227e-06
5.986,0.03546735205796239,0.0,0.0337475773334841,0.034907004122413744,-0.31215336625028606,4.8979083067987075,BALANCE,1,-7.403417870461227e-06
5.988,0.03546735205796239,0.0,0.035281558121369745,0.035038098022048346,0.06554694981730086,-0.4028066826574639,BALANCE,1,-7.403417870461227e-06
5.99,0.03546735205796239,0.0,0.03681553890925539,0.03566020233257081,0.3110521552612336,2.6266614798613075,BALANCE,1,-7.403417870461227e-06
5.992,0.03546735205796239,0.0,0.039883500485026674,0.037138356685930365,0.7390771766797761,4.628029382044117,BALANCE,1,-7.403417870461227e-06
5.994,0.03546735205796239,0.0,0.0337475773334841,0.03595158391257418,-0.5933863866780936,8.14091881459403,BALANCE,1,-7.403417870461227e-06
5.996,0.03546735205796239,0.0,0.032213596545598466,0.03464328833413268,-0.6541477892207486,-2.589996058670298,BALANCE,1,-7.403417870461227e-06
5.998,0.03546735205796239,0.0,0.03834951969714103,0.03594046931118561,0.6485904885264633,-3.1545850137180276,BALANCE,1,-7.403417870461227e-06
