t,th,om,th_meas,th_hat,om_hat,duty,mode,valid,E
0.0,0.03490658503988659,0.0,0.0337475773334841,0.03450093234264572,-0.2028263486204343,0.0,BALANCE,1,-7.171184331204689e-06
0.002,0.03490658503988659,0.0,0.032213596545598466,0.03370036481367918,-0.40028376448326963,0.1135863345159495,BALANCE,1,-7.171184331204689e-06
0.004,0.03490658503988659,0.0,0.035281558121369745,0.03425378247137088,0.2767088288458501,-0.2951518158063777,BALANCE,1,-7.171184331204689e-06
0.006,0.03490658503988659,0.0,0.0337475773334841,0.03407661067311051,-0.08858589913018564,1.0980834803134956,BALANCE,1,-7.171184331204689e-06
0.008,0.03490658503988659,0.0,0.0337475773334841,0.03396144900424127,-0.05758083443462014,0.3530728884199745,BALANCE,1,-7.171184331204689e-06
0.01,0.03490658503988659,0.0,0.035281558121369745,0.03442348719523624,0.2310190954974839,0.4221183898712935,BALANCE,1,-7.171184331204689e-06
0.012,0.03490658503988659,0.0,0.035281558121369745,0.03472381201938297,0.15016241207336384,1.047954510063437,BALANCE,1,-7.171184331204689e-06
0.014,0.03490658503988659,0.0,0.035281558121369745,0.03491902315507834,0.09760556784768615,0.8931518362616243,BALANCE,1,-7.171184331204689e-06
0.016,0.03490658503988659,0.0,0.0337475773334841,0.03450901711752036,-0.205003018778991,0.7942733104181287,BALANCE,1,-7.171184331204689e-06
0.018000000000000002,0.03490658503988659,0.0,0.035281558121369745,0.034779406468867645,0.1351946756736437,0.13489857688630252,BALANCE,1,-7.171184331204689e-06
0.02,0.03490658503988659,0.0,0.0337475773334841,0.03441826627148341,-0.1805700986921184,0.8966743096488415,BALANCE,1,-7.171184331204689e-06
0.022,0.03490658503988659,0.0,0.035281558121369745,0.034720418418943626,0.1510760737301088,0.19493275677640262,BALANCE,1,-7.171184331204689e-06
0.024,0.03490658503988659,0.0,0.035281558121369745,0.034916817314792764,0.09819944792456917,0.9549639755378877,BALANCE,1,-7.171184331204689e-06
0.026000000000000002,0.03490658503988659,0.0,0.0337475773334841,0.03450758332133473,-0.2046169967290165,0.8494729957248937,BALANCE,1,-7.171184331204689e-06
0.028,0.03490658503988659,0.0,0.0337475773334841,0.034241581225587014,-0.1330010478738583,0.15317035245442642,BALANCE,1,-7.171184331204689e-06
0.03,0.03490658503988659,0.0,0.0337475773334841,0.03406867986335099,-0.08645068111801102,0.3193945642648468,BALANCE,1,-7.171184331204689e-06
0.032,0.03490658503988659,0.0,0.0337475773334841,0.03395629397789758,-0.056192942726705775,0.43148457881172747,BALANCE,1,-7.171184331204689e-06
0.034,0.03490658503988659,0.0,0.03681553890925539,0.034957029703872815,0.5003678629876169,0.5080213413933518,BALANCE,1,-7.171184331204689e-06
0.036000000000000004,0.03490658503988659,0.0,0.0337475773334841,0.03453372137423676,-0.2116541648180259,1.8735117707587,BALANCE,1,-7.171184331204689e-06
0.038,0.03490658503988659,0.0,0.0337475773334841,0.03425857095997333,-0.13757520713171545,0.1549255802539837,BALANCE,1,-7.171184331204689e-06
0.04,0.03490658503988659,0.0,0.035281558121369745,0.03461661646646208,0.17902275324437403,0.33542757681554164,BALANCE,1,-7.171184331204689e-06
0.042,0.03490658503988659,0.0,0.035281558121369745,0.03484934604567976,0.11636478960884086,1.1326741891001044,BALANCE,1,-7.171184331204689e-06
0.044,0.03490658503988659,0.0,0.0337475773334841,0.03446372699641128,-0.19280952463424095,0.9932922418372205,BALANCE,1,-7.171184331204689e-06
0.046,0.03490658503988659,0.0,0.035281558121369745,0.03474996789014674,0.14312044686773037,0.21608671872771,BALANCE,1,-7.171184331204689e-06
0.048,0.03490658503988659,0.0,0.03834951969714103,0.03600981102259474,0.6299215662240003,1.0831271608486819,BALANCE,1,-7.171184331204689e-06
0.05,0.03490658503988659,0.0,0.03834951969714103,0.036828709058685946,0.4094490180456024,2.3739721943072905,BALANCE,1,-7.171184331204689e-06
0.052000000000000005,0.03490658503988659,0.0,0.0337475773334841,0.035750312954865304,-0.5391980519103209,1.8412237001991607,BALANCE,1,-7.171184331204689e-06
0.054,0.03490658503988659,0.0,0.03681553890925539,0.03612314203890184,0.1864145420182664,-0.649907915079772,BALANCE,1,-7.171184331204689e-06
0.056,0.03490658503988659,0.0,0.03681553890925539,0.03636548094352558,0.12116945231187282,1.2753656915439726,BALANCE,1,-7.171184331204689e-06
0.058,0.03490658503988659,0.0,0.035281558121369745,0.03598610795577104,-0.18968649387727035,1.119875703287717,BALANCE,1,-7.171184331204689e-06
0.06,0.03490658503988659,0.0,0.035281558121369745,0.035739515513730585,-0.12329622102022833,0.2866213780275944,BALANCE,1,-7.171184331204689e-06
0.062,0.03490658503988659,0.0,0.0337475773334841,0.035042337150644316,-0.3485891815431345,0.46715424705648073,BALANCE,1,-7.171184331204689e-06
0.064,0.03490658503988659,0.0,0.0337475773334841,0.03458917121463824,-0.22658296800303832,-0.1588717137634213,BALANCE,1,-7.171184331204689e-06
0.066,0.03490658503988659,0.0,0.032213596545598466,0.03375772008047432,-0.41572556708195996,0.17043778261525053,BALANCE,1,-7.171184331204689e-06
0.068,0.03490658503988659,0.0,0.03681553890925539,0.034827956670547694,0.5351182950366872,-0.3712248676585453,BALANCE,1,-7.171184331204689e-06
0.07,0.03490658503988659,0.0,0.035281558121369745,0.03498671717833541,0.07938025389385775,2.3282156882918543,BALANCE,1,-7.171184331204689e-06
0.07200000000000001,0.03490658503988659,0.0,0.035281558121369745,0.03508991150839743,0.05159716503101014,1.0596280545251555,BALANCE,1,-7.171184331204689e-06
0.074,0.03490658503988659,0.0,0.0337475773334841,0.034620094547177765,-0.23490848060983213,0.9937409431733709,BALANCE,1,-7.171184331204689e-06
0.076,0.03490658503988659,0.0,0.0337475773334841,0.034314713522384986,-0.15269051239638967,0.16696341208019208,BALANCE,1,-7.171184331204689e-06
0.078,0.03490658503988659,0.0,0.035281558121369745,0.03465310913202965,0.16919780482233318,0.40359823266030553,BALANCE,1,-7.171184331204689e-06
0.08,0.03490658503988659,0.0,0.0337475773334841,0.03433617300253871,-0.1584680647454713,1.3619837006095294,BALANCE,1,-7.171184331204689e-06
0.082,0.03490658503988659,0.0,0.035281558121369745,0.03466705779412957,0.16544239579542944,0.3987310031651691,BALANCE,1,-7.171184331204689e-06
0.084,0.03490658503988659,0.0,0.0337475773334841,0.03434523963290365,-0.16090908061295803,1.3785041356461798,BALANCE,1,-7.171184331204689e-06
0.08600000000000001,0.03490658503988659,0.0,0.0337475773334841,0.03413605782810681,-0.1045909023984215,0.40324860354275,BALANCE,1,-7.171184331204689e-06
0.088,0.03490658503988659,0.0,0.035281558121369745,0.03453698293074884,0.2004625513210151,0.5750534479023349,BALANCE,1,-7.171184331204689e-06
0.09,0.03490658503988659,0.0,0.0337475773334841,0.034260690971706184,-0.13814597952132787,1.5236765055752,BALANCE,1,-7.171184331204689e-06
0.092,0.03490658503988659,0.0,0.035281558121369745,0.03461799447408843,0.17865175119112162,0.48898400538702225,BALANCE,1,-7.171184331204689e-06
0.094,0.03490658503988659,0.0,0.035281558121369745,0.03485024175063689,0.1161236382742313,1.4871388084021553,BALANCE,1,-7.171184331204689e-06
0.096,0.03490658503988659,0.0,0.032213596545598466,0.03392741592887344,-0.46141291088172554,1.3112231771521028,BALANCE,1,-7.171184331204689e-06
0.098,0.03490658503988659,0.0,0.032213596545598466,0.0333275791447272,-0.2999183920731202,-0.5182536119526885,BALANCE,1,-7.171184331204689e-06
0.1,0.03490658503988659,0.0,0.03834951969714103,0.03508525833807204,0.8788395966724191,-0.02093501612285566,BALANCE,1,-7.171184331204689e-06
0.10200000000000001,0.03490658503988659,0.0,0.035281558121369745,0.03515396326222624,0.03435246207710019,3.795923470055913,BALANCE,1,-7.171184331204689e-06
0.10400000000000001,0.03490658503988659,0.0,0.0337475773334841,0.03466172818716649,-0.24611753752987187,1.1062610686510088,BALANCE,1,-7.171184331204689e-06
0.106,0.03490658503988659,0.0,0.035281558121369745,0.03487866866413763,0.1084702384855675,0.19435338988734274,BALANCE,1,-7.171184331204689e-06
0.108,0.03490658503988659,0.0,0.0337475773334841,0.034482786698408895,-0.1979409828643669,1.3641774962037299,BALANCE,1,-7.171184331204689e-06
0.11,0.03490658503988659,0.0,0.035281558121369745,0.034762356696445194,0.1397849990181499,0.35730748196917517,BALANCE,1,-7.171184331204689e-06
0.112,0.03490658503988659,0.0,0.035281558121369745,0.03494407719516879,0.09086024936179674,1.491006063885524,BALANCE,1,-7.171184331204689e-06
0.114,0.03490658503988659,0.0,0.03681553890925539,0.0355990887950991,0.3275057999651554,1.3456589330845121,BALANCE,1,-7.171184331204689e-06
0.116,0.03490658503988659,0.0,0.030679615757712823,0.0338772732320139,-0.8609077815425991,2.171882023040075,BALANCE,1,-7.171184331204689e-06
0.11800000000000001,0.03490658503988659,0.0,0.0337475773334841,0.03383187966752847,-0.02269678224271418,-1.884670446600632,BALANCE,1,-7.171184331204689e-06
0.12,0.03490658503988659,0.0,0.03681553890925539,0.03487616040213289,0.5221403673022103,0.9670496540040722,BALANCE,1,-7.171184331204689e-06
0.122,0.03490658503988659,0.0,0.03681553890925539,0.03555494287962577,0.3393912387464372,2.8780255010501867,BALANCE,1,-7.171184331204689e-06
0.124,0.03490658503988659,0.0,0.035281558121369745,0.03545925821423616,-0.04784233269480506,2.2857755942333746,BALANCE,1,-7.171184331204689e-06
0.126,0.03490658503988659,0.0,0.0337475773334841,0.03486016990597294,-0.29954415413160906,0.9515306159240946,BALANCE,1,-7.171184331204689e-06
0.128,0.03490658503988659,0.0,0.03681553890925539,0.035544549057121795,0.3421895755744281,0.061381784924782086,BALANCE,1,-7.171184331204689e-06
0.13,0.03490658503988659,0.0,0.03681553890925539,0.03598939550536855,0.22242322412337895,2.352263591891072,BALANCE,1,-7.171184331204689e-06
0.132,0.03490658503988659,0.0,0.03681553890925539,0.03627854569672895,0.14457509568019736,1.956941427083714,BALANCE,1,-7.171184331204689e-06
0.134,0.03490658503988659,0.0,0.0337475773334841,0.03539270676959325,-0.4429194635678472,1.7021495131349187,BALANCE,1,-7.171184331204689e-06
0.136,0.03490658503988659,0.0,0.0337475773334841,0.03481691146695505,-0.28789765131910156,-0.4269109132171009,BALANCE,1,-7.171184331204689e-06
0.138,0.03490658503988659,0.0,0.032213596545598466,0.033905751244480246,-0.4555801112374018,0.1207652582155024,BALANCE,1,-7.171184331204689e-06
0.14,0.03490658503988659,0.0,0.03834951969714103,0.03546107020291152,0.7776594792156359,-0.5133688345681174,BALANCE,1,-7.171184331204689e-06
0.14200000000000002,0.03490658503988659,0.0,0.03834951969714103,0.03647202752589185,0.5054786614901648,4.0677720438972935,BALANCE,1,-7.171184331204689e-06
0.14400000000000002,0.03490658503988659,0.0,0.030679615757712823,0.03444468340702919,-1.013672059431328,3.117604947335814,BALANCE,1,-7.171184331204689e-06
0.146,0.03490658503988659,0.0,0.032213596545598466,0.03366380300552844,-0.39044020075037694,-2.5790627733077627,BALANCE,1,-7.171184331204689e-06
0.148,0.03490658503988659,0.0,0.035281558121369745,0.0342300172960729,0.28310714527222947,-0.2761165577249989,BALANCE,1,-7.171184331204689e-06
0.15,0.03490658503988659,0.0,0.03681553890925539,0.03513494986068677,0.4524662823069368,2.2846985192033546,BALANCE,1,-7.171184331204689e-06
0.152,0.03490658503988659,0.0,0.035281558121369745,0.03518626275192581,0.025656445619519352,2.971913027156744,BALANCE,1,-7.171184331204689e-06
0.154,0.03490658503988659,0.0,0.035281558121369745,0.03521961613123119,0.016676689652689314,1.3633976491175017,BALANCE,1,-7.171184331204689e-06
0.156,0.03490658503988659,0.0,0.035281558121369745,0.035241295827779684,0.010839848274248054,1.3417511427669153,BALANCE,1,-7.171184331204689e-06
0.158,0.03490658503988659,0.0,0.0337475773334841,0.03471849435477623,-0.26140073650172607,1.3315603390194355,BALANCE,1,-7.171184331204689e-06
0.16,0.03490658503988659,0.0,0.032213596545598466,0.03384178012156401,-0.4383571166061105,0.2672698162169749,BALANCE,1,-7.171184331204689e-06
0.162,0.03490658503988659,0.0,0.032213596545598466,0.03327191586997607,-0.2849321257939706,-0.4472116718241489,BALANCE,1,-7.171184331204689e-06
0.164,0.03490658503988659,0.0,0.035281558121369745,0.033975290657963855,0.35168739399389287,0.14158248763791786,BALANCE,1,-7.171184331204689e-06
0.166,0.03490658503988659,0.0,0.039883500485026674,0.03604316409743584,1.033936719735992,2.6928530813998526,BALANCE,1,-7.171184331204689e-06
0.168,0.03490658503988659,0.0,0.0337475773334841,0.035239708730052735,-0.4017276836915523,5.4981890461480765,BALANCE,1,-7.171184331204689e-06
0.17,0.03490658503988659,0.0,0.0337475773334841,0.034717462741253716,-0.2611229943995097,-0.2550459621596033,BALANCE,1,-7.171184331204689e-06
0.17200000000000001,0.03490658503988659,0.0,0.035281558121369745,0.034914896124294326,0.09871669152030499,0.29915521379977456,BALANCE,1,-7.171184331204689e-06
0.17400000000000002,0.03490658503988659,0.0,0.03681553890925539,0.0355801210990307,0.33261248736818694,1.772885980025147,BALANCE,1,-7.171184331204689e-06
0.176,0.03490658503988659,0.0,0.035281558121369745,0.03547562405684936,-0.05224852109066841,2.763553878647663,BALANCE,1,-7.171184331204689e-06
0.178,0.03490658503988659,0.0,0.03681553890925539,0.03594459425519147,0.23448509917105287,1.1976540040001196,BALANCE,1,-7.171184331204689e-06
0.18,0.03490658503988659,0.0,0.032213596545598466,0.03463874505683392,-0.6529245991787752,2.4088385824680842,BALANCE,1,-7.171184331204689e-06
0.182,0.03490658503988659,0.0,0.0337475773334841,0.03432683635366148,-0.1559543515862183,-1.3059480414245828,BALANCE,1,-7.171184331204689e-06
0.184,0.03490658503988659,0.0,0.03834951969714103,0.035734775523879325,0.7039695851089218,0.7596440508561142,BALANCE,1,-7.171184331204689e-06
0.186,0.03490658503988659,0.0,0.035281558121369745,0.03557614943300097,-0.07931304543917772,4.43075525792031,BALANCE,1,-7.171184331204689e-06
0.188,0.03490658503988659,0.0,0.0337475773334841,0.03493614919817006,-0.3200001174154532,1.1399027971767817,BALANCE,1,-7.171184331204689e-06
0.19,0.03490658503988659,0.0,0.03681553890925539,0.03559393559704993,0.32889319943993356,0.10529149473527911,BALANCE,1,-7.171184331204689e-06
0.192,0.03490658503988659,0.0,0.035281558121369745,0.035484603480561865,-0.05466605824403295,2.9080721344197245,BALANCE,1,-7.171184331204689e-06
0.194,0.03490658503988659,0.0,0.035281558121369745,0.03541353760484462,-0.03553293785862194,1.2738289385103547,BALANCE,1,-7.171184331204689e-06
0.196,0.03490658503988659,0.0,0.0337475773334841,0.03483045150986844,-0.29154304748809157,1.365265165326329,BALANCE,1,-7.171184331204689e-06
0.198,0.03490658503988659,0.0,0.035281558121369745,0.0349883388238939,0.0789436570127304,0.2434375777021654,BALANCE,1,-7.171184331204689e-06
0.2,0.03490658503988659,0.0,0.0337475773334841,0.03455407230225047,-0.21713326082171275,1.8750394691531518,BALANCE,1,-7.171184331204689e-06
0.202,0.03490658503988659,0.0,0.035281558121369745,0.03480869233894222,0.12731001834587197,0.5720547636901949,BALANCE,1,-7.171184331204689e-06
0.20400000000000001,0.03490658503988659,0.0,0.032213596545598466,0.033900408811271904,-0.4541417638351565,2.1112902636287463,BALANCE,1,-7.171184331204689e-06
0.20600000000000002,0.03490658503988659,0.0,0.035281558121369745,0.03438381106980615,0.24170112926712173,-0.4900842223026691,BALANCE,1,-7.171184331204689e-06
0.20800000000000002,0.03490658503988659,0.0,0.035281558121369745,0.03469802253785341,0.1571057340236312,2.639138278150591,BALANCE,1,-7.171184331204689e-06
0.21,0.03490658503988659,0.0,0.035281558121369745,0.03490225999208413,0.10211872711535924,2.2874561823703274,BALANCE,1,-7.171184331204689e-06
0.212,0.03490658503988659,0.0,0.035281558121369745,0.035035014337334094,0.06637717262498316,2.0619931364130535,BALANCE,1,-7.171184331204689e-06
0.214,0.03490658503988659,0.0,0.035281558121369745,0.03512130466174657,0.0431451622062394,1.9190363946461722,BALANCE,1,-7.171184331204689e-06
0.216,0.03490658503988659,0.0,0.0337475773334841,0.03464050009685471,-0.2404022824459319,1.830015486165619,BALANCE,1,-7.171184331204689e-06
0.218,0.03490658503988659,0.0,0.035281558121369745,0.03486487040543497,0.11218515429013004,0.5249982329157585,BALANCE,1,-7.171184331204689e-06
0.22,0.03490658503988659,0.0,0.0337475773334841,0.03447381783025216,-0.1955262875914035,2.167076840220649,BALANCE,1,-7.171184331204689e-06
0.222,0.03490658503988659,0.0,0.03681553890925539,0.03529342020790329,0.4098011888255641,0.7409533804051264,BALANCE,1,-7.171184331204689e-06
0.224,0.03490658503988659,0.0,0.035281558121369745,0.03528926847761655,-0.0020758651433708253,3.6008181518651954,BALANCE,1,-7.171184331204689e-06
0.226,0.03490658503988659,0.0,0.0337475773334841,0.034749676577170194,-0.26979595022317765,1.6924575316864865,BALANCE,1,-7.171184331204689e-06
0.228,0.03490658503988659,0.0,0.032213596545598466,0.03386204856612009,-0.44381400552505335,0.4246492832827968,BALANCE,1,-7.171184331204689e-06
0.23,0.03490658503988659,0.0,0.032213596545598466,0.03328509035893752,-0.2884791035912826,-0.4248566074538633,BALANCE,1,-7.171184331204689e-06
0.232,0.03490658503988659,0.0,0.0337475773334841,0.033446960800028826,0.08093522054565191,0.2957480539423815,BALANCE,1,-7.171184331204689e-06
0.234,0.03490658503988659,0.0,0.035281558121369745,0.03408906986249815,0.3210545312346616,2.0743255152100493,BALANCE,1,-7.171184331204689e-06
0.23600000000000002,0.03490658503988659,0.0,0.0337475773334841,0.03396954747734323,-0.05976119257745938,3.266477435286619,BALANCE,1,-7.171184331204689e-06
0.23800000000000002,0.03490658503988659,0.0,0.0337475773334841,0.033891857926992536,-0.03884477517534721,1.4424530997470935,BALANCE,1,-7.171184331204689e-06
0.24,0.03490658503988659,0.0,0.035281558121369745,0.03437825299502456,0.24319753401601252,1.5524727429313763,BALANCE,1,-7.171184331204689e-06
0.242,0.03490658503988659,0.0,0.03681553890925539,0.035231303065005354,0.4265250349903965,2.9585082653049826,BALANCE,1,-7.171184331204689e-06
0.244,0.03490658503988659,0.0,0.03834951969714103,0.03632267888625284,0.5456879106237427,3.9077909100620656,BALANCE,1,-7.171184331204689e-06
0.246,0.03490658503988659,0.0,0.035281558121369745,0.03595828661854376,-0.1821961338545411,4.5589623540421504,BALANCE,1,-7.171184331204689e-06
0.248,0.03490658503988659,0.0,0.035281558121369745,0.035721431644532856,-0.11842748700545067,0.9676014115835684,BALANCE,1,-7.171184331204689e-06
0.25,0.03490658503988659,0.0,0.03834951969714103,0.03664126246294572,0.45991540920643087,1.285208022804658,BALANCE,1,-7.171184331204689e-06
0.252,0.03490658503988659,0.0,0.035281558121369745,0.036165365943394125,-0.23794825977579634,4.222195069883982,BALANCE,1,-7.171184331204689e-06
0.254,0.03490658503988659,0.0,0.0337475773334841,0.035319139929925615,-0.4231130067342548,0.723005122358502,BALANCE,1,-7.171184331204689e-06
0.256,0.03490658503988659,0.0,0.035281558121369745,0.03530598629693106,-0.0065768164972772325,-0.23583351557264084,BALANCE,1,-7.171184331204689e-06
0.258,0.03490658503988659,0.0,0.035281558121369745,0.0352974364354846,-0.004274930723229681,1.8796932391730945,BALANCE,1,-7.171184331204689e-06
0.26,0.03490658503988659,0.0,0.03681553890925539,0.03582877230130438,0.2656679329098889,1.9044882142790116,BALANCE,1,-7.171184331204689e-06
0.262,0.03490658503988659,0.0,0.0337475773334841,0.035100354062567285,-0.36420911936854705,3.3205543884319764,BALANCE,1,-7.171184331204689e-06
0.264,0.03490658503988659,0.0,0.035281558121369745,0.03516377548314815,0.031710710290431404,0.072443460089446,BALANCE,1,-7.171184331204689e-06
0.266,0.03490658503988659,0.0,0.03681553890925539,0.035741892682285684,0.2890585995687679,2.125896508191741,BALANCE,1,-7.171184331204689e-06
0.268,0.03490658503988659,0.0,0.03681553890925539,0.03611766886172508,0.1878880897196976,3.4990705151328076,BALANCE,1,-7.171184331204689e-06
0.27,0.03490658503988659,0.0,0.032213596545598466,0.034751243551080765,-0.6832126553221567,3.0069496838967966,BALANCE,1,-7.171184331204689e-06
0.272,0.03490658503988659,0.0,0.032213596545598466,0.03386306709916196,-0.44408822595940267,-1.5929306638709102,BALANCE,1,-7.171184331204689e-06
0.274,0.03490658503988659,0.0,0.035281558121369745,0.034359538956934686,0.2482359288863631,-0.37208436003292783,BALANCE,1,-7.171184331204689e-06
0.276,0.03490658503988659,0.0,0.0337475773334841,0.034145352388726985,-0.10709328410385063,3.3114617424684254,BALANCE,1,-7.171184331204689e-06
0.278,0.03490658503988659,0.0,0.032213596545598466,0.033469237843632,-0.33805727254749074,1.4349836001058798,BALANCE,1,-7.171184331204689e-06
0.28,0.03490658503988659,0.0,0.035281558121369745,0.034103549940840215,0.31715604860410584,0.1864498096432881,BALANCE,1,-7.171184331204689e-06
0.28200000000000003,0.03490658503988659,0.0,0.03681553890925539,0.03505274607978553,0.4745980694726565,3.7293010378566627,BALANCE,1,-7.171184331204689e-06
0.28400000000000003,0.03490658503988659,0.0,0.035281558121369745,0.03513283029434,0.040042107277236255,4.636713880781965,BALANCE,1,-7.171184331204689e-06
0.28600000000000003,0.03490658503988659,0.0,0.0337475773334841,0.03464799175804044,-0.24241926814978082,2.315302269936834,BALANCE,1,-7.171184331204689e-06
0.28800000000000003,0.03490658503988659,0.0,0.03681553890925539,0.03540663326096567,0.3793207514626168,0.7761999640028594,BALANCE,1,-7.171184331204689e-06
0.29,0.03490658503988659,0.0,0.03681553890925539,0.035899750237867074,0.2465584884507009,4.207716041006553,BALANCE,1,-7.171184331204689e-06
0.292,0.03490658503988659,0.0,0.035281558121369745,0.03568338299709301,-0.10818362038703122,3.523873228077627,BALANCE,1,-7.171184331204689e-06
0.294,0.03490658503988659,0.0,0.032213596545598466,0.03446895773906992,-0.607212629011547,1.5827840762728325,BALANCE,1,-7.171184331204689e-06
0.296,0.03490658503988659,0.0,0.03681553890925539,0.03529026114863483,0.41065170478245605,-1.2145330698903989,BALANCE,1,-7.171184331204689e-06
0.298,0.03490658503988659,0.0,0.035281558121369745,0.03528721508909205,-0.0015230297713900165,4.47047413692802,BALANCE,1,-7.171184331204689e-06
0.3,0.03490658503988659,0.0,0.0337475773334841,0.03474834187462927,-0.2694366072313915,2.196304284782982,BALANCE,1,-7.171184331204689e-06
0.302,0.03490658503988659,0.0,0.0337475773334841,0.03439807428522846,-0.17513379470040363,0.6876735904248962,BALANCE,1,-7.171184331204689e-06
0.304,0.03490658503988659,0.0,0.0337475773334841,0.034170400352117936,-0.11383696655526201,1.2110418629531414,BALANCE,1,-7.171184331204689e-06
0.306,0.03490658503988659,0.0,0.035281558121369745,0.03455930557135607,0.19445260961906824,1.5575949717496735,BALANCE,1,-7.171184331204689e-06
0.308,0.03490658503988659,0.0,0.039883500485026674,0.03642277379114078,0.9317341098923556,3.3342766608842336,BALANCE,1,-7.171184331204689e-06
0.31,0.03490658503988659,0.0,0.035281558121369745,0.03602334830672092,-0.19971274220993013,7.632734415646279,BALANCE,1,-7.171184331204689e-06
0.312,0.03490658503988659,0.0,0.0337475773334841,0.03522682846608804,-0.3982599203164426,1.181034804966188,BALANCE,1,-7.171184331204689e-06
0.314,0.03490658503988659,0.0,0.03681553890925539,0.03578287712119661,0.27802432755428746,0.016279702545714102,BALANCE,1,-7.171184331204689e-06
0.316,0.03490658503988659,0.0,0.035281558121369745,0.03560741547125721,-0.08773082496970133,3.9463698210062357,BALANCE,1,-7.171184331204689e-06
0.318,0.03490658503988659,0.0,0.035281558121369745,0.0354933653987966,-0.05702503623030569,1.8418702787485302,BALANCE,1,-7.171184331204689e-06
0.32,0.03490658503988659,0.0,0.0337475773334841,0.03488233957593723,-0.305512911429686,2.028273076391194,BALANCE,1,-7.171184331204689e-06
0.322,0.03490658503988659,0.0,0.0337475773334841,0.034485172791078635,-0.1985833924292961,0.5638035408656858,BALANCE,1,-7.171184331204689e-06
0.324,0.03490658503988659,0.0,0.0337475773334841,0.034227014380920545,-0.12907920507904472,1.1807433722699363,BALANCE,1,-7.171184331204689e-06
0.326,0.03490658503988659,0.0,0.035281558121369745,0.03459610469007777,0.18454515457861156,1.5884544789037884,BALANCE,1,-7.171184331204689e-06
0.328,0.03490658503988659,0.0,0.0337475773334841,0.03429912011526998,-0.14849228740389242,3.4705551403635657,BALANCE,1,-7.171184331204689e-06
0.33,0.03490658503988659,0.0,0.03681553890925539,0.03517986669316488,0.44037328894744665,1.4996019780428198,BALANCE,1,-7.171184331204689e-06
0.332,0.03490658503988659,0.0,0.0337475773334841,0.034678565417276604,-0.25065063794413656,5.059915066039743,BALANCE,1,-7.171184331204689e-06
0.334,0.03490658503988659,0.0,0.035281558121369745,0.0348896128637092,0.10552372321629908,0.9278928965552942,BALANCE,1,-7.171184331204689e-06
0.336,0.03490658503988659,0.0,0.0337475773334841,0.03448990042813042,-0.19985621778939242,3.086260171769993,BALANCE,1,-7.171184331204689e-06
0.338,0.03490658503988659,0.0,0.0337475773334841,0.034230087345004205,-0.12990654156310594,1.243655056572986,BALANCE,1,-7.171184331204689e-06
0.34,0.03490658503988659,0.0,0.0337475773334841,0.03406120884097217,-0.08443925201601782,1.66560025045588,BALANCE,1,-7.171184331204689e-06
0.342,0.03490658503988659,0.0,0.0337475773334841,0.033951437813351346,-0.05488551381041193,1.9461186084570805,BALANCE,1,-7.171184331204689e-06
0.34400000000000003,0.03490658503988659,0.0,0.035281558121369745,0.03441697992115778,0.23277105390321837,2.134352345368581,BALANCE,1,-7.171184331204689e-06
0.34600000000000003,0.03490658503988659,0.0,0.0337475773334841,0.034182689015471994,-0.11714545284289418,3.93217273784971,BALANCE,1,-7.171184331204689e-06
0.34800000000000003,0.03490658503988659,0.0,0.035281558121369745,0.03456729320253621,0.1923020935321075,1.7893336578556456,BALANCE,1,-7.171184331204689e-06
0.35000000000000003,0.03490658503988659,0.0,0.0337475773334841,0.03428039264836797,-0.14345027708411937,3.7306142556972026,BALANCE,1,-7.171184331204689e-06
0.352,0.03490658503988659,0.0,0.0337475773334841,0.034093907288158615,-0.09324268010467776,1.6554193486251247,BALANCE,1,-7.171184331204689e-06
0.354,0.03490658503988659,0.0,0.035281558121369745,0.03450958507978251,0.2078388958119473,1.9709193824825377,BALANCE,1,-7.171184331204689e-06
0.356,0.03490658503988659,0.0,0.0337475773334841,0.034242882368578066,-0.13335135560222158,3.8845460735195143,BALANCE,1,-7.171184331204689e-06
0.358,0.03490658503988659,0.0,0.03681553890925539,0.03514331215781513,0.45021489461853287,1.752345836850668,BALANCE,1,-7.171184331204689e-06
0.36,0.03490658503988659,0.0,0.030679615757712823,0.03358101841777932,-0.7811468700179048,5.4812342052099,BALANCE,1,-7.171184331204689e-06
0.362,0.03490658503988659,0.0,0.0337475773334841,0.033639314038276,0.029147810248337375,-2.3488249113174686,BALANCE,1,-7.171184331204689e-06
0.364,0.03490658503988659,0.0,0.03681553890925539,0.03475099274311878,0.555839352421393,2.7908738528504475,BALANCE,1,-7.171184331204689e-06
0.366,0.03490658503988659,0.0,0.03681553890925539,0.03547358390126659,0.36129557907390447,6.214029887252139,BALANCE,1,-7.171184331204689e-06
0.368,0.03490658503988659,0.0,0.0337475773334841,0.03486948160254272,-0.3020511493619371,5.034235497474368,BALANCE,1,-7.171184331204689e-06
0.37,0.03490658503988659,0.0,0.035281558121369745,0.035013708384132175,0.07211339079472856,0.7736285606932778,BALANCE,1,-7.171184331204689e-06
0.372,0.03490658503988659,0.0,0.03834951969714103,0.03618124234368528,0.583766979776551,3.1987454323243667,BALANCE,1,-7.171184331204689e-06
0.374,0.03490658503988659,0.0,0.0337475773334841,0.03532945959011487,-0.4258913767852049,6.580443957055765,BALANCE,1,-7.171184331204689e-06
0.376,0.03490658503988659,0.0,0.03681553890925539,0.03584958735181405,0.26006388084959253,0.01849557066458371,BALANCE,1,-7.171184331204689e-06
0.378,0.03490658503988659,0.0,0.0337475773334841,0.03511388384539857,-0.3678517532077416,4.51674397873199,BALANCE,1,-7.171184331204689e-06
0.38,0.03490658503988659,0.0,0.032213596545598466,0.03409878329046853,-0.5075502774650187,0.3990072938491979,BALANCE,1,-7.171184331204689e-06
0.382,0.03490658503988659,0.0,0.0337475773334841,0.03397586120552398,-0.06146104247227446,-0.560300629059591,BALANCE,1,-7.171184331204689e-06
0.384,0.03490658503988659,0.0,0.035281558121369745,0.03443285512607,0.2284969602730086,2.3742235479822864,BALANCE,1,-7.171184331204689e-06
0.386,0.03490658503988659,0.0,0.03681553890925539,0.035266794450184887,0.41696966205744324,4.327257477323246,BALANCE,1,-7.171184331204689e-06
0.388,0.03490658503988659,0.0,0.035281558121369745,0.03527196173509959,0.0025836424573516537,5.640252243574633,BALANCE,1,-7.171184331204689e-06
0.39,0.03490658503988659,0.0,0.035281558121369745,0.03527532047029414,0.0016793675972764932,2.908637147925625,BALANCE,1,-7.171184331204689e-06
0.392,0.03490658503988659,0.0,0.03681553890925539,0.035814396923930576,0.2695382268182167,2.9191437173435717,BALANCE,1,-7.171184331204689e-06
0.394,0.03490658503988659,0.0,0.032213596545598466,0.034554116791514336,-0.6301400662081201,4.758464708073483,BALANCE,1,-7.171184331204689e-06
0.396,0.03490658503988659,0.0,0.035281558121369745,0.03480872125696373,0.12730223272469643,-1.335317503924552,BALANCE,1,-7.171184331204689e-06
0.398,0.03490658503988659,0.0,0.0337475773334841,0.03443732088374586,-0.18570018660893362,3.7929384602825156,BALANCE,1,-7.171184331204689e-06
0.4,0.03490658503988659,0.0,0.035281558121369745,0.03473280391691422,0.14774151658417806,1.6724751908136928,BALANCE,1,-7.171184331204689e-06
0.402,0.03490658503988659,0.0,0.03681553890925539,0.03546176116423363,0.3644786236597051,3.9667767448907383,BALANCE,1,-7.171184331204689e-06
0.404,0.03490658503988659,0.0,0.032213596545598466,0.034324903547711325,-0.5684288082611517,5.503148960457939,BALANCE,1,-7.171184331204689e-06
0.406,0.03490658503988659,0.0,0.035281558121369745,0.03465973264849177,0.16741455039022413,-0.9185591485908983,BALANCE,1,-7.171184331204689e-06
0.40800000000000003,0.03490658503988659,0.0,0.0337475773334841,0.034340478288239086,-0.1596271801263434,4.158148796632053,BALANCE,1,-7.171184331204689e-06
0.41000000000000003,0.03490658503988659,0.0,0.035281558121369745,0.03466985622983482,0.16468897079786535,1.9067995422672521,BALANCE,1,-7.171184331204689e-06
0.41200000000000003,0.03490658503988659,0.0,0.032213596545598466,0.0338101653403521,-0.42984544474135994,4.180796100261911,BALANCE,1,-7.171184331204689e-06
0.41400000000000003,0.03490658503988659,0.0,0.035281558121369745,0.03432515281370827,0.25749373667808756,0.027945732804315424,BALANCE,1,-7.171184331204689e-06
0.41600000000000004,0.03490658503988659,0.0,0.03681553890925539,0.03519678794714976,0.4358175667207448,4.850314422546884,BALANCE,1,-7.171184331204689e-06
0.418,0.03490658503988659,0.0,0.035281558121369745,0.03522645750812676,0.014834780488498511,6.165721606961053,BALANCE,1,-7.171184331204689e-06
0.42,0.03490658503988659,0.0,0.0337475773334841,0.03470884944700183,-0.25880403056246365,3.2410101158440336,BALANCE,1,-7.171184331204689e-06
0.422,0.03490658503988659,0.0,0.0337475773334841,0.034372404207270627,-0.1682226198656024,1.3044586315893303,BALANCE,1,-7.171184331204689e-06
0.424,0.03490658503988659,0.0,0.03834951969714103,0.03576439462872527,0.6959952107273223,1.937018032596239,BALANCE,1,-7.171184331204689e-06
0.426,0.03490658503988659,0.0,0.03681553890925539,0.03613229512691081,0.1839502490927694,8.149510712589962,BALANCE,1,-7.171184331204689e-06
0.428,0.03490658503988659,0.0,0.035281558121369745,0.03583453717497144,-0.14887897596968513,4.561489360157006,BALANCE,1,-7.171184331204689e-06
0.43,0.03490658503988659,0.0,0.035281558121369745,0.035640994506210846,-0.09677133438029673,2.192269988408274,BALANCE,1,-7.171184331204689e-06
0.432,0.03490658503988659,0.0,0.0337475773334841,0.03497829849575648,-0.33134800522718194,2.568720304234643,BALANCE,1,-7.171184331204689e-06
0.434,0.03490658503988659,0.0,0.03681553890925539,0.0356213326404811,0.3215170723623074,0.8627077778938288,BALANCE,1,-7.171184331204689e-06
0.436,0.03490658503988659,0.0,0.035281558121369745,0.03550241155879212,-0.05946054084448801,5.612622744418038,BALANCE,1,-7.171184331204689e-06
0.438,0.03490658503988659,0.0,0.035281558121369745,0.03542511285569429,-0.03864935154891669,2.876049180306839,BALANCE,1,-7.171184331204689e-06
0.44,0.03490658503988659,0.0,0.035281558121369745,0.0353748686986807,-0.025122078506793766,3.0388191008815366,BALANCE,1,-7.171184331204689e-06
0.442,0.03490658503988659,0.0,0.03681553890925539,0.03587910327238184,0.25211728685057067,3.1510437645992524,BALANCE,1,-7.171184331204689e-06
0.444,0.03490658503988659,0.0,0.0337475773334841,0.03513306919376763,-0.37301703930710595,5.220561639741138,BALANCE,1,-7.171184331204689e-06
0.446,0.03490658503988659,0.0,0.03681553890925539,0.03572193359418835,0.29443220021035943,0.6221657337939622,BALANCE,1,-7.171184331204689e-06
0.448,0.03490658503988659,0.0,0.035281558121369745,0.03556780217870184,-0.07706570774325405,5.570325877860377,BALANCE,1,-7.171184331204689e-06
0.45,0.03490658503988659,0.0,0.0337475773334841,0.03493072348287563,-0.3185393479131042,2.846373332812413,BALANCE,1,-7.171184331204689e-06
0.452,0.03490658503988659,0.0,0.03834951969714103,0.036127302157868524,0.5982893374964459,1.0398342302179822,BALANCE,1,-7.171184331204689e-06
0.454,0.03490658503988659,0.0,0.035281558121369745,0.03583129174509395,-0.1480052063872854,7.923073553943834,BALANCE,1,-7.171184331204689e-06
0.456,0.03490658503988659,0.0,0.032213596545598466,0.03456509842527053,-0.6330966599117117,2.3804218202970224,BALANCE,1,-7.171184331204689e-06
0.458,0.03490658503988659,0.0,0.0337475773334841,0.03427896604314528,-0.14306619106262478,-1.3010117015131473,BALANCE,1,-7.171184331204689e-06
0.46,0.03490658503988659,0.0,0.035281558121369745,0.034629873270523845,0.17545361368928244,2.3584153702513215,BALANCE,1,-7.171184331204689e-06
0.462,0.03490658503988659,0.0,0.035281558121369745,0.03485796296831991,0.11404484889803237,4.787536842146204,BALANCE,1,-7.171184331204689e-06
0.464,0.03490658503988659,0.0,0.0337475773334841,0.034469327996127376,-0.1943174860962668,4.359028020378607,BALANCE,1,-7.171184331204689e-06
0.466,0.03490658503988659,0.0,0.03681553890925539,0.03529050181572218,0.4105869097974016,2.02367207844583,BALANCE,1,-7.171184331204689e-06
0.468,0.03490658503988659,0.0,0.0337475773334841,0.03475047824693885,-0.2700117843916633,6.675979591333714,BALANCE,1,-7.171184331204689e-06
0.47000000000000003,0.03490658503988659,0.0,0.035281558121369745,0.03493635620298967,0.09293897802540793,1.489414537019974,BALANCE,1,-7.171184331204689e-06
0.47200000000000003,0.03490658503988659,0.0,0.03834951969714103,0.036130963425942644,0.5973036114764879,4.284375546007777,BALANCE,1,-7.171184331204689e-06
0.47400000000000003,0.03490658503988659,0.0,0.0337475773334841,0.03529677829358215,-0.41709256618024587,8.238873583893318,BALANCE,1,-7.171184331204689e-06
0.47600000000000003,0.03490658503988659,0.0,0.035281558121369745,0.03529145123330781,-0.0026635301371702447,0.42468092655419604,BALANCE,1,-7.171184331204689e-06
0.47800000000000004,0.03490658503988659,0.0,0.035281558121369745,0.03528798864412949,-0.0017312945891599651,3.628579474059028,BALANCE,1,-7.171184331204689e-06
0.48,0.03490658503988659,0.0,0.032213596545598466,0.034211951409643636,-0.5380186172429281,3.6537073056121256,BALANCE,1,-7.171184331204689e-06
0.482,0.03490658503988659,0.0,0.03681553890925539,0.03512320703450775,0.45562781243205575,-0.5525353837003916,BALANCE,1,-7.171184331204689e-06
0.484,0.03490658503988659,0.0,0.035281558121369745,0.03517862991490945,0.027711440200851173,7.240333632037442,BALANCE,1,-7.171184331204689e-06
0.486,0.03490658503988659,0.0,0.03681553890925539,0.03575154806293053,0.28645907401054005,3.931598772020083,BALANCE,1,-7.171184331204689e-06
0.488,0.03490658503988659,0.0,0.035281558121369745,0.03558705158338425,-0.08224823977313889,6.010848437434093,BALANCE,1,-7.171184331204689e-06
0.49,0.03490658503988659,0.0,0.0337475773334841,0.0349432355959192,-0.32190799373252654,3.1300002964035794,BALANCE,1,-7.171184331204689e-06
0.492,0.03490658503988659,0.0,0.032213596545598466,0.03398786192830694,-0.47768683380612975,1.2198778467885991,BALANCE,1,-7.171184331204689e-06
0.494,0.03490658503988659,0.0,0.035281558121369745,0.03444065559587892,0.22639683378599187,-0.057601290651810674,BALANCE,1,-7.171184331204689e-06
0.496,0.03490658503988659,0.0,0.0337475773334841,0.034198078204040736,-0.12128869591909383,5.557948372727055,BALANCE,1,-7.171184331204689e-06
0.498,0.03490658503988659,0.0,0.035281558121369745,0.03457729617510589,0.18960898553257652,2.8023095753812695,BALANCE,1,-7.171184331204689e-06
0.5,0.03490658503988659,0.0,0.0337475773334841,0.03428689458053826,-0.14520079728381347,5.32006668930102,BALANCE,1,-7.171184331204689e-06
0.502,0.03490658503988659,0.0,0.035281558121369745,0.03463502681982928,0.17406611964550928,2.6470299347540784,BALANCE,1,-7.171184331204689e-06
0.504,0.03490658503988659,0.0,0.032213596545598466,0.033787526223848494,-0.42375029799039327,5.2289802099100875,BALANCE,1,-7.171184331204689e-06
0.506,0.03490658503988659,0.0,0.035281558121369745,0.03431043738798093,0.26145558206621883,0.40235633830878914,BALANCE,1,-7.171184331204689e-06
0.508,0.03490658503988659,0.0,0.0337475773334841,0.03411343636890704,-0.09850050953694525,5.922240136087229,BALANCE,1,-7.171184331204689e-06
0.51,0.03490658503988659,0.0,0.035281558121369745,0.034522278982268985,0.20442130668097205,3.037594029391264,BALANCE,1,-7.171184331204689e-06
0.512,0.03490658503988659,0.0,0.03834951969714103,0.0358618132324742,0.669767125102607,5.492403571732773,BALANCE,1,-7.171184331204689e-06
0.514,0.03490658503988659,0.0,0.0337475773334841,0.03512183066782767,-0.3699912823232655,9.302714536764661,BALANCE,1,-7.171184331204689e-06
0.516,0.03490658503988659,0.0,0.0337475773334841,0.03464084200080742,-0.24049433351012311,0.9472726896124533,BALANCE,1,-7.171184331204689e-06
0.518,0.03490658503988659,0.0,0.03681553890925539,0.03540198591876421,0.3805719589783929,1.961317128496539,BALANCE,1,-7.171184331204689e-06
0.52,0.03490658503988659,0.0,0.035281558121369745,0.03535983618967615,-0.021074864544029515,6.982596500665827,BALANCE,1,-7.171184331204689e-06
0.522,0.03490658503988659,0.0,0.035281558121369745,0.03533243886576891,-0.013698661953619878,3.7739648959790992,BALANCE,1,-7.171184331204689e-06
0.524,0.03490658503988659,0.0,0.0337475773334841,0.034777737329469226,-0.27735076814984144,3.8383971650410964,BALANCE,1,-7.171184331204689e-06
0.526,0.03490658503988659,0.0,0.035281558121369745,0.03495407460663441,0.08816863858259263,1.7028537707592366,BALANCE,1,-7.171184331204689e-06
0.528,0.03490658503988659,0.0,0.0337475773334841,0.034531800561031806,-0.21113702280130264,4.644580076169947,BALANCE,1,-7.171184331204689e-06
0.53,0.03490658503988659,0.0,0.035281558121369745,0.034794215707150085,0.13120757305913958,2.231704702474835,BALANCE,1,-7.171184331204689e-06
0.532,0.03490658503988659,0.0,0.035281558121369745,0.03496478555212697,0.08528492248844124,4.993165221266899,BALANCE,1,-7.171184331204689e-06
0.534,0.03490658503988659,0.0,0.0337475773334841,0.034538762675601964,-0.21301143826250174,4.643011164510351,BALANCE,1,-7.171184331204689e-06
0.536,0.03490658503988659,0.0,0.035281558121369745,0.03479874108162069,0.12998920300936329,2.2379866584464274,BALANCE,1,-7.171184331204689e-06
0.538,0.03490658503988659,0.0,0.03681553890925539,0.03550462032129283,0.35293961983607136,5.004550241198795,BALANCE,1,-7.171184331204689e-06
0.54,0.03490658503988659,0.0,0.035281558121369745,0.035426548551319756,-0.03903588498653868,6.837607254257047,BALANCE,1,-7.171184331204689e-06
0.542,0.03490658503988659,0.0,0.035281558121369745,0.03537580190083725,-0.025373325241252742,3.704204219188046,BALANCE,1,-7.171184331204689e-06
0.544,0.03490658503988659,0.0,0.03681553890925539,0.035879709853783595,0.25195397647317236,3.817535058501551,BALANCE,1,-7.171184331204689e-06
0.546,0.03490658503988659,0.0,0.035281558121369745,0.03567035674743875,-0.10467655317242253,6.073563891364489,BALANCE,1,-7.171184331204689e-06
0.548,0.03490658503988659,0.0,0.035281558121369745,0.0355342772283146,-0.06803975956207534,3.215092539168527,BALANCE,1,-7.171184331204689e-06
0.55,0.03490658503988659,0.0,0.035281558121369745,0.0354458255408839,-0.04422584371534949,3.507128972349519,BALANCE,1,-7.171184331204689e-06
0.552,0.03490658503988659,0.0,0.035281558121369745,0.03538833194405395,-0.028746798414976127,3.6994223629856604,BALANCE,1,-7.171184331204689e-06
0.554,0.03490658503988659,0.0,0.032213596545598466,0.03427717455459453,-0.5555786947297088,3.826882775967661,BALANCE,1,-7.171184331204689e-06
0.556,0.03490658503988659,0.0,0.03681553890925539,0.03516560207872583,0.444213762065649,-0.4475864030068466,BALANCE,1,-7.171184331204689e-06
0.558,0.03490658503988659,0.0,0.035281558121369745,0.0352061866936512,0.0202923074626854,7.611092023219639,BALANCE,1,-7.171184331204689e-06
0.56,0.03490658503988659,0.0,0.03681553890925539,0.03576945996911267,0.28163663773073455,4.229196700630183,BALANCE,1,-7.171184331204689e-06
0.562,0.03490658503988659,0.0,0.032213596545598466,0.0345249077708827,-0.622276099114985,6.360901631296086,BALANCE,1,-7.171184331204689e-06
0.5640000000000001,0.03490658503988659,0.0,0.032213596545598466,0.033715948842033217,-0.404479464424741,-0.9381684138092921,BALANCE,1,-7.171184331204689e-06
0.5660000000000001,0.03490658503988659,0.0,0.032213596545598466,0.03319012553828105,-0.26291165187608195,0.762410317750098,BALANCE,1,-7.171184331204689e-06
0.5680000000000001,0.03490658503988659,0.0,0.0337475773334841,0.03338523366660212,0.09755406416053422,1.8700414450218967,BALANCE,1,-7.171184331204689e-06
0.5700000000000001,0.03490658503988659,0.0,0.0337475773334841,0.03351205395001081,0.06341014170434603,4.772150707747411,BALANCE,1,-7.171184331204689e-06
0.5720000000000001,0.03490658503988659,0.0,0.035281558121369745,0.034131380409986437,0.3096632299878117,4.513310955892429,BALANCE,1,-7.171184331204689e-06
0.5740000000000001,0.03490658503988659,0.0,0.035281558121369745,0.034533942608970594,0.20128109949207884,6.527321525840689,BALANCE,1,-7.171184331204689e-06
0.5760000000000001,0.03490658503988659,0.0,0.035281558121369745,0.0347956080383103,0.13083271466985194,5.691325002335669,BALANCE,1,-7.171184331204689e-06
0.578,0.03490658503988659,0.0,0.035281558121369745,0.03496569056738111,0.08504126453540498,5.150396971125899,BALANCE,1,-7.171184331204689e-06
0.58,0.03490658503988659,0.0,0.0337475773334841,0.03453935093551715,-0.2131698159319774,4.801263459908048,BALANCE,1,-7.171184331204689e-06
0.582,0.03490658503988659,0.0,0.03681553890925539,0.03533601672632553,0.39833289540418954,2.396902308444254,BALANCE,1,-7.171184331204689e-06
0.584,0.03490658503988659,0.0,0.035281558121369745,0.03531695621459101,-0.009530255867262055,7.343791149927357,BALANCE,1,-7.171184331204689e-06
0.586,0.03490658503988659,0.0,0.0337475773334841,0.03476767360620359,-0.27464130419370747,4.086805700294592,BALANCE,1,-7.171184331204689e-06
0.588,0.03490658503988659,0.0,0.035281558121369745,0.034947533186511746,0.0899297901540766,1.9399138919010244,BALANCE,1,-7.171184331204689e-06
0.59,0.03490658503988659,0.0,0.0337475773334841,0.03452754863795207,-0.20999227427983755,4.874263728139088,BALANCE,1,-7.171184331204689e-06
0.592,0.03490658503988659,0.0,0.035281558121369745,0.03479145195714826,0.1319516595980931,2.4565936494817846,BALANCE,1,-7.171184331204689e-06
0.594,0.03490658503988659,0.0,0.03681553890925539,0.035499882390385755,0.3542152166187487,5.21493761004843,BALANCE,1,-7.171184331204689e-06
0.596,0.03490658503988659,0.0,0.0337475773334841,0.03488657562047018,-0.3066533849577883,7.0426518686860025,BALANCE,1,-7.171184331204689e-06
0.598,0.03490658503988659,0.0,0.0337475773334841,0.03448792622002505,-0.19932470022256468,1.7258819650028663,BALANCE,1,-7.171184331204689e-06
0.6,0.03490658503988659,0.0,0.035281558121369745,0.03476569738549569,0.13888558273532012,2.5674900641019525,BALANCE,1,-7.171184331204689e-06
0.602,0.03490658503988659,0.0,0.03681553890925539,0.035483141918811585,0.358722266657948,5.296791737170368,BALANCE,1,-7.171184331204689e-06
0.604,0.03490658503988659,0.0,0.0337475773334841,0.034875694313946964,-0.30372380243231034,7.105628508934107,BALANCE,1,-7.171184331204689e-06
0.606,0.03490658503988659,0.0,0.03681553890925539,0.03555463992230491,0.3394728041789738,1.7765882387829528,BALANCE,1,-7.171184331204689e-06
0.608,0.03490658503988659,0.0,0.0337475773334841,0.03492216801621763,-0.31623595304364205,6.970008756159164,BALANCE,1,-7.171184331204689e-06
0.61,0.03490658503988659,0.0,0.03681553890925539,0.035584847828780845,0.3313399062816087,1.6933748176162435,BALANCE,1,-7.171184331204689e-06
0.612,0.03490658503988659,0.0,0.0337475773334841,0.034941803155426984,-0.32152233667693053,6.920859450537799,BALANCE,1,-7.171184331204689e-06
0.614,0.03490658503988659,0.0,0.03681553890925539,0.03559761066926693,0.32790375691997203,1.6663671870993388,BALANCE,1,-7.171184331204689e-06
0.616,0.03490658503988659,0.0,0.035281558121369745,0.03548699227750291,-0.055309195882008444,6.908243908838809,BALANCE,1,-7.171184331204689e-06
0.618,0.03490658503988659,0.0,0.0337475773334841,0.034878197047096327,-0.30439761520329245,3.8430005813726247,BALANCE,1,-7.171184331204689e-06
0.62,0.03490658503988659,0.0,0.035281558121369745,0.035019373423092026,0.07058818799784983,1.8207411523873769,BALANCE,1,-7.171184331204689e-06
0.622,0.03490658503988659,0.0,0.035281558121369745,0.03511113806748923,0.045882322198601694,4.8361020352408755,BALANCE,1,-7.171184331204689e-06
0.624,0.03490658503988659,0.0,0.032213596545598466,0.03409699853482746,-0.5070697663308831,4.650983215124221,BALANCE,1,-7.171184331204689e-06
0.626,0.03490658503988659,0.0,0.0337475773334841,0.033974701114357284,-0.06114871023508994,0.17333753463560164,BALANCE,1,-7.171184331204689e-06
0.628,0.03490658503988659,0.0,0.0337475773334841,0.03389520779105167,-0.03974666165280569,3.7401630783966073,BALANCE,1,-7.171184331204689e-06
0.63,0.03490658503988659,0.0,0.03681553890925539,0.03491732368242297,0.5110579456856501,3.9133889092147554,BALANCE,1,-7.171184331204689e-06
0.632,0.03490658503988659,0.0,0.032213596545598466,0.03397101918453439,-0.47315224894428975,8.388136186141164,BALANCE,1,-7.171184331204689e-06
0.634,0.03490658503988659,0.0,0.035281558121369745,0.03442970781242677,0.22934431394618787,0.46447056306523793,BALANCE,1,-7.171184331204689e-06
0.636,0.03490658503988659,0.0,0.035281558121369745,0.034727855420556814,0.14907380406502246,6.118850325425087,BALANCE,1,-7.171184331204689e-06
0.638,0.03490658503988659,0.0,0.032213596545598466,0.03384786481432139,-0.43999530311771007,5.501520673947677,BALANCE,1,-7.171184331204689e-06
0.64,0.03490658503988659,0.0,0.035281558121369745,0.034349657471788315,0.250896328733461,0.7429379530745561,BALANCE,1,-7.171184331204689e-06
0.642,0.03490658503988659,0.0,0.035281558121369745,0.034675822699141816,0.1630826136767502,6.3070484988262985,BALANCE,1,-7.171184331204689e-06
0.644,0.03490658503988659,0.0,0.035281558121369745,0.03488783009692159,0.10600369888988728,5.631043856553649,BALANCE,1,-7.171184331204689e-06
0.646,0.03490658503988659,0.0,0.03681553890925539,0.03556252818123842,0.3373490421584163,5.194110548144916,BALANCE,1,-7.171184331204689e-06
0.648,0.03490658503988659,0.0,0.035281558121369745,0.03546418866028438,-0.04916976047701985,7.0924676849884065,BALANCE,1,-7.171184331204689e-06
0.65,0.03490658503988659,0.0,0.035281558121369745,0.03540026797166426,-0.031960344310060645,4.001509730379732,BALANCE,1,-7.171184331204689e-06
0.652,0.03490658503988659,0.0,0.035281558121369745,0.03535871952406118,-0.02077422380154098,4.1424298719925305,BALANCE,1,-7.171184331204689e-06
0.654,0.03490658503988659,0.0,0.035281558121369745,0.035331713033119175,-0.013503245471002678,4.236497673109316,BALANCE,1,-7.171184331204689e-06
0.656,0.03490658503988659,0.0,0.0337475773334841,0.0347772655382469,-0.2772237474361373,4.300111452903725,BALANCE,1,-7.171184331204689e-06
0.658,0.03490658503988659,0.0,0.0337475773334841,0.03441687466657992,-0.1801954358334884,2.1640360405979617,BALANCE,1,-7.171184331204689e-06
0.66,0.03490658503988659,0.0,0.035281558121369745,0.034719513875756364,0.15131960458822022,2.92552245605245,BALANCE,1,-7.171184331204689e-06
0.662,0.03490658503988659,0.0,0.032213596545598466,0.0338424428102011,-0.43853553277763135,5.602745034751857,BALANCE,1,-7.171184331204689e-06
0.664,0.03490658503988659,0.0,0.0337475773334841,0.03380923989335015,-0.016601458425476168,0.8380481604537686,BALANCE,1,-7.171184331204689e-06
0.666,0.03490658503988659,0.0,0.035281558121369745,0.034324551273157006,0.2576556899034285,4.218290428238623,BALANCE,1,-7.171184331204689e-06
0.668,0.03490658503988659,0.0,0.035281558121369745,0.03465950367003146,0.1674761984372282,6.450131207912904,BALANCE,1,-7.171184331204689e-06
0.67,0.03490658503988659,0.0,0.035281558121369745,0.03487722272799986,0.10885952898419954,5.755724320729776,BALANCE,1,-7.171184331204689e-06
0.672,0.03490658503988659,0.0,0.032213596545598466,0.03394495356415937,-0.4661345819202446,5.3068295531292495,BALANCE,1,-7.171184331204689e-06
0.674,0.03490658503988659,0.0,0.032213596545598466,0.03333897860766306,-0.3029874782481574,0.6577295067760991,BALANCE,1,-7.171184331204689e-06
0.676,0.03490658503988659,0.0,0.0337475773334841,0.03348198816170042,0.07150477701868205,1.93321563448455,BALANCE,1,-7.171184331204689e-06
0.678,0.03490658503988659,0.0,0.035281558121369745,0.034111837647584686,0.3149247429421326,4.9444306474938475,BALANCE,1,-7.171184331204689e-06
0.68,0.03490658503988659,0.0,0.035281558121369745,0.03452123981340946,0.20470108291238687,6.936403711564026,BALANCE,1,-7.171184331204689e-06
0.682,0.03490658503988659,0.0,0.032213596545598466,0.033713564669675615,-0.4038375718669225,6.086082809238228,BALANCE,1,-7.171184331204689e-06
0.684,0.03490658503988659,0.0,0.035281558121369745,0.03426236237776856,0.274398854046471,1.1760557753136571,BALANCE,1,-7.171184331204689e-06
0.686,0.03490658503988659,0.0,0.03681553890925539,0.03515597416378895,0.4468058930101951,6.641727517581935,BALANCE,1,-7.171184331204689e-06
0.6880000000000001,0.03490658503988659,0.0,0.0337475773334841,0.03466303527318225,-0.2464694453033489,8.081631731285709,BALANCE,1,-7.171184331204689e-06
0.6900000000000001,0.03490658503988659,0.0,0.0337475773334841,0.0343426249942879,-0.1602051394471761,2.5127852983955914,BALANCE,1,-7.171184331204689e-06
0.6920000000000001,0.03490658503988659,0.0,0.035281558121369745,0.03467125158876654,0.1643132972393227,3.190543653510171,BALANCE,1,-7.171184331204689e-06
0.6940000000000001,0.03490658503988659,0.0,0.03681553890925539,0.03542175215093764,0.37525028108554775,5.813342992988634,BALANCE,1,-7.171184331204689e-06
0.6960000000000001,0.03490658503988659,0.0,0.035281558121369745,0.03537268424058888,-0.024533955174380756,7.552953247918888,BALANCE,1,-7.171184331204689e-06
0.6980000000000001,0.03490658503988659,0.0,0.035281558121369745,0.03534079009886218,-0.015947070863348706,4.358809820066651,BALANCE,1,-7.171184331204689e-06
0.7000000000000001,0.03490658503988659,0.0,0.035281558121369745,0.03532005890673983,-0.010365596061174404,4.432659404071078,BALANCE,1,-7.171184331204689e-06
0.7020000000000001,0.03490658503988659,0.0,0.03681553890925539,0.03584347690762028,0.2617090004402231,4.483131342742479,BALANCE,1,-7.171184331204689e-06
0.704,0.03490658503988659,0.0,0.03834951969714103,0.03672059188395254,0.43855748816613166,6.698301890188009,BALANCE,1,-7.171184331204689e-06
0.706,0.03490658503988659,0.0,0.035281558121369745,0.03621693006704856,-0.25183090845198874,8.173060808952005,BALANCE,1,-7.171184331204689e-06
0.708,0.03490658503988659,0.0,0.035281558121369745,0.035889549886060974,-0.16369009049379407,2.6269773130062126,BALANCE,1,-7.171184331204689e-06
0.71,0.03490658503988659,0.0,0.035281558121369745,0.03567675276841904,-0.1063985588209658,3.319638955789727,BALANCE,1,-7.171184331204689e-06
0.712,0.03490658503988659,0.0,0.03681553890925539,0.036075327917711765,0.19928757464636113,3.772338732667521,BALANCE,1,-7.171184331204689e-06
0.714,0.03490658503988659,0.0,0.035281558121369745,0.03579750848899206,-0.13890971435985208,6.248957374947242,BALANCE,1,-7.171184331204689e-06
0.716,0.03490658503988659,0.0,0.032213596545598466,0.0345431393088043,-0.6271845900938794,3.5338693988721523,BALANCE,1,-7.171184331204689e-06
0.718,0.03490658503988659,0.0,0.0337475773334841,0.034264692617442236,-0.13922334568103323,-0.4406831299495706,BALANCE,1,-7.171184331204689e-06
0.72,0.03490658503988659,0.0,0.0337475773334841,0.03408370226805689,-0.09049517469267299,3.4531529623949626,BALANCE,1,-7.171184331204689e-06
0.722,0.03490658503988659,0.0,0.035281558121369745,0.034502951816716386,0.20962477432974816,3.8389356497923353,BALANCE,1,-7.171184331204689e-06
0.724,0.03490658503988659,0.0,0.03834951969714103,0.03584925057486501,0.6731493790743115,6.271950805254618,BALANCE,1,-7.171184331204689e-06
0.726,0.03490658503988659,0.0,0.03681553890925539,0.03618745149190164,0.16910045851831548,10.068095418815014,BALANCE,1,-7.171184331204689e-06
0.728,0.03490658503988659,0.0,0.0337475773334841,0.035333495536455505,-0.42697797772306767,6.063233599687624,BALANCE,1,-7.171184331204689e-06
0.73,0.03490658503988659,0.0,0.0337475773334841,0.03477842416541552,-0.2775356855199938,1.2504354515370828,BALANCE,1,-7.171184331204689e-06
0.732,0.03490658503988659,0.0,0.03681553890925539,0.035491414325759474,0.3564950801719785,2.4196251917323575,BALANCE,1,-7.171184331204689e-06
0.734,0.03490658503988659,0.0,0.035281558121369745,0.03541796465422307,-0.03672483576820304,7.541749009753925,BALANCE,1,-7.171184331204689e-06
0.736,0.03490658503988659,0.0,0.0337475773334841,0.03483332909196443,-0.2923177811293177,4.398666294871133,BALANCE,1,-7.171184331204689e-06
0.738,0.03490658503988659,0.0,0.0337475773334841,0.03445331597649632,-0.19000655773405636,2.3258112640650905,BALANCE,1,-7.171184331204689e-06
0.74,0.03490658503988659,0.0,0.03834951969714103,0.03581698727872197,0.6818356511128255,3.1283909274943937,BALANCE,1,-7.171184331204689e-06
0.742,0.03490658503988659,0.0,0.035281558121369745,0.03562958707364869,-0.09370010253664102,10.192112273858733,BALANCE,1,-7.171184331204689e-06
0.744,0.03490658503988659,0.0,0.035281558121369745,0.03550777694035106,-0.060905066648814926,3.983708149773333,BALANCE,1,-7.171184331204689e-06
0.746,0.03490658503988659,0.0,0.035281558121369745,0.035428600353707596,-0.03958829332173161,4.245861384266155,BALANCE,1,-7.171184331204689e-06
0.748,0.03490658503988659,0.0,0.0337475773334841,0.034840242296629374,-0.2941790285391106,4.418730695754954,BALANCE,1,-7.171184331204689e-06
0.75,0.03490658503988659,0.0,0.0337475773334841,0.03445780955952853,-0.19121636855042382,2.3536713790505552,BALANCE,1,-7.171184331204689e-06
0.752,0.03490658503988659,0.0,0.03681553890925539,0.03528301483193293,0.41260263620220006,3.161318256645905,BALANCE,1,-7.171184331204689e-06
0.754,0.03490658503988659,0.0,0.03681553890925539,0.035819398258995785,0.26819171353142934,8.048439213977545,BALANCE,1,-7.171184331204689e-06
0.756,0.03490658503988659,0.0,0.03681553890925539,0.03616804748658665,0.17432461379543115,6.932498717886951,BALANCE,1,-7.171184331204689e-06
0.758,0.03490658503988659,0.0,0.035281558121369745,0.03585777620876073,-0.15513563891295795,6.209714483151735,BALANCE,1,-7.171184331204689e-06
0.76,0.03490658503988659,0.0,0.03681553890925539,0.03619299315393386,0.16760847258656328,3.562587740056819,BALANCE,1,-7.171184331204689e-06
0.762,0.03490658503988659,0.0,0.03834951969714103,0.03694777744405637,0.37739214506125535,6.1718922473941635,BALANCE,1,-7.171184331204689e-06
0.764,0.03490658503988659,0.0,0.0337475773334841,0.035827707405356075,-0.5600350193501469,7.902838240087862,BALANCE,1,-7.171184331204689e-06
0.766,0.03490658503988659,0.0,0.035281558121369745,0.03563655515596086,-0.0955761246976064,0.34338226395569693,BALANCE,1,-7.171184331204689e-06
0.768,0.03490658503988659,0.0,0.0337475773334841,0.034975412918093994,-0.33057111893343427,4.0547115972435,BALANCE,1,-7.171184331204689e-06
0.77,0.03490658503988659,0.0,0.03681553890925539,0.03561945701500048,0.32202204845324306,2.142078191668484,BALANCE,1,-7.171184331204689e-06
0.772,0.03490658503988659,0.0,0.035281558121369745,0.03550119240222972,-0.05913230638537881,7.408590067979292,BALANCE,1,-7.171184331204689e-06
0.774,0.03490658503988659,0.0,0.03681553890925539,0.03596121367968871,0.23001063872949215,4.359359590984518,BALANCE,1,-7.171184331204689e-06
0.776,0.03490658503988659,0.0,0.0337475773334841,0.0351864409585171,-0.3873863605858042,6.707296671286962,BALANCE,1,-7.171184331204689e-06
0.778,0.03490658503988659,0.0,0.032213596545598466,0.03414594541399558,-0.5202477722607602,1.7286716016859986,BALANCE,1,-7.171184331204689e-06
0.78,0.03490658503988659,0.0,0.0337475773334841,0.03400651658581656,-0.06971441408950771,0.6101797646978584,BALANCE,1,-7.171184331204689e-06
0.782,0.03490658503988659,0.0,0.035281558121369745,0.034452781123260175,0.2231322687218061,4.212882203694301,BALANCE,1,-7.171184331204689e-06
0.784,0.03490658503988659,0.0,0.0337475773334841,0.03420595979683855,-0.12341066321081354,6.5893220946560795,BALANCE,1,-7.171184331204689e-06
0.786,0.03490658503988659,0.0,0.035281558121369745,0.034582419210424466,0.18822970679295906,3.8090105515691937,BALANCE,1,-7.171184331204689e-06
0.788,0.03490658503988659,0.0,0.0337475773334841,0.03429022455349534,-0.1460973284645624,6.331637560256614,BALANCE,1,-7.171184331204689e-06
0.79,0.03490658503988659,0.0,0.03681553890925539,0.035174084578011355,0.4419300122580072,3.646347643691395,BALANCE,1,-7.171184331204689e-06
0.792,0.03490658503988659,0.0,0.03681553890925539,0.03574859359394677,0.28725450796770674,8.410632787858514,BALANCE,1,-7.171184331204689e-06
0.794,0.03490658503988659,0.0,0.032213596545598466,0.03451134462702486,-0.6186244834609534,7.214849013211024,BALANCE,1,-7.171184331204689e-06
0.796,0.03490658503988659,0.0,0.035281558121369745,0.03478091935004557,0.1347873615103537,-0.09951558730816634,BALANCE,1,-7.171184331204689e-06
0.798,0.03490658503988659,0.0,0.035281558121369745,0.03495614292000903,0.08761178498173025,5.9509098397135425,BALANCE,1,-7.171184331204689e-06
0.8,0.03490658503988659,0.0,0.0337475773334841,0.03453314496472531,-0.21149897764186076,5.591009870266364,BALANCE,1,-7.171184331204689e-06
0.802,0.03490658503988659,0.0,0.03681553890925539,0.03533198284531083,0.39941894029276237,3.179650520953558,BALANCE,1,-7.171184331204689e-06
0.804,0.03490658503988659,0.0,0.0337475773334841,0.03477744091617148,-0.2772709645696772,8.121990533834737,BALANCE,1,-7.171184331204689e-06
0.806,0.03490658503988659,0.0,0.035281558121369745,0.03495388193799087,0.08822051090969646,2.682154267370093,BALANCE,1,-7.171184331204689e-06
0.808,0.03490658503988659,0.0,0.03681553890925539,0.03560546187793345,0.3257899699712907,5.623663308901844,BALANCE,1,-7.171184331204689e-06
0.81,0.03490658503988659,0.0,0.035281558121369745,0.03549209556313616,-0.056683157398648015,7.570434870166739,BALANCE,1,-7.171184331204689e-06
0.812,0.03490658503988659,0.0,0.03681553890925539,0.03595530073427789,0.231602585570867,4.510946291432019,BALANCE,1,-7.171184331204689e-06
0.8140000000000001,0.03490658503988659,0.0,0.03681553890925539,0.03625638409552002,0.15054168062106354,6.852215605603498,BALANCE,1,-7.171184331204689e-06
0.8160000000000001,0.03490658503988659,0.0,0.035281558121369745,0.03591519500456742,-0.17059454547629915,6.229044644498703,BALANCE,1,-7.171184331204689e-06
0.8180000000000001,0.03490658503988659,0.0,0.0337475773334841,0.03515652881968826,-0.37933309243957936,3.6466665292635585,BALANCE,1,-7.171184331204689e-06
0.8200000000000001,0.03490658503988659,0.0,0.035281558121369745,0.03520028907527678,0.021880127794259713,1.9382694882285052,BALANCE,1,-7.171184331204689e-06
0.8220000000000001,0.03490658503988659,0.0,0.035281558121369745,0.03522873324140932,0.014222083066270375,5.157640923249584,BALANCE,1,-7.171184331204689e-06
0.8240000000000001,0.03490658503988659,0.0,0.0337475773334841,0.03471032867363549,-0.259202283886914,5.105128962041904,BALANCE,1,-7.171184331204689e-06
0.8260000000000001,0.03490658503988659,0.0,0.035281558121369745,0.03491025898034248,0.09996515335349357,2.893571818084726,BALANCE,1,-7.171184331204689e-06
0.8280000000000001,0.03490658503988659,0.0,0.035281558121369745,0.035040213679702024,0.06497734967977203,5.785889186206474,BALANCE,1,-7.171184331204689e-06
0.8300000000000001,0.03490658503988659,0.0,0.035281558121369745,0.035124684234285726,0.04223527729185078,5.520792081514216,BALANCE,1,-7.171184331204689e-06
0.8320000000000001,0.03490658503988659,0.0,0.0337475773334841,0.034642696819005156,-0.24099370764028502,5.350948672532724,BALANCE,1,-7.171184331204689e-06
0.834,0.03490658503988659,0.0,0.03681553890925539,0.03540319155059274,0.3802473657937913,3.0631260875226047,BALANCE,1,-7.171184331204689e-06
0.836,0.03490658503988659,0.0,0.035281558121369745,0.03536061985036469,-0.021285850114023674,8.085764997200588,BALANCE,1,-7.171184331204689e-06
0.838,0.03490658503988659,0.0,0.032213596545598466,0.03425916169369651,-0.550729078334089,4.87801709189446,BALANCE,1,-7.171184331204689e-06
0.84,0.03490658503988659,0.0,0.032213596545598466,0.0335432138918622,-0.35797390091715786,0.5832356090725854,BALANCE,1,-7.171184331204689e-06
0.842,0.03490658503988659,0.0,0.035281558121369745,0.03415163437218984,0.30421024016382203,2.0890288030763484,BALANCE,1,-7.171184331204689e-06
0.844,0.03490658503988659,0.0,0.035281558121369745,0.034547107684402806,0.19773665610648208,7.429837487418284,BALANCE,1,-7.171184331204689e-06
0.846,0.03490658503988659,0.0,0.0337475773334841,0.03426727206158126,-0.13991781141077173,6.608686635229223,BALANCE,1,-7.171184331204689e-06
0.848,0.03490658503988659,0.0,0.035281558121369745,0.034622272182507234,0.1775000604629859,3.897514212134216,BALANCE,1,-7.171184331204689e-06
0.85,0.03490658503988659,0.0,0.035281558121369745,0.03485302226110911,0.1153750393009384,6.465081648816337,BALANCE,1,-7.171184331204689e-06
0.852,0.03490658503988659,0.0,0.0337475773334841,0.034466116536440355,-0.19345286233437772,5.988897088688291,BALANCE,1,-7.171184331204689e-06
0.854,0.03490658503988659,0.0,0.030679615757712823,0.033140841263885716,-0.6626376362773196,3.5019527554329244,BALANCE,1,-7.171184331204689e-06
0.856,0.03490658503988659,0.0,0.0337475773334841,0.03335319888824515,0.10617881217971775,-0.32441378421111144,BALANCE,1,-7.171184331204689e-06
0.858,0.03490658503988659,0.0,0.035281558121369745,0.03402812461983876,0.33746286579680246,5.845529900684403,BALANCE,1,-7.171184331204689e-06
0.86,0.03490658503988659,0.0,0.035281558121369745,0.0344668263453746,0.21935086276792318,7.743103498440664,BALANCE,1,-7.171184331204689e-06
0.862,0.03490658503988659,0.0,0.03681553890925539,0.03528887574273288,0.41102469867913827,6.831422943010856,BALANCE,1,-7.171184331204689e-06
0.864,0.03490658503988659,0.0,0.03681553890925539,0.03582320785101576,0.26716605414144057,8.421194369290621,BALANCE,1,-7.171184331204689e-06
0.866,0.03490658503988659,0.0,0.035281558121369745,0.03563363044563966,-0.094788702688052,7.309549781056214,BALANCE,1,-7.171184331204689e-06
0.868,0.03490658503988659,0.0,0.03681553890925539,0.03604729840790516,0.20683398113275145,4.409663808186836,BALANCE,1,-7.171184331204689e-06
0.87,0.03490658503988659,0.0,0.03834951969714103,0.03685307585913771,0.4028887256162759,6.854674816170774,BALANCE,1,-7.171184331204689e-06
0.872,0.03490658503988659,0.0,0.0337475773334841,0.03576615137515895,-0.5434622419893814,8.478830034284751,BALANCE,1,-7.171184331204689e-06
0.874,0.03490658503988659,0.0,0.0337475773334841,0.03505965046057275,-0.3532504572930986,0.8499600546757984,BALANCE,1,-7.171184331204689e-06
0.876,0.03490658503988659,0.0,0.03681553890925539,0.03567421141761167,0.3072804785194602,2.336276207463003,BALANCE,1,-7.171184331204689e-06
0.878,0.03490658503988659,0.0,0.03681553890925539,0.036073676039686975,0.19973231103765157,7.6645321936693325,BALANCE,1,-7.171184331204689e-06
0.88,0.03490658503988659,0.0,0.03681553890925539,0.03633332804403592,0.12982600217447196,6.835329466347318,BALANCE,1,-7.171184331204689e-06
0.882,0.03490658503988659,0.0,0.035281558121369745,0.03596520857110276,-0.184059736466579,6.298924781311625,BALANCE,1,-7.171184331204689e-06
0.884,0.03490658503988659,0.0,0.03681553890925539,0.03626282418945618,0.14880780917670908,3.772944745521448,BALANCE,1,-7.171184331204689e-06
0.886,0.03490658503988659,0.0,0.03681553890925539,0.0364562743413859,0.09672507596486177,6.46099461260685,BALANCE,1,-7.171184331204689e-06
0.888,0.03490658503988659,0.0,0.0337475773334841,0.03550823038862027,-0.4740219763828164,6.063231010896132,BALANCE,1,-7.171184331204689e-06
0.89,0.03490658503988659,0.0,0.035281558121369745,0.03542889509508258,-0.03966764676884352,1.4474736010264917,BALANCE,1,-7.171184331204689e-06
0.892,0.03490658503988659,0.0,0.03834951969714103,0.03645111370580304,0.5111093053602294,4.92463389934503,BALANCE,1,-7.171184331204689e-06
0.894,0.03490658503988659,0.0,0.03681553890925539,0.03657866252701136,0.06377441060416086,9.399472855762001,BALANCE,1,-7.171184331204689e-06
0.896,0.03490658503988659,0.0,0.035281558121369745,0.0361246759850368,-0.22699327098728295,5.835762359491355,BALANCE,1,-7.171184331204689e-06
0.898,0.03490658503988659,0.0,0.0337475773334841,0.035292691456993354,-0.41599226402172157,3.489606649438338,BALANCE,1,-7.171184331204689e-06
0.9,0.03490658503988659,0.0,0.03681553890925539,0.03582568806528506,0.26649830414585474,1.9347541717716208,BALANCE,1,-7.171184331204689e-06
0.902,0.03490658503988659,0.0,0.035281558121369745,0.035635242584914704,-0.09522274018517948,7.43382365122279,BALANCE,1,-7.171184331204689e-06
0.904,0.03490658503988659,0.0,0.032213596545598466,0.034437666471154024,-0.5987880568803401,4.535755616269278,BALANCE,1,-7.171184331204689e-06
0.906,0.03490658503988659,0.0,0.0337475773334841,0.03419613527296955,-0.120765599092236,0.4422660491765833,BALANCE,1,-7.171184331204689e-06
0.908,0.03490658503988659,0.0,0.03681553890925539,0.035112926545669595,0.4583956363500216,4.258793066644941,BALANCE,1,-7.171184331204689e-06
0.91,0.03490658503988659,0.0,0.0337475773334841,0.03463505432140467,-0.23893611213246166,8.95411301185414,BALANCE,1,-7.171184331204689e-06
0.912,0.03490658503988659,0.0,0.03681553890925539,0.035398223927152424,0.3815848028738758,3.3537137014026586,BALANCE,1,-7.171184331204689e-06
0.914,0.03490658503988659,0.0,0.0337475773334841,0.034820497619368514,-0.28886315389195505,8.370750842583654,BALANCE,1,-7.171184331204689e-06
0.916,0.03490658503988659,0.0,0.035281558121369745,0.03498186879506895,0.0806855878502169,2.9794677095138455,BALANCE,1,-7.171184331204689e-06
0.918,0.03490658503988659,0.0,0.035281558121369745,0.035086760059274226,0.05244563210263925,5.952536287752261,BALANCE,1,-7.171184331204689e-06
0.92,0.03490658503988659,0.0,0.032213596545598466,0.03408115282948771,-0.5028036148932574,5.739927469635811,BALANCE,1,-7.171184331204689e-06
0.922,0.03490658503988659,0.0,0.035281558121369745,0.03450129468164642,0.21007092607935526,1.2444132904473446,BALANCE,1,-7.171184331204689e-06
0.924,0.03490658503988659,0.0,0.032213596545598466,0.033700600334029635,-0.4003471738083936,6.979518388294098,BALANCE,1,-7.171184331204689e-06
0.926,0.03490658503988659,0.0,0.035281558121369745,0.03425393555959867,0.27666761278451885,2.054872048401906,BALANCE,1,-7.171184331204689e-06
0.928,0.03490658503988659,0.0,0.03681553890925539,0.03515049673197852,0.4482805861899253,7.511041241791268,BALANCE,1,-7.171184331204689e-06
0.93,0.03490658503988659,0.0,0.0337475773334841,0.03465947494250547,-0.24551089473652532,8.944768798723706,BALANCE,1,-7.171184331204689e-06
0.932,0.03490658503988659,0.0,0.035281558121369745,0.03487720405510797,0.1088645563012483,3.3719075389322195,BALANCE,1,-7.171184331204689e-06
0.934,0.03490658503988659,0.0,0.035281558121369745,0.035018727978299594,0.07076196159581244,6.22695033480158,BALANCE,1,-7.171184331204689e-06
0.936,0.03490658503988659,0.0,0.03681553890925539,0.03564761180413412,0.3144419129172647,5.937624758145251,BALANCE,1,-7.171184331204689e-06
0.9380000000000001,0.03490658503988659,0.0,0.035281558121369745,0.03551949301516659,-0.06405939448376682,7.931926920627767,BALANCE,1,-7.171184331204689e-06
0.9400000000000001,0.03490658503988659,0.0,0.03681553890925539,0.03597310907809767,0.22680803146554046,4.903333232684497,BALANCE,1,-7.171184331204689e-06
0.9420000000000001,0.03490658503988659,0.0,0.035281558121369745,0.0357310662432429,-0.12102141742738673,7.26468422587044,BALANCE,1,-7.171184331204689e-06
0.9440000000000001,0.03490658503988659,0.0,0.0337475773334841,0.03503684512482732,-0.3471105592077889,4.474672277884385,BALANCE,1,-7.171184331204689e-06
0.9460000000000001,0.03490658503988659,0.0,0.0337475773334841,0.03458560139785719,-0.22562186348506347,2.631313245561198,BALANCE,1,-7.171184331204689e-06
0.9480000000000001,0.03490658503988659,0.0,0.032213596545598466,0.03375539969956664,-0.4151008491452765,3.5830653080043655,BALANCE,1,-7.171184331204689e-06
0.9500000000000001,0.03490658503988659,0.0,0.0337475773334841,0.03375266187143775,-0.0013689140644437825,2.024172400765141,BALANCE,1,-7.171184331204689e-06
0.9520000000000001,0.03490658503988659,0.0,0.035281558121369745,0.03428777555891395,0.26755684373809885,5.340614144098357,BALANCE,1,-7.171184331204689e-06
0.9540000000000001,0.03490658503988659,0.0,0.035281558121369745,0.03463559945577348,0.1739119484297641,7.530984582879053,BALANCE,1,-7.171184331204689e-06
0.9560000000000001,0.03490658503988659,0.0,0.035281558121369745,0.03486168498873217,0.11304276647934597,6.809621974115101,BALANCE,1,-7.171184331204689e-06
0.9580000000000001,0.03490658503988659,0.0,0.032213596545598466,0.03393485403363537,-0.4634154775483984,6.343205987487025,BALANCE,1,-7.171184331204689e-06
0.96,0.03490658503988659,0.0,0.0337475773334841,0.03386930718858243,-0.032773422526471974,1.6827171487659887,BALANCE,1,-7.171184331204689e-06
0.962,0.03490658503988659,0.0,0.035281558121369745,0.034363595015057986,0.24714391323777882,5.13069463967594,BALANCE,1,-7.171184331204689e-06
0.964,0.03490658503988659,0.0,0.035281558121369745,0.034684882102267105,0.16064354360455918,7.40656331438149,BALANCE,1,-7.171184331204689e-06
0.966,0.03490658503988659,0.0,0.030679615757712823,0.033283038881673103,-0.7009216102970006,6.7407745589687345,BALANCE,1,-7.171184331204689e-06
0.968,0.03490658503988659,0.0,0.0337475773334841,0.03344562733980695,0.08129422906692427,-0.22920065770304898,BALANCE,1,-7.171184331204689e-06
0.97,0.03490658503988659,0.0,0.0337475773334841,0.033551309837593954,0.05284124889350095,6.044970490164342,BALANCE,1,-7.171184331204689e-06
0.972,0.03490658503988659,0.0,0.035281558121369745,0.03415689673691548,0.3027934496607626,5.830397860611695,BALANCE,1,-7.171184331204689e-06
0.974,0.03490658503988659,0.0,0.03681553890925539,0.03508742149723445,0.46526238015948473,7.873182060056463,BALANCE,1,-7.171184331204689e-06
0.976,0.03490658503988659,0.0,0.03681553890925539,0.03569226259144178,0.3024205471036656,9.235782473964825,BALANCE,1,-7.171184331204689e-06
0.978,0.03490658503988659,0.0,0.0337475773334841,0.035011622751156594,-0.3403199201425927,7.976476727689,BALANCE,1,-7.171184331204689e-06
0.98,0.03490658503988659,0.0,0.03834951969714103,0.036179886682251146,0.5841319655472756,2.800716923852054,BALANCE,1,-7.171184331204689e-06
0.982,0.03490658503988659,0.0,0.03681553890925539,0.036402364961702634,0.11123913972574395,10.273663822573125,BALANCE,1,-7.171184331204689e-06
0.984,0.03490658503988659,0.0,0.03681553890925539,0.0365469758433461,0.07230544082173149,6.5111503857603,BALANCE,1,-7.171184331204689e-06
0.986,0.03490658503988659,0.0,0.032213596545598466,0.035030293089134426,-0.7583413771058353,6.2156668425954775,BALANCE,1,-7.171184331204689e-06
0.988,0.03490658503988659,0.0,0.035281558121369745,0.03511823585041679,0.043971380641182056,-0.5135026074599303,BALANCE,1,-7.171184331204689e-06
0.99,0.03490658503988659,0.0,0.035281558121369745,0.03517539864525032,0.028581397416765908,5.917299667363234,BALANCE,1,-7.171184331204689e-06
0.992,0.03490658503988659,0.0,0.0337475773334841,0.03467566118613215,-0.24986872955908707,5.804644648986967,BALANCE,1,-7.171184331204689e-06
0.994,0.03490658503988659,0.0,0.03681553890925539,0.03542461838922528,0.37447860154656704,3.5539945178702785,BALANCE,1,-7.171184331204689e-06
0.996,0.03490658503988659,0.0,0.035281558121369745,0.035374547295475844,-0.02503554687471876,8.600795522578943,BALANCE,1,-7.171184331204689e-06
0.998,0.03490658503988659,0.0,0.035281558121369745,0.03534200108453871,-0.016273105468568583,5.408752979042787,BALANCE,1,-7.171184331204689e-06
1.0,0.03490658503988659,0.0,0.035281558121369745,0.03532084604742957,-0.010577518554568538,5.483968137852669,BALANCE,1,-7.171184331204689e-06
1.002,0.03490658503988659,0.0,0.0337475773334841,0.034770201997548655,-0.2753220249404574,5.535327700147606,BALANCE,1,-7.171184331204689e-06
1.004,0.03490658503988659,0.0,0.032213596545598466,0.03387539008936609,-0.4474059540912831,3.39128704646715,BALANCE,1,-7.171184331204689e-06
1.006,0.03490658503988659,0.0,0.0337475773334841,0.033830655624807394,-0.022367232279347365,1.9677019767874633,BALANCE,1,-7.171184331204689e-06
1.008,0.03490658503988659,0.0,0.032213596545598466,0.03326468494708427,-0.2829853388615633,5.372093814534389,BALANCE,1,-7.171184331204689e-06
1.01,0.03490658503988659,0.0,0.0337475773334841,0.03343369728232421,0.08450616761997154,3.2598436582026906,BALANCE,1,-7.171184331204689e-06
1.012,0.03490658503988659,0.0,0.03681553890925539,0.034617341851750125,0.5918222847129568,6.216603189625831,BALANCE,1,-7.171184331204689e-06
1.014,0.03490658503988659,0.0,0.035281558121369745,0.03484981754611699,0.11623784718343272,10.353074268905617,BALANCE,1,-7.171184331204689e-06
1.016,0.03490658503988659,0.0,0.035281558121369745,0.03500092674745545,0.07555460066923161,6.56931727384066,BALANCE,1,-7.171184331204689e-06
1.018,0.03490658503988659,0.0,0.035281558121369745,0.03509914772832545,0.04911049043499968,6.25991803915685,BALANCE,1,-7.171184331204689e-06
1.02,0.03490658503988659,0.0,0.035281558121369745,0.035162991365890954,0.03192181878275066,6.06127824568086,BALANCE,1,-7.171184331204689e-06
1.022,0.03490658503988659,0.0,0.035281558121369745,0.03520448973030853,0.020749182208786715,5.934632088989977,BALANCE,1,-7.171184331204689e-06
1.024,0.03490658503988659,0.0,0.0337475773334841,0.03469457039141998,-0.25495966944427334,5.854781796209381,BALANCE,1,-7.171184331204689e-06
1.026,0.03490658503988659,0.0,0.035281558121369745,0.034900016096902395,0.10272285274120704,3.6254547367298717,BALANCE,1,-7.171184331204689e-06
1.028,0.03490658503988659,0.0,0.03681553890925539,0.03557044908122594,0.3352164921617724,6.506221659762041,BALANCE,1,-7.171184331204689e-06
1.03,0.03490658503988659,0.0,0.0337475773334841,0.034932443969516294,-0.31900255585482273,8.413510844002221,BALANCE,1,-7.171184331204689e-06
1.032,0.03490658503988659,0.0,0.0337475773334841,0.03451774064690503,-0.20735166130563323,3.148464641960784,BALANCE,1,-7.171184331204689e-06
1.034,0.03490658503988659,0.0,0.032213596545598466,0.03371129021144773,-0.4032252177286477,4.023693147127005,BALANCE,1,-7.171184331204689e-06
1.036,0.03490658503988659,0.0,0.030679615757712823,0.03265020415264051,-0.5305430294036094,2.415059927657741,BALANCE,1,-7.171184331204689e-06
1.038,0.03490658503988659,0.0,0.035281558121369745,0.033571178041695744,0.46048694452761535,1.3393823115601426,BALANCE,1,-7.171184331204689e-06
1.04,0.03490658503988659,0.0,0.0337475773334841,0.033632917793821666,0.0308698760629611,9.329594771961593,BALANCE,1,-7.171184331204689e-06
1.042,0.03490658503988659,0.0,0.03681553890925539,0.03474683518422347,0.5569586952009,5.903089192930679,BALANCE,1,-7.171184331204689e-06
1.044,0.03490658503988659,0.0,0.03681553890925539,0.03547088148798464,0.3620231518805875,10.185584156495143,BALANCE,1,-7.171184331204689e-06
1.046,0.03490658503988659,0.0,0.035281558121369745,0.03540461830966943,-0.03313158915760686,8.67663676445591,BALANCE,1,-7.171184331204689e-06
1.048,0.03490658503988659,0.0,0.0337475773334841,0.03482465396800456,-0.28998217083243266,5.518503969113377,BALANCE,1,-7.171184331204689e-06
1.05,0.03490658503988659,0.0,0.03681553890925539,0.03552146369744235,0.34840486471889376,3.4358663860084797,BALANCE,1,-7.171184331204689e-06
1.052,0.03490658503988659,0.0,0.03681553890925539,0.035974390021576916,0.22646316206728287,8.591875546924847,BALANCE,1,-7.171184331204689e-06
1.054,0.03490658503988659,0.0,0.0337475773334841,0.03519500558074443,-0.3896922204162413,7.650712383164349,BALANCE,1,-7.171184331204689e-06
1.056,0.03490658503988659,0.0,0.03681553890925539,0.035762192245723266,0.2835933324894166,2.6817452579623557,BALANCE,1,-7.171184331204689e-06
1.058,0.03490658503988659,0.0,0.0337475773334841,0.03505707702643956,-0.35255760964185423,8.109213319555494,BALANCE,1,-7.171184331204689e-06
1.06,0.03490658503988659,0.0,0.035281558121369745,0.03513564540966512,0.03928419161278174,2.984710284753592,BALANCE,1,-7.171184331204689e-06
1.062,0.03490658503988659,0.0,0.0337475773334841,0.03464982158300176,-0.24291191333167955,6.131185926866147,BALANCE,1,-7.171184331204689e-06
1.064,0.03490658503988659,0.0,0.03681553890925539,0.03540782264719053,0.3790005320943833,3.851397622027255,BALANCE,1,-7.171184331204689e-06
1.066,0.03490658503988659,0.0,0.0337475773334841,0.03482673678739328,-0.2905429298986246,8.879258813816522,BALANCE,1,-7.171184331204689e-06
1.068,0.03490658503988659,0.0,0.03681553890925539,0.03552281753004502,0.3480403713258702,3.495011313642103,BALANCE,1,-7.171184331204689e-06
1.07,0.03490658503988659,0.0,0.0337475773334841,0.034901483461248696,-0.31066703439816196,8.652547131503173,BALANCE,1,-7.171184331204689e-06
1.072,0.03490658503988659,0.0,0.035281558121369745,0.03503450959229106,0.06651306552118291,3.352588138275387,BALANCE,1,-7.171184331204689e-06
1.074,0.03490658503988659,0.0,0.032213596545598466,0.03404719002594865,-0.4936597831712054,6.385017407411146,BALANCE,1,-7.171184331204689e-06
1.076,0.03490658503988659,0.0,0.035281558121369745,0.03447921885934603,0.21601441669868993,1.8512048818966846,BALANCE,1,-7.171184331204689e-06
1.078,0.03490658503988659,0.0,0.035281558121369745,0.03476003760105433,0.14040937085415053,7.561416054631559,BALANCE,1,-7.171184331204689e-06
1.08,0.03490658503988659,0.0,0.03681553890925539,0.0354794630589247,0.35971272893518463,6.980376819897954,BALANCE,1,-7.171184331204689e-06
1.082,0.03490658503988659,0.0,0.035281558121369745,0.035410196330780463,-0.034633364072118866,8.785065104630233,BALANCE,1,-7.171184331204689e-06
1.084,0.03490658503988659,0.0,0.035281558121369745,0.035365172957486715,-0.02251168664687414,5.633222396149307,BALANCE,1,-7.171184331204689e-06
1.086,0.03490658503988659,0.0,0.035281558121369745,0.03533590776484578,-0.014632596320469232,5.734567447745137,BALANCE,1,-7.171184331204689e-06
1.088,0.03490658503988659,0.0,0.035281558121369745,0.03531688538962917,-0.009511187608304134,5.80291144035089,BALANCE,1,-7.171184331204689e-06
1.09,0.03490658503988659,0.0,0.035281558121369745,0.03530452084573837,-0.006182271945400636,5.84980474461314,BALANCE,1,-7.171184331204689e-06
1.092,0.03490658503988659,0.0,0.0337475773334841,0.03475959061644938,-0.2724651146444948,5.882755101452068,BALANCE,1,-7.171184331204689e-06
1.094,0.03490658503988659,0.0,0.035281558121369745,0.0349422792431715,0.09134431336106294,3.726748464225265,BALANCE,1,-7.171184331204689e-06
1.096,0.03490658503988659,0.0,0.03681553890925539,0.035597920126300864,0.32782044156468015,6.655173661721689,BALANCE,1,-7.171184331204689e-06
1.098,0.03490658503988659,0.0,0.035281558121369745,0.03548719342457497,-0.05536335086294558,8.59344072436365,BALANCE,1,-7.171184331204689e-06
1.1,0.03490658503988659,0.0,0.0337475773334841,0.03487832779269317,-0.30443281594090194,5.528424221524004,BALANCE,1,-7.171184331204689e-06
1.102,0.03490658503988659,0.0,0.03681553890925539,0.035556351683489945,0.3390119453983882,3.5063122285459833,BALANCE,1,-7.171184331204689e-06
1.104,0.03490658503988659,0.0,0.0337475773334841,0.0349232806609879,-0.31653551125102386,8.701663023044809,BALANCE,1,-7.171184331204689e-06
1.106,0.03490658503988659,0.0,0.0337475773334841,0.03451178449636157,-0.20574808231316535,3.426283764631587,BALANCE,1,-7.171184331204689e-06
1.108,0.03490658503988659,0.0,0.03681553890925539,0.03531809854087441,0.40315702225642014,4.294795783156148,BALANCE,1,-7.171184331204689e-06
1.11,0.03490658503988659,0.0,0.0337475773334841,0.0347684161182878,-0.27484121129330363,9.221479082091777,BALANCE,1,-7.171184331204689e-06
1.112,0.03490658503988659,0.0,0.032213596545598466,0.033874229267846535,-0.4470934252206321,3.771465951562447,BALANCE,1,-7.171184331204689e-06
1.114,0.03490658503988659,0.0,0.0337475773334841,0.03382990109081968,-0.022164088513427355,2.346571874970913,BALANCE,1,-7.171184331204689e-06
1.116,0.03490658503988659,0.0,0.0337475773334841,0.03380108777575223,-0.014406657533726913,5.750112858225104,BALANCE,1,-7.171184331204689e-06
1.118,0.03490658503988659,0.0,0.035281558121369745,0.03431925239671836,0.25908231048306707,5.817203724713811,BALANCE,1,-7.171184331204689e-06
1.12,0.03490658503988659,0.0,0.035281558121369745,0.03465605940034634,0.16840350181399066,8.043069196585474,BALANCE,1,-7.171184331204689e-06
1.122,0.03490658503988659,0.0,0.0337475773334841,0.03433809067694456,-0.15898436170089236,7.344778359330611,BALANCE,1,-7.171184331204689e-06
1.124,0.03490658503988659,0.0,0.035281558121369745,0.03466830428249337,0.16510680277440765,4.713464945942828,BALANCE,1,-7.171184331204689e-06
1.1260000000000001,0.03490658503988659,0.0,0.035281558121369745,0.0348829431261001,0.10731942180336462,7.332940738934656,BALANCE,1,-7.171184331204689e-06
1.1280000000000001,0.03490658503988659,0.0,0.03681553890925539,0.03555935165020445,0.3382042620521733,6.890496610407936,BALANCE,1,-7.171184331204689e-06
1.1300000000000001,0.03490658503988659,0.0,0.035281558121369745,0.035462123915112304,-0.04861386754607261,8.785271714174707,BALANCE,1,-7.171184331204689e-06
1.1320000000000001,0.03490658503988659,0.0,0.0337475773334841,0.034862032611542436,-0.3000456517849338,5.691985438066233,BALANCE,1,-7.171184331204689e-06
1.1340000000000001,0.03490658503988659,0.0,0.032213596545598466,0.03393507998846205,-0.4634763115401938,3.65149809246346,BALANCE,1,-7.171184331204689e-06
1.1360000000000001,0.03490658503988659,0.0,0.030679615757712823,0.03279566750769982,-0.569706240381114,2.295222673034249,BALANCE,1,-7.171184331204689e-06
1.1380000000000001,0.03490658503988659,0.0,0.0337475773334841,0.03312883594672432,0.16658421951224953,1.3835776269626945,BALANCE,1,-7.171184331204689e-06
1.1400000000000001,0.03490658503988659,0.0,0.035281558121369745,0.03388228870785022,0.37672638056295005,7.300517179640417,BALANCE,1,-7.171184331204689e-06
1.1420000000000001,0.03490658503988659,0.0,0.03681553890925539,0.03490892627834203,0.5133187852459052,9.033638091455146,BALANCE,1,-7.171184331204689e-06
1.1440000000000001,0.03490658503988659,0.0,0.03681553890925539,0.0355762406991617,0.3336572104098365,10.194957368403964,BALANCE,1,-7.171184331204689e-06
1.1460000000000001,0.03490658503988659,0.0,0.035281558121369745,0.03547310179693452,-0.051569451113592235,8.804818883104428,BALANCE,1,-7.171184331204689e-06
1.1480000000000001,0.03490658503988659,0.0,0.035281558121369745,0.03540606151048685,-0.03352014322383426,5.723911877142752,BALANCE,1,-7.171184331204689e-06
1.1500000000000001,0.03490658503988659,0.0,0.0337475773334841,0.034825592048535886,-0.29023473097548186,5.871365135376053,BALANCE,1,-7.171184331204689e-06
1.1520000000000001,0.03490658503988659,0.0,0.032213596545598466,0.033911393622507786,-0.4570992130140498,3.7897853840555222,BALANCE,1,-7.171184331204689e-06
1.154,0.03490658503988659,0.0,0.035281558121369745,0.03439095119710947,0.2397787873008421,2.406799900909794,BALANCE,1,-7.171184331204689e-06
1.156,0.03490658503988659,0.0,0.035281558121369745,0.034702663620600566,0.15585621174554753,8.017475548144454,BALANCE,1,-7.171184331204689e-06
1.158,0.03490658503988659,0.0,0.03681553890925539,0.03544216997162975,0.36975317551459286,7.371738221835681,BALANCE,1,-7.171184331204689e-06
1.16,0.03490658503988659,0.0,0.035281558121369745,0.03538595582403875,-0.028107073795500398,9.134372747044122,BALANCE,1,-7.171184331204689e-06
1.162,0.03490658503988659,0.0,0.0337475773334841,0.034812523352344624,-0.28671623584706346,5.955195094872724,BALANCE,1,-7.171184331204689e-06
1.164,0.03490658503988659,0.0,0.0337475773334841,0.03443979224574344,-0.1863655533005902,3.858878354829041,BALANCE,1,-7.171184331204689e-06
1.166,0.03490658503988659,0.0,0.035281558121369745,0.03473441030221265,0.14730902823460387,4.646207907253904,BALANCE,1,-7.171184331204689e-06
1.168,0.03490658503988659,0.0,0.035281558121369745,0.034925912038917636,0.09575086835249269,7.340228524984052,BALANCE,1,-7.171184331204689e-06
1.17,0.03490658503988659,0.0,0.035281558121369745,0.03505038816777587,0.06223806442911747,6.9462385325372455,BALANCE,1,-7.171184331204689e-06
1.172,0.03490658503988659,0.0,0.035281558121369745,0.03513129765153373,0.04045474187892861,6.692614746515294,BALANCE,1,-7.171184331204689e-06
1.174,0.03490658503988659,0.0,0.03681553890925539,0.03572078209173631,0.294742220101292,6.53022899466956,BALANCE,1,-7.171184331204689e-06
1.176,0.03490658503988659,0.0,0.0337475773334841,0.03503016042634804,-0.3453108326941373,8.60704204327897,BALANCE,1,-7.171184331204689e-06
1.178,0.03490658503988659,0.0,0.0337475773334841,0.03458125634384566,-0.22445204125118995,3.452186353077508,BALANCE,1,-7.171184331204689e-06
1.18,0.03490658503988659,0.0,0.0337475773334841,0.034289468690219115,-0.14589382681327173,4.399038690939713,BALANCE,1,-7.171184331204689e-06
1.182,0.03490658503988659,0.0,0.0337475773334841,0.03409980671536186,-0.09483098742862558,5.0168550409635095,BALANCE,1,-7.171184331204689e-06
1.184,0.03490658503988659,0.0,0.0337475773334841,0.033976526431704644,-0.06164014182860958,5.420797998892317,BALANCE,1,-7.171184331204689e-06
1.186,0.03490658503988659,0.0,0.0337475773334841,0.033896394247327453,-0.04006609218859536,5.6857232519593515,BALANCE,1,-7.171184331204689e-06
1.188,0.03490658503988659,0.0,0.032213596545598466,0.03330741505172231,-0.2944895978025733,5.8602869968663,BALANCE,1,-7.171184331204689e-06
1.19,0.03490658503988659,0.0,0.0337475773334841,0.03346147185033894,0.0770283993083154,3.796221683228512,BALANCE,1,-7.171184331204689e-06
1.192,0.03490658503988659,0.0,0.03681553890925539,0.034635395320959696,0.586961735310379,6.784301362402687,BALANCE,1,-7.171184331204689e-06
1.194,0.03490658503988659,0.0,0.03681553890925539,0.03539844557686319,0.38152512795174703,10.941130537720634,BALANCE,1,-7.171184331204689e-06
1.196,0.034859590248381256,-0.046995655374034044,0.035281558121369745,0.035357534967440485,-0.020455304711352457,9.350500383321158,BALANCE,1,-6.916307022729753e-06
1.198,0.03476611591516778,-0.04648039617313531,0.035281558121369745,0.03533094307131573,-0.013295948062378576,6.13927379244449,BALANCE,1,-6.883144933406589e-06
1.2,0.03467415382203932,-0.04548338749537291,0.0337475773334841,0.03477676506307466,-0.27708900412053494,6.202019320483059,BALANCE,1,-6.8553453659198705e-06
1.202,0.03458673869815108,-0.041933343352694684,0.032213596545598466,0.03387965608195799,-0.44855449055833385,4.065379544535958,BALANCE,1,-6.852818212381526e-06
1.204,0.03451005411281997,-0.03475265168456797,0.035281558121369745,0.034370321795752105,0.24533285689705767,2.6466050453829584,BALANCE,1,-6.880373415112255e-06
1.206,0.03444528952255294,-0.03001312916326893,0.035281558121369745,0.03468925450971828,0.15946635698308592,8.234017832212889,BALANCE,1,-6.886834823865236e-06
1.208,0.034388548778236355,-0.026728658231712943,0.0337475773334841,0.03435966749803632,-0.1647935058409801,7.573159646641027,BALANCE,1,-6.883729630785695e-06
1.21,0.03433972164587108,-0.022099371737016434,0.03681553890925539,0.03521922249196299,0.4297774969633378,4.9661774568471895,BALANCE,1,-6.8880920739002255e-06
1.212,0.03429649309963769,-0.021129969178530966,0.03681553890925539,0.03577793323801533,0.2793553730261675,9.781362623415726,BALANCE,1,-6.875101522913387e-06
1.214,0.034253197541232405,-0.02216638514063887,0.0337475773334841,0.0350673086714294,-0.35531228329296544,8.618663863329107,BALANCE,1,-6.852849443691901e-06
1.216,0.03421121559288447,-0.019816334976133748,0.035281558121369745,0.03514229597890852,0.03749365373956204,3.505698600515173,BALANCE,1,-6.846458690834909e-06
1.218,0.034173687570365166,-0.01771237743486482,0.0337475773334841,0.034654144453009975,-0.24407576294927305,6.659673794419922,BALANCE,1,-6.839778370709152e-06
1.22,0.03414240217988193,-0.013573588181709865,0.03834951969714103,0.03594752578845584,0.6466906677229344,4.384760198245931,BALANCE,1,-6.841012537298952e-06
1.222,0.0341136546017666,-0.015174518410108008,0.035281558121369745,0.03571443710497571,-0.11654434174006648,11.595684028908032,BALANCE,1,-6.824556095558759e-06
1.224,0.03408332337780003,-0.015157263147366594,0.03681553890925539,0.036099822736473594,0.19269281574894187,5.482961519616214,BALANCE,1,-6.812439104160487e-06
1.226,0.03405175532163845,-0.016411373342054322,0.035281558121369745,0.03581343012118725,-0.14319630764317304,7.987201881965449,BALANCE,1,-6.795558410771899e-06
1.228,0.0340193608953897,-0.015983648427818218,0.02914563496982718,0.03347970181821122,-1.1668641514880131,5.290068023935587,BALANCE,1,-6.784059542425483e-06
1.23,0.03399750285434071,-0.005874794454257348,0.035281558121369745,0.034110351524316705,0.31532485305274177,-3.032602484638055,BALANCE,1,-6.798879895076083e-06
1.232,0.03398436542109256,-0.00726288030446975,0.032213596545598466,0.03344648728176532,-0.33193212127569094,8.869570604359177,BALANCE,1,-6.7916788811351226e-06
1.234,0.03397393640940304,-0.003166323109246076,0.0337475773334841,0.033551868799866894,0.0526907590507851,3.6583722526349858,BALANCE,1,-6.792065260766832e-06
1.236,0.033954760068485135,-0.016010370327856238,0.035281558121369745,0.03415726006239289,0.30269563126299887,6.748388560092862,BALANCE,1,-6.7581268129005815e-06
1.238,0.03392727291708238,-0.01147728638785822,0.035281558121369745,0.03455076438303479,0.19675216032094892,8.791582465554612,BALANCE,1,-6.760437407746755e-06
1.24,0.0339062121399619,-0.009583877904893604,0.0337475773334841,0.03426964891569205,-0.14055773367136967,7.974555110133331,BALANCE,1,-6.756283715697012e-06
1.242,0.033888997201524426,-0.00763137700509042,0.032213596545598466,0.033550030586159296,-0.35980916476637675,5.266062959937357,BALANCE,1,-6.753000902761899e-06
1.244,0.03387618985074177,-0.005176209223552941,0.032213596545598466,0.033082278671963006,-0.23387595709814524,3.4755844175225667,BALANCE,1,-6.751247573887958e-06
1.246,0.03386341598608142,-0.007597890263994047,0.03681553890925539,0.03438891975501534,0.6533205415261666,4.461601419751034,BALANCE,1,-6.7428557006560136e-06
1.248,0.03384604088164109,-0.009777533590932525,0.035281558121369745,0.03470134318323938,0.15621171411201937,11.644449657679672,BALANCE,1,-6.731892682178984e-06
1.25,0.03382552226279046,-0.010741462464300003,0.0337475773334841,0.03436752513582503,-0.16690902370717492,7.6932647126965845,BALANCE,1,-6.721611627273842e-06
1.252,0.0338051903408271,-0.009590833273200395,0.032213596545598466,0.033613650129245734,-0.37693750328964687,5.095143232325334,BALANCE,1,-6.716015012069373e-06
1.254,0.033789486899264295,-0.006112896977488265,0.0337475773334841,0.03366052465072916,0.023437260741714094,3.37640562529665,BALANCE,1,-6.7155941623590856e-06
1.256,0.0337746672228014,-0.008707051922561222,0.032213596545598466,0.03315409981393342,-0.25321241839787106,6.588948313766691,BALANCE,1,-6.705600929642328e-06
1.258,0.033761087741465225,-0.0048726790559859325,0.035281558121369745,0.033898710221536135,0.37230520380135756,4.3519962104050505,BALANCE,1,-6.705758008651146e-06
1.26,0.03374273854356694,-0.013476856161012617,0.0337475773334841,0.033845813710717924,-0.02644825540910542,9.40759355449935,BALANCE,1,-6.6816279354039245e-06
1.262,0.03371855482000477,-0.010707311987542906,0.0337475773334841,0.03381143097868609,-0.017191366015918697,6.221161252908696,BALANCE,1,-6.679171391343191e-06
1.264,0.03369907703318002,-0.008770832911108264,0.0337475773334841,0.03378908220286539,-0.011174387910348887,6.299915690328017,BALANCE,1,-6.67546703826138e-06
1.266,0.03368198466825641,-0.008321846232866597,0.035281558121369745,0.03431144877434191,0.26118328573826105,6.353468405063907,BALANCE,1,-6.669508005502801e-06
1.268,0.03366302253832514,-0.010640632290201816,0.0337475773334841,0.03411409377004168,-0.09867750215011503,8.570534078296246,BALANCE,1,-6.657302849758236e-06
1.27,0.03364228964735861,-0.010092639823400947,0.035281558121369745,0.0345227062930065,0.20430626148240996,5.686629293685232,BALANCE,1,-6.650302789428303e-06
1.272,0.03362069037395335,-0.011507030655173535,0.0337475773334841,0.03425141115717366,-0.13564756791642138,8.141920695381923,BALANCE,1,-6.638494328435429e-06
1.274,0.03359825940082927,-0.010924354833584926,0.032213596545598466,0.03353817604312234,-0.3566175570256583,5.412862634272735,BALANCE,1,-6.631015325528821e-06
1.276,0.03357968405020255,-0.007651337279260045,0.0337475773334841,0.03361146649474896,0.03664522581330737,3.609016249764386,BALANCE,1,-6.630157019181617e-06
1.278,0.03356401283727427,-0.008020163744016163,0.0337475773334841,0.033659105288306256,0.023819396778649443,6.766238232872658,BALANCE,1,-6.62334825673477e-06
1.28,0.033547715925834706,-0.008277047293447285,0.032213596545598466,0.03315317722835853,-0.2529640299738615,6.673221749266493,BALANCE,1,-6.6164653063249695e-06
1.282,0.03353310376774105,-0.006335379427674807,0.035281558121369745,0.033898110540912456,0.3724666562769617,4.435229287095214,BALANCE,1,-6.613723354833246e-06
1.284,0.03351533735559959,-0.011431359323672983,0.0337475773334841,0.03384542391831253,-0.02634331129996309,9.49015039796322,BALANCE,1,-6.597055717322966e-06
1.286,0.033493509793463744,-0.010396604085646188,0.035281558121369745,0.034348070889382555,0.2513234855350127,6.303278544775487,BALANCE,1,-6.590857467480708e-06
1.288,0.03347118093442337,-0.011932665442494106,0.0337475773334841,0.034137898144818095,-0.10508637228223011,8.561641351897372,BALANCE,1,-6.578399525257737e-06
1.29,0.03344748485539438,-0.011763849210414476,0.032213596545598466,0.03346439258509123,-0.33675277986343344,5.704579704314524,BALANCE,1,-6.569494482331143e-06
1.292,0.033426867005328285,-0.008854379892213724,0.035281558121369745,0.03410040052278871,0.31800396884874155,3.8175309885983038,BALANCE,1,-6.567779077371775e-06
1.294,0.0334074087663035,-0.010604216848127165,0.032213596545598466,0.033440019130772124,-0.3301906960082937,9.10056553466211,BALANCE,1,-6.556493959504402e-06
1.296,0.03338849946643488,-0.00830543064741314,0.032213596545598466,0.03301077122596134,-0.21462395240539126,3.8820733361109876,BALANCE,1,-6.5536976662215e-06
1.298,0.033373720979819985,-0.006473327654065887,0.0337475773334841,0.03326865336359431,0.12894106881648423,4.787454564890751,BALANCE,1,-6.550779483464109e-06
1.3,0.033357826367589605,-0.009421576778489848,0.032213596545598466,0.03289938347729576,-0.18463494314927345,7.558101393596454,BALANCE,1,-6.539538897926594e-06
1.302,0.03334169210349767,-0.006712983925333758,0.0337475773334841,0.03319625132696168,0.1484339248329601,5.033916981387938,BALANCE,1,-6.537867408928272e-06
1.304,0.03332547682264548,-0.009502595024581499,0.030679615757712823,0.03231542887772458,-0.4404112246185511,7.722919246491154,BALANCE,1,-6.526680579428773e-06
1.306,0.033310966147670845,-0.005008346715586204,0.032213596545598466,0.03227978756148044,-0.017820658122068983,2.9657717897003835,BALANCE,1,-6.527946574292674e-06
1.308,0.03329586594621222,-0.010092132340023752,0.035281558121369745,0.0333304072574417,0.5253098479806283,6.350813800209888,BALANCE,1,-6.513839123769507e-06
1.31,0.03327527955522279,-0.01049463710727489,0.0337475773334841,0.03347641678405654,0.07300476330741879,10.76556111224063,BALANCE,1,-6.504890218725864e-06
1.312,0.033253538235757676,-0.011247082047841719,0.032213596545598466,0.03303442970059621,-0.2209935417301634,7.162576289808655,BALANCE,1,-6.494633127774241e-06
1.314,0.033232510575459145,-0.009780964822618058,0.032213596545598466,0.032747138096347,-0.14364580212460412,4.790677510440497,BALANCE,1,-6.489694232988641e-06
1.316,0.03321461390740123,-0.008116032247652716,0.032213596545598466,0.032560398553585015,-0.0933697713809932,5.398771358649288,BALANCE,1,-6.4858743725482e-06
1.318,0.03319884677998613,-0.007651385029802862,0.032213596545598466,0.032439017850789724,-0.06069035139764575,5.796287311743173,BALANCE,1,-6.480493453854419e-06
1.32,0.03318347362980271,-0.007722047772906622,0.0337475773334841,0.03289701366973276,0.22899790947151707,6.056927633012393,BALANCE,1,-6.474371986916485e-06
1.322,0.033165849075302116,-0.00990283073544319,0.035281558121369745,0.0337316042278057,0.41729527903647257,8.408492871836224,BALANCE,1,-6.4633904511362605e-06
1.324,0.03314270662991405,-0.013240040100609998,0.0337475773334841,0.03373719481479314,0.0027952934937187923,9.971693582685806,BALANCE,1,-6.446121646238185e-06
1.326,0.033114458130808745,-0.015008978323774475,0.0337475773334841,0.033740828696334976,0.0018169407709177354,6.66277657252598,BALANCE,1,-6.429776823060749e-06
1.328,0.03308315437035194,-0.016295357620912318,0.032213596545598466,0.0332062974435772,-0.2672656263788889,6.661915949375349,BALANCE,1,-6.413286492842642e-06
1.33,0.03305176128629471,-0.015098303568602551,0.030679615757712823,0.032321958853524665,-0.4421692950262665,4.483824796500144,BALANCE,1,-6.405076854068062e-06
1.332,0.033026194869316836,-0.010468583426682193,0.032213596545598466,0.0322840320457505,-0.018963403887083813,3.0379995236886765,BALANCE,1,-6.407760862507876e-06
1.334,0.0330083669384049,-0.007359675237158716,0.032213596545598466,0.03225937962069729,-0.012326212526603958,6.427827850744839,BALANCE,1,-6.4067449227936446e-06
1.336,0.032993115501757896,-0.007892041793012365,0.0337475773334841,0.03278024882017268,0.2604345997376939,6.485898112049624,BALANCE,1,-6.399954967545672e-06
1.338,0.03297513592155279,-0.010087868948707083,0.032213596545598466,0.0325819205240717,-0.09916414805048734,8.705792811896565,BALANCE,1,-6.3887636750408255e-06
1.34,0.032955655264761026,-0.00939314597776264,0.0337475773334841,0.032989900407366046,0.2039899416471716,5.82361951592987,BALANCE,1,-6.382648829187182e-06
1.342,0.03293519729100009,-0.011065203883613631,0.03681553890925539,0.034328873883027314,0.6694867378306337,8.279929006590276,BALANCE,1,-6.371067170799947e-06
1.344,0.03290700516047213,-0.01712744492779449,0.030679615757712823,0.03305163353916724,-0.6386201719300356,12.091107559374255,BALANCE,1,-6.34191289540626e-06
1.346,0.03287353350070015,-0.016344830192396326,0.030679615757712823,0.0322214273156582,-0.4151031117545223,1.5562281873651296,BALANCE,1,-6.33174976122344e-06
1.348,0.03284490258351615,-0.012286613349677965,0.035281558121369745,0.03329247309765724,0.5355228909995208,3.300996580821825,BALANCE,1,-6.333070657538708e-06
1.35,0.03281903485271394,-0.013581593008549617,0.032213596545598466,0.03291486630443667,-0.18880339661028409,10.976925844393643,BALANCE,1,-6.319501423613374e-06
1.352,0.03279249783082728,-0.012955916740213175,0.032213596545598466,0.0326694218888433,-0.12272220779668483,5.166242109182857,BALANCE,1,-6.311026024639792e-06
1.354,0.03276800213563079,-0.011540228791150646,0.032213596545598466,0.03250988301870761,-0.0797694350678467,5.686698839133818,BALANCE,1,-6.305274178041455e-06
1.356,0.03274638692419698,-0.010075380022459252,0.030679615757712823,0.03186928947735943,-0.3202967706740882,6.027250665360122,BALANCE,1,-6.300317911081187e-06
1.358,0.03272932362453925,-0.006988233333016068,0.02914563496982718,0.030916010399723144,-0.4766395388181438,4.070970225924771,BALANCE,1,-6.299362033672249e-06
1.36,0.032718004297651475,-0.0043313016537859725,0.0337475773334841,0.03190705882653948,0.49552421340816677,2.7692145381940936,BALANCE,1,-6.298210371760711e-06
1.362,0.032698353090338646,-0.015320266924318903,0.032213596545598466,0.03201434702821012,0.05364410083532126,10.612368873378866,BALANCE,1,-6.267610496784435e-06
1.364,0.03266983364236855,-0.013199705356282251,0.030679615757712823,0.03154719108353607,-0.23357797233702557,7.090168134301982,BALANCE,1,-6.263090413666177e-06
1.366,0.032646931532700166,-0.009702825353257423,0.032213596545598466,0.03178043299525791,0.1166209558609195,4.770671630459472,BALANCE,1,-6.26282981625938e-06
1.368,0.03262820927682725,-0.009019774715549326,0.032213596545598466,0.0319320402378771,0.07580362130959681,7.592613657345394,BALANCE,1,-6.257001930030411e-06
1.37,0.03260937645142204,-0.009813396917499714,0.032213596545598466,0.03203058494557958,0.049272353851239487,7.28155782353954,BALANCE,1,-6.248177340158533e-06
1.372,0.0325890386009323,-0.010524827469220498,0.0337475773334841,0.032631532281346166,0.3004736678832928,7.081626483323946,BALANCE,1,-6.238830527273274e-06
1.374,0.032565167257944325,-0.013346954375457692,0.0337475773334841,0.03302214804959444,0.19530788412413722,9.133820142182637,BALANCE,1,-6.222491494590371e-06
1.3760000000000001,0.03253517294221182,-0.01664791278065447,0.032213596545598466,0.03273915502319585,-0.14149651319929693,8.322535247814209,BALANCE,1,-6.200439024441958e-06
1.3780000000000001,0.0325003932481232,-0.01813242070951797,0.032213596545598466,0.03255520955603677,-0.09197273357954006,5.617668318647459,BALANCE,1,-6.181620347317983e-06
1.3800000000000001,0.032463595689566443,-0.018665814347375725,0.0337475773334841,0.03297253827814334,0.20866436105328526,6.009332869487175,BALANCE,1,-6.165458595766053e-06
1.3820000000000001,0.032424084330210844,-0.020846271399709296,0.030679615757712823,0.03217001539599266,-0.4012614410753394,8.4460638575318,BALANCE,1,-6.141180910300269e-06
1.3840000000000001,0.03238372519829443,-0.019513602497318615,0.030679615757712823,0.03164837552259472,-0.2608199366989708,3.5249400706529608,BALANCE,1,-6.131525470229826e-06
1.3860000000000001,0.032347934001083184,-0.016278252717759217,0.032213596545598466,0.03184620288064603,0.0989136790256577,4.623503388364552,BALANCE,1,-6.130242938941102e-06
1.3880000000000001,0.032317278830578035,-0.014377481367870749,0.030679615757712823,0.03143789738761941,-0.20415274651331208,7.519611196220788,BALANCE,1,-6.124792435576287e-06
1.3900000000000001,0.03229164084786319,-0.011260972690344253,0.035281558121369745,0.032783178644432025,0.6726406284063082,5.076869041804956,BALANCE,1,-6.123567241056258e-06
1.3920000000000001,0.032265596256229954,-0.01478409775747717,0.0337475773334841,0.03312071818560025,0.16876977058411305,12.178489552299562,BALANCE,1,-6.1038846964141115e-06
1.3940000000000001,0.03223215916530252,-0.018653607892348656,0.030679615757712823,0.03226633233583965,-0.42719292488030064,8.174399205829214,BALANCE,1,-6.077391709348002e-06
1.3960000000000001,0.03219502333351153,-0.018482906624130713,0.030679615757712823,0.03171098153349526,-0.2776754011721942,3.3618877575954356,BALANCE,1,-6.06398774095042e-06
1.3980000000000001,0.032160384223820976,-0.016156839892999757,0.032213596545598466,0.031886896787731385,0.08795762711806196,4.531049095426322,BALANCE,1,-6.059463449993857e-06
1.4000000000000001,0.03212923771249746,-0.014990244047015286,0.030679615757712823,0.03146434842722489,-0.21127418025324723,7.4730456163600865,BALANCE,1,-6.05155521458038e-06
1.4020000000000001,0.03210182229283269,-0.012425679641096074,0.030679615757712823,0.031189691992895667,-0.13732821716461174,5.060131125444668,BALANCE,1,-6.0486919353465215e-06
1.4040000000000001,0.03207982763885439,-0.009569378702438605,0.032213596545598466,0.031548058586341646,0.17918329672298935,5.641457382492578,BALANCE,1,-6.047085651390395e-06
1.4060000000000001,0.03206024679555865,-0.01001182457956535,0.0337475773334841,0.032317890147841505,0.38491578074992955,8.201361100917413,BALANCE,1,-6.0387704727578736e-06
1.408,0.03203671175864182,-0.013523645018134576,0.032213596545598466,0.032281387387056444,-0.018251380392530353,9.899874444852495,BALANCE,1,-6.0210765687699804e-06
1.41,0.03200769870202923,-0.015489944988256225,0.030679615757712823,0.03172076731678618,-0.28031003513513325,6.678803267543123,BALANCE,1,-6.0040562477518985e-06
1.412,0.03197734962622369,-0.014859688775620576,0.032213596545598466,0.03189325754687048,0.08624511504215157,4.555040978849441,BALANCE,1,-5.994668574910839e-06
1.414,0.03194731038584058,-0.015180103869495955,0.030679615757712823,0.0314684829206653,-0.21238731310259037,7.5042102455821516,BALANCE,1,-5.982341229858067e-06
1.416,0.031918290970030724,-0.013839845454832347,0.030679615757712823,0.031192379413631934,-0.13805175351668322,5.095958039436038,BALANCE,1,-5.975583028107492e-06
1.418,0.031892628647187705,-0.011822949184345824,0.02914563496982718,0.03047601885830027,-0.3581802776658309,5.680314781584019,BALANCE,1,-5.971467104706057e-06
1.42,0.03187306370269806,-0.007742355004474513,0.032213596545598466,0.03108417104885464,0.30407609527718404,3.882400158842599,BALANCE,1,-5.972641198988114e-06
1.422,0.03185526787375243,-0.010053801111477214,0.032213596545598466,0.03147946997271498,0.19764946193017058,9.223157108029753,BALANCE,1,-5.961579306883096e-06
1.424,0.03183333437297262,-0.011880102909298732,0.030679615757712823,0.031199520997464227,-0.13997448762537687,8.401757870679807,BALANCE,1,-5.949085614916577e-06
1.426,0.03180964615884308,-0.01180854672280114,0.032213596545598466,0.03155444743931121,0.17746322092349226,5.690209239919875,BALANCE,1,-5.940394253627079e-06
1.428,0.031784419777671644,-0.013418298229275384,0.0337475773334841,0.032322042902271725,0.38379773148025653,8.25731738430951,BALANCE,1,-5.926621618598941e-06
1.43,0.03175322324374009,-0.017778809241578004,0.030679615757712823,0.03174719340167611,-0.2874247502978079,9.960513605121708,BALANCE,1,-5.9004461858878485e-06
1.432,0.031716339774813446,-0.019105337780351943,0.0337475773334841,0.032447327777808906,0.3500671880663983,4.562592219541792,BALANCE,1,-5.88145053089882e-06
1.434,0.03167400338298225,-0.023231832396257604,0.032213596545598466,0.03236552184653525,-0.040902965636826355,9.71102525457897,BALANCE,1,-5.847021704513883e-06
1.436,0.03162412169669207,-0.026650770960254824,0.030679615757712823,0.031775454715447404,-0.2950335655439243,6.584828773446061,BALANCE,1,-5.810248723189103e-06
1.438,0.03157005109178655,-0.027420828027773066,0.0337475773334841,0.03246569763176025,0.3451214581564228,4.522735037267097,BALANCE,1,-5.785698508877061e-06
1.44,0.031511560660861755,-0.031070678237592818,0.032213596545598466,0.03237746225160362,-0.044117690078313704,9.691882941374995,BALANCE,1,-5.741212949501357e-06
1.442,0.031446387081266944,-0.03410409956981965,0.035281558121369745,0.03339389580602176,0.5082167772090702,6.5791511251380275,BALANCE,1,-5.695977260108095e-06
1.444,0.031371192169156466,-0.041092194995594404,0.02914563496982718,0.03190700451335366,-0.7434456463340511,11.065491655863392,BALANCE,1,-5.612127862450896e-06
1.446,0.031288688058910635,-0.041413432093156434,0.032213596545598466,0.032014311724639345,0.05365360564284216,0.9693601908610052,BALANCE,1,-5.578876920460914e-06
1.448,0.031204927663895186,-0.04234850286567431,0.030679615757712823,0.03154716813621506,-0.23357179421214236,7.358995501698221,BALANCE,1,-5.539717236797896e-06
1.45,0.031121083385544507,-0.04149731697583189,0.030679615757712823,0.031243524803739278,-0.15182166623789115,5.039473121180131,BALANCE,1,-5.516576492982308e-06
1.452,0.031039846248377707,-0.039741313753544394,0.02761165418194154,0.02997237008611007,-0.6355773588146048,5.681504249986341,BALANCE,1,-5.50207486184266e-06
1.454,0.030966844673275085,-0.03326160350556515,0.032213596545598466,0.030756799346931006,0.3922146304104687,1.7411839003321021,BALANCE,1,-5.525893004270598e-06
1.456,0.030902620035654946,-0.030964214904566023,0.032213596545598466,0.031266678366464615,0.2549395097668043,10.016736929651334,BALANCE,1,-5.518247298732364e-06
1.458,0.030840426582411953,-0.03123038178501435,0.030679615757712823,0.031061206453401487,-0.10273595653156366,8.955382041347328,BALANCE,1,-5.493882795452188e-06
1.46,0.030778346156123217,-0.030851185874893123,0.030679615757712823,0.030927649709910455,-0.06677837174551629,6.0878622374672755,BALANCE,1,-5.473881573894138e-06
1.462,0.030717296589628483,-0.030199503040599103,0.02914563496982718,0.03030394455088131,-0.31185257951457307,6.373695041088175,BALANCE,1,-5.456031156405811e-06
1.464,0.030659777641538603,-0.02732050256166243,0.02914563496982718,0.029898536197512364,-0.20270417668447233,4.381739858304148,BALANCE,1,-5.452918821927617e-06
1.466,0.030609090521989606,-0.023367548895899547,0.02914563496982718,0.02963502076782255,-0.13175771484490692,5.23658228698232,BALANCE,1,-5.456014993381979e-06
1.468,0.03056667664312919,-0.019047109767124856,0.02914563496982718,0.02946373573852417,-0.08564251464918994,5.794270060071019,BALANCE,1,-5.460291622742803e-06
1.47,0.030532825388742562,-0.014804766994789328,0.02914563496982718,0.029352400469480223,-0.05566763452197372,6.1588073070265565,BALANCE,1,-5.463438068082697e-06
1.472,0.030506980542811448,-0.011040554109856522,0.032213596545598466,0.030353819096121608,0.5007093133206926,6.397796711995546,BALANCE,1,-5.464531276611534e-06
1.474,0.030483041647065858,-0.012898781763910502,0.030679615757712823,0.030467847927678534,0.05701441577846307,10.914968176154584,BALANCE,1,-5.451193811159741e-06
1.476,0.030455386216805377,-0.014757156955626783,0.030679615757712823,0.030541966668190534,0.037059370256000215,7.378344295295699,BALANCE,1,-5.435793651907677e-06
1.478,0.030423936679867786,-0.016692958198227772,0.02914563496982718,0.03005325057376336,-0.24435804721358728,7.229259448880354,BALANCE,1,-5.41803190881994e-06
1.48,0.030390717113880802,-0.01652721855002885,0.032213596545598466,0.030809371663905648,0.37806054507114395,4.954607793572777,BALANCE,1,-5.406729925732211e-06
1.482,0.030354491503896172,-0.01969905746219873,0.02914563496982718,0.030227063820978183,-0.2911539214637323,9.985485671591945,BALANCE,1,-5.381523167042401e-06
1.484,0.03031450917196099,-0.02028400957278324,0.030679615757712823,0.030385456998835308,0.0791965889285623,4.602876881501481,BALANCE,1,-5.3647530171734054e-06
1.486,0.03027254847310525,-0.021677460756686563,0.02914563496982718,0.029951519288682463,-0.21696885507642252,7.581261646711033,BALANCE,1,-5.34355453902742e-06
1.488,0.03022949440942183,-0.021377394504846013,0.030679615757712823,0.03020635305284309,0.1274168820803133,5.19189213591972,BALANCE,1,-5.329602738091676e-06
1.49,0.030185718533664745,-0.02239928610151519,0.02761165418194154,0.02929820844802755,-0.4540723024077705,7.968309329633813,BALANCE,1,-5.309266495717341e-06
1.492,0.03014346098800925,-0.01985903649111462,0.02914563496982718,0.02924480773065742,-0.026700358685063583,3.2677668191298146,BALANCE,1,-5.305713533586992e-06
1.494,0.030105922389052072,-0.017680252642552883,0.02914563496982718,0.02921009726436684,-0.017355233145291415,6.689387287415395,BALANCE,1,-5.301127579883791e-06
1.496,0.030072321566056385,-0.015921188131067108,0.032213596545598466,0.03026132201279791,0.5256123742155352,6.76790768320901,BALANCE,1,-5.295532414482341e-06
1.498,0.030037421029796504,-0.01897998980036727,0.030679615757712823,0.03040772482351813,0.07320140536011023,11.180774291404047,BALANCE,1,-5.271798972833346e-06
1.5,0.029996014796438767,-0.022427004841856082,0.02914563496982718,0.0299659933747263,-0.22086572439591542,7.5763522541685635,BALANCE,1,-5.241945405378629e-06
1.502,0.029949687300977003,-0.023901342388202962,0.030679615757712823,0.03021576120877158,0.1248839170226411,5.203304527867794,BALANCE,1,-5.218315920961484e-06
1.504,0.029899307263411404,-0.026479621455621643,0.02914563496982718,0.029841217025141042,-0.1872720918152694,7.990330881500718,BALANCE,1,-5.18671554118318e-06
1.506,0.029845326330451463,-0.02750230399067857,0.02761165418194154,0.029060870030021217,-0.39017349755991226,5.47657840318463,BALANCE,1,-5.161846916306953e-06
1.508,0.029792308468642652,-0.02551653260117064,0.02914563496982718,0.029090537758953303,0.014833864466042707,3.8123585115263015,BALANCE,1,-5.154469184391625e-06
1.51,0.029742618415870073,-0.024174433770609818,0.02914563496982718,0.02910982178275916,0.009642011902928974,7.060015579021657,BALANCE,1,-5.144172859386323e-06
1.512,0.029695087994235182,-0.023356861757543437,0.02914563496982718,0.029122356398232966,0.006267307736902705,7.02545976430165,BALANCE,1,-5.131691866940095e-06
1.514,0.029648757869404473,-0.02297411489870591,0.02761165418194154,0.028593610622530966,-0.2643728878509999,7.005038679181515,BALANCE,1,-5.117402751069495e-06
1.516,0.02960500760506655,-0.020776953833764118,0.02914563496982718,0.028786819144084642,0.09660426077683776,4.813911090060682,BALANCE,1,-5.112399974497066e-06
1.518,0.02956430616318354,-0.019925236388121048,0.02914563496982718,0.02891240468309453,0.06279276950494489,7.71907815420542,BALANCE,1,-5.101924715720426e-06
1.52,0.029524401275948697,-0.019980384540376005,0.02761165418194154,0.028457142007690985,-0.2276313377017735,7.4619038373074895,BALANCE,1,-5.087813225661322e-06
1.522,0.02948595350524053,-0.018468093072687725,0.030679615757712823,0.029235007820198628,0.3889329062538218,5.116886647531068,BALANCE,1,-5.080663074560815e-06
1.524,0.02944687622836784,-0.02060990227740244,0.02914563496982718,0.02920372732256862,-0.015640248815004115,10.10191954949033,BALANCE,1,-5.058182218477629e-06
1.526,0.02940363675199564,-0.022630369099872715,0.032213596545598466,0.030257181550629064,0.5267271140302222,6.869298224546434,BALANCE,1,-5.0338874892063915e-06
1.528,0.029352036995659952,-0.02897033595245014,0.02761165418194154,0.02933124697158843,-0.46296728952031735,11.277495817301997,BALANCE,1,-4.981149353673424e-06
1.53,0.02929197807525124,-0.031089688709031,0.02914563496982718,0.029266282770971992,-0.03248210030821867,3.3102507635495604,BALANCE,1,-4.9468438387357165e-06
1.532,0.029227882523107828,-0.03300704190767069,0.02914563496982718,0.02922405604057131,-0.021113365200341877,6.756087681763558,BALANCE,1,-4.911660496275438e-06
1.534,0.029160031573969528,-0.03484515475391751,0.02914563496982718,0.029196608665810864,-0.013723687380222394,6.850348770010646,BALANCE,1,-4.8750419210648826e-06
1.536,0.02908850838653613,-0.036679347724137654,0.02914563496982718,0.029178767872216575,-0.008920396797144556,6.913658671819137,BALANCE,1,-4.836530025725057e-06
1.538,0.02901327564326139,-0.0385547788031415,0.032213596545598466,0.030240957907900236,0.531095017841831,6.956850302442545,BALANCE,1,-4.79575473208248e-06
1.54,0.028929864901760898,-0.044857496313775364,0.02914563496982718,0.029857594879574668,-0.19168151416278437,11.346753213276951,BALANCE,1,-4.7112339733413934e-06
1.542,0.028835809307917848,-0.04919982687165184,0.0260776733940559,0.0285346223596431,-0.6614862599657844,5.547510694516407,BALANCE,1,-4.635693041705931e-06
1.544,0.028738597966839592,-0.0480133015805313,0.02914563496982718,0.028748476773207528,0.10692720678221433,1.7154013013684413,BALANCE,1,-4.615057880223031e-06
1.546,0.02864238356673641,-0.04820286757034355,0.02914563496982718,0.028887482142024405,0.06950268440843871,7.8812899955209375,BALANCE,1,-4.5806209310806405e-06
1.548,0.028544881394766408,-0.049301097129356326,0.0260776733940559,0.02790404908023543,-0.49171653089448775,7.596011635088151,BALANCE,1,-4.536383706608495e-06
1.55,0.02844893699985474,-0.0466450618772385,0.02761165418194154,0.02780171086583257,-0.05116910720143024,3.052832738773448,BALANCE,1,-4.5313845645008445e-06
1.552,0.028358033146702467,-0.04426046269569882,0.02914563496982718,0.028272084302230684,0.2351867181990576,6.5766321776269026,BALANCE,1,-4.524115988174085e-06
1.554,0.02826933754317009,-0.04443677165740917,0.02761165418194154,0.028040933760129484,-0.11557527105060007,8.901355603875139,BALANCE,1,-4.492888855465424e-06
1.556,0.028180883194237512,-0.044019203664497936,0.02761165418194154,0.027890685907763703,-0.07512392618289065,6.086998844103831,BALANCE,1,-4.467442265992114e-06
1.558,0.02809345720086892,-0.04340839718940572,0.02761165418194154,0.027793024803725946,-0.04883055201887823,6.407172869085112,BALANCE,1,-4.444184051429284e-06
1.56,0.028007209034604356,-0.04284135490783431,0.0260776733940559,0.02719265181034143,-0.30018649669225766,6.617218801115692,BALANCE,1,-4.420924680588558e-06
1.562,0.02792409731709675,-0.0402718907680068,0.02914563496982718,0.027876195916161445,0.34177205291000684,4.575787394487653,BALANCE,1,-4.416346260116496e-06
1.564,0.027842676588463268,-0.04115033494278273,0.02914563496982718,0.028320499584944453,0.2221518343915041,9.758043676838202,BALANCE,1,-4.381994599559477e-06
1.566,0.027757434448570047,-0.044093372294038445,0.030679615757712823,0.029146190245413383,0.412845330234465,8.833404248734151,BALANCE,1,-4.327341613705621e-06
1.568,0.02766293446006214,-0.05040835378340705,0.0260776733940559,0.028072209347438266,-0.5369904489875583,10.414322893155056,BALANCE,1,-4.232863080699909e-06
1.57,0.027560537754664424,-0.051990234389321786,0.02914563496982718,0.028447908315274387,0.18784948391806047,2.75681224736985,BALANCE,1,-4.182305619781049e-06
1.572,0.027453250035089555,-0.055299457896546333,0.02454369260617026,0.02708143281708794,-0.6832377490932229,8.583763230348023,BALANCE,1,-4.109697512592354e-06
1.574,0.027344890308890073,-0.05306226073471057,0.02914563496982718,0.027803903570546674,0.3612353767293661,1.5384931229299865,BALANCE,1,-4.100610168198959e-06
1.576,0.027237405243739993,-0.05442478076799009,0.02914563496982718,0.02827350956029485,0.2348029948740886,9.943187155432334,BALANCE,1,-4.050460898473904e-06
1.578,0.02712505158492461,-0.0579309439247431,0.02454369260617026,0.026968073626351244,-0.6527179669718035,8.965559161887063,BALANCE,1,-3.972494690936485e-06
1.58,0.027010999014212726,-0.05612372391291697,0.02761165418194154,0.02719332682080785,0.11262659722830262,1.7924589258085786,BALANCE,1,-3.9581432044472206e-06
1.582,0.026899022081277844,-0.055855267987508665,0.02454369260617026,0.026265954845684693,-0.4636859875615778,7.934169296440986,BALANCE,1,-3.925822167425725e-06
1.584,0.026790907984566206,-0.05226081667027079,0.0260776733940559,0.026200056337614616,-0.032949254035038664,3.27327949058369,BALANCE,1,-3.933112756933271e-06
1.586,0.026689416725906145,-0.04923230816361501,0.02761165418194154,0.02669411558312904,0.2470296227572114,6.720459459579322,BALANCE,1,-3.9339550500054195e-06
1.588,0.026591216181630087,-0.048970041781157284,0.02914563496982718,0.02755214736847339,0.4290158926721754,8.995272851764813,BALANCE,1,-3.905909257756391e-06
1.59,0.02648962871546672,-0.052619292330478074,0.0260776733940559,0.027036081477427268,-0.25803294552306094,10.508155347678882,BALANCE,1,-3.834629627445516e-06
1.592,0.026382873130151047,-0.054138255969680596,0.0260776733940559,0.026700638648247288,-0.16772141458998996,4.986207904949709,BALANCE,1,-3.784113197783943e-06
1.594,0.026274216131816526,-0.054520740318313964,0.02761165418194154,0.027019494085040275,0.1594277183964935,5.693913710393127,BALANCE,1,-3.746006873228771e-06
1.596,0.026163135567857175,-0.05656186616311652,0.02761165418194154,0.027226750118955718,0.10362801695772139,8.335641999309582,BALANCE,1,-3.6875412862513103e-06
1.598,0.02604696199508399,-0.0596138427868679,0.023009711818284616,0.025750786713720834,-0.737981702617442,7.907125099858122,BALANCE,1,-3.6140238739290915e-06
1.6,0.025930622720252886,-0.05672757127843579,0.02761165418194154,0.02640209032759808,0.3256518069386233,1.0908396962854665,BALANCE,1,-3.6142529455981155e-06
1.602,0.025816647049791377,-0.05725019495955993,0.02454369260617026,0.025751651125098342,-0.3252196012498692,9.644266407632141,BALANCE,1,-3.57318773969404e-06
1.604,0.025703911272573314,-0.055487655243532004,0.030679615757712823,0.02747643874651341,0.8623938107075335,4.4034191201992385,BALANCE,1,-3.5601995889254678e-06
1.606,0.025587069378801782,-0.06135638701741745,0.02454369260617026,0.026449977597393308,-0.5132305745600505,14.013308960892665,BALANCE,1,-3.451784894883222e-06
1.608,0.025462935852435142,-0.06277942192751568,0.02454369260617026,0.02578277785046524,-0.33359987346403414,2.9520162053242673,BALANCE,1,-3.3956466390899312e-06
1.61,0.025338404516449572,-0.06175420396021597,0.023009711818284616,0.02481220473920202,-0.4852865556316099,4.354186384846807,BALANCE,1,-3.372032267164675e-06
1.612,0.02521931031497976,-0.05734218744193997,0.02454369260617026,0.024718225492640904,-0.04698962328055813,3.0874209817782483,BALANCE,1,-3.3926442260163126e-06
1.614,0.025108468237233925,-0.05350192849996426,0.02454369260617026,0.02465713898237618,-0.03054325513236235,6.593101330891524,BALANCE,1,-3.405217831042747e-06
1.616,0.025004677341118598,-0.05029087615715667,0.02454369260617026,0.024617432750704108,-0.01985311583603544,6.725938513257682,BALANCE,1,-3.4101565586365886e-06
1.618,0.02490667421073327,-0.04771405634682968,0.023009711818284616,0.024054730424357285,-0.2813511631734114,6.8140007402781135,BALANCE,1,-3.4083060744487473e-06
1.62,0.024815395049777915,-0.04356678308942905,0.023009711818284616,0.02368897391223185,-0.18287825606271707,4.693065168083168,BALANCE,1,-3.4219751284443425e-06
1.622,0.024733000057703954,-0.038829724103413496,0.02761165418194154,0.025061912006630244,0.6864690471991962,5.463640829023643,BALANCE,1,-3.4395815838346026e-06
1.624,0.02465354749483875,-0.04062429977248306,0.023009711818284616,0.024343641940709274,-0.35913503296048505,12.505807923184179,BALANCE,1,-3.4012787266327913e-06
1.6260000000000001,0.024573247451082584,-0.03967722058302762,0.023009711818284616,0.023876766397860644,-0.23343777142431457,4.102747806339613,BALANCE,1,-3.386126427802707e-06
1.6280000000000001,0.024496233996975255,-0.03733764969181501,0.021475731030398976,0.02303640401924906,-0.4201811893057919,5.085088719337632,BALANCE,1,-3.383104791458826e-06
1.6300000000000001,0.024426645383858418,-0.03225224306461288,0.02454369260617026,0.02356395502467148,0.26377550271121025,3.5453269143729673,BALANCE,1,-3.4008166242316524e-06
1.6320000000000001,0.02436409850652543,-0.030295784420147867,0.02454369260617026,0.023906863178196052,0.17145407676228547,9.053346301839264,BALANCE,1,-3.3959091290338156e-06
1.6340000000000001,0.024303465609209613,-0.030338227852320418,0.023009711818284616,0.023592860202227048,-0.1570014879845021,8.340130756094979,BALANCE,1,-3.3782675997692717e-06
1.6360000000000001,0.024243656802923255,-0.02947167823899893,0.0260776733940559,0.024462544819367146,0.43484230857004924,5.698364631602984,BALANCE,1,-3.366707356314773e-06
1.6380000000000001,0.024181575929430946,-0.03261033683754247,0.0260776733940559,0.02502783982050821,0.2826475005705317,10.490188590031675,BALANCE,1,-3.3282296633577485e-06
1.6400000000000001,0.024110924888859013,-0.03804200291336021,0.0260776733940559,0.0253952815712499,0.1837208753708453,9.311553394068099,BALANCE,1,-3.2672146894026177e-06
1.6420000000000001,0.024028185615680795,-0.04469879173301546,0.02454369260617026,0.025097225433472026,-0.1490280688889369,8.54726595382936,BALANCE,1,-3.1850223247152127e-06
1.6440000000000001,0.02393374362117999,-0.04974493943926886,0.02454369260617026,0.024903488943916408,-0.09686824477780909,5.872410476571124,BALANCE,1,-3.107528653389933e-06
1.6460000000000001,0.023830192223871515,-0.0538083620568435,0.02454369260617026,0.024777560225705257,-0.06296435910557556,6.283045577875592,BALANCE,1,-3.03353584517895e-06
1.6480000000000001,0.023719094784037206,-0.05729112073371188,0.023009711818284616,0.02415881328310803,-0.3093734712986129,6.551676452205933,BALANCE,1,-2.9611725468127788e-06
1.6500000000000001,0.023603536435124105,-0.0582693531742096,0.023009711818284616,0.023756627770419834,-0.2010927563440984,4.548110500762422,BALANCE,1,-2.916929677453508e-06
1.6520000000000001,0.02348734323252741,-0.05792598609832723,0.023009711818284616,0.023495207187172507,-0.1307102916236636,5.39497641519133,BALANCE,1,-2.8889823291550354e-06
1.6540000000000001,0.023372428282636578,-0.05699107696871033,0.02454369260617026,0.02386217708382172,0.1834849483246057,5.947049939397403,BALANCE,1,-2.8687497243892037e-06
1.6560000000000001,0.023257353819939736,-0.05808550184194224,0.023009711818284616,0.023563814240883732,-0.14918142146899335,8.487402488199274,BALANCE,1,-2.823735030452168e-06
1.6580000000000001,0.023141004653353475,-0.05826580430514717,0.02454369260617026,0.023906771668734016,0.17147871392514216,5.81288252212238,BALANCE,1,-2.7897251384779664e-06
1.6600000000000001,0.0230224946049717,-0.060246423378920604,0.02761165418194154,0.02520348054835665,0.6483544398113161,8.403522405280228,BALANCE,1,-2.7324890337464664e-06
1.6620000000000001,0.0228945632445176,-0.06768728963073478,0.0260776733940559,0.025509448044351388,0.15298374799736952,12.301371441256649,BALANCE,1,-2.5963763277275916e-06
1.6640000000000001,0.022750954998149456,-0.07592359758666567,0.02454369260617026,0.025171433640987992,-0.16900720168169792,8.36186584611363,BALANCE,1,-2.4316286792742342e-06
1.666,0.022592772649015457,-0.08226166041537708,0.02454369260617026,0.024951724278801785,-0.1098546810931033,5.7706916712074845,BALANCE,1,-2.2824717745787637e-06
1.668,0.022423090778830194,-0.08742333011912452,0.02454369260617026,0.02480891319338075,-0.07140554271051723,6.23571961904083,BALANCE,1,-2.144091250171585e-06
1.67,0.0222437976987363,-0.09187304708205683,0.02454369260617026,0.02471608598785708,-0.04641360276183559,6.539705843614932,BALANCE,1,-2.0118567488997764e-06
1.672,0.022056019493532142,-0.09590861128098224,0.023009711818284616,0.024118855028506716,-0.29861547967518187,6.739014948070536,BALANCE,1,-1.8820652984702137e-06
1.674,0.02186257431995959,-0.09754011968018086,0.021475731030398976,0.02319376162916901,-0.46254669966885353,4.690389846208445,BALANCE,1,-1.798397392004322e-06
1.676,0.021669308651025072,-0.09572910335927581,0.021475731030398976,0.022592450919599497,-0.30065535478475575,3.328073234624644,BALANCE,1,-1.7862158945925241e-06
1.678,0.021481382048142664,-0.0922009554595215,0.019941750242513337,0.021664705682619342,-0.46387261849007744,4.591643841307175,BALANCE,1,-1.8092138704085012e-06
1.68,0.021303354637703168,-0.08582972888691652,0.023009711818284616,0.02213545783010219,0.23537607374142336,3.2345739585823168,BALANCE,1,-1.88537368438414e-06
1.682,0.021134905019466854,-0.08262298713119186,0.019941750242513337,0.02136766017444609,-0.38389882782804974,8.861235716849315,BALANCE,1,-1.9009192077695068e-06
1.684,0.020975120748370216,-0.07716422240367918,0.021475731030398976,0.0214054849740296,0.018912399791754658,3.865242176989053,BALANCE,1,-1.954357083419066e-06
1.686,0.020824974945824432,-0.0729843413369045,0.018407769454627694,0.020356284542238933,-0.5246002158953329,7.094282582917304,BALANCE,1,-1.9843629305188013e-06
1.688,0.020686486172535563,-0.06550697878305692,0.023009711818284616,0.021284984088854923,0.4643497733079951,2.6873008884216123,BALANCE,1,-2.0609861499357697e-06
1.69,0.020557837029787272,-0.06314452984735706,0.023009711818284616,0.021888638794155316,0.30182735265019656,10.658879771662967,BALANCE,1,-2.0621764513852896e-06
1.692,0.020430738439834284,-0.06395639747681155,0.019941750242513337,0.021207227801080624,-0.3407054965373461,9.399297416477433,BALANCE,1,-2.0205081099138597e-06
1.694,0.020304440352850603,-0.06234401216427218,0.019941750242513337,0.020764310655582072,-0.22145857274927586,4.222391408952826,BALANCE,1,-2.011950182416327e-06
1.696,0.020182534644229904,-0.05956393834323209,0.019941750242513337,0.020476414511008015,-0.14394807228702844,5.153944632658591,BALANCE,1,-2.019051994804592e-06
1.698,0.020066592691860667,-0.05638014624282047,0.019941750242513337,0.02028928201703488,-0.09356624698656814,5.7608501505843295,BALANCE,1,-2.030961594306735e-06
1.7,0.019956971074899996,-0.053243486705932416,0.019941750242513337,0.020167645895952338,-0.06081806054127059,6.15673465975303,BALANCE,1,-2.0418163484692064e-06
1.702,0.019853322086401122,-0.050407407945820666,0.019941750242513337,0.020088582417248688,-0.03953173935182519,6.415455513229649,BALANCE,1,-2.0488865278096093e-06
1.704,0.01975491413306396,-0.048002355162592464,0.019941750242513337,0.020037191156091316,-0.02569563057868568,6.585019990506442,BALANCE,1,-2.051191718581684e-06
1.706,0.019660830085296694,-0.04608342286018298,0.019941750242513337,0.020003786836339025,-0.016702159876145692,6.696632823253334,BALANCE,1,-2.0486235838632234e-06
1.708,0.019570087615531542,-0.04466071570983037,0.019941750242513337,0.019982074028500035,-0.010856403919495133,6.770577087055784,BALANCE,1,-2.0414422108650613e-06
1.71,0.019481709973479613,-0.04371855165900306,0.01687378866674205,0.01889417415188474,-0.543949938307647,6.820036781044349,BALANCE,1,-2.0300110111330747e-06
1.712,0.019399125405768516,-0.03886753483616496,0.021475731030398976,0.019797719059364723,0.45177245373999136,2.4937933481725936,BALANCE,1,-2.053846001571529e-06
1.714,0.019321605596778202,-0.03865369979328235,0.019941750242513337,0.019848129973466737,0.025205457051006783,10.517744722814374,BALANCE,1,-2.0379477356928633e-06
1.716,0.019243899525822693,-0.039053800228565035,0.019941750242513337,0.019880897067633047,0.016383547083154842,7.112203030143311,BALANCE,1,-2.016993465246834e-06
1.718,0.019164924668516083,-0.039922509480085536,0.019941750242513337,0.019902195678841147,0.010649305604050474,7.047569955464001,BALANCE,1,-1.991822245922857e-06
1.72,0.019083845631085818,-0.041158019051597196,0.018407769454627694,0.01937914650036644,-0.26152458923735417,7.00695437943942,BALANCE,1,-1.962884436123182e-06
1.722,0.019002181269218783,-0.0405078446850023,0.018407769454627694,0.019039164534357878,-0.16999098300428048,4.802056099299773,BALANCE,1,-1.9502421724467867e-06
1.724,0.01892273453602455,-0.03894034959778948,0.018407769454627694,0.018818176256452313,-0.11049413895278248,5.5177338641107205,BALANCE,1,-1.945792350912894e-06
1.726,0.018846750298406465,-0.03704528543313621,0.019941750242513337,0.01921142715157367,0.19662544756067837,5.98421295509966,BALANCE,1,-1.944260958592837e-06
1.728,0.018772354777991537,-0.03735160317728796,0.019941750242513337,0.019467040233402552,0.1278065409144411,8.468606986344943,BALANCE,1,-1.925357987577324e-06
1.73,0.01869596917979632,-0.039035399813672066,0.018407769454627694,0.01909629546083135,-0.18537238628560035,7.937285926131459,BALANCE,1,-1.8947935178031562e-06
1.732,0.01861754483421623,-0.03939038805946405,0.01687378866674205,0.018318418082900096,-0.3889386889656277,5.413429081269022,BALANCE,1,-1.8746007614813474e-06
1.734,0.01854123236671783,-0.036923482896600655,0.021475731030398976,0.019423477614524703,0.5525297658123037,3.7418897007695078,BALANCE,1,-1.8779918899281514e-06
1.736,0.018464696239870806,-0.03961405151989657,0.021475731030398976,0.0201417663100807,0.35914434777799786,11.34382560641334,BALANCE,1,-1.839356167471705e-06
1.738,0.018379808147446764,-0.045275602074430606,-0.05809358658139709,-0.00724060720193653,-13.691186756008614,9.84386793713427,BALANCE,1,-1.769683050156098e-06
1.74,0.018390866134014385,0.056333791940523785,0.018407769454627694,0.0017363246278609464,4.488465914898738,-100.0,BALANCE,1,-1.652223849303379e-06
1.742,0.018462589366403676,0.015390759535960481,0.01687378866674205,0.007034437041469331,2.6490562068041923,41.77301311665219,BALANCE,1,-1.981020666638346e-06
1.744,0.018424735674156263,-0.05324514790267821,0.018407769454627694,0.011015103386074756,1.9903331723027125,27.377029084120622,BALANCE,1,-1.6956642196219941e-06
1.746,0.018324011377870906,-0.047481000805429885,0.021475731030398976,0.014676323061588229,1.8306098377567368,22.34828780946232,BALANCE,1,-1.735809168176358e-06
1.748,0.018219263211198725,-0.05726909228554119,0.01380582709097077,0.014371649471872116,-0.15233679485805643,21.293109578237644,BALANCE,1,-1.603914043595299e-06
1.75,0.018097337963523755,-0.06465839771847365,0.015339807878856412,0.014710504914316616,0.16942772122225008,5.414130431830705,BALANCE,1,-1.4817504512251918e-06
1.752,0.017960112430238116,-0.07256965929018411,0.018407769454627694,0.01600454750342549,0.6470212945544366,8.011519988002691,BALANCE,1,-1.3368257316870525e-06
1.754,0.017802707140073645,-0.08483852572992183,0.01380582709097077,0.015234995359066335,-0.38477607217957727,11.9131120395074,BALANCE,1,-1.097696890924108e-06
1.756,0.01762528136891856,-0.09259050849319972,0.018407769454627694,0.01634546629251281,0.5552354667232368,3.6156069760455525,BALANCE,1,-9.139881887336046e-07
1.758,0.017428671871308046,-0.10402260500656857,0.01380582709097077,0.015456592571973092,-0.44443686026985824,11.205596636533356,BALANCE,1,-6.336696298759547e-07
1.76,0.017214052190006456,-0.11060102343173177,0.019941750242513337,0.017026397756662176,0.784902592344542,3.157976915870608,BALANCE,1,-4.3930838367532687e-07
1.762,0.01698054504066301,-0.12291042042674397,0.018407769454627694,0.017509877850950106,0.24174004714396477,13.090286127418487,BALANCE,1,-8.571175614950254e-08
1.764,0.01672176031057677,-0.135879069084061,0.01380582709097077,0.016213460084957335,-0.6482088829963851,8.777496547041336,BALANCE,1,3.236107286347717e-07
1.766,0.016443655422127088,-0.14223093414385868,0.01687378866674205,0.016444575088581985,0.11555750181232484,1.5833627319759618,BALANCE,1,5.663260535347841e-07
1.768,0.016152448219412092,-0.14898162434615905,0.018407769454627694,0.01713169311669798,0.34355901405799805,7.710649625680837,BALANCE,1,8.31889269399427e-07
1.77,0.015845519984140497,-0.15795225586187103,0.018407769454627694,0.017578319834973377,0.22331335913769804,9.57931514395652,BALANCE,1,1.18338869162205e-06
1.772,0.015519652499778313,-0.1679212217917472,0.01687378866674205,0.01733173392609241,-0.12329295444048378,8.64766317165764,BALANCE,1,1.5900660199923496e-06
1.774,0.015175759831018168,-0.17597777181004787,0.015339807878856412,0.016634559809559808,-0.34858705826630065,5.863483855284546,BALANCE,1,1.9477306423096384e-06
1.776,0.014819245871189168,-0.18054274502760506,0.01380582709097077,0.015644503358053643,-0.4950282257530827,4.0226274896479675,BALANCE,1,2.1842717423823974e-06
1.778,0.014457849524097543,-0.18086024890786467,0.015339807878856412,0.01553785994033461,-0.053321708859516495,2.7948236633349515,BALANCE,1,2.2587868017113414e-06
1.78,0.01409596310310207,-0.18103282797985196,0.01380582709097077,0.014931648443057263,-0.3031057486386733,6.325184765408405,BALANCE,1,2.3262680534607877e-06
1.782,0.013735883455506068,-0.17905344231299045,0.01380582709097077,0.014537610969826989,-0.19701873661513714,4.293526087027123,BALANCE,1,2.3092271423791843e-06
1.784,0.013380794441474308,-0.17604210265912681,0.015339807878856412,0.014818379887987284,0.1403844590801475,5.121487457015561,BALANCE,1,2.2518406402085063e-06
1.786,0.013029898528191704,-0.1748602644719101,0.01227184630308513,0.013927093133271527,-0.44564337735787835,7.840522833645053,BALANCE,1,2.262151282021885e-06
1.788,0.012684514924780042,-0.17052969143406338,0.01227184630308513,0.013347756742706286,-0.28966819528262067,3.1016083554845553,BALANCE,1,2.1548801705273747e-06
1.79,0.012349300928282328,-0.16469047054041955,0.010737865515199488,0.012434294813078905,-0.4567309648136905,4.317319180001244,BALANCE,1,1.9954803866167954e-06
1.792,0.012028457552870558,-0.1561588060600928,0.01380582709097077,0.012914331110341055,0.24001814863107515,2.9284961669376575,BALANCE,1,1.7495292291062374e-06
1.794,0.011721401830739359,-0.15090256368649724,0.010737865515199488,0.012152568152041503,-0.3808814791497758,8.53387411855358,BALANCE,1,1.6202932281826817e-06
1.796,0.011427027082500778,-0.1434775989495269,0.010737865515199488,0.011657422229146796,-0.24757296144735375,3.5234018324392076,BALANCE,1,1.4272533969226999e-06
1.798,0.01114833933432849,-0.13521527510882494,0.010737865515199488,0.011335577379265235,-0.16092242494078046,4.562492703130731,BALANCE,1,1.2186681671801856e-06
1.8,0.010886222884545414,-0.12690599578038209,0.010737865515199488,0.011126378226842221,-0.10459957621150681,5.238653419666276,BALANCE,1,1.0203386410411113e-06
1.802,0.01064032286461593,-0.11899854699913541,0.007669903939428206,0.009916612226247314,-0.6048830002974536,5.678909536000453,BALANCE,1,8.440839209094279e-07
1.804,0.010413960093967835,-0.10736838716290627,0.009203884727313847,0.009667157601620598,-0.12472731231335815,1.6060395057224346,BALANCE,1,5.913159376422816e-07
1.806,0.010210253840433477,-0.09634161317050313,0.01227184630308513,0.01057879864713318,0.45582052275629137,5.434251163637918,BALANCE,1,3.7644273377893035e-07
1.808,0.010023375706329744,-0.0905399582141474,0.007669903939428206,0.009560685499436438,-0.5090565738483716,10.135448066655297,BALANCE,1,2.8304824350679767e-07
1.81,0.009851349447310505,-0.08148946492118021,0.01227184630308513,0.010509591780713477,0.4744531406385196,2.357256642056075,BALANCE,1,1.3709720857129732e-07
1.812,0.009692311146221325,-0.07755176139555178,0.010737865515199488,0.010589487587783579,0.039947903535050844,10.28437065318397,BALANCE,1,8.85909593944785e-08
1.814,0.009540185135588256,-0.07457704732942869,0.007669903939428206,0.009567633310859195,-0.5109271384621917,6.815240402297983,BALANCE,1,5.754083249792437e-08
1.816,0.009397638763722524,-0.06797194643378114,0.009203884727313847,0.00944032130661832,-0.06365600212043711,2.3488423363667508,BALANCE,1,-2.7002093370831328e-08
1.818,0.009267875029501103,-0.06179417457346105,0.009203884727313847,0.009357568503861753,-0.041376401378283995,5.92126077110766,BALANCE,1,-9.82567655672136e-08
1.82,0.009149920441038016,-0.05616258346855907,0.009203884727313847,0.009303779182069984,-0.026894660895884423,6.096403922580263,BALANCE,1,-1.5632681069819813e-07
1.822,0.00904264038865875,-0.05111944215124092,0.009203884727313847,0.009268816122905334,-0.017481529582324788,6.210891242968367,BALANCE,1,-2.0255003389605136e-07
1.824,0.008944860835523863,-0.04666190947965954,0.009203884727313847,0.009246090134448312,-0.011362994228511156,6.285952273151546,BALANCE,1,-2.386899328803357e-07
1.826,0.00885543870154862,-0.04276186927170883,0.007669903939428206,0.008694424966191272,-0.27583258412852,6.335386214701524,BALANCE,1,-2.665217458860111e-07
1.828,0.008775479992414743,-0.03719831057634325,0.007669903939428206,0.008335842606824196,-0.17929117968353783,4.188268470399269,BALANCE,1,-3.056761610978949e-07
1.83,0.008707337126565667,-0.030945808654969115,0.007669903939428206,0.008102764073235597,-0.11653926679429989,4.940751932918466,BALANCE,1,-3.441116849197283e-07
1.832,0.00865180626152535,-0.024586077790812823,0.007669903939428206,0.007951263026403007,-0.07575052341629497,5.4304030768317,BALANCE,1,-3.7610907661343114e-07
1.834,0.008608764829139458,-0.018456146277651856,0.006135923151542565,0.007315894070201849,-0.3176844781005786,5.749213213651065,BALANCE,1,-3.998798666642897e-07
1.836,0.008579707366308675,-0.010601851024244387,0.007669903939428206,0.007439797524431072,0.06195172711461133,3.7770826176187664,BALANCE,1,-4.212846631520731e-07
1.838,0.008563581373583014,-0.005524438316889558,0.006135923151542565,0.006983441493920092,-0.2281780152554899,6.823094426098924,BALANCE,1,-4.2839133152323554e-07
1.84,0.008550714902667584,-0.007342269255647897,0.009203884727313847,0.007760596625607904,0.3885775658439058,4.476071813606239,BALANCE,1,-4.2460036673272504e-07
1.842,0.008534683995960185,-0.008688932313994539,0.006135923151542565,0.007191960909685033,-0.2843178579614355,9.458297889627797,BALANCE,1,-4.206854568188158e-07
1.844,0.008519748720574117,-0.006246617784513436,0.007669903939428206,0.007359240970095141,0.083640030205054,4.042454748411631,BALANCE,1,-4.230771495094847e-07
1.846,0.00850406672626037,-0.009435664972614362,0.007669903939428206,0.007467973009361711,0.05436601963328515,6.997626505562173,BALANCE,1,-4.1617123426575693e-07
1.848,0.008486101681258785,-0.008529710468285082,0.006135923151542565,0.007001755559125008,-0.23310872511835173,6.771451937945888,BALANCE,1,-4.1611076385476345e-07
1.85,0.008470585885685783,-0.006986370494418667,0.007669903939428206,0.007235607492231125,0.11692596655305844,4.445081284030416,BALANCE,1,-4.17116499138885e-07
1.852,0.00845425536843027,-0.009344447133720261,0.009203884727313847,0.007924504524510075,0.34444851613947514,7.260837054886511,BALANCE,1,-4.1138201795213113e-07
1.854,0.008433273618506846,-0.011637688714554577,0.007669903939428206,0.007835394319731417,-0.04455510238932873,9.123936174419484,BALANCE,1,-4.0416396553777155e-07
1.856,0.008409381031553418,-0.012255337705226734,0.006135923151542565,0.007240579410865316,-0.2974074544330506,6.008127692766278,BALANCE,1,-4.002212475299152e-07
1.858,0.008386830093419121,-0.010296015219717054,0.009203884727313847,0.007927736271622299,0.3435784303784913,3.9510680977667105,BALANCE,1,-4.0270493808279847e-07
1.86,0.008364284271502086,-0.012250221391289203,0.009203884727313847,0.008374388231114338,0.22332597974601948,9.12177013515879,BALANCE,1,-3.9578227956441746e-07
1.862,0.008336881197212695,-0.015153356933132401,0.009203884727313847,0.008664712004784164,0.1451618868349132,8.18822452531476,BALANCE,1,-3.846024992484611e-07
1.864,0.008303229398209815,-0.01849906104022424,0.007669903939428206,0.008316529181909576,-0.1740914114372943,7.5820641508470565,BALANCE,1,-3.69296845684441e-07
1.866,0.008264824173552081,-0.019906870021412088,0.010737865515199488,0.009163996898561042,0.4237338583257333,5.008810101133303,BALANCE,1,-3.5978435154981916e-07
1.868,0.00822033182897627,-0.024586292919547725,0.009203884727313847,0.009177957638624522,0.006980370031739805,9.844093121616323,BALANCE,1,-3.3325898774631103e-07
1.87,0.008166981824256892,-0.028764693088762974,0.007669903939428206,0.008650138843905808,-0.26390939735935687,6.512738451195909,BALANCE,1,-3.043348097502415e-07
1.872,0.008107884996799401,-0.030333221363940902,0.007669903939428206,0.008307056627338645,-0.17154110828358163,4.315681212152794,BALANCE,1,-2.8878610533687515e-07
1.874,0.008047188502479059,-0.030364389376635735,0.006135923151542565,0.0075471599108100145,-0.3799483582643151,5.035704003090434,BALANCE,1,-2.8281281901033315e-07
1.8760000000000001,0.007989472002352931,-0.02735317235980322,0.010737865515199488,0.008663906872346328,0.5583734807681566,3.3243616322350102,BALANCE,1,-2.9590359175933465e-07
1.8780000000000001,0.007932837377219405,-0.029282494481703895,0.006135923151542565,0.007779112570065009,-0.44239715114065964,10.899673943561432,BALANCE,1,-2.789406228561601e-07
1.8800000000000001,0.007876121397378677,-0.02743452856642794,0.007669903939428206,0.0077408895493421255,-0.019111510361441517,2.8419770526680352,BALANCE,1,-2.8484302241481687e-07
1.8820000000000001,0.007822986870982854,-0.02570097516163001,0.007669903939428206,0.007716044585872251,-0.012422481734937312,6.227516975568276,BALANCE,1,-2.8975859107670296e-07
1.8840000000000001,0.007773165348777822,-0.0241214634380883,0.007669903939428206,0.007699895359616833,-0.008074613127709036,6.281081715689291,BALANCE,1,-2.9357922066498396e-07
1.8860000000000001,0.007726332083060882,-0.022712663709163108,0.007669903939428206,0.007689398362550811,-0.005248498533011112,6.316435690043716,BALANCE,1,-2.9634451924090734e-07
1.8880000000000001,0.007682142375201333,-0.0214778569564887,0.006135923151542565,0.007145682038697922,-0.2718581619264443,6.339952666649848,BALANCE,1,-2.981572588090894e-07
1.8900000000000001,0.007642432339431781,-0.018232909223723094,0.007669903939428206,0.007329159703953519,0.09173883262779836,4.175881516478948,BALANCE,1,-3.0832042936211317e-07
1.8920000000000001,0.0076079923131661484,-0.01620775051774821,0.009203884727313847,0.00798531346212963,0.3280768790880559,7.097131964769016,BALANCE,1,-3.126687503577945e-07
1.8940000000000001,0.007574574405728258,-0.017210771593693597,0.006135923151542565,0.007338026853424155,-0.32364330435273764,9.028802624634068,BALANCE,1,-3.0610699010654205e-07
1.8960000000000001,0.007541892983881409,-0.015471251382122415,0.007669903939428206,0.00745418383352557,0.05807849005070751,3.7776715659560764,BALANCE,1,-3.092632819411154e-07
1.8980000000000001,0.00751186755968287,-0.0145547250916978,0.0046019423636569235,0.006455899319071541,-0.4991422572270146,6.839906176756428,BALANCE,1,-3.095382849400154e-07
1.9000000000000001,0.00748747672529079,-0.00983655793812016,0.010737865515199488,0.00795458748771632,0.7493440843223892,2.323534307531224,BALANCE,1,-3.1966036187368e-07
1.9020000000000001,0.007464289794906382,-0.013350798934437361,0.006135923151542565,0.007318054970055503,-0.31826625883040827,12.402937247542685,BALANCE,1,-3.089279538748571e-07
1.9040000000000001,0.007438186241720361,-0.012753234389721818,0.006135923151542565,0.006904308833575972,-0.20687306823976562,3.8253261622546666,BALANCE,1,-3.0830215324742637e-07
1.9060000000000001,0.007414682361938844,-0.010751077713669318,0.006135923151542565,0.006635373844864277,-0.1344674943558476,4.693027780557751,BALANCE,1,-3.11267029620608e-07
1.9080000000000001,0.007395252414689966,-0.008679226922978511,0.007669903939428206,0.006997459377961649,0.18104276654868626,5.257463347075365,BALANCE,1,-3.1386735895189175e-07
1.9100000000000001,0.007376504769105666,-0.010068763496824664,0.006135923151542565,0.0066959216987149675,-0.1507688396233408,7.8046700581730715,BALANCE,1,-3.094585551352964e-07
1.9120000000000001,0.007357193374980569,-0.009242985834682409,0.007669903939428206,0.007036815482964598,0.1704468921248153,5.133424132381797,BALANCE,1,-3.0948487285674517e-07
1.9140000000000001,0.0073372090729705896,-0.010741683757378082,0.007669903939428206,0.007258396442726858,0.11079047988112999,7.725010976518616,BALANCE,1,-3.045616495902807e-07
1.9160000000000001,0.007314227298181006,-0.012240513748643796,0.007669903939428206,0.007402424066572327,0.07201381192273446,7.262506215443414,BALANCE,1,-2.989054734753307e-07
1.9180000000000001,0.007288236411828165,-0.013750850669092414,0.007669903939428206,0.007496042022071882,0.04680897774977759,6.9624150140202925,BALANCE,1,-2.924842974947176e-07
1.92,0.007259234475792612,-0.015251618815507174,0.007669903939428206,0.007556893693146593,0.030425835537355606,6.767892626371026,BALANCE,1,-2.8535821616830984e-07
1.922,0.007227264077648703,-0.016719367378309542,0.007669903939428206,0.007596447279345156,0.019776793099281122,6.641989967674762,BALANCE,1,-2.7762683040933817e-07
1.924,0.007192411504615682,-0.018133846718399543,0.009203884727313847,0.008159050386134195,0.28130155339451973,6.56069013279795,BALANCE,1,-2.6941019528121673e-07
1.926,0.007152617563439344,-0.021660826409993124,0.006135923151542565,0.007450955854027122,-0.35404726605353654,8.688276211644427,BALANCE,1,-2.5107902856885416e-07
1.928,0.007109068230261261,-0.021889307797850213,0.007669903939428206,0.007527587683917499,0.03831591494518832,3.5644901753043574,BALANCE,1,-2.4636196654286096e-07
1.93,0.00706473254822203,-0.02244718973497615,0.0046019423636569235,0.006503611821826295,-0.5119879310456019,6.709499050624363,BALANCE,1,-2.4002485495410806e-07
1.932,0.007023459293509282,-0.018826824145279974,0.007669903939428206,0.006911814062986962,0.20410112058033342,2.246930453336934,BALANCE,1,-2.525412592363749e-07
1.934,0.006987251778228301,-0.017381357124572186,0.007669903939428206,0.007177145519741395,0.13266572837721674,8.001517363626654,BALANCE,1,-2.5513804825656565e-07
1.936,0.006952598340299036,-0.01727271820768172,0.007669903939428206,0.007349610966631777,0.0862327234451908,7.447389542510935,BALANCE,1,-2.526963348215098e-07
1.938,0.006917392974871975,-0.01793329477396247,0.007669903939428206,0.007461713507110525,0.05605127023937395,7.0877433520614765,BALANCE,1,-2.4734156667046597e-07
1.94,0.00688045763955873,-0.019002719914211652,0.006135923151542565,0.006997686882661737,-0.232013312224394,6.854510221545089,BALANCE,1,-2.4012855303039447e-07
1.942,0.006843365627808806,-0.018089974094008074,0.006135923151542565,0.006696069576770024,-0.15080865294585635,4.52355150174455,BALANCE,1,-2.4074367045189414e-07
1.944,0.006809141219669978,-0.016135063558263253,0.007669903939428206,0.007036911603700385,0.17042101346518038,5.156430951534703,BALANCE,1,-2.451301989744269e-07
1.946,0.0067770757988217375,-0.015930947090690446,0.009203884727313847,0.007795352196965094,0.3792202966323545,7.748126186759558,BALANCE,1,-2.4326415069702134e-07
1.948,0.00674224020913642,-0.01890528334688943,0.0046019423636569235,0.006677658755307232,-0.5588467208289308,9.465585958132227,BALANCE,1,-2.2943990967490268e-07
1.95,0.0067063930238777745,-0.01694256127446931,0.0046019423636569235,0.005951158018229622,-0.3632503685388052,1.8953237436935337,BALANCE,1,-2.3410731404257716e-07
1.952,0.00667707261120642,-0.012378390710159237,0.0046019423636569235,0.005478932539129175,-0.23611273955022327,3.4176947493935286,BALANCE,1,-2.4607236823249894e-07
1.954,0.006657643761083343,-0.0070508167845649,0.007669903939428206,0.006245772529233833,0.383419995052329,4.407558039063982,BALANCE,1,-2.55588569397925e-07
1.956,0.006640393102826782,-0.01020015877298199,0.007669903939428206,0.0067442185228018614,0.24922299678401416,9.411079469796526,BALANCE,1,-2.4844321462045347e-07
1.958,0.006618251553127359,-0.011941798189934783,0.0046019423636569235,0.005994421867101131,-0.37489832785036514,8.368759086968652,BALANCE,1,-2.4260187306863294e-07
1.96,0.006596439979104768,-0.009870177029320179,0.007669903939428206,0.0065808405924156045,0.2932093626572367,3.3319995749249927,BALANCE,1,-2.457252006024883e-07
1.962,0.006575031238345621,-0.011538957514426056,0.007669903939428206,0.0069620127638700124,0.19058608572720395,8.713362390623159,BALANCE,1,-2.402545556050424e-07
1.964,0.006549554596892506,-0.013938152546569162,0.0030679615757712823,0.005599094848035455,-0.6814589579172787,7.916638908022936,BALANCE,1,-2.3176651311836994e-07
1.966,0.0065255260877516,-0.01009079857001575,0.009203884727313847,0.00686077130578289,0.6308382288737175,0.8596233028866074,BALANCE,1,-2.3977840129888533e-07
1.968,0.006502267446000007,-0.013168270991929302,0.0046019423636569235,0.006070181176038799,-0.3952950648720456,11.43507353894058,BALANCE,1,-2.303597954026116e-07
1.97,0.006477357094118018,-0.011742539084589122,0.007669903939428206,0.006630084143225089,0.2799514835931452,3.1797858174250377,BALANCE,1,-2.3224509387514472e-07
1.972,0.006452403652125609,-0.013211361893050357,0.0046019423636569235,0.005920234520376229,-0.3549248114244302,8.616678400006386,BALANCE,1,-2.2643639780253525e-07
1.974,0.006427816409440493,-0.011376333043842824,0.006135923151542565,0.005995725541284444,0.03774551045410742,3.496261109398926,BALANCE,1,-2.293850858172237e-07
1.976,0.006405783364144661,-0.010657117521914094,0.007669903939428206,0.006581687980634758,0.2929812196751573,6.643352290789977,BALANCE,1,-2.2941107783898172e-07
1.978,0.006382260495956277,-0.012866183337845493,0.0046019423636569235,0.005888777014692514,-0.34645548297112216,8.721712048515522,BALANCE,1,-2.2209763147725033e-07
1.98,0.006357975786873615,-0.011418972431816532,0.006135923151542565,0.00597527816259003,0.04325057394875776,3.56582152479169,BALANCE,1,-2.2402543617490274e-07
1.982,0.006335550578050924,-0.011006648874118272,0.006135923151542565,0.006031503908723415,0.028112873066692568,6.689855104657099,BALANCE,1,-2.2333627348978978e-07
1.984,0.006313363635513438,-0.0111807017636691,0.006135923151542565,0.006068050643710115,0.01827336749335006,6.573333343150324,BALANCE,1,-2.2127251074955597e-07
1.986,0.006290618723140733,-0.011564628972396386,0.0046019423636569235,0.005554912745691495,-0.25656894900930993,6.498023712791529,BALANCE,1,-2.1865367204779375e-07
1.988,0.006269236043619031,-0.009818443857627077,0.006135923151542565,0.005758266387739367,0.1016768210239361,4.269607889438269,BALANCE,1,-2.210557242688244e-07
1.99,0.006249281480658051,-0.010136486141941677,0.006135923151542565,0.0058904462550704835,0.06608993366555814,7.148926921504659,BALANCE,1,-2.1890844074043695e-07
1.992,0.0062281711070628154,-0.010974275751247698,0.006135923151542565,0.0059763631688357095,0.04295845688261296,6.873340703928515,BALANCE,1,-2.1547150982883474e-07
1.994,0.006205378240201176,-0.011819010355725312,0.006135923151542565,0.006032209162783107,0.02792299697369858,6.6946391771246345,BALANCE,1,-2.117496607319539e-07
1.996,0.00618094205421915,-0.012617625098504353,0.007669903939428206,0.006605402334608889,0.28659658591289117,6.5789126993227205,BALANCE,1,-2.078864816642153e-07
1.998,0.006152783433896058,-0.015541513164910526,0.007669903939428206,0.006977977896295648,0.18628778084337935,8.68401408161273,BALANCE,1,-1.9705997145342359e-07
2.0,0.006117931648628627,-0.019310913154721762,0.007669903939428206,0.007220152011392041,0.12108705754819643,7.9052937703371,BALANCE,1,-1.805297103257156e-07
2.0020000000000002,0.006075101134372282,-0.023520388912397258,0.006135923151542565,0.006840671910444722,-0.1897400504736594,7.3996624612836985,BALANCE,1,-1.5822414588409498e-07
2.004,0.00602588484301231,-0.02569680771834344,0.006135923151542565,0.006594009844828964,-0.12333103280787877,4.891644925434102,BALANCE,1,-1.4329282973343588e-07
2.0060000000000002,0.0059735338790511405,-0.026655119173102093,0.006135923151542565,0.006433679502178722,-0.08016517132512128,5.409436144792368,BALANCE,1,-1.3424396961335761e-07
2.008,0.005919981096912591,-0.026898648002470316,0.0030679615757712823,0.005255678227936116,-0.5890006371213029,5.746429951995849,BALANCE,1,-1.2910388239418755e-07
2.0100000000000002,0.005870699543517683,-0.0223838118689869,0.006135923151542565,0.00556376395119837,0.15404286163112718,1.6061172848174268,BALANCE,1,-1.494173363101585e-07
2.012,0.005828596739275915,-0.019719766804034575,0.006135923151542565,0.005764019671318836,0.10012786006023287,7.570063171022842,BALANCE,1,-1.584824224062103e-07
2.0140000000000002,0.005790621871681327,-0.01825579929282583,0.006135923151542565,0.005894185889397139,0.06508310903915147,7.15191130559718,BALANCE,1,-1.6181544124857326e-07
2.016,0.00575479803290981,-0.017568698415032603,0.006135923151542565,0.005978793931148036,0.042304020875448455,6.880542107691106,BALANCE,1,-1.620066024209678e-07
2.0180000000000002,0.005719855021238914,-0.017374955990259847,0.0030679615757712823,0.00496000260676617,-0.5093956621909329,6.704581643672765,BALANCE,1,-1.6036871169636094e-07
2.02,0.005689355901916395,-0.013124724329502253,0.0046019423636569235,0.004834681521677931,-0.06266054254411942,2.2308487002001556,BALANCE,1,-1.721478415805032e-07
2.0220000000000002,0.005666911436156073,-0.00932015427222507,0.007669903939428206,0.005827009367890525,0.4961639231062967,5.798177328573705,BALANCE,1,-1.7975619317964766e-07
2.024,0.005645793789950705,-0.01179788036510279,0.0046019423636569235,0.005398235916408762,-0.21438672574088144,10.329478126423368,BALANCE,1,-1.7276874686104976e-07
2.0260000000000002,0.00562284000066146,-0.011156331131902718,0.006135923151542565,0.00565642644870559,0.12909526614841416,4.620426175740318,BALANCE,1,-1.7281709556168762e-07
2.028,0.005599679004978047,-0.01200509056963011,0.007669903939428206,0.006361143570458503,0.3523585608764565,7.3849048280822345,BALANCE,1,-1.6919028269346975e-07
2.0300000000000002,0.005572211900524619,-0.015462519105922485,0.0046019423636569235,0.005745423148077948,-0.30786021119027757,9.21456644192584,BALANCE,1,-1.5725427203497057e-07
2.032,0.005541192497800848,-0.015557454182610168,0.0046019423636569235,0.005345204873530587,-0.20010913727368024,3.8970221246787484,BALANCE,1,-1.5491107391764154e-07
2.0340000000000003,0.005511569833403775,-0.014065755089057925,0.0046019423636569235,0.0050850629950748025,-0.13007093922789242,4.736086660513392,BALANCE,1,-1.5769741931652705e-07
2.036,0.005485602459969933,-0.011902095985188675,0.006135923151542565,0.005452864049838517,0.18390052738185722,5.281800744771362,BALANCE,1,-1.6200970467840578e-07
2.0380000000000003,0.00546168137351105,-0.012019430473601234,0.0030679615757712823,0.004618148183914983,-0.417357932961767,7.816731113745151,BALANCE,1,-1.601689459805895e-07
2.04,0.0054408419825201755,-0.00882034383534075,0.0046019423636569235,0.00461247614682466,-0.0028360185451614846,2.9575041086775267,BALANCE,1,-1.659429212545106e-07
2.0420000000000003,0.005424012071742244,-0.008009876509437356,0.0046019423636569235,0.00460878932271595,-0.0018434120543551168,6.274261597014316,BALANCE,1,-1.663216148105352e-07
2.044,0.005407399827193286,-0.008602673601731635,0.007669903939428206,0.005680179438565237,0.5356950579246434,6.2829029973587875,BALANCE,1,-1.6421208847519985e-07
2.0460000000000003,0.005385620800466633,-0.013176753721335373,0.006135923151542565,0.005839689738107299,0.07975514977103101,10.648630200029448,BALANCE,1,-1.5220229976755124e-07
2.048,0.0053566611830545815,-0.015783396367029866,0.006135923151542565,0.005943371432809639,0.05184084735117018,7.011849490720693,BALANCE,1,-1.423190842046941e-07
2.05,0.005322611881747801,-0.018266531234998266,0.0046019423636569235,0.005473871258606186,-0.2347500871017266,6.795944647330509,BALANCE,1,-1.3116008987704883e-07
2.052,0.005285860444699707,-0.018485581812618165,0.006135923151542565,0.005705589421133916,0.11585908126386527,4.476141935506847,BALANCE,1,-1.2800655931678104e-07
2.054,0.005247725153419023,-0.01965041092146564,0.0030679615757712823,0.004782419675256992,-0.46158487293846207,7.296059490067474,BALANCE,1,-1.2090381853286124e-07
2.056,0.005211130825856003,-0.01694458975347597,0.007669903939428206,0.005793039167716915,0.5053097462299613,2.6220741556312914,BALANCE,1,-1.2921313468791637e-07
2.058,0.005175416050606271,-0.018770842426892195,0.006135923151542565,0.005913048562055889,0.06000469716948729,10.419026886359816,BALANCE,1,-1.200723376693175e-07
2.06,0.005135791050375469,-0.020854886658568113,0.006135923151542565,0.005991054668376223,0.03900305316016693,6.864969667248775,BALANCE,1,-1.0885871476061812e-07
2.062,0.005091916975486912,-0.023019995241581288,0.0046019423636569235,0.005504865361724466,-0.24309465332587876,6.702835092487107,BALANCE,1,-9.60848133719059e-08
2.064,0.005045914101451894,-0.02298372496351933,0.0030679615757712823,0.004651949036640849,-0.42645816254180835,4.417983055271981,BALANCE,1,-9.351775559549079e-08
2.066,0.005003396572986703,-0.01953458556530848,0.006135923151542565,0.005171339976856447,0.2596954701077989,2.9008303918468563,BALANCE,1,-1.06645679252671e-07
2.068,0.004965184980288135,-0.01867770999252101,0.0030679615757712823,0.004435157536476637,-0.36809122018990503,8.422257177452021,BALANCE,1,-1.0789622676895861e-07
2.07,0.0049315150899839144,-0.01499279963354681,0.006135923151542565,0.005030425501749709,0.29763398263653623,3.3566797401548967,BALANCE,1,-1.1916933014695548e-07
2.072,0.0049021374426106495,-0.014385388108638845,0.0046019423636569235,0.004880456403417232,-0.07498454916623869,8.719203525783161,BALANCE,1,-1.193723622644871e-07
2.074,0.004874387955895367,-0.013364609027745925,0.006135923151542565,0.005319869765261096,0.21970668092193218,5.730233216741697,BALANCE,1,-1.207970404881023e-07
2.076,0.004846559560258987,-0.014464298479812133,0.006135923151542565,0.005605488450459608,0.14280934259925565,8.115191833110746,BALANCE,1,-1.1594043896607909e-07
2.078,0.004815577286082228,-0.01651854557959552,0.0046019423636569235,0.005254247320078666,-0.17562056519047084,7.518271345331337,BALANCE,1,-1.0738949124423215e-07
2.08,0.004782249879937812,-0.01680947358481697,0.0030679615757712823,0.004489047309571079,-0.38260000525379334,4.950808464654685,BALANCE,1,-1.044724938504732e-07
2.082,0.0047514436724604625,-0.013997300540100314,0.006135923151542565,0.005065453854261097,0.28820327234500887,3.249958752979564,BALANCE,1,-1.119847580425588e-07
2.084,0.0047233034822841725,-0.014143407243426645,0.0030679615757712823,0.00436633155678966,-0.3495611487357186,8.651982457222235,BALANCE,1,-1.0997686669595964e-07
2.086,0.004697672058630856,-0.011488487873126469,0.007669903939428206,0.005522581890713149,0.5781251669617444,3.508793017039488,BALANCE,1,-1.1581429403397598e-07
2.088,0.004671657689230702,-0.014526360030330372,0.0030679615757712823,0.004663464780483493,-0.4295585551148278,11.000763079032744,BALANCE,1,-1.0594981866615178e-07
2.09,0.004643932563642272,-0.01319927553187568,0.0046019423636569235,0.004641931934594191,-0.010766422944650817,2.888678968762483,BALANCE,1,-1.0835433334916515e-07
2.092,0.004618529183113242,-0.012204572264841616,0.006135923151542565,0.00516482886052612,0.26144846296596425,6.23865244175746,BALANCE,1,-1.0966476618762143e-07
2.094,0.0045925554579591705,-0.013769630646099807,0.0030679615757712823,0.004430925310861924,-0.3669517748320977,8.4487783103704,BALANCE,1,-1.039204461225892e-07
2.096,0.004566829905565071,-0.011956394942347194,0.0046019423636569235,0.004490781279340172,0.0299279842391237,3.3784283800682267,BALANCE,1,-1.0750924846248662e-07
2.098,0.004543795297481135,-0.011078636838403598,0.007669903939428206,0.005603474210370982,0.556346465515405,6.5579559670025604,BALANCE,1,-1.0843073180690285e-07
2.1,0.004517449045661611,-0.015268099588594767,0.0030679615757712823,0.004716044788261085,-0.4437147110549484,10.837186087916734,BALANCE,1,-9.52518479718418e-08
2.102,0.004487559143431143,-0.014622352434239573,0.0046019423636569235,0.004676108939649626,-0.019967924305729252,2.7843941189849657,BALANCE,1,-9.57264298063979e-08
2.104,0.004458925876240211,-0.014011441434682527,0.0015339807878856412,0.003576364086532229,-0.5498724265586986,6.172907483849961,BALANCE,1,-9.608452326822842e-08
2.106,0.004435767225146685,-0.009147635640195877,0.006135923151542565,0.004472209759285844,0.44792283637680735,1.8684020474564695,BALANCE,1,-1.0688714247324035e-07
2.108,0.004416039015278349,-0.010580937106051616,0.006135923151542565,0.0050545094465756935,0.29114984364492486,9.905409333257591,BALANCE,1,-1.028430594294607e-07
2.11,0.004391959826448348,-0.013498694632406603,0.006135923151542565,0.005433004243314096,0.18924739836920138,8.687174274529237,BALANCE,1,-9.410046200876053e-08
2.112,0.004361591695509073,-0.01686999489332114,0.007669903939428206,0.006215919136954032,0.39145744681996775,7.895751000976416,BALANCE,1,-8.161505395194223e-08
2.114,0.004321935723152555,-0.02278670688777681,0.0030679615757712823,0.005114133990540067,-0.5508925732069822,9.561649466028333,BALANCE,1,-5.456021744250371e-08
2.116,0.00427567230793458,-0.02347755929521507,0.0046019423636569235,0.0049348669211309645,-0.08963353470455146,1.9577650238260045,BALANCE,1,-4.880978393003863e-08
2.118,0.004228790813761161,-0.023404797212802593,0.0046019423636569235,0.0048183433260150475,-0.05826179755795847,5.638068281065131,BALANCE,1,-4.682689890217446e-08
2.12,0.004182468550279706,-0.02291831831725332,0.006135923151542565,0.005279496264949676,0.2305764694673141,5.883014431196122,BALANCE,1,-4.693730848057191e-08
2.122,0.004135136149229928,-0.024414953360349552,0.0046019423636569235,0.00504235239949721,-0.11857193272623266,8.22244564298737,BALANCE,1,-3.70637086666372e-08
2.124,0.004085903407591855,-0.02481869386119868,0.0046019423636569235,0.004888208886953108,-0.07707175627205123,5.416038263991748,BALANCE,1,-3.256111114023822e-08
2.126,0.004036482711675258,-0.024602911096695008,0.0030679615757712823,0.004251122328039467,-0.31854327945682065,5.739768706649944,BALANCE,1,-3.133592357323093e-08
2.128,0.003989997823593803,-0.02188283202685289,0.0046019423636569235,0.004373909340505574,0.061393506233053605,3.7706215521025785,BALANCE,1,-4.262725938849526e-08
2.13,0.003948065729358932,-0.02005003350582822,0.0030679615757712823,0.003916827622848569,-0.2285408588285024,6.818357840237639,BALANCE,1,-4.8865865442478916e-08
2.132,0.0039113686713824255,-0.016647699476695733,0.0046019423636569235,0.00415661778213149,0.1198950796414606,4.472241382210341,BALANCE,1,-6.048642163493542e-08
2.134,0.0038799582541078075,-0.014763295560803942,0.0015339807878856412,0.0032386948341454405,-0.45896147399302484,7.274947623083447,BALANCE,1,-6.535965827153245e-08
2.136,0.0038556290966932057,-0.00956630936663794,0.006135923151542565,0.004252724745234432,0.5070149555444956,2.58966755609523,BALANCE,1,-7.773891350109365e-08
2.138,0.0038351479632544954,-0.010915200800152357,0.0030679615757712823,0.003838057635922327,-0.2073335546560523,10.37917133200978,BALANCE,1,-7.386486201780634e-08
2.14,0.003814369678561142,-0.009863466088721804,-0.0,0.00249473746334951,-0.6716600862864085,4.640270835373855,BALANCE,1,-7.526037625739224e-08
2.142,0.003800253204272403,-0.004253267861606335,0.0015339807878856412,0.0021584726269371535,-0.16813241820617833,0.8455583194693057,BALANCE,1,-8.307543414584532e-08
2.144,0.003785136035496869,-0.01086417897399272,0.0030679615757712823,0.0024767937590290962,0.15916056604597137,4.854035468451793,BALANCE,1,-7.174021340032869e-08
2.146,0.0037678277991602237,-0.0064443757326014565,0.006135923151542565,0.0037574890464088075,0.6403476436898556,7.491973969146313,BALANCE,1,-7.913079070581918e-08
2.148,0.003748076770415382,-0.013307016307198997,0.0046019423636569235,0.004053047707445646,0.1477793305184193,11.41906380534945,BALANCE,1,-6.379871948217323e-08
2.15,0.0037196016389355797,-0.015168638941776849,0.0030679615757712823,0.0037082675613596162,-0.1723900730430149,7.49706142918166,BALANCE,1,-5.689260636147527e-08
2.152,0.003689215535045404,-0.01521802386921011,0.0046019423636569235,0.004021053742163671,0.15639309040202734,4.915761045437296,BALANCE,1,-5.540745452090936e-08
2.154,0.0036574483053448533,-0.016549790155726586,0.0030679615757712823,0.0036874714839263325,-0.16679112911866922,7.565597734594311,BALANCE,1,-4.9520985281490855e-08
2.156,0.0036245943691105473,-0.016304750392945416,0.006135923151542565,0.004544429567592012,0.4284790418328395,4.9608465372312835,BALANCE,1,-4.897153759622952e-08
2.158,0.0035886931084917924,-0.01959717059024646,0.0046019423636569235,0.004564559046214728,0.010064739311358394,9.775334275776812,BALANCE,1,-3.4838817313372885e-08
2.16,0.003546597650403549,-0.022499061798680643,0.0030679615757712823,0.00404074993155952,-0.2619045573276041,6.430140536131569,BALANCE,1,-2.0040622573457868e-08
2.162,0.003501180207932588,-0.0229192160792586,0.0015339807878856412,0.00316338073127366,-0.4386846001429301,4.223765766126868,BALANCE,1,-1.612107841425008e-08
2.164,0.0034585184070390043,-0.019743369536657493,0.0030679615757712823,0.0031299840268478253,-0.016698352212917354,2.7575159477333635,BALANCE,1,-2.882569839831735e-08
2.166,0.003421923173536031,-0.016852537100246923,0.0030679615757712823,0.003108276168971033,-0.010853928938396162,6.132028125713284,BALANCE,1,-3.862820496139994e-08
2.168,0.0033907623785858583,-0.014308831022737138,0.0030679615757712823,0.003094166061351118,-0.007055053809957527,6.17810269567064,BALANCE,1,-4.583364799409117e-08
2.17,0.0033642288876685926,-0.012225147952531074,0.0046019423636569235,0.0036218877671581476,0.26386085290351485,6.208265923453225,BALANCE,1,-5.0676111252378756e-08
2.172,0.003339038652502191,-0.012965550562178262,0.0030679615757712823,0.0034280136001727424,-0.09693708349270261,8.407980857062858,BALANCE,1,-4.769275386558103e-08
2.174,0.0033133374889329037,-0.012736085754122646,0.0015339807878856412,0.0027651021158722547,-0.33145574215024387,5.510650518594028,BALANCE,1,-4.731548346951835e-08
2.176,0.0032906463468335622,-0.009955473727697313,0.0030679615757712823,0.002871102926836912,0.05300040548232858,3.5952795806988433,BALANCE,1,-5.316374171997229e-08
2.178,0.0032715430982282927,-0.009148126263069711,0.0,0.0018662169024439904,-0.5024430121964607,6.677863031002669,BALANCE,1,-5.4071025088938055e-08
2.18,0.003257202377616109,-0.005192858134866931,0.0030679615757712823,0.0022868275381085403,0.21030531783227496,2.1743957714892685,BALANCE,1,-5.957033148854742e-08
2.182,0.0032402408708425323,-0.011768960624067567,0.0015339807878856412,0.002023331175530523,-0.13174818128900864,7.902076415366649,BALANCE,1,-4.702377401707561e-08
2.184,0.0032203576321752146,-0.008114643777863306,0.0046019423636569235,0.002925845091374761,0.45125695792211895,5.150243306876805,BALANCE,1,-5.40181794246726e-08
2.186,0.003200935511686845,-0.011307833958704699,0.0030679615757712823,0.002975585860913541,0.024870384769390148,9.869020424534755,BALANCE,1,-4.666867648168356e-08
2.188,0.0031774247823096818,-0.012203327874087018,0.0046019423636569235,0.0035448106368737224,0.2846123879800906,6.461507402657435,BALANCE,1,-4.354024307183443e-08
2.19,0.0031501291947115687,-0.015092761797008076,0.0015339807878856412,0.0028410201897278915,-0.35189522357291547,8.574305877028024,BALANCE,1,-3.4110821979494335e-08
2.192,0.003120681648180967,-0.01435532639220273,0.0015339807878856412,0.0023835563990831014,-0.22873189532239502,3.440585761813171,BALANCE,1,-3.5340295070788604e-08
2.194,0.003094398635936397,-0.01192816930372481,0.0046019423636569235,0.0031599914866839367,0.3882175438004176,4.398921271658464,BALANCE,1,-4.118352422365433e-08
2.196,0.003069029911632857,-0.013441021631131787,-0.0,0.0020539944663445567,-0.5529985101696899,9.381734888194352,BALANCE,1,-3.6169351059570637e-08
2.198,0.0030455947976202437,-0.009994523449356602,0.0030679615757712823,0.0024088829546439084,0.17744424414967586,1.7860574341063975,BALANCE,1,-4.394143343375744e-08
2.2,0.003025918371172188,-0.00968226492716916,0.0046019423636569235,0.0031764537477984613,0.3837853965772764,7.651374554550214,BALANCE,1,-4.389364562604678e-08
2.202,0.0030033230404164393,-0.012913481445014573,0.0015339807878856412,0.002601588211828972,-0.2874327679847446,9.348793312309851,BALANCE,1,-3.530386126190787e-08
2.204,0.0029781662082785706,-0.012243813428230804,0.0015339807878856412,0.002227925613448804,-0.1868312991900841,3.9450763812978793,BALANCE,1,-3.6215181991599765e-08
2.206,0.0029555896187670083,-0.010333191358578917,0.0,0.00144815164874172,-0.3898869823535419,4.727913960875043,BALANCE,1,-4.002785774258297e-08
2.208,0.0029389367793475093,-0.006319954376104797,0.0015339807878856412,0.00147819184744209,0.015020099350185008,3.0569716880147033,BALANCE,1,-4.657894078034897e-08
2.21,0.0029241203840080503,-0.008496713494795322,0.006135923151542565,0.0031083978038772535,0.8151029782175817,6.29832639193603,BALANCE,1,-4.262738124826976e-08
2.212,0.0029017092731855633,-0.013914809554229152,0.0030679615757712823,0.003094245124040161,-0.007076339918546176,12.797423459822088,BALANCE,1,-2.890658963194064e-08
2.214,0.0028715253219197493,-0.016269696913944778,0.0046019423636569235,0.0036219391579060253,0.26384701693293205,6.219758602967649,BALANCE,1,-2.0298917037178796e-08
2.216,0.002834985439960192,-0.020270857157986346,0.0046019423636569235,0.003964940279918837,0.17150056100640604,8.419531487643006,BALANCE,1,-3.4764394214695277e-09
2.218,0.0027896556284564577,-0.025059788139767662,0.0030679615757712823,0.0036509977334671906,-0.15697127322582335,7.702132895607552,BALANCE,1,2.118004494382932e-08
2.22,0.002736637299125549,-0.02795951640928993,0.0,0.0023731485267536713,-0.6389246033567596,5.056251868509311,BALANCE,1,3.93037117152706e-08
2.222,0.0026833693027147414,-0.025309459815945356,0.0030679615757712823,0.002616333093909833,0.12159228357808073,1.1244289047643603,BALANCE,1,2.5945388207359697e-08
2.224,0.002634106033460654,-0.023954715588783076,0.0030679615757712823,0.0027744030625613376,0.07903498432575237,7.223678340891235,BALANCE,1,2.0368289258223702e-08
2.226,0.0025867591126248492,-0.023393076147879728,0.006135923151542565,0.0039509350937047645,0.5882660155717134,6.893259025604211,BALANCE,1,1.8986737753573994e-08
2.228,0.002535702990620476,-0.027663984981342083,0.0030679615757712823,0.0036418943624280434,-0.15452036563836052,11.038489384459247,BALANCE,1,4.378585863112883e-08
2.23,0.0024778841448625994,-0.030155924296464326,0.0030679615757712823,0.0034410178870981746,-0.10043823766493438,5.078384269774537,BALANCE,1,6.086101801923804e-08
2.232,0.00241619566089203,-0.03153369437320024,-0.0015339807878856412,0.0016997683508538368,-0.8706247681221689,5.499676908619573,BALANCE,1,7.17040873419464e-08
2.234,0.002358981188118183,-0.02568183080967406,0.0046019423636569235,0.0027155292553349146,0.5078804522405389,-0.7659503535427925,BALANCE,1,3.759833429534738e-08
2.236,0.0023086426359478595,-0.024657647290596704,0.006135923151542565,0.00391266711900759,0.5985689318363377,10.323580169478802,BALANCE,1,3.3481917180974424e-08
2.238,0.002255371114455363,-0.0286148540777435,0.0,0.0025432336273549312,-0.6847167458263295,11.121698811489354,BALANCE,1,5.739942306058707e-08
2.24,0.0022002204876984946,-0.02653678712351487,0.0015339807878856412,0.0021899951335406774,-0.17661924690712694,0.7737560274143283,BALANCE,1,4.662084181938521e-08
2.242,0.0021504067344489076,-0.02327788240468765,0.0015339807878856412,0.0019603901125614122,-0.11480251048963255,4.817779708165801,BALANCE,1,3.058005980095075e-08
2.244,0.0021076476402384164,-0.019481998321146252,0.0015339807878856412,0.00181114684892489,-0.07462163181826109,5.298929376269513,BALANCE,1,1.4338494166765704e-08
2.246,0.002072607900202088,-0.015558386240503267,0.0015339807878856412,0.0017141387275611505,-0.048504060681869784,5.611784039192078,BALANCE,1,5.355923273711382e-10
2.248,0.0020452020473406504,-0.01184797072805547,0.0030679615757712823,0.002187976724434694,0.23691899843677175,5.815246948746897,BALANCE,1,-9.64698440361216e-09
2.25,0.002022220093140855,-0.011134406203444254,0.0015339807878856412,0.001959078146642523,-0.11444928889608541,8.12749929685333,BALANCE,1,-1.0846047619941761e-08
2.2520000000000002,0.0020011706675619042,-0.009915406560541832,-0.0,0.0012734007953176378,-0.3428386756624427,5.303210899152269,BALANCE,1,-1.3084598423252545e-08
2.254,0.001984430209982828,-0.006825358945469364,-0.0,0.0008277105169564622,-0.2228451391805878,3.435209844100981,BALANCE,1,-1.82097214939519e-08
2.2560000000000002,0.0019711382999472267,-0.006466795582464203,0.006135923151542565,0.0026855849390615954,0.9289372110525665,4.368582261357542,BALANCE,1,-1.840863494301847e-08
2.258,0.0019495100359379998,-0.015161866252313787,0.0046019423636569235,0.003356310037669958,0.3353625493041812,13.694850645536896,BALANCE,1,2.1505047394258796e-09
2.2600000000000002,0.001914410652421747,-0.019938162880663766,-0.0015339807878856412,0.0016447082487254959,-0.855800894472231,8.987168119473848,BALANCE,1,2.083124024650525e-08
2.262,0.0018774711246181779,-0.01700204439260886,0.0015339807878856412,0.0016059536374315442,-0.019377305646975828,-0.644506596424371,BALANCE,1,1.0086538946173443e-08
2.2640000000000002,0.001846165187948138,-0.014304468122423386,0.0030679615757712823,0.0021176564158504503,0.25585138920945305,6.044878028227519,BALANCE,1,1.764498991650034e-09
2.266,0.0018176753368174263,-0.014185907052328108,0.0030679615757712823,0.0024502632218227393,0.1663034029861445,8.277833285067254,BALANCE,1,2.0185887640208704e-09
2.2680000000000002,0.001788043270538657,-0.015446704279547483,0.0030679615757712823,0.0026664576457047268,0.10809721194099375,7.581895856283488,BALANCE,1,6.632620309669543e-09
2.27,0.0017552854270997704,-0.017311741707798093,-0.0,0.00173319746970807,-0.46663008799832834,7.1297512848843425,BALANCE,1,1.38326962447387e-08
2.2720000000000002,0.001722918673534532,-0.015055607214991584,0.0030679615757712823,0.002200364906830192,0.2335837185610609,2.4762839143039077,BALANCE,1,6.705987864724074e-09
2.274,0.0016927821337623385,-0.015081486890551119,0.0015339807878856412,0.001967130465199597,-0.11661722081529753,8.106464485987715,BALANCE,1,7.395070536188674e-09
2.2760000000000002,0.0016635501401228144,-0.014151044444719239,-0.0015339807878856412,0.0007417415266197612,-0.6126944692899178,5.291256330572052,BALANCE,1,5.071312452065547e-09
2.278,0.0016409466881046153,-0.008452823346661673,-0.0015339807878856412,-5.4761283457132074e-05,-0.39825140503844664,1.249263354765624,BALANCE,1,-8.227907085681903e-09
2.2800000000000002,0.0016295331462989934,-0.002960928404092196,0.0015339807878856412,0.0005012984415128361,0.27802986248498407,2.9170067479160884,BALANCE,1,-1.4694396052535837e-08
2.282,0.0016069926050102379,-0.019580027485582827,0.0015339807878856412,0.0008627372627433154,0.18071941061523963,8.360720731290035,BALANCE,1,2.569344582840884e-08
2.2840000000000003,0.0015710947694116888,-0.016318468422299295,0.0,0.0005607792207831526,-0.15097902098008142,7.604095993058457,BALANCE,1,1.3875884871667985e-08
2.286,0.0015425175708646684,-0.012259255778345626,0.0015339807878856412,0.0009013997692690211,0.17031027424293424,4.932503213622436,BALANCE,1,2.025951369492921e-09
2.2880000000000003,0.001519692222979714,-0.010566511958727839,0.0015339807878856412,0.0011228031257848356,0.11070167825790725,7.523435088269567,BALANCE,1,-1.6840464873915625e-09
2.29,0.0014984858164733743,-0.010640284619632616,0.0,0.0007298220317601407,-0.19649054701234742,7.060075082405456,BALANCE,1,-1.1404368455835885e-09
2.2920000000000003,0.0014786914124291664,-0.009154483525194221,0.0015339807878856412,0.0010112775964040634,0.14072778232196134,4.579104379008289,BALANCE,1,-3.930749203065341e-09
2.294,0.0014594343459524916,-0.0101029371666387,0.0015339807878856412,0.0011942237134226132,0.09147305850927491,7.293940603080675,BALANCE,1,-1.6494790916872874e-09
2.2960000000000003,0.001438180732495543,-0.011151067230034083,0.0,0.0007762454137246962,-0.20898914984895853,6.91111842434298,BALANCE,1,1.0892180310597906e-09
2.298,0.0014170895956777264,-0.00994045754044056,-0.0,0.0005045595189210501,-0.135842947401823,4.482497308577983,BALANCE,1,-1.2799063437293171e-09
2.3000000000000003,0.0013986778044820024,-0.008471672324055773,0.0015339807878856412,0.0008648569630586545,0.1801487220688022,5.051466686370633,BALANCE,1,-3.859392830218052e-09
2.302,0.001380110153010819,-0.010096320680720194,0.0,0.0005621570259881231,-0.15134996853526572,7.601190860176503,BALANCE,1,-3.3794576291511785e-10
2.3040000000000003,0.001360876610980904,-0.009137575132982944,0.0030679615757712823,0.0014391886184122265,0.43851579621205167,4.9311517705249255,BALANCE,1,-1.994619786397096e-09
2.306,0.001339041582519689,-0.012697854960899535,0.0015339807878856412,0.0014723658777279192,0.016588629657846368,9.702987621772593,BALANCE,1,6.644668638528016e-09
2.308,0.0013119667361130409,-0.014377489461291387,0.0015339807878856412,0.0014939310962831195,0.01078260927760014,6.3298553980734376,BALANCE,1,1.1917986094442432e-08
2.31,0.0012819438213068203,-0.015645977587753906,0.0015339807878856412,0.0015079484883439996,0.007008696030440069,6.284999934364036,BALANCE,1,1.6438705773616298e-08
2.312,0.0012496414949997535,-0.016656942889996834,0.0030679615757712823,0.002053953068943546,0.2730022902997732,6.255951261608077,BALANCE,1,2.040346712760989e-08
2.314,0.0012133358256023236,-0.019649394314592422,0.0015339807878856412,0.0018719627705732769,-0.09099514918513459,8.417071081212503,BALANCE,1,3.2518588071488736e-08
2.316,0.0011722816151070656,-0.021405571333715085,0.0015339807878856412,0.001753669076632602,-0.059146846970337445,5.49454653998514,BALANCE,1,4.07857046261388e-08
2.318,0.0011284833691200735,-0.022393480280881856,0.0030679615757712823,0.0022136714513311378,0.2300011873492679,5.742586069882403,BALANCE,1,4.5994244262273243e-08
2.32,0.0010810230260270338,-0.025067735799559565,0.0,0.0014388864433652372,-0.3873925039829503,8.083813221211424,BALANCE,1,6.014997126861577e-08
2.322,0.001031740018693417,-0.024216178050118865,0.0030679615757712823,0.0020090627397073508,0.28508814817105677,3.098464367364398,BALANCE,1,5.628624379409747e-08
2.324,0.0009817917867858677,-0.02573297260812926,0.0015339807878856412,0.00184278405656975,-0.08313934156880035,8.512921974924922,BALANCE,1,6.49595565566731e-08
2.326,0.0009297162392354299,-0.02634353282368057,0.0015339807878856412,0.0017347029125303094,-0.05404057201972032,5.557493892829123,BALANCE,1,6.89370220687696e-08
2.328,0.000876975760197781,-0.026397916326566892,0.0,0.0011275568931446989,-0.30357300969280526,5.784146121161902,BALANCE,1,6.980382245934263e-08
2.33,0.0008266396527850452,-0.02393911697430388,0.0015339807878856412,0.0012698052563040263,0.07112418157966373,3.7516833699927155,BALANCE,1,5.7106575805659275e-08
2.332,0.0007803880956418331,-0.02231329092496228,0.0015339807878856412,0.001362266692357589,0.04623071802678134,6.758049763013288,BALANCE,1,4.952290820884274e-08
2.334,0.0007368568366088328,-0.02121876882637304,0.0,0.0008854733500324305,-0.23839667116257926,6.564722194091914,BALANCE,1,4.482933875818577e-08
2.336,0.0006973575520434816,-0.01828124229410932,-0.0015339807878856412,3.8664401761103005e-05,-0.42340447413566373,4.259272574707526,BALANCE,1,3.278600129264221e-08
2.338,0.0006668239222337839,-0.012252949157821349,-0.0,2.5131861144714524e-05,-0.00676627030819424,2.728409346906923,BALANCE,1,1.3397140536191565e-08
2.34,0.0006471011582839279,-0.007470177577455366,0.0,1.6335709744062013e-05,-0.004398075700326256,6.0607080514619245,BALANCE,1,3.4876759715542965e-09
2.342,0.0006325874486316251,-0.007043799041539056,0.0030679615757712823,0.0010844047628535867,0.5340345265547624,6.079129106382778,BALANCE,1,2.936895682294315e-09
2.344,0.0006132878529353716,-0.012256151649586957,-0.0,0.0007048630958548289,-0.1897708334993789,10.450890948562629,BALANCE,1,1.3808893047679353e-08
2.346,0.0005897680676332313,-0.01126406627815533,0.0015339807878856412,0.0009950542880656109,0.145095596105391,4.637816540728744,BALANCE,1,1.1486474197160822e-08
2.348,0.0005665969608330144,-0.011907466732940667,-0.0015339807878856412,0.00010989201148267028,-0.4425811382914703,7.334358459957164,BALANCE,1,1.3234433175766995e-08
2.35,0.0005459950437109479,-0.00869482934472489,0.0015339807878856412,0.0006083230832237077,0.2492155358705187,2.5798568265895936,BALANCE,1,6.3093272391251124e-09
2.352,0.000527382199861382,-0.009918356870258178,-0.0015339807878856412,-0.00014148327166456668,-0.37490317744413715,8.144257748806613,BALANCE,1,8.856120829457985e-09
2.354,0.0005103272260524449,-0.007136930651213879,0.0015339807878856412,0.00044492914917800355,0.2932062104212851,3.1062913643417365,BALANCE,1,3.900236002094466e-09
2.356,0.0004926392025616253,-0.010551418192321275,-0.0,0.0002892039469656999,-0.07786260110615183,8.486440198345504,BALANCE,1,1.0446965530892684e-08
2.358,0.0004723901160333759,-0.009698040799948909,0.0,0.00018798256552770252,-0.05061069071899869,5.508604034782663,BALANCE,1,8.718737707810432e-09
2.36,0.00045354639630299626,-0.00914602554381276,0.0,0.00012218866759300422,-0.03289694896734915,5.720583631506714,BALANCE,1,7.711867859998395e-09
2.362,0.00043541921229542444,-0.008981491896861739,-0.0015339807878856412,-0.000457470641824524,-0.2898296547087641,5.858370369377347,BALANCE,1,7.488574903716132e-09
2.364,0.00041961578459719865,-0.006822226492443989,0.0015339807878856412,0.00023953735857403126,0.34850400019927763,3.7680376707526113,BALANCE,1,3.928170993627051e-09
2.366,0.0004016116003160781,-0.011182288956254748,0.0015339807878856412,0.0006925925588330922,0.22652760012953047,8.916575297512573,BALANCE,1,1.2388618560121578e-08
2.368,0.0003776766608804393,-0.012753090739678438,-0.0,0.0004501851632415075,-0.12120369779579235,7.968085927481906,BALANCE,1,1.650883080077461e-08
2.37,0.00035224058671613404,-0.012683451298038353,0.0015339807878856412,0.0008295136318669518,0.18966423431272214,5.171781137376476,BALANCE,1,1.6429163720979188e-08
2.372,0.0003254139662724146,-0.01414366259589137,0.0,0.0005391838607135162,-0.14516488557671778,7.681650205088492,BALANCE,1,2.0714646893591566e-08
2.374,0.0002973075424497301,-0.013963278218933207,-0.0015339807878856412,-0.00018642376629619134,-0.3628038135048538,4.985705296475909,BALANCE,1,2.0276860803578246e-08
2.376,0.00027252071937345734,-0.010824000790459021,0.0030679615757712823,0.0009526111034274218,0.5695174348618066,3.201020130676979,BALANCE,1,1.2059820512369168e-08
2.378,0.00024820207427575427,-0.013495091624728022,0.0015339807878856412,0.0011560904929877962,0.10173969478018721,10.728122732014365,BALANCE,1,1.9063263718983973e-08
2.38,0.0002187844249283554,-0.015923098831854412,0.0015339807878856412,0.0012883520962020396,0.06613080160712168,6.9983407928336305,BALANCE,1,2.6763065198828706e-08
2.382,0.00018456892105060463,-0.018293034407281323,-0.0,0.0008374288625313234,-0.22546161683535812,6.7216630140612,BALANCE,1,3.5493900870734664e-08
2.384,0.00014789375887242965,-0.018382802376997097,-0.0015339807878856412,7.435484885383336e-06,-0.41499668882297003,4.362035758273626,BALANCE,1,3.591684989978516e-08
2.386,0.00011449766371697954,-0.015013907071452316,0.0015339807878856412,0.0005417263409354711,0.2671454280250439,2.79595706681095,BALANCE,1,2.3967359475661384e-08
2.388,8.51747517053998e-05,-0.014309544308835706,0.0015339807878856412,0.0008890153973680282,0.17364452821627852,8.285259798226253,BALANCE,1,2.1798691498143514e-08
2.39,5.575124445419903e-05,-0.015114504160411102,-0.0030679615757712823,-0.0004959265432307328,-0.6924709702993804,7.558267746221558,BALANCE,1,2.434951696904014e-08
2.392,3.0570233191741254e-05,-0.010066970287207763,0.0030679615757712823,0.00075143429841997,0.6236804208253514,0.5461480563517149,BALANCE,1,1.080451431755817e-08
2.394,8.458246064539925e-06,-0.012045423568499648,-0.0015339807878856412,-4.846098178699627e-05,-0.3999476401034831,11.150351122708296,BALANCE,1,1.5476083325227345e-08
2.396,-1.334022579559203e-05,-0.009753449256200602,0.0015339807878856412,0.0005053936375984244,0.27692730969271034,2.913323226268844,BALANCE,1,1.0146128239704934e-08
2.398,-3.4180562062824974e-05,-0.011087270349116319,-0.0,0.0003285058644389734,-0.08844388657972549,8.361655180529038,BALANCE,1,1.3105396794142393e-08
2.4,-5.6179949881231904e-05,-0.010912522128091717,0.0,0.00021352881188533028,-0.057488526276821564,5.4281380451328705,BALANCE,1,1.2683624198348149e-08
2.402,-7.750001589200467e-05,-0.010407936046199533,-0.0,0.00013879372772546226,-0.03736754207993401,5.66892501016526,BALANCE,1,1.1519328024255608e-08
2.404,-9.787297655165172e-05,-0.009965399355783944,-0.0030679615757712823,-0.0009835706284984007,-0.5611821781119315,5.825436537436314,BALANCE,1,1.0536596963464667e-08
2.406,-0.00011320514098188515,-0.005367047098746672,-0.0015339807878856412,-0.0011762141842839374,-0.09632177789276833,1.567380873681203,BALANCE,1,2.9971226193610333e-09
2.408,-0.00012730913728361073,-0.008737208630850674,-0.0015339807878856412,-0.0013014324955445361,-0.06260915563029937,5.274470219250519,BALANCE,1,8.047408867065563e-09
2.41,-0.0001412541629927258,-0.005208073586685109,-0.0,-0.0008459311221039509,0.22775068672029258,5.536397812175526,BALANCE,1,2.7757880990906615e-09
2.412,-0.00015823974821915974,-0.011777824069655215,-0.0030679615757712823,-0.0016236417808875195,-0.38885532939178424,7.886437447162276,BALANCE,1,1.464911054625752e-08
2.414,-0.0001759874082072634,-0.005970162374399665,-0.0015339807878856412,-0.0015922604333368645,0.015690673775327475,2.90660195038247,BALANCE,1,3.6196041550424495e-09
2.416,-0.00018995207114007334,-0.007994757424279806,0.0,-0.0010349692816689644,0.27864557583395005,6.144534404485736,BALANCE,1,6.605344858414551e-09
2.418,-0.0002065785651925915,-0.008632042457001743,0.0030679615757712823,0.0004010565184351194,0.7180129000520419,8.281404096198457,BALANCE,1,7.696780106057054e-09
2.42,-0.0002297200590286139,-0.014509877041715484,0.0,0.0002606867369828252,-0.0701848907261471,11.882584449253123,BALANCE,1,2.2146618151862046e-08
2.422,-0.00026094630937052683,-0.016716947677094446,-0.0015339807878856412,-0.00036744689672114044,-0.3140668168519828,5.56863207348787,BALANCE,1,2.940788097183799e-08
2.424,-0.00029350151417455747,-0.015838855950820924,-0.0015339807878856412,-0.000775733758628718,-0.20414343095378878,3.579815157079603,BALANCE,1,2.6252359657307527e-08
2.426,-0.0003226742495282829,-0.013334416010445336,-0.0015339807878856412,-0.0010411202188686435,-0.1326932301199627,4.434549885798974,BALANCE,1,1.8353200209200482e-08
2.428,-0.00034622616715954856,-0.010217934838958711,-0.0,-0.0006767281422646207,0.1821960383020114,4.990020080811413,BALANCE,1,1.043109064543435e-08
2.43,-0.0003664065375660348,-0.009962806767192895,-0.0015339807878856412,-0.0009767665682319801,-0.15001921298367973,7.530862407154995,BALANCE,1,9.797251091284462e-09
2.432,-0.00038509256726465633,-0.008723566644724177,-0.0,-0.0006348982693507896,0.1709341494405953,4.854942737997778,BALANCE,1,7.2445270093248305e-09
2.434,-0.0004039593301211958,-0.010143543247730397,0.0015339807878856412,0.00012420940068195877,0.37955383501637413,7.44295475567098,BALANCE,1,1.0014594141713594e-08
2.436,-0.0004275795131287129,-0.013477074229226617,0.0,8.073611044327077e-05,-0.021736645119343995,9.157483542359312,BALANCE,1,1.8297926382433188e-08
2.438,-0.00045616951664474275,-0.015113455172695321,-0.0015339807878856412,-0.0004844148039718508,-0.2825754572075608,5.944567451081333,BALANCE,1,2.3139608159531977e-08
2.44,-0.00048525022519099433,-0.01396778828739465,-0.0030679615757712823,-0.0013886561741016541,-0.4521206850649017,3.823851016549898,BALANCE,1,1.9424608363269724e-08
2.442,-0.0005085230724840652,-0.009305487091587534,-0.0030679615757712823,-0.0019764130646860263,-0.29387844529218604,2.412956980248562,BALANCE,1,7.714395253750844e-09
2.444,-0.000522406220491749,-0.004577916287112406,-0.0015339807878856412,-0.001821561767805894,0.07742564844006618,3.6432342023822875,BALANCE,1,6.291092256038794e-10
2.446,-0.000538875001672215,-0.011891167816578403,0.0,-0.0011840151490738336,0.31877330936603016,6.622593717699552,BALANCE,1,1.3373439489273283e-08
2.448,-0.0005609242397178599,-0.010158475805810405,-0.0015339807878856412,-0.0013065031226579687,-0.061243986792067544,8.591390999201373,BALANCE,1,9.155479811512669e-09
2.45,-0.0005799351043002436,-0.0088527384649228,0.0,-0.0008492270297276822,0.22863804646514327,5.543642050897011,BALANCE,1,6.3799637441654194e-09
2.452,-0.000599426370526437,-0.010638886284072712,-0.0015339807878856412,-0.0010888908450829703,-0.11983190767764408,7.889965037124568,BALANCE,1,9.958252598978822e-09
2.454,-0.000620122855060624,-0.010057978943401777,0.0015339807878856412,-0.00017088577354395888,0.4590025357695057,5.087607796891937,BALANCE,1,8.527238554061296e-09
2.456,-0.0006437813237800926,-0.01360092494954648,0.0,-0.0001110757528035757,0.02990501037019159,9.773329471606766,BALANCE,1,1.729227187246735e-08
2.458,-0.0006731355388142335,-0.015753830027045418,-0.0030679615757712823,-0.0011459857908422755,-0.5174550190193499,6.3441156545061155,BALANCE,1,2.380585653978777e-08
2.46,-0.0007019946885507008,-0.013105850548838284,0.0,-0.0007448907640474815,0.200547513397397,1.9029116199492941,BALANCE,1,1.5420820320268033e-08
2.462,-0.0007276894278100795,-0.012589361342073313,-0.0015339807878856412,-0.0010210722723908397,-0.1380907541716791,7.670848602738147,BALANCE,1,1.3788990715044156e-08
2.464,-0.0007513063903209853,-0.01102803558226531,-0.0046019423636569235,-0.0022743768043339717,-0.626652265971566,4.944967357230459,BALANCE,1,9.65012166362465e-09
2.466,-0.0007673326740779528,-0.004998542967576567,0.0,-0.001478344922817084,0.3980159407584438,0.960822115553909,BALANCE,1,-8.005605661597431e-10
2.468,-0.0007852791707099178,-0.012948283768354375,-0.0015339807878856412,-0.0014978174755910815,-0.00973627638699878,9.205634013300436,BALANCE,1,1.4253845161126141e-08
2.47,-0.0008086051206403498,-0.010378095223264518,0.0015339807878856412,-0.0004366880833742311,0.5305646961084252,5.942148359475338,BALANCE,1,7.640003227893138e-09
2.472,-0.0008322239973234484,-0.013241215905455015,0.0015339807878856412,0.00025304602156672176,0.34486705247047644,10.328136565355067,BALANCE,1,1.462522076799558e-08
2.474,-0.0008630436919401703,-0.017579045608313765,-0.0015339807878856412,-0.00037241336174160763,-0.3127296916541647,8.883990071752248,BALANCE,1,2.8578282796757896e-08
2.476,-0.0008989896171574898,-0.01836754080073999,-0.0030679615757712823,-0.001315855236651996,-0.4717209374551942,3.585614073084269,BALANCE,1,3.122880498947306e-08
2.478,-0.0009324194959107121,-0.015062952866603982,-0.0030679615757712823,-0.0019290924553437487,-0.3066186093458763,2.25681442313408,BALANCE,1,1.908454786974901e-08
2.48,-0.0009571619595565474,-0.009679965897733043,-0.0,-0.0012539100959734393,0.3375911796851547,3.54045299639605,BALANCE,1,4.6023406817139515e-09
2.482,-0.0009760731068637291,-0.009231529262904024,-0.0,-0.000815041562382738,0.21943426679535064,8.73439146818732,BALANCE,1,3.4825522557932893e-09
2.484,-0.0009963501054245944,-0.011045842273455331,-0.0030679615757712823,-0.001603563567068731,-0.39426100234299655,7.815305268771854,BALANCE,1,7.171355993245676e-09
2.486,-0.0010157805666028495,-0.008384976312039081,-0.0015339807878856412,-0.0015792095943546521,0.012176986357039475,2.858111082670504,BALANCE,1,1.426267550792755e-09
2.488,-0.0010323194540573573,-0.008154215360222608,0.0015339807878856412,-0.000489592960570552,0.54480831689205,6.110760388714765,BALANCE,1,8.197854074689276e-10
2.49,-0.0010533484188816938,-0.012875136269346145,-0.0015339807878856412,-0.0008551287001308356,-0.1827678697801418,10.437090112429782,BALANCE,1,1.115127209918441e-08
2.492,-0.0010790931727011905,-0.01287009110116126,-0.0015339807878856412,-0.00109272693084502,-0.1187991153570922,4.594377448938604,BALANCE,1,1.0814280737493919e-08
2.494,-0.0011037616684553874,-0.01179885840798076,-0.0046019423636569235,-0.0023209523323291887,-0.6141127007420843,5.091653045093981,BALANCE,1,7.678539880759181e-09
2.496,-0.0011216134640975848,-0.006053265605407616,-0.0030679615757712823,-0.002582405567533924,-0.13072661760236753,1.054986647458528,BALANCE,1,-3.496203277059956e-09
2.498,-0.0011343426557340033,-0.006676160172316068,0.0,-0.001678563618897053,0.45192097431843536,4.905871637350472,BALANCE,1,-2.8194589313692897e-09
2.5,-0.0011510658223790205,-0.010047314077623985,0.0015339807878856412,-0.0005541730765231125,0.5621952711869702,9.620947176911328,BALANCE,1,2.9691724365295965e-09
2.5020000000000002,-0.0011748159298960693,-0.013703230298231594,-0.0015339807878856412,-0.0008971057755,-0.17146634948844372,10.57049414978674,BALANCE,1,1.1905896925426231e-08
2.504,-0.0012027946143023604,-0.014275968749701298,-0.0030679615757712823,-0.0016569053055949512,-0.37989976504747563,4.680445801289714,BALANCE,1,1.3223654150601467e-08
2.5060000000000002,-0.001228552304927463,-0.011482195666178804,-0.0015339807878856412,-0.0016138817243966951,0.021511790599128038,2.9670591239506425,BALANCE,1,5.179041882955927e-09
2.508,-0.001249717617437109,-0.009683506161013714,-0.0015339807878856412,-0.0015859163966178288,0.013982663889433176,6.1806102076504885,BALANCE,1,8.094454212399373e-10
2.5100000000000002,-0.0012685124421946837,-0.009111664310341,-0.0015339807878856412,-0.0015677389335615655,0.009088731528131668,6.121737930360338,BALANCE,1,-6.155760166490323e-10
2.512,-0.001286826427341797,-0.009202657705496702,-0.0015339807878856412,-0.0015559235825749944,0.00590767549328553,6.083363571466589,BALANCE,1,-7.132734320136721e-10
2.5140000000000002,-0.0013053743634014482,-0.009345619526145961,0.0015339807878856412,-0.00047445705291377445,0.5407332648306099,6.058312859530499,BALANCE,1,-7.134245650063087e-10
2.516,-0.0013285440788198474,-0.013824522074645481,-0.0015339807878856412,-0.0008452903601539302,-0.18541665362007786,10.401710674598185,BALANCE,1,9.996895789821667e-09
2.5180000000000002,-0.0013568980982900441,-0.014530018940942925,-0.0030679615757712823,-0.0016232252856200058,-0.3889674627330378,4.570092270486242,BALANCE,1,1.1682482005217582e-08
2.52,-0.0013831949493541774,-0.011767315831207683,-0.0015339807878856412,-0.0015919897114129806,0.015617787103512571,2.894685056997475,BALANCE,1,3.508843876379482e-09
2.5220000000000002,-0.0014048375253331565,-0.00987565824411928,0.0,-0.0010347933124184399,0.2785981994972704,6.1329227922000165,BALANCE,1,-1.2133687054001468e-09
2.524,-0.001426035105967927,-0.01132231229945285,-0.0015339807878856412,-0.0012095089288319627,-0.08735780820676142,8.269990916627268,BALANCE,1,1.7044802515137405e-09
2.5260000000000002,-0.0014485041856211382,-0.011147180651686411,-0.0046019423636569235,-0.0023968606310207016,-0.5936758510943695,5.331618016224436,BALANCE,1,9.045678678250218e-10
2.528,-0.0014658343766982176,-0.006183329201479154,-0.0046019423636569235,-0.003168639237443382,-0.3858893032113401,1.2093531988660429,BALANCE,1,-8.568825425879665e-09
2.5300000000000002,-0.0014768560404212175,-0.004838537255667699,-0.0015339807878856412,-0.0025965087800981753,0.28606522867260326,2.8247051376974293,BALANCE,1,-1.0340753859631001e-08
2.532,-0.001492884222633798,-0.0111899397760898,-0.0030679615757712823,-0.0027615172585837653,-0.08250423924279501,8.234149918453667,BALANCE,1,2.380950336841601e-10
2.5340000000000003,-0.001510621613115564,-0.006547776971577116,-0.0015339807878856412,-0.0023318794938394245,0.21481888237217042,5.27514136296963,BALANCE,1,-8.858557058807935e-09
2.536,-0.0015266000454457014,-0.00943094926496659,-0.0015339807878856412,-0.0020526149467556026,0.1396322735419109,7.679038225875246,BALANCE,1,-4.230133219627623e-09
2.5380000000000003,-0.0015454173424225687,-0.009386693838545651,0.0015339807878856412,-0.0007973064396311698,0.6276542535622164,7.093890705068849,BALANCE,1,-4.659215629995918e-09
2.54,-0.0015693176948060475,-0.014514098166123838,-0.0030679615757712823,-0.0015920357372802116,-0.3973646488245209,11.073225594370832,BALANCE,1,7.9745074220761e-09
2.5420000000000003,-0.0015978124826178486,-0.013981213781025254,-0.0015339807878856412,-0.0015717165049921144,0.010159616144048578,2.8250722102705352,BALANCE,1,5.8236134959346296e-09
2.544,-0.001625279124011296,-0.013485932835929712,-0.0,-0.0010216157282448768,0.27505038837361884,6.086171140655378,BALANCE,1,3.8514523867559594e-09
2.5460000000000003,-0.0016539582615532722,-0.015193732230771674,-0.0030679615757712823,-0.0017378367748791211,-0.3581105233171222,8.238099041951125,BALANCE,1,8.52233853967838e-09
2.548,-0.0016825789917490333,-0.013427524417691985,-0.0030679615757712823,-0.00220338045519138,-0.23277184015612934,3.1294909182721664,BALANCE,1,2.5681443778917088e-09
2.5500000000000003,-0.001706032067689953,-0.010025982922861259,-0.0030679615757712823,-0.002505983847394348,-0.15130169610148414,4.103827086650336,BALANCE,1,-6.409297249762049e-09
2.552,-0.0017229430293530456,-0.0068852898036223555,-0.0,-0.0016288895008063288,0.4385471732940096,4.73693083878584,BALANCE,1,-1.2416009373604726e-08
2.5540000000000003,-0.0017414414026825505,-0.011613423782886212,-0.0015339807878856412,-0.0015956714512840905,0.016609024761119157,9.50802167684491,BALANCE,1,-3.4636806966597897e-09
2.556,-0.0017647058722723118,-0.011651473734900839,-0.0030679615757712823,-0.00211097299485461,-0.2576507717852598,6.1341904372628635,BALANCE,1,-3.84936921941521e-09
2.5580000000000003,-0.0017858339027243433,-0.00947694534884867,-0.0030679615757712823,-0.0024459189981754477,-0.16747300166041879,3.90877177767863,BALANCE,1,-9.191643000300894e-09
2.56,-0.00180259924171443,-0.00728870202534905,-0.0,-0.0015898473488140435,0.42803582468070206,4.609607994678472,BALANCE,1,-1.3459065909765935e-08
2.562,-0.001821507075047966,-0.011619479097042635,0.0,-0.0010334007767291307,0.2782232860424564,9.424724934899361,BALANCE,1,-5.1277721002332995e-09
2.564,-0.001847251085378577,-0.014125004768676779,-0.0030679615757712823,-0.001745497056393886,-0.35604813983237765,8.259404739963145,BALANCE,1,1.1966736824265753e-09
2.566,-0.0018741511998878965,-0.012775604543782104,-0.0030679615757712823,-0.0022083596381759774,-0.23143129089104567,3.142158456773308,BALANCE,1,-3.2645175098116126e-09
2.568,-0.0018967010428011996,-0.009774653154617324,-0.0,-0.0014354337648143879,0.38646293668079473,4.110879821469403,BALANCE,1,-1.09833872032141e-08
2.57,-0.0019178842212168724,-0.011408914904496319,-0.0030679615757712823,-0.0020068184986493033,-0.2856923669174577,9.100122107692858,BALANCE,1,-7.766259247216875e-09
2.572,-0.001938957125272348,-0.00966437676829825,-0.0030679615757712823,-0.0023782185756419986,-0.1857000384963476,3.6881952311770143,BALANCE,1,-1.2166046542038094e-08
2.574,-0.001956104753076927,-0.00748356645213917,-0.0046019423636569235,-0.003156521901447225,-0.3891516629026131,4.4653742102112055,BALANCE,1,-1.654812909707021e-08
2.576,-0.0019685594990333797,-0.004971408599269764,-0.0015339807878856412,-0.002588632511700673,0.28394469487327584,2.7904317110324786,BALANCE,1,-2.0173319451192187e-08
2.578,-0.0019857248188086766,-0.012194226910931322,-0.0,-0.0016826111326054402,0.4530106895476165,8.208758210122044,BALANCE,1,-7.347852166717796e-09
2.58,-0.002010693930627844,-0.012775344190974914,0.0,-0.0010936972361935385,0.2944569482059508,9.615310928035962,BALANCE,1,-6.387438295541356e-09
2.582,-0.0020388602244966534,-0.015391467768300365,-0.0,-0.0007109032035258025,0.19139701633386802,8.38199709164011,BALANCE,1,8.012380081885336e-10
2.584,-0.002072983847634628,-0.018732783039025477,-0.0015339807878856412,-0.0009989803580517484,-0.14403857726297298,7.580343097982808,BALANCE,1,1.2137488508901168e-08
2.586,-0.0021118880202159675,-0.02017210514656153,-0.0,-0.0006493372327336389,0.17482156265905474,4.879373923864913,BALANCE,1,1.7152173237133272e-08
2.588,-0.0021546989918166557,-0.022639653919459345,-0.0030679615757712823,-0.0014958557527968166,-0.4232592600315888,7.451103763313675,BALANCE,1,2.7345334220629992e-08
2.59,-0.0021985026616524474,-0.021164821643994927,-0.0,-0.0009723062393179332,0.26177475673944167,2.6153668994341768,BALANCE,1,1.9331835620624784e-08
2.592,-0.0022414770720398844,-0.02181037921615914,-0.0046019423636569235,-0.002242678882836582,-0.6351863217593245,8.12685754316329,BALANCE,1,2.116800504652058e-08
2.594,-0.002280316193248122,-0.017029456403714737,-0.0030679615757712823,-0.0025315278253637296,-0.14442447126357372,0.8744980207854738,BALANCE,1,3.2733137341811093e-10
2.596,-0.002308890928776459,-0.011545804733158891,-0.0015339807878856412,-0.002182386362246401,0.17457073155866432,4.782755582634779,BALANCE,1,-1.7158853832379163e-08
2.598,-0.0023291984959758097,-0.008762136006256183,-0.0015339807878856412,-0.0019554444112201376,0.1134709755131317,7.355229215727274,BALANCE,1,-2.3743174227714288e-08
2.6,-0.002346916932224901,-0.008956626156294657,-0.0030679615757712823,-0.0023448254188130407,-0.19469050379645156,6.879656595542344,BALANCE,1,-2.3863262573047664e-08
2.602,-0.0023633406685398,-0.007467412258431206,-0.0015339807878856412,-0.0020610297979884533,0.14189781041229368,4.390532935526341,BALANCE,1,-2.6927553283619444e-08
2.604,-0.0023801747540631952,-0.009366982910464233,-0.0,-0.001339669368692497,0.36068021464797817,7.099854980486181,BALANCE,1,-2.398656630803297e-08
2.606,-0.002401493873077691,-0.011952528246920011,-0.0015339807878856412,-0.0014076783654100998,-0.034004498358801406,8.893127906255675,BALANCE,1,-1.8706850225377215e-08
2.608,-0.002426064973758647,-0.012619024395265223,-0.0,-0.0009149909375165674,0.2463437139467662,5.731288126725301,BALANCE,1,-1.7658174165847712e-08
2.61,-0.002453594399557805,-0.014910907779525546,-0.0046019423636569235,-0.0022054239366656944,-0.6452164995745634,8.00345207265595,BALANCE,1,-1.1718689231409498e-08
2.612,-0.002479705255730373,-0.011200428679487553,-0.0046019423636569235,-0.003044205386112627,-0.4193907247234663,0.793103299749033,BALANCE,1,-2.2811340492040672e-08
2.614,-0.0024960699431436865,-0.005164559750484615,-0.0046019423636569235,-0.003589413328253133,-0.272603971070253,2.5487737705137716,BALANCE,1,-3.382682470756096e-08
2.616,-0.0025082789292323487,-0.007044650909371274,-0.0030679615757712823,-0.003406905214884488,0.09125405668432263,3.6896374405453964,BALANCE,1,-3.1737974883379986e-08
2.618,-0.0025205429176912695,-0.005219563134958568,-0.0015339807878856412,-0.002751381665434894,0.3277617747247969,6.610770768341144,BALANCE,1,-3.44885327018905e-08
2.62,-0.002537489652395962,-0.011727483284068828,-0.0015339807878856412,-0.002325291358292658,0.21304515357111808,8.541613649298828,BALANCE,1,-2.3228793909338235e-08
2.622,-0.002559914071424619,-0.010697348220690921,-0.006135923151542565,-0.0036590124859301274,-0.6668605638187347,7.648981040226272,BALANCE,1,-2.636566471954266e-08
2.624,-0.0025752767900493806,-0.00466565299042421,-0.0015339807878856412,-0.0029152513916145596,0.3718805471577839,0.5289802309520155,BALANCE,1,-3.671427403481805e-08
2.626,-0.0025935026791880054,-0.013560571389677523,-0.0015339807878856412,-0.0024318066803094406,0.24172235565255948,8.882951734144775,BALANCE,1,-1.9975884539278854e-08
2.628,-0.0026195182365929257,-0.012455464546826674,-0.0030679615757712823,-0.0026544608937210876,-0.11132710670582346,7.870206523445226,BALANCE,1,-2.3840860793749923e-08
2.63,-0.002642575956190403,-0.010602679176168181,-0.0030679615757712823,-0.002799186132438658,-0.07236261935878525,5.031920679594719,BALANCE,1,-2.9112010567391756e-08
2.632,-0.0026620773058810476,-0.00889902922391634,-0.0046019423636569235,-0.003430150813365053,-0.3154823404631975,5.334393226821483,BALANCE,1,-3.326480653857397e-08
2.634,-0.0026769810873016743,-0.006005026339163999,-0.0015339807878856412,-0.0027664913044472615,0.3318297544588958,3.350891546967929,BALANCE,1,-3.8333954889520473e-08
2.636,-0.0026943778894588815,-0.011392095811559966,-0.0046019423636569235,-0.0034088991751706457,-0.3212039353616921,8.568654578618853,BALANCE,1,-2.888722110677669e-08
2.638,-0.002713155152798925,-0.007385512920573213,-0.0015339807878856412,-0.0027526777396208965,0.32811071777487466,3.305158807975713,BALANCE,1,-3.75098418955408e-08
2.64,-0.0027305842123505047,-0.010043867219681434,-0.0030679615757712823,-0.002863027082273534,-0.05517467132631882,8.538498783653308,BALANCE,1,-3.3126063968635557e-08
2.642,-0.002749864737176071,-0.009237012252776568,-0.0030679615757712823,-0.0029347541549977485,-0.0358635363621072,5.465022104868147,BALANCE,1,-3.540741269276349e-08
2.644,-0.0027678830967432437,-0.008781678744741003,-0.0030679615757712823,-0.002981376752268488,-0.023311298635369723,5.614620609387387,BALANCE,1,-3.6867750707077246e-08
2.646,-0.0027852997693394743,-0.00863531421416829,-0.0030679615757712823,-0.0030116814404944686,-0.01515234411299032,5.71164488001459,BALANCE,1,-3.770894980048596e-08
2.648,-0.002802530968613297,-0.008596202010645733,-0.0015339807878856412,-0.0024944862120813817,0.2585976142065434,5.774495898611968,BALANCE,1,-3.834757206033985e-08
2.65,-0.002821904103155319,-0.010777288879639963,-0.0015339807878856412,-0.002158309313612875,0.16808844923425337,7.995028381630606,BALANCE,1,-3.4481698629240984e-08
2.652,-0.0028451461942110598,-0.012465229690318713,-0.0046019423636569235,-0.0030135808811282945,-0.4276357837577098,7.290694013897674,BALANCE,1,-3.1072220576702785e-08
2.654,-0.002867366243274497,-0.00975522809083085,-0.0015339807878856412,-0.0024957208484933683,0.2589300163174631,2.4729811397348183,BALANCE,1,-3.824254057191411e-08
2.656,-0.0028876230152289403,-0.010501916466417694,-0.0,-0.0016222185515206919,0.4367511484863382,7.996079998124598,BALANCE,1,-3.73152988865959e-08
2.658,-0.002912314129203103,-0.014189651673871869,-0.0046019423636569235,-0.002665121885768375,-0.5214516671238416,9.470734749583656,BALANCE,1,-2.8445577289236515e-08
2.66,-0.002938546863464534,-0.012043565114178006,-0.0030679615757712823,-0.002806115777269395,-0.07049694575050999,1.7420050002702023,BALANCE,1,-3.5354183727040065e-08
2.662,-0.002960384580250575,-0.009794553356529623,-0.0030679615757712823,-0.0028977618067450583,-0.04582301473783157,5.34062191461134,BALANCE,1,-4.135125882688029e-08
2.664,-0.0029785277741193553,-0.008348974239268407,-0.0030679615757712823,-0.002957331725904239,-0.029784959579590414,5.531935048582879,BALANCE,1,-4.4783122486938976e-08
2.666,-0.0029950499393305713,-0.008173494880877577,-0.0046019423636569235,-0.003532945449117681,-0.2878068616067209,5.656073828354076,BALANCE,1,-4.567331309981289e-08
2.668,-0.0030092496523075295,-0.0060264792871312835,-0.0030679615757712823,-0.003370201093446444,0.08137217783561854,3.556655199654402,BALANCE,1,-4.942715580429367e-08
2.67,-0.003024501943297329,-0.00922609225121448,-0.0046019423636569235,-0.003801310538020114,-0.21555472228683512,6.519178136314702,BALANCE,1,-4.4763253538815174e-08
2.672,-0.0030392304489232796,-0.005502684293444381,-0.0015339807878856412,-0.0030077451254730513,0.39678270627353146,4.117136106553049,BALANCE,1,-5.113866239784657e-08
2.674,-0.0030572317207750895,-0.012498918669077787,-0.0015339807878856412,-0.0024919276073174603,0.2579087590777955,9.06284791076371,BALANCE,1,-3.8350648774003054e-08
2.676,-0.003082602257450048,-0.012872084671322337,0.01610358907758499,0.004016503232398395,3.2542154198579274,7.9823069987656945,BALANCE,1,-3.825763785667871e-08
2.678,-0.0031348088875343735,-0.03933550568382235,-0.0015339807878856412,0.0020738338252989795,-0.9713347035497077,32.34406943603618,BALANCE,1,1.0720158197297523e-07
2.68,-0.0032281689419968087,-0.054026266033071,-0.0046019423636569235,-0.00026268784083558925,-1.1682608330672843,-1.576476948885806,BALANCE,1,2.5000426576790784e-07
2.682,-0.0033394656916826914,-0.057272530841823,-0.0030679615757712823,-0.0012445336480630849,-0.4909229036137478,-3.292129822562659,BALANCE,1,2.842411034089916e-07
2.684,-0.003452699321235477,-0.05596318152922284,-0.0030679615757712823,-0.001882733422760957,-0.3190998873489361,2.06741395790237,BALANCE,1,2.6389923647251067e-07
2.686,-0.0035607038972756975,-0.05204338114714852,-0.0030679615757712823,-0.002297563276314574,-0.20741492677680845,3.403329554854439,BALANCE,1,2.142818761082368e-07
2.688,-0.0036594758567374476,-0.046730395126506195,-0.0030679615757712823,-0.002567202681124425,-0.13481970240492544,4.27145993556298,BALANCE,1,1.5410734945940506e-07
2.69,-0.0037469792537335083,-0.040774611407762756,-0.006135923151542565,-0.003816254845770777,-0.6245260823231761,4.835529925713228,BALANCE,1,9.470220526986356e-08
2.692,-0.0038180209842632344,-0.030268425867592298,-0.0046019423636569235,-0.0040912454770309315,-0.13749531563007725,0.8421725055192875,BALANCE,1,1.1923820362517267e-08
2.694,-0.0038679860065958713,-0.019697515526445948,-0.0030679615757712823,-0.0037330961115900575,0.17907468272043703,4.721100952093063,BALANCE,1,-4.667636878371897e-08
2.696,-0.0038993400703114015,-0.01165712491959356,-0.0015339807878856412,-0.002963405748293515,0.38484518164827125,7.274403281601311,BALANCE,1,-7.50008713842503e-08
2.698,-0.003919308120607668,-0.008311292670211126,-0.0030679615757712823,-0.0030000002879107365,-0.0182972698086108,8.96615601367212,BALANCE,1,-8.30463140233251e-08
2.7,-0.003935075593462981,-0.007456470211732702,-0.0015339807878856412,-0.0024868934629019564,0.25655341250439007,5.738220729582447,BALANCE,1,-8.521297801938822e-08
2.702,-0.003952722133240353,-0.010190394153277429,-0.0030679615757712823,-0.0026902673024062234,-0.10168691975213354,7.9673152188944005,BALANCE,1,-8.088610892258074e-08
2.704,-0.00397201725724433,-0.009105084764863935,-0.0046019423636569235,-0.0033593535738439713,-0.33454313571887395,5.088652077011474,BALANCE,1,-8.401989480772091e-08
2.706,-0.003987319200253436,-0.006197139709271984,-0.0046019423636569235,-0.0037942596502785076,-0.21745303821726816,3.184985302276517,BALANCE,1,-8.948322467541883e-08
2.708,-0.004000275693929734,-0.00675959228763428,-0.0015339807878856412,-0.0030031620484410075,0.39554880091875005,4.094852865773236,BALANCE,1,-8.931503401225725e-08
2.71,-0.004016735548143186,-0.009700564685407538,-0.0046019423636569235,-0.003562735158766581,-0.2797865551627868,9.045732802561943,BALANCE,1,-8.492812912785059e-08
2.712,-0.004032902720801685,-0.006466905353273628,-0.006135923151542565,-0.0044633509562381785,-0.45030789873579874,3.6087630202583614,BALANCE,1,-9.127067343433489e-08
2.714,-0.004043952866549734,-0.004583443651748776,-0.006135923151542565,-0.005048751224594717,-0.29270013417826907,2.189662653634722,BALANCE,1,-9.401604368842992e-08
2.716,-0.004055947350129933,-0.007411260552318388,-0.0046019423636569235,-0.004892368123266492,0.07819155066411242,3.414391003748648,BALANCE,1,-9.096988303445308e-08
2.718,-0.004066820767853272,-0.0034623571786493567,-0.0015339807878856412,-0.003716932555883197,0.5877177836916473,6.38992899494274,BALANCE,1,-9.60698920522522e-08
2.72,-0.004089454666631515,-0.019171957915435432,-0.0046019423636569235,-0.0040266859886040045,-0.1548767163604037,10.53592160669484,BALANCE,1,-5.922838123950858e-08
2.722,-0.004123576872426453,-0.014950875523934266,-0.0046019423636569235,-0.0042280257198725295,-0.10066986563426246,4.5757750631174625,BALANCE,1,-7.624167340255028e-08
2.724,-0.00414882872501053,-0.010301441544123342,-0.0046019423636569235,-0.004358896545197071,-0.06543541266227064,4.996503879906507,BALANCE,1,-8.999484207421101e-08
2.726,-0.0041657777293731945,-0.006647874579802586,-0.0046019423636569235,-0.004443962581658022,-0.0425330182304757,5.269655474853929,BALANCE,1,-9.742970267701727e-08
2.728,-0.004180002484286124,-0.007577141981618549,-0.0046019423636569235,-0.004499255505357641,-0.02764646184980936,5.4468818756043005,BALANCE,1,-9.671845696963446e-08
2.73,-0.004194337795497138,-0.006758432912619156,-0.0030679615757712823,-0.003998302630002419,0.2504764376776111,5.561756900126582,BALANCE,1,-9.867697294193455e-08
2.732,-0.0042109175002384884,-0.009821576792519033,-0.0046019423636569235,-0.004209576536781498,-0.10563695338953973,7.815997608341258,BALANCE,1,-9.407994854769153e-08
2.734,-0.004228690178212039,-0.007951428091595008,-0.006135923151542565,-0.004883797851947875,-0.33711065758318826,4.953572130089951,BALANCE,1,-9.850821708573222e-08
2.736,-0.0042420197709171995,-0.005378409798813396,-0.0046019423636569235,-0.004785148431046045,0.04932471045091501,3.0603524580603905,BALANCE,1,-1.0283125436503018e-07
2.738,-0.004257044027374976,-0.009646123011081018,-0.0046019423636569235,-0.004721026307459855,0.03206106179309484,6.156797337901118,BALANCE,1,-9.674333885433247e-08
2.74,-0.004273340915299754,-0.0066510646793932066,-0.006135923151542565,-0.005216240202888806,-0.2476069477144755,6.021591270792236,BALANCE,1,-1.0276811023139148e-07
2.742,-0.0042860625660364245,-0.00607082005869457,-0.007669903939428206,-0.0060750225106775985,-0.42939115389439625,3.7534911129653583,BALANCE,1,-1.0419642584734293e-07
2.744,-0.004296049520145985,-0.003916317751548328,-0.0030679615757712823,-0.005022551183460391,0.5262356636086037,2.246475520556529,BALANCE,1,-1.0699608830011987e-07
2.746,-0.004315390264846345,-0.015424782693093539,-0.0030679615757712823,-0.004338444820769206,0.3420531813455923,9.95363382997687,BALANCE,1,-8.423386151652938e-08
2.748,-0.004344711581455012,-0.01389707325043895,-0.0030679615757712823,-0.003893775685019936,0.22233456787463515,8.520352664670094,BALANCE,1,-9.050662565318984e-08
2.75,-0.004372776791985424,-0.014168653508847953,-0.0030679615757712823,-0.00360474074678291,0.14451746911851296,7.5885051499103895,BALANCE,1,-9.113365522824399e-08
2.7520000000000002,-0.004402159677312786,-0.01521477228399228,-0.0046019423636569235,-0.003953761312688818,-0.1745102829529537,6.982589508006277,BALANCE,1,-8.93724760852621e-08
2.754,-0.004431654405201949,-0.014280498129141776,-0.0015339807878856412,-0.003106838129007709,0.4234615918405544,4.408635505217651,BALANCE,1,-9.38454519566823e-08
2.7560000000000002,-0.004462590360990383,-0.016656026690761425,-0.0046019423636569235,-0.003630124611134937,-0.26164324106361414,9.242604526960783,BALANCE,1,-8.762599391920278e-08
2.758,-0.004495360833596516,-0.016115048692659593,-0.0030679615757712823,-0.003433367548757661,0.09837853118863808,3.7296426498775728,BALANCE,1,-9.124489310393476e-08
2.7600000000000002,-0.004527606574261919,-0.016131285097699778,-0.0030679615757712823,-0.0033054754582124315,0.0639460452726147,6.620935578128475,BALANCE,1,-9.290158545387384e-08
2.762,-0.004560073701521934,-0.016336439359218323,-0.0046019423636569235,-0.0037592388751180065,-0.2268817084527875,6.352488121141359,BALANCE,1,-9.392775376050642e-08
2.7640000000000002,-0.004590749937099434,-0.014340360475114387,-0.0015339807878856412,-0.0029803985445866817,0.38942016526566237,3.997888438548784,BALANCE,1,-1.0211157698444735e-07
2.766,-0.004620678953304339,-0.015589206240074531,-0.0030679615757712823,-0.003011045605501295,-0.015323530457306582,8.974437768419346,BALANCE,1,-9.974735271262248e-08
2.7680000000000002,-0.004652415916641142,-0.016148340862583738,-0.0030679615757712823,-0.0030309661950957936,-0.009960294797249376,5.734047169859616,BALANCE,1,-9.958673566799945e-08
2.77,-0.004684781029338513,-0.016217367154995308,-0.0046019423636569235,-0.003580807854092192,-0.2749208294981992,5.775151626525385,BALANCE,1,-1.0112717267869e-07
2.7720000000000002,-0.004714734328473562,-0.013736482939277697,-0.006135923151542565,-0.004475098208199826,-0.44714517705381684,3.6217606878071837,BALANCE,1,-1.1071096619795405e-07
2.774,-0.004736328374985368,-0.00785796077487063,-0.006135923151542565,-0.005056386938369788,-0.290644365084981,2.1894134664741443,BALANCE,1,-1.2545284700995722e-07
2.7760000000000002,-0.004747721699753701,-0.0035355735638535283,-0.007669903939428206,-0.005971117888740237,-0.45736547518522486,3.4055313610269593,BALANCE,1,-1.3134189737421167e-07
2.778,-0.004761857426147836,-0.010600412836362302,-0.007669903939428206,-0.006565693006481029,-0.29728755887039593,2.015684399625033,BALANCE,1,-1.2148048181647665e-07
2.7800000000000002,-0.004771702581586569,0.0007550762993443275,-0.006135923151542565,-0.00641527355725257,0.07520972461422985,3.259320084477921,BALANCE,1,-1.3395812132389757e-07
2.782,-0.004771702581586569,0.0,-0.0030679615757712823,-0.005243714363734123,0.5857795967592234,6.247040464597184,BALANCE,1,-1.3401893628046625e-07
2.7840000000000003,-0.004771702581586569,0.0,-0.006135923151542565,-0.005555987439467081,-0.15613653786647907,10.400844250495492,BALANCE,1,-1.3401893628046625e-07
2.786,-0.004771702581586569,0.0,-0.0046019423636569235,-0.005222071662933529,0.1669578882667758,4.445667591458001,BALANCE,1,-1.3401893628046625e-07
2.7880000000000003,-0.004771702581586569,0.0,-0.006135923151542565,-0.005541919683946695,-0.15992401050658267,7.0494135327834675,BALANCE,1,-1.3401893628046625e-07
2.79,-0.004771702581586569,0.0,-0.0046019423636569235,-0.0052129276218452775,0.16449603105070854,4.41405907739902,BALANCE,1,-1.3401893628046625e-07
2.7920000000000003,-0.004771702581586569,0.0,-0.0015339807878856412,-0.003925296229959407,0.6438156959429351,7.028116348059065,BALANCE,1,-1.3401893628046625e-07
2.794,-0.004819768153074204,-0.04806645556731223,-0.006135923151542565,-0.004699015652513515,-0.386859711277054,10.939146491464038,BALANCE,1,1.0970848929892192e-07
2.7960000000000003,-0.00491340301143122,-0.0455701250988541,-0.006135923151542565,-0.005201933277173686,-0.2514588123300851,2.646380265220376,BALANCE,1,7.941111743908933e-08
2.798,-0.004999907787224104,-0.040936241854107436,-0.0046019423636569235,-0.004991936457442822,0.10499840986543177,3.6983720126610824,BALANCE,1,3.160516316206978e-08
2.8000000000000003,-0.005078156322601114,-0.037313732817553076,-0.0046019423636569235,-0.004855438524617761,0.06824896641253064,6.561631212117581,BALANCE,1,-3.2723456795582665e-09
2.802,-0.005149750085938237,-0.034281347406409854,-0.0030679615757712823,-0.004229821592521496,0.3128084660481323,6.274854452758952,BALANCE,1,-3.0740122623039414e-08
2.8040000000000003,-0.005217784296085665,-0.03375411415183322,-0.0046019423636569235,-0.004360063862418898,-0.0651211349487011,8.268021501451036,BALANCE,1,-3.8717969380878353e-08
2.806,-0.005283903628594389,-0.03236643454590706,-0.006135923151542565,-0.004981614613612184,-0.31077537559664287,5.235898144510042,BALANCE,1,-5.2592088552092184e-08
2.8080000000000003,-0.005344499234750207,-0.02823028619790452,-0.006135923151542565,-0.0053856226018878205,-0.20200399413781814,3.232374851332189,BALANCE,1,-8.311747400782222e-08
2.81,-0.005395286780621964,-0.022558193854826752,-0.0030679615757712823,-0.004574441242747035,0.4055906795703925,4.077228299185871,BALANCE,1,-1.1705616970195118e-07
2.8120000000000003,-0.005438316915333563,-0.020472732346670488,-0.009203884727313847,-0.0061947464623454225,-0.8101526097991935,8.985741682151454,BALANCE,1,-1.2937223759265457e-07
2.814,-0.005470465853924759,-0.011676797592097936,-0.009203884727313847,-0.007247944855084374,-0.5265991963694758,-0.8386618952736065,BALANCE,1,-1.616002328466424e-07
2.816,-0.005482241857002038,-9.942209860738273e-05,-0.0046019423636569235,-0.00632184398308477,0.4630504359998022,1.3651239196287808,BALANCE,1,-1.7690208999089343e-07
2.818,-0.005482241857002038,0.0,-0.0046019423636569235,-0.005719878416285027,0.30098278339987145,9.336622662106365,BALANCE,1,-1.7690314436462052e-07
2.82,-0.005482241857002038,0.0,-0.006135923151542565,-0.005865494073625168,-0.07280782867007075,8.075055399631646,BALANCE,1,-1.7690314436462052e-07
2.822,-0.005482241857002038,0.0,-0.0046019423636569235,-0.005423250975136285,0.2211215492444415,5.074820464816975,BALANCE,1,-1.7690314436462052e-07
2.824,-0.005482241857002038,0.0,-0.0046019423636569235,-0.005135792961118511,0.14372900700888694,7.451705423847377,BALANCE,1,-1.7690314436462052e-07
2.826,-0.005482241857002038,0.0,-0.0030679615757712823,-0.0044120519762469845,0.3618704924357634,6.848785408211784,BALANCE,1,-1.7690314436462052e-07
2.828,-0.005529774322581655,-0.04753333985057273,-0.007669903939428206,-0.005552300163360415,-0.5701240935567153,8.636459340323837,BALANCE,1,6.102060139679712e-08
2.83,-0.005620355900811645,-0.04304990452210972,-0.0046019423636569235,-0.005219674933464196,0.16631261494810942,1.110977301124529,BALANCE,1,1.1755887506242108e-08
2.832,-0.0057034313544471645,-0.0400270771881952,-0.0046019423636569235,-0.005003468534031654,0.10810319971627132,7.021384547970208,BALANCE,1,-2.0568131995417636e-08
2.834,-0.005781273913530813,-0.03781691371625007,-0.007669903939428206,-0.00593672092592045,-0.4666261959443982,6.567680916374648,BALANCE,1,-4.4181961118251446e-08
2.836,-0.00585074607965069,-0.03165653026334431,-0.0046019423636569235,-0.0054695484291282185,0.23358624839611578,1.9126632633907805,BALANCE,1,-9.458994630346638e-08
2.838,-0.005910103393995304,-0.02770187588875251,-0.0046019423636569235,-0.005165886306213268,0.15183106145747524,7.5412992582366005,BALANCE,1,-1.237380393126944e-07
2.84,-0.005962827116012161,-0.025022815917629608,-0.006135923151542565,-0.005505399202078525,-0.16975644793262856,6.904444312841131,BALANCE,1,-1.4248951110233008e-07
2.842,-0.006008706024332252,-0.020856936290855038,-0.0046019423636569235,-0.0051891893086309674,0.15810494672377887,4.31027238412797,BALANCE,1,-1.6610947290071846e-07
2.844,-0.006047621334719603,-0.018059089897040505,-0.007669903939428206,-0.006057439429410004,-0.4341250603895181,6.951098297124355,BALANCE,1,-1.8048500458040082e-07
2.846,-0.00607736565147495,-0.011685773972154208,-0.006135923151542565,-0.006084908732156403,-0.013734651373199791,2.1599517450853565,BALANCE,1,-2.028289384835886e-07
2.848,-0.006095383333629878,-0.006332239599095926,-0.0046019423636569235,-0.005565870503181588,0.25951911448740755,5.520209877304688,BALANCE,1,-2.1440894835916044e-07
2.85,-0.006111132987530435,-0.009417703994502478,-0.006135923151542565,-0.005765388930107933,-0.09975921346317253,7.736269123827399,BALANCE,1,-2.1035695384030634e-07
2.852,-0.006127472158451977,-0.0069217674672549445,-0.0046019423636569235,-0.005358182631850083,0.20360314912892502,4.848918316821156,BALANCE,1,-2.1588407229173932e-07
2.854,-0.006143992188934969,-0.009598566879106278,-0.007669903939428206,-0.006167285089502429,-0.4045512288261728,7.299177958927037,BALANCE,1,-2.123603310151068e-07
2.856,-0.006158911740677049,-0.005321259292227634,-0.006135923151542565,-0.006156308411216479,0.005488339142974662,2.3841633308092134,BALANCE,1,-2.2024783507528467e-07
2.858,-0.006173613597989871,-0.00938086843996864,-0.0046019423636569235,-0.005612280294570638,0.2720140583229208,5.663907213577306,BALANCE,1,-2.1494863651758068e-07
2.86,-0.006191070803399414,-0.008076658073698905,-0.0046019423636569235,-0.005258662018750841,0.17680913790989833,7.827632197956712,BALANCE,1,-2.186477554991645e-07
2.862,-0.006208724992454457,-0.009577855706800064,-0.007669903939428206,-0.0061025966909879215,-0.4219673361185402,7.086158198797969,BALANCE,1,-2.1710926420374503e-07
2.864,-0.006224168486508709,-0.005865922413469128,-0.007669903939428206,-0.006651154227942024,-0.2742787684770513,2.2440898068980393,BALANCE,1,-2.2435421456932013e-07
2.866,-0.006236382630497539,-0.006348446238718334,-0.010737865515199488,-0.008081503178482139,-0.7151744752700575,3.3913546649671154,BALANCE,1,-2.2462136445895e-07
2.868,-0.006242876660993656,-0.00014570371104083088,-0.006135923151542565,-0.007400550169053291,0.34047650471442403,-0.22324822704503777,BALANCE,1,-2.2939506447560714e-07
2.87,-0.006242876660993656,0.0,-0.0046019423636569235,-0.006421037437164566,0.4897563659443625,8.261336683362735,BALANCE,1,-2.2939732896322432e-07
2.872,-0.006242876660993656,0.0,-0.0046019423636569235,-0.0057843541614368945,0.31834163786383574,9.513062129628134,BALANCE,1,-2.2939732896322432e-07
2.874,-0.006242876660993656,0.0,-0.009203884727313847,-0.006981189859493831,-0.5984178490284682,8.178788430695292,BALANCE,1,-2.2939732896322432e-07
2.876,-0.006242876660993656,0.0,-0.006135923151542565,-0.006685346511710891,0.14792167389147004,0.7715061557015472,BALANCE,1,-2.2939732896322432e-07
2.878,-0.006242876660993656,0.0,-0.007669903939428206,-0.007029941611411954,-0.1722975498505315,6.758635870625686,BALANCE,1,-2.2939732896322432e-07
2.88,-0.006242876660993656,0.0,-0.0046019423636569235,-0.006180141874697696,0.4248998683571287,4.1748003863853285,BALANCE,1,-2.2939732896322432e-07
2.882,-0.006242876660993656,0.0,-0.007669903939428206,-0.0067015585973533775,-0.2607083613278406,9.002131687874524,BALANCE,1,-2.2939732896322432e-07
2.884,-0.006242876660993656,0.0,-0.0030679615757712823,-0.005429799639799647,0.6358794787768651,3.4846405353159593,BALANCE,1,-2.2939732896322432e-07
2.886,-0.006242876660993656,0.0,-0.009203884727313847,-0.00675072942042962,-0.6604648903149866,10.73256283367887,BALANCE,1,-2.2939732896322432e-07
2.888,-0.006242876660993656,0.0,-0.007669903939428206,-0.007072440502079128,-0.160855540824754,0.28120194822217126,BALANCE,1,-2.2939732896322432e-07
2.89,-0.006242876660993656,0.0,-0.007669903939428206,-0.007281552705151308,-0.10455610153608987,4.257359591144645,BALANCE,1,-2.2939732896322432e-07
2.892,-0.006242876660993656,0.0,-0.006135923151542565,-0.006880582361388251,0.20048517188152878,4.693752062728597,BALANCE,1,-2.2939732896322432e-07
2.894,-0.006242876660993656,0.0,-0.0046019423636569235,-0.006083058362182289,0.39876199960298075,7.156764354223053,BALANCE,1,-2.2939732896322432e-07
2.896,-0.006242876660993656,0.0,-0.007669903939428206,-0.006638454314218363,-0.27769797601803714,8.789613804274587,BALANCE,1,-2.2939732896322432e-07
2.898,-0.006242876660993656,0.0,-0.0046019423636569235,-0.005925675131521863,0.3563895913482502,3.3432825513214377,BALANCE,1,-2.2939732896322432e-07
2.9,-0.006242876660993656,0.0,-0.006135923151542565,-0.005999261938529112,-0.036793403503624415,8.457564706187222,BALANCE,1,-2.2939732896322432e-07
2.902,-0.006242876660993656,0.0,-0.006135923151542565,-0.006047093363083823,-0.023915712277355807,5.306485686564084,BALANCE,1,-2.2939732896322432e-07
2.904,-0.006242876660993656,0.0,-0.006135923151542565,-0.006078183789044386,-0.01554521298028147,5.405427912228334,BALANCE,1,-2.2939732896322432e-07
2.906,-0.006242876660993656,0.0,-0.009203884727313847,-0.0071721791174387,-0.5469976641971569,5.4693108442894856,BALANCE,1,-2.2939732896322432e-07
2.908,-0.006242876660993656,0.0,-0.006135923151542565,-0.006809489529375056,0.18134479403182202,1.1506170790273362,BALANCE,1,-2.2939732896322432e-07
2.91,-0.006242876660993656,0.0,-0.009203884727313847,-0.007647527848653636,-0.41901915963929015,6.997756222237111,BALANCE,1,-2.2939732896322432e-07
2.912,-0.006242876660993656,0.0,-0.006135923151542565,-0.007118466204664765,0.26453082199443584,2.1430327881417686,BALANCE,1,-2.2939732896322432e-07
2.914,-0.006242876660993656,0.0,-0.006135923151542565,-0.0067745761360719975,0.1719450342963836,7.641752646609976,BALANCE,1,-2.2939732896322432e-07
2.916,-0.006242876660993656,0.0,-0.006135923151542565,-0.006551047591486699,0.11176427229264924,6.9203448339139095,BALANCE,1,-2.2939732896322432e-07
2.918,-0.006242876660993656,0.0,-0.006135923151542565,-0.006405754037506255,0.07264677699022215,6.4510002410408545,BALANCE,1,-2.2939732896322432e-07
2.92,-0.006242876660993656,0.0,-0.0030679615757712823,-0.0052375266758990175,0.5841136808036186,6.145496741052764,BALANCE,1,-2.2939732896322432e-07
2.922,-0.006290998650604255,-0.04812287472078339,-0.006135923151542565,-0.005551965442374262,-0.1572193832376223,10.30627810792119,BALANCE,1,1.4072371457976862e-08
2.924,-0.006386526184432649,-0.04740641621469058,-0.006135923151542565,-0.005756350640583171,-0.1021925991044545,4.355636876514273,BALANCE,1,-3.5639935486116916e-10
2.926,-0.0064793519740557175,-0.04542108082016658,-0.0046019423636569235,-0.005352307743658987,0.20202144846209183,4.7824367675589645,BALANCE,1,-2.704391045445613e-08
2.928,-0.006569565507921836,-0.04479411240676869,-0.006135923151542565,-0.005626573136418242,-0.13713269637962744,7.239321260358055,BALANCE,1,-4.000608367381514e-08
2.93,-0.0066569725886938685,-0.04261457610514629,-0.006135923151542565,-0.005804845641711758,-0.08913625264675776,4.50850686343146,BALANCE,1,-6.71319083285023e-08
2.932,-0.006739048256469506,-0.0394626013458427,-0.0046019423636569235,-0.005383829494392569,0.21050807365959434,4.8806210938484655,BALANCE,1,-1.0119866295785617e-07
2.934,-0.00681639939385851,-0.037889958815199264,-0.007669903939428206,-0.006183955550155045,-0.4000630278812381,7.301959907239555,BALANCE,1,-1.2034603789654775e-07
2.936,-0.006887040838454644,-0.03275278513888322,-0.007669903939428206,-0.0067040374864006545,-0.2600409681228046,2.3681467404571155,BALANCE,1,-1.6475358744876158e-07
2.938,-0.006945407064030382,-0.025614514009517912,-0.007669903939428206,-0.007042090744960301,-0.1690266292798232,3.4557774948525672,BALANCE,1,-2.1394736991466526e-07
2.94,-0.006988471826007832,-0.017451040091267085,-0.006135923151542565,-0.006724932087264096,0.15857932884810222,4.162200591933848,BALANCE,1,-2.5497950594737266e-07
2.942,-0.007017040218548322,-0.01111787793015995,-0.006135923151542565,-0.006518778959761563,0.10307656375126671,6.800732790001571,BALANCE,1,-2.7663393305239363e-07
2.944,-0.007035020438440393,-0.0068626726863797284,-0.007669903939428206,-0.006921672702644891,-0.20144687144166415,6.367776101085086,BALANCE,1,-2.862822387330776e-07
2.946,-0.00704753773700617,-0.0056548561188029915,-0.0046019423636569235,-0.006109767083999106,0.4059528093228928,3.9060306604281108,BALANCE,1,-2.889324686462853e-07
2.948,-0.007064406411289716,-0.011214128437142833,-0.009203884727313847,-0.007192708259159268,-0.541470587580081,8.812720490246514,BALANCE,1,-2.8033049499966544e-07
2.95,-0.00708005547474811,-0.004435222868894525,-0.007669903939428206,-0.007359726747253399,-0.08350924404706582,1.1669183028612826,BALANCE,1,-2.929491199730038e-07
2.952,-0.007094417271738113,-0.009926838282921222,-0.009203884727313847,-0.00800518204027456,-0.32272764651057995,4.8191159964903045,BALANCE,1,-2.8573443051115954e-07
2.954,-0.007105701858374385,-0.0013579559236005598,-0.009203884727313847,-0.008424727980738313,-0.20977297023187705,2.8650404227928674,BALANCE,1,-2.969920710185985e-07
2.956,-0.007131533629424441,-0.02447429025065407,-0.009203884727313847,-0.008697432842039754,-0.1363524306507201,3.7418201309985175,BALANCE,1,-2.3546110183353144e-07
2.958,-0.007168833529808812,-0.012826296221722317,-0.007669903939428206,-0.008337797726125714,0.17981755795701965,4.311082669401279,BALANCE,1,-2.849448950854048e-07
2.96,-0.007185656780276665,-0.003997263692489858,-0.006135923151542565,-0.0075671416250216155,0.3853280505520494,6.860353125672814,BALANCE,1,-3.0221010238869077e-07
2.962,-0.007203691164618955,-0.014037452360479706,-0.006135923151542565,-0.007066215159303951,0.25046323285883226,8.549163004174295,BALANCE,1,-2.844231825346094e-07
2.964,-0.007228502798797123,-0.01077463819540575,-0.006135923151542565,-0.006740612956587469,0.162801101358241,7.498886807539757,BALANCE,1,-2.9516629929454336e-07
2.966,-0.007248846451915253,-0.009569389116688816,-0.006135923151542565,-0.006528971524821755,0.10582071588285685,6.815777765106698,BALANCE,1,-2.995152678071909e-07
2.968,-0.007268089561201212,-0.009674074119327745,-0.006135923151542565,-0.006391404594174041,0.06878346532385692,6.371327372904603,BALANCE,1,-3.009446330602767e-07
2.97,-0.0072876548886932685,-0.009891613249412227,-0.009203884727313847,-0.007375772640772976,-0.4921840232994675,6.082005103352632,BALANCE,1,-3.021668742720407e-07
2.972,-0.007303117860293944,-0.005571642773883009,-0.006135923151542565,-0.006941825319542336,0.21697366061532034,1.533727957041946,BALANCE,1,-3.106202620921948e-07
2.974,-0.007319195913352787,-0.010506706014845376,-0.010737865515199488,-0.008270439388022343,-0.6643070342400035,7.231637902570179,BALANCE,1,-3.0354028731194033e-07
2.976,-0.007331928426272116,-0.0022260411067701307,-0.0046019423636569235,-0.006986465429494449,0.6419869792639467,0.10002141174118329,BALANCE,1,-3.1588475037914144e-07
2.978,-0.007359775819601911,-0.025621864420787732,-0.0030679615757712823,-0.005614989080691344,0.6857381744015526,10.626014664198559,BALANCE,1,-2.4879687680759155e-07
2.98,-0.007412570440929667,-0.02717372798835723,-0.009203884727313847,-0.006871102557009223,-0.6280567381589395,11.057189808411454,BALANCE,1,-2.446479629667399e-07
2.982,-0.0074625949209671085,-0.022851672181263303,-0.0046019423636569235,-0.006076896489335922,0.3971030338366507,0.47008947883704355,BALANCE,1,-2.720905013787598e-07
2.984,-0.00750714265245024,-0.02169687869460495,-0.007669903939428206,-0.006634449096868224,-0.2787763037661512,8.717804639564296,BALANCE,1,-2.815030490403621e-07
2.986,-0.007546682745027625,-0.01784394116874096,-0.006135923151542565,-0.006459965016004246,0.08724204043198888,3.275989892470568,BALANCE,1,-3.0125702393392443e-07
2.988,-0.007579169568602101,-0.014643479956313913,-0.0030679615757712823,-0.005272763811922712,0.5936006020407671,6.213313697904327,BALANCE,1,-3.152399611684337e-07
2.99,-0.007610084090495508,-0.016271610564039248,-0.007669903939428206,-0.006111762856549638,-0.41949952231346316,10.334359710257061,BALANCE,1,-3.1263487566464676e-07
2.992,-0.007639988573049547,-0.013633422041488069,-0.006135923151542565,-0.0061202189597971655,-0.0042280516237636415,2.1779964201742925,BALANCE,1,-3.2373461245759457e-07
2.994,-0.007664611021199422,-0.01098947900440178,-0.007669903939428206,-0.006662608702668033,-0.2711948714354336,5.498436775705078,BALANCE,1,-3.3289681678040736e-07
2.996,-0.00768228747417816,-0.006687299109911624,-0.006135923151542565,-0.006478268759774122,0.09216997144695545,3.3288263108989327,BALANCE,1,-3.4260540684934374e-07
2.998,-0.007697098116723315,-0.00812361585448465,-0.009203884727313847,-0.007432234348413029,-0.47698279431945345,6.245509796779724,BALANCE,1,-3.41676960755896e-07
3.0,-0.007708351105308562,-0.0031295797164669044,-0.006135923151542565,-0.006978525429508369,0.22685445945232977,1.6335632884604356,BALANCE,1,-3.4869187763178797e-07
3.0020000000000002,-0.007729250937948586,-0.01777063733556644,-0.007669903939428206,-0.007220507907980315,-0.12099123923597302,7.29008814868308,BALANCE,1,-3.1795080047300475e-07
3.004,-0.007757845244939406,-0.010824195610393491,-0.006135923151542565,-0.006840903243227106,0.18980233237660474,4.491359508886744,BALANCE,1,-3.417447967175524e-07
3.0060000000000002,-0.007775491433711991,-0.006822317740664431,-0.010737865515199488,-0.008204840038417443,-0.6819683975951684,6.999116181023913,BALANCE,1,-3.5089087150132447e-07
3.008,-0.007784164536460566,-0.001850944540264349,-0.007669903939428206,-0.008017612403771213,0.09361381732311477,-0.05852683446937501,BALANCE,1,-3.5628443795939675e-07
3.0100000000000002,-0.007808873699771059,-0.02285867324473396,-0.007669903939428206,-0.007895914441251163,0.06084898126002512,6.155761020474909,BALANCE,1,-3.0318232306096425e-07
3.012,-0.00784633571759759,-0.014604033645938257,-0.0046019423636569235,-0.006743024214093183,0.5764451135789901,5.899365026833144,BALANCE,1,-3.396200059842484e-07
3.0140000000000002,-0.007872613139019574,-0.011673871112310595,-0.007669903939428206,-0.007067432117960444,-0.16220395193363052,10.091958894171524,BALANCE,1,-3.5026439026664587e-07
3.016,-0.007892086831601993,-0.007800179662424193,-0.006135923151542565,-0.006741403979714189,0.16301406912312733,4.1618884094149315,BALANCE,1,-3.601179115899042e-07
3.0180000000000002,-0.00790818926783065,-0.00830255274628335,-0.009203884727313847,-0.007603272241374072,-0.4309341308299415,6.781845985367827,BALANCE,1,-3.607525409641899e-07
3.02,-0.007920906371593924,-0.004414784931825753,-0.007669903939428206,-0.007626593335693022,-0.011660547159474989,1.9770276355954093,BALANCE,1,-3.6721120119442284e-07
3.0220000000000002,-0.007936422809711307,-0.011101938582795717,-0.009203884727313847,-0.008178645322760313,-0.2760259935336456,5.3282917206328655,BALANCE,1,-3.57591409147144e-07
3.024,-0.007950693928989847,-0.003169443197058877,-0.007669903939428206,-0.008000585838594079,0.08902974208311719,3.1786093013509107,BALANCE,1,-3.7100139468194866e-07
3.0260000000000002,-0.007969779286685252,-0.015916265536353745,-0.009203884727313847,-0.008421740449646001,-0.2105773055259613,6.108138638167268,BALANCE,1,-3.4683972991978204e-07
3.028,-0.007992526765965754,-0.006831632156112665,-0.007669903939428206,-0.008158597671069776,0.13157138928811263,3.684328632541596,BALANCE,1,-3.7102026674244244e-07
3.0300000000000002,-0.008004208341098296,-0.004850157842821274,-0.007669903939428206,-0.007987554864995229,0.08552140303727356,6.435675038234546,BALANCE,1,-3.745891856746284e-07
3.032,-0.00801895276209075,-0.009894534347697716,-0.007669903939428206,-0.007876377041046774,0.05558891197422755,6.0759402056193075,BALANCE,1,-3.680461216968519e-07
3.0340000000000003,-0.008034373273529922,-0.005526260731543159,-0.009203884727313847,-0.008341004731240253,-0.2323138450967396,5.841575671143637,BALANCE,1,-3.766884951908795e-07
3.036,-0.00804675875284204,-0.006859446391909495,-0.007669903939428206,-0.00810611945410604,0.11744263856710689,3.508807752218043,BALANCE,1,-3.7609948436520616e-07
3.0380000000000003,-0.008059459464415027,-0.005841498792202519,-0.007669903939428206,-0.007953444023968801,0.076337715068619,6.319331514266047,BALANCE,1,-3.7868259636502604e-07
3.04,-0.008073480130414536,-0.00817942509470386,-0.007669903939428206,-0.007854204994379596,0.04961951479460266,5.998061963281583,BALANCE,1,-3.765174418416935e-07
3.0420000000000003,-0.008087789337367484,-0.006130045055854291,-0.007669903939428206,-0.007789699625146612,0.032252684616491945,5.788699861865929,BALANCE,1,-3.8100665152683763e-07
3.044,-0.00810225927406697,-0.008340157794708425,-0.009203884727313847,-0.008284664410905147,-0.24748239287926757,5.652077602669993,BALANCE,1,-3.7897426051081387e-07
3.0460000000000003,-0.008114886403257755,-0.004287203655714775,-0.006135923151542565,-0.007532604970128247,0.37602972038845023,3.3828421626762237,BALANCE,1,-3.856385579329583e-07
3.048,-0.008133742071418142,-0.014568811319094002,-0.007669903939428206,-0.007580659609383236,-0.024027319627494426,8.414556114270555,BALANCE,1,-3.6676240093680347e-07
3.0500000000000003,-0.008158752972682098,-0.010442549985116189,-0.009203884727313847,-0.008148788400658953,-0.2840643956378585,5.209700383865822,BALANCE,1,-3.801692245201713e-07
3.052,-0.008174205892484509,-0.005010654053863081,-0.007669903939428206,-0.007981178839228194,0.08380478071537932,3.0936862906262337,BALANCE,1,-3.9060840767342785e-07
3.0540000000000003,-0.008189341954866987,-0.010125686729903664,-0.010737865515199488,-0.00894601917581815,-0.4824201682949777,6.045100039370135,BALANCE,1,-3.838077937221713e-07
3.056,-0.008201309341207547,-0.0018419197380308786,-0.009203884727313847,-0.009036272118841646,-0.045126471511748416,1.4556208232567194,BALANCE,1,-3.9553693763156445e-07
3.0580000000000003,-0.008225589933606187,-0.022439119250970002,-0.006135923151542565,-0.008021149980286971,0.5075610692773375,4.946747966517375,BALANCE,1,-3.4453828771744397e-07
3.06,-0.008265329068387327,-0.01730074647395387,-0.006135923151542565,-0.007361320590226432,0.3299146950302696,9.427551391147286,BALANCE,1,-3.70176691001054e-07
3.0620000000000003,-0.008297478890377265,-0.014849666864029646,-0.009203884727313847,-0.00800621803820703,-0.32244872399029906,8.04449789645633,BALANCE,1,-3.817165762052072e-07
3.064,-0.008321879833220561,-0.009551724800453416,-0.006135923151542565,-0.007351614827874471,0.3273016051662798,2.7852954538053036,BALANCE,1,-3.978930503343729e-07
3.0660000000000003,-0.008340084315656502,-0.008653092479333737,-0.009203884727313847,-0.007999909292678256,-0.32414723240189275,8.021103956712313,BALANCE,1,-4.014233921629273e-07
3.068,-0.00835436592738214,-0.005628781936426934,-0.009203884727313847,-0.008421300694800717,-0.21069570106123023,2.7690156064201696,BALANCE,1,-4.0743397199921115e-07
3.0700000000000003,-0.00836698016584718,-0.0069856885470011,-0.0046019423636569235,-0.007084525278900392,0.6683877079501623,3.649660112879162,BALANCE,1,-4.068496972400346e-07
3.072,-0.008384429437508232,-0.010463904063884638,-0.010737865515199488,-0.008363194361605078,-0.6393345413523432,10.761117004868542,BALANCE,1,-4.020961869800605e-07
3.074,-0.008399189273008591,-0.004296202924806632,-0.007669903939428206,-0.008120542713843175,0.12132582388095156,0.2209462266138953,BALANCE,1,-4.1326476916114794e-07
3.076,-0.008415669296921505,-0.012184124107073212,-0.010737865515199488,-0.009036605694317888,-0.4580314902373561,6.3191641388032,BALANCE,1,-4.010296262441022e-07
3.078,-0.008430731842220318,-0.0028786982499962917,-0.009203884727313847,-0.009095153355866477,-0.029273830774294643,1.6275345258893914,BALANCE,1,-4.174742167091123e-07
3.08,-0.00844925664919747,-0.015646449453316523,-0.007669903939428206,-0.008596316060113084,0.24941864787669624,5.052263911229795,BALANCE,1,-3.9408546086238897e-07
3.082,-0.008473461452260134,-0.008558798823491025,-0.010737865515199488,-0.009345858369393329,-0.3747711546401222,7.310014714970903,BALANCE,1,-4.147959593934729e-07
3.084,-0.008483387100302909,-0.001367031790834923,-0.009203884727313847,-0.009296167594665512,0.024845387363908213,2.2696545846056626,BALANCE,1,-4.234009279242239e-07
3.086,-0.008511036532801757,-0.026282909258899045,-0.010737865515199488,-0.009800761866852407,-0.25229713609344756,5.467709133602641,BALANCE,1,-3.526815733597977e-07
3.088,-0.008552506735942853,-0.015188056668521587,-0.007669903939428206,-0.00905496159225394,0.3729001372992334,3.218333137239211,BALANCE,1,-4.059254785350652e-07
3.09,-0.008575622350494985,-0.007927983063586337,-0.007669903939428206,-0.008570191413764937,0.2423850892445019,8.262848348538116,BALANCE,1,-4.2615712038085437e-07
3.092,-0.008589898976530662,-0.006348905569006995,-0.010737865515199488,-0.009328877349267033,-0.3793429677510481,7.2461001365268505,BALANCE,1,-4.3000428632693767e-07
3.094,-0.008600915227669433,-0.0046675481973120604,-0.009203884727313847,-0.009285129931583421,0.021873708841805943,2.224888748962472,BALANCE,1,-4.330946969781877e-07
3.096,-0.00861471612718322,-0.00913360515901403,-0.009203884727313847,-0.009256694110089073,0.014217910747174253,5.435389980780004,BALANCE,1,-4.279185562195901e-07
3.098,-0.008627594177661149,-0.0037446821937551673,-0.009203884727313847,-0.009238210826117747,0.009241641985662657,5.373998406490594,BALANCE,1,-4.3662818785704615e-07
3.1,-0.008644705685951022,-0.013367140828465164,-0.009203884727313847,-0.009226196691536384,0.006007067290681421,5.333449611271557,BALANCE,1,-4.2080430391730423e-07
3.102,-0.008664560521204323,-0.006488059627405933,-0.009203884727313847,-0.0092183875040585,0.0039045937389424468,5.306448622448281,BALANCE,1,-4.3739625961869676e-07
3.104,-0.008676867740128392,-0.005819385668677664,-0.006135923151542565,-0.008139524980677926,0.5394312616902865,5.288253707782231,BALANCE,1,-4.3953029325287763e-07
3.106,-0.00869412852704245,-0.011441718726039461,-0.009203884727313847,-0.008512050892000501,-0.18626295566128748,9.635570897799683,BALANCE,1,-4.309433597242586e-07
3.108,-0.008713305313683362,-0.007735420643526407,-0.010737865515199488,-0.00929108601012015,-0.38951755905982427,3.8059631941293355,BALANCE,1,-4.4048965224632264e-07
3.11,-0.008724811585297632,-0.0037710626127581562,-0.01227184630308513,-0.010334352112657895,-0.5216330512688725,2.1313260426518386,BALANCE,1,-4.465363370924688e-07
3.112,-0.008737270029958982,-0.0086876111982609,-0.010737865515199488,-0.010475581803547455,-0.07061484544478025,1.0097392684046556,BALANCE,1,-4.412830970011077e-07
3.114,-0.008745487907812946,0.00046958218350395126,-0.009203884727313847,-0.010030487826865695,0.22254698834088016,4.607316017183311,BALANCE,1,-4.50155836696827e-07
3.116,-0.008745487907812946,0.0,-0.006135923151542565,-0.008667390190502602,0.6815488181815466,6.977310228504127,BALANCE,1,-4.501793574890472e-07
3.118,-0.008745487907812946,0.0,-0.009203884727313847,-0.00885516327838654,-0.09388654394196921,10.729377247373144,BALANCE,1,-4.501793574890472e-07
3.12,-0.008745487907812946,0.0,-0.010737865515199488,-0.009514109061271075,-0.32947289144226716,4.5128569324563035,BALANCE,1,-4.501793574890472e-07
3.122,-0.008745487907812946,0.0,-0.01227184630308513,-0.010479317095905997,-0.482604017317461,2.5867265836685926,BALANCE,1,-4.501793574890472e-07
3.124,-0.008745487907812946,0.0,-0.007669903939428206,-0.009496022491138774,0.49164730238361165,1.3016692311697655,BALANCE,1,-4.501793574890472e-07
3.126,-0.008745487907812946,0.0,-0.009203884727313847,-0.009393774273800053,0.05112410866936045,9.152778260566151,BALANCE,1,-4.501793574890472e-07
3.128,-0.008745487907812946,0.0,-0.009203884727313847,-0.009327312932529884,0.033230670635084336,5.632848849037706,BALANCE,1,-4.501793574890472e-07
3.13,-0.008745487907812946,0.0,-0.009203884727313847,-0.009284113060704273,0.02159993591280534,5.491823562653201,BALANCE,1,-4.501793574890472e-07
3.132,-0.008745487907812946,0.0,-0.007669903939428206,-0.008719139868257652,0.2824865962233105,5.3995128545723645,BALANCE,1,-4.501793574890472e-07
3.134,-0.008745487907812946,0.0,-0.007669903939428206,-0.008351907293167348,0.1836162875451519,7.518760700629552,BALANCE,1,-4.501793574890472e-07
3.136,-0.008745487907812946,0.0,-0.009203884727313847,-0.008650099395118627,-0.1490960509756391,6.748161804251068,BALANCE,1,-4.501793574890472e-07
3.138,-0.008745487907812946,0.0,-0.007669903939428206,-0.008307030985626983,0.17153420474582196,4.06684155008864,BALANCE,1,-4.501793574890472e-07
3.14,-0.008745487907812946,0.0,-0.009203884727313847,-0.008620929795217388,-0.15694940479520253,6.6508062942327015,BALANCE,1,-4.501793574890472e-07
3.142,-0.008745487907812946,0.0,-0.007669903939428206,-0.008288070745691177,0.1664295247631054,4.002379303370037,BALANCE,1,-4.501793574890472e-07
3.144,-0.008745487907812946,0.0,-0.009203884727313847,-0.008608605639259114,-0.16026744678396873,6.607724668658935,BALANCE,1,-4.501793574890472e-07
3.146,-0.008745487907812946,0.0,-0.010737865515199488,-0.009353846595838248,-0.3726204782895665,3.973195081540414,BALANCE,1,-4.501793574890472e-07
3.148,-0.008745487907812946,0.0,-0.006135923151542565,-0.008227573390334761,0.5631366027517432,2.227785602781716,BALANCE,1,-4.501793574890472e-07
3.15,-0.008745487907812946,0.0,-0.007669903939428206,-0.00803238908251747,0.09759215390864588,9.779773128764335,BALANCE,1,-4.501793574890472e-07
3.152,-0.008745487907812946,0.0,-0.009203884727313847,-0.008442412558196204,-0.20501173783936746,6.065522118672091,BALANCE,1,-4.501793574890472e-07
3.154,-0.008745487907812946,0.0,-0.007669903939428206,-0.008172034541627408,0.1351890082843983,3.618401093635621,BALANCE,1,-4.501793574890472e-07
3.156,-0.008745487907812946,0.0,-0.01227184630308513,-0.009606968658137613,-0.7174670582551024,6.354595336711549,BALANCE,1,-4.501793574890472e-07
3.158,-0.008745487907812946,0.0,-0.007669903939428206,-0.008928996006589323,0.33898632577414495,-0.554670636326696,BALANCE,1,-4.501793574890472e-07
3.16,-0.008745487907812946,0.0,-0.007669903939428206,-0.008488313783082934,0.22034111175319412,7.935848995798863,BALANCE,1,-4.501793574890472e-07
3.162,-0.008745487907812946,0.0,-0.007669903939428206,-0.008201870337803783,0.14322172263957558,7.011430554285022,BALANCE,1,-4.501793574890472e-07
3.164,-0.008745487907812946,0.0,-0.009203884727313847,-0.008552575374132308,-0.1753525181642625,6.410021674025263,BALANCE,1,-4.501793574890472e-07
3.166,-0.008745487907812946,0.0,-0.009203884727313847,-0.00878053364774585,-0.11397913680677094,3.83867493034002,BALANCE,1,-4.501793574890472e-07
3.168,-0.008745487907812946,0.0,-0.007669903939428206,-0.008391813249834677,0.19436019895558657,4.31422837805359,BALANCE,1,-4.501793574890472e-07
3.17,-0.008745487907812946,0.0,-0.009203884727313847,-0.00867603826695239,-0.14211250855885627,6.8025879253771535,BALANCE,1,-4.501793574890472e-07
3.172,-0.008745487907812946,0.0,-0.009203884727313847,-0.008860784528078904,-0.09237313056325701,4.092017556581158,BALANCE,1,-4.501793574890472e-07
3.174,-0.008745487907812946,0.0,-0.010737865515199488,-0.00951776287357111,-0.3284891727461034,4.477075647972746,BALANCE,1,-4.501793574890472e-07
3.176,-0.008745487907812946,0.0,-0.007669903939428206,-0.008871012246621096,0.3233753134750071,2.546825057205728,BALANCE,1,-4.501793574890472e-07
3.178,-0.008745487907812946,0.0,-0.009203884727313847,-0.008987517614863562,-0.05825268412123271,7.798771782142289,BALANCE,1,-4.501793574890472e-07
3.18,-0.008745487907812946,0.0,-0.009203884727313847,-0.009063246104221165,-0.037864244678801826,4.73695997575485,BALANCE,1,-4.501793574890472e-07
3.182,-0.008745487907812946,0.0,-0.007669903939428206,-0.008575576346543632,0.2438348788387666,4.893711132711996,BALANCE,1,-4.501793574890472e-07
3.184,-0.008745487907812946,0.0,-0.007669903939428206,-0.008258591004053236,0.15849267124519797,7.1748491910438865,BALANCE,1,-4.501793574890472e-07
3.186,-0.008745487907812946,0.0,-0.009203884727313847,-0.008589443807194452,-0.16542640157060812,6.509478932643951,BALANCE,1,-4.501793574890472e-07
3.188,-0.008745487907812946,0.0,-0.010737865515199488,-0.009341391404996218,-0.3759737989008829,3.8965572931675903,BALANCE,1,-4.501793574890472e-07
3.19,-0.008745487907812946,0.0,-0.007669903939428206,-0.008756370792047417,0.2925103064744007,2.165192980376287,BALANCE,1,-4.501793574890472e-07
3.192,-0.008745487907812946,0.0,-0.010737865515199488,-0.009449893945150644,-0.3467615765516138,7.546415785997075,BALANCE,1,-4.501793574890472e-07
3.194,-0.008745487907812946,0.0,-0.009203884727313847,-0.009363790718907769,0.04305161312143785,2.388739353813734,BALANCE,1,-4.501793574890472e-07
3.196,-0.008745487907812946,0.0,-0.009203884727313847,-0.0093078236218499,0.0279835485289346,5.510538306628938,BALANCE,1,-4.501793574890472e-07
3.198,-0.008745487907812946,0.0,-0.010737865515199488,-0.009808338284522258,-0.2502573313361792,5.391490250988014,BALANCE,1,-4.501793574890472e-07
3.2,-0.008745487907812946,0.0,-0.007669903939428206,-0.009059886263739342,0.3742260103914577,3.1335706646498576,BALANCE,1,-4.501793574890472e-07
3.202,-0.008745487907812946,0.0,-0.007669903939428206,-0.008573392450230448,0.2432469067544475,8.17253254246518,BALANCE,1,-4.501793574890472e-07
3.204,-0.008745487907812946,0.0,-0.007669903939428206,-0.008257171471449666,0.15811048939039055,7.152174663689586,BALANCE,1,-4.501793574890472e-07
3.206,-0.008745487907812946,0.0,-0.010737865515199488,-0.009125414386762107,-0.4341214576562202,6.4884051492096875,BALANCE,1,-4.501793574890472e-07
3.208,-0.008745487907812946,0.0,-0.007669903939428206,-0.008615985730195244,0.2547143282834313,1.6966299150407034,BALANCE,1,-4.501793574890472e-07
3.21,-0.008745487907812946,0.0,-0.009203884727313847,-0.008821750379186758,-0.10288232449575697,7.236158724805888,BALANCE,1,-4.501793574890472e-07
3.212,-0.008745487907812946,0.0,-0.009203884727313847,-0.008955497401031243,-0.0668735109222423,4.3612752735570535,BALANCE,1,-4.501793574890472e-07
3.214,-0.008745487907812946,0.0,-0.007669903939428206,-0.008505539689470184,0.2249788557805296,4.639529861354296,BALANCE,1,-4.501793574890472e-07
3.216,-0.008745487907812946,0.0,-0.010737865515199488,-0.009286853728475443,-0.39065701950262954,6.99964514973224,BALANCE,1,-4.501793574890472e-07
3.218,-0.008745487907812946,0.0,-0.009203884727313847,-0.009257814578068888,0.014519575203277534,2.0258219343809567,BALANCE,1,-4.501793574890472e-07
3.22,-0.008745487907812946,0.0,-0.01227184630308513,-0.010312725681824574,-0.5274555518778433,5.267125478136992,BALANCE,1,-4.501793574890472e-07
3.222,-0.008745487907812946,0.0,-0.010737865515199488,-0.010461524623505797,-0.07439947084061145,0.8659672501263191,BALANCE,1,-4.501793574890472e-07
3.224,-0.008745487907812946,0.0,-0.009203884727313847,-0.010021350659838618,0.22008698183358966,4.4793956569986,BALANCE,1,-4.501793574890472e-07
3.226,-0.008745487907812946,0.0,-0.010737865515199488,-0.010272130859214926,-0.12539009968815396,6.859693446080272,BALANCE,1,-4.501793574890472e-07
3.228,-0.008745487907812946,0.0,-0.007669903939428206,-0.009361351437289576,0.4553897109626746,4.078775555771902,BALANCE,1,-4.501793574890472e-07
3.23,-0.008745487907812946,0.0,-0.009203884727313847,-0.009306238088798074,0.027556674245751006,8.777788536006593,BALANCE,1,-4.501793574890472e-07
3.232,-0.008745487907812946,0.0,-0.006135923151542565,-0.00819662786075865,0.5548051140197123,5.356569795562935,BALANCE,1,-4.501793574890472e-07
3.234,-0.008745487907812946,0.0,-0.007669903939428206,-0.008012274488292998,0.092176686232826,9.63949460186484,BALANCE,1,-4.501793574890472e-07
3.236,-0.008745487907812946,0.0,-0.009203884727313847,-0.008429338071950298,-0.20853179182865003,5.94792592702003,BALANCE,1,-4.501793574890472e-07
3.238,-0.008745487907812946,0.0,-0.009203884727313847,-0.008700429401327543,-0.13554566468862264,3.515548419894393,BALANCE,1,-4.501793574890472e-07
3.24,-0.008745487907812946,0.0,-0.009203884727313847,-0.008876638765422752,-0.08810468204760447,4.081431871371712,BALANCE,1,-4.501793574890472e-07
3.242,-0.008745487907812946,0.0,-0.009203884727313847,-0.008991174852084638,-0.057268043330943076,4.448611842901061,BALANCE,1,-4.501793574890472e-07
3.244,-0.008745487907812946,0.0,-0.007669903939428206,-0.00852873003265489,0.23122240971487454,4.686634552464222,BALANCE,1,-4.501793574890472e-07
3.246,-0.008745487907812946,0.0,-0.009203884727313847,-0.008765034175785528,-0.11815207156531948,7.020599119990017,BALANCE,1,-4.501793574890472e-07
3.248,-0.008745487907812946,0.0,-0.007669903939428206,-0.008381738593060468,0.19164779136252985,4.209672014325468,BALANCE,1,-4.501793574890472e-07
3.25,-0.008745487907812946,0.0,-0.010737865515199488,-0.009206383015809129,-0.41232221137433006,6.709392304993155,BALANCE,1,-4.501793574890472e-07
3.2520000000000002,-0.008745487907812946,0.0,-0.010737865515199488,-0.009742401890595758,-0.26800943739331473,1.8263123411301945,BALANCE,1,-4.501793574890472e-07
3.254,-0.008745487907812946,0.0,-0.009203884727313847,-0.009553920883447092,0.09424050357433304,2.9467049201129996,BALANCE,1,-4.501793574890472e-07
3.2560000000000002,-0.008745487907812946,0.0,-0.007669903939428206,-0.008894514953040484,0.32970296520330383,5.854102524106413,BALANCE,1,-4.501793574890472e-07
3.258,-0.008745487907812946,0.0,-0.009203884727313847,-0.009002794374036165,-0.05413971049784017,7.775587669971967,BALANCE,1,-4.501793574890472e-07
3.2600000000000002,-0.008745487907812946,0.0,-0.006135923151542565,-0.007999389446163407,0.5017024639363786,4.696548940228267,BALANCE,1,-4.501793574890472e-07
3.262,-0.008745487907812946,0.0,-0.009203884727313847,-0.008420962794566065,-0.21078667420132857,9.201890753485149,BALANCE,1,-4.501793574890472e-07
3.2640000000000002,-0.008745487907812946,0.0,-0.006135923151542565,-0.007621198919507842,0.3998819375291111,3.4749990549204197,BALANCE,1,-4.501793574890472e-07
3.266,-0.008745487907812946,0.0,-0.007669903939428206,-0.007638245676479973,-0.00852337848606527,8.406809541483529,BALANCE,1,-4.501793574890472e-07
3.2680000000000002,-0.008745487907812946,0.0,-0.007669903939428206,-0.007649326068511857,-0.005540196015942252,5.137016558808494,BALANCE,1,-4.501793574890472e-07
3.27,-0.008745487907812946,0.0,-0.009203884727313847,-0.008193421599092556,-0.2720477652903494,5.158687329833863,BALANCE,1,-4.501793574890472e-07
3.2720000000000002,-0.008745487907812946,0.0,-0.0046019423636569235,-0.006936403866690088,0.6285088662012343,2.992342359483945,BALANCE,1,-4.501793574890472e-07
3.274,-0.008745487907812946,0.0,-0.007669903939428206,-0.0071931288921484315,-0.12836251272917198,10.270829194587424,BALANCE,1,-4.501793574890472e-07
3.2760000000000002,-0.008745487907812946,0.0,-0.010737865515199488,-0.008433786710216305,-0.6203289090339366,4.199016035838245,BALANCE,1,-4.501793574890472e-07
3.278,-0.008745487907812946,0.0,-0.010737865515199488,-0.009240214291960421,-0.4032137908720583,0.18715863897401164,BALANCE,1,-4.501793574890472e-07
3.2800000000000002,-0.008745487907812946,0.0,-0.006135923151542565,-0.008153712392814174,0.5432509495731236,1.8738458865059995,BALANCE,1,-4.501793574890472e-07
3.282,-0.008745487907812946,0.0,-0.007669903939428206,-0.007984379434129088,0.08466647934254282,9.509123181537666,BALANCE,1,-4.501793574890472e-07
3.2840000000000003,-0.008745487907812946,0.0,-0.007669903939428206,-0.007874313010983782,0.055033211572652965,5.849010521327299,BALANCE,1,-4.501793574890472e-07
3.286,-0.008745487907812946,0.0,-0.007669903939428206,-0.007802769835939334,0.035771587522224424,5.6169735019547025,BALANCE,1,-4.501793574890472e-07
3.2880000000000003,-0.008745487907812946,0.0,-0.006135923151542565,-0.007219373496400468,0.29169816976943286,5.465612546086753,BALANCE,1,-4.501793574890472e-07
3.29,-0.008745487907812946,0.0,-0.006135923151542565,-0.006840165875700205,0.1896038103501316,7.546585109737472,BALANCE,1,-4.501793574890472e-07
3.2920000000000003,-0.008745487907812946,0.0,-0.007669903939428206,-0.007130574198005008,-0.14520416115240165,6.751214658449939,BALANCE,1,-4.501793574890472e-07
3.294,-0.008745487907812946,0.0,-0.010737865515199488,-0.008393126159023078,-0.6312759805090352,4.0539002722517825,BALANCE,1,-4.501793574890472e-07
3.2960000000000003,-0.008745487907812946,0.0,-0.0046019423636569235,-0.007066211830644927,0.6634571641890756,0.0878939745058247,BALANCE,1,-4.501793574890472e-07
3.298,-0.008745487907812946,0.0,-0.010737865515199488,-0.008351290620239026,-0.6425393947970494,10.523960749427273,BALANCE,1,-4.501793574890472e-07
3.3000000000000003,-0.008745487907812946,0.0,-0.01227184630308513,-0.009723485109235165,-0.6860972444980694,-0.002786707961421442,BALANCE,1,-4.501793574890472e-07
3.302,-0.008745487907812946,0.0,-0.006135923151542565,-0.008467838424042758,0.6278233425962035,-0.43552587193119674,BALANCE,1,-4.501793574890472e-07
3.3040000000000003,-0.008745487907812946,0.0,-0.010737865515199488,-0.009262347905947616,-0.3972547409524293,10.149484058249723,BALANCE,1,-4.501793574890472e-07
3.306,-0.008745487907812946,0.0,-0.009203884727313847,-0.0092418857934258,0.010231056260907694,1.899336351365179,BALANCE,1,-4.501793574890472e-07
3.3080000000000003,-0.008745487907812946,0.0,-0.007669903939428206,-0.008691692144526645,0.2750968244495779,5.158602078664499,BALANCE,1,-4.501793574890472e-07
3.31,-0.008745487907812946,0.0,-0.009203884727313847,-0.008870959548502168,-0.08963370198776174,7.308801504678904,BALANCE,1,-4.501793574890472e-07
3.3120000000000003,-0.008745487907812946,0.0,-0.009203884727313847,-0.008987483361086259,-0.05826190629204531,4.378427057031956,BALANCE,1,-4.501793574890472e-07
3.314,-0.008745487907812946,0.0,-0.009203884727313847,-0.009063223839265918,-0.037870239089829276,4.620612497170425,BALANCE,1,-4.501793574890472e-07
3.3160000000000003,-0.008745487907812946,0.0,-0.007669903939428206,-0.00857556187432272,0.24383098247159843,4.7773887613295205,BALANCE,1,-4.501793574890472e-07
3.318,-0.008745487907812946,0.0,-0.009203884727313847,-0.008795474872869618,-0.10995649927344857,7.058543139342669,BALANCE,1,-4.501793574890472e-07
3.3200000000000003,-0.008745487907812946,0.0,-0.006135923151542565,-0.007864631770405153,0.46542155123223233,4.213289410494905,BALANCE,1,-4.501793574890472e-07
3.322,-0.008745487907812946,0.0,-0.006135923151542565,-0.007259583753803251,0.3025240083009513,8.87059147433414,BALANCE,1,-4.501793574890472e-07
3.3240000000000003,-0.008745487907812946,0.0,-0.009203884727313847,-0.007940089094531963,-0.34025267036435614,7.602262095129245,BALANCE,1,-4.501793574890472e-07
3.326,-0.008745487907812946,0.0,-0.010737865515199488,-0.0089193108417656,-0.4896108736168183,2.4176303275441557,BALANCE,1,-4.501793574890472e-07
3.3280000000000003,-0.008745487907812946,0.0,-0.010737865515199488,-0.009555804977467464,-0.31824706785093215,1.1622275345220867,BALANCE,1,-4.501793574890472e-07
3.33,-0.008745487907812946,0.0,-0.009203884727313847,-0.009432632889913702,0.061586043776881184,2.4930371715115704,BALANCE,1,-4.501793574890472e-07
3.332,-0.008745487907812946,0.0,-0.010737865515199488,-0.00988946430876373,-0.22841570942501443,5.53720586320932,BALANCE,1,-4.501793574890472e-07
3.334,-0.008745487907812946,0.0,-0.007669903939428206,-0.0091126181794963,0.3884230646337156,3.1878040596014006,BALANCE,1,-4.501793574890472e-07
3.336,-0.008745487907812946,0.0,-0.007669903939428206,-0.00860766819547247,0.25247499201191437,8.167302496191388,BALANCE,1,-4.501793574890472e-07
3.338,-0.008745487907812946,0.0,-0.007669903939428206,-0.008279450705856981,0.1641087448077446,7.108293380619314,BALANCE,1,-4.501793574890472e-07
3.34,-0.008745487907812946,0.0,-0.007669903939428206,-0.008066109337606913,0.10667068412503408,6.419400562221712,BALANCE,1,-4.501793574890472e-07
3.342,-0.008745487907812946,0.0,-0.009203884727313847,-0.008464330724004343,-0.1991106931987152,5.971083336987512,BALANCE,1,-4.501793574890472e-07
3.344,-0.008745487907812946,0.0,-0.009203884727313847,-0.008723174625162672,-0.12942195057916422,3.499246169068871,BALANCE,1,-4.501793574890472e-07
3.346,-0.008745487907812946,0.0,-0.009203884727313847,-0.008891423160915585,-0.08412426787645678,4.039480841030747,BALANCE,1,-4.501793574890472e-07
3.348,-0.008745487907812946,0.0,-0.010737865515199488,-0.009537677984914955,-0.3231274119996847,4.389989105875047,BALANCE,1,-4.501793574890472e-07
3.35,-0.008745487907812946,0.0,-0.007669903939428206,-0.008883957068994596,0.3268604579601793,2.4372811278522795,BALANCE,1,-4.501793574890472e-07
3.352,-0.008745487907812946,0.0,-0.006135923151542565,-0.007922145197886388,0.480905935554104,7.674630551072614,BALANCE,1,-4.501793574890472e-07
3.354,-0.008745487907812946,0.0,-0.007669903939428206,-0.007833860757426028,0.044142220230180065,8.963118655050927,BALANCE,1,-4.501793574890472e-07
3.356,-0.008745487907812946,0.0,-0.006135923151542565,-0.007239582595366819,0.29713908102960457,5.472739226735672,BALANCE,1,-4.501793574890472e-07
3.358,-0.008745487907812946,0.0,-0.010737865515199488,-0.008463981617308255,-0.6121995109707183,7.5309228863355475,BALANCE,1,-4.501793574890472e-07
3.36,-0.008745487907812946,0.0,-0.006135923151542565,-0.007649161154290267,0.40741023150899425,0.18105741269301578,BALANCE,1,-4.501793574890472e-07
3.362,-0.008745487907812946,0.0,-0.007669903939428206,-0.007656421129088549,-0.003629987399140968,8.385294748080938,BALANCE,1,-4.501793574890472e-07
3.364,-0.008745487907812946,0.0,-0.007669903939428206,-0.007661140112707432,-0.002359491809441651,5.095006114102141,BALANCE,1,-4.501793574890472e-07
3.366,-0.008745487907812946,0.0,-0.007669903939428206,-0.007664207452059706,-0.0015336696761367695,5.103354711780061,BALANCE,1,-4.501793574890472e-07
3.368,-0.008745487907812946,0.0,-0.009203884727313847,-0.008203094498398658,-0.26944352316947634,5.108244406994952,BALANCE,1,-4.501793574890472e-07
3.37,-0.008745487907812946,0.0,-0.009203884727313847,-0.008553371078518977,-0.17513829006015907,2.9309917373682186,BALANCE,1,-4.501793574890472e-07
3.372,-0.008745487907812946,0.0,-0.009203884727313847,-0.008781050855597184,-0.11383988853910353,3.662706333219834,BALANCE,1,-4.501793574890472e-07
3.374,-0.008745487907812946,0.0,-0.010737865515199488,-0.009465935986457993,-0.34244256543040485,4.1376765485924665,BALANCE,1,-4.501793574890472e-07
3.376,-0.008745487907812946,0.0,-0.009203884727313847,-0.009374218045757545,0.04585897035022397,2.265868838413115,BALANCE,1,-4.501793574890472e-07
3.378,-0.008745487907812946,0.0,-0.007669903939428206,-0.00877770810854228,0.29825496860763284,5.375909357491022,BALANCE,1,-4.501793574890472e-07
3.38,-0.008745487907812946,0.0,-0.006135923151542565,-0.007853083373592383,0.46231236747494836,7.4291123981615,BALANCE,1,-4.501793574890472e-07
3.382,-0.008745487907812946,0.0,-0.006135923151542565,-0.0072520772958749495,0.3005030388587167,8.7954784565223,BALANCE,1,-4.501793574890472e-07
3.384,-0.008745487907812946,0.0,-0.007669903939428206,-0.007398316621118593,-0.07311966262182153,7.535613776796318,BALANCE,1,-4.501793574890472e-07
3.386,-0.008745487907812946,0.0,-0.009203884727313847,-0.008030265458286934,-0.3159744185841709,4.53637814211317,BALANCE,1,-4.501793574890472e-07
3.388,-0.008745487907812946,0.0,-0.007669903939428206,-0.007904138926686382,0.06306326580027624,2.5540171110926173,BALANCE,1,-4.501793574890472e-07
3.39,-0.008745487907812946,0.0,-0.01227184630308513,-0.009432836508425947,-0.7643487908697826,5.59230535027889,BALANCE,1,-4.501793574890472e-07
3.392,-0.008745487907812946,0.0,-0.007669903939428206,-0.00881581010927674,0.3085131995746032,-1.1205995252876395,BALANCE,1,-4.501793574890472e-07
3.394,-0.008745487907812946,0.0,-0.007669903939428206,-0.008414742949829756,0.20053357972349242,7.4975548201945434,BALANCE,1,-4.501793574890472e-07
3.396,-0.008745487907812946,0.0,-0.010737865515199488,-0.009227835847709165,-0.40654644893970465,6.656098942362511,BALANCE,1,-4.501793574890472e-07
3.398,-0.008745487907812946,0.0,-0.007669903939428206,-0.008682559679810832,0.2726380839491666,1.748827572014628,BALANCE,1,-4.501793574890472e-07
3.4,-0.008745487907812946,0.0,-0.010737865515199488,-0.009401916722196865,-0.35967852119301624,7.213283893263536,BALANCE,1,-4.501793574890472e-07
3.402,-0.008745487907812946,0.0,-0.007669903939428206,-0.008795712248227837,0.303102236984514,2.1097092462384714,BALANCE,1,-4.501793574890472e-07
3.404,-0.008745487907812946,0.0,-0.009203884727313847,-0.008938572615907943,-0.07143018384005335,7.446568437647209,BALANCE,1,-4.501793574890472e-07
3.406,-0.008745487907812946,0.0,-0.009203884727313847,-0.009031431854900013,-0.04642961949603494,4.439949734466683,BALANCE,1,-4.501793574890472e-07
3.408,-0.008745487907812946,0.0,-0.007669903939428206,-0.008554897084484883,0.23826738520756496,4.632576408508326,BALANCE,1,-4.501793574890472e-07
3.41,-0.008745487907812946,0.0,-0.009203884727313847,-0.008782042759475023,-0.11357283749506997,6.937033552945136,BALANCE,1,-4.501793574890472e-07
3.412,-0.008745487907812946,0.0,-0.0046019423636569235,-0.007319007620938692,0.7315175692681657,4.106926622272754,BALANCE,1,-4.501793574890472e-07
3.414,-0.008745487907812946,0.0,-0.007669903939428206,-0.007441821332410024,-0.061406855735666316,10.95396818316663,BALANCE,1,-4.501793574890472e-07
3.416,-0.008745487907812946,0.0,-0.0046019423636569235,-0.006447863693346443,0.49697881953179085,4.601715596181213,BALANCE,1,-4.501793574890472e-07
3.418,-0.008745487907812946,0.0,-0.006135923151542565,-0.0063386845037150885,0.05458959481567703,9.127148883926017,BALANCE,1,-4.501793574890472e-07
3.42,-0.008745487907812946,0.0,-0.010737865515199488,-0.007878397857734632,-0.7698566770097718,5.593318100674244,BALANCE,1,-4.501793574890472e-07
3.422,-0.008745487907812946,0.0,-0.009203884727313847,-0.00834231826208736,-0.23196020217636398,-1.0962105547420666,BALANCE,1,-4.501793574890472e-07
3.424,-0.008745487907812946,0.0,-0.010737865515199488,-0.009180759800676608,-0.4192207692946242,3.177457556011615,BALANCE,1,-4.501793574890472e-07
3.426,-0.008745487907812946,0.0,-0.009203884727313847,-0.009188853524999645,-0.0040468621615181305,1.627230374790042,BALANCE,1,-4.501793574890472e-07
3.428,-0.008745487907812946,0.0,-0.009203884727313847,-0.009194114445809618,-0.002630460404986698,4.946298237690509,BALANCE,1,-4.501793574890472e-07
3.43,-0.008745487907812946,0.0,-0.007669903939428206,-0.008660640768576127,0.2667368386167455,4.955474973605,BALANCE,1,-4.501793574890472e-07
3.432,-0.008745487907812946,0.0,-0.009203884727313847,-0.008850776154134331,-0.09506769277910221,7.140689658259151,BALANCE,1,-4.501793574890472e-07
3.434,-0.008745487907812946,0.0,-0.009203884727313847,-0.008974364154747165,-0.06179400030641678,4.23307512872805,BALANCE,1,-4.501793574890472e-07
3.436,-0.008745487907812946,0.0,-0.009203884727313847,-0.009054696355145506,-0.040166100199170475,4.490054515641814,BALANCE,1,-4.501793574890472e-07
3.438,-0.008745487907812946,0.0,-0.009203884727313847,-0.009106912285404428,-0.026107965129460765,4.656446845204854,BALANCE,1,-4.501793574890472e-07
3.44,-0.008745487907812946,0.0,-0.006135923151542565,-0.00806706608855278,0.5199230984258242,4.763957587489916,BALANCE,1,-4.501793574890472e-07
3.442,-0.008745487907812946,0.0,-0.009203884727313847,-0.008464952612119155,-0.19894326178318805,9.192983454525585,BALANCE,1,-4.501793574890472e-07
3.444,-0.008745487907812946,0.0,-0.007669903939428206,-0.008186685576677327,0.13913351772091437,3.4164863909170804,BALANCE,1,-4.501793574890472e-07
3.446,-0.008745487907812946,0.0,-0.007669903939428206,-0.008005812003640138,0.09043678651859434,6.136159311961074,BALANCE,1,-4.501793574890472e-07
3.448,-0.008745487907812946,0.0,-0.007669903939428206,-0.007888244181165965,0.05878391123708641,5.755836714324017,BALANCE,1,-4.501793574890472e-07
3.45,-0.008745487907812946,0.0,-0.010737865515199488,-0.0088856116480777,-0.49868373345586786,5.5080901325841705,BALANCE,1,-4.501793574890472e-07
3.452,-0.008745487907812946,0.0,-0.009203884727313847,-0.008997007225810354,-0.055697788866326814,0.9867298046962167,BALANCE,1,-4.501793574890472e-07
3.454,-0.008745487907812946,0.0,-0.006135923151542565,-0.007995627799816631,0.5006897129968615,4.522134225303424,BALANCE,1,-4.501793574890472e-07
3.456,-0.008745487907812946,0.0,-0.007669903939428206,-0.007881624448680685,0.05700167556797319,9.031717880208591,BALANCE,1,-4.501793574890472e-07
3.458,-0.008745487907812946,0.0,-0.009203884727313847,-0.008344415546202294,-0.2313955487608047,5.487477456955905,BALANCE,1,-4.501793574890472e-07
3.46,-0.008745487907812946,0.0,-0.009203884727313847,-0.00864522975959134,-0.15040710669452298,3.150863313365145,BALANCE,1,-4.501793574890472e-07
3.462,-0.008745487907812946,0.0,-0.010737865515199488,-0.009377652274054194,-0.3662112572314271,3.7789929511401374,BALANCE,1,-4.501793574890472e-07
3.464,-0.008745487907812946,0.0,-0.009203884727313847,-0.009316833632695075,0.030409320679559634,2.006738865522322,BALANCE,1,-4.501793574890472e-07
3.466,-0.008745487907812946,0.0,-0.007669903939428206,-0.008740408240051675,0.2882126963217003,5.181489240565225,BALANCE,1,-4.501793574890472e-07
3.468,-0.008745487907812946,0.0,-0.009203884727313847,-0.008902625010593438,-0.0811083852708819,7.276753687612943,BALANCE,1,-4.501793574890472e-07
3.47,-0.008745487907812946,0.0,-0.007669903939428206,-0.00847117263568561,0.21572618745391378,4.310671503637661,BALANCE,1,-4.501793574890472e-07
3.472,-0.008745487907812946,0.0,-0.009203884727313847,-0.008727621867755497,-0.12822461603494323,6.709540993403358,BALANCE,1,-4.501793574890472e-07
3.474,-0.008745487907812946,0.0,-0.009203884727313847,-0.008894313868600923,-0.08334600042271284,3.9408020871947587,BALANCE,1,-4.501793574890472e-07
3.476,-0.008745487907812946,0.0,-0.007669903939428206,-0.008465770393390476,0.21427173760522367,4.288050629268156,BALANCE,1,-4.501793574890472e-07
3.478,-0.008745487907812946,0.0,-0.010737865515199488,-0.009261003686023632,-0.39761664631657834,6.693011987925597,BALANCE,1,-4.501793574890472e-07
3.48,-0.008745487907812946,0.0,-0.009203884727313847,-0.00924101205047521,0.009995817774210818,1.7483387182559866,BALANCE,1,-4.501793574890472e-07
3.482,-0.008745487907812946,0.0,-0.006135923151542565,-0.008154230935848788,0.5433905573132115,5.00858972670511,BALANCE,1,-4.501793574890472e-07
3.484,-0.008745487907812946,0.0,-0.007669903939428206,-0.007984716487101588,0.08475722437359996,9.33932366370753,BALANCE,1,-4.501793574890472e-07
3.486,-0.008745487907812946,0.0,-0.007669903939428206,-0.007874532095415908,0.05509219584283985,5.67883092381805,BALANCE,1,-4.501793574890472e-07
3.488,-0.008745487907812946,0.0,-0.007669903939428206,-0.007802912240820215,0.03580992729784651,5.446546852654027,BALANCE,1,-4.501793574890472e-07
3.49,-0.008745487907812946,0.0,-0.009203884727313847,-0.00829325261109299,-0.24517018513638741,5.295025313121658,BALANCE,1,-4.501793574890472e-07
3.492,-0.008745487907812946,0.0,-0.007669903939428206,-0.008075080576010318,0.109086017541336,3.0161053409092022,BALANCE,1,-4.501793574890472e-07
3.494,-0.008745487907812946,0.0,-0.01227184630308513,-0.009543948580486504,-0.7344340022380933,5.861630268320747,BALANCE,1,-4.501793574890472e-07
3.496,-0.008745487907812946,0.0,-0.007669903939428206,-0.008888032956116104,0.3279578121852004,-0.9765707598993556,BALANCE,1,-4.501793574890472e-07
3.498,-0.008745487907812946,0.0,-0.009203884727313847,-0.008998581076035317,-0.055274059959606846,7.560141086357995,BALANCE,1,-4.501793574890472e-07
3.5,-0.008745487907812946,0.0,-0.009203884727313847,-0.009070437353982806,-0.035928138973744146,4.485853505789178,BALANCE,1,-4.501793574890472e-07
3.5020000000000002,-0.008745487907812946,0.0,-0.010737865515199488,-0.009654037210408648,-0.29179992821292117,4.634495409528434,BALANCE,1,-4.501793574890472e-07
3.504,-0.008745487907812946,0.0,-0.010737865515199488,-0.010033377117085445,-0.18966995333839862,2.550574296787385,BALANCE,1,-4.501793574890472e-07
3.5060000000000002,-0.008745487907812946,0.0,-0.010737865515199488,-0.010279948056425363,-0.12328546966995906,3.34284702595954,BALANCE,1,-4.501793574890472e-07
3.508,-0.008745487907812946,0.0,-0.006135923151542565,-0.008829539339716388,0.7252043583544877,3.857072649335376,BALANCE,1,-4.501793574890472e-07
3.5100000000000002,-0.008745487907812946,0.0,-0.007669903939428206,-0.008423666949615527,0.2029361950504306,10.730249888665545,BALANCE,1,-4.501793574890472e-07
3.512,-0.008745487907812946,0.0,-0.007669903939428206,-0.008159849896049967,0.13190852678277976,6.574772192249217,BALANCE,1,-4.501793574890472e-07
3.5140000000000002,-0.008745487907812946,0.0,-0.007669903939428206,-0.007988368811232353,0.08574054240880705,6.020747899342735,BALANCE,1,-4.501793574890472e-07
3.516,-0.008745487907812946,0.0,-0.006135923151542565,-0.0073400128303409305,0.3241779904457113,5.660095215677762,BALANCE,1,-4.501793574890472e-07
3.5180000000000002,-0.008745487907812946,0.0,-0.006135923151542565,-0.0069185814427615054,0.21071569378971253,7.605028156260413,BALANCE,1,-4.501793574890472e-07
3.52,-0.008745487907812946,0.0,-0.009203884727313847,-0.007718437592354828,-0.39992807479666137,6.7212319499786375,BALANCE,1,-4.501793574890472e-07
3.5220000000000002,-0.008745487907812946,0.0,-0.007669903939428206,-0.007701450813830514,0.008493389262157272,1.7865467447935752,BALANCE,1,-4.501793574890472e-07
3.524,-0.008745487907812946,0.0,-0.007669903939428206,-0.007690409407789709,0.005520703020402487,5.0533973738128175,BALANCE,1,-4.501793574890472e-07
3.5260000000000002,-0.008745487907812946,0.0,-0.009203884727313847,-0.00822012576962316,-0.2648581809167258,5.028740286359669,BALANCE,1,-4.501793574890472e-07
3.528,-0.008745487907812946,0.0,-0.009203884727313847,-0.008564441404814903,-0.17215781759587126,2.8322822079987113,BALANCE,1,-4.501793574890472e-07
3.5300000000000002,-0.008745487907812946,0.0,-0.009203884727313847,-0.008788246567689536,-0.11190258143731635,3.55151328817308,BALANCE,1,-4.501793574890472e-07
3.532,-0.008745487907812946,0.0,-0.007669903939428206,-0.008396826647798073,0.19570995994573104,4.018369218355504,BALANCE,1,-4.501793574890472e-07
3.5340000000000003,-0.008745487907812946,0.0,-0.009203884727313847,-0.008679296975628597,-0.14123516391526153,6.501075379283811,BALANCE,1,-4.501793574890472e-07
3.536,-0.008745487907812946,0.0,-0.009203884727313847,-0.008862902688718437,-0.09180285654492026,3.786830309330913,BALANCE,1,-4.501793574890472e-07
3.5380000000000003,-0.008745487907812946,0.0,-0.009203884727313847,-0.008982246402226833,-0.059671856754197825,4.169499844970509,BALANCE,1,-4.501793574890472e-07
3.54,-0.008745487907812946,0.0,-0.007669903939428206,-0.008522926540247316,0.22965993098975848,4.417590771205339,BALANCE,1,-4.501793574890472e-07
3.5420000000000003,-0.008745487907812946,0.0,-0.007669903939428206,-0.00822436862996063,0.14927895514334297,6.758099679567712,BALANCE,1,-4.501793574890472e-07
3.544,-0.008745487907812946,0.0,-0.006135923151542565,-0.00749341271251431,0.3654779587231598,6.131320473687596,BALANCE,1,-4.501793574890472e-07
3.5460000000000003,-0.008745487907812946,0.0,-0.010737865515199488,-0.008628971193454125,-0.5677792404699075,7.903271174830407,BALANCE,1,-4.501793574890472e-07
3.548,-0.008745487907812946,0.0,-0.009203884727313847,-0.00883019093030503,-0.10060986842545284,0.36735427819078925,BALANCE,1,-4.501793574890472e-07
3.5500000000000003,-0.008745487907812946,0.0,-0.010737865515199488,-0.009497877035018094,-0.3338430523565318,4.090870032149311,BALANCE,1,-4.501793574890472e-07
3.552,-0.008745487907812946,0.0,-0.009203884727313847,-0.00939497972732161,0.05144865384824199,2.1830438190108925,BALANCE,1,-4.501793574890472e-07
3.5540000000000003,-0.008745487907812946,0.0,-0.007669903939428206,-0.008791203201558922,0.30188826288134446,5.269672311165407,BALANCE,1,-4.501793574890472e-07
3.556,-0.008745487907812946,0.0,-0.010737865515199488,-0.009472535011333123,-0.3406659048871005,7.307657534335677,BALANCE,1,-4.501793574890472e-07
3.5580000000000003,-0.008745487907812946,0.0,-0.009203884727313847,-0.00937850741192638,0.047013799703371495,2.1244497765993975,BALANCE,1,-4.501793574890472e-07
3.56,-0.008745487907812946,0.0,-0.009203884727313847,-0.009317389472311996,0.030558969807191992,5.229653367805193,BALANCE,1,-4.501793574890472e-07
3.5620000000000003,-0.008745487907812946,0.0,-0.009203884727313847,-0.009277662811562646,0.019863330374674838,5.099818327118158,BALANCE,1,-4.501793574890472e-07
3.564,-0.008745487907812946,0.0,-0.007669903939428206,-0.008714947206315595,0.2813578026235252,5.01478127874067,BALANCE,1,-4.501793574890472e-07
3.5660000000000003,-0.008745487907812946,0.0,-0.007669903939428206,-0.008349182062905013,0.18288257170529126,7.138757003605033,BALANCE,1,-4.501793574890472e-07
3.568,-0.008745487907812946,0.0,-0.010737865515199488,-0.009185221271208082,-0.4180196041515347,6.371231228451215,BALANCE,1,-4.501793574890472e-07
3.5700000000000003,-0.008745487907812946,0.0,-0.006135923151542565,-0.008117966929325154,0.5336271709414642,1.5120144248441818,BALANCE,1,-4.501793574890472e-07
3.572,-0.008745487907812946,0.0,-0.009203884727313847,-0.008498038158621199,-0.19003561464802243,9.187600292715283,BALANCE,1,-4.501793574890472e-07
3.5740000000000003,-0.008745487907812946,0.0,-0.009203884727313847,-0.00874508445766363,-0.12352314952121524,3.373794126609903,BALANCE,1,-4.501793574890472e-07
3.576,-0.008745487907812946,0.0,-0.009203884727313847,-0.008905664552041209,-0.08029004718878956,3.889322052790282,BALANCE,1,-4.501793574890472e-07
3.5780000000000003,-0.008745487907812946,0.0,-0.009203884727313847,-0.009010041613386635,-0.052188530672713125,4.223770932876624,BALANCE,1,-4.501793574890472e-07
3.58,-0.008745487907812946,0.0,-0.009203884727313847,-0.009077886703261161,-0.033922544937263314,4.440518433001833,BALANCE,1,-4.501793574890472e-07
3.5820000000000003,-0.008745487907812946,0.0,-0.010737865515199488,-0.00965887928743958,-0.2904962920892091,4.5807600361523075,BALANCE,1,-4.501793574890472e-07
3.584,-0.008745487907812946,0.0,-0.006135923151542565,-0.008425844639875626,0.6165173237819765,2.4913787280285478,BALANCE,1,-4.501793574890472e-07
3.586,-0.008745487907812946,0.0,-0.0046019423636569235,-0.007087478843199084,0.6691828983382713,9.819784564923895,BALANCE,1,-4.501793574890472e-07
3.588,-0.008745487907812946,0.0,-0.007669903939428206,-0.00729132762687928,-0.1019243918400979,10.319993613406204,BALANCE,1,-4.501793574890472e-07
3.59,-0.008745487907812946,0.0,-0.009203884727313847,-0.00796072261203138,-0.33469749257605036,4.137446099433065,BALANCE,1,-4.501793574890472e-07
3.592,-0.008745487907812946,0.0,-0.010737865515199488,-0.008932722628140221,-0.4860000080544203,2.233505449913912,BALANCE,1,-4.501793574890472e-07
3.594,-0.008745487907812946,0.0,-0.007669903939428206,-0.008490736087091019,0.22099327052460105,0.9629787805947947,BALANCE,1,-4.501793574890472e-07
3.596,-0.008745487907812946,0.0,-0.006135923151542565,-0.007666551559649063,0.41209226372097796,6.643746054472499,BALANCE,1,-4.501793574890472e-07
3.598,-0.008745487907812946,0.0,-0.009203884727313847,-0.008204618168331741,-0.26903330434133915,8.220455761378101,BALANCE,1,-4.501793574890472e-07
3.6,-0.008745487907812946,0.0,-0.007669903939428206,-0.008017468188215507,0.093574990058117,2.737526296724938,BALANCE,1,-4.501793574890472e-07
3.602,-0.008745487907812946,0.0,-0.009203884727313847,-0.008432713976899929,-0.2076228943422107,5.648018157089918,BALANCE,1,-4.501793574890472e-07
3.604,-0.008745487907812946,0.0,-0.007669903939428206,-0.00816573046378483,0.13349175655754958,3.2118337917708506,BALANCE,1,-4.501793574890472e-07
3.606,-0.008745487907812946,0.0,-0.007669903939428206,-0.007992191180260014,0.08676964176240753,5.955136863663082,BALANCE,1,-4.501793574890472e-07
3.608,-0.008745487907812946,0.0,-0.006135923151542565,-0.00734249737020891,0.3248469050255521,5.590173864077382,BALANCE,1,-4.501793574890472e-07
3.61,-0.008745487907812946,0.0,-0.006135923151542565,-0.006920196393675693,0.2111504882666088,7.5323050993115634,BALANCE,1,-4.501793574890472e-07
3.612,-0.008745487907812946,0.0,-0.010737865515199488,-0.008256380586209025,-0.668092096266666,6.646687784553276,BALANCE,1,-4.501793574890472e-07
3.614,-0.008745487907812946,0.0,-0.007669903939428206,-0.008051113759835742,0.10263341318664156,-0.4690752193821641,BALANCE,1,-4.501793574890472e-07
3.616,-0.008745487907812946,0.0,-0.009203884727313847,-0.008454583598453082,-0.20173491930867027,5.707434643074725,BALANCE,1,-4.501793574890472e-07
3.618,-0.008745487907812946,0.0,-0.006135923151542565,-0.007643052442034404,0.4057655782093391,3.2465888760755,BALANCE,1,-4.501793574890472e-07
3.62,-0.008745487907812946,0.0,-0.009203884727313847,-0.008189343741882212,-0.273145649923904,8.15375611511629,BALANCE,1,-4.501793574890472e-07
3.622,-0.008745487907812946,0.0,-0.009203884727313847,-0.008544433086783288,-0.17754467245053793,2.6880509433110986,BALANCE,1,-4.501793574890472e-07
3.624,-0.008745487907812946,0.0,-0.01227184630308513,-0.009849027712488936,-0.652297312852824,3.4298445157866064,BALANCE,1,-4.501793574890472e-07
3.626,-0.008745487907812946,0.0,-0.007669903939428206,-0.009086334391917684,0.3813466602856259,-0.4484220905165186,BALANCE,1,-4.501793574890472e-07
3.628,-0.008745487907812946,0.0,-0.01227184630308513,-0.010201263560826292,-0.5574645844543041,7.864674026946972,BALANCE,1,-4.501793574890472e-07
3.63,-0.008745487907812946,0.0,-0.009203884727313847,-0.00985218096909694,0.17454129586467593,0.2852480661808494,BALANCE,1,-4.501793574890472e-07
3.632,-0.008745487907812946,0.0,-0.009203884727313847,-0.00962527728447286,0.11345184231204009,6.160269628042632,BALANCE,1,-4.501793574890472e-07
3.634,-0.008745487907812946,0.0,-0.009203884727313847,-0.009477789889467209,0.07374369750282571,5.683243165242095,BALANCE,1,-4.501793574890472e-07
3.636,-0.008745487907812946,0.0,-0.007669903939428206,-0.00884502980695356,0.3163800412568241,5.372531692490825,BALANCE,1,-4.501793574890472e-07
3.638,-0.008745487907812946,0.0,-0.009203884727313847,-0.008970629029079663,-0.06279961106305139,7.349819041512242,BALANCE,1,-4.501793574890472e-07
3.64,-0.008745487907812946,0.0,-0.007669903939428206,-0.008515375247701656,0.22762689068900333,4.307051743819855,BALANCE,1,-4.501793574890472e-07
3.642,-0.008745487907812946,0.0,-0.009203884727313847,-0.008756353565565925,-0.12048915893213448,6.656075909669433,BALANCE,1,-4.501793574890472e-07
3.644,-0.008745487907812946,0.0,-0.009203884727313847,-0.008912989472177701,-0.07831795330588784,3.854937542915361,BALANCE,1,-4.501793574890472e-07
3.646,-0.008745487907812946,0.0,-0.009203884727313847,-0.009014802811475355,-0.05090666964882671,4.181126435634193,BALANCE,1,-4.501793574890472e-07
3.648,-0.008745487907812946,0.0,-0.007669903939428206,-0.008544088206258856,0.2353573026082495,4.392504943970527,BALANCE,1,-4.501793574890472e-07
3.65,-0.008745487907812946,0.0,-0.006135923151542565,-0.007701230437108157,0.4214288845753493,6.7091507806988755,BALANCE,1,-4.501793574890472e-07
3.652,-0.008745487907812946,0.0,-0.009203884727313847,-0.00822715943868015,-0.2629645007859969,8.246754656497295,BALANCE,1,-4.501793574890472e-07
3.654,-0.008745487907812946,0.0,-0.007669903939428206,-0.008032120013941973,0.09751971236908896,2.738406401624468,BALANCE,1,-4.501793574890472e-07
3.656,-0.008745487907812946,0.0,-0.010737865515199488,-0.008979130939382107,-0.47350546272006705,5.632376048346657,BALANCE,1,-4.501793574890472e-07
3.658,-0.008745487907812946,0.0,-0.007669903939428206,-0.008520901489398245,0.22911472499193095,1.0055581659191244,BALANCE,1,-4.501793574890472e-07
3.66,-0.008745487907812946,0.0,-0.009203884727313847,-0.008759945622668708,-0.11952206663523156,6.652309254316261,BALANCE,1,-4.501793574890472e-07
3.662,-0.008745487907812946,0.0,-0.009203884727313847,-0.008915324309294509,-0.07768934331290038,3.8471202841781995,BALANCE,1,-4.501793574890472e-07
3.664,-0.008745487907812946,0.0,-0.007669903939428206,-0.008479427179841306,0.21794856472660135,4.170676284697443,BALANCE,1,-4.501793574890472e-07
3.666,-0.008745487907812946,0.0,-0.010737865515199488,-0.009269880597216673,-0.39522670868768345,6.5602374913446795,BALANCE,1,-4.501793574890472e-07
3.668,-0.008745487907812946,0.0,-0.009203884727313847,-0.009246782042750687,0.011549277232993094,1.6055541228684365,BALANCE,1,-4.501793574890472e-07
3.67,-0.008745487907812946,0.0,-0.009203884727313847,-0.009231767982347795,0.007507030201445858,4.859298567093258,BALANCE,1,-4.501793574890472e-07
3.672,-0.008745487907812946,0.0,-0.007669903939428206,-0.008685115567325942,0.2733262075109268,4.826015080868584,BALANCE,1,-4.501793574890472e-07
3.674,-0.008745487907812946,0.0,-0.007669903939428206,-0.008329791497561738,0.17766203488210186,6.983630621132278,BALANCE,1,-4.501793574890472e-07
3.676,-0.008745487907812946,0.0,-0.010737865515199488,-0.009172617403734953,-0.42141295308660737,6.237970725988019,BALANCE,1,-4.501793574890472e-07
3.678,-0.008745487907812946,0.0,-0.009203884727313847,-0.009183560966987568,-0.005471781626307896,1.3929667443872042,BALANCE,1,-4.501793574890472e-07
3.68,-0.008745487907812946,0.0,-0.009203884727313847,-0.009190674283101769,-0.003556658057100176,4.718002790081046,BALANCE,1,-4.501793574890472e-07
3.682,-0.008745487907812946,0.0,-0.010737865515199488,-0.009732191214335974,-0.27075846561710243,4.731058844811235,BALANCE,1,-4.501793574890472e-07
3.684,-0.008745487907812946,0.0,-0.01227184630308513,-0.01062107049539818,-0.44443964053110346,2.5590069302142986,BALANCE,1,-4.501793574890472e-07
3.686,-0.008745487907812946,0.0,-0.009203884727313847,-0.010125055476568667,0.24800750941475663,1.1141005599394775,BALANCE,1,-4.501793574890472e-07
3.688,-0.008745487907812946,0.0,-0.009203884727313847,-0.009802645714329483,0.16120488111959208,6.681413649540817,BALANCE,1,-4.501793574890472e-07
3.69,-0.008745487907812946,0.0,-0.006135923151542565,-0.008519292817354064,0.6416764484877095,6.004376679770985,BALANCE,1,-4.501793574890472e-07
3.692,-0.008745487907812946,0.0,-0.007669903939428206,-0.008222006710080016,0.14864305363702401,9.923446533970978,BALANCE,1,-4.501793574890472e-07
3.694,-0.008745487907812946,0.0,-0.009203884727313847,-0.00856566401611186,-0.17182865301592232,5.995372140259922,BALANCE,1,-4.501793574890472e-07
3.696,-0.008745487907812946,0.0,-0.006135923151542565,-0.0077152547135126105,0.4252046512996251,3.409265915871218,BALANCE,1,-4.501793574890472e-07
3.698,-0.008745487907812946,0.0,-0.01227184630308513,-0.009310061769862994,-0.7974035281751919,8.23501385760885,BALANCE,1,-4.501793574890472e-07
3.7,-0.008745487907812946,0.0,-0.009203884727313847,-0.009272899804970796,0.018580982446099112,-1.643402013924681,BALANCE,1,-4.501793574890472e-07
3.702,-0.008745487907812946,0.0,-0.009203884727313847,-0.009248744527790866,0.012077638589964856,4.884849208978184,BALANCE,1,-4.501793574890472e-07
3.704,-0.008745487907812946,0.0,-0.007669903939428206,-0.008696150321863938,0.27629710296346416,4.832422025854348,BALANCE,1,-4.501793574890472e-07
3.706,-0.008745487907812946,0.0,-0.007669903939428206,-0.008336964088011435,0.17959311692625127,6.977594163133586,BALANCE,1,-4.501793574890472e-07
3.708,-0.008745487907812946,0.0,-0.010737865515199488,-0.009177279587527256,-0.42015774975791026,6.22384605604943,BALANCE,1,-4.501793574890472e-07
3.71,-0.008745487907812946,0.0,-0.009203884727313847,-0.009186591386452565,-0.004655899462654642,1.373584736687683,BALANCE,1,-4.501793574890472e-07
3.712,-0.008745487907812946,0.0,-0.009203884727313847,-0.009192644055754018,-0.0030263346507261243,4.695203512836919,BALANCE,1,-4.501793574890472e-07
3.714,-0.008745487907812946,0.0,-0.007669903939428206,-0.008659685015039987,0.26647952035701533,4.706038342363109,BALANCE,1,-4.501793574890472e-07
3.716,-0.008745487907812946,0.0,-0.006135923151542565,-0.007776368362815892,0.44165832611204725,6.892330787864875,BALANCE,1,-4.501793574890472e-07
3.718,-0.008745487907812946,0.0,-0.007669903939428206,-0.007739105814630205,0.018631274092843764,8.345204959366013,BALANCE,1,-4.501793574890472e-07
3.72,-0.008745487907812946,0.0,-0.007669903939428206,-0.007714885158309508,0.01211032816034836,4.9616764749405995,BALANCE,1,-4.501793574890472e-07
3.722,-0.008745487907812946,0.0,-0.010737865515199488,-0.008772928283221005,-0.5290215624557484,4.909419169828215,BALANCE,1,-4.501793574890472e-07
3.724,-0.008745487907812946,0.0,-0.010737865515199488,-0.009460656314413477,-0.34386401559623625,0.5151268717481079,BALANCE,1,-4.501793574890472e-07
3.726,-0.008745487907812946,0.0,-0.009203884727313847,-0.00937078625892861,0.04493502774243364,1.9532314334897745,BALANCE,1,-4.501793574890472e-07
3.728,-0.008745487907812946,0.0,-0.006135923151542565,-0.008238584171343497,0.5661010437925567,5.06714182627644,BALANCE,1,-4.501793574890472e-07
3.73,-0.008745487907812946,0.0,-0.009203884727313847,-0.008576439365933122,-0.16892759729481271,9.302754363098263,BALANCE,1,-4.501793574890472e-07
3.732,-0.008745487907812946,0.0,-0.009203884727313847,-0.00879604524241638,-0.10980293824162847,3.400538634850743,BALANCE,1,-4.501793574890472e-07
3.734,-0.008745487907812946,0.0,-0.007669903939428206,-0.008401895786370522,0.1970747280229286,3.8586003456387385,BALANCE,1,-4.501793574890472e-07
3.736,-0.008745487907812946,0.0,-0.007669903939428206,-0.008145698639940715,0.1280985732149036,6.335590263960673,BALANCE,1,-4.501793574890472e-07
3.738,-0.008745487907812946,0.0,-0.009203884727313847,-0.008516063770521314,-0.1851825652902997,5.797523714554273,BALANCE,1,-4.501793574890472e-07
3.74,-0.008745487907812946,0.0,-0.007669903939428206,-0.00821990782963873,0.14807797044129237,3.267349485923706,BALANCE,1,-4.501793574890472e-07
3.742,-0.008745487907812946,0.0,-0.010737865515199488,-0.009101193019584997,-0.4406425949731339,5.94955914666347,BALANCE,1,-4.501793574890472e-07
3.744,-0.008745487907812946,0.0,-0.010737865515199488,-0.009674028393050073,-0.28641768673253776,1.1850972733473668,BALANCE,1,-4.501793574890472e-07
3.746,-0.008745487907812946,0.0,-0.009203884727313847,-0.009509478110042397,0.08227514150383787,2.3825916111856222,BALANCE,1,-4.501793574890472e-07
3.748,-0.008745487907812946,0.0,-0.007669903939428206,-0.008865627150327434,0.3219254798574817,5.340105358435079,BALANCE,1,-4.501793574890472e-07
3.75,-0.008745487907812946,0.0,-0.007669903939428206,-0.008447124026512707,0.20925156190736321,7.294165997417062,BALANCE,1,-4.501793574890472e-07
3.7520000000000002,-0.008745487907812946,0.0,-0.007669903939428206,-0.008175096996033134,0.13601351523978653,6.416195416439695,BALANCE,1,-4.501793574890472e-07
3.754,-0.008745487907812946,0.0,-0.01227184630308513,-0.009608959253501335,-0.7169311287341003,5.844977645528649,BALANCE,1,-4.501793574890472e-07
3.7560000000000002,-0.008745487907812946,0.0,-0.009203884727313847,-0.009467183169335718,0.07088804208280844,-1.066533033561237,BALANCE,1,-4.501793574890472e-07
3.758,-0.008745487907812946,0.0,-0.007669903939428206,-0.008838135438868092,0.31452386523381315,5.242633461390103,BALANCE,1,-4.501793574890472e-07
3.7600000000000002,-0.008745487907812946,0.0,-0.009203884727313847,-0.008966147689824108,-0.06400612547800832,7.227695283338424,BALANCE,1,-4.501793574890472e-07
3.762,-0.008745487907812946,0.0,-0.007669903939428206,-0.008512462377185545,0.22684265631928158,4.189981393048526,BALANCE,1,-4.501793574890472e-07
3.7640000000000002,-0.008745487907812946,0.0,-0.007669903939428206,-0.008217566923970479,0.14744772660753303,6.542290273709722,BALANCE,1,-4.501793574890472e-07
3.766,-0.008745487907812946,0.0,-0.007669903939428206,-0.008025884879380687,0.09584102229489612,5.923181049823844,BALANCE,1,-4.501793574890472e-07
3.7680000000000002,-0.008745487907812946,0.0,-0.007669903939428206,-0.007901291550397321,0.06229666449168291,5.52022316102226,BALANCE,1,-4.501793574890472e-07
3.77,-0.008745487907812946,0.0,-0.009203884727313847,-0.008357199162318108,-0.22795380596039339,5.257763640025477,BALANCE,1,-4.501793574890472e-07
3.7720000000000002,-0.008745487907812946,0.0,-0.006135923151542565,-0.007579752558546671,0.38872330188571835,2.906733979861155,BALANCE,1,-4.501793574890472e-07
3.774,-0.008745487907812946,0.0,-0.007669903939428206,-0.007611305541855211,-0.015776491654270145,7.885281688344627,BALANCE,1,-4.501793574890472e-07
3.7760000000000002,-0.008745487907812946,0.0,-0.010737865515199488,-0.008705601532525711,-0.5471479953352499,4.645867899917834,BALANCE,1,-4.501793574890472e-07
3.778,-0.008745487907812946,0.0,-0.009203884727313847,-0.008880000650701561,-0.08719955908792487,0.3274969907232608,BALANCE,1,-4.501793574890472e-07
3.7800000000000002,-0.008745487907812946,0.0,-0.009203884727313847,-0.008993360077515864,-0.056679713407151514,3.99484453348117,BALANCE,1,-4.501793574890472e-07
3.782,-0.008745487907812946,0.0,-0.007669903939428206,-0.008530150429185188,0.23160482416533823,4.2304030613029955,BALANCE,1,-4.501793574890472e-07
3.7840000000000003,-0.008745487907812946,0.0,-0.009203884727313847,-0.008765957433530222,-0.11790350217251704,6.562765910696918,BALANCE,1,-4.501793574890472e-07
3.786,-0.008745487907812946,0.0,-0.007669903939428206,-0.008382338710594519,0.19180936146785155,3.7507976882466667,BALANCE,1,-4.501793574890472e-07
3.7880000000000003,-0.008745487907812946,0.0,-0.009203884727313847,-0.008669879816446287,-0.14377055292588442,6.249841253003639,BALANCE,1,-4.501793574890472e-07
3.79,-0.008745487907812946,0.0,-0.009203884727313847,-0.008856781535249936,-0.09345085940182414,3.5462154955393554,BALANCE,1,-4.501793574890472e-07
3.7920000000000003,-0.008745487907812946,0.0,-0.007669903939428206,-0.008441374376712333,0.20770357926880137,3.935787584296569,BALANCE,1,-4.501793574890472e-07
3.794,-0.008745487907812946,0.0,-0.010737865515199488,-0.009245146275182841,-0.401885949235254,6.368259248298488,BALANCE,1,-4.501793574890472e-07
3.7960000000000003,-0.008745487907812946,0.0,-0.006135923151542565,-0.008156918181908748,0.5441140466370467,1.4414676771027763,BALANCE,1,-4.501793574890472e-07
3.798,-0.008745487907812946,0.0,-0.009203884727313847,-0.008523356472800536,-0.18321914544589413,9.073129946041245,BALANCE,1,-4.501793574890472e-07
3.8000000000000003,-0.008745487907812946,0.0,-0.0046019423636569235,-0.007150861534600275,0.6862474691001303,3.230773440629653,BALANCE,1,-4.501793574890472e-07
3.802,-0.008745487907812946,0.0,-0.009203884727313847,-0.007869419652050028,-0.3592790587248762,10.267425880982945,BALANCE,1,-4.501793574890472e-07
3.8040000000000003,-0.008745487907812946,0.0,-0.009203884727313847,-0.008336482428392368,-0.23353138817117006,1.8585262874054957,BALANCE,1,-4.501793574890472e-07
3.806,-0.008745487907812946,0.0,-0.009203884727313847,-0.008640073233014888,-0.1517954023112604,2.8348165887689265,BALANCE,1,-4.501793574890472e-07
3.8080000000000003,-0.008745487907812946,0.0,-0.009203884727313847,-0.008837407256019527,-0.09866701150231925,3.4687610127242494,BALANCE,1,-4.501793574890472e-07
3.81,-0.008745487907812946,0.0,-0.010737865515199488,-0.009502567646732516,-0.33258019535649475,3.8801806163642967,BALANCE,1,-4.501793574890472e-07
3.8120000000000003,-0.008745487907812946,0.0,-0.009203884727313847,-0.009398028624935986,0.05226951089826529,1.9670650085587664,BALANCE,1,-4.501793574890472e-07
3.814,-0.008745487907812946,0.0,-0.006135923151542565,-0.008256291709248291,0.5708684578438474,5.0502553941796515,BALANCE,1,-4.501793574890472e-07
3.8160000000000003,-0.008745487907812946,0.0,-0.009203884727313847,-0.008587949265571238,-0.16582877816147343,9.265899926343721,BALANCE,1,-4.501793574890472e-07
3.818,-0.008745487907812946,0.0,-0.010737865515199488,-0.009340419952941128,-0.376235343684945,3.3507049950686625,BALANCE,1,-4.501793574890472e-07
3.8200000000000003,-0.008745487907812946,0.0,-0.009203884727313847,-0.009292632623971583,0.02389366448477242,1.620436145648109,BALANCE,1,-4.501793574890472e-07
3.822,-0.008745487907812946,0.0,-0.010737865515199488,-0.009798464135901352,-0.2529157559648847,4.8224769242192265,BALANCE,1,-4.501793574890472e-07
3.8240000000000003,-0.008745487907812946,0.0,-0.007669903939428206,-0.009053468067135754,0.3724980343827993,2.575691977079003,BALANCE,1,-4.501793574890472e-07
3.826,-0.008745487907812946,0.0,-0.007669903939428206,-0.008569220622438116,0.24212372234881913,7.621891370372984,BALANCE,1,-4.501793574890472e-07
3.8280000000000003,-0.008745487907812946,0.0,-0.009203884727313847,-0.008791353059144625,-0.11106621835325468,6.606237876658513,BALANCE,1,-4.501793574890472e-07
3.83,-0.008745487907812946,0.0,-0.009203884727313847,-0.008935739143003855,-0.07219304192961506,3.765632134227703,BALANCE,1,-4.501793574890472e-07
3.8320000000000003,-0.008745487907812946,0.0,-0.006135923151542565,-0.007955803545992407,0.4899677985057242,4.066167232756665,BALANCE,1,-4.501793574890472e-07
3.834,-0.008745487907812946,0.0,-0.009203884727313847,-0.008392631959454914,-0.21841420673125375,8.620658931350867,BALANCE,1,-4.501793574890472e-07
3.8360000000000003,-0.008745487907812946,0.0,-0.009203884727313847,-0.008676570428205544,-0.14196923437531475,2.9257146582554023,BALANCE,1,-4.501793574890472e-07
3.838,-0.008745487907812946,0.0,-0.009203884727313847,-0.008861130432893452,-0.09228000234395416,3.518502814892235,BALANCE,1,-4.501793574890472e-07
3.84,-0.008745487907812946,0.0,-0.007669903939428206,-0.008444201160180619,0.20846463635641657,3.9031708447752664,BALANCE,1,-4.501793574890472e-07
3.842,-0.008745487907812946,0.0,-0.009203884727313847,-0.008710090408677252,-0.13294462424831652,6.332454870508966,BALANCE,1,-4.501793574890472e-07
3.844,-0.008745487907812946,0.0,-0.007669903939428206,-0.008346025144440088,0.1820326321185818,3.5834854126795683,BALANCE,1,-4.501793574890472e-07
3.846,-0.008745487907812946,0.0,-0.009203884727313847,-0.008646275998445908,-0.15012542700290968,6.123478174440097,BALANCE,1,-4.501793574890472e-07
3.848,-0.008745487907812946,0.0,-0.007669903939428206,-0.008304545777789715,0.17086511032809656,3.446469395028126,BALANCE,1,-4.501793574890472e-07
3.85,-0.008745487907812946,0.0,-0.009203884727313847,-0.008619314410123164,-0.15738431616672474,6.0332365977599896,BALANCE,1,-4.501793574890472e-07
3.852,-0.008745487907812946,0.0,-0.009203884727313847,-0.008823914021139906,-0.10229980550837108,3.3866312049793876,BALANCE,1,-4.501793574890472e-07
3.854,-0.008745487907812946,0.0,-0.009203884727313847,-0.008956903768300788,-0.0664948735804409,3.813266530780984,BALANCE,1,-4.501793574890472e-07
3.856,-0.008745487907812946,0.0,-0.007669903939428206,-0.008506453828195388,0.22522497005270006,4.089935220621112,BALANCE,1,-4.501793574890472e-07
3.858,-0.008745487907812946,0.0,-0.010737865515199488,-0.009287447918646826,-0.39049704522571904,6.449019675326925,BALANCE,1,-4.501793574890472e-07
3.86,-0.008745487907812946,0.0,-0.009203884727313847,-0.009258200801680286,0.014623558483270113,1.4745264180887565,BALANCE,1,-4.501793574890472e-07
3.862,-0.008745487907812946,0.0,-0.010737865515199488,-0.00977608345141201,-0.258941324865862,4.715394434618326,BALANCE,1,-4.501793574890472e-07
3.864,-0.008745487907812946,0.0,-0.009203884727313847,-0.009575813897977657,0.10013477671717667,2.4938471921510836,BALANCE,1,-4.501793574890472e-07
3.866,-0.008745487907812946,0.0,-0.007669903939428206,-0.008908745412485352,0.33353424274615207,5.376557015241859,BALANCE,1,-4.501793574890472e-07
3.868,-0.008745487907812946,0.0,-0.010737865515199488,-0.009548937448435303,-0.32009601797497544,7.281995103520703,BALANCE,1,-4.501793574890472e-07
3.87,-0.008745487907812946,0.0,-0.007669903939428206,-0.008891275720282822,0.3288308640762407,2.0126317081049985,BALANCE,1,-4.501793574890472e-07
3.872,-0.008745487907812946,0.0,-0.01227184630308513,-0.010074475424263632,-0.5915998519904052,7.241728213059819,BALANCE,1,-4.501793574890472e-07
3.874,-0.008745487907812946,0.0,-0.007669903939428206,-0.009232875404571236,0.4208000098461983,-0.194724392797049,BALANCE,1,-4.501793574890472e-07
3.876,-0.008745487907812946,0.0,-0.01227184630308513,-0.010296515219051101,-0.5318199072399327,7.953123927996409,BALANCE,1,-4.501793574890472e-07
3.878,-0.008745487907812946,0.0,-0.007669903939428206,-0.009377201271183092,0.45965697393400473,0.2662868993947587,BALANCE,1,-4.501793574890472e-07
3.88,-0.008745487907812946,0.0,-0.009203884727313847,-0.00931654048082886,0.030330395177116144,8.251385345404103,BALANCE,1,-4.501793574890472e-07
3.882,-0.008745487907812946,0.0,-0.009203884727313847,-0.009277110967098608,0.019714756865125797,4.818549054674082,BALANCE,1,-4.501793574890472e-07
3.884,-0.008745487907812946,0.0,-0.007669903939428206,-0.00871458850741397,0.28126122984231844,4.734134296808554,BALANCE,1,-4.501793574890472e-07
3.886,-0.008745487907812946,0.0,-0.007669903939428206,-0.008348948908618956,0.18281979939750725,6.8585145105056915,BALANCE,1,-4.501793574890472e-07
3.888,-0.008745487907812946,0.0,-0.007669903939428206,-0.008111283169402198,0.11883286960837937,6.091251653093178,BALANCE,1,-4.501793574890472e-07
3.89,-0.008745487907812946,0.0,-0.007669903939428206,-0.007956800438911303,0.0772413652454472,5.59199390249928,BALANCE,1,-4.501793574890472e-07
3.892,-0.008745487907812946,0.0,-0.010737865515199488,-0.00893017321561217,-0.4866863883504335,5.266939471337495,BALANCE,1,-4.501793574890472e-07
3.894,-0.008745487907812946,0.0,-0.007669903939428206,-0.008489078968947785,0.2205471233321923,0.695329041325274,BALANCE,1,-4.501793574890472e-07
3.896,-0.008745487907812946,0.0,-0.01380582709097077,-0.010349940811655833,-0.9304309213540237,6.377964973792355,BALANCE,1,-4.501793574890472e-07
3.898,-0.008745487907812946,0.0,-0.007669903939428206,-0.009411927906376167,0.4690064526398328,-2.943581082422188,BALANCE,1,-4.501793574890472e-07
3.9,-0.008745487907812946,0.0,-0.009203884727313847,-0.009339112793704358,0.03640755633590488,8.306316298264168,BALANCE,1,-4.501793574890472e-07
3.902,-0.008745487907812946,0.0,-0.007669903939428206,-0.008754889694707708,0.29211154949832474,4.848026212034313,BALANCE,1,-4.501793574890472e-07
3.904,-0.008745487907812946,0.0,-0.0046019423636569235,-0.007301358128839936,0.7267657829338859,6.926960565334529,BALANCE,1,-4.501793574890472e-07
3.906,-0.008745487907812946,0.0,-0.009203884727313847,-0.007967242438305808,-0.3329421547329358,10.489946055145317,BALANCE,1,-4.501793574890472e-07
3.908,-0.008745487907812946,0.0,-0.010737865515199488,-0.0089369605152186,-0.48485903845639583,1.9707360467551291,BALANCE,1,-4.501793574890472e-07
3.91,-0.008745487907812946,0.0,-0.007669903939428206,-0.008493490713691964,0.22173490076331756,0.695430500249639,BALANCE,1,-4.501793574890472e-07
3.912,-0.008745487907812946,0.0,-0.009203884727313847,-0.008742128618459626,-0.12431895238383064,6.373091503956204,BALANCE,1,-4.501793574890472e-07
3.914,-0.008745487907812946,0.0,-0.010737865515199488,-0.00944063653231858,-0.34925395692947736,3.5879939787692674,BALANCE,1,-4.501793574890472e-07
3.916,-0.008745487907812946,0.0,-0.007669903939428206,-0.008820880124806953,0.3098782037558138,1.7447153402660929,BALANCE,1,-4.501793574890472e-07
3.918,-0.008745487907812946,0.0,-0.009203884727313847,-0.008954931735684369,-0.06702580543870798,7.053193834174159,BALANCE,1,-4.501793574890472e-07
3.92,-0.008745487907812946,0.0,-0.010737865515199488,-0.009578958558514664,-0.3120134114151475,4.028127677618203,BALANCE,1,-4.501793574890472e-07
3.922,-0.008745487907812946,0.0,-0.010737865515199488,-0.009984575993354356,-0.20280871741984624,2.028869428725166,BALANCE,1,-4.501793574890472e-07
3.924,-0.008745487907812946,0.0,-0.007669903939428206,-0.009174440774480206,0.40506760943707487,2.8761730193985238,BALANCE,1,-4.501793574890472e-07
3.926,-0.008745487907812946,0.0,-0.007669903939428206,-0.00864785288221201,0.2632939461340985,7.785956859231446,BALANCE,1,-4.501793574890472e-07
3.928,-0.008745487907812946,0.0,-0.006135923151542565,-0.007768677476477707,0.43958770286715115,6.681633255767284,BALANCE,1,-4.501793574890472e-07
3.93,-0.008745487907812946,0.0,-0.009203884727313847,-0.00827100001427036,-0.2511612688963264,8.143180098480467,BALANCE,1,-4.501793574890472e-07
3.932,-0.008745487907812946,0.0,-0.007669903939428206,-0.00806061638807561,0.10519181309737516,2.5853947721022332,BALANCE,1,-4.501793574890472e-07
3.934,-0.008745487907812946,0.0,-0.006135923151542565,-0.007386973755289046,0.3368213163932815,5.4472303223459155,BALANCE,1,-4.501793574890472e-07
3.936,-0.008745487907812946,0.0,-0.007669903939428206,-0.0074859993197377555,-0.049512782224354554,7.339207511929302,BALANCE,1,-4.501793574890472e-07
3.938,-0.008745487907812946,0.0,-0.006135923151542565,-0.007013472660869441,0.23626332943415704,4.241095989257344,BALANCE,1,-4.501793574890472e-07
3.94,-0.008745487907812946,0.0,-0.009203884727313847,-0.007780116884124986,-0.3833221116277723,6.5542537875253615,BALANCE,1,-4.501793574890472e-07
3.942,-0.008745487907812946,0.0,-0.0046019423636569235,-0.006667755801961167,0.5561805410819096,1.5500155822577693,BALANCE,1,-4.501793574890472e-07
3.944,-0.008745487907812946,0.0,-0.010737865515199488,-0.008092294201594583,-0.712269199816708,9.13144491770466,BALANCE,1,-4.501793574890472e-07
3.946,-0.008745487907812946,0.0,-0.01227184630308513,-0.009555137437116277,-0.7314216177608471,-1.1032437723026032,BALANCE,1,-4.501793574890472e-07
3.948,-0.008745487907812946,0.0,-0.009203884727313847,-0.00943219898868543,0.061469224215423765,-1.3461447374744413,BALANCE,1,-4.501793574890472e-07
3.95,-0.008745487907812946,0.0,-0.010737865515199488,-0.009889182272965353,-0.2284916421399618,5.00247186544384,BALANCE,1,-4.501793574890472e-07
3.952,-0.008745487907812946,0.0,-0.010737865515199488,-0.010186221407747303,-0.14851956739097508,2.6533881010893663,BALANCE,1,-4.501793574890472e-07
3.954,-0.008745487907812946,0.0,-0.007669903939428206,-0.009305510293835622,0.4403555569558407,3.273305106712794,BALANCE,1,-4.501793574890472e-07
3.956,-0.008745487907812946,0.0,-0.007669903939428206,-0.00873304806979303,0.28623111202129636,8.035287666263253,BALANCE,1,-4.501793574890472e-07
3.958,-0.008745487907812946,0.0,-0.01227184630308513,-0.009971627451445267,-0.6192896908261188,6.834893230615496,BALANCE,1,-4.501793574890472e-07
3.96,-0.008745487907812946,0.0,-0.009203884727313847,-0.009702917497999272,0.13435497672299734,-0.4855822805532499,BALANCE,1,-4.501793574890472e-07
3.962,-0.008745487907812946,0.0,-0.010737865515199488,-0.01006514930401935,-0.18111590301003905,5.55775707354684,BALANCE,1,-4.501793574890472e-07
3.964,-0.008745487907812946,0.0,-0.010737865515199488,-0.010300599977932402,-0.117725336956526,3.01024309746054,BALANCE,1,-4.501793574890472e-07
3.966,-0.008745487907812946,0.0,-0.010737865515199488,-0.010453642915975885,-0.07652146902174112,3.5011804654582743,BALANCE,1,-4.501793574890472e-07
3.968,-0.008745487907812946,0.0,-0.006135923151542565,-0.008942440998424226,0.755600958775829,3.81953810407075,BALANCE,1,-4.501793574890472e-07
3.97,-0.008745487907812946,0.0,-0.009203884727313847,-0.009033946303535597,-0.0457526525556853,10.565401153304727,BALANCE,1,-4.501793574890472e-07
3.972,-0.008745487907812946,0.0,-0.006135923151542565,-0.008019638200338039,0.5071540515987791,4.1472751550852225,BALANCE,1,-4.501793574890472e-07
3.974,-0.008745487907812946,0.0,-0.010737865515199488,-0.00897101776053955,-0.4756897801007553,8.629783346872724,BALANCE,1,-4.501793574890472e-07
3.976,-0.008745487907812946,0.0,-0.007669903939428206,-0.008515627923150582,0.22769491869448383,0.70815571611225,BALANCE,1,-4.501793574890472e-07
3.978,-0.008745487907812946,0.0,-0.007669903939428206,-0.008219624528847754,0.1480016971514139,6.36085357113287,BALANCE,1,-4.501793574890472e-07
3.98,-0.008745487907812946,0.0,-0.006135923151542565,-0.0074903290467909405,0.36464774102840664,5.739424077540711,BALANCE,1,-4.501793574890472e-07
3.982,-0.008745487907812946,0.0,-0.010737865515199488,-0.008626966810733935,-0.568318881971497,7.514852091670703,BALANCE,1,-4.501793574890472e-07
3.984,-0.008745487907812946,0.0,-0.007669903939428206,-0.008291994805776932,0.16748600247850146,-0.018804551527252578,BALANCE,1,-4.501793574890472e-07
3.986,-0.008745487907812946,0.0,-0.006135923151542565,-0.007537369726794906,0.3773125394910129,5.886074445409,BALANCE,1,-4.501793574890472e-07
3.988,-0.008745487907812946,0.0,-0.010737865515199488,-0.008657543252736512,-0.5600867629708033,7.608456772302654,BALANCE,1,-4.501793574890472e-07
3.99,-0.008745487907812946,0.0,-0.009203884727313847,-0.008848762768838583,-0.09560975805103511,0.04032043240108063,BALANCE,1,-4.501793574890472e-07
3.992,-0.008745487907812946,0.0,-0.007669903939428206,-0.008436162178544954,0.2063002951468145,3.742893548239334,BALANCE,1,-4.501793574890472e-07
3.994,-0.008745487907812946,0.0,-0.010737865515199488,-0.009241758346374043,-0.4027980839145448,6.181242776804041,BALANCE,1,-4.501793574890472e-07
3.996,-0.008745487907812946,0.0,-0.007669903939428206,-0.008691609303943004,0.2750745212155197,1.2582716225741448,BALANCE,1,-4.501793574890472e-07
3.998,-0.008745487907812946,0.0,-0.009203884727313847,-0.008870905702122803,-0.0896481990898994,6.712523084299734,BALANCE,1,-4.501793574890472e-07
4.0,-0.008745487907812946,0.0,-0.007669903939428206,-0.008450555085179697,0.21017530847155294,3.7822093568251693,BALANCE,1,-4.501793574890472e-07
4.002,-0.008745487907812946,0.0,-0.007669903939428206,-0.008177327184166678,0.13661395050650926,6.204328343316339,BALANCE,1,-4.501793574890472e-07
4.0040000000000004,-0.008745487907812946,0.0,-0.007669903939428206,-0.007999729048508215,0.08879906782923146,5.6305956882199375,BALANCE,1,-4.501793574890472e-07
4.006,-0.008745487907812946,0.0,-0.007669903939428206,-0.007884290260330214,0.057719394089000495,5.257132569131521,BALANCE,1,-4.501793574890472e-07
4.008,-0.008745487907812946,0.0,-0.009203884727313847,-0.00834614832377449,-0.23092903172213744,5.013844648448288,BALANCE,1,-4.501793574890472e-07
4.01,-0.008745487907812946,0.0,-0.006135923151542565,-0.0075725695134933185,0.38678940514058535,2.6752765284877733,BALANCE,1,-4.501793574890472e-07
4.0120000000000005,-0.008745487907812946,0.0,-0.009203884727313847,-0.008143529838330506,-0.2854801624185936,7.661924238103728,BALANCE,1,-4.501793574890472e-07
4.014,-0.008745487907812946,0.0,-0.009203884727313847,-0.008514654049474678,-0.18556210557208602,2.2478813721723983,BALANCE,1,-4.501793574890472e-07
4.016,-0.008745487907812946,0.0,-0.007669903939428206,-0.008218991510958416,0.14783126925813073,3.0232554434659136,BALANCE,1,-4.501793574890472e-07
4.018,-0.008745487907812946,0.0,-0.009203884727313847,-0.00856370413668282,-0.17235631286220165,5.706498396116431,BALANCE,1,-4.501793574890472e-07
4.0200000000000005,-0.008745487907812946,0.0,-0.010737865515199488,-0.009324660619163656,-0.38047824124041835,3.122602240782972,BALANCE,1,-4.501793574890472e-07
4.022,-0.008745487907812946,0.0,-0.009203884727313847,-0.009282389057016225,0.021135781073715505,1.410104492684555,BALANCE,1,-4.501793574890472e-07
4.024,-0.008745487907812946,0.0,-0.007669903939428206,-0.008718019265860421,0.2821848955779022,4.623696487115068,BALANCE,1,-4.501793574890472e-07
4.026,-0.008745487907812946,0.0,-0.006135923151542565,-0.007814285625849175,0.45186682000562284,6.744207986764739,BALANCE,1,-4.501793574890472e-07
4.0280000000000005,-0.008745487907812946,0.0,-0.010737865515199488,-0.008837538587121788,-0.5116264806363062,8.154324543462009,BALANCE,1,-4.501793574890472e-07
4.03,-0.008745487907812946,0.0,-0.009203884727313847,-0.008965759736189011,-0.06411057453361169,0.38321545293279513,BALANCE,1,-4.501793574890472e-07
4.032,-0.008745487907812946,0.0,-0.010737865515199488,-0.00958599675884268,-0.3101185113268349,3.95385628086308,BALANCE,1,-4.501793574890472e-07
4.034,-0.008745487907812946,0.0,-0.009203884727313847,-0.009452257547807591,0.06686960551754474,1.9466613658063059,BALANCE,1,-4.501793574890472e-07
4.0360000000000005,-0.008745487907812946,0.0,-0.009203884727313847,-0.009365327060634783,0.043465243586403995,4.9687002017138875,BALANCE,1,-4.501793574890472e-07
4.038,-0.008745487907812946,0.0,-0.007669903939428206,-0.008771928968212484,0.29669904621114956,4.7848080700830025,BALANCE,1,-4.501793574890472e-07
4.04,-0.008745487907812946,0.0,-0.009203884727313847,-0.008923113483897965,-0.0755922578427404,6.8445279908326615,BALANCE,1,-4.501793574890472e-07
4.042,-0.008745487907812946,0.0,-0.007669903939428206,-0.008484490143333552,0.21931167028220627,3.855341864763634,BALANCE,1,-4.501793574890472e-07
4.0440000000000005,-0.008745487907812946,0.0,-0.010737865515199488,-0.009273171523486633,-0.39434069007654016,6.239193792168406,BALANCE,1,-4.501793574890472e-07
4.046,-0.008745487907812946,0.0,-0.010737865515199488,-0.009785814420586136,-0.2563214485497515,1.280799392184552,BALANCE,1,-4.501793574890472e-07
4.048,-0.008745487907812946,0.0,-0.010737865515199488,-0.010119032303700813,-0.16660894155733855,2.3522375876887747,BALANCE,1,-4.501793574890472e-07
4.05,-0.008745487907812946,0.0,-0.009203884727313847,-0.009798730651965378,0.16015082586771748,3.047920764180457,BALANCE,1,-4.501793574890472e-07
4.0520000000000005,-0.008745487907812946,0.0,-0.007669903939428206,-0.00905364130257737,0.3725446746940036,5.679257256554638,BALANCE,1,-4.501793574890472e-07
4.054,-0.008745487907812946,0.0,-0.01227184630308513,-0.010180013052755088,-0.5631858750888589,7.421302679867692,BALANCE,1,-4.501793574890472e-07
4.056,-0.008745487907812946,0.0,-0.007669903939428206,-0.009301474863090683,0.4392690948322028,-0.1341600260164224,BALANCE,1,-4.501793574890472e-07
4.058,-0.008745487907812946,0.0,-0.007669903939428206,-0.00873042503980882,0.2855249116409317,7.936331729759317,BALANCE,1,-4.501793574890472e-07
4.0600000000000005,-0.008745487907812946,0.0,-0.009203884727313847,-0.008896135930435582,-0.08285544531338139,6.738895168618099,BALANCE,1,-4.501793574890472e-07
4.062,-0.008745487907812946,0.0,-0.009203884727313847,-0.009003848009342978,-0.05385603945369782,3.780130432359902,BALANCE,1,-4.501793574890472e-07
4.064,-0.008745487907812946,0.0,-0.007669903939428206,-0.008536967584872811,0.23344021223508335,4.003862184901058,BALANCE,1,-4.501793574890472e-07
4.066,-0.008745487907812946,0.0,-0.007669903939428206,-0.008233495308967203,0.1517361379528041,6.3285376303625425,BALANCE,1,-4.501793574890472e-07
4.0680000000000005,-0.008745487907812946,0.0,-0.007669903939428206,-0.008036238329628556,0.09862848966932322,5.691466673596851,BALANCE,1,-4.501793574890472e-07
4.07,-0.008745487907812946,0.0,-0.010737865515199488,-0.008981807844578386,-0.4727847574749148,5.2768336584233975,BALANCE,1,-4.501793574890472e-07
4.072,-0.008745487907812946,0.0,-0.007669903939428206,-0.008522641477775827,0.22958318340127962,0.6469971488035879,BALANCE,1,-4.501793574890472e-07
4.074,-0.008745487907812946,0.0,-0.009203884727313847,-0.008761076615114136,-0.11921756866915476,6.291786129525741,BALANCE,1,-4.501793574890472e-07
4.0760000000000005,-0.008745487907812946,0.0,-0.006135923151542565,-0.00784227290286409,0.4594018561250232,3.4853217893989457,BALANCE,1,-4.501793574890472e-07
4.078,-0.008745487907812946,0.0,-0.007669903939428206,-0.007781943765661534,0.0301645686012781,8.167836955906798,BALANCE,1,-4.501793574890472e-07
4.08,-0.008745487907812946,0.0,-0.007669903939428206,-0.007742729826479872,0.019606969590830938,4.736002015195859,BALANCE,1,-4.501793574890472e-07
4.082,-0.008745487907812946,0.0,-0.010737865515199488,-0.00879102731753174,-0.5241487455259343,4.6523455134978855,BALANCE,1,-4.501793574890472e-07
4.0840000000000005,-0.008745487907812946,0.0,-0.006135923151542565,-0.007861740859435532,0.46464322904810407,0.2376437376371454,BALANCE,1,-4.501793574890472e-07
4.086,-0.008745487907812946,0.0,-0.007669903939428206,-0.007794597937432971,0.033571461001280584,8.202164373543338,BALANCE,1,-4.501793574890472e-07
4.088,-0.008745487907812946,0.0,-0.006135923151542565,-0.007214061762371332,0.2902680875308196,4.756059884901417,BALANCE,1,-4.501793574890472e-07
4.09,-0.008745487907812946,0.0,-0.009203884727313847,-0.007910499800101216,-0.348219018864942,6.843022255288954,BALANCE,1,-4.501793574890472e-07
4.0920000000000005,-0.008745487907812946,0.0,-0.006135923151542565,-0.007289397973105691,0.31055091349776237,1.6917570218990479,BALANCE,1,-4.501793574890472e-07
4.094,-0.008745487907812946,0.0,-0.010737865515199488,-0.008496361612838524,-0.6034818198664164,6.997724710825793,BALANCE,1,-4.501793574890472e-07
4.096,-0.008745487907812946,0.0,-0.009203884727313847,-0.00874399470290489,-0.12381654503318319,-0.38865424679417515,BALANCE,1,-4.501793574890472e-07
4.098,-0.008745487907812946,0.0,-0.009203884727313847,-0.008904956211448028,-0.08048075427156877,3.4320611675271273,BALANCE,1,-4.501793574890472e-07
4.1,-0.008745487907812946,0.0,-0.009203884727313847,-0.009009581192001067,-0.052312490276519574,3.767308811865165,BALANCE,1,-4.501793574890472e-07
4.102,-0.008745487907812946,0.0,-0.010737865515199488,-0.009614480705120517,-0.3024497565597252,3.9845755087539763,BALANCE,1,-4.501793574890472e-07
4.104,-0.008745487907812946,0.0,-0.01227184630308513,-0.010544558664408135,-0.46503897964380886,1.9452605115601402,BALANCE,1,-4.501793574890472e-07
4.106,-0.008745487907812946,0.0,-0.007669903939428206,-0.009538429510665162,0.5030645768714864,0.5866331375973317,BALANCE,1,-4.501793574890472e-07
4.108,-0.008745487907812946,0.0,-0.007669903939428206,-0.008884445560732231,0.32699197496646565,8.389921653042139,BALANCE,1,-4.501793574890472e-07
4.11,-0.008745487907812946,0.0,-0.006135923151542565,-0.00792246271751585,0.48099142160819025,7.018802985685802,BALANCE,1,-4.501793574890472e-07
4.112,-0.008745487907812946,0.0,-0.007669903939428206,-0.007834067145185178,0.044197786165336116,8.30693303686908,BALANCE,1,-4.501793574890472e-07
4.114,-0.008745487907812946,0.0,-0.007669903939428206,-0.007776610023170241,0.02872856100746878,4.81632087423705,BALANCE,1,-4.501793574890472e-07
4.116,-0.008745487907812946,0.0,-0.009203884727313847,-0.008276156169620507,-0.24977307322513298,4.694459178290373,BALANCE,1,-4.501793574890472e-07
4.118,-0.008745487907812946,0.0,-0.010737865515199488,-0.009137754440573152,-0.4307991354763228,2.4348181044086186,BALANCE,1,-4.501793574890472e-07
4.12,-0.008745487907812946,0.0,-0.010737865515199488,-0.009697793316692373,-0.28001943805961055,0.9330861592538269,BALANCE,1,-4.501793574890472e-07
4.122,-0.008745487907812946,0.0,-0.009203884727313847,-0.009524925310409892,0.08643400314124056,2.1037818473570327,BALANCE,1,-4.501793574890472e-07
4.124,-0.008745487907812946,0.0,-0.009203884727313847,-0.00941256110632628,0.056182102041806535,5.0438764722787095,BALANCE,1,-4.501793574890472e-07
4.126,-0.008745487907812946,0.0,-0.009203884727313847,-0.00933952437367193,0.036518366327174465,4.806720603506989,BALANCE,1,-4.501793574890472e-07
4.128,-0.008745487907812946,0.0,-0.010737865515199488,-0.009828943773206578,-0.244709699767324,4.651925016874459,BALANCE,1,-4.501793574890472e-07
4.13,-0.008745487907812946,0.0,-0.009203884727313847,-0.009610173107144125,0.10938533303122676,2.3707695353917506,BALANCE,1,-4.501793574890472e-07
4.132,-0.008745487907812946,0.0,-0.009203884727313847,-0.00946797217420353,0.07110046647029744,5.214734003122476,BALANCE,1,-4.501793574890472e-07
4.134,-0.008745487907812946,0.0,-0.009203884727313847,-0.009375541567792144,0.046215303205692816,4.915093532176635,BALANCE,1,-4.501793574890472e-07
4.136,-0.008745487907812946,0.0,-0.007669903939428206,-0.00877856839786477,0.29848658496368746,4.719682954130923,BALANCE,1,-4.501793574890472e-07
4.138,-0.008745487907812946,0.0,-0.009203884727313847,-0.00892742911317195,-0.07443035765359023,6.771915884710951,BALANCE,1,-4.501793574890472e-07
4.14,-0.008745487907812946,0.0,-0.009203884727313847,-0.009024188578121617,-0.048379732474833695,3.7778632150316636,BALANCE,1,-4.501793574890472e-07
4.142,-0.008745487907812946,0.0,-0.009203884727313847,-0.0090870822303389,-0.03144682610864164,3.978657810849111,BALANCE,1,-4.501793574890472e-07
4.144,-0.008745487907812946,0.0,-0.006135923151542565,-0.008054176552760186,0.5164528387893571,4.108530026199542,BALANCE,1,-4.501793574890472e-07
4.146,-0.008745487907812946,0.0,-0.010737865515199488,-0.008993467689613946,-0.46964556842687966,8.552090850727703,BALANCE,1,-4.501793574890472e-07
4.148,-0.008745487907812946,0.0,-0.006135923151542565,-0.007993327101288965,0.5000702941624904,0.6051474312486613,BALANCE,1,-4.501793574890472e-07
4.15,-0.008745487907812946,0.0,-0.006135923151542565,-0.007343235718877728,0.32504569120561827,8.421284101842863,BALANCE,1,-4.501793574890472e-07
4.152,-0.008745487907812946,0.0,-0.009203884727313847,-0.007994462871830373,-0.32561357647632216,7.058624113988785,BALANCE,1,-4.501793574890472e-07
4.154,-0.008745487907812946,0.0,-0.007669903939428206,-0.007880867245489618,0.05679781317037731,1.8126774507817363,BALANCE,1,-4.501793574890472e-07
4.156,-0.008745487907812946,0.0,-0.006135923151542565,-0.007270136812608153,0.30536521644073267,4.87720813208668,BALANCE,1,-4.501793574890472e-07
4.158,-0.008745487907812946,0.0,-0.009203884727313847,-0.007946948582755149,-0.33840588507349795,6.9009371568598885,BALANCE,1,-4.501793574890472e-07
4.16,-0.008745487907812946,0.0,-0.010737865515199488,-0.00892376950911067,-0.48841046317776077,1.7085702488206733,BALANCE,1,-4.501793574890472e-07
4.162,-0.008745487907812946,0.0,-0.006135923151542565,-0.007948023283961837,0.48787311257441657,0.44813961450341644,BALANCE,1,-4.501793574890472e-07
4.164,-0.008745487907812946,0.0,-0.006135923151542565,-0.007313788237615095,0.31711752317337094,8.315363389372973,BALANCE,1,-4.501793574890472e-07
4.166,-0.008745487907812946,0.0,-0.007669903939428206,-0.007438428733249687,-0.06232024781729602,6.985910019297889,BALANCE,1,-4.501793574890472e-07
4.168,-0.008745487907812946,0.0,-0.007669903939428206,-0.007519445055412172,-0.04050816108124239,3.941441735887828,BALANCE,1,-4.501793574890472e-07
4.17,-0.008745487907812946,0.0,-0.01227184630308513,-0.00918278549209771,-0.8316702183427692,4.109573561435426,BALANCE,1,-4.501793574890472e-07
4.172,-0.008745487907812946,0.0,-0.007669903939428206,-0.008653276948663387,0.26475427171716165,-2.321359879956341,BALANCE,1,-4.501793574890472e-07
4.174,-0.008745487907812946,0.0,-0.009203884727313847,-0.008845989671191051,-0.09635636126383192,6.480075897739432,BALANCE,1,-4.501793574890472e-07
4.176,-0.008745487907812946,0.0,-0.010737865515199488,-0.009508146216594007,-0.331078272701478,3.577858872605586,BALANCE,1,-4.501793574890472e-07
4.178,-0.008745487907812946,0.0,-0.006135923151542565,-0.008327868143826005,0.5901390363840008,1.6584525591369212,BALANCE,1,-4.501793574890472e-07
4.18,-0.008745487907812946,0.0,-0.006135923151542565,-0.007560687396526804,0.38359037364960047,9.097342142558066,BALANCE,1,-4.501793574890472e-07
4.182,-0.008745487907812946,0.0,-0.009203884727313847,-0.008135806462302272,-0.28755953288773367,7.489471548041511,BALANCE,1,-4.501793574890472e-07
4.184,-0.008745487907812946,0.0,-0.007669903939428206,-0.007972740579296351,0.08153294150296027,2.0841379905038497,BALANCE,1,-4.501793574890472e-07
4.186,-0.008745487907812946,0.0,-0.007669903939428206,-0.007866747755342504,0.05299641197692353,5.045067190493896,BALANCE,1,-4.501793574890472e-07
4.188,-0.008745487907812946,0.0,-0.009203884727313847,-0.008334745695532476,-0.23399897009498613,4.821561174171765,BALANCE,1,-4.501793574890472e-07
4.19,-0.008745487907812946,0.0,-0.007669903939428206,-0.008102051080895985,0.11634730731824565,2.4958512920459826,BALANCE,1,-4.501793574890472e-07
4.192,-0.008745487907812946,0.0,-0.007669903939428206,-0.007950799581382265,0.07562574975686007,5.310962778013847,BALANCE,1,-4.501793574890472e-07
4.194,-0.008745487907812946,0.0,-0.009203884727313847,-0.00838937938245832,-0.21928990053802794,4.99267524757731,BALANCE,1,-4.501793574890472e-07
4.196,-0.008745487907812946,0.0,-0.007669903939428206,-0.008137562977397783,0.1259082025302687,2.60535738127715,BALANCE,1,-4.501793574890472e-07
4.198,-0.008745487907812946,0.0,-0.01227184630308513,-0.009584562141388357,-0.7234995819952869,5.3804236775316765,BALANCE,1,-4.501793574890472e-07
4.2,-0.008745487907812946,0.0,-0.007669903939428206,-0.008914431770702308,0.3350651853430246,-1.5035754609404801,BALANCE,1,-4.501793574890472e-07
4.202,-0.008745487907812946,0.0,-0.006135923151542565,-0.007941953753996402,0.48623900835295314,7.003367613653034,BALANCE,1,-4.501793574890472e-07
4.204,-0.008745487907812946,0.0,-0.010737865515199488,-0.008920522870417485,-0.48928455821054156,8.269518487984017,BALANCE,1,-4.501793574890472e-07
4.206,-0.008745487907812946,0.0,-0.010737865515199488,-0.009556592796091189,-0.31803496283685195,0.4048317039167113,BALANCE,1,-4.501793574890472e-07
4.208,-0.008745487907812946,0.0,-0.006135923151542565,-0.008359358420499173,0.5986171877960079,1.7347529528065881,BALANCE,1,-4.501793574890472e-07
4.21,-0.008745487907812946,0.0,-0.010737865515199488,-0.009191835903644287,-0.416238741572557,9.138132348720887,BALANCE,1,-4.501793574890472e-07
4.212,-0.008745487907812946,0.0,-0.010737865515199488,-0.00973294626768861,-0.27055518202216167,0.9674978976029327,BALANCE,1,-4.501793574890472e-07
4.214,-0.008745487907812946,0.0,-0.006135923151542565,-0.008473988177037498,0.6294790453255563,2.0985531629098997,BALANCE,1,-4.501793574890472e-07
4.216,-0.008745487907812946,0.0,-0.009203884727313847,-0.008729451969634223,-0.12773189629836262,9.372669669495302,BALANCE,1,-4.501793574890472e-07
4.218,-0.008745487907812946,0.0,-0.010737865515199488,-0.009432396710582068,-0.3514723704739226,3.29790841855422,BALANCE,1,-4.501793574890472e-07
4.22,-0.008745487907812946,0.0,-0.007669903939428206,-0.008815524240678219,0.3084362349519247,1.4639214613507532,BALANCE,1,-4.501793574890472e-07
4.222,-0.008745487907812946,0.0,-0.009203884727313847,-0.008951450411000691,-0.06796308516123645,6.778439548103627,BALANCE,1,-4.501793574890472e-07
4.224,-0.008745487907812946,0.0,-0.009203884727313847,-0.009039802421710298,-0.044176005354803344,3.7572991268967897,BALANCE,1,-4.501793574890472e-07
4.226,-0.008745487907812946,0.0,-0.009203884727313847,-0.009097231228671543,-0.028714403480622173,3.9404866842213355,BALANCE,1,-4.501793574890472e-07
4.228,-0.008745487907812946,0.0,-0.007669903939428206,-0.008597666677436378,0.24978227561758218,4.058914324551377,BALANCE,1,-4.501793574890472e-07
4.23,-0.008745487907812946,0.0,-0.009203884727313847,-0.008809842994893496,-0.10608815872855878,6.315142097075633,BALANCE,1,-4.501793574890472e-07
4.232,-0.008745487907812946,0.0,-0.009203884727313847,-0.008947757601240622,-0.0689573031735632,3.4536860746600992,BALANCE,1,-4.501793574890472e-07
4.234,-0.008745487907812946,0.0,-0.01227184630308513,-0.010111188646886203,-0.5817155228227903,3.7406684911989885,BALANCE,1,-4.501793574890472e-07
4.236,-0.008745487907812946,0.0,-0.007669903939428206,-0.009256738999275907,0.4272248238051477,-0.4332253664629402,BALANCE,1,-4.501793574890472e-07
4.238,-0.008745487907812946,0.0,-0.009203884727313847,-0.009238240004089189,0.009249497593359114,7.687713037617326,BALANCE,1,-4.501793574890472e-07
4.24,-0.008745487907812946,0.0,-0.007669903939428206,-0.008689322381457847,0.2744588113156709,4.343172719633403,BALANCE,1,-4.501793574890472e-07
4.242,-0.008745487907812946,0.0,-0.007669903939428206,-0.008332525926747476,0.17839822735518565,6.496044422293487,BALANCE,1,-4.501793574890472e-07
4.244,-0.008745487907812946,0.0,-0.01227184630308513,-0.009711288058465658,-0.689381065859091,5.7473010327068765,BALANCE,1,-4.501793574890472e-07
4.246,-0.008745487907812946,0.0,-0.010737865515199488,-0.0100705901683225,-0.17965105492842148,-1.2796012985221195,BALANCE,1,-4.501793574890472e-07
4.248,-0.008745487907812946,0.0,-0.010737865515199488,-0.010304136539729449,-0.116773185703474,2.774666544298161,BALANCE,1,-4.501793574890472e-07
4.25,-0.008745487907812946,0.0,-0.0046019423636569235,-0.008308368578104068,0.9978839808126904,3.261615888505378,BALANCE,1,-4.501793574890472e-07
4.252,-0.008745487907812946,0.0,-0.010737865515199488,-0.009158692506087468,-0.4251619639917001,12.296957624616596,BALANCE,1,-4.501793574890472e-07
4.2540000000000004,-0.008745487907812946,0.0,-0.010737865515199488,-0.009711403059276678,-0.2763552765946047,0.8597388920012503,BALANCE,1,-4.501793574890472e-07
4.256,-0.008745487907812946,0.0,-0.009203884727313847,-0.00953377164308969,0.08881570809349346,2.0150874773748058,BALANCE,1,-4.501793574890472e-07
4.258,-0.008745487907812946,0.0,-0.009203884727313847,-0.009418311222568148,0.05773021026077123,4.945206485522192,BALANCE,1,-4.501793574890472e-07
4.26,-0.008745487907812946,0.0,-0.007669903939428206,-0.008806368673469171,0.3059712745494885,4.7015664658471925,BALANCE,1,-4.501793574890472e-07
4.2620000000000005,-0.008745487907812946,0.0,-0.007669903939428206,-0.008408606016554836,0.1988813284571674,6.722450259368176,BALANCE,1,-4.501793574890472e-07
4.264,-0.008745487907812946,0.0,-0.010737865515199488,-0.009223846841080468,-0.4076204122628159,5.887914728841157,BALANCE,1,-4.501793574890472e-07
4.266,-0.008745487907812946,0.0,-0.006135923151542565,-0.008143073549742206,0.5403866456691313,0.9851415842415361,BALANCE,1,-4.501793574890472e-07
4.268,-0.008745487907812946,0.0,-0.009203884727313847,-0.008514357461892283,-0.18564195607503886,8.632415830467462,BALANCE,1,-4.501793574890472e-07
4.2700000000000005,-0.008745487907812946,0.0,-0.010737865515199488,-0.009292585280549808,-0.3891139093287624,2.800207110292717,BALANCE,1,-4.501793574890472e-07
4.272,-0.008745487907812946,0.0,-0.007669903939428206,-0.00872464681115725,0.28396923469627916,1.1238792980873673,BALANCE,1,-4.501793574890472e-07
4.274,-0.008745487907812946,0.0,-0.007669903939428206,-0.008355486806052087,0.18458000255258156,6.540875829089021,BALANCE,1,-4.501793574890472e-07
4.276,-0.008745487907812946,0.0,-0.007669903939428206,-0.008115532802733732,0.1199770016591774,5.76624047488454,BALANCE,1,-4.501793574890472e-07
4.2780000000000005,-0.008745487907812946,0.0,-0.006135923151542565,-0.0074226694248168265,0.34643168895845267,5.2621906013758615,BALANCE,1,-4.501793574890472e-07
4.28,-0.008745487907812946,0.0,-0.007669903939428206,-0.0075092015049308125,-0.04326604005699301,7.113915368560114,BALANCE,1,-4.501793574890472e-07
4.282,-0.008745487907812946,0.0,-0.006135923151542565,-0.0070285540812449285,0.240323711842942,3.989639771328724,BALANCE,1,-4.501793574890472e-07
4.284,-0.008745487907812946,0.0,-0.007669903939428206,-0.007253026531609079,-0.11223622518207517,6.285790921133108,BALANCE,1,-4.501793574890472e-07
4.2860000000000005,-0.008745487907812946,0.0,-0.006135923151542565,-0.006862040348585802,0.19549309151163824,3.4503924726047996,BALANCE,1,-4.501793574890472e-07
4.288,-0.008745487907812946,0.0,-0.006135923151542565,-0.006607899329620672,0.12707050948256504,5.934313769066186,BALANCE,1,-4.501793574890472e-07
4.29,-0.008745487907812946,0.0,-0.007669903939428206,-0.006979600943053312,-0.18585080671632004,5.400859994105585,BALANCE,1,-4.501793574890472e-07
4.292,-0.008745487907812946,0.0,-0.006135923151542565,-0.006684313716024554,0.1476436135143793,2.8737914475199355,BALANCE,1,-4.501793574890472e-07
4.2940000000000005,-0.008745487907812946,0.0,-0.007669903939428206,-0.007029270294215835,-0.17247828909564042,5.558127180244051,BALANCE,1,-4.501793574890472e-07
4.296,-0.008745487907812946,0.0,-0.01227184630308513,-0.00886417189732009,-0.9174508015521278,2.9750487106135726,BALANCE,1,-4.501793574890472e-07
4.298,-0.008745487907812946,0.0,-0.009203884727313847,-0.008983071387817908,-0.05944974524890907,-3.0965983196040456,BALANCE,1,-4.501793574890472e-07
4.3,-0.008745487907812946,0.0,-0.009203884727313847,-0.00906035605664149,-0.038642334411790984,3.7584795471142716,BALANCE,1,-4.501793574890472e-07
4.3020000000000005,-0.008745487907812946,0.0,-0.007669903939428206,-0.008573697815616843,0.24332912051232367,3.9184896824704736,BALANCE,1,-4.501793574890472e-07
4.304,-0.008745487907812946,0.0,-0.007669903939428206,-0.008257369958950824,0.15816392833300966,6.201746076761746,BALANCE,1,-4.501793574890472e-07
4.306,-0.008745487907812946,0.0,-0.007669903939428206,-0.008051756852117911,0.10280655341645631,5.5377527367354045,BALANCE,1,-4.501793574890472e-07
4.308,-0.008745487907812946,0.0,-0.009203884727313847,-0.008455001608436492,-0.2016223781592906,5.10562017244253,BALANCE,1,-4.501793574890472e-07
4.3100000000000005,-0.008745487907812946,0.0,-0.006135923151542565,-0.0076433241485236204,0.40583872995643594,2.644303034135752,BALANCE,1,-4.501793574890472e-07
4.312,-0.008745487907812946,0.0,-0.009203884727313847,-0.008189520351100203,-0.2730981012882914,7.551163881826632,BALANCE,1,-4.501793574890472e-07
4.314,-0.008745487907812946,0.0,-0.009203884727313847,-0.008544547882774981,-0.17751376583738895,2.0852595556439986,BALANCE,1,-4.501793574890472e-07
4.316,-0.008745487907812946,0.0,-0.010737865515199488,-0.009312209054123562,-0.38383058567429024,2.826923677774176,BALANCE,1,-4.501793574890472e-07
4.3180000000000005,-0.008745487907812946,0.0,-0.010737865515199488,-0.009811188815500138,-0.24948988068828823,1.1284670069872265,BALANCE,1,-4.501793574890472e-07
4.32,-0.008745487907812946,0.0,-0.006135923151542565,-0.00852484583311499,0.6431714911925741,2.171291623429548,BALANCE,1,-4.501793574890472e-07
4.322,-0.008745487907812946,0.0,-0.007669903939428206,-0.008225616170324619,0.1496148313951855,9.388058208252932,BALANCE,1,-4.501793574890472e-07
4.324,-0.008745487907812946,0.0,-0.01227184630308513,-0.009641796716790801,-0.7080902732330913,5.455913586407181,BALANCE,1,-4.501793574890472e-07
4.3260000000000005,-0.008745487907812946,0.0,-0.009203884727313847,-0.00948852752047387,0.07663459815846536,-1.4926264427503622,BALANCE,1,-4.501793574890472e-07
4.328,-0.008745487907812946,0.0,-0.01227184630308513,-0.010462689094387814,-0.48708078695697177,4.792470974657012,BALANCE,1,-4.501793574890472e-07
4.33,-0.008745487907812946,0.0,-0.007669903939428206,-0.009485214290151955,0.4887374021179296,0.22220566147980048,BALANCE,1,-4.501793574890472e-07
4.332,-0.008745487907812946,0.0,-0.007669903939428206,-0.008849855667398645,0.3176793113766549,8.085502619475132,BALANCE,1,-4.501793574890472e-07
4.3340000000000005,-0.008745487907812946,0.0,-0.009203884727313847,-0.00897376583836897,-0.061955085485162174,6.7533894397766545,BALANCE,1,-4.501793574890472e-07
4.336,-0.008745487907812946,0.0,-0.01227184630308513,-0.010128094001019628,-0.577164081325329,3.7070849014562244,BALANCE,1,-4.501793574890472e-07
4.338,-0.008745487907812946,0.0,-0.007669903939428206,-0.009267727479462633,0.4301832607784975,-0.48587237382435333,BALANCE,1,-4.501793574890472e-07
4.34,-0.008745487907812946,0.0,-0.006135923151542565,-0.008171595964690612,0.5480657573860102,7.622674808803786,BALANCE,1,-4.501793574890472e-07
4.3420000000000005,-0.008745487907812946,0.0,-0.007669903939428206,-0.007996003755848774,0.08779610442091919,8.629868353357269,BALANCE,1,-4.501793574890472e-07
4.344,-0.008745487907812946,0.0,-0.009203884727313847,-0.008418762095861553,-0.21137917000638942,4.956647461415882,BALANCE,1,-4.501793574890472e-07
4.346,-0.008745487907812946,0.0,-0.010737865515199488,-0.009230448292629832,-0.40584309838413973,2.536196013177474,BALANCE,1,-4.501793574890472e-07
4.348,-0.008745487907812946,0.0,-0.010737865515199488,-0.009758044320529215,-0.2637980139496912,0.9299373246908487,BALANCE,1,-4.501793574890472e-07
4.3500000000000005,-0.008745487907812946,0.0,-0.007669903939428206,-0.009027195187143865,0.36542456669267503,2.0326906296283687,BALANCE,1,-4.501793574890472e-07
4.352,-0.008745487907812946,0.0,-0.009203884727313847,-0.009089036526203362,-0.030920669529748736,7.108516783732991,BALANCE,1,-4.501793574890472e-07
4.354,-0.008745487907812946,0.0,-0.010737865515199488,-0.00966612667235201,-0.2885450730743238,3.9322266063047904,BALANCE,1,-4.501793574890472e-07
4.356,-0.008745487907812946,0.0,-0.007669903939428206,-0.008967448715828682,0.34933897826166377,1.8346727438448007,BALANCE,1,-4.501793574890472e-07
4.358,-0.008745487907812946,0.0,-0.010737865515199488,-0.009587094595608468,-0.30982293988989285,6.977872342180936,BALANCE,1,-4.501793574890472e-07
4.36,-0.008745487907812946,0.0,-0.007669903939428206,-0.00891607786594538,0.3355083648315443,1.6654808252625735,BALANCE,1,-4.501793574890472e-07
4.362,-0.008745487907812946,0.0,-0.006135923151542565,-0.007943023715904397,0.48652707502049114,6.866609051240667,BALANCE,1,-4.501793574890472e-07
4.364,-0.008745487907812946,0.0,-0.009203884727313847,-0.008384325069897707,-0.2206506769966551,8.131553377011521,BALANCE,1,-4.501793574890472e-07
4.366,-0.008745487907812946,0.0,-0.007669903939428206,-0.008134277674233385,0.12502369783216113,2.445976414620772,BALANCE,1,-4.501793574890472e-07
4.368,-0.008745487907812946,0.0,-0.007669903939428206,-0.007971746867051575,0.08126540359090512,5.224747401456314,BALANCE,1,-4.501793574890472e-07
4.37,-0.008745487907812946,0.0,-0.007669903939428206,-0.0078661018423834,0.05282251233408759,4.8828385465837645,BALANCE,1,-4.501793574890472e-07
4.372,-0.008745487907812946,0.0,-0.007669903939428206,-0.007797432576349085,0.03433463301715737,4.660060897640838,BALANCE,1,-4.501793574890472e-07
4.374,-0.008745487907812946,0.0,-0.007669903939428206,-0.007752797553426781,0.022317511461152073,4.514718532552185,BALANCE,1,-4.501793574890472e-07
4.376,-0.008745487907812946,0.0,-0.007669903939428206,-0.0077237847885272826,0.014506382449749021,4.419709101968795,BALANCE,1,-4.501793574890472e-07
4.378,-0.008745487907812946,0.0,-0.010737865515199488,-0.008778713042862558,-0.5274641271676376,4.357416078813836,BALANCE,1,-4.501793574890472e-07
4.38,-0.008745487907812946,0.0,-0.010737865515199488,-0.009464416408180486,-0.342851682658964,-0.0433994359939458,BALANCE,1,-4.501793574890472e-07
4.382,-0.008745487907812946,0.0,-0.007669903939428206,-0.00883633704411719,0.3140396820316476,1.3904650348747314,BALANCE,1,-4.501793574890472e-07
4.384,-0.008745487907812946,0.0,-0.007669903939428206,-0.008428085457476048,0.20412579332057101,6.6815134468345985,BALANCE,1,-4.501793574890472e-07
4.386,-0.008745487907812946,0.0,-0.010737865515199488,-0.009236508477679255,-0.4042115101016031,5.825011815252958,BALANCE,1,-4.501793574890472e-07
4.388,-0.008745487907812946,0.0,-0.01227184630308513,-0.010298876716571315,-0.53118411944603,0.907960704967838,BALANCE,1,-4.501793574890472e-07
4.39,-0.008745487907812946,0.0,-0.009203884727313847,-0.009915629520331204,0.19162359812005536,-0.1736220394644148,BALANCE,1,-4.501793574890472e-07
4.392,-0.008745487907812946,0.0,-0.009203884727313847,-0.009666518842775132,0.12455533877803615,5.629851406934609,BALANCE,1,-4.501793574890472e-07
4.394,-0.008745487907812946,0.0,-0.01227184630308513,-0.010578383453883634,-0.4559323055542512,5.106318669083264,BALANCE,1,-4.501793574890472e-07
4.396,-0.008745487907812946,0.0,-0.006135923151542565,-0.009023522348064262,0.7774305529096859,0.40558996106767786,BALANCE,1,-4.501793574890472e-07
4.398,-0.008745487907812946,0.0,-0.009203884727313847,-0.00908664918080162,-0.031563416368679195,10.363979790658725,BALANCE,1,-4.501793574890472e-07
4.4,-0.008745487907812946,0.0,-0.007669903939428206,-0.008590788346320929,0.24793041724034595,3.886423096631402,BALANCE,1,-4.501793574890472e-07
4.402,-0.008745487907812946,0.0,-0.006135923151542565,-0.007731585528148504,0.4296014090862123,6.15040725790318,BALANCE,1,-4.501793574890472e-07
4.404,-0.008745487907812946,0.0,-0.009203884727313847,-0.008246890247856378,-0.2576523598539367,7.653781044654828,BALANCE,1,-4.501793574890472e-07
4.406,-0.008745487907812946,0.0,-0.007669903939428206,-0.00804494503990652,0.10097260397492862,2.1231832319015913,BALANCE,1,-4.501793574890472e-07
4.408,-0.008745487907812946,0.0,-0.009203884727313847,-0.008450573930499087,-0.20281444529628329,5.002690666001524,BALANCE,1,-4.501793574890472e-07
4.41,-0.008745487907812946,0.0,-0.007669903939428206,-0.008177339433624281,0.13661724843740292,2.5463664236101744,BALANCE,1,-4.501793574890472e-07
4.412,-0.008745487907812946,0.0,-0.009203884727313847,-0.008536630286415632,-0.17964542639567568,5.276578575405428,BALANCE,1,-4.501793574890472e-07
4.414,-0.008745487907812946,0.0,-0.009203884727313847,-0.00877016934073001,-0.11676952715718864,2.7232123995160338,BALANCE,1,-4.501793574890472e-07
4.416,-0.008745487907812946,0.0,-0.009203884727313847,-0.008921969726034356,-0.07590019265217313,3.210453216296922,BALANCE,1,-4.501793574890472e-07
4.418,-0.008745487907812946,0.0,-0.007669903939428206,-0.008483746700722206,0.21911151265607484,3.5265154752735786,BALANCE,1,-4.501793574890472e-07
4.42,-0.008745487907812946,0.0,-0.006135923151542565,-0.007662008458509334,0.410869121106436,5.911205749918147,BALANCE,1,-4.501793574890472e-07
4.422,-0.008745487907812946,0.0,-0.009203884727313847,-0.008201665152590916,-0.2698283470407908,7.493038510362106,BALANCE,1,-4.501793574890472e-07
4.424,-0.008745487907812946,0.0,-0.006135923151542565,-0.007478655452223996,0.36150485018346,2.013439030508879,BALANCE,1,-4.501793574890472e-07
4.426,-0.008745487907812946,0.0,-0.010737865515199488,-0.00861937897426542,-0.5703617610207122,7.105989459234455,BALANCE,1,-4.501793574890472e-07
4.428,-0.008745487907812946,0.0,-0.007669903939428206,-0.008287062712072399,0.16615813109651084,-0.4191107175162623,BALANCE,1,-4.501793574890472e-07
4.43,-0.008745487907812946,0.0,-0.007669903939428206,-0.008071057141646935,0.1080027852127319,5.49132998261069,BALANCE,1,-4.501793574890472e-07
4.432,-0.008745487907812946,0.0,-0.009203884727313847,-0.008467546796630357,-0.19824482749171077,5.037433338337657,BALANCE,1,-4.501793574890472e-07
4.434,-0.008745487907812946,0.0,-0.009203884727313847,-0.008725265072369582,-0.1288591378696127,2.5619695480437836,BALANCE,1,-4.501793574890472e-07
4.436,-0.008745487907812946,0.0,-0.010737865515199488,-0.009429675227360053,-0.35220507749523544,3.0998469154617414,BALANCE,1,-4.501793574890472e-07
4.438,-0.008745487907812946,0.0,-0.009203884727313847,-0.009350648552343884,0.03951333750808455,1.2689288541118593,BALANCE,1,-4.501793574890472e-07
4.44,-0.008745487907812946,0.0,-0.006135923151542565,-0.008225494662063425,0.5625769451402295,4.405547644928921,BALANCE,1,-4.501793574890472e-07
4.442,-0.008745487907812946,0.0,-0.010737865515199488,-0.00910482446066105,-0.4396648992988127,8.655920640470494,BALANCE,1,-4.501793574890472e-07
4.444,-0.008745487907812946,0.0,-0.009203884727313847,-0.009139495553989532,-0.01733554666424105,0.5834051321501681,BALANCE,1,-4.501793574890472e-07
4.446,-0.008745487907812946,0.0,-0.007669903939428206,-0.008625138488893071,0.2571785325482306,3.9581317885162344,BALANCE,1,-4.501793574890472e-07
4.448,-0.008745487907812946,0.0,-0.007669903939428206,-0.00829080639658037,0.16716604615635028,6.183380818424016,BALANCE,1,-4.501793574890472e-07
4.45,-0.008745487907812946,0.0,-0.009203884727313847,-0.008610383812337091,-0.15978870787836022,5.4816826915484205,BALANCE,1,-4.501793574890472e-07
4.452,-0.008745487907812946,0.0,-0.007669903939428206,-0.008281215856818984,0.16458397775905367,2.845147937562865,BALANCE,1,-4.501793574890472e-07
4.454,-0.008745487907812946,0.0,-0.009203884727313847,-0.008604149961492188,-0.16146705233660227,5.4582232568219,BALANCE,1,-4.501793574890472e-07
4.456,-0.008745487907812946,0.0,-0.009203884727313847,-0.008814057129529772,-0.10495358401879216,2.8287181397839607,BALANCE,1,-4.501793574890472e-07
4.458,-0.008745487907812946,0.0,-0.007669903939428206,-0.008413603512994227,0.20022680826777256,3.266468644818281,BALANCE,1,-4.501793574890472e-07
4.46,-0.008745487907812946,0.0,-0.009203884727313847,-0.008690201938006098,-0.1382992125059353,5.730256279400332,BALANCE,1,-4.501793574890472e-07
4.462,-0.008745487907812946,0.0,-0.009203884727313847,-0.008869990914263813,-0.08989448812885772,3.0037141673223555,BALANCE,1,-4.501793574890472e-07
4.464,-0.008745487907812946,0.0,-0.007669903939428206,-0.008449960473071354,0.21001522059622968,3.3783906255806606,BALANCE,1,-4.501793574890472e-07
4.466,-0.008745487907812946,0.0,-0.009203884727313847,-0.00871383396205623,-0.13193674449243822,5.8011801297582934,BALANCE,1,-4.501793574890472e-07
4.468,-0.008745487907812946,0.0,-0.007669903939428206,-0.008348458454136424,0.18268775395990314,3.047989232917446,BALANCE,1,-4.501793574890472e-07
4.47,-0.008745487907812946,0.0,-0.007669903939428206,-0.00811096437398855,0.118747040073937,5.585238059320538,BALANCE,1,-4.501793574890472e-07
4.472,-0.008745487907812946,0.0,-0.009203884727313847,-0.008493486497652407,-0.19126106183192831,5.086339800166884,BALANCE,1,-4.501793574890472e-07
4.474,-0.008745487907812946,0.0,-0.009203884727313847,-0.008742125878033915,-0.12431969019075384,2.5816249602005996,BALANCE,1,-4.501793574890472e-07
4.476,-0.008745487907812946,0.0,-0.007669903939428206,-0.00836684819952192,0.18763883925599756,3.100489145331498,BALANCE,1,-4.501793574890472e-07
4.478,-0.008745487907812946,0.0,-0.007669903939428206,-0.008122917708489124,0.12196524551639792,5.617000671976325,BALANCE,1,-4.501793574890472e-07
4.48,-0.008745487907812946,0.0,-0.01227184630308513,-0.009575042716597728,-0.7260625040543022,5.104623167979797,BALANCE,1,-4.501793574890472e-07
4.482,-0.008745487907812946,0.0,-0.007669903939428206,-0.008908244144588398,0.3333992860046651,-1.7686413376156391,BALANCE,1,-4.501793574890472e-07
4.484,-0.008745487907812946,0.0,-0.006135923151542565,-0.00793793179702236,0.48515617378301884,6.7452792483477415,BALANCE,1,-4.501793574890472e-07
4.486,-0.008745487907812946,0.0,-0.007669903939428206,-0.007844122046864408,0.04690487507897582,8.01596550506913,BALANCE,1,-4.501793574890472e-07
4.488,-0.008745487907812946,0.0,-0.010737865515199488,-0.00885693226078169,-0.5064051069586404,4.51401487603689,BALANCE,1,-4.501793574890472e-07
4.49,-0.008745487907812946,0.0,-0.009203884727313847,-0.008978365624067947,-0.060716681643128816,0.02499502044876678,BALANCE,1,-4.501793574890472e-07
4.492,-0.008745487907812946,0.0,-0.009203884727313847,-0.009057297310204014,-0.0394658430680336,3.5814207480508697,BALANCE,1,-4.501793574890472e-07
4.494,-0.008745487907812946,0.0,-0.010737865515199488,-0.009645496181952432,-0.29409943587420906,3.7448800960214266,BALANCE,1,-4.501793574890472e-07
4.496,-0.008745487907812946,0.0,-0.009203884727313847,-0.00949093217282893,0.07728200456175084,1.6705903220307272,BALANCE,1,-4.501793574890472e-07
4.498,-0.008745487907812946,0.0,-0.010737865515199488,-0.00992735884265863,-0.2182133349148494,4.649017499631251,BALANCE,1,-4.501793574890472e-07
4.5,-0.008745487907812946,0.0,-0.01227184630308513,-0.010747929453807908,-0.41028530557463916,2.2568837118601346,BALANCE,1,-4.501793574890472e-07
4.502,-0.008745487907812946,0.0,-0.007669903939428206,-0.009670620523775014,0.5386544650164468,0.6689241240220989,BALANCE,1,-4.501793574890472e-07
4.5040000000000004,-0.008745487907812946,0.0,-0.007669903939428206,-0.008970369719253635,0.3501254022606898,8.323146700448005,BALANCE,1,-4.501793574890472e-07
4.506,-0.008745487907812946,0.0,-0.007669903939428206,-0.008515206696314738,0.22758151146944852,6.855135172729381,BALANCE,1,-4.501793574890472e-07
4.508,-0.008745487907812946,0.0,-0.009203884727313847,-0.008756244007164429,-0.12051865542484548,5.900390786436522,BALANCE,1,-4.501793574890472e-07
4.51,-0.008745487907812946,0.0,-0.009203884727313847,-0.008912918259216729,-0.07833712602614995,3.099375963829756,BALANCE,1,-4.501793574890472e-07
4.5120000000000005,-0.008745487907812946,0.0,-0.006135923151542565,-0.007940969971530775,0.4859741438429767,3.42564516024434,BALANCE,1,-4.501793574890472e-07
4.514,-0.008745487907812946,0.0,-0.010737865515199488,-0.008919883411814827,-0.48945672014202596,7.996864022464203,BALANCE,1,-4.501793574890472e-07
4.516,-0.008745487907812946,0.0,-0.009203884727313847,-0.009019283872239487,-0.049700230212329846,0.13289832748477615,BALANCE,1,-4.501793574890472e-07
4.518,-0.008745487907812946,0.0,-0.009203884727313847,-0.009083894171515516,-0.03230514963801449,3.643182362522417,BALANCE,1,-4.501793574890472e-07
4.5200000000000005,-0.008745487907812946,0.0,-0.007669903939428206,-0.00858899759028496,0.24744829061527743,3.776649610326075,BALANCE,1,-4.501793574890472e-07
4.522,-0.008745487907812946,0.0,-0.007669903939428206,-0.0082673148124851,0.1608413888999306,6.042653127708187,BALANCE,1,-4.501793574890472e-07
4.524,-0.008745487907812946,0.0,-0.010737865515199488,-0.00913200755843514,-0.4323463729750199,5.367445417690908,BALANCE,1,-4.501793574890472e-07
4.526,-0.008745487907812946,0.0,-0.007669903939428206,-0.008620271291782715,0.2558681333262123,0.5682353564226137,BALANCE,1,-4.501793574890472e-07
4.5280000000000005,-0.008745487907812946,0.0,-0.01227184630308513,-0.009898322545738563,-0.6390256269779241,6.102931528573261,BALANCE,1,-4.501793574890472e-07
4.53,-0.008745487907812946,0.0,-0.009203884727313847,-0.009655269309289916,0.12152661822432356,-1.1348812936063295,BALANCE,1,-4.501793574890472e-07
4.532,-0.008745487907812946,0.0,-0.007669903939428206,-0.008960391429838321,0.3474389397257974,4.9621888083367125,BALANCE,1,-4.501793574890472e-07
4.534,-0.008745487907812946,0.0,-0.007669903939428206,-0.008508720808194785,0.22583531082176825,6.809387974829631,BALANCE,1,-4.501793574890472e-07
4.5360000000000005,-0.008745487907812946,0.0,-0.009203884727313847,-0.00875202817988646,-0.1216536858458378,5.861957436734372,BALANCE,1,-4.501793574890472e-07
4.538,-0.008745487907812946,0.0,-0.009203884727313847,-0.008910177971486048,-0.07907489579979388,3.065696615456045,BALANCE,1,-4.501793574890472e-07
4.54,-0.008745487907812946,0.0,-0.007669903939428206,-0.008476082060265806,0.21704795561012113,3.3950559127341244,BALANCE,1,-4.501793574890472e-07
4.542,-0.008745487907812946,0.0,-0.010737865515199488,-0.009267706269492597,-0.3958121046133958,5.788389262274606,BALANCE,1,-4.501793574890472e-07
4.5440000000000005,-0.008745487907812946,0.0,-0.007669903939428206,-0.008708475453970063,0.27961540776126703,0.8361577866789647,BALANCE,1,-4.501793574890472e-07
4.546,-0.008745487907812946,0.0,-0.009203884727313847,-0.00888186869964039,-0.08669662283516347,6.271390039516826,BALANCE,1,-4.501793574890472e-07
4.548,-0.008745487907812946,0.0,-0.010737865515199488,-0.009531467585086077,-0.3247994427228434,3.3287138262652336,BALANCE,1,-4.501793574890472e-07
4.55,-0.008745487907812946,0.0,-0.009203884727313847,-0.0094168135848658,0.05732700011013871,1.3830090405200357,BALANCE,1,-4.501793574890472e-07
4.5520000000000005,-0.008745487907812946,0.0,-0.009203884727313847,-0.009342288484722619,0.03726255007159042,4.4450164604801365,BALANCE,1,-4.501793574890472e-07
4.554,-0.008745487907812946,0.0,-0.009203884727313847,-0.009293847169629551,0.02422065754653386,4.287103908483397,BALANCE,1,-4.501793574890472e-07
4.556,-0.008745487907812946,0.0,-0.010737865515199488,-0.009799253590579033,-0.25270321047474087,4.183816477754602,BALANCE,1,-4.501793574890472e-07
4.558,-0.008745487907812946,0.0,-0.007669903939428206,-0.009053981212676247,0.37263618895139267,1.9361412976093195,BALANCE,1,-4.501793574890472e-07
4.5600000000000005,-0.008745487907812946,0.0,-0.007669903939428206,-0.008569554167039436,0.24221352281840555,6.98176203945002,BALANCE,1,-4.501793574890472e-07
4.562,-0.008745487907812946,0.0,-0.009203884727313847,-0.008791569863135482,-0.11100784804802306,5.965732422290923,BALANCE,1,-4.501793574890472e-07
4.564,-0.008745487907812946,0.0,-0.006135923151542565,-0.007862093514077965,0.46473817452875876,3.124882199621105,BALANCE,1,-4.501793574890472e-07
4.566,-0.008745487907812946,0.0,-0.007669903939428206,-0.007794827162950552,0.03363317556370629,7.785046542475994,BALANCE,1,-4.501793574890472e-07
4.5680000000000005,-0.008745487907812946,0.0,-0.009203884727313847,-0.008287997310477708,-0.24658507376357783,4.338683566390629,BALANCE,1,-4.501793574890472e-07
4.57,-0.008745487907812946,0.0,-0.009203884727313847,-0.00860855790637036,-0.1602802979463261,2.0656897634586313,BALANCE,1,-4.501793574890472e-07
4.572,-0.008745487907812946,0.0,-0.007669903939428206,-0.008280029017940609,0.1642644442148757,2.7351726226618123,BALANCE,1,-4.501793574890472e-07
4.574,-0.008745487907812946,0.0,-0.009203884727313847,-0.008603378516221245,-0.161674749140318,5.349586287453624,BALANCE,1,-4.501793574890472e-07
4.5760000000000005,-0.008745487907812946,0.0,-0.009203884727313847,-0.008813555690103659,-0.10508858694120715,2.7209510950119915,BALANCE,1,-4.501793574890472e-07
4.578,-0.008745487907812946,0.0,-0.007669903939428206,-0.008413277577367253,0.20013905636820287,3.159267051033913,BALANCE,1,-4.501793574890472e-07
4.58,-0.008745487907812946,0.0,-0.009203884727313847,-0.008689990079848563,-0.1383562512406551,5.623422228757905,BALANCE,1,-4.501793574890472e-07
4.582,-0.008745487907812946,0.0,-0.006135923151542565,-0.007796066654941467,0.44696171245354804,2.8971190197221923,BALANCE,1,-4.501793574890472e-07
4.5840000000000005,-0.008745487907812946,0.0,-0.010737865515199488,-0.008825696256031778,-0.5148148005451555,7.631738921439254,BALANCE,1,-4.501793574890472e-07
4.586,-0.008745487907812946,0.0,-0.010737865515199488,-0.00949495549674048,-0.3346296203543507,-0.12601609786699974,BALANCE,1,-4.501793574890472e-07
4.588,-0.008745487907812946,0.0,-0.009203884727313847,-0.009393080727441161,0.05093738464965938,1.27341079811757,BALANCE,1,-4.501793574890472e-07
4.59,-0.008745487907812946,0.0,-0.007669903939428206,-0.00878996885163663,0.30155593790226565,4.3621807081621204,BALANCE,1,-4.501793574890472e-07
4.5920000000000005,-0.008745487907812946,0.0,-0.007669903939428206,-0.008397946132363684,0.1960113596364728,6.401557852960916,BALANCE,1,-4.501793574890472e-07
4.594,-0.008745487907812946,0.0,-0.007669903939428206,-0.00814313136483627,0.12740738376370697,5.579043000764477,BALANCE,1,-4.501793574890472e-07
4.596,-0.008745487907812946,0.0,-0.006135923151542565,-0.007440608490183477,0.3512614373263967,5.043871453561028,BALANCE,1,-4.501793574890472e-07
4.598,-0.008745487907812946,0.0,-0.007669903939428206,-0.007520861897419135,-0.040126703617829065,6.875367132843676,BALANCE,1,-4.501793574890472e-07
4.6000000000000005,-0.008745487907812946,0.0,-0.007669903939428206,-0.007573026612122313,-0.026082357351589047,3.7379426284762474,BALANCE,1,-4.501793574890472e-07
4.602,-0.008745487907812946,0.0,-0.009203884727313847,-0.008143826952439353,-0.28540017015852,3.845652910401552,BALANCE,1,-4.501793574890472e-07
4.604,-0.008745487907812946,0.0,-0.007669903939428206,-0.007977953897885455,0.08293652727694913,1.7352336221365943,BALANCE,1,-4.501793574890472e-07
4.606,-0.008745487907812946,0.0,-0.007669903939428206,-0.00787013641242542,0.05390874273001733,4.6902839941140035,BALANCE,1,-4.501793574890472e-07
4.6080000000000005,-0.008745487907812946,0.0,-0.007669903939428206,-0.007800055046876398,0.03504068277451104,4.4629567395836665,BALANCE,1,-4.501793574890472e-07
4.61,-0.008745487907812946,0.0,-0.007669903939428206,-0.007754502159269534,0.022776443803431898,4.314657130863182,BALANCE,1,-4.501793574890472e-07
4.612,-0.008745487907812946,0.0,-0.009203884727313847,-0.008261786058085047,-0.2536419494077566,4.217725491919106,BALANCE,1,-4.501793574890472e-07
4.614,-0.008745487907812946,0.0,-0.007669903939428206,-0.008054627316555155,0.103579370764946,1.974288955089051,BALANCE,1,-4.501793574890472e-07
4.616,-0.008745487907812946,0.0,-0.007669903939428206,-0.007919974134560727,0.0673265909972142,4.842878115499153,BALANCE,1,-4.501793574890472e-07
4.618,-0.008745487907812946,0.0,-0.007669903939428206,-0.007832449566264348,0.043762284148189494,4.559351073450053,BALANCE,1,-4.501793574890472e-07
4.62,-0.008745487907812946,0.0,-0.009203884727313847,-0.008312451872631675,-0.24000115318366377,4.374521602842385,BALANCE,1,-4.501793574890472e-07
4.622,-0.008745487907812946,0.0,-0.009203884727313847,-0.008624453371770438,-0.1560007495693813,2.0739514754309925,BALANCE,1,-4.501793574890472e-07
4.624,-0.008745487907812946,0.0,-0.006135923151542565,-0.007753467794690686,0.43549278853987616,2.7255097237225723,BALANCE,1,-4.501793574890472e-07
4.626,-0.008745487907812946,0.0,-0.007669903939428206,-0.007724220445348821,0.014623674670932469,7.508166469662479,BALANCE,1,-4.501793574890472e-07
4.628,-0.008745487907812946,0.0,-0.009203884727313847,-0.008242102944036583,-0.25894124934388096,4.141423555582372,BALANCE,1,-4.501793574890472e-07
4.63,-0.008745487907812946,0.0,-0.009203884727313847,-0.008578726568183629,-0.168311812073523,1.9201827929537907,BALANCE,1,-4.501793574890472e-07
4.632,-0.008745487907812946,0.0,-0.007669903939428206,-0.008260638648119234,0.15904396003219717,2.623305128354195,BALANCE,1,-4.501793574890472e-07
4.634,-0.008745487907812946,0.0,-0.009203884727313847,-0.008590774775837352,-0.16506806385905864,5.259584452674196,BALANCE,1,-4.501793574890472e-07
4.636,-0.008745487907812946,0.0,-0.009203884727313847,-0.008805363258854127,-0.1072942415083879,2.645161938925895,BALANCE,1,-4.501793574890472e-07
4.638,-0.008745487907812946,0.0,-0.009203884727313847,-0.008944845772815032,-0.06974125698045244,3.092716136098484,BALANCE,1,-4.501793574890472e-07
4.64,-0.008745487907812946,0.0,-0.010737865515199488,-0.009572402682649596,-0.31377845491728157,3.3829820923297502,BALANCE,1,-4.501793574890472e-07
4.642,-0.008745487907812946,0.0,-0.007669903939428206,-0.008906528122522113,0.33293728006374146,1.3911166137085131,BALANCE,1,-4.501793574890472e-07
4.644,-0.008745487907812946,0.0,-0.009203884727313847,-0.009010602934199223,-0.05203740583855504,6.603013661539842,BALANCE,1,-4.501793574890472e-07
4.646,-0.008745487907812946,0.0,-0.007669903939428206,-0.00854135828602937,0.23462232408492673,3.515169565034004,BALANCE,1,-4.501793574890472e-07
4.648,-0.008745487907812946,0.0,-0.0046019423636569235,-0.007162562713199016,0.6893977864151765,5.834893811654843,BALANCE,1,-4.501793574890472e-07
4.65,-0.008745487907812946,0.0,-0.009203884727313847,-0.00787702541813921,-0.3572313524700969,9.554392732124022,BALANCE,1,-4.501793574890472e-07
4.652,-0.008745487907812946,0.0,-0.007669903939428206,-0.007804532900590361,0.03624625877442439,1.136916453661795,BALANCE,1,-4.501793574890472e-07
4.654,-0.008745487907812946,0.0,-0.006135923151542565,-0.007220519488423636,0.2920067060833628,4.287525988090779,BALANCE,1,-4.501793574890472e-07
4.656,-0.008745487907812946,0.0,-0.009203884727313847,-0.007914697322035213,-0.34708891680578857,6.367206267394605,BALANCE,1,-4.501793574890472e-07
4.658,-0.008745487907812946,0.0,-0.010737865515199488,-0.008902806189642712,-0.4940544338037497,1.2112076748002925,BALANCE,1,-4.501793574890472e-07
4.66,-0.008745487907812946,0.0,-0.010737865515199488,-0.009545076953587587,-0.32113538197243735,-0.025583554477775827,BALANCE,1,-4.501793574890472e-07
4.662,-0.008745487907812946,0.0,-0.009203884727313847,-0.009425659674391781,0.05970863959790275,1.317323598945313,BALANCE,1,-4.501793574890472e-07
4.664,-0.008745487907812946,0.0,-0.007669903939428206,-0.008811145167154533,0.3072572536186244,4.369355676324903,BALANCE,1,-4.501793574890472e-07
4.666,-0.008745487907812946,0.0,-0.007669903939428206,-0.00841171073745032,0.19971721485210603,6.384853229891481,BALANCE,1,-4.501793574890472e-07
4.668,-0.008745487907812946,0.0,-0.010737865515199488,-0.009225864909662533,-0.4070770861061062,5.546816643394096,BALANCE,1,-4.501793574890472e-07
4.67,-0.008745487907812946,0.0,-0.009203884727313847,-0.009218171845840496,0.0038465319110187607,0.6417678124137334,BALANCE,1,-4.501793574890472e-07
4.672,-0.008745487907812946,0.0,-0.009203884727313847,-0.009213171354356172,0.0025002457421617608,3.9277747060108865,BALANCE,1,-4.501793574890472e-07
4.674,-0.008745487907812946,0.0,-0.009203884727313847,-0.009209921034891362,0.0016251597324051445,3.9154618118782194,BALANCE,1,-4.501793574890472e-07
4.676,-0.008745487907812946,0.0,-0.010737865515199488,-0.00974470160299921,-0.2673902840539238,3.906814158761076,BALANCE,1,-4.501793574890472e-07
4.678,-0.008745487907812946,0.0,-0.010737865515199488,-0.01009230897226931,-0.1738036846350502,1.7206548340633745,BALANCE,1,-4.501793574890472e-07
4.68,-0.008745487907812946,0.0,-0.006135923151542565,-0.008707573935014952,0.6923675186271787,2.4464727254637033,BALANCE,1,-4.501793574890472e-07
4.682,-0.008745487907812946,0.0,-0.006135923151542565,-0.00780749616079962,0.4500388871076662,9.457184939009792,BALANCE,1,-4.501793574890472e-07
4.684,-0.008745487907812946,0.0,-0.007669903939428206,-0.007759338883319628,0.024078638739996085,7.570999054074454,BALANCE,1,-4.501793574890472e-07
4.686,-0.008745487907812946,0.0,-0.010737865515199488,-0.008801823204477581,-0.5212421605789767,4.164654636005228,BALANCE,1,-4.501793574890472e-07
4.688,-0.008745487907812946,0.0,-0.009203884727313847,-0.008942544737470278,-0.07036076649634837,-0.26222118245692627,BALANCE,1,-4.501793574890472e-07
4.69,-0.008745487907812946,0.0,-0.009203884727313847,-0.00903401373391553,-0.04573449822262588,3.3345981692770437,BALANCE,1,-4.501793574890472e-07
4.692,-0.008745487907812946,0.0,-0.007669903939428206,-0.00855657530584497,0.23871921403528004,3.5243133729333254,BALANCE,1,-4.501793574890472e-07
4.694,-0.008745487907812946,0.0,-0.009203884727313847,-0.00878313360335908,-0.11327914875705526,5.826878061619638,BALANCE,1,-4.501793574890472e-07
4.696,-0.008745487907812946,0.0,-0.010737865515199488,-0.009467289772503227,-0.3420780845720733,2.995541034709437,BALANCE,1,-4.501793574890472e-07
4.698,-0.008745487907812946,0.0,-0.009203884727313847,-0.009375098006686946,0.046095882908140165,1.122206720086143,BALANCE,1,-4.501793574890472e-07
4.7,-0.008745487907812946,0.0,-0.009203884727313847,-0.009315173358906364,0.02996232389029102,4.23125494627549,BALANCE,1,-4.501793574890472e-07
4.702,-0.008745487907812946,0.0,-0.01380582709097077,-0.01088690216512891,-0.7858644031112725,4.10391891832775,BALANCE,1,-4.501793574890472e-07
4.704,-0.008745487907812946,0.0,-0.007669903939428206,-0.009760952786133667,0.5629746894976213,-2.5191760064911364,BALANCE,1,-4.501793574890472e-07
4.706,-0.008745487907812946,0.0,-0.009203884727313847,-0.009565978965546732,0.09748691029346726,8.337141506562503,BALANCE,1,-4.501793574890472e-07
4.708,-0.008745487907812946,0.0,-0.009203884727313847,-0.009439245982165225,0.06336649169075367,4.623024506371376,BALANCE,1,-4.501793574890472e-07
4.71,-0.008745487907812946,0.0,-0.009203884727313847,-0.009356869542967246,0.04118821959898933,4.355777287356125,BALANCE,1,-4.501793574890472e-07
4.712,-0.008745487907812946,0.0,-0.007669903939428206,-0.008766431581728585,0.2952189806193304,4.181422323065295,BALANCE,1,-4.501793574890472e-07
4.714,-0.008745487907812946,0.0,-0.009203884727313847,-0.00891954018268343,-0.07655430047742197,6.247341402585998,BALANCE,1,-4.501793574890472e-07
4.716,-0.008745487907812946,0.0,-0.0046019423636569235,-0.007408380946024156,0.7555796183296367,3.262184729718152,BALANCE,1,-4.501793574890472e-07
4.718,-0.008745487907812946,0.0,-0.007669903939428206,-0.007499913993715576,-0.04576652384571033,10.008443958184973,BALANCE,1,-4.501793574890472e-07
4.72,-0.008745487907812946,0.0,-0.007669903939428206,-0.007559410474715,-0.02974824049971174,3.5906828551219685,BALANCE,1,-4.501793574890472e-07
4.722,-0.008745487907812946,0.0,-0.007669903939428206,-0.007598083187364625,-0.019336356324812544,3.713747450935049,BALANCE,1,-4.501793574890472e-07
4.724,-0.008745487907812946,0.0,-0.010737865515199488,-0.00869700700210683,-0.5494619073711025,3.7932025449377917,BALANCE,1,-4.501793574890472e-07
4.726,-0.008745487907812946,0.0,-0.007669903939428206,-0.008337520930169314,0.17974303596875793,-0.5154766937174813,BALANCE,1,-4.501793574890472e-07
4.728,-0.008745487907812946,0.0,-0.010737865515199488,-0.009177641534929878,-0.42006030238028214,5.338064513131619,BALANCE,1,-4.501793574890472e-07
4.73,-0.008745487907812946,0.0,-0.010737865515199488,-0.009723719928024245,-0.2730391965471831,0.48739504174667925,BALANCE,1,-4.501793574890472e-07
4.732,-0.008745487907812946,0.0,-0.009203884727313847,-0.009541777607775609,0.0909711601243179,1.6288544408402048,BALANCE,1,-4.501793574890472e-07
4.734,-0.008745487907812946,0.0,-0.01227184630308513,-0.010497301651133944,-0.47776202167916765,4.549945477905577,BALANCE,1,-4.501793574890472e-07
4.736,-0.008745487907812946,0.0,-0.009203884727313847,-0.010044605727796913,0.22634796166851565,-0.05935087945403428,BALANCE,1,-4.501793574890472e-07
4.738,-0.008745487907812946,0.0,-0.006135923151542565,-0.008676566826107894,0.6840194508445094,5.598681821582094,BALANCE,1,-4.501793574890472e-07
4.74,-0.008745487907812946,0.0,-0.007669903939428206,-0.008324234815770007,0.17616600516894357,9.340400755726163,BALANCE,1,-4.501793574890472e-07
4.742,-0.008745487907812946,0.0,-0.007669903939428206,-0.00809521900905038,0.11450790335981384,5.2970482639787555,BALANCE,1,-4.501793574890472e-07
4.744,-0.008745487907812946,0.0,-0.006135923151542565,-0.007409465458922647,0.34287677506386616,4.815905354107085,BALANCE,1,-4.501793574890472e-07
4.746,-0.008745487907812946,0.0,-0.009203884727313847,-0.00803751220285957,-0.3140233719684613,6.682519647655384,BALANCE,1,-4.501793574890472e-07
4.748,-0.008745487907812946,0.0,-0.006135923151542565,-0.007371956034898621,0.3327780839804742,1.388028164319977,BALANCE,1,-4.501793574890472e-07
4.75,-0.008745487907812946,0.0,-0.007669903939428206,-0.007476237801483979,-0.05214088329267901,6.6008987907821375,BALANCE,1,-4.501793574890472e-07
4.752,-0.008745487907812946,0.0,-0.009203884727313847,-0.008080914225524436,-0.30233821202022826,3.513794899041494,BALANCE,1,-4.501793574890472e-07
4.7540000000000004,-0.008745487907812946,0.0,-0.006135923151542565,-0.0074001673496307836,0.34037343794682606,1.474319500933567,BALANCE,1,-4.501793574890472e-07
4.756,-0.008745487907812946,0.0,-0.007669903939428206,-0.0074945751560598845,-0.04720390321455046,6.655377479753694,BALANCE,1,-4.501793574890472e-07
4.758,-0.008745487907812946,0.0,-0.009203884727313847,-0.008092833505998775,-0.29912917496944513,3.5475953670457248,BALANCE,1,-4.501793574890472e-07
4.76,-0.008745487907812946,0.0,-0.009203884727313847,-0.008481701433459053,-0.19443396373013902,1.4946791253090348,BALANCE,1,-4.501793574890472e-07
4.7620000000000005,-0.008745487907812946,0.0,-0.009203884727313847,-0.008734465586308233,-0.12638207642459015,2.307212399289175,BALANCE,1,-4.501793574890472e-07
4.764,-0.008745487907812946,0.0,-0.009203884727313847,-0.008898762285660201,-0.08214834967598411,2.8347147554453533,BALANCE,1,-4.501793574890472e-07
4.766,-0.008745487907812946,0.0,-0.006135923151542565,-0.007931768588719032,0.4834968484705845,3.1769470150159513,BALANCE,1,-4.501793574890472e-07
4.768,-0.008745487907812946,0.0,-0.010737865515199488,-0.008913902512987196,-0.4910669621340817,7.758541868287226,BALANCE,1,-4.501793574890472e-07
4.7700000000000005,-0.008745487907812946,0.0,-0.009203884727313847,-0.009015396288001527,-0.0507468875071658,-0.0986794325087903,BALANCE,1,-4.501793574890472e-07
4.772,-0.008745487907812946,0.0,-0.007669903939428206,-0.008544473966000868,0.23546116100032957,3.4159884587480773,BALANCE,1,-4.501793574890472e-07
4.774,-0.008745487907812946,0.0,-0.006135923151542565,-0.007701481180940465,0.42149639253020144,5.732199291334879,BALANCE,1,-4.501793574890472e-07
4.776,-0.008745487907812946,0.0,-0.009203884727313847,-0.008227322422171153,-0.26292062061534366,7.26952041444129,BALANCE,1,-4.501793574890472e-07
4.7780000000000005,-0.008745487907812946,0.0,-0.0046019423636569235,-0.006958439401691175,0.6344415102399886,1.7609883703186537,BALANCE,1,-4.501793574890472e-07
4.78,-0.008745487907812946,0.0,-0.01227184630308513,-0.008818131817179062,-0.9298462077439433,9.014626710509773,BALANCE,1,-4.501793574890472e-07
4.782,-0.008745487907812946,0.0,-0.009203884727313847,-0.00895314533572624,-0.06750675927358861,-3.6130202046543918,BALANCE,1,-4.501793574890472e-07
4.784,-0.008745487907812946,0.0,-0.009203884727313847,-0.009040904122781905,-0.043879393527832856,3.2758039429284698,BALANCE,1,-4.501793574890472e-07
4.7860000000000005,-0.008745487907812946,0.0,-0.007669903939428206,-0.008561054058608113,0.23992503208689583,3.45774916084662,BALANCE,1,-4.501793574890472e-07
4.788,-0.008745487907812946,0.0,-0.009203884727313847,-0.008786044792655124,-0.11249536702350511,5.7552633588031545,BALANCE,1,-4.501793574890472e-07
4.79,-0.008745487907812946,0.0,-0.009203884727313847,-0.00893228876978568,-0.07312198856527802,2.9206435129185957,BALANCE,1,-4.501793574890472e-07
4.792,-0.008745487907812946,0.0,-0.009203884727313847,-0.00902734735492054,-0.0475292925674305,3.2250694442026218,BALANCE,1,-4.501793574890472e-07
4.7940000000000005,-0.008745487907812946,0.0,-0.007669903939428206,-0.008552242159498227,0.23755259771115686,3.4223020276063263,BALANCE,1,-4.501793574890472e-07
4.796,-0.008745487907812946,0.0,-0.007669903939428206,-0.008243423782473723,0.15440918851225213,5.729753013128464,BALANCE,1,-4.501793574890472e-07
4.798,-0.008745487907812946,0.0,-0.01227184630308513,-0.009653371664687719,-0.7049739411069981,5.081486157402202,BALANCE,1,-4.501793574890472e-07
4.8,-0.008745487907812946,0.0,-0.006135923151542565,-0.008422264685086918,0.6155534898004004,-1.8801064268175773,BALANCE,1,-4.501793574890472e-07
4.8020000000000005,-0.008745487907812946,0.0,-0.007669903939428206,-0.008158938424106373,0.13166313049027284,8.75629498628064,BALANCE,1,-4.501793574890472e-07
4.804,-0.008745487907812946,0.0,-0.009203884727313847,-0.00852466963022899,-0.18286560306130917,4.899339899773632,BALANCE,1,-4.501793574890472e-07
4.806,-0.008745487907812946,0.0,-0.009203884727313847,-0.008762394914208693,-0.118862641989851,2.359461225067573,BALANCE,1,-4.501793574890472e-07
4.808,-0.008745487907812946,0.0,-0.007669903939428206,-0.008380023073035526,0.19118592058658349,2.855468917617615,BALANCE,1,-4.501793574890472e-07
4.8100000000000005,-0.008745487907812946,0.0,-0.009203884727313847,-0.008668374652032941,-0.14417578949870757,5.3571237240848735,BALANCE,1,-4.501793574890472e-07
4.812,-0.008745487907812946,0.0,-0.010737865515199488,-0.009392696454141236,-0.36216090105414733,2.6551952737322946,BALANCE,1,-4.501793574890472e-07
4.814,-0.008745487907812946,0.0,-0.009203884727313847,-0.009326612349751653,0.03304205219479151,0.86597653387145,BALANCE,1,-4.501793574890472e-07
4.816,-0.008745487907812946,0.0,-0.010737865515199488,-0.009820550957658398,-0.24696930395337255,4.029699883656385,BALANCE,1,-4.501793574890472e-07
4.8180000000000005,-0.008745487907812946,0.0,-0.009203884727313847,-0.009604717777037808,0.107916590310295,1.7580086078051367,BALANCE,1,-4.501793574890472e-07
4.82,-0.008745487907812946,0.0,-0.009203884727313847,-0.009464426209634424,0.07014578370169183,4.608124809196305,BALANCE,1,-4.501793574890472e-07
4.822,-0.008745487907812946,0.0,-0.010737865515199488,-0.0099101299665822,-0.22285187847388785,4.312482965129755,BALANCE,1,-4.501793574890472e-07
4.824,-0.008745487907812946,0.0,-0.007669903939428206,-0.009126050857078304,0.3920395547519478,1.9397774163149353,BALANCE,1,-4.501793574890472e-07
4.8260000000000005,-0.008745487907812946,0.0,-0.007669903939428206,-0.008616399435900772,0.25482571058876596,6.904128418520439,BALANCE,1,-4.501793574890472e-07
4.828,-0.008745487907812946,0.0,-0.007669903939428206,-0.008285126012135376,0.16563671188269802,5.835273470598455,BALANCE,1,-4.501793574890472e-07
4.83,-0.008745487907812946,0.0,-0.010737865515199488,-0.009143584838207819,-0.42922941303622125,5.1399808611734095,BALANCE,1,-4.501793574890472e-07
4.832,-0.008745487907812946,0.0,-0.010737865515199488,-0.009701583075154906,-0.27899911847354375,0.32771561529006643,BALANCE,1,-4.501793574890472e-07
4.8340000000000005,-0.008745487907812946,0.0,-0.006135923151542565,-0.00845360210189059,0.6239904866321578,1.4941377609596307,BALANCE,1,-4.501793574890472e-07
4.836,-0.008745487907812946,0.0,-0.009203884727313847,-0.008716201020788733,-0.13129945944907132,8.791242739780724,BALANCE,1,-4.501793574890472e-07
4.838,-0.008745487907812946,0.0,-0.010737865515199488,-0.0094237835938325,-0.35379128652188346,2.7314239957928437,BALANCE,1,-4.501793574890472e-07
4.84,-0.008745487907812946,0.0,-0.010737865515199488,-0.009883712266310948,-0.229964336239224,0.9071496681089544,BALANCE,1,-4.501793574890472e-07
4.8420000000000005,-0.008745487907812946,0.0,-0.006135923151542565,-0.008571986076142016,0.6558630950844659,1.8681928075682608,BALANCE,1,-4.501793574890472e-07
4.844,-0.008745487907812946,0.0,-0.007669903939428206,-0.008256257328292186,0.1578643739249151,9.031801432352687,BALANCE,1,-4.501793574890472e-07
4.846,-0.008745487907812946,0.0,-0.009203884727313847,-0.008587926917949771,-0.16583479482879232,5.065104136481612,BALANCE,1,-4.501793574890472e-07
4.848,-0.008745487907812946,0.0,-0.009203884727313847,-0.0088035121512272,-0.1077926166387147,2.4538930256889078,BALANCE,1,-4.501793574890472e-07
4.8500000000000005,-0.008745487907812946,0.0,-0.009203884727313847,-0.00894364255285753,-0.07006520081516507,2.9035346347826385,BALANCE,1,-4.501793574890472e-07
4.852,-0.008745487907812946,0.0,-0.010737865515199488,-0.009571620589677218,-0.3139890184098437,3.1951574087626433,BALANCE,1,-4.501793574890472e-07
4.854,-0.008745487907812946,0.0,-0.007669903939428206,-0.008906019762090068,0.3328004137935752,1.2041738616780977,BALANCE,1,-4.501793574890472e-07
4.856,-0.008745487907812946,0.0,-0.009203884727313847,-0.009010272499918393,-0.05212636891416267,6.41664416500826,BALANCE,1,-4.501793574890472e-07
4.8580000000000005,-0.008745487907812946,0.0,-0.007669903939428206,-0.00854114350374683,0.23456449808578142,3.329172684576674,BALANCE,1,-4.501793574890472e-07
4.86,-0.008745487907812946,0.0,-0.009203884727313847,-0.00877310293199529,-0.11597971412422979,5.649139131645771,BALANCE,1,-4.501793574890472e-07
4.862,-0.008745487907812946,0.0,-0.007669903939428206,-0.008386983284596814,0.1930598236992379,2.829113247684374,BALANCE,1,-4.501793574890472e-07
4.864,-0.008745487907812946,0.0,-0.007669903939428206,-0.008136005513787804,0.1254888854045049,5.322919332459105,BALANCE,1,-4.501793574890472e-07
4.866,-0.008745487907812946,0.0,-0.009203884727313847,-0.008509763238521923,-0.1868788623670594,4.795783291247025,BALANCE,1,-4.501793574890472e-07
4.868,-0.008745487907812946,0.0,-0.010737865515199488,-0.009289599035359074,-0.38991789841857566,2.2727138929427584,BALANCE,1,-4.501793574890472e-07
4.87,-0.008745487907812946,0.0,-0.010737865515199488,-0.009796492303303221,-0.2534466339720737,0.5997535369133278,BALANCE,1,-4.501793574890472e-07
4.872,-0.008745487907812946,0.0,-0.010737865515199488,-0.010125972927466918,-0.16474031208184822,1.6591507579480345,BALANCE,1,-4.501793574890472e-07
4.874,-0.008745487907812946,0.0,-0.009203884727313847,-0.009803242057413347,0.16136543502678555,2.3470073010345223,BALANCE,1,-4.501793574890472e-07
4.876,-0.008745487907812946,0.0,-0.009203884727313847,-0.009593466991878526,0.1048875327674106,4.973256481695325,BALANCE,1,-4.501793574890472e-07
4.878,-0.008745487907812946,0.0,-0.010737865515199488,-0.009994006475040866,-0.20026974158117006,4.532101074154038,BALANCE,1,-4.501793574890472e-07
4.88,-0.008745487907812946,0.0,-0.009203884727313847,-0.009717463863336412,0.13827130585222694,2.064811709080644,BALANCE,1,-4.501793574890472e-07
4.882,-0.008745487907812946,0.0,-0.01227184630308513,-0.010611497717248466,-0.4470169269560273,4.78778915247742,BALANCE,1,-4.501793574890472e-07
4.884,-0.008745487907812946,0.0,-0.009203884727313847,-0.010118833170771353,0.24633227323855691,0.049718959233212345,BALANCE,1,-4.501793574890472e-07
4.886,-0.008745487907812946,0.0,-0.007669903939428206,-0.009261707939801255,0.4285626154850487,5.6240486669443595,BALANCE,1,-4.501793574890472e-07
4.888,-0.008745487907812946,0.0,-0.006135923151542565,-0.008167683263910716,0.5470123379452694,7.13146657718654,BALANCE,1,-4.501793574890472e-07
4.89,-0.008745487907812946,0.0,-0.009203884727313847,-0.008530353776101816,-0.18133525609554962,8.143072300768955,BALANCE,1,-4.501793574890472e-07
4.892,-0.008745487907812946,0.0,-0.01227184630308513,-0.009839876160545978,-0.6547611922220814,2.292825246955717,BALANCE,1,-4.501793574890472e-07
4.894,-0.008745487907812946,0.0,-0.010737865515199488,-0.01015417243467471,-0.15714813706436612,-1.5751215603552957,BALANCE,1,-4.501793574890472e-07
4.896,-0.008745487907812946,0.0,-0.007669903939428206,-0.009284678461338437,0.43474698666813666,2.3848942699717672,BALANCE,1,-4.501793574890472e-07
4.898,-0.008745487907812946,0.0,-0.007669903939428206,-0.008719507378669859,0.28258554133428915,7.170367962539698,BALANCE,1,-4.501793574890472e-07
4.9,-0.008745487907812946,0.0,-0.007669903939428206,-0.008352146174935283,0.18368060186728807,5.985242763353298,BALANCE,1,-4.501793574890472e-07
4.902,-0.008745487907812946,0.0,-0.009203884727313847,-0.008650254668267783,-0.14905424666624995,5.214374490606377,BALANCE,1,-4.501793574890472e-07
4.904,-0.008745487907812946,0.0,-0.009203884727313847,-0.008844025188933909,-0.09688526033306294,2.532879141804469,BALANCE,1,-4.501793574890472e-07
4.906,-0.008745487907812946,0.0,-0.009203884727313847,-0.00896997602736689,-0.06297541921649034,2.936835996192211,BALANCE,1,-4.501793574890472e-07
4.908,-0.008745487907812946,0.0,-0.007669903939428206,-0.008514950796588353,0.2275126153892682,3.198763679613339,BALANCE,1,-4.501793574890472e-07
4.91,-0.008745487907812946,0.0,-0.006135923151542565,-0.00768229112082233,0.41632983788301126,5.548266480146801,BALANCE,1,-4.501793574890472e-07
4.912,-0.008745487907812946,0.0,-0.010737865515199488,-0.00875174215885434,-0.5347255190160044,7.107227382418543,BALANCE,1,-4.501793574890472e-07
4.914,-0.008745487907812946,0.0,-0.010737865515199488,-0.009446885333575145,-0.347571587360403,-0.5671328834872735,BALANCE,1,-4.501793574890472e-07
4.916,-0.008745487907812946,0.0,-0.007669903939428206,-0.00882494184562372,0.3109717439757128,0.8865006022075743,BALANCE,1,-4.501793574890472e-07
4.918,-0.008745487907812946,0.0,-0.007669903939428206,-0.008420678578455293,0.20213163358421324,6.190398873804463,BALANCE,1,-4.501793574890472e-07
4.92,-0.008745487907812946,0.0,-0.009203884727313847,-0.00869480073055579,-0.1370610760502485,5.34224965098688,BALANCE,1,-4.501793574890472e-07
4.922,-0.008745487907812946,0.0,-0.009203884727313847,-0.008872980129421114,-0.08908969943266162,2.610521684639045,BALANCE,1,-4.501793574890472e-07
4.924,-0.008745487907812946,0.0,-0.010737865515199488,-0.009525690014443547,-0.3263549425112167,2.9818273376219366,BALANCE,1,-4.501793574890472e-07
4.926,-0.008745487907812946,0.0,-0.010737865515199488,-0.00994995143970813,-0.21213071263229133,1.0426376618892608,BALANCE,1,-4.501793574890472e-07
4.928,-0.008745487907812946,0.0,-0.007669903939428206,-0.00915193481461016,0.3990083125489851,1.9289858251168477,BALANCE,1,-4.501793574890472e-07
4.93,-0.008745487907812946,0.0,-0.009203884727313847,-0.009170117284056454,-0.009091234723147303,6.8641486371100155,BALANCE,1,-4.501793574890472e-07
4.932,-0.008745487907812946,0.0,-0.006135923151542565,-0.008108149337676595,0.5309839731899293,3.596427287309367,BALANCE,1,-4.501793574890472e-07
4.934,-0.008745487907812946,0.0,-0.010737865515199488,-0.00902854999980961,-0.46020033106650754,7.979125397529235,BALANCE,1,-4.501793574890472e-07
4.936,-0.008745487907812946,0.0,-0.006135923151542565,-0.008016130602916147,0.5062096984467315,-0.007378786250201941,BALANCE,1,-4.501793574890472e-07
4.938,-0.008745487907812946,0.0,-0.009203884727313847,-0.008431844546455345,-0.207856971769599,7.783043387548735,BALANCE,1,-4.501793574890472e-07
4.94,-0.008745487907812946,0.0,-0.009203884727313847,-0.008702058609755824,-0.1351070316502395,2.0438808202964474,BALANCE,1,-4.501793574890472e-07
4.942,-0.008745487907812946,0.0,-0.009203884727313847,-0.008877697750901135,-0.08781957057265535,2.607927085731344,BALANCE,1,-4.501793574890472e-07
4.944,-0.008745487907812946,0.0,-0.009203884727313847,-0.008991863192645588,-0.05708272087222646,2.9739128863331183,BALANCE,1,-4.501793574890472e-07
4.946,-0.008745487907812946,0.0,-0.009203884727313847,-0.009066070729779482,-0.0371037685669472,3.2111593847933535,BALANCE,1,-4.501793574890472e-07
4.948,-0.008745487907812946,0.0,-0.009203884727313847,-0.009114305628916512,-0.024117449568514943,3.3647253368615977,BALANCE,1,-4.501793574890472e-07
4.95,-0.008745487907812946,0.0,-0.009203884727313847,-0.009145658313355582,-0.015676342219534886,3.463898933775051,BALANCE,1,-4.501793574890472e-07
4.952,-0.008745487907812946,0.0,-0.010737865515199488,-0.009702930834000952,-0.2786362603226849,3.5277174998378755,BALANCE,1,-4.501793574890472e-07
4.954,-0.008745487907812946,0.0,-0.009203884727313847,-0.009528264696660469,0.08733306867024157,1.3886612176071536,BALANCE,1,-4.501793574890472e-07
4.956,-0.008745487907812946,0.0,-0.009203884727313847,-0.009414731707389155,0.05676649463565685,4.324990164851662,BALANCE,1,-4.501793574890472e-07
4.958,-0.008745487907812946,0.0,-0.009203884727313847,-0.0093409352643628,0.03689822151317721,4.085386605589785,BALANCE,1,-4.501793574890472e-07
4.96,-0.008745487907812946,0.0,-0.009203884727313847,-0.00929296757639567,0.023983843983565317,3.929000020138657,BALANCE,1,-4.501793574890472e-07
4.962,-0.008745487907812946,0.0,-0.009203884727313847,-0.009261788579217035,0.015589498589317283,3.82670446766451,BALANCE,1,-4.501793574890472e-07
4.964,-0.008745487907812946,0.0,-0.010737865515199488,-0.009778415506810897,-0.258313463796931,3.759568086625401,BALANCE,1,-4.501793574890472e-07
4.966,-0.008745487907812946,0.0,-0.010737865515199488,-0.010114223009746907,-0.16790375146800463,1.5353910887784212,BALANCE,1,-4.501793574890472e-07
4.968,-0.008745487907812946,0.0,-0.009203884727313847,-0.009795604610895339,0.1593091994257839,2.236497492631722,BALANCE,1,-4.501793574890472e-07
4.97,-0.008745487907812946,0.0,-0.006135923151542565,-0.008514716100121871,0.6404442553867339,4.871359082790945,BALANCE,1,-4.501793574890472e-07
4.972,-0.008745487907812946,0.0,-0.007669903939428206,-0.008219031843879092,0.14784212812138983,8.795589897904929,BALANCE,1,-4.501793574890472e-07
4.974,-0.008745487907812946,0.0,-0.006135923151542565,-0.00748994380156131,0.3645440211588907,4.870870128787967,BALANCE,1,-4.501793574890472e-07
4.976,-0.008745487907812946,0.0,-0.007669903939428206,-0.007552929849814726,-0.03149302412670807,6.646732566866728,BALANCE,1,-4.501793574890472e-07
4.978,-0.008745487907812946,0.0,-0.010737865515199488,-0.008667657332699396,-0.557363741442335,3.4731464557167704,BALANCE,1,-4.501793574890472e-07
4.98,-0.008745487907812946,0.0,-0.007669903939428206,-0.008318443645054482,0.17460684382245711,-0.8024364632478651,BALANCE,1,-4.501793574890472e-07
4.982,-0.008745487907812946,0.0,-0.007669903939428206,-0.008091454748085288,0.11349444848459712,5.072617351400155,BALANCE,1,-4.501793574890472e-07
4.984,-0.008745487907812946,0.0,-0.009203884727313847,-0.008480805240815287,-0.19467524636499964,4.59571923156581,BALANCE,1,-4.501793574890472e-07
4.986,-0.008745487907812946,0.0,-0.010737865515199488,-0.009270776336849761,-0.39498554801723706,2.1053044821570728,BALANCE,1,-4.501793574890472e-07
4.988,-0.008745487907812946,0.0,-0.010737865515199488,-0.009784257549272169,-0.2567406062112037,0.45356964790973464,BALANCE,1,-4.501793574890472e-07
4.99,-0.008745487907812946,0.0,-0.010737865515199488,-0.010118020337346734,-0.16688139403728264,1.5267634581028027,BALANCE,1,-4.501793574890472e-07
4.992,-0.008745487907812946,0.0,-0.010737865515199488,-0.010334966149595202,-0.10847290612423388,2.223587784142228,BALANCE,1,-4.501793574890472e-07
4.994,-0.008745487907812946,0.0,-0.009203884727313847,-0.00993908765179673,0.1979392488992357,2.675771945481791,BALANCE,1,-4.501793574890472e-07
4.996,-0.008745487907812946,0.0,-0.009203884727313847,-0.009681766628227725,0.12866051178450286,5.148834078007098,BALANCE,1,-4.501793574890472e-07
4.998,-0.008745487907812946,0.0,-0.009203884727313847,-0.00951450796290787,0.08362933265992738,4.608107089177729,BALANCE,1,-4.501793574890472e-07
5.0,-0.008745487907812946,0.0,-0.007669903939428206,-0.008868896554689991,0.32280570410893933,4.255990274507735,BALANCE,1,-4.501793574890472e-07
5.002,-0.008745487907812946,0.0,-0.007669903939428206,-0.008449249139348369,0.20982370767081132,6.206364151281966,BALANCE,1,-4.501793574890472e-07
5.0040000000000004,-0.008745487907812946,0.0,-0.010737865515199488,-0.009250264870896264,-0.40050786577394776,5.325997174869569,BALANCE,1,-4.501793574890472e-07
5.006,-0.008745487907812946,0.0,-0.010737865515199488,-0.009770925096402396,-0.260330112753066,0.3934335904444439,BALANCE,1,-4.501793574890472e-07
5.008,-0.008745487907812946,0.0,-0.010737865515199488,-0.01010935424298138,-0.16921457328949227,1.4816618160618495,BALANCE,1,-4.501793574890472e-07
5.01,-0.008745487907812946,0.0,-0.009203884727313847,-0.009792439912497748,0.15845716524181663,2.1882585121271045,BALANCE,1,-4.501793574890472e-07
5.0120000000000005,-0.008745487907812946,0.0,-0.007669903939428206,-0.00904955232192341,0.37144379528716853,4.826688792224095,BALANCE,1,-4.501793574890472e-07
5.014,-0.008745487907812946,0.0,-0.009203884727313847,-0.009103568663810067,-0.02700817094332831,6.573345177556985,BALANCE,1,-4.501793574890472e-07
5.016,-0.008745487907812946,0.0,-0.006135923151542565,-0.008064892734516445,0.5193379646468111,3.3806677534670486,BALANCE,1,-4.501793574890472e-07
5.018,-0.008745487907812946,0.0,-0.009203884727313847,-0.008463539931995539,-0.19932359873954703,7.812144415398878,BALANCE,1,-4.501793574890472e-07
5.0200000000000005,-0.008745487907812946,0.0,-0.009203884727313847,-0.00872266061035695,-0.12956033918070514,2.037240368472868,BALANCE,1,-4.501793574890472e-07
5.022,-0.008745487907812946,0.0,-0.009203884727313847,-0.008891089051291866,-0.08421422046745851,2.578054672119847,BALANCE,1,-4.501793574890472e-07
5.024,-0.008745487907812946,0.0,-0.007669903939428206,-0.008463674262139589,0.21370739457613874,2.928939697559467,BALANCE,1,-4.501793574890472e-07
5.026,-0.008745487907812946,0.0,-0.010737865515199488,-0.009259641200710557,-0.3979834692854839,5.336264770404954,BALANCE,1,-4.501793574890472e-07
5.0280000000000005,-0.008745487907812946,0.0,-0.006135923151542565,-0.008166339883501763,0.5466506586043968,0.39312791495757216,BALANCE,1,-4.501793574890472e-07
5.03,-0.008745487907812946,0.0,-0.007669903939428206,-0.007992587303076022,0.08687629021287072,8.014165749132445,BALANCE,1,-4.501793574890472e-07
5.032,-0.008745487907812946,0.0,-0.009203884727313847,-0.008416541401559263,-0.21197704924162067,4.344797439365165,BALANCE,1,-4.501793574890472e-07
5.034,-0.008745487907812946,0.0,-0.009203884727313847,-0.00869211156557337,-0.13778508200705356,1.9268501695399287,BALANCE,1,-4.501793574890472e-07
5.0360000000000005,-0.008745487907812946,0.0,-0.007669903939428206,-0.008334338896422565,0.1788863345754026,2.5021132752625044,BALANCE,1,-4.501793574890472e-07
5.038,-0.008745487907812946,0.0,-0.009203884727313847,-0.008638679937234517,-0.1521705204059762,5.055284100291917,BALANCE,1,-4.501793574890472e-07
5.04,-0.008745487907812946,0.0,-0.007669903939428206,-0.008299608338002312,0.16953579961610266,2.3868410620047227,BALANCE,1,-4.501793574890472e-07
5.042,-0.008745487907812946,0.0,-0.007669903939428206,-0.008079211798501377,0.11019826975046734,4.979175996467686,BALANCE,1,-4.501793574890472e-07
5.0440000000000005,-0.008745487907812946,0.0,-0.0046019423636569235,-0.006862167496305822,0.6085221510977777,4.5160837075529585,BALANCE,1,-4.501793574890472e-07
5.046,-0.008745487907812946,0.0,-0.006135923151542565,-0.006607981975638685,0.12709276033356834,8.574324982963915,BALANCE,1,-4.501793574890472e-07
5.048,-0.008745487907812946,0.0,-0.010737865515199488,-0.00805344121448497,-0.7227296194231422,4.73681939169514,BALANCE,1,-4.501793574890472e-07
5.05,-0.008745487907812946,0.0,-0.010737865515199488,-0.008992989719735054,-0.46977425262504247,-2.150097888932219,BALANCE,1,-4.501793574890472e-07
5.0520000000000005,-0.008745487907812946,0.0,-0.009203884727313847,-0.009066802972387634,-0.036906626326290055,-0.18462646280637252,BALANCE,1,-4.501793574890472e-07
5.054,-0.008745487907812946,0.0,-0.009203884727313847,-0.009114781586611812,-0.023989307112088666,3.2720723918300134,BALANCE,1,-4.501793574890472e-07
5.056,-0.008745487907812946,0.0,-0.009203884727313847,-0.009145967685857527,-0.015593049622857416,3.370709272372852,BALANCE,1,-4.501793574890472e-07
5.058,-0.008745487907812946,0.0,-0.006135923151542565,-0.008092452098847293,0.5267577935051168,3.434178972794787,BALANCE,1,-4.501793574890472e-07
5.0600000000000005,-0.008745487907812946,0.0,-0.007669903939428206,-0.007944560243050616,0.07394592789833863,7.834578162619426,BALANCE,1,-4.501793574890472e-07
5.062,-0.008745487907812946,0.0,-0.009203884727313847,-0.00838532381254275,-0.22038178474606712,4.219367837064392,BALANCE,1,-4.501793574890472e-07
5.064,-0.008745487907812946,0.0,-0.0046019423636569235,-0.007061140305432714,0.6620917535550179,1.8366232569771088,BALANCE,1,-4.501793574890472e-07
5.066,-0.008745487907812946,0.0,-0.006135923151542565,-0.006737314301571165,0.16191300193077462,8.974450345751304,BALANCE,1,-4.501793574890472e-07
5.0680000000000005,-0.008745487907812946,0.0,-0.007669903939428206,-0.007063720674821132,-0.16320318662498348,4.991102430128738,BALANCE,1,-4.501793574890472e-07
5.07,-0.008745487907812946,0.0,-0.009203884727313847,-0.007812778093193586,-0.37452870918622694,2.36917579515271,BALANCE,1,-4.501793574890472e-07
5.072,-0.008745487907812946,0.0,-0.007669903939428206,-0.007762772139375706,0.025002976908940124,0.6320656139417773,BALANCE,1,-4.501793574890472e-07
5.074,-0.008745487907812946,0.0,-0.009203884727313847,-0.008267161545154058,-0.25219470288917595,3.829766905504311,BALANCE,1,-4.501793574890472e-07
5.0760000000000005,-0.008745487907812946,0.0,-0.007669903939428206,-0.008058121383150013,0.10452008100202223,1.580268670463651,BALANCE,1,-4.501793574890472e-07
5.078,-0.008745487907812946,0.0,-0.007669903939428206,-0.007922245277847384,0.06793805265131475,4.444917727036849,BALANCE,1,-4.501793574890472e-07
5.08,-0.008745487907812946,0.0,-0.009203884727313847,-0.00837081908516065,-0.22428690365663279,4.158829617493777,BALANCE,1,-4.501793574890472e-07
5.082,-0.008745487907812946,0.0,-0.009203884727313847,-0.008662392059914271,-0.14578648737681096,1.7924413747743695,BALANCE,1,-4.501793574890472e-07
5.0840000000000005,-0.008745487907812946,0.0,-0.009203884727313847,-0.008851914493504125,-0.09476121679492712,2.4012178481157433,BALANCE,1,-4.501793574890472e-07
5.086,-0.008745487907812946,0.0,-0.007669903939428206,-0.008438210799577557,0.20685184696328432,2.796278283856722,BALANCE,1,-4.501793574890472e-07
5.088,-0.008745487907812946,0.0,-0.009203884727313847,-0.00870619667428526,-0.13399293735385195,5.232317373398091,BALANCE,1,-4.501793574890472e-07
5.09,-0.008745487907812946,0.0,-0.007669903939428206,-0.008343494217085294,0.1813512285999833,2.4877387070436825,BALANCE,1,-4.501793574890472e-07
5.0920000000000005,-0.008745487907812946,0.0,-0.007669903939428206,-0.008107737619905317,0.11787829858998874,5.030585483262946,BALANCE,1,-4.501793574890472e-07
5.094,-0.008745487907812946,0.0,-0.007669903939428206,-0.007954495831738332,0.07662089408349247,4.535325891489807,BALANCE,1,-4.501793574890472e-07
5.096,-0.008745487907812946,0.0,-0.010737865515199488,-0.00892867522094974,-0.4870896946057041,4.212870263561508,BALANCE,1,-4.501793574890472e-07
5.098,-0.008745487907812946,0.0,-0.007669903939428206,-0.008488105272417206,0.2202849742662669,-0.3570509443489396,BALANCE,1,-4.501793574890472e-07
5.1000000000000005,-0.008745487907812946,0.0,-0.007669903939428206,-0.00820173480587106,0.14318523327307325,5.3266829824842965,BALANCE,1,-4.501793574890472e-07
5.102,-0.008745487907812946,0.0,-0.009203884727313847,-0.008552487278376038,-0.17537623625248944,4.7254269355703435,BALANCE,1,-4.501793574890472e-07
5.104,-0.008745487907812946,0.0,-0.007669903939428206,-0.0082435831097443,0.15445208431586963,2.154179533559867,BALANCE,1,-4.501793574890472e-07
5.106,-0.008745487907812946,0.0,-0.006135923151542565,-0.007505902124373695,0.3688404926853019,4.809691631602696,BALANCE,1,-4.501793574890472e-07
5.1080000000000005,-0.008745487907812946,0.0,-0.007669903939428206,-0.007563302759642777,-0.028700317634540624,6.5675585772555145,BALANCE,1,-4.501793574890472e-07
5.11,-0.008745487907812946,0.0,-0.010737865515199488,-0.00867439972408763,-0.5555484822224264,3.382275396028702,BALANCE,1,-4.501793574890472e-07
5.112,-0.008745487907812946,0.0,-0.009203884727313847,-0.008859719475216809,-0.09265987556458972,-0.9009106184858924,BALANCE,1,-4.501793574890472e-07
5.114,-0.008745487907812946,0.0,-0.01227184630308513,-0.010053963864970724,-0.5971221948769577,2.7893071058140064,BALANCE,1,-4.501793574890472e-07
5.1160000000000005,-0.008745487907812946,0.0,-0.007669903939428206,-0.009219542891030845,0.4172104869699395,-1.3200569048431667,BALANCE,1,-4.501793574890472e-07
5.118,-0.008745487907812946,0.0,-0.007669903939428206,-0.008677169257969925,0.27118681653046006,6.842825899790197,BALANCE,1,-4.501793574890472e-07
5.12,-0.008745487907812946,0.0,-0.010737865515199488,-0.009398412948000276,-0.3606218450151752,5.7054435204064236,BALANCE,1,-4.501793574890472e-07
5.122,-0.008745487907812946,0.0,-0.007669903939428206,-0.008793434795000055,0.3024890765001105,0.6058199240499205,BALANCE,1,-4.501793574890472e-07
5.124,-0.008745487907812946,0.0,-0.007669903939428206,-0.008400198995549911,0.19661789972507185,5.94524729839322,BALANCE,1,-4.501793574890472e-07
5.126,-0.008745487907812946,0.0,-0.007669903939428206,-0.008144595725907318,0.12780163482129653,5.120191992360809,BALANCE,1,-4.501793574890472e-07
5.128,-0.008745487907812946,0.0,-0.010737865515199488,-0.00905224015215958,-0.45382221312613086,4.58336915016398,BALANCE,1,-4.501793574890472e-07
5.13,-0.008745487907812946,0.0,-0.009203884727313847,-0.009105315753463575,-0.026537800651997914,-0.1258907470210069,BALANCE,1,-4.501793574890472e-07
5.132,-0.008745487907812946,0.0,-0.010737865515199488,-0.009676708170071147,-0.2856962083037859,3.2873789535431244,BALANCE,1,-4.501793574890472e-07
5.134,-0.008745487907812946,0.0,-0.009203884727313847,-0.009511219965106095,0.08274410248252598,1.1778928056983524,BALANCE,1,-4.501793574890472e-07
5.136,-0.008745487907812946,0.0,-0.009203884727313847,-0.009403652631878812,0.053783666613641846,4.133442340293729,BALANCE,1,-4.501793574890472e-07
5.138,-0.008745487907812946,0.0,-0.010737865515199488,-0.009870627141041052,-0.23348725458112018,3.9063321628099175,BALANCE,1,-4.501793574890472e-07
5.14,-0.008745487907812946,0.0,-0.007669903939428206,-0.00910037402047656,0.38512656028224634,1.5781721972738776,BALANCE,1,-4.501793574890472e-07
5.142,-0.008745487907812946,0.0,-0.009203884727313847,-0.009136602767869612,-0.01811437369652648,6.571477828610584,BALANCE,1,-4.501793574890472e-07
5.144,-0.008745487907812946,0.0,-0.007669903939428206,-0.008623258177915124,0.25667229497724436,3.3415493113832446,BALANCE,1,-4.501793574890472e-07
5.146,-0.008745487907812946,0.0,-0.010737865515199488,-0.009363370745964654,-0.3700562840247652,5.568918684535097,BALANCE,1,-4.501793574890472e-07
5.148,-0.008745487907812946,0.0,-0.006135923151542565,-0.008233764087916927,0.5648033290238637,0.5088106242868573,BALANCE,1,-4.501793574890472e-07
5.15,-0.008745487907812946,0.0,-0.009203884727313847,-0.008573306311705851,-0.16977111189446242,8.053817175341168,BALANCE,1,-4.501793574890472e-07
5.152,-0.008745487907812946,0.0,-0.010737865515199488,-0.009330902032928627,-0.37879786061138787,2.1551344533048824,BALANCE,1,-4.501793574890472e-07
5.154,-0.008745487907812946,0.0,-0.009203884727313847,-0.009286445975963457,0.02222802848258522,0.4355985398895261,BALANCE,1,-4.501793574890472e-07
5.156,-0.008745487907812946,0.0,-0.006135923151542565,-0.008183762987416148,0.5513414942736544,3.6446157268640285,BALANCE,1,-4.501793574890472e-07
5.158,-0.008745487907812946,0.0,-0.006135923151542565,-0.007467019044860397,0.3583719712778755,7.9420476799079385,BALANCE,1,-4.501793574890472e-07
5.16,-0.008745487907812946,0.0,-0.009203884727313847,-0.008074922033719107,-0.3039514944293553,6.439802728686081,BALANCE,1,-4.501793574890472e-07
5.162,-0.008745487907812946,0.0,-0.009203884727313847,-0.00847005897647727,-0.19756847137908112,1.1031258392899663,BALANCE,1,-4.501793574890472e-07
5.164,-0.008745487907812946,0.0,-0.009203884727313847,-0.008726897989270075,-0.1284195063964025,1.9287877953313748,BALANCE,1,-4.501793574890472e-07
5.166,-0.008745487907812946,0.0,-0.010737865515199488,-0.009430736623345372,-0.3519193170376487,2.4648237948273812,BALANCE,1,-4.501793574890472e-07
5.168,-0.008745487907812946,0.0,-0.009203884727313847,-0.009351338459734342,0.0396990818055153,0.6327088443282252,BALANCE,1,-4.501793574890472e-07
5.17,-0.008745487907812946,0.0,-0.009203884727313847,-0.009299729653387172,0.025804403173584727,3.768549657198252,BALANCE,1,-4.501793574890472e-07
5.172,-0.008745487907812946,0.0,-0.010737865515199488,-0.009803077205021486,-0.25167377581715705,3.65862881059296,BALANCE,1,-4.501793574890472e-07
5.174,-0.008745487907812946,0.0,-0.01227184630308513,-0.010667146389343764,-0.4320345921611391,1.4066419101279628,BALANCE,1,-4.501793574890472e-07
5.176,-0.008745487907812946,0.0,-0.007669903939428206,-0.009618111531873322,0.5245174287352213,-0.09022220096109912,BALANCE,1,-4.501793574890472e-07
5.178,-0.008745487907812946,0.0,-0.009203884727313847,-0.009473132150277508,0.07248969079790696,7.623212435351636,BALANCE,1,-4.501793574890472e-07
5.18,-0.008745487907812946,0.0,-0.010737865515199488,-0.009915788828000203,-0.22132833886134765,4.013794668318814,BALANCE,1,-4.501793574890472e-07
5.182,-0.008745487907812946,0.0,-0.006135923151542565,-0.008592835841240033,0.6614764933800853,1.6347078726158166,BALANCE,1,-4.501793574890472e-07
5.184,-0.008745487907812946,0.0,-0.009203884727313847,-0.008806702951365871,-0.10693355506291927,8.774805142584642,BALANCE,1,-4.501793574890472e-07
5.186,-0.008745487907812946,0.0,-0.009203884727313847,-0.008945716572947666,-0.06950681079089752,2.6129313878427816,BALANCE,1,-4.501793574890472e-07
5.188,-0.008745487907812946,0.0,-0.009203884727313847,-0.009036075426975832,-0.04517942701408317,2.9022153814094582,BALANCE,1,-4.501793574890472e-07
5.19,-0.008745487907812946,0.0,-0.007669903939428206,-0.008557915406334167,0.23908001032083276,3.089605705296888,BALANCE,1,-4.501793574890472e-07
5.192,-0.008745487907812946,0.0,-0.006135923151542565,-0.007710218117157109,0.42384864458852894,5.390659222133449,BALANCE,1,-4.501793574890472e-07
5.194,-0.008745487907812946,0.0,-0.009203884727313847,-0.00823300143071197,-0.2613916567774303,6.91812809000221,BALANCE,1,-4.501793574890472e-07
5.196,-0.008745487907812946,0.0,-0.010737865515199488,-0.009109703860282604,-0.43835121478531713,1.4031920799751019,BALANCE,1,-4.501793574890472e-07
5.198,-0.008745487907812946,0.0,-0.009203884727313847,-0.009142667163743541,-0.016481651730468685,-0.06690847063428729,BALANCE,1,-4.501793574890472e-07
5.2,-0.008745487907812946,0.0,-0.0046019423636569235,-0.0075534134837132285,0.7946268400151565,3.3042417021640955,BALANCE,1,-4.501793574890472e-07
5.202,-0.008745487907812946,0.0,-0.009203884727313847,-0.008131078418973448,-0.28883246763010967,9.886954174234173,BALANCE,1,-4.501793574890472e-07
5.204,-0.008745487907812946,0.0,-0.006135923151542565,-0.007432774075372642,0.34915217180040303,1.1829936012726359,BALANCE,1,-4.501793574890472e-07
5.206,-0.008745487907812946,0.0,-0.007669903939428206,-0.007515769527792092,-0.04149772620972531,6.327282422517712,BALANCE,1,-4.501793574890472e-07
5.208,-0.008745487907812946,0.0,-0.009203884727313847,-0.008106609847624709,-0.29542015991630827,3.1956003573859593,BALANCE,1,-4.501793574890472e-07
5.21,-0.008745487907812946,0.0,-0.009203884727313847,-0.00849065605551591,-0.19202310394560076,1.1271491465738137,BALANCE,1,-4.501793574890472e-07
5.212,-0.008745487907812946,0.0,-0.007669903939428206,-0.008203392814885217,0.1436316203153468,1.9295846906548983,BALANCE,1,-4.501793574890472e-07
5.214,-0.008745487907812946,0.0,-0.007669903939428206,-0.008016671708475266,0.09336055320497555,4.630417600617344,BALANCE,1,-4.501793574890472e-07
5.216,-0.008745487907812946,0.0,-0.007669903939428206,-0.007895302989308798,0.060684359583233934,4.237848995777275,BALANCE,1,-4.501793574890472e-07
5.218,-0.008745487907812946,0.0,-0.007669903939428206,-0.007816413321850594,0.03944483372910184,3.9821425093554685,BALANCE,1,-4.501793574890472e-07
5.22,-0.008745487907812946,0.0,-0.010737865515199488,-0.00883892158952271,-0.5112541338360578,3.8153963999055343,BALANCE,1,-4.501793574890472e-07
5.222,-0.008745487907812946,0.0,-0.01227184630308513,-0.01004044523926956,-0.6007618248734248,-0.6533136209939747,BALANCE,1,-4.501793574890472e-07
5.224,-0.008745487907812946,0.0,-0.007669903939428206,-0.009210755784325089,0.4148447274722354,-1.443474657325575,BALANCE,1,-4.501793574890472e-07
5.226,-0.008745487907812946,0.0,-0.010737865515199488,-0.009745244190131131,-0.2672442029030215,6.72931697757951,BALANCE,1,-4.501793574890472e-07
5.228,-0.008745487907812946,0.0,-0.009203884727313847,-0.009555768378145086,0.09473790599302291,1.2385871813910652,BALANCE,1,-4.501793574890472e-07
5.23,-0.008745487907812946,0.0,-0.009203884727313847,-0.009432609100354155,0.06157963889546515,4.143901447602954,BALANCE,1,-4.501793574890472e-07
5.232,-0.008745487907812946,0.0,-0.0046019423636569235,-0.007741875742510127,0.8453666789220142,3.8841383456698777,BALANCE,1,-4.501793574890472e-07
5.234,-0.008745487907812946,0.0,-0.009203884727313847,-0.008253578887191432,-0.2558515723406528,10.25433029220441,BALANCE,1,-4.501793574890472e-07
5.236,-0.008745487907812946,0.0,-0.007669903939428206,-0.008049292655474306,0.10214311585856305,1.4122313776447566,BALANCE,1,-4.501793574890472e-07
5.238,-0.008745487907812946,0.0,-0.007669903939428206,-0.007916506604858174,0.06639302530806607,4.286836198610416,BALANCE,1,-4.501793574890472e-07
5.24,-0.008745487907812946,0.0,-0.01227184630308513,-0.009440875499237611,-0.7621844471897183,4.007219335922436,BALANCE,1,-4.501793574890472e-07
5.242,-0.008745487907812946,0.0,-0.007669903939428206,-0.008821035453304323,0.30992002296664417,-2.714750752822453,BALANCE,1,-4.501793574890472e-07
5.244,-0.008745487907812946,0.0,-0.007669903939428206,-0.008418139423447685,0.2014480149283189,5.897511204093783,BALANCE,1,-4.501793574890472e-07
5.246,-0.008745487907812946,0.0,-0.006135923151542565,-0.007619363728280896,0.39938784758339424,5.052225273693891,BALANCE,1,-4.501793574890472e-07
5.248,-0.008745487907812946,0.0,-0.007669903939428206,-0.007637052802182458,-0.008844536950780753,6.682146603898844,BALANCE,1,-4.501793574890472e-07
5.25,-0.008745487907812946,0.0,-0.009203884727313847,-0.008185443975978446,-0.2741955868979943,3.413698772630914,BALANCE,1,-4.501793574890472e-07
5.252,-0.008745487907812946,0.0,-0.007669903939428206,-0.008005004963185866,0.09021950639629024,1.2563498138302505,BALANCE,1,-4.501793574890472e-07
5.2540000000000004,-0.008745487907812946,0.0,-0.006135923151542565,-0.007350826329110714,0.3270893170375759,4.180895899959444,BALANCE,1,-4.501793574890472e-07
5.256,-0.008745487907812946,0.0,-0.007669903939428206,-0.007462503492721839,-0.055838581805562386,6.113634937868417,BALANCE,1,-4.501793574890472e-07
5.258,-0.008745487907812946,0.0,-0.007669903939428206,-0.00753509364906907,-0.036295078173615575,3.042018616608099,BALANCE,1,-4.501793574890472e-07
5.26,-0.008745487907812946,0.0,-0.009203884727313847,-0.008119170526454745,-0.29203843869283735,3.1925042175530254,BALANCE,1,-4.501793574890472e-07
5.2620000000000005,-0.008745487907812946,0.0,-0.009203884727313847,-0.008498820496755433,-0.18982498515034402,1.1098888866508196,BALANCE,1,-4.501793574890472e-07
5.264,-0.008745487907812946,0.0,-0.009203884727313847,-0.00874559297745088,-0.123386240347724,1.9031177526733738,BALANCE,1,-4.501793574890472e-07
5.266,-0.008745487907812946,0.0,-0.009203884727313847,-0.008905995089902922,-0.0802010562260206,2.418072243657117,BALANCE,1,-4.501793574890472e-07
5.268,-0.008745487907812946,0.0,-0.007669903939428206,-0.008473363187236774,0.21631595133307385,2.7521483908656412,BALANCE,1,-4.501793574890472e-07
5.2700000000000005,-0.008745487907812946,0.0,-0.007669903939428206,-0.008192152450503778,0.14060536836649815,5.148547692860919,BALANCE,1,-4.501793574890472e-07
5.272,-0.008745487907812946,0.0,-0.007669903939428206,-0.00800936547162733,0.09139348943822383,4.558097242842192,BALANCE,1,-4.501793574890472e-07
5.274,-0.008745487907812946,0.0,-0.009203884727313847,-0.008427447211117614,-0.20904086974514197,4.1737675570542585,BALANCE,1,-4.501793574890472e-07
5.276,-0.008745487907812946,0.0,-0.007669903939428206,-0.008162307066026324,0.1325700725456451,1.7435222897756915,BALANCE,1,-4.501793574890472e-07
5.2780000000000005,-0.008745487907812946,0.0,-0.009203884727313847,-0.00852685924747696,-0.1822760907253182,4.49068577539426,BALANCE,1,-4.501793574890472e-07
5.28,-0.008745487907812946,0.0,-0.01227184630308513,-0.009837604716939823,-0.6553727347314315,1.94833796649002,BALANCE,1,-4.501793574890472e-07
5.282,-0.008745487907812946,0.0,-0.007669903939428206,-0.00907890944481076,0.37934763606453126,-1.917047434670046,BALANCE,1,-4.501793574890472e-07
5.284,-0.008745487907812946,0.0,-0.007669903939428206,-0.00858575751792687,0.24657596344194577,6.404421466136438,BALANCE,1,-4.501793574890472e-07
5.2860000000000005,-0.008745487907812946,0.0,-0.010737865515199488,-0.009338995316972288,-0.3766188995227093,5.370120049265203,BALANCE,1,-4.501793574890472e-07
5.288,-0.008745487907812946,0.0,-0.007669903939428206,-0.008754813334831862,0.2920909910702129,0.33749907854184213,BALANCE,1,-4.501793574890472e-07
5.29,-0.008745487907812946,0.0,-0.009203884727313847,-0.00891198832220056,-0.07858749368434922,5.720478159546679,BALANCE,1,-4.501793574890472e-07
5.292,-0.008745487907812946,0.0,-0.009203884727313847,-0.009014152063990213,-0.05108187089482644,2.7438373846036197,BALANCE,1,-4.501793574890472e-07
5.2940000000000005,-0.008745487907812946,0.0,-0.009203884727313847,-0.009080558496153489,-0.033203216081637704,2.955949711999624,BALANCE,1,-4.501793574890472e-07
5.296,-0.008745487907812946,0.0,-0.010737865515199488,-0.009660615952819591,-0.2900287283330513,3.093178452876107,BALANCE,1,-4.501793574890472e-07
5.298,-0.008745487907812946,0.0,-0.007669903939428206,-0.008963866748132609,0.3483746023434913,1.0018387842742684,BALANCE,1,-4.501793574890472e-07
5.3,-0.008745487907812946,0.0,-0.006135923151542565,-0.007974086489326097,0.4948901294032559,6.149077608618201,BALANCE,1,-4.501793574890472e-07
5.3020000000000005,-0.008745487907812946,0.0,-0.007669903939428206,-0.007867622596861839,0.05323194623212905,7.378993823326844,BALANCE,1,-4.501793574890472e-07
5.304,-0.008745487907812946,0.0,-0.010737865515199488,-0.00887220761828002,-0.5022925107090901,3.8505426669863123,BALANCE,1,-4.501793574890472e-07
5.306,-0.008745487907812946,0.0,-0.0046019423636569235,-0.007377614779161939,0.74729641955904,-0.6557025313521883,BALANCE,1,-4.501793574890472e-07
5.308,-0.008745487907812946,0.0,-0.007669903939428206,-0.0074799159852551355,-0.05115060304659814,9.429208958184105,BALANCE,1,-4.501793574890472e-07
5.3100000000000005,-0.008745487907812946,0.0,-0.010737865515199488,-0.008620198320735663,-0.5701411677402637,3.033998721776358,BALANCE,1,-4.501793574890472e-07
5.312,-0.008745487907812946,0.0,-0.009203884727313847,-0.00882448856303803,-0.10214512115118336,-1.1880667755659458,BALANCE,1,-4.501793574890472e-07
5.314,-0.008745487907812946,0.0,-0.009203884727313847,-0.00895727722053457,-0.06639432874826992,2.5418792848959475,BALANCE,1,-4.501793574890472e-07
5.316,-0.008745487907812946,0.0,-0.010737865515199488,-0.009580483123667294,-0.3116029515663624,2.8181268492253557,BALANCE,1,-4.501793574890472e-07
5.3180000000000005,-0.008745487907812946,0.0,-0.009203884727313847,-0.009448673684943591,0.06590471936185165,0.8171494158679189,BALANCE,1,-4.501793574890472e-07
5.32,-0.008745487907812946,0.0,-0.006135923151542565,-0.008289210998253235,0.5797313433451778,3.8432296148800646,BALANCE,1,-4.501793574890472e-07
5.322,-0.008745487907812946,0.0,-0.009203884727313847,-0.008609346803424452,-0.16006790258560852,8.021752525748445,BALANCE,1,-4.501793574890472e-07
5.324,-0.008745487907812946,0.0,-0.007669903939428206,-0.008280541801025769,0.1644025011993417,2.082428540631196,BALANCE,1,-4.501793574890472e-07
5.3260000000000005,-0.008745487907812946,0.0,-0.007669903939428206,-0.008066818549466625,0.10686162577957202,4.6962639626945135,BALANCE,1,-4.501793574890472e-07
5.328,-0.008745487907812946,0.0,-0.010737865515199488,-0.00900168498747313,-0.46743321900325274,4.247146990720012,BALANCE,1,-4.501793574890472e-07
5.33,-0.008745487907812946,0.0,-0.007669903939428206,-0.00853556162065741,0.23306168340786038,-0.40510409082047216,BALANCE,1,-4.501793574890472e-07
5.332,-0.008745487907812946,0.0,-0.009203884727313847,-0.008769474707987166,-0.1169565436648784,5.225115418153245,BALANCE,1,-4.501793574890472e-07
5.3340000000000005,-0.008745487907812946,0.0,-0.006135923151542565,-0.007847731663231558,0.46087152237780404,2.409180921389952,BALANCE,1,-4.501793574890472e-07
5.336,-0.008745487907812946,0.0,-0.009203884727313847,-0.008322385235660363,-0.23732678621440212,7.085540486084102,BALANCE,1,-4.501793574890472e-07
5.338,-0.008745487907812946,0.0,-0.006135923151542565,-0.007557123506219137,0.3826308647206129,1.469810325953592,BALANCE,1,-4.501793574890472e-07
5.34,-0.008745487907812946,0.0,-0.009203884727313847,-0.008133489933602288,-0.28818321369157573,6.473875812498942,BALANCE,1,-4.501793574890472e-07
5.3420000000000005,-0.008745487907812946,0.0,-0.006135923151542565,-0.007434341559881388,0.3495741868604499,1.071154501571724,BALANCE,1,-4.501793574890472e-07
5.344,-0.008745487907812946,0.0,-0.010737865515199488,-0.008590574944242726,-0.5781166921806687,6.213675740099207,BALANCE,1,-4.501793574890472e-07
5.346,-0.008745487907812946,0.0,-0.009203884727313847,-0.008805233368317622,-0.10732921203744812,-1.278943410280272,BALANCE,1,-4.501793574890472e-07
5.348,-0.008745487907812946,0.0,-0.007669903939428206,-0.00840786806820633,0.19868265005564598,2.4727158787473362,BALANCE,1,-4.501793574890472e-07
5.3500000000000005,-0.008745487907812946,0.0,-0.007669903939428206,-0.008149580623133989,0.12914372253617062,4.942971119885125,BALANCE,1,-4.501793574890472e-07
5.352,-0.008745487907812946,0.0,-0.009203884727313847,-0.008518587059596943,-0.18450321823147708,4.400527030309036,BALANCE,1,-4.501793574890472e-07
5.354,-0.008745487907812946,0.0,-0.009203884727313847,-0.008758441243297863,-0.1199270918504601,1.8675074005681571,BALANCE,1,-4.501793574890472e-07
5.356,-0.008745487907812946,0.0,-0.010737865515199488,-0.009451239738463435,-0.3463992475827857,2.3679734723455783,BALANCE,1,-4.501793574890472e-07
5.3580000000000005,-0.008745487907812946,0.0,-0.010737865515199488,-0.009901558760321056,-0.22515951092881048,0.5127380688293468,BALANCE,1,-4.501793574890472e-07
5.36,-0.008745487907812946,0.0,-0.009203884727313847,-0.009657372848768535,0.12209295577626007,1.4536565089976272,BALANCE,1,-4.501793574890472e-07
5.362,-0.008745487907812946,0.0,-0.009203884727313847,-0.009498652006259397,0.07936042125456909,4.244395922761589,BALANCE,1,-4.501793574890472e-07
5.364,-0.008745487907812946,0.0,-0.009203884727313847,-0.009395483458628458,0.05158427381546978,3.910159166737358,BALANCE,1,-4.501793574890472e-07
5.3660000000000005,-0.008745487907812946,0.0,-0.010737865515199488,-0.009865317178428321,-0.23491685989993158,3.6922610033906937,BALANCE,1,-4.501793574890472e-07
5.368,-0.008745487907812946,0.0,-0.010737865515199488,-0.010170709096298233,-0.1526959589349562,1.3700888470438053,BALANCE,1,-4.501793574890472e-07
5.37,-0.008745487907812946,0.0,-0.010737865515199488,-0.010369213842913675,-0.09925237330772087,2.007498397872154,BALANCE,1,-4.501793574890472e-07
5.372,-0.008745487907812946,0.0,-0.007669903939428206,-0.009424455376693765,0.47237923310995517,2.4210629553245266,BALANCE,1,-4.501793574890472e-07
5.3740000000000006,-0.008745487907812946,0.0,-0.010737865515199488,-0.00988414892517077,-0.22984677423850286,7.048916423563791,BALANCE,1,-4.501793574890472e-07
5.376,-0.008745487907812946,0.0,-0.007669903939428206,-0.009109163180160876,0.3874928725049473,1.4015499220824723,BALANCE,1,-4.501793574890472e-07
5.378,-0.008745487907812946,0.0,-0.009203884727313847,-0.009142315721664419,-0.016576270751771614,6.384944408094635,BALANCE,1,-4.501793574890472e-07
5.38,-0.008745487907812946,0.0,-0.006135923151542565,-0.008090078322121773,0.5261186997713232,3.148573646406338,BALANCE,1,-4.501793574890472e-07
5.382,-0.008745487907812946,0.0,-0.007669903939428206,-0.007943017288179028,0.07353051697137243,7.551649638899232,BALANCE,1,-4.501793574890472e-07
5.384,-0.008745487907812946,0.0,-0.009203884727313847,-0.008384320891876218,-0.22065180184859498,3.9381792350785543,BALANCE,1,-4.501793574890472e-07
5.386,-0.008745487907812946,0.0,-0.009203884727313847,-0.008671168234279391,-0.14342367120158667,1.5565656041186084,BALANCE,1,-4.501793574890472e-07
5.388,-0.008745487907812946,0.0,-0.009203884727313847,-0.008857619006841453,-0.09322538628103119,2.155445575103629,BALANCE,1,-4.501793574890472e-07
5.39,-0.008745487907812946,0.0,-0.010737865515199488,-0.009515705284766768,-0.3290431389626576,2.544073284312981,BALANCE,1,-4.501793574890472e-07
5.392,-0.008745487907812946,0.0,-0.009203884727313847,-0.009406568089658248,0.054568597554260044,0.616142945127498,BALANCE,1,-4.501793574890472e-07
5.394,-0.008745487907812946,0.0,-0.009203884727313847,-0.00933562891283771,0.03546958841026907,3.6897037553514185,BALANCE,1,-4.501793574890472e-07
5.396,-0.008745487907812946,0.0,-0.009203884727313847,-0.009289518447904361,0.023055232466674506,3.539300907026155,BALANCE,1,-4.501793574890472e-07
5.398,-0.008745487907812946,0.0,-0.007669903939428206,-0.00872265336993771,0.283432538983326,3.4408947836838184,BALANCE,1,-4.501793574890472e-07
5.4,-0.008745487907812946,0.0,-0.009203884727313847,-0.00889108434501936,-0.08421548754082575,5.556180609821042,BALANCE,1,-4.501793574890472e-07
5.402,-0.008745487907812946,0.0,-0.007669903939428206,-0.00846367120306246,0.21370657097845042,2.603112322253925,BALANCE,1,-4.501793574890472e-07
5.404,-0.008745487907812946,0.0,-0.007669903939428206,-0.008185852660790475,0.13890927113599255,5.010440844684936,BALANCE,1,-4.501793574890472e-07
5.406,-0.008745487907812946,0.0,-0.009203884727313847,-0.008542163884073658,-0.1781556116415917,4.427094387949434,BALANCE,1,-4.501793574890472e-07
5.408,-0.008745487907812946,0.0,-0.010737865515199488,-0.009310659454967701,-0.38424778544702154,1.8674882195549547,BALANCE,1,-4.501793574890472e-07
5.41,-0.008745487907812946,0.0,-0.009203884727313847,-0.009273288300288856,0.018685577339422853,0.17077896296687944,BALANCE,1,-4.501793574890472e-07
5.412,-0.008745487907812946,0.0,-0.007669903939428206,-0.008712103773987631,0.28059226315061203,3.394633476879107,BALANCE,1,-4.501793574890472e-07
5.414,-0.008745487907812946,0.0,-0.009203884727313847,-0.008884227107651809,-0.0860616668320888,5.521815614191897,BALANCE,1,-4.501793574890472e-07
5.416,-0.008745487907812946,0.0,-0.007669903939428206,-0.00845921399877355,0.21250655443912947,2.576479928888909,BALANCE,1,-4.501793574890472e-07
5.418,-0.008745487907812946,0.0,-0.009203884727313847,-0.008719848753762657,-0.13031737749455344,4.988834642791597,BALANCE,1,-4.501793574890472e-07
5.42,-0.008745487907812946,0.0,-0.009203884727313847,-0.008889261344505576,-0.08470629537145942,2.228861132272034,BALANCE,1,-4.501793574890472e-07
5.422,-0.008745487907812946,0.0,-0.007669903939428206,-0.0084624862527285,0.21338754588853814,2.5818071815433097,BALANCE,1,-4.501793574890472e-07
5.424,-0.008745487907812946,0.0,-0.007669903939428206,-0.0081850824430734,0.13870190482754943,4.990471919879369,BALANCE,1,-4.501793574890472e-07
5.426,-0.008745487907812946,0.0,-0.007669903939428206,-0.008004769966797585,0.09015623813790792,4.40799400348215,BALANCE,1,-4.501793574890472e-07
5.428,-0.008745487907812946,0.0,-0.009203884727313847,-0.00842446013297828,-0.20984508309034727,4.028846464548208,BALANCE,1,-4.501793574890472e-07
5.43,-0.008745487907812946,0.0,-0.007669903939428206,-0.008160365465235757,0.13204733387126108,1.6019695927247288,BALANCE,1,-4.501793574890472e-07
5.432,-0.008745487907812946,0.0,-0.007669903939428206,-0.007988703931203118,0.08583076701631966,4.3513225353891,BALANCE,1,-4.501793574890472e-07
5.434,-0.008745487907812946,0.0,-0.007669903939428206,-0.007877123934081902,0.055789998560608,3.9902919518052866,BALANCE,1,-4.501793574890472e-07
5.436,-0.008745487907812946,0.0,-0.0046019423636569235,-0.006730810384433163,0.5731567748243696,3.75508517920005,BALANCE,1,-4.501793574890472e-07
5.438,-0.008745487907812946,0.0,-0.009203884727313847,-0.007596386404441405,-0.43278801000412115,7.96145204021218,BALANCE,1,-4.501793574890472e-07
5.44,-0.008745487907812946,0.0,-0.007669903939428206,-0.007622117541686789,-0.012865568622691826,-0.13956007689712813,BALANCE,1,-4.501793574890472e-07
5.442,-0.008745487907812946,0.0,-0.007669903939428206,-0.007638842780896288,-0.008362619604749492,3.2167511624112457,BALANCE,1,-4.501793574890472e-07
5.444,-0.008745487907812946,0.0,-0.007669903939428206,-0.007649714186382462,-0.005435702743087061,3.250243471646035,BALANCE,1,-4.501793574890472e-07
5.446,-0.008745487907812946,0.0,-0.009203884727313847,-0.008193673875708449,-0.2719798446629935,3.2714765793728877,BALANCE,1,-4.501793574890472e-07
5.448,-0.008745487907812946,0.0,-0.007669903939428206,-0.008010354398010367,0.09165973884904098,1.104847127878935,BALANCE,1,-4.501793574890472e-07
5.45,-0.008745487907812946,0.0,-0.007669903939428206,-0.007891196737506613,0.05957883025187703,4.023360893757494,BALANCE,1,-4.501793574890472e-07
5.452,-0.008745487907812946,0.0,-0.007669903939428206,-0.007813744258179173,0.03872623966371964,3.772284845262906,BALANCE,1,-4.501793574890472e-07
5.454,-0.008745487907812946,0.0,-0.009203884727313847,-0.008300293422376313,-0.24327458209856978,3.6085485204656575,BALANCE,1,-4.501793574890472e-07
5.456,-0.008745487907812946,0.0,-0.006135923151542565,-0.0075427638275845045,0.37876479739590424,1.3216889378310386,BALANCE,1,-4.501793574890472e-07
5.458,-0.008745487907812946,0.0,-0.007669903939428206,-0.007587262866729803,-0.022249519572649454,6.341947196708823,BALANCE,1,-4.501793574890472e-07
5.46,-0.008745487907812946,0.0,-0.010737865515199488,-0.008689973793694196,-0.5513554634821961,3.129645266038329,BALANCE,1,-4.501793574890472e-07
5.462,-0.008745487907812946,0.0,-0.010737865515199488,-0.009406735896221052,-0.358381051263428,-1.171102935614646,BALANCE,1,-4.501793574890472e-07
5.464,-0.008745487907812946,0.0,-0.009203884727313847,-0.009335737987103533,0.03549895455875942,0.32780528880464255,BALANCE,1,-4.501793574890472e-07
5.466,-0.008745487907812946,0.0,-0.006135923151542565,-0.008215802794657197,0.5599675962231678,3.4812380623317725,BALANCE,1,-4.501793574890472e-07
5.468,-0.008745487907812946,0.0,-0.010737865515199488,-0.009098524746847001,-0.44136097609490194,7.742540146634889,BALANCE,1,-4.501793574890472e-07
5.47,-0.008745487907812946,0.0,-0.007669903939428206,-0.008598507464250426,0.25000864129828737,-0.3228714539904267,BALANCE,1,-4.501793574890472e-07
5.472,-0.008745487907812946,0.0,-0.007669903939428206,-0.008273496230562652,0.162505616843887,5.236366820618032,BALANCE,1,-4.501793574890472e-07
5.474,-0.008745487907812946,0.0,-0.010737865515199488,-0.009136025480185548,-0.431264624811448,4.554188599757983,BALANCE,1,-4.501793574890472e-07
5.476,-0.008745487907812946,0.0,-0.009203884727313847,-0.009159776216680456,-0.011875368247453964,-0.24955229355810848,BALANCE,1,-4.501793574890472e-07
5.478,-0.008745487907812946,0.0,-0.007669903939428206,-0.008638320919642171,0.26072764851914254,3.1023047595208135,BALANCE,1,-4.501793574890472e-07
5.48,-0.008745487907812946,0.0,-0.006135923151542565,-0.007762481700807312,0.4379196094174294,5.312688547291954,BALANCE,1,-4.501793574890472e-07
5.482,-0.008745487907812946,0.0,-0.007669903939428206,-0.007730079484324628,0.01620110824134208,6.781222091268179,BALANCE,1,-4.501793574890472e-07
5.484,-0.008745487907812946,0.0,-0.009203884727313847,-0.008245911319370858,-0.2579159175231148,3.407872198951577,BALANCE,1,-4.501793574890472e-07
5.486,-0.008745487907812946,0.0,-0.007669903939428206,-0.008044308736390933,0.10080129148996256,1.1823369004692736,BALANCE,1,-4.501793574890472e-07
5.488,-0.008745487907812946,0.0,-0.010737865515199488,-0.00898705360897393,-0.4713724362914989,4.06256186580541,BALANCE,1,-4.501793574890472e-07
5.49,-0.008745487907812946,0.0,-0.009203884727313847,-0.009062944500392904,-0.037945445709486846,-0.5731900595230566,BALANCE,1,-4.501793574890472e-07
5.492,-0.008745487907812946,0.0,-0.009203884727313847,-0.009112273579815236,-0.024664539711166146,2.8878598227478234,BALANCE,1,-4.501793574890472e-07
5.494,-0.008745487907812946,0.0,-0.006135923151542565,-0.008070550929919804,0.5208613249477163,2.9893248712530864,BALANCE,1,-4.501793574890472e-07
5.496,-0.008745487907812946,0.0,-0.009203884727313847,-0.008467217759007722,-0.19833341454395925,7.414421037331888,BALANCE,1,-4.501793574890472e-07
5.498,-0.008745487907812946,0.0,-0.006135923151542565,-0.00765126464639492,0.4079765563064011,1.6353696681014074,BALANCE,1,-4.501793574890472e-07
5.5,-0.008745487907812946,0.0,-0.010737865515199488,-0.008731574950476521,-0.5401551520408006,6.533276368731779,BALANCE,1,-4.501793574890472e-07
5.502,-0.008745487907812946,0.0,-0.007669903939428206,-0.008359990096609614,0.1857924269334536,-1.1183422312808258,BALANCE,1,-4.501793574890472e-07
5.5040000000000004,-0.008745487907812946,0.0,-0.007669903939428206,-0.008118459941596124,0.12076507750674505,4.7098614937259,BALANCE,1,-4.501793574890472e-07
5.506,-0.008745487907812946,0.0,-0.010737865515199488,-0.009035251892357304,-0.45839597538058996,4.202510815624722,BALANCE,1,-4.501793574890472e-07
5.508,-0.008745487907812946,0.0,-0.010737865515199488,-0.009631166660352072,-0.297957383997384,-0.4875921748981007,BALANCE,1,-4.501793574890472e-07
5.51,-0.008745487907812946,0.0,-0.007669903939428206,-0.008944724708028722,0.3432209761616749,0.7582354367557906,BALANCE,1,-4.501793574890472e-07
5.5120000000000005,-0.008745487907812946,0.0,-0.009203884727313847,-0.009035430714778518,-0.045353003374898164,5.927059890226057,BALANCE,1,-4.501793574890472e-07
5.514,-0.008745487907812946,0.0,-0.009203884727313847,-0.009094389619165887,-0.029479452193684197,2.811218607385529,BALANCE,1,-4.501793574890472e-07
5.516,-0.008745487907812946,0.0,-0.010737865515199488,-0.00966960618277765,-0.28760828180588155,2.9328506046481655,BALANCE,1,-4.501793574890472e-07
5.518,-0.008745487907812946,0.0,-0.007669903939428206,-0.008969710397605347,0.34994789258615144,0.8313730526973258,BALANCE,1,-4.501793574890472e-07
5.5200000000000005,-0.008745487907812946,0.0,-0.009203884727313847,-0.009051671413003325,-0.04098050769898911,5.972022252864406,BALANCE,1,-4.501793574890472e-07
5.522,-0.008745487907812946,0.0,-0.01227184630308513,-0.01017873262453196,-0.5635306057643176,2.837867055376803,BALANCE,1,-4.501793574890472e-07
5.524,-0.008745487907812946,0.0,-0.009203884727313847,-0.009837535860505623,0.1705983820131686,-1.4121931483624506,BALANCE,1,-4.501793574890472e-07
5.526,-0.008745487907812946,0.0,-0.007669903939428206,-0.00907886468812853,0.37933558618854624,4.479343052526918,BALANCE,1,-4.501793574890472e-07
5.5280000000000005,-0.008745487907812946,0.0,-0.009203884727313847,-0.009122621701843395,-0.021878506857432242,6.19294518333494,BALANCE,1,-4.501793574890472e-07
5.53,-0.008745487907812946,0.0,-0.009203884727313847,-0.009151063760758056,-0.014221029457330697,2.9787824938038514,BALANCE,1,-4.501793574890472e-07
5.532,-0.008745487907812946,0.0,-0.010737865515199488,-0.009706444374812561,-0.2776903070272523,3.036505576717632,BALANCE,1,-4.501793574890472e-07
5.534,-0.008745487907812946,0.0,-0.009203884727313847,-0.009530548498188015,0.08794793831227304,0.8934872304400265,BALANCE,1,-4.501793574890472e-07
5.5360000000000005,-0.008745487907812946,0.0,-0.010737865515199488,-0.009953109454142033,-0.211280477977009,3.827240836054064,BALANCE,1,-4.501793574890472e-07
5.538,-0.008745487907812946,0.0,-0.01380582709097077,-0.011301560627032093,-0.6742255864450302,1.4060692264917383,BALANCE,1,-4.501793574890472e-07
5.54,-0.008745487907812946,0.0,-0.007669903939428206,-0.010030480786370735,0.635539920330679,-2.3806590237512415,BALANCE,1,-4.501793574890472e-07
5.542,-0.008745487907812946,0.0,-0.009203884727313847,-0.009741172165700827,0.14465431033495404,8.17172372473684,BALANCE,1,-4.501793574890472e-07
5.5440000000000005,-0.008745487907812946,0.0,-0.010737865515199488,-0.010090014838025362,-0.1744213361622674,4.260049127578093,BALANCE,1,-4.501793574890472e-07
5.546,-0.008745487907812946,0.0,-0.007669903939428206,-0.00924297602351636,0.42351940725450077,1.684495392293245,BALANCE,1,-4.501793574890472e-07
5.548,-0.008745487907812946,0.0,-0.007669903939428206,-0.00869240079408551,0.2752876147154252,6.516995073293227,BALANCE,1,-4.501793574890472e-07
5.55,-0.008745487907812946,0.0,-0.009203884727313847,-0.008871420170715431,-0.08950968831496035,5.362436766587656,BALANCE,1,-4.501793574890472e-07
5.5520000000000005,-0.008745487907812946,0.0,-0.006135923151542565,-0.007913996214004931,0.4787119783552498,2.431542895712634,BALANCE,1,-4.501793574890472e-07
5.554,-0.008745487907812946,0.0,-0.009203884727313847,-0.008365457193663054,-0.22573048982906135,7.0331788672341435,BALANCE,1,-4.501793574890472e-07
5.556,-0.008745487907812946,0.0,-0.007669903939428206,-0.008122013554680861,0.12172181949109649,1.3688783715414345,BALANCE,1,-4.501793574890472e-07
5.558,-0.008745487907812946,0.0,-0.009203884727313847,-0.008500668465102409,-0.18932745521077401,4.1614790617306925,BALANCE,1,-4.501793574890472e-07
5.5600000000000005,-0.008745487907812946,0.0,-0.007669903939428206,-0.008209900881116441,0.145383791992984,1.6486654357974158,BALANCE,1,-4.501793574890472e-07
5.562,-0.008745487907812946,0.0,-0.009203884727313847,-0.008557795227285536,-0.17394717308454738,4.342159488290415,BALANCE,1,-4.501793574890472e-07
5.564,-0.008745487907812946,0.0,-0.009203884727313847,-0.008783926552295448,-0.11306566250495614,1.764926547854561,BALANCE,1,-4.501793574890472e-07
5.566,-0.008745487907812946,0.0,-0.009203884727313847,-0.00893091191355189,-0.07349268062822097,2.236653967680237,BALANCE,1,-4.501793574890472e-07
5.5680000000000005,-0.008745487907812946,0.0,0.15992004767682727,0.05016692394308081,29.54891792831635,2.5426325186360215,BALANCE,1,-4.501793574890472e-07
5.57,-0.008866454809882303,-0.12096912697711813,-0.010737865515199488,0.02885024763268271,-10.658338155199049,100.0,BALANCE,1,1.0981907370746595e-06
5.572,-0.009086629822272093,-0.09920993518284835,-0.010737865515199488,0.014994408030923946,-6.927919800879382,-79.86349165563,BALANCE,1,5.638934467987133e-07
5.574,-0.00920924355279156,-0.023406050661328837,-0.006135923151542565,0.007598792117060671,-3.6978079569316376,-50.84849631557199,BALANCE,1,-4.407525050235097e-07
5.5760000000000005,-0.009158813154380354,0.07383737658882239,-0.007669903939428206,0.002254748497289568,-2.6720218098855515,-25.449818760398426,BALANCE,1,8.78052668992868e-08
5.578,-0.008996924003411897,0.08805475205065919,-0.007669903939428206,-0.0012188798555616497,-1.7368141764256089,-17.563721251516544,BALANCE,1,3.506179186880847e-07
5.58,-0.008804571950585843,0.10430083876489879,-0.009203884727313847,-0.0040136315606749155,-1.3973758525566329,-10.290721660979187,BALANCE,1,7.04108289581701e-07
5.582,-0.008580511394253722,0.11976383879071222,-0.006135923151542565,-0.00475643361747859,-0.37140102840183725,-7.743702898646312,BALANCE,1,1.0966050962167135e-06
5.5840000000000005,-0.008334360145882659,0.12639193714173483,-0.007669903939428206,-0.005776148230160953,-0.5098573063411814,0.4185762844603369,BALANCE,1,1.2951432860355436e-06
5.586,-0.0080814340862415,0.12653877468688504,-0.009203884727313847,-0.006975856004164463,-0.599853887001755,-0.7514120454613904,BALANCE,1,1.323543149156474e-06
5.588,-0.00783303370460338,0.12186617590829824,-0.0046019423636569235,-0.006144986229986821,0.4154348870888209,-1.5447623283870229,BALANCE,1,1.2230035578946172e-06
5.59,-0.007606323057669537,0.10484864104846385,-0.006135923151542565,-0.0061418141525313285,0.0015860387277463056,6.6261710535422464,BALANCE,1,8.320723434397731e-07
5.5920000000000005,-0.007421032666391631,0.08044515839756856,-0.0046019423636569235,-0.005602859026425284,0.26947756305302234,3.3143422284704727,BALANCE,1,3.6613448372172397e-07
5.594,-0.0072931251641469375,0.04746469654766276,-0.009203884727313847,-0.006863218021736278,-0.6301794976554969,5.488691158833758,BALANCE,1,-7.27639793988638e-08
5.596,-0.007231340035431871,0.014321568640976307,-0.007669903939428206,-0.007145558092928449,-0.1411700355960859,-1.7855595101574022,BALANCE,1,-2.85912896192141e-07
5.598,-0.007239576338488411,-0.022558023167882656,-0.007669903939428206,-0.007329079139203361,-0.09176052313745585,2.10814667042777,BALANCE,1,-2.542136685896492e-07
5.6000000000000005,-0.007232025201150367,0.030109299362941558,-0.006135923151542565,-0.00691147454352208,0.20880229784064072,2.490945691492475,BALANCE,1,-2.111485496000334e-07
5.602,-0.007218678884748188,-0.01676273744213288,-0.010737865515199488,-0.00825071138360917,-0.6696184200435449,4.91912224014942,BALANCE,1,-2.7674195502321217e-07
5.604,-0.0072033543403943415,0.032087563636619965,-0.007669903939428206,-0.00804742877814583,0.10164130273166999,-2.1902478556060117,BALANCE,1,-1.9558804185187444e-07
5.606,-0.007188340469899237,-0.01707341694894135,-0.009203884727313847,-0.008452188360354633,-0.20237979110440152,3.990417397167878,BALANCE,1,-2.7304798700430873e-07
5.6080000000000005,-0.007179329357057909,0.026084695507995664,-0.007669903939428206,-0.00817838881303038,0.1368997736621259,1.5322726338747072,BALANCE,1,-2.3080223165974493e-07
5.61,-0.007181534469354788,-0.028289848328068447,-0.007669903939428206,-0.008000419107269617,0.08898485288038205,4.261301447083776,BALANCE,1,-2.1819884482861236e-07
5.612,-0.007201732650889985,0.008091295250727652,-0.007669903939428206,-0.00788473879852512,0.057840154372248466,3.887060179354016,BALANCE,1,-2.9829242868227257e-07
5.614,-0.007241726769102009,-0.04808614906090036,-0.007669903939428206,-0.007809546597841197,0.037596100341961286,3.643266462053912,BALANCE,1,-6.203287542600096e-08
5.6160000000000005,-0.007305750017768172,-0.015938277245153502,-0.007669903939428206,-0.007760671667396647,0.024437465222275183,3.4842636525330817,BALANCE,1,-2.8706147581110375e-07
5.618,-0.007307167928773339,0.014520340138892984,-0.006135923151542565,-0.007192009686847715,0.2843309902744659,3.3803749330687864,BALANCE,1,-2.9179019464172773e-07
5.62,-0.0073444130667620205,-0.05176616315469798,-0.010737865515199488,-0.008433059226770833,-0.6205247699615588,5.4922044503818785,BALANCE,1,-3.1653317561179985e-08
5.622,-0.007416422275605675,-0.020244370217959974,-0.007669903939428206,-0.00816595487620091,0.13355217528496136,-1.8227912157470607,BALANCE,1,-2.800323711512507e-07
5.6240000000000006,-0.0074277101916694266,0.008956246509244464,-0.0046019423636569235,-0.006918550496810512,0.6237021896951991,4.2242174162840564,BALANCE,1,-3.16178101487212e-07
5.626,-0.007477760812193716,-0.059007787597515876,-0.007669903939428206,-0.007181524201726702,-0.1314868524580951,8.21887808423002,BALANCE,1,4.227931345877732e-08
5.628,-0.007571647977365686,-0.03488110451069712,-0.007669903939428206,-0.007352457109922226,-0.08546645409776175,2.16015101986835,BALANCE,1,-2.0766148164265096e-07
5.63,-0.007616886224375006,-0.010357974607533332,-0.009203884727313847,-0.00800045677600929,-0.32399983304353186,2.516587740837301,BALANCE,1,-3.3004213585410294e-07
5.632,-0.00761224734100762,0.014996943283321146,-0.006135923151542565,-0.007347870007445933,0.32629338428167814,0.5678406379507144,BALANCE,1,-3.170801117036446e-07
5.634,-0.007652199328401037,-0.05494966548839311,-0.0046019423636569235,-0.006386795332119777,0.4805373376630781,5.807872008664707,BALANCE,1,-2.2583498604356067e-08
5.636,-0.0077426313515148,-0.03548402100388305,-0.009203884727313847,-0.007372776620437699,-0.492990644158961,7.098210757169052,BALANCE,1,-2.1854848828954728e-07
5.638,-0.00778984984385367,-0.011735339865982752,-0.007669903939428206,-0.007476771182084373,-0.051997280823337044,-0.7506465300304237,BALANCE,1,-3.4248109515651415e-07
5.64,-0.007790226491811196,0.011358684964944778,-0.007669903939428206,-0.0075443676471547115,-0.033798232535169316,2.7695653487193503,BALANCE,1,-3.4344347267048805e-07
5.642,-0.00783629735759105,-0.05743039810396317,-0.009203884727313847,-0.008125198625210406,-0.2904154890278473,2.9095930735910414,BALANCE,1,-9.62962648041457e-09
5.644,-0.007925066698841365,-0.03134057594440601,-0.006135923151542565,-0.007428952209426659,0.3481232078918735,0.8201801232412333,BALANCE,1,-2.6490681506691406e-07
5.646,-0.007964979847578614,-0.00857330695106032,-0.007669903939428206,-0.007513285314927198,-0.04216655275026933,5.96877869310414,BALANCE,1,-3.655710168245604e-07
5.648,-0.007962048142418283,0.011505066022139354,-0.009203884727313847,-0.008104995109262521,-0.29585489716766167,2.8398979645739795,BALANCE,1,-3.5901725444642335e-07
5.65,-0.008006547219595641,-0.05600496164768633,-0.009203884727313847,-0.008489606475580481,-0.19230568315898017,0.7732676225528676,BALANCE,1,-4.2752883149739025e-08
5.652,-0.008092068150788861,-0.02951754259205745,-0.007669903939428206,-0.008202710587927181,0.1434479438266502,1.576886731348126,BALANCE,1,-2.9248529905808035e-07
5.654,-0.008126302900035147,-0.004717836367305033,-0.009203884727313847,-0.008553121536712512,-0.17520547439266523,4.278488958374782,BALANCE,1,-3.8631627434426094e-07
5.656,-0.00812215911842868,0.008861694183153215,-0.009203884727313847,-0.008780888653422976,-0.11388355835523223,1.7065263313857957,BALANCE,1,-3.799176651913432e-07
5.658,-0.008169147831253281,-0.05585127124982921,-0.007669903939428206,-0.008392044003524803,0.19442232494908637,2.1816794549519476,BALANCE,1,-6.006767261436359e-08
5.66,-0.008256506390500337,-0.031508894840560756,-0.007669903939428206,-0.008139294981090991,0.12637451121690588,4.669778791579681,BALANCE,1,-2.9534595712948233e-07
5.662,-0.008296445462672457,-0.008430911964835117,-0.006135923151542565,-0.007438114840749039,0.35059007017097626,4.138933364072048,BALANCE,1,-3.9755508904965794e-07
5.664,-0.008296264759217603,0.00861161873191946,-0.006135923151542565,-0.00698234774952677,0.2278835456111343,5.973241021156978,BALANCE,1,-3.972089395052325e-07
5.666,-0.00835131817608081,-0.06366604816855455,-0.007669903939428206,-0.007222992415992269,-0.12032233323274952,5.017538380601673,BALANCE,1,2.18451758750597e-08
5.668,-0.008458644217761305,-0.043661967620435685,-0.009203884727313847,-0.00791630472495482,-0.34665615448127485,2.2160080713794743,BALANCE,1,-2.177870558220765e-07
5.67,-0.008522876589360231,-0.020571585447442083,-0.007669903939428206,-0.007830064450020501,0.043120137467158974,0.3621555019085281,BALANCE,1,-3.824127892429079e-07
5.672,-0.008541397915681481,0.0020499184403741273,-0.007669903939428206,-0.007774008271313195,0.028028089353653203,3.4839742411020533,BALANCE,1,-4.2896510391247755e-07
5.674,-0.008579998858068455,-0.0406515708015817,-0.009203884727313847,-0.00827446503091342,-0.25022837980011226,3.365046425262183,BALANCE,1,-2.570313346110427e-07
5.676,-0.008636888481467753,-0.016239099008219734,-0.009203884727313847,-0.008599761924653566,-0.16264844687007354,1.1073123734498633,BALANCE,1,-4.109395111490799e-07
5.678,-0.008644019191558718,0.00910825774208908,-0.009203884727313847,-0.008811204905584662,-0.10572149046554798,1.7867140708808336,BALANCE,1,-4.309445895817491e-07
5.68,-0.00869117949017532,-0.056269423752570186,-0.007669903939428206,-0.0084117495674299,0.1997276690773814,2.2276809022800554,BALANCE,1,-1.0687250912490914e-07
5.682,-0.008779773184642013,-0.03232590026838793,-0.009203884727313847,-0.008688996873389278,-0.13862365297968945,4.693559148999292,BALANCE,1,-3.4225315659989224e-07
5.684,-0.0088195290440194,-0.007430690370321114,-0.009203884727313847,-0.008869207622262874,-0.09010537443679759,1.9683759348104837,BALANCE,1,-4.5194458410132337e-07
5.686,-0.008813606770309571,0.013353072996680447,-0.009203884727313847,-0.008986344609030712,-0.05856849338391895,2.3439356766967503,BALANCE,1,-4.38200391444267e-07
5.688,-0.008854703309266921,-0.05445036781202547,-0.010737865515199488,-0.00959937692618978,-0.3065161585795346,2.587405236991903,BALANCE,1,-1.4524347846905848e-07
5.69,-0.008935950128653088,-0.026797945994898674,-0.009203884727313847,-0.009460954656583202,0.06921113480328964,0.5651221010121952,BALANCE,1,-3.9340053966456015e-07
5.692,-0.008963048346649804,-0.00030077044680083473,-0.007669903939428206,-0.00883408690557895,0.31343387550212576,3.5773535933198675,BALANCE,1,-4.728462681133188e-07
5.694,-0.008963048346649804,0.0,-0.010737865515199488,-0.009500409418946136,-0.333161256683593,5.566980766589696,BALANCE,1,-4.728559174852301e-07
5.696,-0.008963048346649804,0.0,-0.006135923151542565,-0.008322839225354883,0.5887850967956267,0.3523402764181256,BALANCE,1,-4.728559174852301e-07
5.698,-0.008963048346649804,0.0,-0.009203884727313847,-0.008631205151040516,-0.15418296284281685,7.796900748022288,BALANCE,1,-4.728559174852301e-07
5.7,-0.008963048346649804,0.0,-0.010737865515199488,-0.009368536278496153,-0.36866556372781856,1.832928074343393,BALANCE,1,-4.728559174852301e-07
5.702,-0.008963048346649804,0.0,-0.007669903939428206,-0.00877401495982237,0.2972606593368921,0.07095369236034177,BALANCE,1,-4.728559174852301e-07
5.704,-0.008963048346649804,0.0,-0.009203884727313847,-0.008924469378444384,-0.07522720931100751,5.43227995300649,BALANCE,1,-4.728559174852301e-07
5.706,-0.008963048346649804,0.0,-0.007669903939428206,-0.008485371474788719,0.21954895182783266,2.4415648448302836,BALANCE,1,-4.728559174852301e-07
5.708,-0.008963048346649804,0.0,-0.006135923151542565,-0.007663064561652562,0.4111534565680785,4.824422933865387,BALANCE,1,-4.728559174852301e-07
5.71,-0.008963048346649804,0.0,-0.006135923151542565,-0.007128565068114059,0.26724974676925123,6.405064773663193,BALANCE,1,-4.728559174852301e-07
5.712,-0.008963048346649804,0.0,-0.009203884727313847,-0.007854926948833982,-0.3631809403599612,5.284479351871262,BALANCE,1,-4.728559174852301e-07
5.714,-0.008963048346649804,0.0,-0.009203884727313847,-0.008327062171301932,-0.2360676112339753,0.19588115660460081,BALANCE,1,-4.728559174852301e-07
5.716,-0.008963048346649804,0.0,-0.009203884727313847,-0.0086339500659061,-0.15344394730208363,1.1827942638301505,BALANCE,1,-4.728559174852301e-07
5.718,-0.008963048346649804,0.0,-0.006135923151542565,-0.007759640645878859,0.4371547100136203,1.8236435115958525,BALANCE,1,-4.728559174852301e-07
5.72,-0.008963048346649804,0.0,-0.009203884727313847,-0.008265126074381101,-0.25274271425112116,6.599339407193942,BALANCE,1,-4.728559174852301e-07
5.722,-0.008963048346649804,0.0,-0.009203884727313847,-0.00859369160290756,-0.16428276426322905,1.0481778621510003,BALANCE,1,-4.728559174852301e-07
5.724,-0.008963048346649804,0.0,-0.009203884727313847,-0.008807259196449757,-0.1067837967710988,1.7344247920219682,BALANCE,1,-4.728559174852301e-07
5.726,-0.008963048346649804,0.0,-0.006135923151542565,-0.007872291580732237,0.4674838078587602,2.179841024507189,BALANCE,1,-4.728559174852301e-07
5.728,-0.008963048346649804,0.0,-0.009203884727313847,-0.008338349182035798,-0.2330288006517807,6.828505460172965,BALANCE,1,-4.728559174852301e-07
5.73,-0.008963048346649804,0.0,-0.006135923151542565,-0.007567500071363163,0.38542455533631736,1.1947734661740177,BALANCE,1,-4.728559174852301e-07
5.732,-0.008963048346649804,0.0,-0.010737865515199488,-0.008677127976705874,-0.5548139526713554,6.187137760704888,BALANCE,1,-4.728559174852301e-07
5.734,-0.008963048346649804,0.0,-0.007669903939428206,-0.008324599563658688,0.17626420652359312,-1.4030834032723973,BALANCE,1,-4.728559174852301e-07
5.736,-0.008963048346649804,0.0,-0.009203884727313847,-0.00863234937093799,-0.15387490363965098,4.4650286551572895,BALANCE,1,-4.728559174852301e-07
5.738,-0.008963048346649804,0.0,-0.010737865515199488,-0.009369280021429512,-0.368465325245761,1.8037243155403917,BALANCE,1,-4.728559174852301e-07
5.74,-0.008963048346649804,0.0,-0.009203884727313847,-0.009311391668489027,0.02894417647024243,0.040911247657734684,BALANCE,1,-4.728559174852301e-07
5.742,-0.008963048346649804,0.0,-0.009203884727313847,-0.009273764239077711,0.01881371470565784,3.221798284228493,BALANCE,1,-4.728559174852301e-07
5.744,-0.008963048346649804,0.0,-0.007669903939428206,-0.008712413134200382,0.28067555243866443,3.1411574830286795,BALANCE,1,-4.728559174852301e-07
5.746,-0.008963048346649804,0.0,-0.007669903939428206,-0.008347534916030117,0.1824391090851328,5.267990768558532,BALANCE,1,-4.728559174852301e-07
5.748,-0.008963048346649804,0.0,-0.007669903939428206,-0.008110364074219445,0.1185854209053358,4.502322407837288,BALANCE,1,-4.728559174852301e-07
5.75,-0.008963048346649804,0.0,-0.01227184630308513,-0.009566882854322431,-0.728259390051493,4.004101080092708,BALANCE,1,-4.728559174852301e-07
5.752,-0.008963048346649804,0.0,-0.010737865515199488,-0.009976726785629398,-0.20492196565348367,-2.8599619109389653,BALANCE,1,-4.728559174852301e-07
5.7540000000000004,-0.008963048346649804,0.0,-0.007669903939428206,-0.009169338789458978,0.40369399808521006,1.3001515030095647,BALANCE,1,-4.728559174852301e-07
5.756,-0.008963048346649804,0.0,-0.007669903939428206,-0.008644536591948205,0.2624010987553865,6.215688624931448,BALANCE,1,-4.728559174852301e-07
5.758,-0.008963048346649804,0.0,-0.010737865515199488,-0.009377201715086152,-0.3663325615689732,5.1151046548251164,BALANCE,1,-4.728559174852301e-07
5.76,-0.008963048346649804,0.0,-0.01227184630308513,-0.010390327320885791,-0.5065628028998199,0.03940002449894475,BALANCE,1,-4.728559174852301e-07
5.7620000000000005,-0.008963048346649804,0.0,-0.007669903939428206,-0.009438179137375633,0.47607409175507914,-1.1453075079599842,BALANCE,1,-4.728559174852301e-07
5.764,-0.008963048346649804,0.0,-0.009203884727313847,-0.009356176093854005,0.04100152176081395,6.771028904462343,BALANCE,1,-4.728559174852301e-07
5.766,-0.008963048346649804,0.0,-0.009203884727313847,-0.009302874115564947,0.026650989144528896,3.2934972919007484,BALANCE,1,-4.728559174852301e-07
5.768,-0.008963048346649804,0.0,-0.010737865515199488,-0.009805121105437034,-0.25112349493604336,3.1800305748446984,BALANCE,1,-4.728559174852301e-07
5.7700000000000005,-0.008963048346649804,0.0,-0.007669903939428206,-0.009057795097333942,0.3736630040515462,0.9257388585867079,BALANCE,1,-4.728559174852301e-07
5.772,-0.008963048346649804,0.0,-0.007669903939428206,-0.008572033192066932,0.24288095263350507,5.9670588519541425,BALANCE,1,-4.728559174852301e-07
5.774,-0.008963048346649804,0.0,-0.007669903939428206,-0.008256287953643374,0.15787261921177895,4.9482337482874215,BALANCE,1,-4.728559174852301e-07
5.776,-0.008963048346649804,0.0,-0.007669903939428206,-0.008051053548668061,0.10261720248765614,4.285460537628298,BALANCE,1,-4.728559174852301e-07
5.7780000000000005,-0.008963048346649804,0.0,-0.009203884727313847,-0.008454544461194083,-0.20174545626301058,3.8541210574241003,BALANCE,1,-4.728559174852301e-07
5.78,-0.008963048346649804,0.0,-0.006135923151542565,-0.007643027002816048,0.4057587291890173,1.393319423774967,BALANCE,1,-4.728559174852301e-07
5.782,-0.008963048346649804,0.0,-0.010737865515199488,-0.008726220482150248,-0.5415967396671002,6.300515349493309,BALANCE,1,-4.728559174852301e-07
5.784,-0.008963048346649804,0.0,-0.009203884727313847,-0.008893402967957504,-0.08359124290362781,-1.3450652542121135,BALANCE,1,-4.728559174852301e-07
5.7860000000000005,-0.008963048346649804,0.0,-0.010737865515199488,-0.009538964859492195,-0.32278094576734545,2.3071690901536392,BALANCE,1,-4.728559174852301e-07
5.788,-0.008963048346649804,0.0,-0.010737865515199488,-0.009958580088989744,-0.20980761474877468,0.3530099607799184,BALANCE,1,-4.728559174852301e-07
5.79,-0.008963048346649804,0.0,-0.01227184630308513,-0.010768223263923127,-0.4048215874666913,1.229627979140834,BALANCE,1,-4.728559174852301e-07
5.792,-0.008963048346649804,0.0,-0.009203884727313847,-0.010220704776109877,0.2737592439066251,-0.3812160377512863,BALANCE,1,-4.728559174852301e-07
5.7940000000000005,-0.008963048346649804,0.0,-0.009203884727313847,-0.009864817759031263,0.17794350853930688,5.078237581548818,BALANCE,1,-4.728559174852301e-07
5.796,-0.008963048346649804,0.0,-0.009203884727313847,-0.009633491197930165,0.11566328055054916,4.331091956083182,BALANCE,1,-4.728559174852301e-07
5.798,-0.008963048346649804,0.0,-0.009203884727313847,-0.00948312893321445,0.07518113235785699,3.8448030275996,BALANCE,1,-4.728559174852301e-07
5.8,-0.008963048346649804,0.0,-0.009203884727313847,-0.009385393461149236,0.04886773603260744,3.5280709521543625,BALANCE,1,-4.728559174852301e-07
5.8020000000000005,-0.008963048346649804,0.0,-0.0046019423636569235,-0.007711185577026923,0.8371039420611561,3.321550831184049,BALANCE,1,-4.728559174852301e-07
5.804,-0.008963048346649804,0.0,-0.010737865515199488,-0.008770523555387318,-0.5296689891801974,9.726350715344372,BALANCE,1,-4.728559174852301e-07
5.806,-0.008963048346649804,0.0,-0.007669903939428206,-0.008385306689801626,0.1926084327928462,-1.2731471179991578,BALANCE,1,-4.728559174852301e-07
5.808,-0.008963048346649804,0.0,-0.009203884727313847,-0.008671809002930901,-0.1432511565646376,4.5265082083823724,BALANCE,1,-4.728559174852301e-07
5.8100000000000005,-0.008963048346649804,0.0,-0.010737865515199488,-0.009394928782224903,-0.36155988964700103,1.820706992934159,BALANCE,1,-4.728559174852301e-07
5.812,-0.008963048346649804,0.0,-0.010737865515199488,-0.009864956638766005,-0.23501392827055076,0.028970955761166373,BALANCE,1,-4.728559174852301e-07
5.814,-0.008963048346649804,0.0,-0.010737865515199488,-0.010170474745517721,-0.15275905337585813,1.011163984052549,BALANCE,1,-4.728559174852301e-07
5.816,-0.008963048346649804,0.0,-0.010737865515199488,-0.010369061514906337,-0.09929338469430796,1.6488378018558838,BALANCE,1,-4.728559174852301e-07
5.8180000000000005,-0.008963048346649804,0.0,-0.010737865515199488,-0.010498142915008937,-0.0645407000513,2.062574132841987,BALANCE,1,-4.728559174852301e-07
5.82,-0.008963048346649804,0.0,-0.007669903939428206,-0.009508259273555678,0.4949418207266295,2.330751097396893,BALANCE,1,-4.728559174852301e-07
5.822,-0.008963048346649804,0.0,-0.007669903939428206,-0.008864834906611059,0.32171218347230945,6.864102630252813,BALANCE,1,-4.728559174852301e-07
5.824,-0.008963048346649804,0.0,-0.007669903939428206,-0.008446609068097057,0.20911291925700126,5.515098027253607,BALANCE,1,-4.728559174852301e-07
5.8260000000000005,-0.008963048346649804,0.0,-0.010737865515199488,-0.009248548824582904,-0.40096987824292385,4.637708142028363,BALANCE,1,-4.728559174852301e-07
5.828,-0.008963048346649804,0.0,-0.006135923151542565,-0.008159129839018783,0.5447094927820608,-0.2929203331251049,BALANCE,1,-4.728559174852301e-07
5.83,-0.008963048346649804,0.0,-0.01227184630308513,-0.009598580601442001,-0.7197253812116092,7.336247948240816,BALANCE,1,-4.728559174852301e-07
5.832,-0.008963048346649804,0.0,-0.006135923151542565,-0.008386650493977195,0.6059650537324031,-2.867517805574226,BALANCE,1,-4.728559174852301e-07
5.8340000000000005,-0.008963048346649804,0.0,-0.010737865515199488,-0.009209575751404995,-0.4114626287139,7.809044150326965,BALANCE,1,-4.728559174852301e-07
5.836,-0.008963048346649804,0.0,-0.007669903939428206,-0.008670690617213116,0.2694425670959396,-0.38159473983940817,BALANCE,1,-4.728559174852301e-07
5.838,-0.008963048346649804,0.0,-0.006135923151542565,-0.00778352200422842,0.44358430649234787,5.096245796567379,BALANCE,1,-4.728559174852301e-07
5.84,-0.008963048346649804,0.0,-0.007669903939428206,-0.007743755681548342,0.01988316134003904,6.541053124116882,BALANCE,1,-4.728559174852301e-07
5.8420000000000005,-0.008963048346649804,0.0,-0.009203884727313847,-0.008254800847566265,-0.25552258300896163,3.1522811911229054,BALANCE,1,-4.728559174852301e-07
5.844,-0.008963048346649804,0.0,-0.01227184630308513,-0.009660766756997865,-0.7029829547157999,0.9167215662003114,BALANCE,1,-4.728559174852301e-07
5.846,-0.008963048346649804,0.0,-0.007669903939428206,-0.008963964770848482,0.34840099307469147,-2.7492515153716894,BALANCE,1,-4.728559174852301e-07
5.848,-0.008963048346649804,0.0,-0.010737865515199488,-0.009584830031371332,-0.31043263026142487,5.701835393167035,BALANCE,1,-4.728559174852301e-07
5.8500000000000005,-0.008963048346649804,0.0,-0.009203884727313847,-0.009451499174951208,0.06666542821006163,0.391997524840459,BALANCE,1,-4.728559174852301e-07
5.852,-0.008963048346649804,0.0,-0.010737865515199488,-0.009901727394038103,-0.22511410954344743,3.4148915441625682,BALANCE,1,-4.728559174852301e-07
5.854,-0.008963048346649804,0.0,-0.010737865515199488,-0.010194375736444584,-0.14632417120324057,1.0516612035104749,BALANCE,1,-4.728559174852301e-07
5.856,-0.008963048346649804,0.0,-0.009203884727313847,-0.009847703883248824,0.17333592659788016,1.6623829345404522,BALANCE,1,-4.728559174852301e-07
5.8580000000000005,-0.008963048346649804,0.0,-0.009203884727313847,-0.009622367178671579,0.11266835228862254,4.238494487364514,BALANCE,1,-4.728559174852301e-07
5.86,-0.008963048346649804,0.0,-0.009203884727313847,-0.00947589832069637,0.07323442898760427,3.7647496217293535,BALANCE,1,-4.728559174852301e-07
5.862,-0.008963048346649804,0.0,-0.009203884727313847,-0.009380693563012485,0.04760237884194295,3.4561711871355807,BALANCE,1,-4.728559174852301e-07
5.864,-0.008963048346649804,0.0,-0.006135923151542565,-0.00824502391899801,0.5678348220072371,3.254950932718721,BALANCE,1,-4.728559174852301e-07
5.8660000000000005,-0.008963048346649804,0.0,-0.01227184630308513,-0.009654411753428498,-0.704693917215244,7.483301651898143,BALANCE,1,-4.728559174852301e-07
5.868,-0.008963048346649804,0.0,-0.009203884727313847,-0.009496727294288368,0.07884222957006519,-2.7834224142982213,BALANCE,1,-4.728559174852301e-07
5.87,-0.008963048346649804,0.0,-0.009203884727313847,-0.009394232395847283,0.05124744922054263,3.492428482073802,BALANCE,1,-4.728559174852301e-07
5.872,-0.008963048346649804,0.0,-0.009203884727313847,-0.009327610711860577,0.03331084199335258,3.2759410867049175,BALANCE,1,-4.728559174852301e-07
5.8740000000000006,-0.008963048346649804,0.0,-0.010737865515199488,-0.009821199893029193,-0.24679459058430786,3.134580007784227,BALANCE,1,-4.728559174852301e-07
5.876,-0.008963048346649804,0.0,-0.009203884727313847,-0.00960513958502882,0.108030154000187,0.8621569563142208,BALANCE,1,-4.728559174852301e-07
5.878,-0.008963048346649804,0.0,-0.01227184630308513,-0.010538486936348524,-0.4666736756598526,3.7117975035531963,BALANCE,1,-4.728559174852301e-07
5.88,-0.008963048346649804,0.0,-0.009203884727313847,-0.010071376163186384,0.23355538658106997,-0.943941672193573,BALANCE,1,-4.728559174852301e-07
5.882000000000001,-0.008963048346649804,0.0,-0.010737865515199488,-0.010304647436390967,-0.11663563660229119,4.683903196890899,BALANCE,1,-4.728559174852301e-07
5.884,-0.008963048346649804,0.0,-0.007669903939428206,-0.009382487212453997,0.4610801119684848,1.8663178055444563,BALANCE,1,-4.728559174852301e-07
5.886,-0.008963048346649804,0.0,-0.007669903939428206,-0.008783083066894968,0.2997020727795148,6.541496910104391,BALANCE,1,-4.728559174852301e-07
5.888,-0.008963048346649804,0.0,-0.007669903939428206,-0.008393470372281598,0.19480634730668478,5.284680228712794,BALANCE,1,-4.728559174852301e-07
5.89,-0.008963048346649804,0.0,-0.009203884727313847,-0.008677115396542883,-0.14182251213064237,4.4672124925325,BALANCE,1,-4.728559174852301e-07
5.892,-0.008963048346649804,0.0,-0.009203884727313847,-0.008861484662312718,-0.09218463288491757,1.7554274924988973,BALANCE,1,-4.728559174852301e-07
5.894,-0.008963048346649804,0.0,-0.009203884727313847,-0.00898132468506311,-0.05992001137519569,2.139696073586043,BALANCE,1,-4.728559174852301e-07
5.896,-0.008963048346649804,0.0,-0.010737865515199488,-0.009596113975610839,-0.3073946452738646,2.388826379361782,BALANCE,1,-4.728559174852301e-07
5.898,-0.008963048346649804,0.0,-0.009203884727313847,-0.009458833738706889,0.0686401184519748,0.3702227279444448,BALANCE,1,-4.728559174852301e-07
5.9,-0.008963048346649804,0.0,-0.009203884727313847,-0.009369601584719322,0.04461607699378367,3.384845885217656,BALANCE,1,-4.728559174852301e-07
5.902,-0.008963048346649804,0.0,-0.009203884727313847,-0.009311600684627403,0.029000450045959213,3.1961335624744374,BALANCE,1,-4.728559174852301e-07
5.904,-0.008963048346649804,0.0,-0.009203884727313847,-0.009273900099567656,0.01885029252987353,3.072826280760431,BALANCE,1,-4.728559174852301e-07
5.906,-0.008963048346649804,0.0,-0.010737865515199488,-0.009786287995038794,-0.25619394773556886,2.9920322757154167,BALANCE,1,-4.728559174852301e-07
5.908,-0.008963048346649804,0.0,-0.010737865515199488,-0.010119340127095033,-0.16652606602811978,0.7589778222646015,BALANCE,1,-4.728559174852301e-07
5.91,-0.008963048346649804,0.0,-0.007669903939428206,-0.00926203746141164,0.42865133284169643,1.4543138799754007,BALANCE,1,-4.728559174852301e-07
5.912,-0.008963048346649804,0.0,-0.010737865515199488,-0.009778577280237384,-0.2582699094128716,6.265318823382652,BALANCE,1,-4.728559174852301e-07
5.914,-0.008963048346649804,0.0,-0.007669903939428206,-0.009040541610954168,0.3690178346416077,0.737000780760515,BALANCE,1,-4.728559174852301e-07
5.916,-0.008963048346649804,0.0,-0.010737865515199488,-0.009634604977440028,-0.2970316832429298,5.797776765031152,BALANCE,1,-4.728559174852301e-07
5.918,-0.008963048346649804,0.0,-0.007669903939428206,-0.008946959614135887,0.3438226816520704,0.43180989897021194,BALANCE,1,-4.728559174852301e-07
5.92,-0.008963048346649804,0.0,-0.009203884727313847,-0.00903688340374817,-0.04496189480614112,5.598114148005634,BALANCE,1,-4.728559174852301e-07
5.922,-0.008963048346649804,0.0,-0.006135923151542565,-0.008021547315476205,0.5076680441359823,2.4806347322824562,BALANCE,1,-4.728559174852301e-07
5.924,-0.008963048346649804,0.0,-0.007669903939428206,-0.007898472133859403,0.06153759080840086,6.960990099652666,BALANCE,1,-4.728559174852301e-07
5.926,-0.008963048346649804,0.0,-0.007669903939428206,-0.00781847326580848,0.03999943402546117,3.397751289502251,BALANCE,1,-4.728559174852301e-07
5.928,-0.008963048346649804,0.0,-0.007669903939428206,-0.007766474001575381,0.025999632116549716,3.2286822726686273,BALANCE,1,-4.728559174852301e-07
5.93,-0.008963048346649804,0.0,-0.010737865515199488,-0.008806461031343814,-0.5199935148842167,3.1182505184510063,BALANCE,1,-4.728559174852301e-07
5.932,-0.008963048346649804,0.0,-0.009203884727313847,-0.008945559324933322,-0.06954914679475378,-1.3138551715475004,BALANCE,1,-4.728559174852301e-07
5.934,-0.008963048346649804,0.0,-0.010737865515199488,-0.009572866491526477,-0.3136535832965774,2.279564763687846,BALANCE,1,-4.728559174852301e-07
5.936,-0.008963048346649804,0.0,-0.009203884727313847,-0.009443722874052053,0.064571808737212,0.2871762683793624,BALANCE,1,-4.728559174852301e-07
5.938,-0.008963048346649804,0.0,-0.006135923151542565,-0.008285992971173729,0.578864951439162,3.3188392771233324,BALANCE,1,-4.728559174852301e-07
5.94,-0.008963048346649804,0.0,-0.010737865515199488,-0.00914414836158274,-0.42907769520450584,7.500991014317396,BALANCE,1,-4.728559174852301e-07
5.942,-0.008963048346649804,0.0,-0.010737865515199488,-0.0097019493653486,-0.27890050188292964,-0.6158683119288031,BALANCE,1,-4.728559174852301e-07
5.944,-0.008963048346649804,0.0,-0.009203884727313847,-0.009527626742036433,0.08716131165608342,0.5501407845447854,BALANCE,1,-4.728559174852301e-07
5.946,-0.008963048346649804,0.0,-0.009203884727313847,-0.009414317036883524,0.05665485257645448,3.487189124907213,BALANCE,1,-4.728559174852301e-07
5.948,-0.008963048346649804,0.0,-0.007669903939428206,-0.00880377245277416,0.3052722920546822,3.24805317117198,BALANCE,1,-4.728559174852301e-07
5.95,-0.008963048346649804,0.0,-0.007669903939428206,-0.008406918473103073,0.1984269898355432,5.271864607553809,BALANCE,1,-4.728559174852301e-07
5.952,-0.008963048346649804,0.0,-0.007669903939428206,-0.008148963386316866,0.1289775433931037,4.4392320448863405,BALANCE,1,-4.728559174852301e-07
5.954,-0.008963048346649804,0.0,-0.01227184630308513,-0.009591972407185755,-0.7215045104344442,3.8974839858767343,BALANCE,1,-4.728559174852301e-07
5.956,-0.008963048346649804,0.0,-0.006135923151542565,-0.008382355167710635,0.60480861973756,-2.99487138047722,BALANCE,1,-4.728559174852301e-07
5.958,-0.008963048346649804,0.0,-0.007669903939428206,-0.008132997237811782,0.12467896494942637,7.686534224233778,BALANCE,1,-4.728559174852301e-07
5.96,-0.008963048346649804,0.0,-0.010737865515199488,-0.009044701134897476,-0.4558519485428469,3.8588318622750792,BALANCE,1,-4.728559174852301e-07
5.962,-0.008963048346649804,0.0,-0.010737865515199488,-0.009637308668003178,-0.29630376655285107,-0.8419266197152275,BALANCE,1,-4.728559174852301e-07
5.964,-0.008963048346649804,0.0,-0.009203884727313847,-0.009485610288761909,0.07584918962063453,0.3969749224847958,BALANCE,1,-4.728559174852301e-07
5.966,-0.008963048346649804,0.0,-0.007669903939428206,-0.00885011306649511,0.3177486111333996,3.381403352569405,BALANCE,1,-4.728559174852301e-07
5.968,-0.008963048346649804,0.0,-0.009203884727313847,-0.008973933147781665,-0.061910040643277896,5.352958535394234,BALANCE,1,-4.728559174852301e-07
5.97,-0.008963048346649804,0.0,-0.009203884727313847,-0.009054416200617926,-0.04024152641813033,2.3064653296740647,BALANCE,1,-4.728559174852301e-07
5.972,-0.008963048346649804,0.0,-0.010737865515199488,-0.00964362346072147,-0.2946036300517721,2.4731735770649466,BALANCE,1,-4.728559174852301e-07
5.974,-0.008963048346649804,0.0,-0.010737865515199488,-0.010026608179788774,-0.19149235953365168,0.4009955876974556,BALANCE,1,-4.728559174852301e-07
5.976,-0.008963048346649804,0.0,-0.01227184630308513,-0.010812441522942496,-0.39291667157686105,1.2009013470624228,BALANCE,1,-4.728559174852301e-07
5.978,-0.008963048346649804,0.0,-0.009203884727313847,-0.010249446644472466,0.281497439235015,-0.4598056381770639,BALANCE,1,-4.728559174852301e-07
5.98,-0.008963048346649804,0.0,-0.009203884727313847,-0.009883499973466946,0.1829733355027596,4.967237051697253,BALANCE,1,-4.728559174852301e-07
5.982,-0.008963048346649804,0.0,-0.009203884727313847,-0.009645634637313358,0.11893266807679395,4.199024322104846,BALANCE,1,-4.728559174852301e-07
5.984,-0.008963048346649804,0.0,-0.007669903939428206,-0.008954128893053552,0.3457528721299034,3.699041775938874,BALANCE,1,-4.728559174852301e-07
5.986,-0.008963048346649804,0.0,-0.010737865515199488,-0.009578436710804626,-0.31215390887553723,5.553302927240727,BALANCE,1,-4.728559174852301e-07
5.988,-0.008963048346649804,0.0,-0.009203884727313847,-0.00944734351658285,0.06554659711088817,0.25067452278997626,BALANCE,1,-4.728559174852301e-07
5.99,-0.008963048346649804,0.0,-0.007669903939428206,-0.00882523966457872,0.31105192600206466,3.2782546936313697,BALANCE,1,-4.728559174852301e-07
5.992,-0.008963048346649804,0.0,-0.0046019423636569235,-0.007347085609256089,0.7390770276613158,5.277858507948113,BALANCE,1,-4.728559174852301e-07
5.994,-0.008963048346649804,0.0,-0.010737865515199488,-0.008533858576336276,-0.5933864835400934,8.789279147419629,BALANCE,1,-4.728559174852301e-07
5.996,-0.008963048346649804,0.0,-0.01227184630308513,-0.009842154280698371,-0.6541478521810479,-1.9433420919317235,BALANCE,1,-4.728559174852301e-07
5.998,-0.008963048346649804,0.0,-0.006135923151542565,-0.008544973385493836,0.6485904476022678,-2.5098992141772247,BALANCE,1,-4.728559174852301e-07
